id,drcog_id,latitude,longitude,crashtime,time,crashtype,numbkilled,numbinjurd,drcoglocat,rdconditin,lightngcon,roadcntgrd,weatherco,location,roaddescrp,schoolzone,constrzone,splimit,bikeinv,pedinv,sctrinv,motoinv,svrty,rdsystem,ttlvehcls,hcf
,2016_00763,39.678372,-104.9522535,6/21/2016 17:05,17:05,14,0,0,MILWAUKEE STREET SOUTH & EVANS AVENUE EAST,1,1,0,0,1,2,,0,25,0,0,0,0,0,4,2,7
,2016_00764,39.696705,-104.9991345,8/9/2016 11:00,11:00,15,0,0,MISSISSIPPI AVENUE WEST & JASON STREET SOUTH,1,1,0,0,1,1,,0,35,0,0,0,0,0,4,3,13
,2016_00765,39.696669,-104.9929605,11/7/2016 14:51,14:51,12,0,0,MISSISSIPPI AVENUE WEST & PLATTE RIVER DRIVE SOUTH,1,1,0,0,1,3,,0,25,0,0,0,0,0,4,2,2
,2016_00766,39.696624,-104.9850855,10/20/2016 8:45,8:45,3,0,0,MISSISSIPPI AVENUE EAST & SHERMAN STREET SOUTH,1,1,0,0,1,1,,0,25,0,0,0,0,0,4,2,13
,2016_00767,39.761964,-104.903451,7/21/2016 18:25,18:25,3,0,0,MLK BOULEVARD & QUEBEC STREET NORTH,1,1,0,7,1,1,,0,35,0,0,0,0,0,4,2,16
,2016_00768,39.743595,-104.992524,7/10/2016 22:05,22:05,12,0,0,15TH STREET 500 BLOCK & WELTON STREET,1,3,1,7,1,3,,0,30,0,0,0,0,0,4,2,1
,2016_00769,39.761973,-104.905773,12/7/2016 14:10,14:10,12,0,0,MLK BOULEVARD & PONTIAC STREET NORTH,4,1,0,7,1,1,,0,35,0,0,0,0,0,4,2,3
,2016_00770,39.760164,-104.89257,11/12/2016 22:43,22:43,3,0,0,MLK BOULEVARD & UINTA STREET NORTH,1,3,0,0,1,1,,0,35,0,0,0,0,0,4,2,13
,2016_00771,39.63799513,-104.9126831,4/4/2016 17:40,17:40,12,0,0,MONACO STREET & 3600 BLOCK SOUTH,1,1,0,0,1,4,,0,30,0,0,0,0,1,4,2,13
,2016_00772,39.750993,-104.9123925,10/31/2016 13:37,13:37,3,0,0,MONACO STREET NORTH & 23RD AVENUE EAST,1,1,0,7,1,1,,0,60,0,0,0,0,0,4,2,3
,2016_00773,39.711366,-104.912964,6/26/2016 11:49,11:49,12,0,0,MONACO PARKWAY 200 BLOCK SOUTH & ALAMEDA AVENUE EAST,1,1,0,7,1,3,,0,30,0,0,0,0,1,4,3,16
,2016_00775,39.7013317,-105.0471165,3/18/2016 11:21,11:21,12,0,0,MORRISON ROAD & ADA PLACE WEST,4,1,0,2,1,3,,0,35,0,0,0,0,0,4,2,16
,2016_00776,39.700404,-105.0481305,3/5/2016 23:00,23:00,6,0,0,MORRISON ROAD & KENTUCKY AVENUE WEST,1,3,1,0,1,4,,0,35,0,0,0,0,0,4,2,13
,2016_00777,39.703968,-105.0430905,1/21/2016 11:41,11:41,12,0,0,MORRISON ROAD & STUART STREET SOUTH,1,1,0,0,1,1,,0,30,0,0,0,0,0,4,2,7
,2016_00778,39.735027,-104.9598315,5/11/2016 17:49,17:49,6,0,0,YORK STREET & 12TH AVENUE EAST,1,1,0,0,1,4,,0,30,0,0,0,0,0,4,2,13
,2016_00779,39.702087,-105.04575,7/17/2016 2:20,2:20,15,0,0,MORRISON ROAD & UTICA STREET SOUTH,1,3,0,0,1,1,,0,35,0,0,0,0,0,4,2,13
,2016_00780,39.68037,-105.0041025,6/3/2016 18:00,18:00,6,0,0,NAVAJO STREET SOUTH & ASBURY AVENUE WEST,1,1,0,0,1,4,,0,25,0,0,0,0,0,4,2,5
,2016_00781,39.78215551,-105.036944,9/19/2016 17:15,17:15,6,0,0,NEWTON STREET & 395 SOUTH,1,1,0,0,1,4,,0,25,0,0,0,0,1,4,2,14
,2016_00782,39.711384,-104.906493,10/14/2016 16:51,16:51,3,0,0,OLIVE WAY SOUTH & ALAMEDA AVENUE EAST,1,1,0,7,1,3,,0,35,0,0,0,0,1,4,5,14
,2016_00783,39.738663,-104.908131,11/18/2016 14:58,14:58,12,0,0,ONEIDA STREET NORTH & 14TH AVENUE EAST,1,1,0,0,1,1,,0,30,0,0,0,0,0,4,2,13
,2016_00784,39.793509,-104.903334,7/14/2016 12:45,12:45,15,0,0,53RD PLACE EAST & QUEBEC STREET NORTH,1,1,0,0,1,1,,0,40,0,0,0,0,0,4,2,8
,2016_00785,39.765726,-104.9948415,9/21/2016 19:55,19:55,3,0,0,PARK AVENUE WEST & GLOBEVILLE ROAD NORTH,1,3,1,0,1,1,,0,35,0,0,0,0,0,4,2,13
,2016_00786,39.751056,-104.9828805,7/16/2016 14:18,14:18,3,0,0,PARK AVENUE WEST & WELTON STREET,1,1,0,0,1,1,,0,30,0,0,0,0,0,4,2,13
,2016_00787,39.689379,-104.9804415,4/24/2016 19:25,19:25,6,0,0,PEARL STREET 1400 BLOCK SOUTH & FLORIDA AVENUE EAST,1,2,0,1,1,4,,0,5,0,0,0,0,0,4,3,7
,2016_00788,39.70575,-105.006222,6/2/2016 16:21,16:21,6,0,0,PECOS STREET SOUTH & CENTER AVENUE WEST,1,1,0,0,2,2,,0,25,0,0,0,0,1,4,2,12
,2016_00789,39.844602,-104.6809395,12/26/2016 9:24,9:24,9,0,0,PENA BOULEVARD & 7700 BLOCK,1,1,1,0,1,4,,0,45,0,0,0,0,0,4,2,8
,2016_00790,39.844602,-104.6809395,4/18/2016 17:28,17:28,12,0,0,PENA BOULEVARD INBOUND & 8100 BLOCK,1,1,0,0,1,4,,0,5,0,0,0,0,0,4,2,7
,2016_00791,39.769452,-104.846481,1/4/2016 12:28,12:28,12,0,0,PEORIA STREET 3800 BLOCK NORTH & 39TH AVENUE EAST,1,1,0,0,1,4,,0,35,0,0,0,0,0,4,2,13
,2016_00792,39.771063,-104.8470435,2/10/2016 8:55,8:55,12,0,0,PEORIA STREET NORTH & 39TH AVENUE EAST,1,1,0,7,1,4,,0,35,0,0,0,0,0,4,2,1
,2016_00793,39.778047,-104.8471245,12/5/2016 21:51,21:51,12,0,0,PEORIA STREET NORTH & 45TH AVENUE EAST,1,3,0,7,1,1,,0,,0,0,0,0,0,4,2,5
,2016_00794,39.782385,-104.847093,2/19/2016 11:00,11:00,15,0,0,PEORIA STREET NORTH & 47TH AVENUE EAST,1,1,0,0,1,1,,0,45,0,0,0,0,0,4,2,13
,2016_00795,39.784005,-104.84712,10/7/2016 22:20,22:20,12,0,0,PEORIA STREET 4700 BLOCK NORTH & ALBROOK DRIVE EAST,1,3,0,0,1,4,,0,35,0,0,0,0,1,4,2,1
,2016_00796,39.774204,-104.84712,1/26/2016 11:50,11:50,15,0,0,PEORIA STREET NORTH & I70,1,1,0,0,1,4,,0,40,0,0,0,0,0,4,2,13
,2016_00797,39.689217,-105.0003,10/1/2016 16:37,16:37,15,0,0,PLATTE RIVER DRIVE SOUTH & FLORIDA AVENUE WEST,1,1,0,7,1,1,,0,30,0,0,0,0,0,4,2,16
,2016_00798,39.741957,-104.903451,8/1/2016 12:29,12:29,12,0,0,QUEBEC STREET NORTH & 16TH AVENUE EAST,1,1,0,7,1,4,,0,30,0,0,0,0,1,4,2,7
,2016_00799,39.75105938,-104.9033846,10/6/2016 8:35,8:35,15,0,0,QUEBEC STREET 2300 BLOCK NORTH & 24TH AVENUE EAST,2,1,0,1,1,1,,0,30,0,0,0,0,0,4,2,13
,2016_00800,39.767382,-104.90346,6/15/2016 12:33,12:33,12,0,0,QUEBEC STREET NORTH & 36TH AVENUE EAST,1,1,0,7,1,1,,0,45,0,0,0,1,1,4,2,16
,2016_00801,39.662973,-104.902524,6/4/2016 17:19,17:19,5,0,0,QUEBEC STREET 3000 BLOCK SOUTH & CORNELL AVENUE EAST,1,1,1,7,3,4,,0,30,0,0,0,0,0,4,1,1
,2016_00802,39.698523,-104.903541,1/29/2016 12:11,12:11,15,0,0,QUEBEC STREET SOUTH & LEETSDALE DRIVE,1,1,1,0,1,4,,0,30,0,0,0,0,0,4,2,13
,2016_00803,39.695652,-104.903595,12/30/2016 8:08,8:08,3,0,0,QUEBEC STREET SOUTH & MISSISSIPPI AVENUE EAST,1,1,0,7,1,1,,0,30,0,0,0,0,0,4,2,16
,2016_00804,39.72767596,-104.9017002,7/8/2016 10:40,10:40,12,0,0,QUINCE STREET NORTH & 29TH DRIVE EAST,1,1,0,0,1,2,,0,25,0,0,0,0,0,4,2,8
,2016_00805,39.752343,-105.007563,3/7/2016 12:10,12:10,9,0,0,SPEER BOULEVARD NORTH & ELITCH CIRCLE,2,1,0,1,3,1,,0,35,0,0,0,0,0,4,1,14
,2016_00806,39.638736,-105.072246,3/14/2016 9:30,9:30,15,0,0,QUINCY AVENUE WEST & PIERCE STREET SOUTH,1,1,0,0,1,1,,0,30,0,0,0,0,0,4,2,13
,2016_00807,39.639762,-105.05331,11/15/2016 12:55,12:55,15,0,0,QUINCY AVENUE WEST & SHERIDAN BOULEVARD NORTH,1,1,0,0,1,1,,0,35,0,0,0,0,0,4,2,7
,2016_00808,39.639492,-105.0519735,7/13/2016 8:30,8:30,15,0,0,QUINCY & ZENOBIA,1,1,0,0,1,1,,0,35,0,0,0,0,0,4,2,13
,2016_00809,39.745206,-105.0095835,2/16/2016 12:50,12:50,12,0,0,SEVENTH STREET & AURARIA PARKWAY,1,1,0,7,1,1,,0,25,0,0,0,0,0,4,2,16
,2016_00810,39.74499759,-104.9993572,5/24/2016 17:37,17:37,12,0,0,EIGHTH STREET 1000 BLOCK & ARAPAHOE STREET,1,1,0,7,1,3,,0,30,0,0,0,0,0,4,2,16
,2016_00811,39.749319,-104.9903145,7/14/2016 16:39,16:39,12,0,0,19TH STREET & CHAMPA STREET,1,1,0,7,1,3,,0,30,0,0,0,0,0,4,2,8
,2016_00812,39.75762822,-104.9985991,12/6/2016 13:00,13:00,12,0,0,20TH STREET & 1900 BLOCK,1,1,0,0,1,3,,0,30,0,0,0,0,0,4,2,13
,2016_00813,39.752262,-104.991804,4/8/2016 18:53,18:53,12,0,0,20TH STREET 1100 BLOCK & LAWRENCE STREET,1,2,0,0,1,3,,0,30,0,0,0,0,0,4,2,13
,2016_00814,39.759579,-105.0017805,2/13/2016 17:00,17:00,5,0,0,20TH STREET & LITTLE RAVEN STREET,1,1,1,0,2,1,,0,30,0,0,0,0,0,4,1,7
,2016_00816,39.756141,-104.991912,9/12/2016 9:00,9:00,12,0,0,22ND STREET & BLAKE STREET,1,1,0,0,1,1,,0,30,0,0,0,0,0,4,2,13
,2016_00817,39.756807,-104.980644,3/18/2016 18:20,18:20,12,0,0,27TH STREET & CHAMPA STREET,2,1,0,7,1,3,,0,25,0,0,0,0,0,4,2,14
,2016_00818,39.760128,-104.9850315,8/8/2016 22:26,22:26,15,0,0,27TH STREET & WALNUT STREET,1,3,1,7,1,4,,0,25,0,0,0,0,0,4,2,8
,2016_00819,39.766014,-104.975712,12/2/2016 8:57,8:57,3,0,0,34TH STREET & LARIMER STREET,1,1,1,7,1,5,,0,20,0,0,0,0,0,4,2,1
,2016_00820,39.774942,-104.9780205,2/21/2016 23:45,23:45,12,0,0,38TH STREET & ARKINS COURT,1,3,0,7,1,1,,0,30,0,0,0,0,0,4,2,8
,2016_00821,39.733803,-104.9985315,12/22/2016 8:02,8:02,15,0,0,SANTA FE DRIVE 1100 BLOCK NORTH & 12TH AVENUE WEST,1,1,0,7,1,3,,0,30,0,0,0,0,0,4,2,8
,2016_00822,39.650499,-105.053085,10/24/2016 10:35,10:35,12,0,0,SHERIDAN BOULEVARD SOUTH & KENYON AVENUE WEST,1,1,0,7,1,1,,0,35,0,0,0,0,0,4,2,16
,2016_00823,39.763215,-105.0096105,2/4/2016 9:07,9:07,6,0,0,SHOSHONE STREET & 33RD AVENUE WEST,4,1,0,2,1,4,,0,25,0,0,0,0,0,4,2,14
,2016_00824,39.771774,-104.903442,4/17/2016 15:00,15:00,3,0,0,SMITH ROAD EAST & QUEBEC STREET NORTH,2,1,0,2,1,1,,0,45,0,0,0,0,0,4,2,16
,2016_00825,39.765636,-105.01119,9/12/2016 15:00,15:00,6,0,0,TEJON STREET NORTH & 35TH AVENUE WEST,1,1,0,0,1,4,,0,,0,0,0,0,0,4,2,13
,2016_00826,39.736863,-104.996484,10/31/2016 14:20,14:20,12,0,0,SPEER BOULEVARD NORTH & 13TH AVENUE WEST,1,1,0,7,1,3,,0,30,0,0,0,0,0,4,2,12
,2016_00827,39.742263,-104.9993505,4/9/2016 1:20,1:20,5,0,0,SPEER BOULEVARD NORTH & CHAMPA STREET,1,3,0,0,2,4,,0,35,0,0,0,0,0,4,1,13
,2016_00828,39.71835,-104.9745915,12/26/2016 17:35,17:35,3,0,2,SPEER BOULEVARD EAST & CORONA STREET NORTH,1,1,0,0,1,1,,0,30,0,0,0,0,2,4,2,13
,2016_00829,39.733038,-104.99292,2/2/2016 15:46,15:46,6,0,0,SPEER BOULEVARD & DELAWARE STREET,4,1,0,0,1,4,,0,30,0,0,0,0,0,4,2,13
,2016_00830,39.723435,-104.983794,3/21/2016 10:54,10:54,15,0,0,SPEER BOULEVARD EAST & GRANT STREET NORTH,1,1,0,7,1,1,,0,25,0,0,0,0,0,4,2,16
,2016_00831,39.741426,-104.9988915,3/12/2016 18:51,18:51,12,0,0,SPEER BOULEVARD NORTH & STOUT STREET,1,3,0,7,1,1,,0,35,0,0,0,0,0,4,2,1
,2016_00832,39.750192,-105.0047415,7/16/2016 11:40,11:40,12,0,0,SPEER BOULEVARD NORTH & WEWATTA STREET,1,1,0,7,1,1,,0,30,0,0,0,0,0,4,2,16
,2016_00833,39.75633,-105.015852,2/3/2016 7:45,7:45,12,0,0,SPEER BOULEVARD NORTH & ZUNI STREET,5,1,0,2,1,3,,0,35,0,0,0,0,0,4,2,14
,2016_00834,39.717792,-104.9508225,10/21/2016 18:33,18:33,15,0,0,STEELE STREET NORTH & FIRST AVENUE EAST,1,3,1,7,1,4,,0,35,0,0,0,0,0,4,2,16
,2016_00835,39.74384859,-104.9955888,11/25/2016 0:53,0:53,5,0,0,STOUT STREET & 1200 BLOCK,1,2,0,0,3,4,,0,,0,0,0,0,1,4,1,13
,2016_00836,39.741426,-104.9988915,3/8/2016 13:12,13:12,15,0,0,STOUT STREET EASTBOUND & SPEER BOULEVARD,1,1,0,7,1,3,,0,35,0,0,0,0,0,4,2,14
,2016_00837,39.78261899,-105.0427634,7/9/2016 12:00,12:00,6,0,0,STUART STREET & 5100 NORTH,1,1,0,0,1,4,,0,25,0,0,0,0,0,4,3,13
,2016_00838,39.638232,-104.8948605,1/15/2016 15:01,15:01,1,0,1,TAMARAC PARKWAY SOUTH & QUINCY AVENUE EAST,1,1,1,0,1,2,,0,35,0,0,0,0,2,4,2,13
,2016_00839,39.638232,-104.8948605,6/30/2016 8:56,8:56,12,0,0,TAMARAC PARKWAY 4400 BLOCK SOUTH & QUINCY AVENUE EAST,1,1,0,7,1,4,,0,35,0,0,0,0,0,4,2,16
,2016_00840,39.769272,-105.0111945,2/27/2016 12:11,12:11,5,0,0,38TH AVENUE WEST & TEJON STREET NORTH,1,1,0,0,2,1,,0,35,0,0,0,0,1,4,2,2
,2016_00841,39.81105,-104.772213,6/7/2016 8:15,8:15,15,0,0,TOWER ROAD NORTH & 63RD AVENUE EAST,1,1,0,7,1,4,,0,45,0,0,0,0,1,4,2,16
,2016_00842,39.8183246,-104.7718848,3/27/2016 12:55,12:55,12,0,0,TOWER ROAD 6700 BLOCK NORTH & 67TH AVENUE EAST,1,1,0,7,1,4,,0,40,0,0,0,0,1,4,2,3
,2016_00843,39.825486,-104.7719655,6/15/2016 7:15,7:15,1,0,0,TOWER ROAD NORTH & 71ST AVENUE EAST,1,1,0,7,1,1,,0,40,0,0,0,0,0,4,2,16
,2016_00844,39.783609,-104.772222,4/19/2016 6:45,6:45,12,0,0,TOWER ROAD NORTH & GREEN VALLEY RANCH BOULEVARD EAST,2,1,0,1,1,1,,0,40,0,0,0,0,0,4,3,1
,2016_00845,39.783825,-104.840523,8/9/2016 22:22,22:22,5,0,0,TULSA COURT NORTH & ELGIN PLACE EAST,1,3,0,0,2,1,,0,25,0,0,0,0,0,4,1,5
,2016_00846,39.793923,-104.893632,1/26/2016 8:10,8:10,3,0,0,UNITA STREET NORTH & PRAIRIE MEADOW DRIVE EAST,1,1,0,7,1,1,,0,25,0,0,0,0,0,4,2,16
,2016_00847,39.719412,-104.95944,1/21/2016 17:22,17:22,12,0,0,UNIVERSITY BOULEVARD NORTH & SECOND AVENUE EAST,1,3,0,7,1,4,,0,35,0,0,0,0,0,4,2,3
,2016_00848,39.678363,-104.959404,4/19/2016 12:03,12:03,12,0,0,UNIVERSITY BOULEVARD 2100 BLOCK SOUTH & EVANS AVENUE EAST,1,1,0,7,1,3,,0,30,0,0,0,0,1,4,3,3
,2016_00849,39.678363,-104.959404,11/18/2016 20:19,20:19,3,0,0,UNIVERSITY BOULEVARD SOUTH & EVANS AVENUE EAST,1,3,0,7,1,1,,0,30,0,0,0,0,0,4,2,2
,2016_00850,39.671208,-104.9593905,11/6/2016 20:40,20:40,3,0,0,UNIVERSITY BOULEVARD SOUTH & HARVARD AVENUE EAST,1,4,0,0,1,2,,0,,0,0,0,0,0,4,2,14
,2016_00851,39.700224,-104.959323,3/10/2016 16:05,16:05,12,0,0,UNIVERSITY BL 800 BLOCK SOUTH & KENTUCKY AVENUE EAST,1,1,1,7,1,4,,0,30,0,0,0,0,0,4,2,3
,2016_00852,39.778506,-104.9790915,6/17/2016 20:30,20:30,12,0,0,WASHINGTON STREET 4500 BLOCK NORTH & 45TH AVENUE EAST,1,3,0,7,1,4,,0,35,0,0,0,0,0,4,2,3
,2016_00853,39.769218,-104.8330125,9/22/2016 13:54,13:54,15,0,0,WHEELING STREET 3700 BLOCK NORTH & 38TH AVENUE EAST,1,1,0,0,1,4,,0,30,0,0,0,0,0,4,2,7
,2016_00854,39.638151,-104.912532,4/9/2016 5:43,5:43,5,0,0,HAPPY CANYON ROAD & MONACO STREET SOUTH,1,3,0,7,4,1,,0,30,0,0,0,0,0,4,1,16
,2016_00855,39.644289,-104.8903875,11/14/2016 8:33,8:33,6,0,0,WHITING WAY 3900 BLOCK SOUTH & MANSFIELD AVENUE EAST,1,1,0,0,1,4,,0,25,0,0,0,0,0,4,2,4
,2016_00857,39.751812,-105.0005205,7/1/2016 22:30,22:30,15,0,0,WYNKOOP STREET 1600 BLOCK & 16TH STREET,1,3,0,0,1,4,,0,30,0,0,0,0,0,4,2,13
,2016_00858,39.667455,-104.936211,11/18/2016 16:34,16:34,15,0,0,YALE AVENUE 4500 BLOCK EAST & CLERMONT DRIVE SOUTH,5,1,0,0,1,4,,0,35,0,0,0,0,0,4,2,1
,2016_00859,39.667491,-104.866164,10/18/2016 18:19,18:19,6,0,0,YALE AVENUE 10300 BLOCK EAST & HAVANA STREET SOUTH,1,2,1,0,1,4,,0,30,0,0,0,0,0,4,2,14
,2016_00860,39.667689,-104.9711625,5/13/2016 16:30,16:30,12,0,0,YALE AVENUE EAST & LAFAYETTE STREET SOUTH,1,1,0,7,1,1,,0,30,0,0,0,0,0,4,2,16
,2016_00861,39.667464,-104.9286105,12/1/2016 14:45,14:45,10,0,0,YALE CIRCLE EAST & YALE AVENUE EAST,1,1,1,0,1,1,,0,25,0,0,0,0,0,4,2,3
,2016_00862,39.758472,-105.050916,4/29/2016 16:50,16:50,3,0,0,YATES STREET NORTH & 29TH AVENUE WEST,2,1,1,2,1,1,,0,25,0,0,0,0,0,4,2,13
,2016_00863,39.741948,-104.8846725,10/19/2016 15:33,15:33,3,0,0,YOSEMITE STREET NORTH & 16TH AVENUE EAST,1,1,0,7,1,1,,0,25,0,0,0,0,0,4,2,8
,2016_00864,39.624192,-104.885334,12/29/2016 10:50,10:50,12,0,1,YOSEMITE STREET 5000 BLOCK SOUTH & BELLEVIEW AVENUE EAST,1,1,0,7,1,3,,0,35,0,0,0,0,2,4,2,16
,2016_01136,39.705669,-105.0391305,3/9/2016 21:45,21:45,5,0,0,CENTER AVENUE WEST & PATTON COURT SOUTH,1,4,0,0,3,1,,0,25,0,0,0,0,0,4,1,9
,2016_01140,39.76533298,-105.03929,12/6/2016 5:46,5:46,5,0,0,PERRY STREET & 540 NORTH,1,3,0,0,3,4,,0,30,0,0,0,0,0,4,1,13
,2016_01222,39.729276,-105.0251625,9/17/2016 14:15,14:15,12,0,0,FEDERAL BOULEVARD NORTH & SIXTH AVENUE WEST,1,1,0,0,1,3,,0,35,0,0,0,0,0,2,2,13
,2016_01224,39.65175,-105.053202,8/19/2016 14:49,14:49,12,0,0,SHERIDAN BOULEVARD SOUTH & HAMPDEN AVENUE SOUTH FRONTAGE ROAD,1,1,0,0,1,4,,0,35,0,0,0,0,1,2,2,7
,2016_01258,39.729069,-104.972958,3/17/2016 7:49,7:49,12,0,0,EIGHTH AVENUE & DOWNING STREET,1,1,0,7,1,4,,0,30,0,0,0,0,0,4,2,16
,2016_01363,39.83338151,-104.771988,8/16/2016 13:45,13:45,5,0,0,PENA BOULEVARD & TOWER ROAD,1,1,0,0,2,4,,1,,0,0,0,0,1,4,1,8
,2016_01389,39.747339,-104.9874345,12/5/2016 7:30,7:30,15,0,0,BROADWAY NORTH & WELTON STREET,1,1,0,7,1,4,,0,30,0,0,0,0,0,4,2,1
,2016_01391,39.71715983,-105.0086025,2/17/2016 18:00,18:00,5,0,0,RARITAN STREET & 4400 NORTH,1,3,1,0,3,2,,0,25,0,0,0,0,0,4,1,14
,2016_01431,39.76537129,-105.040494,11/20/2016 16:38,16:38,6,0,0,QUITMAN STREET & 4545 NORTH,1,1,0,0,1,4,,0,25,0,0,0,0,0,4,2,13
,2016_01456,39.71651421,-104.9803291,9/13/2016 15:00,15:00,6,0,0,ELLSWORTH AVENUE EAST & 800 BLOCK,1,1,0,0,1,4,,0,25,0,0,0,0,0,4,2,14
,2016_01596,39.74001,-104.99202,5/16/2016 10:04,10:04,5,0,0,11TH AVENUE & 2700 BLOCK WEST,2,1,0,1,5,7,,0,25,0,0,0,0,0,3,1,14
,2016_01599,39.76507521,-104.8781931,12/29/2016 1:23,1:23,5,0,0,35TH AVENUE & 8800 BLOCK EAST APPROXIMATELY,5,3,1,0,3,4,,0,,0,0,0,0,0,4,3,13
,2016_01624,39.790107,-104.8660335,4/12/2016 2:00,2:00,5,0,0,51ST AVENUE EAST & HAVANA STREET,1,3,0,0,3,4,,0,30,0,0,0,0,0,4,1,13
,2016_01643,39.725595,-104.9429115,7/18/2016 16:10,16:10,6,0,0,JACKSON STREET NORTH & SIXTH AVENUE EAST,1,1,1,0,1,4,,0,25,0,0,0,0,0,4,2,3
,2016_01654,39.724101,-104.9823855,9/26/2016 18:35,18:35,3,0,0,FIFTH AVENUE EAST & LOGAN STREET NORTH,1,2,0,0,1,1,,0,25,0,0,0,0,0,4,2,16
,2016_01682,39.722535,-104.9862825,10/8/2016 9:37,9:37,6,0,0,FOURTH AVENUE EAST & LINCOLN STREET NORTH,1,1,0,0,1,4,,0,25,0,0,0,0,0,4,2,13
,2016_01683,39.758454,-105.022053,1/11/2016 14:48,14:48,3,0,0,DECATUR STREET NORTH & 29TH AVENUE WEST,1,1,1,0,1,1,,0,25,0,0,0,0,1,4,2,13
,2016_01684,39.670128,-105.0813585,4/15/2016 17:43,17:43,12,0,0,VASSAR AVENUE WEST & WADSWORTH BOULEVARD SOUTH,2,1,1,1,1,1,,0,35,0,0,0,0,0,4,2,3
,2016_01685,39.75487798,-104.9708835,8/18/2016 20:00,20:00,6,0,0,LAFAYETTE STREET & 400 BLOCK SOUTH,1,3,0,0,1,4,,0,30,0,0,0,0,0,4,2,13
,2016_01686,39.748509,-105.0031305,8/19/2016 15:09,15:09,12,0,0,SPEER BOULEVARD NORTHBOUND & BLAKE STREET,1,1,0,0,1,1,,0,35,0,0,0,0,0,4,2,13
,2016_01687,39.738438,-104.983623,8/22/2016 16:26,16:26,12,0,0,GRANT STREET NORTH & 14TH AVENUE EAST,1,1,0,0,1,1,,0,30,0,0,0,0,0,4,2,7
,2016_01688,39.733704,-104.9798835,8/23/2016 15:30,15:30,6,0,0,PEARL STREET & 11TH AVENUE EAST,1,1,0,0,1,4,,0,30,0,0,0,0,0,4,2,13
,2016_01689,39.771063,-104.8470435,8/24/2016 10:55,10:55,12,0,0,PEORIA STREET & 39TH AVENUE EAST,1,1,0,0,1,4,,0,40,0,0,0,0,0,4,2,3
,2016_01691,39.78378,-104.809653,8/29/2016 19:22,19:22,12,0,0,GREEN VALLEY RANCH BOULEVARD EAST & CHAMBERS ROAD NORTH,2,2,0,1,1,3,,0,40,0,0,0,0,0,4,2,13
,2016_01692,39.783762,-104.798043,8/30/2016 7:20,7:20,13,0,1,GREEN VALLEY RANCH BOULEVARD & MEMPHIS NORTH,1,1,0,0,1,1,,0,25,0,0,0,0,2,4,2,14
,2016_01693,39.733713,-104.970654,8/31/2016 13:07,13:07,6,0,0,11TH AVENUE & LAFAYETTE STREET NORTH,1,1,0,0,1,4,,0,25,0,0,0,0,0,4,2,3
,2016_01694,39.78954,-104.772231,9/27/2016 7:57,7:57,3,0,1,51ST AVENUE EAST & TOWER ROAD NORTH,1,1,0,0,1,1,,0,40,0,0,0,0,2,4,2,13
,2016_01695,39.708135,-104.879142,8/31/2016 18:40,18:40,12,0,0,ALAMEDA AVENUE & CLINTON STREET SOUTH,1,1,0,0,1,3,,0,35,0,0,0,0,0,4,3,3
,2016_01696,39.692997,-104.9792715,9/1/2016 10:31,10:31,3,0,0,WASHINGTON STREET SOUTH & LOUISIANA AVENUE EAST,1,1,1,0,1,1,,0,25,0,0,0,0,0,4,2,13
,2016_01697,39.716514,-104.982633,9/4/2016 12:50,12:50,12,0,0,LOGAN STREET & LOGAN STREET NORTH,1,1,0,0,1,4,,0,,0,0,0,0,0,4,2,13
,2016_01698,39.791637,-104.7648735,9/4/2016 21:30,21:30,6,0,0,53RD AVENUE & CATHAY STREET NORTH,1,3,0,0,1,4,,0,25,0,0,0,0,1,4,3,12
,2016_01699,39.733623,-104.9941215,9/10/2016 9:25,9:25,12,0,0,11TH AVENUE WEST & SPEER BOULEVARD,1,1,0,0,1,1,,0,30,0,0,0,0,0,4,2,13
,2016_01700,39.743802,-104.9566815,9/10/2016 14:06,14:06,12,0,0,17TH AVENUE EAST & ESPLANADE PARKWAY NORTH,1,1,0,0,1,3,,0,30,0,0,0,0,0,4,2,14
,2016_01701,39.798396,-104.7873105,9/13/2016 11:50,11:50,12,0,0,PENA BOULEVARD SOUTHBOUND SLIP OFF & 56TH AVENUE EAST,1,1,1,0,1,14,,0,35,0,0,0,0,0,4,2,8
,2016_01702,39.678525,-104.9640525,9/13/2016 12:25,12:25,12,0,0,EVANS AVENUE & RACE STREET SOUTH,1,1,0,0,1,4,,0,35,0,0,0,0,0,4,2,13
,2016_01703,39.747438,-104.8940235,9/13/2016 17:20,17:20,12,0,0,MONTEVIEW BOULEVARD & ULSTER STREET NORTH,1,1,0,0,1,4,,0,30,0,0,0,0,0,4,2,3
,2016_01704,39.732867,-104.930415,9/13/2016 19:26,19:26,3,0,0,11TH AVENUE EAST & EUDORA STREET NORTH,1,1,1,0,1,1,,0,30,0,0,0,0,0,4,2,13
,2016_01705,39.748185,-104.9864445,12/31/2016 15:59,15:59,10,0,0,20TH STREET & WELTON STREET,1,2,1,0,1,1,,0,30,0,0,0,0,0,4,2,13
,2016_01706,39.691422,-104.912901,9/16/2016 14:00,14:00,12,0,0,CHERRY CREEK DRIVE SOUTH & MONACO STREET SOUTH,1,1,0,0,1,3,,0,30,0,0,0,0,0,4,2,13