id,drcog_id,latitude,longitude,crashtime,time,crashtype,numbkilled,numbinjurd,drcoglocat,rdconditin,lightngcon,roadcntgrd,weatherco,location,roaddescrp,schoolzone,constrzone,splimit,bikeinv,pedinv,sctrinv,motoinv,svrty,rdsystem,ttlvehcls,hcf
,2016_01707,39.74274,-105.0252615,9/18/2016 17:25,17:25,12,0,0,16TH AVENUE WEST & FEDERAL BOULEVARD NORTH,1,1,0,0,1,4,,0,25,0,0,0,0,0,4,2,13
,2016_01708,39.711123,-104.981544,9/27/2016 11:43,11:43,10,0,0,ALAMEDA AVENUE EAST & PENNSYLVANIA STREET SOUTH,1,1,1,0,1,1,,0,30,0,0,0,0,0,4,2,13
,2016_01709,39.769272,-105.006456,9/30/2016 13:35,13:35,6,0,0,PECOS STREET & 38TH AVENUE WEST,1,1,0,0,1,4,,0,25,0,0,0,0,0,4,2,14
,2016_01710,39.753333,-104.995521,10/1/2016 20:02,20:02,3,0,1,19TH STREET & BLAKE STREET,1,3,0,0,1,1,,0,30,0,0,0,0,2,4,2,5
,2016_01711,39.776553,-105.0463125,10/3/2016 8:10,8:10,15,0,0,44TH AVENUE 4500 BLOCK WEST & VRAIN STREET WEST,1,3,0,0,1,4,,0,30,0,0,0,0,0,4,2,13
,2016_01712,39.738402,-104.970681,10/5/2016 10:11,10:11,10,0,0,14TH AVENUE EAST & LAFAYETTE STREET,1,1,0,0,1,1,,0,30,0,0,0,0,0,4,2,13
,2016_01713,39.703851,-104.95935,11/5/2016 10:15,10:15,12,0,0,UNIVERSITY BOULEVARD SOUTH & EXPOSITION AVENUE EAST,1,1,0,0,1,3,,0,35,0,0,0,0,0,4,2,13
,2016_01714,39.701943,-104.8753215,11/28/2016 21:03,21:03,12,0,0,DAYTON STREET SOUTH & ALTON WAY SOUTH,1,3,0,0,1,1,,0,30,0,0,0,0,1,4,2,3
,2016_01715,39.678498,-104.987565,12/9/2016 17:20,17:20,15,0,0,EVANS AVENUE WEST & BROADWAY SOUTH,1,3,0,0,1,1,,0,35,0,0,0,0,0,4,2,13
,2016_01716,39.718026,-104.9522265,3/5/2016 13:00,13:00,1,0,0,FIRST AVENUE EAST & MILWAUKEE STREET NORTH,1,1,0,0,1,1,,0,30,0,0,0,0,0,4,2,13
,2016_01717,39.717909,-104.951223,5/1/2016 11:40,11:40,8,0,0,FIRST AVENUE EAST & STREET PAUL STREET NORTH,2,1,0,1,1,1,,0,35,0,0,0,0,1,4,2,15
,2016_01718,39.72006603,-104.9713693,9/12/2016 13:27,13:27,6,0,0,THIRD AVENUE EAST & 000 BLOCK,1,1,0,0,1,2,,0,25,0,0,0,0,0,4,2,1
,2016_01719,39.720924,-104.982615,3/30/2016 17:27,17:27,3,0,0,THIRD AVENUE EAST & LOGAN STREET NORTH,2,1,0,4,1,3,,0,25,0,0,0,0,0,4,2,14
,2016_01720,39.720915,-104.99859,8/5/2016 9:43,9:43,15,0,0,THIRD AVENUE WEST & SANTE FE DRIVE NORTH,1,1,1,0,1,2,,0,25,0,0,0,0,0,4,2,1
,2016_01721,39.720924,-104.985,4/29/2016 15:00,15:00,6,0,0,THIRD AVENUE & SHERMAN STREET SOUTH,2,1,0,2,1,4,,0,30,0,0,0,0,0,4,2,13
,2016_01722,39.720978,-104.9498145,11/21/2016 11:29,11:29,12,0,0,THIRD AVENUE EAST & STEELE STREET,1,1,0,0,1,5,,0,25,0,0,0,0,0,4,2,13
,2016_01723,39.722535,-104.9522175,1/8/2016 12:10,12:10,3,0,0,FOURTH AVENUE EAST & MILWAUKEE STREET NORTH,5,1,1,2,1,1,,0,25,0,0,0,0,0,4,2,13
,2016_01724,39.722058,-105.025068,10/23/2016 12:45,12:45,6,0,0,FOURTH AVENUE WEST & FEDERAL BOULEVARD SOUTH,1,1,0,0,1,2,,0,25,0,0,0,0,0,4,2,13
,2016_01725,39.725316,-104.9348655,8/19/2016 14:15,14:15,10,0,0,SIXTH AVENUE EAST & 201 EAST SIXTH AVENUE,1,1,0,0,1,2,,0,30,0,0,0,0,0,4,2,13
,2016_01726,39.725316,-104.922801,8/18/2016 8:46,8:46,3,0,0,SIXTH AVENUE EAST & HOLLY STREET NORTH,1,1,0,0,1,1,,0,30,0,0,0,0,0,4,2,13
,2016_01727,39.72564,-104.982381,11/8/2016 23:00,23:00,15,0,0,SIXTH AVENUE EAST & LOGAN STREET,1,3,0,0,1,1,,0,35,0,0,0,0,0,4,2,13
,2016_01728,39.725658,-104.984865,11/13/2016 9:15,9:15,15,0,0,SIXTH AVENUE 100 BLOCK EAST & SHERMAN STREET NORTH,1,1,0,7,1,4,,0,30,0,0,0,0,0,4,2,16
,2016_01729,39.727287,-104.984883,5/8/2016 17:09,17:09,1,0,0,SEVENTH AVENUE EAST & SHERMAN STREET NORTH,1,1,0,7,1,5,,0,30,0,0,0,0,0,4,2,1
,2016_01730,39.728943,-105.000183,1/5/2016 18:33,18:33,12,0,0,EIGHTH AVENUE WEST & KALAMATH STREET NORTH,1,3,0,0,1,4,,0,35,0,0,0,0,0,4,2,13
,2016_01731,39.733704,-104.9810535,7/12/2016 15:50,15:50,3,0,0,11TH AVENUE EAST & PENNSYLVANIA STREET NORTH,1,1,0,7,1,1,,0,25,0,0,0,0,0,4,2,16
,2016_01732,39.732885,-104.9034735,8/5/2016 15:41,15:41,1,0,0,11TH AVENUE EAST & QUEBEC STREET,1,1,0,7,1,1,,0,30,0,0,0,0,0,4,2,16
,2016_01733,39.735243,-104.9873805,7/8/2016 11:05,11:05,1,0,0,12TH AVENUE EAST & BROADWAY STREET NORTH,1,1,0,0,1,1,,0,30,0,0,0,0,1,4,2,13
,2016_01734,39.735072,-104.9586525,11/23/2016 12:52,12:52,12,0,0,12TH AVENUE EAST & JOSEPHINE STREET NORTH,1,1,1,7,1,4,,0,30,0,0,0,0,0,4,2,16
,2016_01735,39.735144,-104.975271,9/10/2016 18:25,18:25,1,0,0,12TH AVENUE EAST & OGDEN STREET NORTH,1,2,0,0,1,1,,0,30,0,0,0,0,0,4,2,13
,2016_01736,39.736845,-104.9873715,9/16/2016 10:40,10:40,15,0,0,13TH AVENUE WEST & 13TH AVENUE 500 BLOCK WEST,1,1,0,0,1,4,,0,30,0,0,0,0,0,4,2,7
,2016_01737,39.73686833,-104.9711579,8/9/2016 22:40,22:40,6,0,0,13TH AVENUE EAST & 1400 BLOCK,1,3,0,0,1,4,,0,30,0,0,0,0,0,4,2,13
,2016_01738,39.73686833,-104.9711579,9/16/2016 11:59,11:59,6,0,0,13TH AVENUE & 2900 BL EAST,1,1,0,0,1,4,,0,30,0,0,0,0,0,4,2,13
,2016_01739,39.736845,-104.9684625,4/6/2016 8:00,8:00,12,0,0,13TH AVENUE EAST & FRANKLIN STREET NORTH,1,1,0,7,1,3,,0,30,0,0,0,0,0,4,4,16
,2016_01740,39.736494,-104.9246235,7/9/2016 23:29,23:29,3,0,0,13TH AVENUE EAST & GRAPE STREET NORTH,1,3,0,7,1,1,,0,25,0,0,0,0,0,4,2,16
,2016_01741,39.736485,-104.923422,1/5/2016 17:04,17:04,3,0,0,13TH AVENUE 5400 BLOCK EAST & HUDSON STREET NORTH,1,3,0,0,1,2,,0,30,0,0,0,0,0,4,2,14
,2016_01742,39.736872,-105.000183,11/19/2016 12:58,12:58,3,0,0,13TH AVENUE WEST & KALAMATH STREET NORTH,1,1,0,0,1,5,,0,10,0,0,0,0,0,4,2,13
,2016_01743,39.736836,-104.912811,12/30/2016 17:53,17:53,3,0,0,13TH AVENUE EAST & MONACO STREET NORTH,1,4,0,7,1,1,,0,60,0,0,0,0,1,4,2,16
,2016_01744,39.736863,-104.9799015,7/8/2016 13:45,13:45,15,0,0,13TH AVENUE EAST & PEARL STREET NORTH,1,1,0,7,1,1,,0,30,0,0,0,0,0,4,2,16
,2016_01745,39.7432688,-104.9981263,4/10/2016 23:30,23:30,5,0,0,CHAMPA STREET & 3205,2,3,0,1,3,4,,0,30,0,0,0,0,1,4,1,12
,2016_01746,39.736863,-104.996484,7/20/2016 13:00,13:00,12,0,0,13TH AVENUE WEST & SPEER BOULEVARD,1,1,0,7,1,1,,0,30,0,0,0,0,0,4,2,16
,2016_01747,39.736863,-104.996484,8/13/2016 1:13,1:13,3,0,0,13TH AVENUE WEST & SPEER BOULEVARD NORTH,1,3,0,7,1,1,,0,35,0,0,0,0,0,4,2,16
,2016_01748,39.736863,-104.996484,12/2/2016 14:49,14:49,10,0,0,13TH AVENUE WEST & SPEER BOULEVARD NORTH,1,1,0,0,1,1,,0,35,0,0,0,0,1,4,2,8
,2016_01749,39.74001,-104.99202,4/27/2016 12:35,12:35,5,0,1,14TH AVENUE & 600 BLOCK WEST,1,1,0,0,2,4,,0,30,0,0,0,0,2,4,1,2
,2016_01750,39.738339,-104.95179,6/4/2016 15:45,15:45,12,0,0,14TH AVENUE 3000 BLOCK EAST & MILWAUKEE STREET NORTH,1,1,0,7,1,1,,0,30,0,0,0,0,0,4,2,16
,2016_01751,39.74001,-104.99202,12/5/2016 11:20,11:20,6,0,1,17TH AVENUE & 2900 BLOCK EAST,1,1,0,0,1,4,,0,60,0,0,0,0,2,4,4,7
,2016_01752,39.743262,-104.9775525,5/13/2016 15:40,15:40,12,0,0,17TH AVENUE 700 BLOCK EAST & CLARKSON STREET NORTH,1,1,0,7,1,4,,0,30,0,0,0,0,1,4,2,16
,2016_01753,39.743262,-104.9775525,6/4/2016 17:40,17:40,12,0,0,17TH AVENUE 800 BLOCK EAST & CLARKSON STREET NORTH,1,1,0,7,1,4,,0,30,0,0,0,0,0,4,2,16
,2016_01754,39.743226,-104.9734125,3/29/2016 17:45,17:45,15,0,0,17TH AVENUE 1000 BLOCK EAST & DOWNING STREET NORTH,1,1,0,7,1,4,,0,30,0,0,0,0,0,4,3,16
,2016_01755,39.74107753,-104.9939967,5/22/2016 0:30,0:30,6,0,0,GLENARM PLACE & 1400 BLOCK,1,3,0,0,1,4,,0,25,0,0,0,0,0,4,2,13
,2016_01756,39.743226,-104.961006,11/22/2016 11:15,11:15,12,0,0,17TH AVENUE EAST & GAYLORD STREET NORTH,1,1,1,0,1,4,,0,30,0,0,0,0,0,4,2,13
,2016_01757,39.743217,-104.96475,5/9/2016 22:30,22:30,3,0,0,17TH AVENUE EAST & HIGH STREET NORTH,1,3,0,7,1,1,,0,30,0,0,0,0,0,4,2,1
,2016_01758,39.743253,-104.981103,6/1/2016 18:53,18:53,6,0,0,17TH AVENUE EAST & PENNSYLVANIA STREET NORTH,1,1,0,0,1,4,,0,30,0,0,0,0,0,4,2,14
,2016_01759,39.743244,-104.9598315,7/7/2016 18:10,18:10,12,0,0,17TH AVENUE EAST & YORK STREET NORTH,1,1,0,7,1,1,,0,30,0,0,0,0,0,4,2,16
,2016_01760,39.74481,-104.9610015,2/24/2016 13:45,13:45,3,0,0,18TH AVENUE EAST & GAYLORD STREET NORTH,1,1,0,0,1,1,,0,30,0,0,0,0,0,4,2,13
,2016_01761,39.745593,-104.901093,10/29/2016 16:07,16:07,5,0,0,19TH AVENUE EAST & ROSLYN STREET NORTH,1,1,0,0,3,4,,0,25,0,0,0,0,0,4,1,12
,2016_01762,39.747501,-104.9775615,12/16/2016 15:31,15:31,15,0,0,20TH AVENUE 800 BLOCK EAST & CLARKSON STREET NORTH,1,1,0,7,1,4,,0,25,0,0,0,0,1,4,2,16
,2016_01763,39.749445,-104.967162,12/21/2016 2:00,2:00,6,0,0,22ND AVENUE 1700 BLOCK EAST & GILPIN STREET,5,4,0,0,1,4,,0,25,0,0,0,0,0,4,4,14
,2016_01764,39.75346997,-104.8971513,6/10/2016 13:00,13:00,6,0,0,25TH AVENUE & 1027 EAST,1,1,0,0,1,4,,0,25,0,0,0,0,0,4,2,14
,2016_01765,39.758292,-104.9405265,3/31/2016 22:49,22:49,5,0,0,29TH AVENUE 3900 BLOCK EAST & COLORADO BOULEVARD NORTH,1,3,0,0,3,5,,0,25,0,0,0,0,0,4,1,5
,2016_01766,39.758418,-105.0181515,3/9/2016 9:03,9:03,6,0,0,29TH AVENUE 2400 BLOCK WEST & FIRTH COURT,1,1,0,0,1,4,,0,35,0,0,0,0,0,4,2,14
,2016_01767,39.758499,-105.03342,3/8/2016 17:15,17:15,12,0,0,29TH AVENUE WEST & KING STREET NORTH,1,1,1,7,1,1,,0,30,0,0,0,0,0,4,2,16
,2016_01768,39.762108,-105.0300315,4/15/2016 18:59,18:59,6,0,0,32ND AVENUE WEST & IRVING STREET NORTH,1,3,0,0,1,1,,0,30,0,0,0,0,0,4,2,13
,2016_01770,39.762108,-105.044013,12/30/2016 19:20,19:20,3,0,0,32ND AVENUE WEST & TENNYSON STREET NORTH,1,3,1,0,1,1,,0,25,0,0,0,0,0,4,2,13
,2016_01771,39.789315,-104.84019,6/21/2016 19:00,19:00,3,0,0,51ST AVENUE EAST & TITAN COURT NORTH,1,1,0,7,1,1,,0,30,0,0,0,0,0,4,2,1
,2016_01772,39.762018,-105.014457,7/21/2016 22:15,22:15,6,0,1,32ND AVENUE 2200 BLOCK WEST & WYANDOT STREET NORTH,1,2,0,0,1,1,,0,25,0,0,0,0,2,4,4,5
,2016_01773,39.785949,-104.8350915,10/20/2016 23:00,23:00,5,0,1,ANDREWS DRIVE EAST & WORCHESTER STREET NORTH,1,3,0,7,2,1,,0,25,0,0,0,0,2,4,1,5
,2016_01774,39.763872,-105.0322725,4/9/2016 9:25,9:25,3,0,0,33RD AVENUE WEST & JULIAN STREET NORTH,1,1,0,0,1,1,,0,30,0,0,0,0,0,4,4,13
,2016_01775,39.76434,-104.872743,8/8/2016 19:12,19:12,15,0,0,34TH AVENUE EAST & 34TH AVENUE 5100 BLOCK EAST,1,1,0,0,1,5,,0,15,0,0,0,0,0,4,2,14
,2016_01776,39.765618,-105.032295,8/2/2016 13:22,13:22,3,0,0,35TH AVENUE WEST & JULIAN STREET NORTH,11,1,0,7,1,1,,0,25,0,0,0,0,0,4,2,14
,2016_01777,39.765735,-105.044022,5/19/2016 23:40,23:40,12,0,0,35TH AVENUE WEST & TENNYSON STREET NORTH,1,3,0,7,1,1,,0,25,0,0,0,0,0,4,2,5
,2016_01778,39.76926361,-104.9960844,12/6/2016 8:30,8:30,12,0,0,38TH AVENUE WEST & 600 BLOCK,1,1,0,0,1,4,,0,30,0,0,0,0,0,4,2,3
,2016_01779,39.74001,-104.99202,4/12/2016 16:41,16:41,3,0,0,38TH AVENUE & 3500 BLOCK WEST,1,1,1,0,1,5,,0,30,0,0,0,0,0,4,2,13
,2016_01780,39.769335,-105.0276105,2/10/2016 14:17,14:17,1,0,0,38TH AVENUE WEST & GROVE STREET NORTH,1,1,1,0,1,1,,0,30,0,0,0,0,1,4,3,13
,2016_01781,39.769272,-105.00057,4/9/2016 2:30,2:30,15,0,0,38TH AVENUE WEST & KALAMATH STREET NORTH,1,3,0,0,1,1,,0,35,0,0,0,0,0,4,2,1
,2016_01782,39.769272,-104.9127165,1/8/2016 8:28,8:28,3,0,0,38TH AVENUE EAST & MONACO STREET NORTH,4,1,0,2,1,1,,0,25,0,0,0,0,0,4,2,14
,2016_01783,39.769407,-105.0440445,10/14/2016 10:11,10:11,3,0,0,38TH AVENUE 4300 BLOCK WEST & TENNYSON STREET,1,1,0,0,1,5,,0,35,0,0,0,0,1,4,2,14
,2016_01785,39.769389,-105.0488235,3/7/2016 14:11,14:11,3,0,0,38TH AVENUE WEST & WOLFF STREET NORTH,1,1,0,0,1,1,,0,35,0,0,0,0,0,4,2,13
,2016_01786,39.769371,-105.050925,2/6/2016 23:34,23:34,3,0,0,38TH AVENUE WEST & YATES STREET NORTH,1,3,0,0,1,1,,0,35,0,0,0,0,0,4,2,13
,2016_01787,39.769335,-105.0520635,5/11/2016 16:57,16:57,3,0,0,38TH AVENUE WEST & ZENOBIA STREET NORTH,1,1,0,0,1,1,,0,35,0,0,0,0,0,4,2,1
,2016_01788,39.77262,-104.9706225,6/20/2016 14:50,14:50,12,0,0,40TH AVENUE & BLAKE STREET,1,1,0,7,1,1,,0,30,0,0,0,0,1,4,2,16
,2016_01789,39.772854,-104.865894,11/22/2016 11:05,11:05,10,0,0,40TH AVENUE 14100 BLOCK EAST & HAVANA STREET NORTH,2,1,0,0,1,2,,0,35,0,0,0,0,0,4,2,8
,2016_01790,39.772827,-104.749461,10/18/2016 14:41,14:41,15,0,0,41ST AVENUE 20000 BLOCK EAST & JERICHO STREET NORTH,1,1,0,0,1,4,,0,25,0,0,0,0,0,4,2,13
,2016_01791,39.776562,-105.017463,12/18/2016 19:21,19:21,6,0,0,44TH AVENUE WEST & ALCOTT STREET NORTH,5,3,1,0,1,3,,0,25,0,0,0,0,0,4,2,5
,2016_01792,39.776427,-104.8469535,2/9/2016 16:19,16:19,1,0,0,44TH AVENUE EAST & PEORIA STREET NORTH,1,1,0,7,1,1,,0,40,0,0,0,0,0,4,2,16
,2016_01793,39.776427,-104.8469535,11/10/2016 8:35,8:35,1,0,0,44TH AVENUE & PEORIA STREET NORTH,1,1,0,0,1,2,,0,40,0,0,0,0,0,4,2,13
,2016_01794,39.776427,-104.8469535,12/22/2016 15:22,15:22,1,0,0,44TH AVENUE & PEORIA STREET,1,1,0,0,1,1,,0,35,0,0,0,0,1,4,2,13
,2016_01795,39.776679,-104.844951,12/27/2016 12:30,12:30,15,0,0,44TH AVENUE & QUENTIN STREET NORTH,1,1,0,0,1,1,,0,25,0,0,0,0,0,4,2,13
,2016_01796,39.778047,-104.8471245,1/29/2016 9:04,9:04,10,0,0,45TH AVENUE EAST & PEORIA STREET NORTH,1,1,0,0,1,2,,0,25,0,0,0,0,0,4,2,7
,2016_01797,39.78022019,-105.0456558,8/10/2016 7:39,7:39,6,0,0,46TH AVENUE WEST & 2300 BLOCK WEST,1,1,0,0,1,4,,0,30,0,0,0,0,0,4,2,14
,2016_01798,39.782385,-104.8507065,12/20/2016 17:30,17:30,3,0,0,47TH AVENUE & OAKLAND STREET NORTH,1,2,0,0,1,2,,0,35,0,0,0,0,0,4,2,13
,2016_01799,39.786228,-104.8488975,2/24/2016 16:03,16:03,10,0,0,49TH AVENUE EAST & PARIS STREET NORTH,1,1,0,0,1,1,,0,25,0,0,0,0,0,4,2,13
,2016_01800,39.786408,-104.847156,7/21/2016 5:55,5:55,1,0,0,49TH AVENUE EAST & PEORIA STREET NORTH,1,1,0,0,1,1,,0,40,0,0,0,0,0,4,2,13
,2016_01801,39.789486,-104.7669525,5/10/2016 8:50,8:50,6,0,0,51ST AVENUE EAST & BISCAY STREET NORTH,1,1,0,0,1,4,,0,25,0,0,0,0,0,4,2,7
,2016_01802,39.788973,-104.9782815,5/24/2016 14:25,14:25,12,0,0,51ST AVENUE EAST & WASHINGTON STREET NORTH,1,1,0,7,1,3,,0,25,0,0,0,0,0,4,2,16
,2016_01803,39.79026,-104.8097835,5/24/2016 19:46,19:46,1,0,0,53RD AVENUE EAST & CHAMBERS ROAD NORTH,1,2,0,0,1,3,,0,25,0,0,0,0,1,4,2,13
,2016_01804,39.794625,-104.736861,7/4/2016 15:10,15:10,3,0,1,54TH AVENUE EAST EAST & ORLEANS STREET NORTH,1,1,1,7,1,1,,0,25,0,0,0,0,2,4,2,12
,2016_01805,39.795975,-104.8436415,3/31/2016 15:29,15:29,6,0,0,55TH AVENUE 12400 BLOCK EAST & RACINE STREET NORTH,1,1,0,0,1,1,,0,25,0,0,0,0,1,4,3,3
,2016_01806,39.798441,-104.762772,4/9/2016 7:45,7:45,12,0,0,56TH AVENUE EAST & DUNKIRK STREET NORTH,1,1,0,7,1,3,,0,40,0,0,0,0,1,4,2,16
,2016_01807,39.798441,-104.762772,11/3/2016 16:51,16:51,1,0,0,56TH AVENUE EAST & DUNKIRK STREET NORTH,1,1,0,7,1,1,,0,5,0,0,0,0,0,4,2,14
,2016_01808,39.798396,-104.786415,5/9/2016 7:15,7:15,12,0,0,56TH AVENUE EAST & PENA BOULEVARD,1,1,0,7,1,4,,0,30,0,0,0,0,0,4,3,16
,2016_01809,39.798261,-104.847282,7/23/2016 7:46,7:46,12,0,0,56TH AVENUE EAST & PEORIA STREET NORTH,1,1,0,7,1,4,,0,45,0,0,0,0,0,4,2,2
,2016_01810,39.798099,-104.8353975,8/22/2016 17:12,17:12,12,0,0,56TH AVENUE EAST & UVALDA STREET NORTH,2,1,0,1,1,4,,0,40,0,0,0,0,0,4,2,13
,2016_01811,39.824568,-104.673411,8/26/2016 5:15,5:15,5,0,0,71ST AVENUE 26000 EAST & ROBERTSDALE STREET,1,3,0,0,3,4,,0,45,0,0,0,0,0,4,1,7
,2016_01812,39.711114,-104.9679378,3/12/2016 2:41,2:41,5,0,1,ALAMEDA AVENUE & 8100 BLOCK EAST,1,3,0,0,2,4,,0,40,0,0,0,0,2,4,1,5
,2016_01813,39.711114,-104.9679378,4/27/2016 16:49,16:49,1,0,0,ALAMEDA AVENUE EAST & ASH STREET SOUTH,1,1,0,7,1,1,,0,30,0,0,0,0,1,4,2,3
,2016_01815,39.711168,-104.99238,2/12/2016 15:20,15:20,1,0,0,ALAMEDA AVENUE WEST & CHEROKEE STREET SOUTH,1,1,0,7,1,1,,0,30,0,0,0,0,1,4,2,3
,2016_01816,39.7116,-104.9408055,5/18/2016 16:06,16:06,12,0,0,ALAMEDA AVENUE 4100 BLOCK EAST & COLORADO BOULEVARD SOUTH,1,1,1,7,1,4,,0,35,0,0,0,0,0,4,2,16
,2016_01817,39.711114,-104.961726,5/25/2016 17:45,17:45,12,0,0,ALAMEDA AVENUE EAST & GAYLORD STREET SOUTH,1,1,0,7,1,4,,0,25,0,0,0,0,1,4,2,7
,2016_01818,39.711204,-104.9222835,3/10/2016 8:48,8:48,12,0,0,ALAMEDA AVENUE 5600 BLOCK EAST & HOLLY STREET SOUTH,1,1,0,7,1,3,,0,35,0,0,0,0,0,4,3,1
,2016_01819,39.711348,-104.9035005,3/4/2016 15:50,15:50,12,0,0,ALAMEDA AVENUE 7300 BLOCK EAST & QUEBEC STREET SOUTH,1,1,0,7,1,3,,0,40,0,0,0,0,0,4,2,16
,2016_01820,39.711348,-104.9035005,12/19/2016 9:38,9:38,12,0,0,ALAMEDA AVENUE 7700 BLOCK EAST & QUEBEC STREET SOUTH,6,1,0,7,1,4,,0,35,0,0,0,0,0,4,2,7
,2016_01822,39.76446895,-105.0173332,5/3/2016 6:35,6:35,12,0,0,ALCOTT STREET 3400 BLOCK & 34TH AVENUE WEST,1,1,0,7,1,4,,0,25,0,0,0,0,0,4,2,14
,2016_01823,39.665484,-104.942817,3/7/2016 7:54,7:54,3,0,0,AMHERST AVENUE EAST & JACKSON STREET SOUTH,1,1,1,7,1,1,,0,25,0,0,0,0,0,4,2,8
,2016_01824,39.779244,-104.8339035,5/24/2016 11:39,11:39,6,0,0,ANAHEIM STREET & 46TH AVENUE EAST,1,1,1,0,1,4,,0,25,0,0,0,0,0,4,2,13
,2016_01825,39.781305,-104.8268025,2/12/2016 15:35,15:35,3,0,0,ANDREWS DRIVE EAST & DILLON STREET NORTH,1,1,0,7,1,1,,0,25,0,0,0,0,0,4,2,14
,2016_01826,39.681234,-104.922252,10/7/2016 20:30,20:30,15,0,0,ATLANTIC PLACE EAST & HOLLY STREET SOUTH,1,2,0,0,1,1,,0,35,0,0,0,0,0,4,2,1
,2016_01828,39.748446,-105.0033735,1/6/2016 23:00,23:00,15,0,0,AURARIA PARKWAY & SPEER BOULEVARD NORTH,1,3,0,0,1,1,,0,35,0,0,0,0,0,4,2,1
,2016_01829,39.678426,-104.9899545,7/5/2016 10:16,10:16,10,0,0,BANNOCK STREET SOUTH & EVANS AVENUE WEST,1,1,0,0,1,1,,0,25,0,0,0,0,0,4,2,13
,2016_01830,39.714705,-104.9769135,5/20/2016 19:56,19:56,3,0,0,BAYAUD AVENUE 800 BLOCK EAST & EMERSON STREET SOUTH,1,1,0,7,1,5,,0,15,0,0,0,0,0,4,2,16
,2016_01831,39.678426,-104.9363145,4/6/2016 12:51,12:51,1,0,0,BIRCH STREET 2000 BLOCK SOUTH & EVANS AVENUE EAST,1,1,0,0,1,2,,0,15,0,0,0,0,1,4,2,13
,2016_01832,39.757086,-104.990715,7/14/2016 10:15,10:15,15,0,0,BLAKE STREET & PARK AVENUE WEST,1,1,0,0,1,1,,0,30,0,0,0,0,0,4,2,13
,2016_01833,39.748509,-105.0031305,4/27/2016 15:51,15:51,12,0,0,BLAKE STREET & SPEER BOULEVARD NORTH,1,1,0,7,1,4,,0,30,0,0,0,0,0,4,2,16
,2016_01834,39.780477,-104.812614,2/25/2016 7:05,7:05,6,0,0,BOLLING DRIVE 15050 EAST & FREEPORT WAY,1,1,0,0,1,4,,0,25,0,0,0,0,0,4,2,1
,2016_01835,39.72820138,-104.9874076,2/12/2016 12:39,12:39,12,0,0,BROADWAY NORTH & 600 BLOCK,1,1,1,0,1,4,,0,30,0,0,0,0,0,4,3,13
,2016_01836,39.722535,-104.987502,12/19/2016 12:40,12:40,15,0,0,BROADWAY & FOURTH AVENUE EAST,5,1,0,0,1,4,,0,30,0,0,0,0,0,4,2,13
,2016_01837,39.725631,-104.9874435,1/26/2016 14:39,14:39,10,0,0,BROADWAY NORTH & SIXTH AVENUE EAST,1,1,0,0,1,1,,0,30,0,0,0,0,0,4,2,13
,2016_01838,39.729087,-104.987412,8/24/2016 7:20,7:20,15,0,0,BROADWAY & EIGHTH AVENUE,1,1,0,0,1,1,,0,30,0,0,0,0,0,4,2,13
,2016_01839,39.73842,-104.987394,8/11/2016 8:30,8:30,3,0,0,BROADWAY NORTH & 14TH AVENUE EAST,1,1,0,0,1,1,,0,30,0,0,0,0,0,4,2,13
,2016_01840,39.716559,-104.9875155,4/26/2016 11:41,11:41,15,0,0,BROADWAY & ELLSWORTH AVENUE WEST,1,1,0,0,1,4,,0,30,0,0,0,0,0,4,2,13
,2016_01841,39.748653,-104.9894235,12/2/2016 16:35,16:35,15,0,0,19TH STREET & STOUT STREET,1,3,0,0,1,3,,0,25,0,0,0,0,0,4,2,13
,2016_01842,39.703878,-104.9875425,5/12/2016 19:10,19:10,10,0,0,BROADWAY & EXPOSITION AVENUE EAST,1,1,0,0,1,3,,0,35,0,0,0,0,0,4,2,13
,2016_01843,39.687543,-104.9875245,11/4/2016 7:18,7:18,1,0,0,BROADWAY SOUTH & IOWA AVENUE WEST,1,1,0,0,1,1,,0,25,0,0,0,0,0,4,2,13
,2016_01844,39.700242,-104.987511,10/21/2016 15:59,15:59,12,0,0,BROADWAY SOUTH & KENTUCKY AVENUE WEST,1,1,0,7,1,3,,0,40,0,0,0,0,0,4,2,16
,2016_01846,39.755565,-104.987448,12/2/2016 18:35,18:35,12,0,0,BROADWAY NORTH & LAWRENCE STREET,1,3,0,7,1,1,,0,30,0,0,0,0,0,4,2,1
,2016_01847,39.707514,-104.98761,12/16/2016 6:20,6:20,12,0,0,BROADWAY SOUTH & VIRGINIA AVENUE EAST,1,3,0,7,1,1,,0,30,0,0,0,0,0,4,2,16
,2016_01848,39.764457,-104.942862,9/15/2016 11:30,11:30,3,0,0,BRUCE RANDOLPH AVENUE & JACKSON STREET NORTH,1,1,0,0,1,1,,0,20,0,0,0,0,0,4,2,7
,2016_01849,39.682152,-104.9565015,4/28/2016 7:28,7:28,8,0,0,BUCHTEL BOULEVARD 2500 BLOCK EAST & COLUMBINE STREET SOUTH,1,1,0,7,1,5,,0,30,0,0,0,0,0,4,2,1