id,drcog_id,latitude,longitude,crashtime,time,crashtype,numbkilled,numbinjurd,drcoglocat,rdconditin,lightngcon,roadcntgrd,weatherco,location,roaddescrp,schoolzone,constrzone,splimit,bikeinv,pedinv,sctrinv,motoinv,svrty,rdsystem,ttlvehcls,hcf
,2016_01850,39.6927,-104.976954,8/23/2016 8:37,8:37,3,0,0,BUCHTEL BOULEVARD EAST & EMERSON STREET SOUTH,1,1,0,0,1,1,,0,25,0,0,0,0,0,4,2,13
,2016_01851,39.713049,-105.0062535,7/5/2016 13:39,13:39,12,0,0,CEDAR AVENUE 1339 WEST & PECOS STREET SOUTH,1,1,0,0,1,2,,0,25,0,0,0,0,0,4,2,7
,2016_01852,39.754665,-104.890725,6/30/2016 14:44,14:44,15,0,0,CENTRAL PARK BOULEVARD & 26TH AVENUE EAST,1,1,0,7,1,1,,0,30,0,0,0,0,0,4,2,16
,2016_01853,39.751758,-104.890041,11/18/2016 11:10,11:10,5,0,0,CENTRAL PARK BOULEVARD & VERBENA STREET NORTH,5,1,0,0,3,2,,0,25,0,0,0,0,0,4,1,13
,2016_01854,39.787893,-104.809806,11/25/2016 18:31,18:31,1,0,0,CHAMBERS ROAD NORTH & 52ND AVENUE EAST,1,3,0,7,1,1,,0,35,0,0,0,0,0,4,2,7
,2016_01855,39.76147948,-104.9745474,6/13/2016 20:00,20:00,6,0,0,CHAMPA STREET 3200 BLOCK & 33RD STREET,1,3,0,1,1,4,,0,25,0,0,0,0,0,4,2,1
,2016_01856,39.742263,-104.9993505,3/25/2016 16:58,16:58,12,0,0,CHAMPA STREET 1200 BLOCK & SPEER BOULEVARD NORTH,1,1,0,7,1,4,,0,30,0,0,0,0,0,4,2,5
,2016_01857,39.77666713,-104.9911518,11/17/2016 9:09,9:09,6,0,0,CHEROKEE STREET NORTH & 1400 BLOCK,1,1,0,0,1,4,,0,25,0,0,0,0,0,4,2,4
,2016_01858,39.709755,-104.9449905,6/3/2016 19:44,19:44,5,0,0,CHERRY CREEK DRIVE NORTH 3500 BLOCK EAST & MONROE STREET SOUTH,1,1,0,7,3,4,,0,35,0,0,0,0,0,4,1,4
,2016_01860,39.684987,-104.9035905,1/28/2016 17:43,17:43,14,0,0,CHERRY CREEK DRIVE SOUTH & QUEBEC STREET SOUTH,1,3,0,0,1,1,,0,30,0,0,0,0,0,4,2,13
,2016_01861,39.715263,-104.959323,6/6/2016 15:10,15:10,12,0,0,CHERRY CREEK SOUTH DRIVE 2400 BLOCK EAST & UNIVERSITY BOULEVARD SOUTH,1,1,0,7,1,4,,0,30,0,0,0,0,0,4,2,16
,2016_01862,39.716622,-105.0203835,9/15/2016 16:29,16:29,12,0,0,CLAY STREET NORTH & CLAY STREET 3900 BLOCK NORTH,1,1,1,0,1,4,,0,25,0,0,0,0,0,4,2,13
,2016_01863,39.769263,-105.020523,9/3/2016 12:30,12:30,6,0,0,CLAY STREET NORTH & 38TH AVENUE WEST,1,1,0,0,1,4,,0,30,0,0,0,0,0,4,2,13
,2016_01864,39.692943,-104.9546745,11/17/2016 10:56,10:56,6,0,0,CLAYTON STREET SOUTH & LOUISIANA AVENUE EAST,1,1,1,0,1,4,,0,25,0,0,0,0,0,4,2,3
,2016_01865,39.748545,-104.9796,5/21/2016 5:23,5:23,8,0,1,CLEVELAND PLACE & PARK AVENUE WEST,1,1,0,0,1,4,,0,30,0,0,0,0,2,4,2,13
,2016_01866,39.74001,-104.99202,11/27/2016 0:30,0:30,6,0,0,COLGATE PLACE & 5100 BLOCK WEST,1,3,0,0,1,4,,0,25,0,0,0,0,0,4,2,14
,2016_01867,39.67842504,-104.936508,3/28/2016 23:10,23:10,5,0,0,COLORADO CENTER DRIVE 4400 BLOCK EAST & BIRCH STREET SOUTH,1,2,0,7,1,4,,0,25,0,0,0,0,0,4,1,16
,2016_01868,39.720978,-104.9570415,11/20/2016 18:00,18:00,6,0,0,COLUMBINE STREET NORTH & THIRD AVENUE EAST,1,1,0,0,1,4,,0,25,0,0,0,0,0,4,2,13
,2016_01869,39.674826,-104.956524,6/13/2016 11:43,11:43,3,0,0,COLUMBINE STREET SOUTH & ILIFF AVENUE EAST,2,1,0,1,1,1,,0,25,0,0,0,0,0,4,2,14
,2016_01870,39.68757,-104.9745915,11/11/2016 9:33,9:33,3,0,0,CORONA STREET SOUTH & IOWA AVENUE EAST,1,1,0,7,1,1,,0,25,0,0,0,0,0,4,2,1
,2016_01871,39.749022,-104.9802345,1/7/2016 9:10,9:10,3,0,0,COURT PLACE & PARK AVENUE WEST,2,1,0,2,1,1,,0,35,0,0,0,0,0,4,3,14
,2016_01872,39.749022,-104.9802345,4/30/2016 16:40,16:40,12,0,0,COURT PLACE 2300 BLOCK & PARK AVENUE WEST,2,1,0,1,1,4,,0,25,0,0,0,0,0,4,2,7
,2016_01873,39.784158,-104.831307,1/19/2016 17:58,17:58,3,0,0,CROWN BOULEVARD NORTH & ANDREWS DRIVE EAST,1,3,0,0,1,1,,0,25,0,0,0,0,1,4,2,1
,2016_01874,39.745294,-104.9970975,7/9/2016 10:55,10:55,15,0,0,CURTIS STREET 1400 BLOCK & 15TH STREET,1,1,0,0,1,4,,0,30,0,0,0,0,0,4,2,13
,2016_01875,39.758382,-104.980311,12/6/2016 6:00,6:00,6,0,0,CURTIS STREET & 28TH STREET,1,1,0,0,1,4,,0,30,0,0,0,0,0,4,2,13
,2016_01876,39.758859,-104.867721,2/1/2016 5:45,5:45,6,0,0,29TH DRIVE EAST & GENEVA COURT,4,3,0,2,1,4,,0,30,0,0,0,0,0,4,2,1
,2016_01877,39.678444,-104.931612,9/14/2016 14:30,14:30,15,0,0,DAHLIA STREET SOUTH & EVANS AVENUE,1,1,0,0,1,1,,0,30,0,0,0,0,0,4,2,13
,2016_01878,39.779757,-104.9317335,4/16/2016 14:48,14:48,3,0,0,DAHLIA STREET NORTH & STAPLETON SOUTH DRIVE EAST,4,1,1,2,1,1,,0,30,0,0,0,0,0,4,2,8
,2016_01879,39.713004,-105.021495,7/10/2016 1:00,1:00,6,0,0,DALE COURT 200 BLOCK SOUTH & CEDAR AVENUE WEST,1,4,1,7,1,4,,0,20,0,0,0,0,0,4,3,5
,2016_01880,39.660768,-104.9419125,7/6/2016 13:10,13:10,6,0,1,DARTMOUTH AVENUE EAST & HARRISON STREET SOUTH,1,1,0,0,1,4,,0,20,0,0,0,0,2,4,3,5
,2016_01882,39.656169,-105.0532335,11/18/2016 15:15,15:15,3,0,0,DARTMOUTH AVENUE WEST & SHERIDAN BOULEVARD SOUTH,1,1,0,0,1,2,,0,30,0,0,0,0,0,4,2,3
,2016_01883,39.660327,-104.8916025,4/18/2016 12:06,12:06,6,0,0,DARTMOUTH AVENUE EAST & WILLOW STREET SOUTH,1,1,0,0,1,1,,0,25,0,0,0,0,0,4,2,5
,2016_01884,39.718206,-104.954625,5/19/2016 15:50,15:50,6,0,0,DETROIT STREET & FIRST AVENUE EAST,1,1,0,0,1,3,,0,25,0,0,0,0,0,4,2,3
,2016_01885,39.725586,-104.972922,10/27/2016 12:32,12:32,12,0,0,DOWNING STREET NORTH & SIXTH AVENUE EAST,1,1,0,0,1,3,,0,25,0,0,0,0,1,4,3,3
,2016_01886,39.74001,-104.99202,8/1/2016 20:00,20:00,6,0,0,EMERSON SUITE & 700 BLOCK NORTH,1,4,1,0,1,4,,0,30,0,0,0,0,0,4,2,14
,2016_01887,39.678507,-104.973444,11/11/2016 18:45,18:45,12,0,0,DOWNING STREET 2100 BLOCK SOUTH & EVANS AVENUE EAST,1,3,0,7,1,3,,0,30,0,0,0,0,0,4,2,3
,2016_01888,39.766446,-104.973381,8/11/2016 14:59,14:59,12,0,0,DOWNING STREET 3500 BLOCK NORTH & LAWRENCE STREET,1,1,0,7,1,4,,0,30,0,0,0,0,0,4,2,3
,2016_01889,39.692988,-104.973417,12/20/2016 7:27,7:27,1,0,1,DOWNING STREET SOUTH & LOUISIANA AVENUE EAST,1,5,1,7,1,1,,0,30,0,0,0,0,2,4,2,1
,2016_01890,39.713094,-104.9129415,11/4/2016 2:15,2:15,6,0,0,MONACO STREET SOUTH & CEDAR AVENUE,1,3,0,0,1,3,,0,25,0,0,0,0,0,4,3,14
,2016_01891,39.718278,-104.973777,11/5/2016 13:40,13:40,3,0,0,DOWNING STREET NORTH & SPEER BOULEVARD EAST,1,1,0,7,1,1,,0,30,0,0,0,0,0,4,2,4
,2016_01893,39.669471,-104.9734935,12/12/2016 11:46,11:46,15,0,0,DOWNING STREET & VASSAR AVENUE,1,1,0,0,1,4,,0,25,0,0,0,0,0,4,2,13
,2016_01894,39.676689,-104.973462,5/4/2016 17:32,17:32,3,0,0,DOWNING STREET SOUTH & WARREN AVENUE EAST,1,1,0,7,1,1,,0,25,0,0,0,0,0,4,2,3
,2016_01895,39.633417,-104.893272,6/17/2016 6:43,6:43,3,0,0,DTC BOULEVARD SOUTH & TUFTS AVENUE EAST,1,1,0,0,1,1,,0,35,0,0,0,0,0,4,2,14
,2016_01896,39.754836,-105.023601,1/17/2016 18:29,18:29,3,0,0,ELIOT STREET NORTH & 26TH AVENUE WEST,1,3,0,0,1,1,,0,30,0,0,0,0,0,4,2,13
,2016_01897,39.69675,-105.0238215,5/10/2016 15:14,15:14,3,0,0,ELIOT STREET SOUTH & MISSISSIPPI AVENUE WEST,1,1,0,7,1,1,,0,30,0,0,0,0,0,4,2,2
,2016_01898,39.707496,-105.023853,10/17/2016 8:12,8:12,15,0,0,ELIOT STREET ALLEY 519 SOUTH & VIRGINIA AVENUE WEST,1,1,0,0,1,5,,0,25,0,0,0,0,0,4,2,13
,2016_01899,39.716514,-104.980302,4/5/2016 18:45,18:45,3,0,0,ELLSWORTH AVENUE EAST & PEARL STREET SOUTH,1,1,0,7,1,1,,0,25,0,0,0,0,0,4,2,16
,2016_01900,39.716235,-104.949963,5/17/2016 11:45,11:45,6,0,0,ELLSWORTH AVENUE EAST & STEELE STREET SOUTH,1,1,0,0,1,4,,0,25,0,0,0,0,0,4,2,13
,2016_01901,39.6927,-104.976954,7/15/2016 18:20,18:20,3,0,0,EMERSON STREET SOUTH & BUCHTEL BOULEVARD EAST,2,1,0,2,1,1,,0,30,0,0,0,0,0,4,2,16
,2016_01902,39.678426,-104.9363145,12/16/2016 14:20,14:20,12,0,0,EVANS AVENUE 4300 BLOCK EAST & BIRCH STREET SOUTH,1,1,0,7,1,3,,0,35,0,0,0,0,0,4,3,2
,2016_01903,39.678516,-104.974605,8/6/2016 10:41,10:41,12,0,0,EVANS AVENUE EAST & CORONA STREET SOUTH,1,1,0,7,1,3,,0,35,0,0,0,0,0,4,2,1
,2016_01904,39.678507,-104.973444,11/18/2016 21:20,21:20,1,0,0,EVANS AVENUE EAST & DOWNING STREET SOUTH,1,4,0,7,1,1,,0,35,0,0,0,0,1,4,2,14
,2016_01905,39.678435,-104.9251905,4/18/2016 13:20,13:20,12,0,0,EVANS AVENUE 5400 BLOCK EAST & GRAPE STREET SOUTH,1,1,0,7,1,3,,0,35,0,0,0,0,1,4,3,14
,2016_01906,39.678435,-104.9251905,12/12/2016 13:38,13:38,12,0,0,EVANS AVENUE 5300 BLOCK EAST & GRAPE STREET SOUTH,1,1,1,7,1,3,,0,30,0,0,0,0,1,4,3,3
,2016_01907,39.678435,-104.922234,5/18/2016 12:58,12:58,12,0,0,EVANS AVENUE 5700 BLOCK EAST & HOLLY STREET,1,1,0,7,1,4,,0,35,0,0,0,0,1,4,2,16
,2016_01908,39.678435,-104.922234,7/9/2016 10:38,10:38,12,0,0,EVANS AVENUE EAST & HOLLY STREET SOUTH,1,1,0,7,1,4,,0,35,0,0,0,0,0,4,2,3
,2016_01909,39.678435,-104.922234,8/9/2016 10:08,10:08,12,0,0,EVANS AVENUE 5600 BLOCK EAST & HOLLY STREET SOUTH,1,1,0,7,1,4,,0,35,0,0,0,0,1,4,2,3
,2016_01910,39.678435,-104.922234,10/21/2016 14:43,14:43,3,0,0,EVANS AVENUE 5600 BLOCK EAST & HOLLY STREET SOUTH,1,1,0,7,1,2,,0,35,0,0,0,0,1,4,2,14
,2016_01911,39.6639,-104.9535315,9/24/2016 13:30,13:30,6,0,0,FILLMORE WAY & FILLMORE WAY 972 SOUTH,1,1,0,0,1,4,,0,25,0,0,0,0,0,4,2,7
,2016_01912,39.740166,-104.9529735,2/25/2016 13:10,13:10,3,0,0,FILLMORE STREET 1400 BLOCK NORTH & COLFAX AVENUE EAST,1,1,0,0,1,2,,0,25,0,0,0,0,0,4,2,13
,2016_01913,39.78252,-104.872095,5/28/2016 5:40,5:40,12,0,0,FLORENCE STREET NORTH & 47TH AVENUE EAST,1,1,0,0,1,2,,1,30,0,0,0,0,0,4,2,14
,2016_01914,39.689379,-104.9804415,7/9/2016 19:44,19:44,6,0,0,FLORIDA AVENUE 500 BLOCK EAST & PEARL STREET SOUTH,1,3,0,0,1,4,,0,25,0,0,0,0,0,4,2,13
,2016_01915,39.708099,-104.9269545,1/13/2016 19:22,19:22,6,0,0,FOREST STREET 500 BLOCK SOUTH & LEETSDALE DRIVE,1,3,0,7,1,4,,0,30,0,0,0,0,0,4,2,3
,2016_01917,39.737862,-104.9964615,11/21/2016 15:05,15:05,15,0,0,GALAPAGO STREET NORTH & SPEER BOULEVARD NORTH,1,1,0,7,1,4,,0,25,0,0,0,0,0,4,2,16
,2016_01918,39.74001,-104.99202,10/31/2016 11:30,11:30,6,0,0,GALENA WAY & 600 BLOCK SOUTH,1,1,0,0,1,4,,0,25,0,0,0,0,0,4,2,1
,2016_01919,39.785625,-104.816754,11/23/2016 11:18,11:18,6,0,0,GATEWAY BOULEVARD EAST & EAGLE COURT NORTH,1,1,0,0,1,4,,0,30,0,0,0,0,0,4,2,13
,2016_01920,39.783807,-104.7593745,1/23/2016 21:45,21:45,6,0,0,GENOA STREET 4843 NORTH & 48TH AVENUE,1,4,0,0,1,4,,0,25,0,0,0,0,0,4,2,13
,2016_01921,39.74001,-104.99202,1/14/2016 12:22,12:22,6,0,0,GIRARD AVENUE & 10000 BLOCK EAST,2,1,0,0,1,3,,1,,0,0,0,0,0,4,2,13
,2016_01922,39.74292,-104.991642,3/18/2016 16:39,16:39,3,0,0,GLENARM PLACE & 15TH STREET,8,1,0,0,1,1,,0,30,0,0,0,0,0,4,2,14
,2016_01923,39.727287,-104.983596,1/3/2016 11:52,11:52,10,0,0,GRANT STREET NORTH & SEVENTH AVENUE EAST,1,1,1,0,1,1,,0,30,0,0,0,0,1,4,2,13
,2016_01924,39.78216,-105.026364,1/8/2016 14:00,14:00,5,0,0,GROVE STREET NORTH & 47TH AVENUE WEST,5,1,0,2,4,2,,0,25,0,0,0,0,0,4,1,13
,2016_01925,39.78566438,-105.0275261,4/10/2016 11:50,11:50,6,0,0,GROVE STREET 4900 BLOCK NORTH & 49TH AVENUE WEST,1,1,0,0,1,4,,0,25,0,0,0,0,0,4,2,7
,2016_01926,39.783654,-104.764914,5/13/2016 13:40,13:40,15,0,0,GREEN VALLEY RANCH BOULEVARD EAST & ARGONNE STREET NORTH,1,1,0,7,1,4,,0,35,0,0,0,0,0,4,2,16
,2016_01927,39.78378,-104.809653,6/25/2016 16:17,16:17,3,0,1,GREEN VALLEY RANCH BOULEVARD EAST & CHAMBERS ROAD NORTH,1,1,0,7,1,1,,0,35,0,0,0,0,2,4,3,10
,2016_01928,39.783816,-104.7816855,11/10/2016 12:50,12:50,12,0,0,GREEN VALLEY RANCH BOULEVARD EAST & TELLURIDE STREET NORTH,1,1,0,7,1,1,,0,40,0,0,0,0,0,4,2,16
,2016_01929,39.783816,-104.7816855,2/16/2016 7:40,7:40,12,0,0,GREEN VALLEY RANCH BOULEVARD & TELLURIDE STREET NORTH,1,1,0,0,1,4,,0,40,0,0,0,0,1,4,3,13
,2016_01930,39.772854,-104.865894,7/7/2016 11:04,11:04,3,0,0,HAVANA STREET NORTH & 40TH AVENUE EAST,1,1,0,0,1,2,,0,35,0,0,0,0,1,4,2,13
,2016_01931,39.67999842,-104.922252,5/7/2016 13:20,13:20,3,0,0,HOLLY STREET SOUTH & 3950,2,1,0,1,1,2,,0,30,0,0,0,0,0,4,2,13
,2016_01932,39.709287,-104.923467,2/25/2016 12:19,12:19,6,0,0,HUDSON STREET 400 BLOCK SOUTH & DAKOTA AVENUE EAST,1,1,1,0,1,2,,0,25,0,0,0,0,0,4,2,13
,2016_01933,39.756987,-104.969664,12/5/2016 18:40,18:40,6,0,0,HUMBOLDT STREET NORTH & 28TH AVENUE EAST,1,3,0,0,1,4,,0,25,0,0,0,0,0,4,2,3
,2016_01934,39.674754,-104.875281,5/24/2016 17:40,17:40,12,0,0,ILIFF AVENUE EAST & DAYTON WAY SOUTH,1,1,0,7,1,1,,0,35,0,0,0,0,0,4,2,3
,2016_01935,39.721338,-105.0300945,12/11/2016 3:03,3:03,6,0,0,IRVING STREET NORTH & THIRD AVENUE WEST,1,3,0,0,1,4,,0,25,0,0,0,0,0,4,2,5
,2016_01937,39.760299,-105.0299325,5/5/2016 17:40,17:40,1,0,0,IRVING STREET NORTH & 30TH AVENUE WEST,1,1,0,7,1,1,,0,25,0,0,0,0,1,4,2,16
,2016_01938,39.740085,-104.921163,5/5/2016 18:18,18:18,12,0,0,IVANHOE STREET NORTH & COLFAX AVENUE EAST,1,1,0,0,1,2,,0,25,0,0,0,0,0,4,2,13
,2016_01939,39.837969,-104.6928825,8/14/2016 13:07,13:07,15,0,0,JACKSON GAP STREET NORTH & 78TH AVENUE EAST,1,1,0,0,1,1,,0,35,0,0,0,0,0,4,2,8
,2016_01940,39.711366,-104.918823,9/24/2016 13:40,13:40,12,0,0,JASMINE STREET SOUTH & ALAMEDA AVENUE EAST,1,1,0,0,1,3,,0,25,0,0,0,0,0,4,2,7
,2016_01942,39.70755,-104.999193,12/29/2016 16:05,16:05,12,0,0,JASON STREET SOUTH & VIRGINIA AVENUE WEST,1,1,1,7,1,4,,0,30,0,0,0,0,0,4,2,16
,2016_01943,39.682215,-104.9374035,4/5/2016 19:13,19:13,1,0,0,JEWELL AVENUE 4300 BLOCK EAST & BELLAIRE STREET SOUTH,1,2,0,0,1,2,,0,25,0,0,0,0,0,4,2,3
,2016_01944,39.682287,-105.021522,10/12/2016 19:30,19:30,3,0,0,JEWELL AVENUE WEST & DALE COURT SOUTH,1,3,0,0,1,3,,0,30,0,0,0,0,0,4,2,14
,2016_01945,39.68226,-105.023736,1/19/2016 17:00,17:00,3,0,0,JEWELL AVENUE WEST & ELIOT STREET SOUTH,1,1,0,0,1,2,,0,30,0,0,0,0,0,4,2,7
,2016_01946,39.682017,-104.959395,4/8/2016 8:51,8:51,3,0,0,JEWELL AVENUE 2300 BLOCK EAST & UNIVERSITY BOULEVARD,1,1,0,0,1,5,,0,25,0,0,0,0,0,4,2,13
,2016_01947,39.720978,-104.95827,6/1/2016 15:08,15:08,6,0,0,JOSEPHINE STREET NORTH & THIRD AVENUE EAST,1,1,0,0,1,4,,0,30,0,0,0,0,0,4,2,14
,2016_01948,39.727314,-105.0002235,1/4/2016 13:51,13:51,3,0,0,KALAMATH STREET NORTH & SEVENTH AVENUE WEST,1,1,1,0,1,1,,0,30,0,0,0,0,0,4,2,13
,2016_01949,39.74603268,-105.0022112,12/28/2016 23:56,23:56,12,0,0,LARIMER STREET & 2100 BLOCK,1,3,0,0,1,4,,0,30,0,0,0,0,0,4,3,5
,2016_01950,39.746403,-105.0014385,5/6/2016 2:00,2:00,15,0,0,LARIMER STREET & SPEER BOULEVARD,1,3,0,0,1,3,,0,,0,0,0,0,0,4,2,13
,2016_01951,39.747609,-104.997762,6/13/2016 9:20,9:20,12,0,0,LAWRENCE STREET & 15TH STREET,1,1,0,0,1,3,,0,35,0,0,0,0,0,4,2,14
,2016_01953,39.689442,-105.034365,10/15/2016 2:02,2:02,12,0,1,LOWELL BOULEVARD SOUTH & FLORIDA AVENUE WEST,1,3,0,0,1,1,,0,30,0,0,0,0,2,4,2,13
,2016_01954,39.766968,-104.972103,6/15/2016 17:10,17:10,15,0,0,MARION STREET NORTH & 36TH AVENUE EAST,1,1,0,7,1,4,,0,30,0,0,0,0,0,4,2,1
,2016_01955,39.762,-104.919966,11/18/2016 16:21,16:21,12,0,0,MLK BOULEVARD & IVY STREET NORTH,1,1,0,7,1,4,,0,65,0,0,0,0,0,4,2,3
,2016_01956,39.725649,-104.986314,7/8/2016 18:42,18:42,10,0,0,LINCOLN STREET NORTH & SIXTH AVENUE EAST,1,1,0,0,1,2,,0,30,0,0,0,0,0,4,3,14
,2016_01957,39.730608,-104.985963,3/24/2016 20:49,20:49,12,0,0,LINCOLN STREET 900 BLOCK NORTH & 10TH AVENUE EAST,1,3,1,7,1,4,,0,35,0,0,0,0,0,4,2,16
,2016_01958,39.743244,-104.986107,12/5/2016 14:59,14:59,6,0,0,LINCOLN STREET NORTH & 17TH AVENUE EAST,1,1,0,0,1,4,,0,30,0,0,0,0,0,4,3,2
,2016_01959,39.746187,-104.9861025,7/30/2016 11:32,11:32,3,0,0,LINCOLN STREET & 19TH AVENUE EAST,1,1,1,7,1,1,,0,30,0,0,0,0,0,4,2,16
,2016_01960,39.711141,-104.9863905,4/12/2016 16:09,16:09,12,0,0,LINCOLN STREET 300 BLOCK SOUTH & ALAMEDA AVENUE EAST,1,1,0,7,1,3,,0,30,0,0,0,0,0,4,2,16
,2016_01961,39.73195332,-104.9822755,10/14/2016 12:35,12:35,15,0,0,LOGAN STREET NORTH & 1600 BLOCK,1,1,0,0,1,4,,0,30,0,0,0,0,0,4,2,13
,2016_01962,39.71934,-104.9826015,12/3/2016 6:00,6:00,6,0,0,LOGAN STREET & SECOND AVENUE,1,4,0,0,1,4,,0,25,0,0,0,0,0,4,4,5
,2016_01963,39.743424,-104.9820435,11/3/2016 8:33,8:33,15,0,0,LOGAN STREET 1700 BLOCK NORTH & 17TH AVENUE EAST,1,1,0,0,1,4,,0,30,0,0,0,0,1,4,4,13
,2016_01964,39.744819,-104.9823765,5/4/2016 12:53,12:53,15,0,0,LOGAN STREET NORTH & 18TH AVENUE EAST,1,1,0,0,1,1,,0,25,0,0,0,0,0,4,2,13
,2016_01965,39.722616,-104.982624,8/6/2016 3:20,3:20,5,0,0,LOGAN STREET NORTH & SPEER BOULEVARD EAST,1,3,0,7,3,3,,0,25,0,0,0,0,1,4,1,5
,2016_01966,39.693105,-105.0297345,5/25/2016 15:49,15:49,3,0,0,LOUISIANA AVENUE WEST & IRVING STREET SOUTH,1,1,0,7,1,1,,0,30,0,0,0,1,0,4,2,16
,2016_01967,39.693105,-105.039072,4/30/2016 18:43,18:43,3,0,0,LOUISIANA AVENUE WEST & PATTIN COURT SOUTH,2,1,0,7,1,1,,0,35,0,0,0,0,0,4,2,1
,2016_01968,39.698424,-104.908212,5/2/2016 20:30,20:30,15,0,0,ONEIDA STREET & TENNESSEE AVENUE,1,5,0,0,1,4,,0,25,0,0,0,0,0,4,2,14
,2016_01969,39.693006,-104.9816025,5/23/2016 18:55,18:55,15,0,0,LOUISIANA AVENUE & PENNSYLVANIA STS,1,1,0,0,1,4,,0,30,0,0,0,0,0,4,3,13
,2016_01970,39.780243,-105.0346035,2/29/2016 23:48,23:48,6,0,0,LOWELL BOULEVARD NORTH & 46TH AVENUE WEST,1,3,0,0,1,4,,0,30,0,0,0,0,0,4,2,13
,2016_01971,39.752676,-104.9946705,6/26/2016 1:09,1:09,6,0,0,MARKET STREET & 19TH STREET,1,3,0,0,1,4,,0,25,0,0,0,0,0,4,2,5
,2016_01972,39.79580586,-104.801065,10/1/2016 8:56,8:56,12,0,0,MAXWELL PLACE EAST & 14100 BLOCK,1,1,0,0,1,4,,0,30,0,0,0,0,0,4,2,13
,2016_01973,39.721302,-105.03612,2/25/2016 23:47,23:47,5,0,0,MEADE STREET NORTH & THIRD AVENUE WEST,1,3,1,0,2,3,,0,25,0,0,0,0,0,4,2,9
,2016_01974,39.790998,-104.796144,6/16/2016 17:19,17:19,12,0,0,MEMPHIS STREET NORTH & 53RD AVENUE EAST,1,1,0,7,1,1,,0,30,0,0,0,0,1,4,2,16
,2016_01975,39.696624,-104.9874525,9/11/2016 12:15,12:15,12,0,0,MISSISSIPPI AVENUE WEST & BROADWAY STREET SOUTH,1,1,1,0,1,3,,0,25,0,0,0,0,0,4,3,13
,2016_01976,39.696615,-104.908203,4/29/2016 13:15,13:15,3,0,0,MISSISSIPPI AVENUE EAST & ONEIDA STREET SOUTH,2,1,0,2,1,1,,0,30,0,0,0,0,0,4,2,16
,2016_01977,39.695652,-104.903595,6/28/2016 17:27,17:27,1,0,0,MISSISSIPPI AVENUE EAST & QUEBEC STREET SOUTH,1,1,0,0,1,4,,0,,0,0,0,0,1,4,2,1
,2016_01978,39.69675,-105.0127245,6/29/2016 21:15,21:15,3,0,2,MISSISSIPPI AVENUE WEST & TEJON STREET SOUTH,1,3,0,7,1,1,,0,30,0,0,0,0,2,4,3,3
,2016_01979,39.761964,-104.903451,3/1/2016 8:40,8:40,3,0,0,MLK BOULEVARD & QUEBEC STREET NORTH,1,1,0,7,1,1,,0,35,0,0,0,0,0,4,3,16
,2016_01980,39.761964,-104.903451,5/18/2016 18:51,18:51,12,0,0,MLK BOULEVARD & QUEBEC STREET NORTH,1,1,0,7,1,1,,0,35,0,0,0,0,1,4,2,12
,2016_01981,39.761964,-104.903451,12/23/2016 16:00,16:00,12,0,0,MLK BOULEVARD & QUEBEC STREET NORTH,1,1,0,0,1,3,,0,45,0,0,0,0,0,4,2,13
,2016_01982,39.721959,-104.9127435,7/8/2016 21:38,21:38,12,0,0,MONACO STREET NORTH & FOURTH AVENUE EAST,1,3,0,7,1,1,,0,35,0,0,0,0,0,4,2,12
,2016_01983,39.7053,-104.912982,3/11/2016 14:57,14:57,6,0,0,MONACO PARKWAY SOUTH & CENTER AVENUE EAST,1,1,0,0,1,3,,0,35,0,0,0,0,0,4,2,3
,2016_01984,39.740085,-104.9128065,1/16/2016 15:29,15:29,6,0,0,MONACO STREET 1500 BLOCK NORTH & COLFAX AVENUE EAST,1,1,0,7,1,4,,0,30,0,0,0,0,0,4,2,3
,2016_01985,39.683655,-104.912883,10/27/2016 10:25,10:25,12,0,0,MONACO STREET SOUTH & COLORADO DRIVE EAST,1,1,0,7,1,1,,0,35,0,0,0,0,0,4,2,1
,2016_01986,39.700233,-104.91291,5/24/2016 15:36,15:36,12,0,0,MONACO STREET 900 BLOCK SOUTH & KENTUCKY AVENUE EAST,1,1,1,7,1,3,,0,30,0,0,0,0,0,4,2,3
,2016_01987,39.777993,-104.912901,8/25/2016 5:45,5:45,10,0,0,MONACO PARKWAY & STAPLETON DRIVE SOUTH,1,2,0,0,1,1,,0,35,0,0,0,0,0,4,2,13
,2016_01988,39.667626,-104.912964,7/19/2016 11:49,11:49,12,0,0,MONACO STREET 2700 BLOCK SOUTH & YALE AVENUE EAST,1,1,0,7,1,3,,0,35,0,0,0,0,0,4,2,14
,2016_01989,39.747375,-104.9287005,5/4/2016 18:26,18:26,12,0,0,MONTVIEW BOULEVARD EAST & FAIRFAX STREET NORTH,1,1,0,7,1,3,,0,25,0,0,0,0,0,4,2,3
,2016_01990,39.73925455,-105.0213076,2/17/2016 7:55,7:55,12,0,0,MORRISON ROAD & 3700 BLOCK WEST,1,1,1,0,1,4,,0,35,0,0,0,0,0,4,2,7
,2016_01991,39.701988,-104.982795,7/7/2016 14:55,14:55,3,0,0,OHIO AVENUE EAST & LOGAN STREET SOUTH,1,1,0,0,1,1,,0,30,0,0,0,0,0,4,1,13
,2016_01992,39.702168,-105.0367725,5/30/2016 3:00,3:00,6,0,0,OHIO AVENUE WEST & NEWTON STREET SOUTH,1,3,0,0,1,1,,0,25,0,0,0,0,0,4,3,5