id,drcog_id,latitude,longitude,crashtime,time,crashtype,numbkilled,numbinjurd,drcoglocat,rdconditin,lightngcon,roadcntgrd,weatherco,location,roaddescrp,schoolzone,constrzone,splimit,bikeinv,pedinv,sctrinv,motoinv,svrty,rdsystem,ttlvehcls,hcf
,2016_01993,39.757518,-104.8658625,6/21/2016 18:03,18:03,3,0,2,28TH PLACE EAST & HAVANNA STREET NORTH,1,1,0,7,1,1,,0,25,0,0,0,0,2,4,2,8
,2016_01994,39.790305,-104.8491135,2/3/2016 7:40,7:40,15,0,0,PARIS STREET & 51ST AVENUE EAST,4,1,0,2,1,2,,0,25,0,0,0,0,0,4,2,1
,2016_01995,39.741651,-104.970591,9/9/2016 10:14,10:14,12,0,0,PARK AVENUE WEST & 16TH AVENUE EAST,1,1,0,1,1,4,,0,30,0,0,0,0,0,4,2,14
,2016_01996,39.765726,-104.9948415,8/9/2016 16:10,16:10,3,0,0,PARK AVENUE WEST & GLOBEVILLE ROAD,1,1,0,0,1,1,,0,35,0,0,0,0,0,4,2,12
,2016_01997,39.765726,-104.9948415,10/31/2016 16:02,16:02,12,0,0,PARK AVENUE WEST & GLOBEVILLE ROAD,1,1,1,7,1,4,,0,35,0,0,0,0,0,4,3,16
,2016_01998,39.742848,-104.9721615,1/14/2016 8:20,8:20,3,0,0,PARK AVENUE WEST & MARION STREET NORTH,1,1,0,0,1,1,,0,25,0,0,0,0,0,4,2,13
,2016_01999,39.75237,-104.984631,3/3/2016 14:00,14:00,3,0,0,PARK AVENUE WEST & STOUT STREET,1,1,1,0,1,1,,0,30,0,0,0,0,0,4,2,13
,2016_02000,39.749688,-104.9811255,5/18/2016 9:17,9:17,12,0,0,PARK AVENUE WEST & TREMONT PLACE,1,1,0,7,1,3,,0,30,0,0,0,0,0,4,3,3
,2016_02001,39.757887,-104.9917545,4/24/2016 10:55,10:55,12,0,0,PARK AVENUE WEST & WAZEE STREET,1,1,0,0,1,4,,0,35,0,0,0,0,0,4,2,13
,2016_02002,39.676932,-105.038622,12/14/2016 14:29,14:29,6,0,0,PATTON COURT & WARREN AVENUE,1,1,1,0,1,4,,0,25,0,0,0,0,0,4,3,7
,2016_02003,39.844602,-104.6809395,3/16/2016 23:28,23:28,15,0,0,PENA BOULEVARD & 8000 BLOCK,1,3,0,0,1,4,,0,45,0,0,0,0,0,4,2,8
,2016_02004,39.748878,-104.987448,4/13/2016 15:39,15:39,15,0,0,20TH STREET & BROADWAY STREET NORTH,1,1,0,0,1,1,,0,30,0,0,0,0,0,4,2,14
,2016_02005,39.83346903,-104.692932,2/24/2016 17:19,17:19,12,0,0,PENA BOULEVARD 25200 BLOCK & JACKSON GAP STREET NORTH,1,1,0,7,1,1,,0,25,0,0,0,0,0,4,2,7
,2016_02006,39.77570929,-104.846904,1/7/2016 15:49,15:49,12,0,0,PEORIA STREET 4300 BLOCK NORTH & 44TH AVENUE EAST,2,1,0,2,1,4,,0,40,0,0,0,0,0,4,2,13
,2016_02007,39.71715983,-105.0086025,9/13/2016 9:30,9:30,6,0,0,RARITAN STREET & 30 SOUTH,1,1,1,0,1,4,,0,,0,0,0,0,0,4,2,13
,2016_02008,39.77570929,-104.846904,1/12/2016 15:28,15:28,12,0,1,PEORIA STREET 4300 BLOCK NORTH & 44TH AVENUE EAST,1,1,0,0,1,1,,0,40,0,0,0,0,2,4,3,13
,2016_02009,39.776427,-104.8469535,4/26/2016 17:02,17:02,1,0,0,PEORIA STREET NORTH & 44TH AVENUE EAST,1,1,0,7,1,1,,0,35,0,0,0,0,1,4,2,16
,2016_02010,39.778047,-104.8471245,12/30/2016 11:50,11:50,12,0,0,PEORIA STREET NORTH & 45TH AVENUE EAST,1,1,0,7,1,2,,0,40,0,0,0,0,0,4,3,1
,2016_02011,39.79636351,-104.8470428,10/26/2016 17:05,17:05,12,0,0,PEORIA STREET 5500 BLOCK NORTH & 56TH AVENUE EAST,1,1,0,7,1,4,,0,40,0,0,0,0,0,4,2,16
,2016_02012,39.784005,-104.84712,8/15/2016 6:30,6:30,1,0,2,PEORIA STREET NORTH & ALBROOK DRIVE EAST,1,1,0,0,1,1,,0,40,0,0,0,0,2,4,2,13
,2016_02013,39.643425,-104.893929,7/26/2016 14:35,14:35,1,0,1,PRINCETON AVENUE EAST & TAMARAC DRIVE SOUTH,1,1,0,0,1,1,,0,25,0,0,0,0,2,4,2,13
,2016_02014,39.79527059,-104.846436,6/3/2016 16:45,16:45,6,0,0,QUARI STREET & 5400 BLOCK NORTH,1,1,0,0,1,4,,0,25,0,0,0,0,0,4,2,1
,2016_02015,39.684987,-104.9035905,5/25/2016 23:03,23:03,12,0,0,QUEBEC STREET 1600 BLOCK SOUTH & CHERRY CREEK SOUTH DRIVE EAST,1,3,0,7,1,4,,0,35,0,0,0,0,1,4,2,1
,2016_02016,39.761964,-104.903451,2/1/2016 14:14,14:14,3,0,0,QUEBEC STREET NORTH & MLK BOULEVARD,2,1,0,2,1,1,,0,35,0,0,0,0,0,4,2,16
,2016_02017,39.761964,-104.903451,5/8/2016 11:10,11:10,15,0,0,QUEBEC STREET NORTH & MLK BOULEVARD,1,1,0,7,1,3,,0,35,0,0,0,0,0,4,2,8
,2016_02018,39.730032,-104.9034735,10/14/2016 12:26,12:26,12,0,0,QUEBEC STREET 800 BLOCK NORTH & EIGHTH PLACE EAST,1,1,0,0,1,1,,0,30,0,0,0,0,0,4,4,14
,2016_02019,39.730455,-104.9636745,11/15/2016 9:45,9:45,6,0,0,RACE STREET & NINTH AVENUE EAST,1,1,0,0,1,4,,0,25,0,0,0,0,0,4,2,13
,2016_02020,39.696741,-105.009381,4/28/2016 11:42,11:42,6,0,0,RARITAN STREET SOUTH & MISSISSIPPI AVENUE WEST,2,1,0,1,1,3,,0,30,0,0,0,0,0,4,2,13
,2016_02021,39.743784,-104.899914,2/25/2016 9:45,9:45,12,0,0,ROSEMARY STREET & 17TH AVENUE,1,1,0,7,1,3,,0,20,0,0,0,0,0,4,2,16
,2016_02022,39.732039,-104.9848515,7/9/2016 8:55,8:55,3,0,0,10TH AVENUE EAST & SHERMAN STREET NORTH,1,3,0,7,1,1,,0,25,0,0,0,0,0,4,2,9
,2016_02023,39.749616,-105.0003405,6/6/2016 0:55,0:55,3,0,0,15TH STREET & BLAKE STREET,1,3,0,7,1,1,,0,30,0,0,0,0,0,4,2,3
,2016_02024,39.758355,-105.011802,5/16/2016 16:20,16:20,6,0,0,15TH STREET & BOULDER STREET,1,1,0,0,1,4,,0,30,0,0,0,0,0,4,2,14
,2016_02025,39.748257,-104.998662,4/18/2016 22:57,22:57,3,0,0,15TH STREET & LARIMER STREET,1,3,0,7,1,1,,0,30,0,0,0,0,0,4,2,14
,2016_02026,39.750651,-104.991984,12/10/2016 0:40,0:40,6,0,0,19TH STREET & ARAPAHOE STREET,1,3,0,0,1,4,,0,30,0,0,0,0,0,4,3,13
,2016_02027,39.75669,-104.9998815,4/1/2016 11:39,11:39,10,0,0,19TH STREET & CHESTNUT PLACE,1,1,0,0,1,1,,0,35,0,0,0,0,0,4,2,14
,2016_02028,39.750264,-104.9891625,4/11/2016 13:32,13:32,15,0,0,20TH STREET 800 BLOCK & CHAMPA STREET,1,1,0,0,1,4,,0,30,0,0,0,0,0,4,2,7
,2016_02029,39.757653,-104.998635,3/17/2016 7:30,7:30,15,0,0,20TH STREET 2000 BLOCK & CHESTNUT PLACE,1,1,0,0,1,1,,0,30,0,0,0,0,0,4,2,13
,2016_02030,39.757653,-104.998635,12/30/2016 22:43,22:43,3,0,0,20TH STREET & CHESTNUT PLACE,1,3,2,0,1,1,,0,35,0,0,0,0,1,4,2,5
,2016_02031,39.753612,-104.993451,2/26/2016 18:59,18:59,5,0,0,20TH STREET & MARKET STREET,1,3,0,0,3,1,,0,30,0,0,0,0,0,4,1,13
,2016_02032,39.762018,-105.0052905,2/5/2016 8:09,8:09,12,0,0,20TH STREET & OSAGE STREET NORTH / CENTRAL STREET,1,1,0,0,1,1,,0,35,0,0,0,0,0,4,2,14
,2016_02034,39.75498,-104.995143,5/25/2016 8:06,8:06,12,0,0,20TH STREET & WAZEE STREET,1,1,1,7,1,1,,0,30,0,0,0,0,0,4,2,16
,2016_02035,39.750804,-104.98743,2/9/2016 10:35,10:35,10,0,0,21ST STREET & BROADWAY STREET,1,1,0,0,1,1,,0,30,0,0,0,0,0,4,2,13
,2016_02036,39.750804,-104.98743,12/13/2016 15:05,15:05,3,0,0,21ST STREET & BROADWAY STREET NORTH,1,1,1,7,1,1,,0,25,0,0,0,0,0,4,2,8
,2016_02037,39.752667,-104.98743,7/24/2016 15:00,15:00,15,0,0,22ND STREET & BROADWAY NORTH,1,1,0,0,1,1,,0,30,0,0,0,0,0,4,2,13
,2016_02038,39.755457,-104.9910525,11/21/2016 11:19,11:19,3,0,0,22ND STREET & MARKET STREET,1,1,0,7,1,1,,0,30,0,0,0,0,0,4,2,16
,2016_02039,39.757464,-104.9815215,5/9/2016 6:12,6:12,6,0,0,27TH STREET & CURTIS STREET,1,2,0,0,1,4,,0,25,0,0,0,0,0,4,3,5
,2016_02040,39.755727,-104.9768325,3/28/2016 12:16,12:16,7,0,0,28TH STREET & WELTON STREET,1,1,0,0,1,1,,0,35,0,0,0,0,0,4,2,13
,2016_02041,39.761343,-104.981733,4/11/2016 15:27,15:27,6,0,0,29TH STREET & LARIMER,1,1,0,0,1,4,,0,25,0,0,0,0,0,4,2,13
,2016_02042,39.772962,-104.975442,12/17/2016 0:36,0:36,3,0,0,38TH STREET & BRIGHTON BOULEVARD NORTH,4,3,0,2,1,1,,0,25,0,0,0,0,0,4,2,7
,2016_02043,39.73138636,-104.9986792,1/22/2016 11:30,11:30,12,0,0,SANTA FE DRIVE NORTH & 800 BLOCK NORTH,1,1,0,0,1,4,,0,30,0,0,0,0,0,4,3,13
,2016_02044,39.71655,-104.998572,8/6/2016 10:50,10:50,10,0,2,SANTA FE DRIVE SOUTH & ELLSWORTH AVENUE WEST,1,1,1,0,1,1,,0,30,0,0,0,0,2,4,2,8
,2016_02045,39.650499,-105.053085,4/22/2016 15:20,15:20,12,0,0,SHERIDAN BOULEVARD SOUTH & KENYON AVENUE,1,1,0,0,1,4,,0,35,0,0,0,0,0,4,2,3
,2016_02046,39.639762,-105.05331,1/4/2016 1:57,1:57,5,0,0,SHERIDAN BOULEVARD & QUINCY AVENUE WEST,2,3,3,0,3,1,,0,35,0,0,0,0,0,4,1,1
,2016_02047,39.67999842,-104.922252,9/5/2016 4:30,4:30,5,0,0,HOLLY STREET SOUTH & 300 BLOCK NORTH,1,3,0,0,3,4,,0,25,0,0,0,0,0,4,1,5
,2016_02048,39.780144,-104.9846535,6/13/2016 19:04,19:04,6,0,0,SHERMAN STREET NORTH & 46TH AVENUE WEST,2,2,0,1,1,4,,0,25,0,0,0,0,0,4,2,1
,2016_02049,39.744468,-105.0000435,11/28/2016 18:58,18:58,15,0,0,SPEER BOULEVARD & ARAPAHOE STREET,1,3,0,0,1,4,,0,60,0,0,0,0,0,4,2,13
,2016_02050,39.758445,-105.0213735,4/22/2016 7:28,7:28,12,0,0,SPEER BOULEVARD EASTBOUND NORTH & 29TH AVENUE WEST,1,1,0,7,1,1,,0,35,0,0,0,0,0,4,2,14
,2016_02051,39.745755,-105.000174,4/27/2016 17:40,17:40,12,0,0,SPEER BOULEVARD NORTH & LAWRENCE STREET,1,1,0,7,1,4,,0,35,0,0,0,0,0,4,2,7
,2016_02052,39.722616,-104.982624,11/12/2016 13:40,13:40,15,0,0,SPEER BOULEVARD EAST & LOGAN STREET NORTH,1,1,0,0,1,1,,0,,0,0,0,0,0,4,2,13
,2016_02053,39.720456,-104.9791185,8/2/2016 8:25,8:25,3,0,0,SPEER BOULEVARD EAST & WASHINGTON STREET NORTH,1,1,0,7,1,1,,0,35,0,0,0,0,0,4,2,1
,2016_02054,39.75633,-105.015852,4/12/2016 11:00,11:00,1,0,0,SPEER BOULEVARD NORTH & ZUNI STREET NORTH,1,1,0,0,1,1,,0,35,0,0,0,0,0,4,2,14
,2016_02055,39.75633,-105.015852,7/7/2016 15:37,15:37,12,0,0,SPEER BOULEVARD NORTH & ZUNI STREET NORTH,1,1,0,7,1,4,,0,30,0,0,0,0,0,4,2,1
,2016_02056,39.667581,-104.9593905,10/10/2016 11:30,11:30,12,0,0,YALE AVENUE 2400 BLOCK EAST & UNIVERSITY BOULEVARD SOUTH,1,1,0,0,1,1,,0,,0,0,0,0,0,4,2,13
,2016_02057,39.716235,-104.949963,6/16/2016 12:00,12:00,12,0,0,STEELE STREET 000 BLOCK SOUTH & ELLSWORTH AVENUE EAST,1,1,0,7,1,4,,0,30,0,0,0,0,0,4,3,1
,2016_02058,39.75237,-104.984631,5/17/2016 10:04,10:04,3,0,0,STOUT STREET 2200 BLOCK & PARK AVENUE WEST,1,1,0,7,1,1,,0,30,0,0,0,0,0,4,2,3
,2016_02059,39.756123,-104.979771,11/30/2016 8:30,8:30,3,0,0,STOUT STREET & 27TH STREET,1,1,0,7,1,1,,0,25,0,0,0,0,0,4,2,8
,2016_02060,39.627999,-104.899941,7/26/2016 10:54,10:54,3,0,0,SYRACUSE STREET SOUTH & UNION AVENUE EAST,1,1,1,7,1,1,,0,35,0,0,0,0,0,4,2,16
,2016_02061,39.654279,-104.8988205,1/30/2016 23:14,23:14,12,0,0,TAMARAC DRIVE SOUTH & GIRARD AVENUE EAST,4,3,0,2,1,3,,0,30,0,0,0,0,0,4,2,16
,2016_02062,39.653109,-104.898753,3/17/2016 13:13,13:13,15,0,0,TAMARAC STREET 3400 BLOCK SOUTH & HAMPDEN AVENUE EAST,1,1,1,0,1,4,,0,30,0,0,0,0,0,4,2,13
,2016_02063,39.77575718,-105.0439759,10/28/2016 16:56,16:56,6,0,0,TENNYSON STREET & 4400 BLOCK NORTH,1,1,1,0,1,4,,0,30,0,0,0,0,0,4,2,1
,2016_02064,39.723912,-105.0439635,10/8/2016 5:21,5:21,6,0,0,TENNYSON STREET NORTH & FIFTH AVENUE WEST,1,3,0,0,1,4,,0,20,0,0,0,0,0,4,3,1
,2016_02065,39.679578,-105.044094,3/11/2016 11:30,11:30,12,0,0,TENNYSON STREET SOUTH & EVANS AVENUE WEST,1,1,0,7,1,1,,0,30,0,0,0,0,0,4,2,16
,2016_02066,39.741318,-104.9919615,2/26/2016 10:20,10:20,3,0,0,TREMONT PLACE & 14TH STREET,1,1,0,7,1,1,,0,25,0,0,0,0,0,4,3,16
,2016_02068,39.7422323,-104.9906668,5/26/2016 9:35,9:35,12,0,0,TREMONT PLACE 1500 BLOCK & 15TH STREET,1,1,0,7,1,3,,0,25,0,0,0,0,1,4,2,16
,2016_02069,39.71950109,-104.95944,7/6/2016 10:10,10:10,12,0,0,UNIVERSITY BOULEVARD & 1100 BLOCK SOUTH,1,1,0,0,1,4,,0,30,0,0,0,0,0,4,3,13
,2016_02070,39.74005238,-104.9597561,6/30/2016 13:33,13:33,15,0,0,YORK STREET 1500 BLOCK NORTH & 16TH AVENUE EAST,1,1,0,0,1,2,,0,35,0,0,0,0,0,4,2,14
,2016_02071,39.70566,-104.959323,5/26/2016 15:21,15:21,12,0,0,UNIVERSITY BL 600 BLOCK SOUTH & CENTER AVENUE EAST,2,1,1,7,1,3,,0,30,0,0,0,0,1,4,3,16
,2016_02072,39.676608,-104.959386,12/6/2016 7:00,7:00,12,0,0,UNIVERSITY BOULEVARD SOUTH & WARREN AVENUE EAST,1,1,0,7,1,4,,0,35,0,0,0,0,0,4,2,16
,2016_02073,39.696588,-104.962896,7/15/2016 13:41,13:41,3,0,0,VINE STREET SOUTH & MISSISSIPPI AVENUE EAST,1,1,0,7,1,1,,0,25,0,0,0,0,0,4,2,16
,2016_02074,39.772854,-104.968503,5/28/2016 15:14,15:14,3,0,0,WALNUT STREET & 40TH AVENUE,1,1,0,7,1,1,,0,25,0,0,0,0,0,4,2,14
,2016_02075,39.78129351,-104.978893,1/28/2016 21:37,21:37,6,0,0,WASHINGTON STREET & 1700 BLOCK NORTH,1,3,0,0,1,4,,0,30,0,0,0,0,0,4,2,14
,2016_02076,39.72906,-104.978754,7/25/2016 18:20,18:20,5,0,0,WASHINGTON STREET 800 NORTH & EIGHTH AVENUE EAST,1,1,1,0,3,5,,0,,0,0,0,0,0,4,1,13
,2016_02077,39.733695,-104.9787135,12/12/2016 0:55,0:55,6,0,0,WASHINGTON STREET & 11TH AVENUE,1,3,0,0,1,4,,0,35,0,0,0,0,0,4,2,1
,2016_02078,39.778335,-104.9793615,6/17/2016 19:53,19:53,12,0,0,WASHINGTON STREET NORTH & 45TH AVENUE EAST,1,3,0,7,1,1,,0,30,0,0,0,0,0,4,2,16
,2016_02079,39.75403274,-105.0101986,5/2/2016 14:10,14:10,1,0,1,WATER STREET 800 BLOCK & SPEER BOULEVARD NORTH,1,1,0,0,1,2,,0,25,0,0,0,1,2,4,2,8
,2016_02080,39.75204993,-104.9989788,9/2/2016 13:30,13:30,6,0,0,WAZEE STREET & 1400 BLOCK,1,1,0,0,1,4,,0,25,0,0,0,0,0,4,2,14
,2016_02081,39.678498,-104.9664015,3/7/2016 11:59,11:59,1,0,0,WILLIAMS STREET SOUTH & EVANS AVENUE EAST,2,1,0,1,1,1,,0,35,0,0,0,0,0,4,2,13
,2016_02082,39.728646,-105.048531,8/23/2016 17:12,17:12,10,0,1,WOLFF STREET NORTH & SEVENTH AVENUE WEST,1,1,1,0,1,3,,0,25,0,0,0,1,2,4,2,1
,2016_02083,39.667626,-104.908572,10/26/2016 14:42,14:42,15,0,0,YALE AVENUE EAST & NORMAN COURT SOUTH,1,1,0,0,1,4,,0,30,0,0,0,0,1,4,2,14
,2016_02084,39.7821206,-104.9592915,11/2/2016 12:25,12:25,12,0,0,YORK STREET & 4000 NORTH,1,1,0,0,1,4,,0,35,0,0,0,0,0,4,3,14
,2016_02085,39.756969,-104.959791,3/14/2016 18:03,18:03,6,0,0,YORK STREET NORTH & 28TH AVENUE EAST,1,1,0,0,1,1,,0,30,0,0,0,0,0,4,2,13
,2016_02087,39.741948,-104.8846725,5/16/2016 7:10,7:10,8,0,2,YOSEMITE STREET NORTH & 16TH AVENUE EAST,1,1,0,0,1,1,,0,30,0,0,0,0,2,4,2,7
,2016_02088,39.7189665,-104.876037,1/13/2016 13:09,13:09,15,0,0,YOSEMITE WAY NORTH & DAYTON STREET NORTH,1,1,1,0,1,6,,0,30,0,0,0,0,0,4,2,3
,2016_02089,39.657042,-104.8848255,8/4/2016 18:20,18:20,5,0,0,YOSEMITE STREET 3200 BLOCK SOUTH & EASTMAN PLACE EAST,1,1,1,7,3,3,,0,30,0,0,0,0,1,4,1,16
,2016_02090,39.651102,-104.8848435,2/6/2016 11:45,11:45,3,0,0,YOSEMITE STREET SOUTH & JEFFERSON AVENUE EAST,1,1,0,7,1,1,,0,35,0,0,0,0,0,4,2,16
,2016_02091,39.660282,-104.8851135,11/30/2016 0:40,0:40,5,0,0,YOSEMITE STREET SOUTH & SYRACUSE WAY SOUTH,1,3,0,7,3,4,,0,35,0,0,0,0,0,4,1,16
,2016_02092,39.693123,-105.0155955,7/14/2016 17:32,17:32,3,0,0,ZUNI STREET SOUTH & LOUISIANA AVENUE WEST,1,1,0,7,1,1,,0,25,0,0,0,0,0,4,2,7
,2016_02550,39.671271,-104.9875335,8/19/2016 13:10,13:10,5,0,0,BROADWAY SOUTH & HARVARD AVENUE EAST,1,1,0,0,3,4,,0,30,0,0,0,0,0,4,1,13
,2016_02678,39.7962734,-104.7586346,9/10/2016 0:03,0:03,6,0,0,FLANDERS WAY & 4714 NORTH,1,3,0,0,1,4,,0,,0,0,0,0,0,4,2,5
,2016_02707,39.719394,-104.954625,8/13/2016 20:30,20:30,1,0,0,DETROIT STREET NORTH & SECOND AVENUE EAST,1,3,0,0,1,1,,0,,0,0,0,0,0,4,2,13
,2016_02711,39.798396,-104.7873105,11/8/2016 16:06,16:06,5,0,0,PENA BOULEVARD 5400 BLOCK & 56TH AVENUE EAST,1,1,0,0,2,4,,0,65,0,0,0,0,0,4,1,13
,2016_02837,39.678507,-104.9722875,8/10/2016 15:30,15:30,5,0,0,EVANS AVENUE EAST & MARION STREET SOUTH,1,1,0,0,1,4,,0,,0,0,0,0,0,4,2,13
,2016_02848,39.742263,-104.9993505,1/5/2016 10:52,10:52,3,0,0,SPEER BOULEVARD SOUTHBOUND & CHAMPA STREET,1,1,0,0,1,1,,0,35,0,0,0,0,0,4,2,14
,2016_02849,39.703842,-104.973372,1/6/2016 22:16,22:16,6,0,0,DOWNING STREET SOUTH & EXPOSITION AVENUE EAST,1,3,1,0,1,4,,0,30,0,0,0,0,0,4,2,3
,2016_02850,39.785652,-104.893254,6/17/2016 18:30,18:30,12,0,0,NORTHFIELD BOULEVARD & UNITA STREET NORTH,1,1,0,0,1,1,,0,35,0,0,0,0,0,4,2,10
,2016_02851,39.748446,-105.0033735,8/3/2016 16:30,16:30,12,0,0,SPEER BOULEVARD & AURARIA PARKWAY,1,1,1,0,1,1,,0,35,0,0,0,0,0,4,2,13
,2016_02852,39.771063,-104.8470435,8/17/2016 14:16,14:16,15,0,0,39TH AVENUE EAST & PEORIA STREET NORTH,1,1,0,0,1,4,,0,30,0,0,0,0,0,4,2,13
,2016_02853,39.758049,-105.02055,8/23/2016 7:55,7:55,3,0,0,SPEER BOULEVARD & CLAY STREET NORTH,1,1,0,0,1,1,,0,30,0,0,0,0,0,4,2,1
,2016_02855,39.680226,-104.959404,8/23/2016 16:38,16:38,3,0,0,UNIVERSITY BOULEVARD SOUTH & ASBURY AVENUE EAST,1,1,1,0,1,1,,0,30,0,0,0,0,0,4,2,13
,2016_02856,39.751056,-104.995026,8/27/2016 0:35,0:35,10,0,0,18TH STREET & LARIMER STREET,1,3,0,0,1,1,,0,30,0,0,0,0,0,4,2,3
,2016_02857,39.738402,-104.970681,8/27/2016 9:12,9:12,9,0,0,LAFAYETTE STREET NORTH & 14TH AVENUE EAST,1,1,0,0,1,4,,0,30,0,0,0,0,0,4,2,7
,2016_02858,39.709305,-104.968692,8/28/2016 16:52,16:52,15,0,0,FRANKLIN STREET SOUTH & DAKOTA AVENUE EAST,1,1,0,0,1,1,,0,25,0,0,0,0,0,4,2,13
,2016_02859,39.744846,-104.9734035,8/29/2016 9:24,9:24,15,0,0,18TH AVENUE & DOWNING STREET NORTH,1,1,0,0,1,4,,0,30,0,0,0,0,1,4,2,13
,2016_02860,39.698532,-104.9529555,8/31/2016 12:46,12:46,6,0,0,CLAYTON WAY & BONNIE BRAE BOULEVARD,1,1,0,0,1,4,,0,25,0,0,0,0,0,4,2,14
,2016_02861,39.743262,-104.9775525,9/1/2016 1:00,1:00,3,0,0,CLARKSON STREET NORTH & 17TH AVENUE EAST,1,3,0,0,1,1,,0,30,0,0,0,0,0,4,3,12
,2016_02862,39.750705,-104.968413,9/2/2016 12:21,12:21,3,0,1,23RD AVENUE EAST & FRANKLIN STREET NORTH,1,1,1,0,1,1,,0,25,0,0,0,0,2,4,2,8
,2016_02863,39.679182,-105.0383205,9/3/2016 10:25,10:25,12,0,0,EVANS AVENUE EAST & PATTON CTS SOUTH,1,1,0,0,1,3,,0,30,0,0,0,0,1,4,2,4
,2016_02864,39.749454,-104.968431,9/3/2016 11:37,11:37,3,0,0,FRANKLIN STREET NORTH & 22ND AVENUE EAST,1,1,0,0,1,1,,0,30,0,0,0,0,0,4,2,13
,2016_02865,39.763827,-104.903451,9/6/2016 19:14,19:14,10,0,0,QUEBEC STREET NORTH & 33RD AVENUE EAST,1,1,0,0,1,1,,0,35,0,0,0,0,0,4,2,14
,2016_02866,39.693024,-104.987466,9/7/2016 6:27,6:27,12,0,0,LOUISIANA AVENUE & BROADWAY SOUTH,1,1,0,0,1,3,,0,35,0,0,0,0,0,4,3,13
,2016_02867,39.678552,-104.9828715,9/7/2016 12:32,12:32,12,0,0,EVANS AVENUE EAST & LOGAN STREET SOUTH,1,1,1,0,1,3,,0,30,0,0,0,0,0,4,2,13
,2016_02868,39.74107753,-104.9939967,9/8/2016 11:15,11:15,6,0,0,GLENARM PLACE & 1500 BLOCK,1,1,0,0,1,4,,0,30,0,0,0,0,0,4,2,13
,2016_02869,39.831858,-104.6929545,9/9/2016 3:29,3:29,10,0,0,75TH AVENUE & JACKSON GAP ROAD,1,3,0,0,1,2,,1,35,0,0,0,0,0,4,2,7
,2016_02870,39.758382,-104.912865,9/9/2016 11:10,11:10,10,0,0,MONACO STREET NORTH & 29TH AVENUE EAST,1,1,0,0,1,1,,0,30,0,0,0,0,0,4,2,8
,2016_02871,39.706731,-105.039144,9/10/2016 3:57,3:57,5,0,0,MORRISON ROAD & PATTON COURT SOUTH,1,3,0,0,2,4,,0,5,0,0,0,0,0,4,1,5
,2016_02872,39.71304,-105.015681,9/11/2016 21:22,21:22,6,0,0,ZUNI STREET SOUTH & CEDAR AVENUE WEST,1,3,0,0,1,4,,0,25,0,0,0,0,0,4,3,5
,2016_02873,39.687579,-104.9804505,9/13/2016 12:48,12:48,15,0,0,IOWA AVENUE & PEARL STREET SOUTH,1,1,1,0,1,4,,0,25,0,0,0,0,0,4,2,13
,2016_02874,39.747429,-104.897574,9/13/2016 17:01,17:01,3,0,0,MONTEVIEW BOULEVARD & SPRUCE STREET,1,1,0,0,1,1,,0,25,0,0,0,0,1,4,2,3
,2016_02875,39.727107,-104.9590665,9/14/2016 15:13,15:13,10,0,0,SEVENTH AVENUE EAST & JOSEPHINE STREET NORTH,1,1,0,0,1,1,,0,30,0,0,0,0,0,4,2,14
,2016_02876,39.794103,-104.7461805,9/14/2016 16:30,16:30,3,0,1,55TH AVENUE EAST & KIRK STREET NORTH,1,1,0,0,1,1,,0,25,0,0,0,0,2,4,2,13
,2016_02877,39.71115,-104.9851845,9/14/2016 16:50,16:50,3,0,0,ALAMEDA AVENUE EAST & SHERMAN STREET SOUTH,1,1,0,0,1,1,,0,35,0,0,0,0,1,4,2,13
,2016_02878,39.693024,-104.9862735,9/16/2016 7:39,7:39,15,0,0,LINCOLN STREET SOUTH & LOUISIANA AVENUE EAST,1,1,0,0,1,3,,0,30,0,0,0,0,0,4,2,13
,2016_02879,39.761964,-104.903451,9/24/2016 15:54,15:54,12,0,0,MLK BOULEVARD & QUEBEC STREET NORTH,1,1,0,0,1,4,,0,45,0,0,0,0,1,4,2,14
,2016_02880,39.63799513,-104.9126831,9/26/2016 0:12,0:12,6,0,0,MONACO STREET & 1140 SOUTH,1,3,0,0,3,4,,0,35,0,0,0,0,0,4,3,2
,2016_02881,39.711186,-104.997132,9/28/2016 12:50,12:50,12,0,2,ALAMEDA AVENUE & SANTA FE DRIVE SOUTH,1,1,0,0,1,3,,0,30,0,0,0,0,2,4,3,13
,2016_02882,39.73842,-104.987394,9/28/2016 19:50,19:50,12,0,0,BROADWAY STREET & 14TH AVENUE EAST,1,3,0,0,1,4,,0,30,0,0,0,0,1,4,3,13
,2016_02883,39.738465,-105.0381405,9/30/2016 12:15,12:15,6,0,0,OSCEOLA STREET & 14TH AVENUE WEST,1,1,0,0,1,3,,0,30,0,0,0,0,0,4,2,14
,2016_02884,39.762018,-105.015843,10/9/2016 13:25,13:25,3,0,0,ZUNI STREET NORTH & 32ND AVENUE WEST,1,1,0,0,1,5,,0,10,0,0,0,0,0,4,2,13
,2016_02885,39.741615,-104.9684535,10/11/2016 14:39,14:39,12,0,0,FRANKLIN STREET & 16TH AVENUE EAST,1,1,0,0,1,3,,0,25,0,0,0,0,1,4,2,13