id,drcog_id,latitude,longitude,crashtime,time,crashtype,numbkilled,numbinjurd,drcoglocat,rdconditin,lightngcon,roadcntgrd,weatherco,location,roaddescrp,schoolzone,constrzone,splimit,bikeinv,pedinv,sctrinv,motoinv,svrty,rdsystem,ttlvehcls,hcf
,2016_02886,39.713355,-105.0443055,10/14/2016 13:25,13:25,6,0,0,CEDAR AVENUE WEST & UTICA STREET SOUTH,1,1,0,0,1,4,,0,25,0,0,0,0,0,4,2,14
,2016_02887,39.725316,-104.9348655,5/17/2016 7:51,7:51,12,0,0,SIXTH AVENUE EAST & CLERMONT STREET NORTH,2,1,0,1,1,4,,0,30,0,0,0,0,0,4,2,14
,2016_02888,39.711186,-104.9482305,10/14/2016 16:30,16:30,12,0,0,ALAMEDA AVENUE EAST & CHERRY CREEK SOUTH DRIVE,1,1,0,0,1,3,,0,30,0,0,0,0,1,4,2,13
,2016_02889,39.7351514,-104.9732032,3/24/2016 18:18,18:18,3,0,0,12TH AVENUE & 2300 EAST,4,1,0,0,1,5,,0,25,0,0,0,0,0,4,2,13
,2016_02890,39.783816,-104.7816855,12/6/2016 8:10,8:10,12,0,0,GREEN VALLEY RANCH BOULEVARD EAST & TELLURIDE STREET NORTH,1,1,0,0,1,4,,0,40,0,0,0,0,0,4,3,12
,2016_02891,39.74001,-104.99202,2/29/2016 14:34,14:34,15,0,0,FIRST AVENUE & 2900 BLOCK EAST,1,1,0,0,1,3,,0,30,0,0,0,0,0,4,2,13
,2016_02892,39.71835,-104.9837715,12/6/2016 0:01,0:01,6,0,0,FIRST AVENUE EAST & GRANT STREET NORTH,1,3,0,0,1,1,,0,25,0,0,0,0,0,4,2,14
,2016_02893,39.718404,-104.9985855,6/14/2016 14:10,14:10,3,0,0,FIRST AVENUE WEST & SANTA FE DRIVE NORTH,1,1,1,0,1,1,,0,25,0,0,0,0,0,4,2,1
,2016_02894,39.718179,-104.959314,12/26/2016 18:15,18:15,12,0,0,FIRST AVENUE EAST & UNIVERSITY BOULEVARD NORTH,1,3,0,7,1,1,,0,30,0,0,0,0,0,4,2,16
,2016_02895,39.720222,-105.0151905,8/5/2016 12:15,12:15,3,0,0,SECOND AVENUE WEST & YUMA STREET NORTH,1,1,0,0,1,1,,0,25,0,0,0,0,0,4,2,7
,2016_02896,39.720924,-104.9875065,2/24/2016 15:00,15:00,3,0,0,THIRD AVENUE 000 BLOCK WEST & BROADWAY STREET NORTH,1,1,0,7,1,5,,0,15,0,0,0,0,0,4,2,1
,2016_02897,39.720915,-104.99859,11/30/2016 13:10,13:10,15,0,0,THIRD AVENUE & SANTA FE DRIVE,1,1,0,0,1,2,,0,25,0,0,0,0,0,4,2,13
,2016_02898,39.722535,-104.987502,4/29/2016 14:29,14:29,3,0,0,FOURTH AVENUE WEST & BROADWAY STREET NORTH,2,1,0,2,1,1,,0,25,0,0,0,0,0,4,2,14
,2016_02899,39.722913,-105.0324705,3/27/2016 18:20,18:20,3,0,0,FOURTH AVENUE WEST & KNOX COURT NORTH,1,1,0,0,1,1,,0,25,0,0,0,0,0,4,2,14
,2016_02900,39.724128,-104.9582655,8/23/2016 14:05,14:05,3,0,0,FIFTH AVENUE EAST & JOSEPHINE STREET NORTH,1,1,1,0,1,1,,0,25,0,0,0,0,1,4,2,13
,2016_02902,39.725604,-104.947317,3/25/2016 19:12,19:12,15,0,0,SIXTH AVENUE EAST & COOK STREET NORTH,1,2,0,7,1,4,,0,35,0,0,0,0,0,4,2,16
,2016_02903,39.72513078,-104.9811374,10/24/2016 16:18,16:18,6,0,0,PENNSYLVANIA STREET NORTH & 4600 BLOCK,1,1,1,0,1,4,,0,25,0,0,0,0,0,4,2,13
,2016_02904,39.725595,-104.944005,7/14/2016 17:36,17:36,10,0,0,SIXTH AVENUE EAST & GARFIELD STREET NORTH,1,1,0,0,1,1,,0,35,0,0,0,0,0,4,2,8
,2016_02905,39.725613,-104.9613435,7/13/2016 17:15,17:15,15,0,0,SIXTH AVENUE 2100 BLOCK EAST & GAYLORD STREET NORTH,1,1,0,7,1,4,,0,35,0,0,0,0,0,4,2,12
,2016_02906,39.790764,-104.984721,4/22/2016 19:00,19:00,5,0,0,GRANT STREET & 4781 NORTH,1,4,0,0,3,5,,0,10,0,0,0,0,0,4,1,13
,2016_02907,39.725694,-104.9985945,1/6/2016 18:48,18:48,15,0,0,SIXTH AVENUE WEST & SANTA FE DRIVE NORTH,1,3,0,0,1,4,,0,35,0,0,0,0,0,4,2,8
,2016_02908,39.72726,-104.9861565,9/30/2016 22:55,22:55,3,0,0,SEVENTH AVENUE EAST & LINCOLN STREET NORTH,1,2,0,7,1,1,,0,60,0,0,0,0,0,4,2,16
,2016_02909,39.728934,-104.992866,2/22/2016 17:19,17:19,3,0,0,EIGHTH AVENUE WEST & DELAWARE STREET NORTH,1,4,0,0,1,1,,0,30,0,0,0,0,0,4,2,1
,2016_02910,39.728934,-104.992866,7/26/2016 16:52,16:52,3,0,0,EIGHTH AVENUE WEST & DELAWARE STREET NORTH,1,1,0,7,1,1,,0,35,0,0,0,0,0,4,2,16
,2016_02911,39.729114,-104.959071,7/21/2016 5:22,5:22,3,0,1,EIGHTH AVENUE EAST & JOSEPHINE STREET NORTH,1,1,1,7,1,1,,0,35,0,0,0,0,2,4,2,3
,2016_02912,39.729276,-104.9128155,11/21/2016 5:35,5:35,3,0,0,EIGHTH AVENUE EAST & MONACO STREET NORTH,1,4,0,7,1,1,,0,35,0,0,0,0,0,4,2,8
,2016_02913,39.732129,-105.005277,11/10/2016 9:54,9:54,3,0,0,10TH AVENUE WEST & OSAGE STREET NORTH,1,1,0,0,1,1,,0,20,0,0,0,0,0,4,2,13
,2016_02914,39.732003,-104.978682,5/4/2016 18:37,18:37,3,0,0,10TH AVENUE 700 BLOCK EAST & WASHINGTON STREET NORTH,1,1,0,0,1,5,,0,25,0,0,0,0,1,4,3,1
,2016_02915,39.732003,-104.978682,11/25/2016 21:40,21:40,3,0,0,10TH AVENUE EAST & WASHINGTON STREET NORTH,1,3,0,7,1,1,,0,30,0,0,0,0,0,4,2,12
,2016_02916,39.73365,-104.9161545,2/10/2016 12:38,12:38,3,0,0,11TH AVENUE EAST & KRAMERIA STREET NORTH,1,1,0,7,1,1,,0,25,0,0,0,0,0,4,2,16
,2016_02917,39.732858,-104.9020425,1/21/2016 20:06,20:06,3,0,0,11TH AVENUE EAST & QUINCE STREET NORTH,1,3,1,7,1,1,,0,25,0,0,0,0,0,4,2,16
,2016_02918,39.73383,-104.984874,4/28/2016 15:30,15:30,3,0,0,11TH AVENUE EAST & SHERMAN STREET NORTH,1,1,0,7,1,1,,0,30,0,0,0,0,0,4,2,16
,2016_02919,39.732867,-104.893443,10/18/2016 15:50,15:50,1,0,0,11TH AVENUE EAST & UINTA WAY NORTH,1,1,0,7,1,1,,0,30,0,0,0,0,1,4,2,16
,2016_02920,39.733695,-104.9787135,7/10/2016 14:50,14:50,3,0,0,11TH AVENUE EAST & WASHINGTON STREET NORTH,1,1,0,7,1,1,,0,25,0,0,0,0,0,4,2,16
,2016_02921,39.735243,-104.98617,7/3/2016 0:56,0:56,3,0,0,12TH AVENUE EAST & LINCOLN STREET NORTH,1,3,0,7,1,1,,0,25,0,0,0,0,0,4,2,16
,2016_02922,39.735144,-104.9798925,1/4/2016 12:50,12:50,3,0,1,12TH AVENUE EAST & PEARL STREET,1,1,0,0,1,1,,0,25,0,0,0,0,2,4,2,13
,2016_02923,39.736485,-104.9292135,5/5/2016 17:14,17:14,12,0,0,13TH AVENUE EAST & ELM STREET NORTH,1,1,0,7,1,4,,0,30,0,0,0,0,0,4,2,14
,2016_02924,39.736845,-104.98617,8/12/2016 17:55,17:55,15,0,0,13TH AVENUE EAST & LINCOLN STREET NORTH,1,1,1,0,1,4,,0,25,0,0,0,0,0,4,2,14
,2016_02925,39.737268,-104.909364,1/27/2016 8:55,8:55,3,0,1,13TH AVENUE EAST & NEWPORT STREET NORTH,1,1,0,7,1,1,,0,20,0,0,0,0,2,4,2,7
,2016_02926,39.736863,-104.9799015,11/14/2016 13:26,13:26,6,0,0,13TH AVENUE 600 BLOCK NORTH & PEARL STREET NORTH,1,1,0,0,1,4,,0,35,0,0,0,0,0,4,2,7
,2016_02927,39.736863,-104.996484,5/21/2016 20:00,20:00,3,0,0,13TH AVENUE WEST & SPEER BOULEVARD NORTH,1,3,0,7,1,1,,0,35,0,0,0,0,1,4,2,16
,2016_02928,39.736863,-104.996484,8/10/2016 9:10,9:10,3,0,0,13TH AVENUE WEST & SPEER BOULEVARD NORTH,1,1,0,7,1,1,,0,35,0,0,0,0,0,4,2,16
,2016_02929,39.738456,-104.9902425,4/4/2016 10:33,10:33,15,0,0,14TH AVENUE 100 BLOCK WEST & BANNOCK STREET NORTH,1,1,0,0,1,4,,0,35,0,0,0,0,0,4,2,14
,2016_02930,39.738276,-104.931522,9/10/2016 8:02,8:02,3,0,2,14TH AVENUE EAST & DAHLIA STREET NORTH,1,1,0,7,1,1,,0,25,0,0,0,0,2,4,2,16
,2016_02931,39.738393,-104.973048,7/16/2016 15:00,15:00,15,0,0,14TH AVENUE EAST & DOWNING STREET NORTH,1,1,0,7,1,1,,0,35,0,0,0,0,0,4,2,16
,2016_02932,39.738456,-104.995314,11/10/2016 11:00,11:00,3,0,0,14TH AVENUE WEST & FOX STREET NORTH,1,1,0,7,1,1,,0,30,0,0,0,0,0,4,2,16
,2016_02933,39.762009,-105.008022,3/10/2016 22:00,22:00,6,0,0,32ND AVENUE 1800 BLOCK WEST & QUIVAS STREET NORTH,1,3,1,0,1,4,,0,30,0,0,0,0,0,4,2,5
,2016_02934,39.738447,-104.986143,3/15/2016 11:40,11:40,15,0,0,14TH AVENUE EAST & LINCOLN STREET NORTH,1,1,1,0,1,1,,0,35,0,0,0,0,0,4,2,8
,2016_02935,39.748536,-104.99652,2/14/2016 12:39,12:39,5,0,0,16TH STREET 1100 BLOCK & LAWRENCE STREET,1,1,0,0,2,4,,0,10,0,0,0,0,0,4,1,13
,2016_02936,39.738447,-104.986143,6/28/2016 10:17,10:17,15,0,0,14TH AVENUE EAST & LINCOLN STREET NORTH,1,1,0,0,1,1,,0,30,0,0,0,0,0,4,2,13
,2016_02937,39.738339,-104.95179,6/8/2016 14:11,14:11,8,0,0,14TH AVENUE EAST & MILWAUKEE STREET NORTH,1,1,0,7,1,4,,0,30,0,0,0,0,0,4,2,14
,2016_02938,39.738672,-104.8940145,2/20/2016 14:08,14:08,3,0,0,14TH AVENUE EAST & ULSTER STREET NORTH,1,1,0,7,1,1,,0,30,0,0,0,0,0,4,2,16
,2016_02939,39.738366,-104.9598225,1/8/2016 11:30,11:30,12,0,0,14TH AVENUE EAST & YORK STREET NORTH,2,1,0,2,1,1,,0,30,0,0,0,0,0,4,2,13
,2016_02940,39.743226,-104.9734125,9/29/2016 13:33,13:33,3,0,0,17TH AVENUE EAST & DOWNING STREET NORTH,1,1,0,0,1,1,,0,30,0,0,0,0,0,4,2,8
,2016_02941,39.743766,-104.9116545,11/29/2016 8:15,8:15,3,0,0,17TH AVENUE EAST & MAGNOLIA STREET NORTH,1,1,0,7,1,1,,0,30,0,0,0,0,0,4,2,16
,2016_02942,39.743244,-104.978736,12/8/2016 18:55,18:55,15,0,0,17TH AVENUE & WASHINGTON STREET NORTH,5,3,0,0,1,4,,0,30,0,0,0,0,0,4,2,13
,2016_02943,39.743766,-104.8846725,7/25/2016 11:53,11:53,1,0,0,17TH AVENUE EAST & YOSEMITE STREET NORTH,1,1,0,7,1,1,,0,30,0,0,0,0,1,4,2,16
,2016_02944,39.74001,-104.99202,10/27/2016 7:45,7:45,15,0,0,18TH AVENUE & 1700 BLOCK EAST,1,1,0,0,1,4,,0,30,0,0,0,0,0,4,2,13
,2016_02945,39.744846,-104.9734035,12/9/2016 21:00,21:00,15,0,0,18TH AVENUE EAST & DOWNING STREET NORTH,1,3,0,0,1,4,,0,35,0,0,0,0,0,4,2,13
,2016_02946,39.744837,-104.976144,1/15/2016 15:25,15:25,3,0,0,18TH AVENUE EAST & EMERSON STREET NORTH,1,1,0,0,1,1,,0,25,0,0,0,0,0,4,2,14
,2016_02947,39.744828,-104.967225,1/19/2016 10:00,10:00,3,0,0,18TH AVENUE EAST & GILPIN STREET NORTH,1,1,0,7,1,1,,0,30,0,0,0,0,0,4,2,16
,2016_02948,39.74481,-104.9835735,6/10/2016 22:00,22:00,15,0,0,18TH AVENUE 300 BLOCK EAST & GRANT STREET NORTH,1,3,0,7,1,3,,0,30,0,0,0,0,0,4,2,1
,2016_02949,39.744801,-104.9861205,7/18/2016 8:42,8:42,3,0,0,18TH AVENUE EAST & LINCOLN STREET,1,1,1,0,1,1,,0,25,0,0,0,0,0,4,2,13
,2016_02950,39.745161,-105.0252255,6/12/2016 6:45,6:45,6,0,0,18TH AVENUE WEST & FEDERAL BOULEVARD NORTH,1,1,1,0,1,4,,0,20,0,0,0,0,0,4,2,13
,2016_02951,39.746367,-105.026814,1/4/2016 9:03,9:03,3,0,0,19TH AVENUE WEST & GROVE STREET NORTH,1,1,0,0,1,1,,0,35,0,0,0,0,1,4,2,14
,2016_02952,39.746169,-104.98482,1/9/2016 10:11,10:11,6,0,0,19TH AVENUE 200 BLOCK EAST & SHERMAN STREET NORTH,5,1,0,7,1,4,,0,30,0,0,0,0,0,4,3,12
,2016_02953,39.749445,-104.9696325,1/9/2016 16:00,16:00,3,0,0,22ND AVENUE 1500 BLOCK EAST & HUMBOLDT STREET NORTH,1,1,0,0,1,2,,0,30,0,0,0,0,0,4,2,13
,2016_02954,39.751047,-104.9269545,7/11/2016 8:00,8:00,3,0,0,23RD AVENUE EAST & FOREST STREET NORTH,1,1,0,7,1,1,,0,30,0,0,0,0,0,4,2,7
,2016_02955,39.757896,-104.8906935,4/20/2016 7:10,7:10,3,0,0,29TH AVENUE EAST & CENTRAL PARK BOULEVARD,1,1,0,7,1,1,,0,30,0,0,0,0,0,4,2,16
,2016_02956,39.760767,-104.9721255,10/5/2016 17:03,17:03,12,0,0,31ST AVENUE EAST & MARION STREET NORTH,1,1,0,7,1,1,,0,35,0,0,0,0,0,4,2,1
,2016_02957,39.760749,-104.959782,3/27/2016 14:15,14:15,10,0,0,31ST AVENUE EAST & YORK STREET NORTH,1,1,0,0,1,1,,0,35,0,0,0,0,1,4,2,13
,2016_02958,39.760749,-104.959782,12/26/2016 4:32,4:32,3,0,0,31ST AVENUE EAST & YORK STREET NORTH,1,3,0,7,1,1,,0,60,0,0,0,0,0,4,2,16
,2016_02959,39.74001,-104.99202,1/13/2016 15:32,15:32,15,0,0,38TH AVENUE & 2600 BLOCK WEST,1,1,1,0,1,4,,0,30,0,0,0,0,0,4,2,13
,2016_02960,39.769272,-105.0174225,5/29/2016 13:50,13:50,3,0,0,38TH AVENUE WEST & ALCOTT STREET NORTH,1,1,0,0,1,1,,0,35,0,0,0,0,0,4,2,13
,2016_02961,39.76929,-105.02289,12/6/2016 17:11,17:11,12,0,0,38TH AVENUE WEST & ELIOT STREET NORTH,1,3,0,7,1,1,,0,35,0,0,0,0,1,4,3,16
,2016_02962,39.76947,-105.040485,7/4/2016 15:43,15:43,12,0,0,38TH AVENUE WEST & QUITMAN STREET NORTH,1,1,0,0,1,1,,0,35,0,0,0,0,0,4,2,13
,2016_02963,39.769371,-105.050925,2/13/2016 17:34,17:34,12,0,0,38TH AVENUE WEST & YATES STREET NORTH,1,2,0,7,1,1,,0,35,0,0,0,1,1,4,2,3
,2016_02964,39.773178,-104.809932,10/15/2016 20:46,20:46,12,0,0,40TH AVENUE EAST EAST & CHAMBERS ROAD NORTH,1,3,1,7,1,3,,0,40,0,0,0,0,0,4,2,5
,2016_02965,39.694788,-104.9874615,1/30/2016 3:22,3:22,5,0,0,BROADWAY SOUTH & ARIZONA AVENUE EAST,1,3,0,0,2,1,,0,35,0,0,0,0,0,4,1,5
,2016_02966,39.776517,-104.9901174,11/15/2016 12:45,12:45,12,0,0,44TH AVENUE WEST & 3000 BLOCK,1,1,1,0,1,4,,0,30,0,0,0,0,1,4,2,13
,2016_02967,39.77667,-105.027606,4/1/2016 12:55,12:55,3,0,0,44TH AVENUE WEST & GROVE STREET NORTH,1,1,0,7,1,1,,0,30,0,0,0,0,0,4,2,12
,2016_02968,39.778902,-104.953014,12/8/2016 15:20,15:20,6,0,0,45TH AVENUE & FILLMORE STREET NORTH,5,1,0,0,1,4,,0,25,0,0,0,0,0,4,2,14
,2016_02969,39.777993,-104.7720735,8/13/2016 10:40,10:40,12,0,0,45TH AVENUE EAST & TOWER ROAD NORTH,1,1,0,7,1,1,,0,25,0,0,0,0,1,4,2,16
,2016_02970,39.838023,-104.7097305,5/5/2016 17:10,17:10,15,0,0,78TH AVENUE 24500 BLOCK EAST & CALAWBA STREET NORTH,1,1,0,7,1,4,,0,45,0,0,0,0,0,4,2,8
,2016_02971,39.709026,-104.875443,4/27/2016 6:40,6:40,5,0,0,ALAMEDA AVENUE 9700 BLOCK EAST & DAYTON STREET,1,1,0,7,3,4,,0,35,0,0,0,0,0,4,1,14
,2016_02972,39.780873,-104.8829445,7/8/2016 9:37,9:37,15,0,0,46TH AVENUE EAST & CENTRAL PARK BOULEVARD NORTH,1,1,0,7,1,4,,0,30,0,0,0,0,0,4,3,6
,2016_02973,39.779577,-104.8471335,5/17/2016 22:00,22:00,10,0,0,46TH AVENUE EAST & PEORIA STREET NORTH,2,3,0,1,1,2,,0,25,0,0,0,0,0,4,2,8
,2016_02974,39.78252,-104.872095,1/13/2016 17:04,17:04,12,0,0,47TH AVENUE EAST & FLORENCE STREET NORTH,1,3,0,0,1,1,,0,35,0,0,0,0,0,4,2,7
,2016_02975,39.782358,-104.8589955,5/21/2016 3:25,3:25,5,0,1,47TH AVENUE 11000 BLOCK EAST & KINGSTON STREET NORTH,1,3,0,0,2,4,,0,45,0,0,0,0,2,4,1,5
,2016_02976,39.781926,-104.963454,6/11/2016 13:52,13:52,6,0,0,47TH AVENUE 980 EAST & RACE STREET NORTH,1,1,3,0,1,1,,0,30,0,0,0,0,1,4,2,5
,2016_02978,39.783762,-104.837067,1/4/2016 7:05,7:05,10,0,0,48TH AVENUE EAST 12951 & TITAN COURT,5,1,1,0,1,2,,0,25,0,0,0,0,0,4,2,13
,2016_02979,39.787002,-104.805054,10/15/2016 4:18,4:18,5,0,0,51ST AVENUE EAST & JASPER STREET NORTH,1,3,0,7,2,4,,0,25,0,0,0,0,0,4,1,2
,2016_02980,39.79026,-104.810553,12/10/2016 19:15,19:15,3,0,0,53RD AVENUE EAST & GRANBY STREET NORTH,1,3,0,7,1,1,,0,30,0,0,0,0,0,4,2,14
,2016_02981,39.74001,-104.99202,7/19/2016 9:20,9:20,15,0,0,56TH AVENUE EAST & MACON STREET NORTH,1,1,0,0,1,2,,0,45,0,0,0,0,0,4,2,13
,2016_02982,39.798234,-104.7721815,2/27/2016 15:50,15:50,12,0,0,56TH AVENUE EAST & TOWER ROAD NORTH,1,1,0,0,1,1,,0,45,0,0,0,0,0,4,2,1
,2016_02983,39.719403,-104.9485815,12/9/2016 10:04,10:04,3,0,0,ADAMS STREET NORTH & SECOND AVENUE EAST,2,1,1,7,1,1,,0,25,0,0,0,0,1,4,2,3
,2016_02984,39.711114,-104.9679378,5/12/2016 17:01,17:01,1,0,0,ALAMEDA AVENUE & 4200 BLOCK EAST,1,1,0,0,1,1,,0,35,0,0,0,0,1,4,2,13
,2016_02985,39.709026,-104.875443,3/18/2016 6:52,6:52,1,0,0,ALAMEDA AVENUE EAST & DAYTON STREET SOUTH,5,2,0,2,1,1,,0,40,0,0,0,0,0,4,2,14
,2016_02986,39.711177,-104.9269635,1/8/2016 18:36,18:36,3,0,0,ALAMEDA AVENUE EAST & FOREST STREET SOUTH,2,3,1,0,1,1,,0,30,0,0,0,0,0,4,2,5
,2016_02987,39.711177,-104.9269635,5/23/2016 15:39,15:39,3,0,0,ALAMEDA AVENUE EAST & FOREST STREET SOUTH,1,1,0,7,1,1,,0,25,0,0,0,0,1,4,2,14
,2016_02988,39.71115,-104.982795,6/15/2016 15:45,15:45,12,0,0,ALAMEDA AVENUE 300 BLOCK EAST & LOGAN STREET SOUTH,1,1,0,7,1,3,,0,30,0,0,0,0,1,4,2,16
,2016_02989,39.711393,-104.9111505,5/18/2016 5:58,5:58,12,0,0,ALAMEDA AVENUE 6500 BLOCK EAST & MAGNOLIA STREET SOUTH,1,1,0,7,1,3,,0,35,0,0,0,0,0,4,2,1
,2016_02990,39.680532,-105.020343,1/21/2016 16:51,16:51,3,0,0,CLAY STREET SOUTH & ASBURY AVENUE WEST,1,2,0,0,1,1,,0,30,0,0,0,0,0,4,2,7
,2016_02991,39.711366,-104.912964,3/31/2016 7:17,7:17,3,0,0,ALAMEDA AVENUE 6400 BLOCK EAST & MONACO STREET SOUTH,1,1,0,7,1,3,,0,30,0,0,0,0,0,4,2,14
,2016_02992,39.711366,-104.912964,10/19/2016 2:45,2:45,1,0,0,ALAMEDA AVENUE EAST & MONACO STREET SOUTH,2,3,0,1,1,1,,0,30,0,0,0,0,0,4,2,5
,2016_02993,39.711366,-104.912964,10/21/2016 15:19,15:19,12,0,0,ALAMEDA AVENUE EAST & MONACO STREET SOUTH,1,1,1,7,1,1,,0,35,0,0,0,0,0,4,2,3
,2016_02994,39.705678,-105.023844,11/19/2016 15:00,15:00,6,0,0,ELIOTT STREET & CENTER AVENUE WEST,1,1,0,0,1,2,,0,25,0,0,0,0,0,4,2,13
,2016_02995,39.711114,-104.980383,10/25/2016 17:15,17:15,3,0,0,ALAMEDA AVENUE EAST & PEARL STREET SOUTH,1,2,0,0,1,1,,0,30,0,0,0,0,1,4,2,13
,2016_02996,39.711123,-104.981544,8/2/2016 17:10,17:10,1,0,0,ALAMEDA AVENUE EAST & PENNSYLVANIA STREET SOUTH,1,1,0,0,1,1,,0,30,0,0,0,0,1,4,2,13
,2016_02997,39.711348,-104.9035005,10/26/2016 22:48,22:48,3,0,0,ALAMEDA AVENUE EAST & QUEBEC STREET SOUTH,1,3,0,7,1,1,,0,35,0,0,0,0,1,4,2,16
,2016_02998,39.711186,-104.997132,7/9/2016 7:19,7:19,1,0,0,ALAMEDA AVENUE WEST & SANTA FE DRIVE SOUTH,1,1,0,7,1,1,,0,30,0,0,0,0,0,4,2,16
,2016_02999,39.707064,-104.8854105,12/11/2016 8:37,8:37,5,0,0,ALAMEDA AVENUE 8700 BLOCK EAST & XENIA STREET SOUTH,12,1,0,7,3,4,,0,35,0,0,0,0,0,4,1,1
,2016_03000,39.7759725,-104.936166,2/27/2016 11:30,11:30,6,0,0,ALBION STREET & 2870 NORTH,1,1,0,0,1,4,,0,25,0,0,0,0,0,4,2,7
,2016_03001,39.7759725,-104.936166,11/28/2016 17:57,17:57,6,0,0,ALBION STREET & 4100 BLOCK NORTH,1,4,0,0,1,4,,0,25,0,0,0,0,0,4,2,14
,2016_03002,39.779289,-104.839803,1/8/2016 1:04,1:04,12,0,0,ALBROOK DRIVE EAST & CROWN BOULEVARD NORTH,4,3,0,2,1,3,,0,,0,0,0,0,0,4,2,16
,2016_03003,39.73261063,-105.0182578,10/17/2016 14:52,14:52,12,0,0,ALCOTT WAY & 1000 BLOCK NORTH,1,1,1,0,1,4,,0,25,0,0,0,0,0,4,2,13
,2016_03004,39.775032,-104.809923,7/8/2016 7:35,7:35,12,0,0,ANDREWS DRIVE EAST & CHAMBERS ROAD NORTH,1,1,0,7,1,3,,0,25,0,0,0,0,1,4,2,4
,2016_03005,39.694923,-105.0250815,4/28/2016 22:20,22:20,6,0,0,ARIZONA AVENUE 3000 BLOCK WEST & FEDERAL BOULEVARD,2,4,0,1,6,4,,0,25,0,0,0,0,0,4,2,5
,2016_03006,39.680343,-104.9805135,7/14/2016 15:20,15:20,3,0,2,ASBURY AVENUE EAST & PEARL STREET SOUTH,1,1,0,7,1,1,,0,25,0,0,0,0,2,4,2,16
,2016_03007,39.738267,-104.9383935,7/22/2016 23:55,23:55,3,0,0,ASH STREET NORTH & 14TH AVENUE EAST,1,4,1,7,1,1,,0,25,0,0,0,0,0,4,2,16
,2016_03008,39.746547,-105.0076035,11/18/2016 17:50,17:50,12,0,0,AURARIA PARKWAY & NINTH STREET,1,3,0,0,1,1,,0,35,0,0,0,0,0,4,3,13
,2016_03009,39.631383,-105.089877,2/10/2016 8:10,8:10,3,0,0,BALSAM WAY SOUTH & UNION AVENUE WEST,1,1,0,0,1,1,,0,25,0,0,0,0,0,4,2,13
,2016_03010,39.703842,-104.9494725,9/6/2016 8:30,8:30,12,0,0,BELCARO DRIVE EAST & EXPOSITION AVENUE EAST,1,1,0,0,1,4,,0,25,0,0,0,0,0,4,2,13
,2016_03011,39.624192,-104.89473,7/26/2016 16:25,16:25,1,0,0,BELLEVIEW AVENUE EAST & ULSTER STREET SOUTH,1,1,0,0,1,2,,0,35,0,0,0,0,0,4,2,13
,2016_03012,39.784113,-104.8232115,1/30/2016 4:12,4:12,5,0,0,BOLLING DRIVE EAST & 50TH AVENUE EAST,1,3,0,0,3,4,,0,25,0,0,0,0,0,4,1,2
,2016_03013,39.785472,-104.966514,9/17/2016 21:09,21:09,14,0,0,BRIGHTON BOULEVARD 4900 BLOCK NORTH & 49TH AVENUE EAST,1,3,0,0,1,4,,0,35,0,0,0,0,0,4,2,5
,2016_03014,39.76838716,-104.9812621,7/8/2016 23:19,23:19,12,0,0,BRIGHTON BOULEVARD 3300 BLOCK NORTH & 35TH STREET,1,4,0,7,1,4,,0,30,0,0,0,0,1,4,2,7
,2016_03015,39.724137,-104.9875065,4/1/2016 11:10,11:10,12,0,0,BROADWAY NORTH & FIFTH AVENUE EAST,1,1,0,7,1,3,,0,30,0,0,0,0,0,4,2,16
,2016_03016,39.725631,-104.9874435,1/19/2016 18:25,18:25,12,0,0,BROADWAY NORTH & SIXTH AVENUE EAST,1,3,0,7,1,4,,0,30,0,0,0,0,0,4,2,16
,2016_03017,39.725631,-104.9874435,3/15/2016 12:33,12:33,3,0,0,BROADWAY & SIXTH AVENUE EAST,1,1,0,0,1,2,,0,30,0,0,0,0,0,4,2,13
,2016_03018,39.680289,-104.987583,5/9/2016 11:48,11:48,12,0,0,BROADWAY & ASBURY AVENUE WEST,1,1,0,7,1,4,,0,35,0,0,0,0,0,4,3,1
,2016_03019,39.720987,-104.9546475,8/23/2016 23:36,23:36,5,0,0,DETROIT STREET NORTH & THIRD AVENUE EAST,1,3,0,0,2,4,,0,,0,0,0,0,0,4,1,13
,2016_03020,39.678498,-104.987565,8/3/2016 18:55,18:55,12,0,0,BROADWAY SOUTH & EVANS AVENUE EAST,1,1,0,7,1,4,,0,45,0,0,0,0,0,4,2,16
,2016_03021,39.696624,-104.9874525,6/24/2016 16:40,16:40,10,0,0,BROADWAY SOUTH & MISSISSIPPI AVENUE EAST,1,1,0,0,1,1,,1,30,0,0,0,0,0,4,2,8
,2016_03022,39.70215,-104.9875605,6/21/2016 23:30,23:30,1,0,0,BROADWAY 800 BLOCK SOUTH & OHIO AVENUE,1,3,0,0,1,1,,0,35,0,0,0,0,0,4,2,8
,2016_03023,39.688875,-104.973435,7/7/2016 11:39,11:39,15,0,0,BUCHTEL BOULEVARD 1200 BLOCK EAST & DOWNING STREET SOUTH,1,1,0,7,1,4,,0,25,0,0,0,0,0,4,2,14
,2016_03024,39.756618,-104.874282,12/21/2016 8:00,8:00,6,0,0,EMPORIA STREET NORTH & 28TH AVENUE EAST,4,1,0,2,1,5,,0,10,0,0,0,0,0,4,2,7