id,drcog_id,latitude,longitude,crashtime,time,crashtype,numbkilled,numbinjurd,drcoglocat,rdconditin,lightngcon,roadcntgrd,weatherco,location,roaddescrp,schoolzone,constrzone,splimit,bikeinv,pedinv,sctrinv,motoinv,svrty,rdsystem,ttlvehcls,hcf
,2016_03025,39.74001,-104.99202,10/7/2016 9:50,9:50,3,0,0,BUCHTEL BOULEVARD EAST & STEELE STREET SOUTH,1,1,0,0,1,1,,0,30,0,0,0,0,0,4,2,13
,2016_03026,39.746106,-104.9909715,11/7/2016 21:00,21:00,15,0,0,CALIFORNIA STREET & 17TH STREET,1,3,0,0,1,4,,0,25,0,0,0,0,0,4,2,4
,2016_03027,39.75356374,-104.9812393,5/4/2016 22:55,22:55,6,0,0,CALIFORNIA STREET 2500 BLOCK & 25TH STREET,1,3,0,0,1,4,,0,30,0,0,0,0,0,4,4,2
,2016_03028,39.756132,-104.8907115,5/21/2016 15:30,15:30,3,0,0,CENTRAL PARK BOULEVARD & 28TH AVENUE EAST,1,1,0,7,1,1,,0,35,0,0,0,0,0,4,2,14
,2016_03029,39.757896,-104.8906935,8/6/2016 1:31,1:31,6,0,0,CENTRAL PARK BOULEVARD & 29TH AVENUE EAST,2,3,0,1,1,4,,0,35,0,0,0,0,0,4,2,13
,2016_03030,39.774105,-104.882778,5/14/2016 15:27,15:27,5,0,0,CENTRAL PARK BOULEVARD 3900 BLOCK NORTH & 40TH AVENUE EAST,1,1,1,7,3,4,,0,30,0,0,0,0,0,4,1,2
,2016_03031,39.773178,-104.809932,12/9/2016 18:09,18:09,12,0,0,CHAMBERS ROAD NORTH & 40TH AVENUE EAST,1,3,0,7,1,4,,0,35,0,0,0,0,1,4,3,12
,2016_03032,39.655314,-104.91588,2/21/2016 11:52,11:52,5,0,0,LOCUST STREET SOUTH & HOLLY PLACE SOUTH,1,1,0,0,3,1,,0,25,0,0,0,0,0,4,1,13
,2016_03033,39.775032,-104.809923,3/9/2016 12:47,12:47,3,0,0,CHAMBERS ROAD NORTH & ANDREWS DRIVE EAST,1,1,0,7,1,1,,0,25,0,0,0,0,1,4,3,7
,2016_03034,39.775032,-104.809923,6/24/2016 12:33,12:33,15,0,0,CHAMBERS ROAD NORTH & ANDREWS DRIVE EAST,1,1,0,0,1,1,,0,40,0,0,0,0,0,4,2,13
,2016_03035,39.783807,-104.809833,8/26/2016 19:11,19:11,1,0,3,CHAMBERS ROAD NORTH & GATEWAY AVENUE EAST,1,1,0,0,1,1,,0,40,0,0,0,0,2,4,2,13
,2016_03036,39.783771,-104.8096575,11/20/2016 18:50,18:50,12,0,0,CHAMBERS ROAD NORTH & GREEN VALLEY RANCH BOULEVARD EAST,1,3,0,7,1,1,,0,40,0,0,0,0,1,4,2,16
,2016_03037,39.720906,-104.992137,2/16/2016 12:32,12:32,3,0,0,CHEROKEE STREET NORTH & THIRD AVENUE WEST,1,1,0,7,1,1,,0,25,0,0,0,0,0,4,2,7
,2016_03038,39.736827,-104.99166,2/7/2016 15:15,15:15,10,0,0,CHEROKEE STREET NORTH & 13TH AVENUE WEST,1,1,0,0,1,1,,0,30,0,0,0,0,0,4,2,8
,2016_03039,39.711168,-104.99238,2/10/2016 17:05,17:05,6,0,0,CHEROKEE STREET 300 BLOCK SOUTH & ALAMEDA AVENUE WEST,1,1,0,0,1,4,,0,30,0,0,0,0,0,4,2,13
,2016_03040,39.715686,-104.992164,7/13/2016 9:42,9:42,6,0,0,CHEROKEE STREET 000 SOUTH & ARCHER PLACE WEST,1,1,0,7,1,4,,0,25,0,0,0,0,0,4,3,12
,2016_03041,39.75417,-104.9893335,8/24/2016 13:57,13:57,6,0,0,LAWRENCE STREET & 22ND STREET,2,1,1,1,1,4,,0,30,0,0,0,0,0,4,2,13
,2016_03042,39.73842,-104.977674,11/12/2016 3:20,3:20,6,0,0,CLARKSON STREET NORTH & 14TH AVENUE EAST,1,4,0,0,1,4,,0,25,0,0,0,0,0,4,3,5
,2016_03043,39.719322,-104.9775165,8/2/2016 7:56,7:56,12,0,0,CLARKSON STREET & EMERSON 900 BLOCK ALLEY,1,1,0,0,1,1,,0,15,0,0,0,0,0,4,2,13
,2016_03044,39.71842293,-105.020424,12/19/2016 15:00,15:00,6,0,0,CLAY STREET & 900 BLOCK,6,1,0,0,1,4,,0,25,0,0,0,0,0,4,2,5
,2016_03045,39.714642,-104.9351175,2/8/2016 7:57,7:57,6,0,0,CLERMONT STREET 000 BLOCK SOUTH & BAYAUD AVENUE EAST,1,1,1,0,1,2,,0,25,0,0,0,0,0,4,2,14
,2016_03046,39.670776,-104.9353245,2/14/2016 9:10,9:10,6,0,0,CLERMONT STREET SOUTH & HARVARD AVENUE EAST,1,1,0,0,1,4,,0,25,0,0,0,0,0,4,2,3
,2016_03047,39.76575596,-104.9572852,7/2/2016 9:21,9:21,6,0,0,COLUMBINE STREET 3500 BLOCK NORTH & 36TH AVENUE EAST,2,1,0,1,1,4,,0,25,0,0,0,0,0,4,3,13
,2016_03048,39.749022,-104.9802345,1/27/2016 8:25,8:25,12,0,0,COURT PLACE 2300 BLOCK & PARK AVENUE WEST,1,1,0,7,1,4,,0,25,0,0,0,0,0,4,2,16
,2016_03049,39.792789,-104.8237515,5/1/2016 16:52,16:52,12,0,0,CROWN BOULEVARD NORTH & MAXWELL PLACE EAST,1,1,0,0,1,1,,0,25,0,0,0,0,0,4,2,1
,2016_03050,39.789648,-104.821884,2/25/2016 7:18,7:18,12,0,0,CRYSTAL STREET NORTH & 52ND AVENUE EAST,1,1,0,0,1,1,,0,25,0,0,0,0,0,4,2,14
,2016_03051,39.707199,-105.038127,5/23/2016 19:32,19:32,15,0,1,CUSTER PLACE & OSCEOLA STREET SOUTH,1,1,0,0,1,4,,0,25,0,0,0,0,2,4,2,14
,2016_03052,39.709269,-104.978061,2/4/2016 17:26,17:26,3,0,0,DAKOTA AVENUE EAST & CLARKSON STREET SOUTH,5,3,0,0,1,1,,0,25,0,0,0,0,0,4,2,14
,2016_03053,39.709305,-105.025104,2/9/2016 8:50,8:50,3,0,0,DAKOTA AVENUE WEST & FEDERAL BOULEVARD SOUTH,1,1,0,0,1,2,,0,25,0,0,0,0,0,4,2,13
,2016_03054,39.709305,-104.9863905,1/22/2016 8:45,8:45,3,0,1,DAKOTA AVENUE EAST & LINCOLN STREET SOUTH,1,1,0,7,1,1,,0,25,0,0,0,0,2,4,2,16
,2016_03055,39.709296,-104.9827815,3/18/2016 11:04,11:04,3,0,0,DAKOTA AVENUE EAST & LOGAN STREET SOUTH,2,1,0,2,1,1,,0,25,0,0,0,0,0,4,2,14
,2016_03056,39.709728,-105.043212,12/2/2016 16:10,16:10,3,0,0,DAKOTA AVENUE WEST & STUART STREET SOUTH,1,1,0,7,1,1,,0,25,0,0,0,0,0,4,2,14
,2016_03057,39.660237,-105.032664,4/23/2016 19:00,19:00,3,0,0,DARTMOUTH AVENUE WEST & IRVING STREET SOUTH,1,2,0,7,1,1,,0,25,0,0,0,0,0,4,2,1
,2016_03058,39.706884,-104.875353,12/1/2016 9:00,9:00,1,0,0,DAYTON STREET & CENTER AVENUE,1,1,0,0,1,1,,0,30,0,0,0,0,0,4,2,13
,2016_03059,39.75823396,-104.9328052,1/13/2016 11:15,11:15,6,0,0,DEXTER STREET & 2300 BLOCK NORTH,1,1,0,7,1,4,,0,25,0,0,0,0,0,4,2,7
,2016_03060,39.69292004,-104.9733567,7/17/2016 13:00,13:00,15,0,0,DOWNING STREET 1300 BLOCK NORTH & 13TH AVENUE EAST,1,1,0,7,1,4,,0,25,0,0,0,0,0,4,2,16
,2016_03061,39.750714,-104.973354,4/21/2016 15:40,15:40,3,0,0,DOWNING STREET NORTH & 23RD AVENUE EAST,1,1,0,0,1,2,,0,35,0,0,0,0,0,4,2,14
,2016_03062,39.756987,-104.973372,12/24/2016 8:00,8:00,6,0,0,DOWNING STREET NORTH & 28TH AVENUE EAST,1,2,0,0,3,4,,0,30,0,0,0,0,0,4,3,12
,2016_03063,39.711105,-104.97339,7/12/2016 14:12,14:12,12,0,0,DOWNING STREET SOUTH & ALAMEDA AVENUE EAST,1,1,0,7,1,1,,0,30,0,0,0,0,1,4,2,3
,2016_03064,39.712896,-104.9734035,11/8/2016 16:19,16:19,3,0,0,DOWNING STREET SOUTH & CEDAR AVENUE EAST,1,2,0,7,1,1,,0,30,0,0,0,0,0,4,2,12
,2016_03065,39.762054,-104.973345,2/15/2016 13:15,13:15,6,0,0,DOWNING STREET & MLK BOULEVARD,1,1,0,0,1,4,,0,30,0,0,0,0,0,4,2,12
,2016_03066,39.707469,-104.973381,12/15/2016 12:45,12:45,12,0,0,DOWNING STREET 400 BLOCK SOUTH & VIRGINIA AVENUE EAST,1,1,0,7,1,3,,0,30,0,0,0,0,0,4,2,16
,2016_03067,39.673098,-104.973462,11/10/2016 12:58,12:58,1,0,0,DOWNING STREET SOUTH & WESLEY AVENUE EAST,1,1,1,7,1,1,,0,35,0,0,0,0,0,4,2,16
,2016_03068,39.794823,-104.762781,2/22/2016 13:49,13:49,3,0,0,DUNKIRK STREET NORTH & MAXWELL PLACE EAST,1,1,0,0,1,1,,0,25,0,0,0,0,1,4,2,13
,2016_03069,39.7158345,-105.0176183,5/20/2016 23:34,23:34,12,0,0,EVANS AVENUE & ARCHER PLACE,1,3,0,0,1,1,,0,35,0,0,0,0,1,4,2,14
,2016_03070,39.678417,-104.9642147,5/20/2016 17:10,17:10,1,0,0,EVANS AVENUE EAST & 7100,1,1,0,0,1,2,,0,35,0,0,0,0,1,4,3,13
,2016_03071,39.678462,-104.947983,1/8/2016 16:57,16:57,12,0,0,EVANS AVENUE EAST & COOK STREET SOUTH,12,3,1,2,1,4,,0,35,0,0,0,0,1,4,2,14
,2016_03072,39.678489,-104.967585,12/8/2016 19:17,19:17,12,0,0,EVANS AVENUE & GILPIN STREET SOUTH,4,3,0,0,1,4,,0,30,0,0,0,0,0,4,2,13
,2016_03073,39.678435,-104.922234,12/1/2016 22:44,22:44,12,0,0,EVANS AVENUE EAST & HOLLY STREET SOUTH,1,3,0,7,1,3,,0,30,0,0,0,0,0,4,2,14
,2016_03074,39.678444,-104.9209965,10/31/2016 17:00,17:00,3,0,0,EVANS AVENUE 5700 BLOCK EAST & IVANHOE STREET SOUTH,1,1,0,0,1,2,,0,35,0,0,0,1,1,4,2,13
,2016_03075,39.678597,-105.0332445,3/18/2016 8:31,8:31,12,0,0,EVANS AVENUE 3500 BLOCK WEST & KING STREET SOUTH,5,1,0,2,1,4,,0,25,0,0,0,0,0,4,2,16
,2016_03076,39.678516,-104.9757615,2/22/2016 15:41,15:41,12,0,0,EVANS AVENUE 1000 EAST & OGDEN STREET SOUTH,1,1,0,7,1,3,,0,30,0,0,0,0,1,4,2,3
,2016_03077,39.678498,-104.9664015,2/12/2016 14:15,14:15,6,0,0,EVANS AVENUE EAST & WILLIAMS STREET SOUTH,1,1,0,0,1,4,,0,35,0,0,0,0,0,4,2,13
,2016_03080,39.704013,-105.0324435,6/6/2016 17:45,17:45,12,0,0,EXPOSITION AVENUE 3400 BLOCK WEST & KNOX COURT SOUTH,2,1,0,1,1,4,,0,25,0,0,0,0,0,4,2,14
,2016_03081,39.757887,-104.9917545,7/23/2016 18:15,18:15,12,0,0,PARK AVENUE WEST & WAZEE STREET,1,1,0,7,1,4,,0,30,0,0,0,0,0,4,2,1
,2016_03083,39.689316,-104.9339745,11/3/2016 8:03,8:03,6,0,0,FLORIDA AVENUE 4600 BLOCK EAST & CHERRY STREET SOUTH,1,2,0,0,1,4,,0,30,0,0,0,0,1,4,3,14
,2016_03084,39.689325,-104.931702,12/5/2016 9:02,9:02,12,0,0,FLORIDA AVENUE 4800 BLOCK EAST & DAHLIA STREET SOUTH,1,1,0,7,1,3,,0,30,0,0,0,0,1,4,3,3
,2016_03085,39.689217,-105.0003,2/28/2016 19:18,19:18,8,0,0,FLORIDA AVENUE 800 BLOCK WEST & PLATTE RIVER DRIVE SOUTH,1,4,0,7,1,4,,0,25,0,0,0,0,1,4,2,5
,2016_03086,39.689217,-105.0003,12/10/2016 7:44,7:44,15,0,0,FLORIDA AVENUE WEST & PLATTE RIVER DRIVE SOUTH,1,1,0,0,1,3,,0,25,0,0,0,0,0,4,2,13
,2016_03087,39.78166604,-104.9269824,4/3/2016 8:21,8:21,6,0,0,FOREST STREET & 3401,1,1,0,0,1,1,,0,25,0,0,0,0,0,4,2,7
,2016_03088,39.722517,-104.9951835,3/27/2016 1:15,1:15,6,0,0,FOX STREET & FOURTH AVENUE WEST,1,3,1,0,1,4,,0,25,0,0,0,0,1,4,2,9
,2016_03089,39.718152,-105.0275745,10/30/2016 21:10,21:10,6,0,0,HAZEL COURT & FIRST AVENUE,1,4,0,0,1,3,,0,25,0,0,0,0,0,4,2,5
,2016_03090,39.722517,-104.9951835,5/19/2016 7:11,7:11,3,0,0,FOX STREET NORTH & FOURTH AVENUE WEST,1,1,0,0,1,1,,0,20,0,0,0,0,0,4,2,7
,2016_03091,39.709305,-104.968692,6/1/2016 7:51,7:51,6,0,0,FRANKLIN STREET SOUTH & DAKOTA AVENUE EAST,1,1,0,0,1,4,,0,25,0,0,0,0,0,4,2,13
,2016_03092,39.78441,-104.813532,12/31/2016 4:55,4:55,5,0,0,GATEWAY AVENUE EAST & FONTANA COURT NORTH,1,3,0,7,2,4,,0,35,0,0,0,0,1,4,1,5
,2016_03093,39.74107753,-104.9939967,11/30/2016 9:05,9:05,15,0,0,GLENARM PLACE & 2200 BLOCK,1,1,0,0,1,4,,0,,0,0,0,0,0,4,2,13
,2016_03094,39.76940055,-104.9915387,1/10/2016 15:30,15:30,5,0,0,GLOBEVILLE ROAD & 4050 NORTH,1,2,1,1,3,4,,0,35,0,0,0,0,0,4,1,5
,2016_03095,39.790764,-104.984721,1/29/2016 14:10,14:10,15,0,0,GRANT STREET & 1700 BLOCK,1,1,0,0,1,4,,0,30,0,0,0,0,0,4,3,13
,2016_03096,39.716523,-104.9837805,12/10/2016 1:22,1:22,6,0,0,GRANT STREET SOUTH & ELLSWORTH AVENUE EAST,1,4,0,0,1,4,,0,25,0,0,0,0,0,4,3,5
,2016_03097,39.783609,-104.7913916,11/10/2016 16:06,16:06,3,0,0,GREEN VALLEY RANCH BOULEVARD EAST & PENA BOULEVARD OUTB,1,1,0,0,1,1,,0,40,0,0,0,0,0,4,2,1
,2016_03098,39.783816,-104.7816855,7/17/2016 17:33,17:33,12,0,0,GREEN VALLEY RANCH BOULEVARD EAST & TELLURIDE STREET NORTH,1,1,0,7,1,1,,0,45,0,0,0,0,0,4,2,16
,2016_03099,39.66073,-104.88567,5/1/2016 6:53,6:53,5,0,0,HAMPDEN AVENUE  & 5400 BLOCK WEST,1,1,0,0,2,4,,0,30,0,0,0,0,0,4,1,13
,2016_03100,39.674286,-105.051051,5/23/2016 1:00,1:00,6,0,0,HARVARD AVENUE WEST & ZENOBIA STREET,1,4,0,0,1,4,,0,25,0,0,0,0,0,4,2,2
,2016_03101,39.760038,-104.865813,11/17/2016 4:40,4:40,3,0,0,HAVANA STREET NORTH & MLK BOULEVARD,1,3,0,7,1,1,,0,30,0,0,0,0,1,4,2,16
,2016_03102,39.758805,-104.86305,3/11/2016 8:10,8:10,15,0,0,HAVANA STREET NORTH & 29TH PLACE EAST,1,1,0,0,1,1,,0,35,0,0,0,0,0,4,2,1
,2016_03103,39.83346903,-104.692932,7/7/2016 8:24,8:24,5,0,1,PENA BOULEVARD & JACKSON GAP STREET,1,1,1,7,2,4,,0,55,0,0,0,0,2,4,1,16
,2016_03104,39.680271,-104.9652315,3/21/2016 0:30,0:30,5,0,0,HIGH STREET 2000 BLOCK SOUTH & ASBURY AVENUE EAST,1,4,0,7,3,4,,0,30,0,0,0,0,0,4,1,14
,2016_03105,39.711204,-104.9222835,5/1/2016 8:30,8:30,12,0,0,HOLLY STREET SOUTH & ALAMEDA AVENUE EAST,2,1,1,2,1,3,,0,35,0,0,0,0,0,4,2,16
,2016_03106,39.711204,-104.9222835,7/15/2016 6:18,6:18,12,0,0,HOLLY STREET SOUTH & ALAMEDA AVENUE EAST,1,1,1,7,1,3,,0,35,0,0,0,0,0,4,2,16
,2016_03107,39.714687,-104.922261,2/12/2016 20:35,20:35,6,0,0,HOLLY STREET 100 BLOCK SOUTH & BAYAUD AVENUE EAST,1,4,1,0,1,4,,0,30,0,0,0,0,1,4,3,5
,2016_03108,39.675312,-105.02883,2/27/2016 2:55,2:55,6,0,0,HOOKER WAY SOUTH & ILIFF AVENUE WEST,1,4,0,0,1,4,,0,25,0,0,0,0,0,4,2,13
,2016_03109,39.678435,-104.9234265,6/30/2016 10:00,10:00,1,0,0,HUDSON STREET SOUTH & EVANS AVENUE EAST,1,1,0,0,1,1,,0,35,0,0,0,0,0,4,2,13
,2016_03110,39.759507,-104.969655,5/11/2016 21:06,21:06,6,0,0,HUMBOLDT STREET NORTH & 30TH AVENUE EAST,1,3,0,0,1,4,,0,25,0,0,0,0,0,4,3,7
,2016_03111,39.687642,-105.0297435,1/23/2016 23:00,23:00,6,0,0,IOWA STREET & IRVING STREET,1,3,0,0,1,1,,0,35,0,0,0,0,0,4,2,13
,2016_03112,39.83346903,-104.692932,7/7/2016 15:15,15:15,1,0,0,JACKSON GAP 7600 BLOCK & PENA BOULEVARD,1,1,0,0,1,1,,0,30,0,0,0,0,0,4,2,16
,2016_03113,39.651102,-104.8848435,11/8/2016 6:49,6:49,12,0,0,JEFFERSON AVENUE EAST & YOSEMITE STREET SOUTH,1,1,0,7,1,1,,0,5,0,0,0,0,0,4,2,1
,2016_03114,39.682233,-105.029793,6/14/2016 17:30,17:30,12,0,0,JEWELL AVENUE WEST & IRVING STREET SOUTH,1,1,0,7,1,4,,0,30,0,0,0,0,0,4,3,3
,2016_03115,39.725595,-104.958261,11/13/2016 13:02,13:02,12,0,0,JOSEPHINE STREET NORTH & SIXTH AVENUE EAST,1,1,0,7,1,4,,0,35,0,0,0,0,1,4,2,16
,2016_03116,39.700224,-104.9164245,12/7/2016 8:15,8:15,3,0,0,KENTUCKY AVENUE EAST & KRAMERIA STREET SOUTH,4,1,0,2,1,1,,0,25,0,0,0,0,0,4,2,14
,2016_03117,39.83338151,-104.771988,1/4/2016 22:20,22:20,5,0,0,PENA BOULEVARD 7000 BLOCK & TOWER ROAD,1,3,0,0,3,4,,0,65,0,0,0,0,0,4,1,7
,2016_03118,39.700224,-104.959323,10/15/2016 16:59,16:59,12,0,0,KENTUCKY AVENUE EAST & UNIVERSITY BOULEVARD SOUTH,1,1,0,0,1,3,,0,25,0,0,0,0,0,4,2,13
,2016_03119,39.716514,-104.982633,8/19/2016 2:24,2:24,5,0,0,LOGAN STREET SOUTH & LOGAN STREET 257 SOUTH,1,3,0,0,1,5,,0,10,0,0,0,0,0,4,1,7
,2016_03120,39.740364,-105.0334245,5/25/2016 22:05,22:05,6,0,0,KING STREET & COLFAX AVENUE WEST,1,3,1,0,1,4,,0,25,0,0,0,0,0,4,2,4
,2016_03121,39.687309,-105.0334155,2/5/2016 11:07,11:07,6,0,0,KING STREET & IOWA AVENUE WEST,5,1,1,0,1,3,,0,,0,0,0,0,0,4,2,7
,2016_03122,39.70314,-105.0324435,5/7/2016 10:00,10:00,6,0,0,KNOX COURT SOUTH & WALSH PLACE WEST,1,1,0,0,1,4,,0,,0,0,0,0,0,4,2,13
,2016_03123,39.667779,-105.0651045,12/7/2016 13:37,13:37,6,0,0,KNOXVILLE WAY SOUTH & YALE AVENUE WEST,4,1,1,0,1,4,,0,25,0,0,0,0,0,4,2,7
,2016_03124,39.74742,-104.916321,3/29/2016 12:34,12:34,6,0,0,KRAMERIA STREET NORTH & MONTVIEW BOULEVARD,1,1,0,7,1,4,,0,25,0,0,0,0,0,4,2,7
,2016_03125,39.74603268,-105.0022112,3/21/2016 17:00,17:00,6,0,0,LARIMER STREET & 1600 BLOCK NORTH,1,1,0,0,1,4,,0,30,0,0,0,0,0,4,2,3
,2016_03126,39.75975,-104.9820525,7/8/2016 16:43,16:43,3,0,0,LAWRENCE STREET & 28TH STREET,1,1,0,7,1,1,,0,25,0,0,0,0,0,4,2,3
,2016_03127,39.720915,-104.98626,2/2/2016 18:55,18:55,12,0,0,LINCOLN STREET NORTH & THIRD AVENUE EAST,4,3,0,7,1,1,,0,35,0,0,0,0,0,4,2,5
,2016_03128,39.72726,-104.9861565,1/16/2016 19:49,19:49,12,0,0,LINCOLN STREET & SEVENTH AVENUE EAST,1,3,0,0,1,4,,0,30,0,0,0,1,0,4,2,5
,2016_03129,39.703869,-104.9863005,10/25/2016 18:40,18:40,15,0,0,LINCOLN STREET 700 BLOCK SOUTH & EXPOSITION AVENUE EAST,1,3,0,7,1,4,,0,30,0,0,0,0,0,4,2,16
,2016_03130,39.73112483,-105.0344731,11/24/2016 11:09,11:09,12,0,0,LINLEY COURT & 900 BLOCK NORTH,1,1,1,0,1,2,,0,25,0,0,0,0,0,4,2,7
,2016_03131,39.73085701,-105.0040916,3/10/2016 19:53,19:53,5,0,0,NAVAJO STREET NORTH & 3444,1,3,1,0,2,4,,0,25,0,0,0,0,0,4,1,1
,2016_03132,39.718323,-104.9826015,8/13/2016 13:35,13:35,15,0,0,LOGAN STREET NORTH & FIRST AVENUE EAST,1,1,0,0,1,4,,0,30,0,0,0,0,0,4,2,13
,2016_03133,39.720924,-104.982615,12/5/2016 8:20,8:20,3,0,0,LOGAN STREET NORTH & THIRD AVENUE EAST,1,1,0,7,1,1,,0,25,0,0,0,0,0,4,2,16
,2016_03134,39.733686,-104.9823,2/24/2016 9:42,9:42,12,0,0,LOGAN STREET NORTH & 11TH AVENUE EAST,1,1,0,7,1,4,,0,30,0,0,0,0,0,4,2,16
,2016_03135,39.722616,-104.982624,11/7/2016 13:00,13:00,3,0,0,LOGAN STREET NORTH & SPEER BOULEVARD,1,1,0,0,1,2,,0,30,0,0,0,0,0,4,2,13
,2016_03136,39.693024,-104.987466,9/30/2016 11:36,11:36,6,0,0,LOUISIANA AVENUE 000 BLOCK WEST & BROADWAY STREET SOUTH,1,1,1,0,1,2,,0,25,0,0,0,0,0,4,2,13
,2016_03137,39.693123,-105.0155955,11/7/2016 11:08,11:08,12,0,0,LOUISIANA AVENUE WEST & ZUNI STREET,1,1,0,7,1,3,,0,25,0,0,0,0,0,4,2,1
,2016_03138,39.692997,-104.9772645,11/2/2016 15:52,15:52,12,0,0,LOUISIANA AVENUE EAST & BUCHTEL BOULEVARD EAST,1,1,0,7,1,1,,0,30,0,0,0,0,0,4,3,2
,2016_03139,39.762117,-105.034572,7/23/2016 11:40,11:40,6,0,0,LOWELL BOULEVARD NORTH & 32ND AVENUE WEST,1,1,0,0,1,4,,0,30,0,0,0,0,0,4,2,7
,2016_03140,39.776715,-105.034644,10/20/2016 8:16,8:16,15,0,0,LOWELL BOULEVARD NORTH & 44TH AVENUE WEST,1,1,0,0,1,1,,0,30,0,0,0,0,0,4,2,1
,2016_03141,39.72393,-104.8839413,10/28/2016 15:05,15:05,15,0,0,LOWRY BOULEVARD & YOSEMITE STREET NORTH,1,1,0,0,1,6,,0,35,0,0,0,0,0,4,2,7
,2016_03142,39.71385,-104.9827725,4/24/2016 0:39,0:39,6,0,0,MAPLE AVENUE EAST & LOGAN STREET SOUTH,1,3,0,0,1,4,,0,30,0,0,0,0,1,4,4,5
,2016_03143,39.769281,-105.002964,2/29/2016 10:00,10:00,6,0,0,MARIPOSA STREET 3790 NORTH & 38TH AVENUE WEST,1,1,0,7,1,2,,0,25,0,0,0,0,0,4,2,16
,2016_03144,39.798063,-104.83074,1/22/2016 23:30,23:30,5,0,0,56TH AVENUE EAST & WORCHESTER STREET NORTH,1,3,0,0,3,4,,0,40,0,0,0,0,0,4,1,7
,2016_03145,39.748014,-105.000462,10/10/2016 8:55,8:55,15,0,0,MARKET STREET 1400 BLOCK & 14TH STREET,1,1,0,0,1,4,,0,30,0,0,0,0,0,4,2,13
,2016_03146,39.752676,-104.9946705,3/24/2016 18:25,18:25,12,0,0,MARKET STREET & 19TH STREET,1,1,0,7,1,4,,0,35,0,0,0,0,0,4,3,10
,2016_03147,39.696588,-104.967522,8/16/2016 12:25,12:25,3,0,0,MISSISSIPPI AVENUE EAST & GILPIN STREET SOUTH,1,1,0,7,1,1,,0,25,0,0,0,0,0,4,2,3
,2016_03148,39.76090776,-104.9003048,2/21/2016 11:59,11:59,15,0,0,MLK BOULEVARD & 4200 BLOCK EAST,1,1,0,0,1,4,,0,,0,0,0,0,0,4,2,13
,2016_03149,39.76182,-104.911722,7/29/2016 12:04,12:04,12,0,0,MLK BOULEVARD & MAGNOLIA STREET NORTH,1,1,0,7,1,1,,0,30,0,0,0,0,0,4,2,16
,2016_03150,39.71835,-104.912784,2/2/2016 9:06,9:06,5,0,0,MONACO STREET NORTH & FIRST AVENUE EAST,4,1,0,2,3,4,,0,35,0,0,0,0,0,4,1,1
,2016_03151,39.713094,-104.9129415,5/4/2016 1:05,1:05,12,0,0,MONACO STREET SOUTH & CEDAR AVENUE EAST,1,3,0,7,1,3,,0,35,0,0,0,0,0,4,2,16
,2016_03152,39.690378,-104.91291,2/16/2016 8:55,8:55,1,0,0,MONACO STREET SOUTH & CHERRY CREEK SOUTH DRIVE EAST,1,1,0,7,1,1,,0,35,0,0,0,0,0,4,2,14
,2016_03153,39.700233,-104.91291,11/23/2016 14:38,14:38,12,0,0,MONACO STREET 800 BLOCK SOUTH & KENTUCKY AVENUE EAST,1,1,0,7,1,4,,0,35,0,0,0,0,0,4,2,12
,2016_03154,39.777993,-104.912901,10/20/2016 17:34,17:34,3,0,0,MONACO STREET NORTH & STAPLETON SOUTH DRIVE EAST,1,1,0,7,1,1,,0,30,0,0,0,0,0,4,2,3
,2016_03156,39.747384,-104.9258025,11/17/2016 19:05,19:05,1,0,0,MONTVIEW BOULEVARD EAST & GLENCOE STREET NORTH,4,3,0,2,1,1,,0,30,0,0,0,0,0,4,2,16
,2016_03157,39.73925455,-105.0213076,2/4/2016 19:29,19:29,14,0,0,MORRISON ROAD & 4900 BLOCK,6,3,0,0,1,4,,0,30,0,0,0,0,0,4,2,13
,2016_03158,39.785418,-104.8905945,6/15/2016 12:45,12:45,15,0,0,NORTHFIELD BOULEVARD & VERBENA STREET NORTH,1,1,0,0,1,1,,0,35,0,0,0,0,0,4,2,13
,2016_03160,39.783114,-104.7377205,3/8/2016 17:57,17:57,6,0,0,ODESSA STREET NORTH & 48TH DRIVE EAST,1,2,0,0,1,1,,0,30,0,0,0,0,0,4,2,7
,2016_03161,39.702015,-104.9792715,8/10/2016 21:12,21:12,6,0,0,OHIO AVENUE EAST & WASHINGTON STREET SOUTH,1,3,0,0,1,4,,0,25,0,0,0,0,1,4,2,5
,2016_03162,39.711384,-104.906493,12/15/2016 18:12,18:12,3,0,0,OLIVE WAY SOUTH & ALAMEDA AVENUE EAST,1,3,0,0,1,1,,0,35,0,0,0,0,1,4,2,12
,2016_03163,39.716226,-104.9081535,10/23/2016 14:30,14:30,6,0,0,ONEIDA STREET SOUTH & 1407 SOUTH ONEIDA STREET,1,1,0,0,1,4,,0,25,0,0,0,0,0,4,2,14
,2016_03164,39.698424,-104.908212,2/4/2016 13:30,13:30,3,0,0,ONEIDA STREET SOUTH & TENNESSEE AVENUE EAST,6,1,0,7,1,1,,0,25,0,0,0,0,0,4,2,16
,2016_03165,39.78740365,-105.0051105,3/1/2016 10:50,10:50,14,0,0,OSAGE STREET & 1466 NORTH,1,1,0,0,1,2,,0,10,0,0,0,0,0,4,2,13
,2016_03166,39.768048,-105.0052725,7/29/2016 15:33,15:33,3,0,0,OSAGE STREET NORTH & 37TH AVENUE WEST,1,1,0,7,1,1,,0,25,0,0,0,0,0,4,2,16