id,drcog_id,latitude,longitude,crashtime,time,crashtype,numbkilled,numbinjurd,drcoglocat,rdconditin,lightngcon,roadcntgrd,weatherco,location,roaddescrp,schoolzone,constrzone,splimit,bikeinv,pedinv,sctrinv,motoinv,svrty,rdsystem,ttlvehcls,hcf
,2016_03167,39.769902,-105.0048225,10/21/2016 16:45,16:45,6,0,0,OSAGE STREET 3800 BLOCK NORTH & 39TH AVENUE WEST,1,1,0,0,1,4,,0,25,0,0,0,0,0,4,2,12
,2016_03168,39.772233,-104.767002,9/30/2016 22:30,22:30,6,0,0,40TH PLACE EAST & 19361 EAST 40TH PLACE,1,3,0,0,1,4,,0,25,0,0,0,0,0,4,2,14
,2016_03169,39.742848,-104.9721615,2/6/2016 16:33,16:33,12,0,0,PARK AVENUE WEST & MARION STREET NORTH,1,1,0,0,1,1,,0,35,0,0,0,0,0,4,2,8
,2016_03170,39.751056,-104.9828805,1/29/2016 14:55,14:55,3,0,0,PARK AVENUE EAST & WELTON STREET,1,1,0,1,1,1,,0,,0,0,0,0,1,4,2,6
,2016_03171,39.69117,-104.9804505,4/14/2016 19:10,19:10,6,0,0,PEARL STREET 1400 BLOCK SOUTH & ARKANSAS AVENUE EAST,1,3,0,0,1,4,,0,25,0,0,0,0,0,4,2,5
,2016_03172,39.844602,-104.6809395,4/25/2016 20:55,20:55,5,0,0,PENA BOULEVARD 8000 BLOCK & MM 11,2,3,0,1,3,1,,0,35,0,0,0,0,0,4,1,12
,2016_03173,39.798396,-104.786415,10/14/2016 7:04,7:04,15,0,0,PENA BOULEVARD & 56TH AVENUE EAST,1,1,1,0,1,1,,0,30,0,0,0,0,0,4,2,8
,2016_03174,39.783609,-104.7913916,3/24/2016 14:20,14:20,12,0,0,PENA BOULEVARD 4700 BLOCK & GREEN VALLEY RANCH BOULEVARD,9,1,0,7,1,4,,0,65,0,0,0,0,1,4,3,14
,2016_03175,39.783609,-104.7913916,9/3/2016 12:41,12:41,12,0,0,PENA BOULEVARD INBOUND EXIT RAMP & GREEN VALLEY RANCH BOULEVARD EAST,1,1,1,0,1,1,,0,35,0,0,0,0,0,4,2,1
,2016_03176,39.77614197,-104.8469535,10/16/2016 13:53,13:53,15,0,0,PEORIA STREET & 3900 BLOCK NORTH,1,1,0,0,1,3,,0,35,0,0,0,0,0,4,2,13
,2016_03177,39.771063,-104.8470435,4/15/2016 6:10,6:10,1,0,0,PEORIA STREET NORTH & 39TH AVENUE EAST,1,1,0,0,1,1,,0,40,0,0,0,0,0,4,2,13
,2016_03178,39.776427,-104.8469535,2/25/2016 8:57,8:57,1,0,0,PEORIA STREET NORTH & 44TH AVENUE EAST,1,1,0,7,1,1,,0,40,0,0,0,0,0,4,2,16
,2016_03179,39.784005,-104.84712,12/5/2016 12:25,12:25,1,0,3,PEORIA STREET NORTH & ALBROOK DRIVE EAST,1,1,0,0,1,1,,0,40,0,0,0,0,2,4,2,13
,2016_03180,39.786219,-104.8469715,6/18/2016 2:25,2:25,12,0,0,PEORIA STREET NORTH & ANDREWS DRIVE EAST,1,3,0,7,1,1,,0,35,0,0,0,0,0,4,2,7
,2016_03182,39.77171824,-104.90281,8/16/2016 17:32,17:32,12,0,0,QUEBEC STREET & 1050 SOUTH,1,1,0,0,1,1,,0,,0,0,0,0,0,4,3,13
,2016_03183,39.777408,-104.903613,7/26/2016 18:40,18:40,15,0,0,QUEBEC STREET NORTH & QUEBEC STREET 4000 BLOCK NORTH,1,1,0,1,1,4,,0,,0,0,0,0,0,4,2,13
,2016_03184,39.725424,-104.903793,7/21/2016 14:47,14:47,1,0,0,QUEBEC STREET NORTH & SIXTH AVENUE EAST,1,1,0,7,1,1,,0,35,0,0,0,0,0,4,2,16
,2016_03185,39.743775,-104.9034825,5/2/2016 18:25,18:25,12,0,0,QUEBEC STREET NORTH & 17TH AVENUE EAST,1,1,0,7,1,4,,0,35,0,0,0,0,0,4,2,14
,2016_03186,39.757986,-104.903451,11/19/2016 20:50,20:50,1,0,0,QUEBEC STREET NORTH & 29TH AVENUE EAST,1,3,0,7,1,1,,0,35,0,0,0,0,0,4,2,16
,2016_03187,39.77171824,-104.90281,7/4/2016 9:20,9:20,3,0,0,QUEBEC STREET NORTH & 32ND AVENUE EAST,1,1,0,7,1,1,,0,35,0,0,0,0,0,4,2,7
,2016_03188,39.765636,-104.9034645,10/15/2016 18:34,18:34,12,0,0,QUEBEC STREET NORTH & 35TH AVENUE EAST,1,1,0,7,1,3,,0,45,0,0,0,0,0,4,2,12
,2016_03189,39.767382,-104.90346,6/14/2016 17:15,17:15,15,0,0,QUEBEC STREET NORTH & 36TH AVENUE EAST,1,1,0,0,1,4,,0,45,0,0,0,0,0,4,2,8
,2016_03190,39.711348,-104.9035005,2/3/2016 20:55,20:55,15,0,0,QUEBEC STREET 400 SOUTH & ALAMEDA AVENUE EAST,1,3,0,0,1,4,,0,30,0,0,0,0,0,4,2,8
,2016_03191,39.698523,-104.903541,1/3/2016 11:40,11:40,12,0,0,QUEBEC STREET SOUTH & LEETSDALE DRIVE,1,1,0,0,1,4,,0,35,0,0,0,0,0,4,2,5
,2016_03192,39.761964,-104.903451,8/7/2016 16:00,16:00,3,0,0,QUEBEC STREET NORTH & MLK BOULEVARD,1,1,0,7,1,1,,0,45,0,0,0,0,1,4,2,12
,2016_03193,39.761964,-104.903451,10/18/2016 8:30,8:30,3,0,0,QUEBEC STREET NORTH & MLK BOULEVARD,1,1,0,0,1,1,,0,35,0,0,0,0,0,4,2,7
,2016_03194,39.747438,-104.90346,2/4/2016 8:03,8:03,12,0,0,QUEBEC STREET NORTH & MONTVIEW BOULEVARD,4,1,0,7,1,4,,0,30,0,0,0,0,1,4,2,16
,2016_03196,39.747438,-104.90346,7/18/2016 11:42,11:42,12,0,0,QUEBEC AVENUE 1900 BLOCK NORTH & MONTVIEW BOULEVARD,1,1,0,7,1,4,,0,,0,0,0,0,1,4,2,3
,2016_03197,39.638619,-104.9040945,11/16/2016 1:49,1:49,5,0,0,QUEBEC STREET SOUTH & QUINCY AVENUE EAST,1,3,1,7,2,4,,0,35,0,0,0,0,1,4,1,1
,2016_03198,39.639762,-105.05331,6/15/2016 19:40,19:40,1,0,0,QUINCY AVENUE EAST & QUINCY AVENUE EAST,1,2,0,0,1,1,,0,35,0,0,0,0,1,4,2,13
,2016_03199,39.6386549,-105.0816656,10/23/2016 11:28,11:28,1,0,0,QUINCY AVENUE WEST & WADSWORTH BOULEVARD SOUTH,1,1,0,0,1,2,,0,35,0,0,0,0,1,4,2,13
,2016_03200,39.73895282,-105.041673,2/13/2016 11:33,11:33,6,0,0,RALEIGH STREET & 4624 SOUTH,1,1,0,0,1,4,,0,25,0,0,0,0,0,4,3,13
,2016_03201,39.796902,-104.8356225,1/9/2016 4:00,4:00,6,0,0,ROBINS DRIVE 13100 BLOCK EAST & UVALDA STREET NORTH,5,3,0,7,1,3,,0,25,0,0,0,0,0,4,3,16
,2016_03202,39.725316,-104.938326,4/11/2016 12:25,12:25,3,0,0,SIXTH AVENUE PARKWAY EAST WB & ASH STREET NORTH,1,1,0,0,1,1,,0,25,0,0,0,0,0,4,2,13
,2016_03203,39.745206,-105.0095835,5/10/2016 8:10,8:10,12,0,0,SEVENTH STREET & AURARIA PARKWAY,1,1,1,7,1,4,,0,40,0,0,0,0,0,4,2,16
,2016_03204,39.741606,-104.98995,7/15/2016 4:30,4:30,15,0,0,15TH STREET 200 BLOCK & COURT PLACE,1,2,0,7,1,4,,0,,0,0,0,0,0,4,2,16
,2016_03205,39.741606,-104.98995,8/7/2016 4:17,4:17,12,0,0,15TH STREET 300 BLOCK & COURT PLACE,1,3,0,7,1,5,,0,30,0,0,0,0,0,4,2,16
,2016_03206,39.756456,-105.0093135,11/8/2016 21:11,21:11,3,0,0,15TH STREET & PLATTE STREET,1,3,0,7,1,1,,0,35,0,0,0,0,0,4,2,16
,2016_03207,39.743595,-104.992524,6/13/2016 20:38,20:38,15,0,0,15TH STREET 600 BLOCK & WELTON STREET,2,2,0,7,1,4,,0,25,0,0,0,0,0,4,2,3
,2016_03208,39.743775,-104.9034825,10/15/2016 12:20,12:20,12,0,0,17TH STREET & QUEBEC STREET NORTH,1,1,0,0,1,1,,0,35,0,0,0,0,0,4,2,13
,2016_03209,39.74697,-104.987412,5/19/2016 8:09,8:09,15,0,0,19TH STREET & BROADWAY NORTH,1,1,0,0,1,1,,0,35,0,0,0,0,0,4,2,14
,2016_03210,39.758787,-105.0026535,8/7/2016 14:08,14:08,15,0,0,19TH STREET & LITTLE RAVEN STREET,1,1,0,0,1,4,,0,25,0,0,0,0,0,4,2,13
,2016_03211,39.757653,-104.998635,8/30/2016 14:06,14:06,12,0,0,20TH STREET & CHESTNUT PLACE,1,1,0,0,1,4,,0,30,0,0,0,0,0,4,2,13
,2016_03212,39.752262,-104.991804,4/8/2016 7:33,7:33,3,0,0,20TH STREET & LAWRENCE STREET,1,1,0,7,1,1,,0,30,0,0,0,0,1,4,2,16
,2016_03213,39.759579,-105.0017805,11/16/2016 8:40,8:40,15,0,0,20TH STREET 2100 & LITTLE RAVEN STREET,1,1,0,7,1,3,,0,35,0,0,0,0,0,4,2,16
,2016_03214,39.75498,-104.995143,4/8/2016 17:43,17:43,12,0,0,20TH STREET & WAZEE STREET,1,1,1,7,1,1,,0,25,0,0,0,0,0,4,2,16
,2016_03215,39.748113,-104.981472,6/9/2016 16:19,16:19,6,0,0,22ND STREET & COURT PLACE,1,1,0,0,1,1,,0,30,0,0,0,0,0,4,3,14
,2016_03216,39.75417,-104.9893335,10/20/2016 11:00,11:00,3,0,0,22ND STREET & LAWRENCE STREET,1,1,0,7,1,1,,0,30,0,0,0,0,0,4,2,16
,2016_03217,39.756942,-104.985693,5/22/2016 2:35,2:35,9,0,0,25TH STREET & LAWRENCE STREET,1,3,0,0,1,4,,0,25,0,0,0,0,0,4,2,5
,2016_03218,39.75975,-104.9820525,9/2/2016 15:15,15:15,6,0,0,28TH STREET & LAWRENCE STREET,1,1,0,0,1,4,,0,25,0,0,0,0,0,4,2,13
,2016_03219,39.765483,-104.9798655,4/28/2016 12:34,12:34,10,0,0,32ND STREET & BLAKE STREET,1,1,0,0,1,1,,0,30,0,0,0,0,0,4,2,13
,2016_03220,39.761496,-104.974641,8/9/2016 10:10,10:10,3,0,0,32ND STREET & CHAMPA STREET,1,1,0,7,1,1,,0,25,0,0,0,0,0,4,2,7
,2016_03221,39.774942,-104.9780205,12/15/2016 12:00,12:00,15,0,0,ARKINS COURT & 38TH STREET,1,1,0,0,1,1,,0,20,0,0,0,0,0,4,2,14
,2016_03222,39.73138636,-104.9986792,2/11/2016 12:52,12:52,12,0,0,SANTA FE DRIVE & 700 BLOCK NORTH,1,1,1,0,1,4,,0,30,0,0,0,0,0,4,2,13
,2016_03223,39.720915,-104.99859,3/10/2016 14:20,14:20,6,0,0,SANTA FE DRIVE & THIRD AVENUE WEST,1,1,0,0,1,4,,0,30,0,0,0,0,0,4,2,13
,2016_03224,39.72411,-104.9985945,10/18/2016 15:25,15:25,1,0,0,SANTA FE DRIVE NORTH & FIFTH AVENUE WEST,1,1,0,7,1,1,,0,25,0,0,0,0,1,4,2,16
,2016_03225,39.713508,-104.998284,6/22/2016 11:28,11:28,12,0,0,SANTA FE DRIVE 100 BLOCK SOUTH & CEDAR AVENUE,1,1,0,0,1,4,,0,30,0,0,0,0,0,4,2,1
,2016_03226,39.728079,-104.9034735,2/26/2016 8:25,8:25,12,0,0,SEVERN PLACE 7400 BLOCK EAST & QUEBEC STREET,1,1,1,0,1,4,,0,25,0,0,0,0,0,4,2,13
,2016_03227,39.79094944,-104.9851935,5/27/2016 13:30,13:30,6,0,0,SHERMAN STREET & 400 BLOCK NORTH,1,1,0,0,1,4,,0,25,0,0,0,0,0,4,2,3
,2016_03228,39.747546,-104.984793,7/24/2016 2:30,2:30,6,0,0,SHERMAN STREET NORTH & 20TH AVENUE EAST,1,3,0,0,1,4,,0,,0,0,0,0,0,4,2,14
,2016_03229,39.693024,-104.985117,9/29/2016 18:00,18:00,3,0,0,SHERMAN STREET SOUTH & LOUISIANA AVENUE EAST,1,1,0,0,1,1,,0,,0,0,0,0,0,4,2,13
,2016_03231,39.736863,-104.996484,11/2/2016 4:29,4:29,3,0,1,SPEER BOULEVARD NORTH & 13TH AVENUE WEST,1,3,0,0,1,1,,0,35,0,0,0,0,2,4,2,13
,2016_03232,39.72726,-104.987403,2/24/2016 17:08,17:08,15,0,0,SPEER BOULEVARD EAST & BROADWAY STREET NORTH,1,1,0,7,1,1,,0,30,0,0,0,0,0,4,2,16
,2016_03233,39.71835,-104.9745915,11/23/2016 6:32,6:32,12,0,0,SPEER BOULEVARD EAST & CORONA STREET NORTH,1,1,1,7,1,1,,0,30,0,0,0,0,0,4,2,16
,2016_03234,39.718278,-104.973777,9/6/2016 12:09,12:09,10,0,0,SPEER BOULEVARD & DOWNING STREET NORTH,1,1,1,0,1,1,,0,30,0,0,0,0,0,4,2,13
,2016_03235,39.752343,-105.007563,9/5/2016 1:21,1:21,5,0,0,SPEER BOULEVARD 1600 BLOCK NORTH & ELITCH CIRCLE,1,3,0,0,3,4,,0,35,0,0,0,0,0,4,1,5
,2016_03236,39.725649,-104.986314,5/6/2016 15:47,15:47,15,0,0,SPEER BOULEVARD EAST & LINCOLN STREET NORTH,1,1,0,7,1,4,,0,35,0,0,0,0,0,4,2,3
,2016_03237,39.75633,-105.015852,3/9/2016 9:54,9:54,3,0,0,SPEER BOULEVARD 2727 NORTH & ZUNI STREET NORTH,1,1,0,0,1,2,,0,35,0,0,0,0,0,4,2,14
,2016_03238,39.779757,-104.9317335,5/23/2016 4:58,4:58,15,0,0,STAPLETON DRIVE SOUTH & DAHLIA STREET,1,2,0,0,1,4,,0,35,0,0,0,0,0,4,2,14
,2016_03239,39.777993,-104.912901,5/18/2016 15:39,15:39,12,0,0,STAPLETON SOUTH DRIVE EAST & MONACO STREET NORTH,1,1,0,7,1,4,,0,30,0,0,0,0,0,4,4,3
,2016_03240,39.716235,-104.949963,7/15/2016 17:03,17:03,12,0,0,STEELE STREET NORTH & ELLSWORTH AVENUE EAST,2,1,0,1,1,4,,0,30,0,0,0,0,0,4,2,3
,2016_03241,39.685698,-104.9500935,6/26/2016 18:56,18:56,3,0,0,STEELE STREET SOUTH & MEXICO AVENUE EAST,1,1,0,7,1,1,,0,25,0,0,0,0,0,4,2,3
,2016_03242,39.741426,-104.9988915,2/21/2016 14:15,14:15,15,0,0,STOUT STREET & SPEER BOULEVARD NORTH,1,1,0,7,1,4,,0,30,0,0,0,0,0,4,2,16
,2016_03243,39.710511,-105.043221,1/23/2016 16:55,16:55,3,0,2,STUART STREET SOUTH & NEVADA PLACE WEST,1,1,0,7,1,1,,0,25,0,0,0,0,2,4,2,16
,2016_03244,39.660192,-104.902281,12/22/2016 17:35,17:35,15,0,0,TAMARAC STREET & DARTMOUTH AVENUE,1,3,0,0,1,4,,0,60,0,0,0,0,0,4,2,13
,2016_03245,39.69839645,-104.9611181,7/21/2016 0:12,0:12,6,0,2,TENNESSEE AVENUE & 4935 WEST,1,3,0,0,1,4,,0,25,0,0,0,0,2,4,2,5
,2016_03246,39.8379015,-104.771925,12/19/2016 6:20,6:20,8,0,0,TOWER ROAD & 7200 BLOCK NORTH,5,4,1,0,1,4,,0,15,0,0,0,0,0,4,2,13
,2016_03247,39.777993,-104.7720735,6/12/2016 8:16,8:16,5,0,0,TOWER ROAD NORTH & 45TH AVENUE EAST,1,1,1,7,2,1,,0,35,0,0,0,0,0,4,1,9
,2016_03248,39.798234,-104.7721815,3/22/2016 21:11,21:11,15,0,0,TOWER ROAD NORTH & 56TH AVENUE EAST,1,5,0,7,1,1,,0,40,0,0,0,0,0,4,2,16
,2016_03249,39.783609,-104.772222,2/1/2016 19:30,19:30,3,0,0,TOWER ROAD 4850 DRIVEWAY & GREEN VALLEY RANCH BOULEVARD,4,3,0,2,1,2,,0,40,0,0,0,0,0,4,2,13
,2016_03250,39.680226,-104.959404,3/2/2016 8:16,8:16,12,0,0,UNIVERSITY BOULEVARD 1900 BLOCK SOUTH & ASBURY AVENUE EAST,1,1,0,7,1,3,,0,30,0,0,0,0,0,4,2,1
,2016_03251,39.715983,-104.959314,3/29/2016 15:30,15:30,15,0,0,UNIVERSITY BOULEVARD & CHERRY CREEK NORTH DRIVE EAST,1,1,0,0,1,4,,0,30,0,0,0,0,0,4,2,14
,2016_03253,39.715263,-104.959323,10/18/2016 16:00,16:00,1,0,0,UNIVERSITY BOULEVARD SOUTH & CHERRY CREEK SOUTH DRIVE,1,1,0,0,1,1,,0,35,0,0,0,0,0,4,2,13
,2016_03254,39.687516,-104.9593725,10/15/2016 19:40,19:40,12,0,0,UNIVERSITY BOULEVARD SOUTH & IOWA AVENUE EAST,1,1,1,7,1,1,,0,35,0,0,0,0,1,4,2,1
,2016_03255,39.667473,-104.9272425,5/24/2016 14:29,14:29,15,0,0,YALE AVENUE EAST & GLENCOE STREET SOUTH,2,1,0,1,1,3,,0,35,0,0,0,0,0,4,2,3
,2016_03256,39.702006,-104.959341,8/1/2016 13:40,13:40,12,0,0,UNIVERSITY BOULEVARD 800 BLOCK SOUTH & OHIO AVENUE EAST,1,1,0,7,1,4,,0,30,0,0,0,0,0,4,3,1
,2016_03257,39.702006,-104.959341,12/11/2016 11:58,11:58,12,0,0,UNIVERSITY BOULEVARD SOUTH & OHIO AVENUE EAST,1,1,0,7,1,4,,0,25,0,0,0,0,0,4,2,16
,2016_03258,39.689523,-105.045192,4/12/2016 20:58,20:58,15,0,0,UTICA STREET SOUTH & FLORIDA AVENUE WEST,1,3,0,0,1,3,,0,30,0,0,0,0,0,4,2,13
,2016_03259,39.740085,-104.889375,6/2/2016 4:15,4:15,6,0,0,WABASH STREET NORTH & COLFAX AVENUE EAST,1,2,0,0,1,4,,0,25,0,0,0,0,0,4,2,3
,2016_03260,39.787389,-104.9782905,4/19/2016 11:47,11:47,3,0,0,WASHINGTON STREET NORTH & 50TH AVENUE EAST,1,1,1,0,1,1,,0,35,0,0,0,0,0,4,2,13
,2016_03261,39.749013,-105.0024915,1/1/2016 0:29,0:29,12,0,0,WAZEE STREET & 14TH STREET,1,3,0,0,1,3,,0,30,0,0,0,0,0,4,2,13
,2016_03262,39.74133235,-104.9953824,5/21/2016 18:43,18:43,15,0,0,WELTON STREET & 1300 BLOCK,1,1,0,0,1,4,,0,30,0,0,0,1,0,4,2,1
,2016_03263,39.74133235,-104.9953824,11/2/2016 11:00,11:00,15,0,0,WELTON STREET & 1400 BLOCK,1,1,0,0,1,3,,0,30,0,0,0,0,0,4,2,13
,2016_03264,39.735603,-104.8882005,2/19/2016 19:20,19:20,6,0,2,WILLOW STREET 110 BLOCK NORTH & 12TH AVENUE EAST,1,3,0,0,1,3,,0,25,0,0,0,0,2,4,4,5
,2016_03265,39.76610063,-105.0487703,6/10/2016 23:18,23:18,6,0,0,WOLFF STREET & 600 BLOCK NORTH,1,3,1,0,1,4,,0,25,0,0,0,0,0,4,2,13
,2016_03266,39.751029,-105.0017805,5/1/2016 14:58,14:58,15,0,0,WYNKOOP STREET 1500 BLOCK & 15TH STREET,1,1,0,0,1,4,,0,25,0,0,0,0,0,4,2,13
,2016_03267,39.751812,-105.0005205,5/7/2016 7:35,7:35,1,0,0,WYNKOOP STREET 1600 BLOCK & 17TH STREET,1,1,0,0,1,2,,0,35,0,0,0,0,0,4,2,13
,2016_03268,39.667563,-104.940711,7/14/2016 8:48,8:48,1,0,0,YALE AVENUE EAST & COLORADO BOULEVARD SOUTH,1,1,0,0,1,2,,0,30,0,0,0,0,0,4,2,13
,2016_03270,39.748185,-104.9598045,2/1/2016 17:26,17:26,12,0,0,YORK STREET NORTH & 21ST AVENUE EAST,5,3,0,2,1,1,,0,30,0,0,0,0,0,4,3,16
,2016_03271,39.75444,-104.9598,7/30/2016 16:32,16:32,12,0,0,YORK STREET NORTH & 26TH AVENUE EAST,1,1,0,7,1,1,,0,30,0,0,0,0,0,4,2,5
,2016_03272,39.624192,-104.885334,4/18/2016 7:35,7:35,12,0,0,YOSEMITE STREET SOUTH & BELLEVIEW AVENUE EAST,2,1,1,7,1,1,,0,35,0,0,0,0,0,4,2,16
,2016_03273,39.723705,-104.8837095,10/3/2016 18:40,18:40,15,0,0,YOSEMITE WAY NORTH & LOWRY BOULEVARD EAST,1,1,0,0,1,6,,0,35,0,0,0,0,0,4,2,13
,2016_03274,39.77385734,-105.052086,7/8/2016 20:00,20:00,6,0,0,ZENOBIA STREET & 3210 NORTH,1,1,0,0,1,4,,0,25,0,0,0,0,0,4,2,13
,2016_03275,39.690855,-105.01569,4/18/2016 1:42,1:42,12,0,0,ZUNI STREET SOUTH & ARKANSAS AVENUE WEST,1,3,1,7,1,4,,0,30,0,0,0,0,0,4,2,1
,2016_03276,39.758949,-105.0158925,6/26/2016 16:23,16:23,3,0,0,ZUNI STREET NORTH & DUNKELD PLACE WEST,1,1,0,7,1,1,,0,25,0,0,0,0,0,4,2,8
,2016_03436,39.741642,-104.9799015,9/15/2016 10:37,10:37,6,0,0,16TH AVENUE EAST & PEARL STREET NORTH,1,1,0,0,1,4,,0,,0,0,0,0,0,4,2,13
,2016_03505,39.844602,-104.6809395,12/20/2016 2:45,2:45,5,0,0,PENA BOULEVARD & 8000 BLOCK,2,3,1,0,2,4,,0,25,0,0,0,0,0,4,1,7
,2016_03557,39.798396,-104.786415,5/30/2016 5:29,5:29,4,0,0,PENA BOULEVARD & 56TH AVENUE EAST,1,2,2,7,1,14,,0,65,0,0,0,0,0,4,1,16
,2016_03563,39.78662881,-104.8062274,9/18/2016 17:45,17:45,6,0,0,50TH AVENUE & 21300 BLOCK EAST,1,1,0,0,1,4,,0,,0,0,0,0,0,4,2,13
,2016_03590,39.745755,-105.000174,9/7/2016 17:54,17:54,6,0,0,LAWRENCE STREET & SPEER BOULEVARD,1,1,0,0,1,4,,0,30,0,0,0,0,0,4,2,13
,2016_03594,39.714642,-104.941332,3/3/2016 3:00,3:00,5,0,0,BAYAUD STREET EAST & HARRISON STREET 103 SOUTH,1,3,0,0,2,1,,0,25,0,0,0,0,0,4,1,1
,2016_03595,39.844602,-104.6809395,3/7/2016 14:07,14:07,15,0,0,PENA BOULEVARD & 7800 BLOCK,2,1,0,1,1,4,,0,55,0,0,0,0,0,4,2,8
,2016_03596,39.75131732,-105.0165898,9/23/2016 14:41,14:41,12,0,0,I25 & 23RD AVENUE WEST,1,1,0,0,1,4,,0,55,0,0,0,0,0,1,3,13
,2016_03604,39.761856,-104.9246055,4/22/2016 0:42,0:42,5,0,0,MLK BOULEVARD & GRAPE STREET NORTH,1,3,0,0,3,1,,0,35,0,0,0,0,0,4,1,5
,2016_03726,39.786228,-104.8488975,1/11/2016 6:00,6:00,6,0,0,PARIS STREET NORTH & 49TH AVENUE EAST,1,2,1,0,1,4,,0,25,0,0,0,0,0,4,2,13
,2016_03806,39.678516,-104.9757615,8/28/2016 11:15,11:15,6,0,0,OGDEN STREET SOUTH & EVANS STREET EAST,1,1,1,0,1,4,,0,25,0,0,0,0,0,4,2,14
,2016_03838,39.713373,-105.032484,10/2/2016 5:23,5:23,6,0,1,KNOX COURT SOUTH & CEDAR AVENUE WEST,1,3,1,0,1,4,,0,35,0,0,0,0,2,4,2,5
,2016_03937,39.75823396,-104.9328052,1/11/2016 11:04,11:04,6,0,0,DEXTER STREET & 800 BLOCK NORTH,1,1,1,0,1,4,,0,25,0,0,0,0,0,4,5,13
,2016_03999,39.750993,-104.904621,9/3/2016 16:26,16:26,3,0,0,23RD AVENUE EAST & POPLAR / QUEBEC STREET NORTH ALLEY,1,1,0,0,1,5,,0,,0,0,0,0,0,4,2,13
,2016_04042,39.739995,-104.9647635,8/18/2016 18:21,18:21,12,0,0,HIGH STREET & COLFAX AVENUE EAST,1,1,0,0,1,4,,0,30,0,0,0,0,0,4,2,13
,2016_04048,39.720924,-104.9875065,1/6/2016 8:04,8:04,1,0,0,BROADWAY NORTH & THIRD AVENUE,1,1,0,0,1,1,,0,30,0,0,0,0,0,4,2,13
,2016_04049,39.778335,-104.9793615,2/21/2016 18:43,18:43,12,0,0,45TH AVENUE WEST & WASHINGTON STREET NORTH,1,3,1,0,1,1,,0,30,0,0,0,0,0,4,2,13
,2016_04050,39.762009,-105.0118245,4/20/2016 8:27,8:27,6,0,0,UMATILLA STREET NORTH & 32ND AVENUE WEST,1,1,0,0,1,3,,0,30,0,0,0,0,0,4,2,14
,2016_04051,39.759426,-104.9937435,4/27/2016 8:54,8:54,1,0,0,PARK AVENUE WEST & DELGANY STREET,1,1,0,0,1,1,,0,30,0,0,0,0,0,4,2,13
,2016_04052,39.790107,-104.8660335,7/23/2016 21:22,21:22,12,0,0,HAVANA STREET NORTH & 51ST AVENUE EAST,1,4,0,0,1,1,,0,40,0,0,0,0,0,4,2,14
,2016_04053,39.66336,-105.03477,8/7/2016 17:10,17:10,12,0,0,LOWELL BOULEVARD SOUTH & AMHERST AVENUE WEST,1,1,1,0,1,4,,0,,0,0,0,0,0,4,2,13
,2016_04054,39.738348,-104.9494545,8/13/2016 17:15,17:15,3,0,0,STEELE STREET NORTH & 14TH AVENUE EAST,1,1,0,0,1,1,,0,20,0,0,0,0,0,4,2,13
,2016_04055,39.748446,-105.0033735,8/16/2016 21:25,21:25,12,0,0,AURARIA PARKWAY & SPEER BOULEVARD,2,3,0,1,1,4,,0,35,0,0,0,0,0,4,2,13
,2016_04056,39.728907,-104.998644,8/17/2016 8:53,8:53,12,0,0,EIGHTH AVENUE WEST & SANTA FE DRIVE NORTH,1,1,0,0,1,1,,0,30,0,0,0,0,0,4,2,1
,2016_04057,39.758499,-105.034617,8/19/2016 15:00,15:00,12,0,0,29TH AVENUE WEST & LOWELL BOULEVARD NORTH,1,1,0,0,1,4,,0,30,0,0,0,0,0,4,2,13
,2016_04058,39.688578,-105.015681,8/21/2016 1:30,1:30,6,0,0,ZUNI STREET SOUTH & GUNNISON PLACE WEST,1,3,0,0,1,4,,0,30,0,0,0,0,0,4,2,5
,2016_04059,39.711114,-104.9686965,9/19/2016 9:00,9:00,6,0,0,FRANKLIN STREET & ALAMEDA AVENUE EAST,1,4,1,0,1,4,,0,25,0,0,0,0,0,4,2,13
,2016_04060,39.743226,-104.970906,8/23/2016 14:50,14:50,3,0,0,LAFAYETTE STREET NORTH & 17TH AVENUE EAST,1,1,0,0,1,1,,0,25,0,0,0,0,0,4,4,13
,2016_04061,39.715263,-104.959323,8/23/2016 16:10,16:10,15,0,0,UNIVERSITY BOULEVARD SOUTH & CHERRY CREEK SOUTH DRIVE,1,1,0,0,1,4,,0,30,0,0,0,0,0,4,2,13
,2016_04062,39.754827,-105.0191775,8/24/2016 10:39,10:39,3,0,0,26TH AVENUE WEST & BRYANT STREET NORTH,1,1,0,0,1,1,,0,30,0,0,0,0,0,4,4,14
,2016_04063,39.743595,-104.992524,8/28/2016 12:20,12:20,3,0,0,15TH STREET & WELTON STREET,1,1,0,0,1,1,,0,30,0,0,0,0,0,4,2,13
,2016_04064,39.727314,-105.0002235,8/29/2016 6:32,6:32,3,0,0,SEVENTH AVENUE WEST & KALAMATH STREET,1,1,0,0,1,1,,0,35,0,0,0,0,1,4,2,14
,2016_04065,39.750786,-104.9970735,9/1/2016 13:23,13:23,12,0,0,MARKET STREET & 17TH STREET,1,1,0,0,1,1,,0,25,0,0,0,0,0,4,2,13
,2016_04066,39.782385,-104.847093,9/1/2016 13:30,13:30,15,0,0,PEORIA STREET NORTH & 47TH AVENUE EAST,1,1,0,0,1,1,,0,40,0,0,0,0,0,4,3,13