id,drcog_id,latitude,longitude,crashtime,time,crashtype,numbkilled,numbinjurd,drcoglocat,rdconditin,lightngcon,roadcntgrd,weatherco,location,roaddescrp,schoolzone,constrzone,splimit,bikeinv,pedinv,sctrinv,motoinv,svrty,rdsystem,ttlvehcls,hcf
,2016_04067,39.709026,-104.875443,9/2/2016 18:11,18:11,3,0,0,ALAMEDA AVENUE EAST & DAYTON STREET SOUTH,1,1,0,0,1,1,,0,40,0,0,0,0,1,4,2,5
,2016_04068,39.725658,-104.9908725,9/8/2016 12:42,12:42,15,0,0,SIXTH AVENUE WEST & BANNOCK STREET,1,1,0,0,1,3,,0,35,0,0,0,0,0,4,2,14
,2016_04069,39.757887,-104.9844735,9/8/2016 18:00,18:00,3,0,0,26TH STREET & LAWRENCE STREET,1,1,0,0,1,1,,0,30,0,0,0,0,0,4,2,7
,2016_04070,39.754053,-105.001524,10/3/2016 7:35,7:35,12,0,0,WEWATTA STREET & 17TH STREET,1,1,1,0,1,4,,0,,0,0,0,0,0,4,2,13
,2016_04071,39.831858,-104.6929545,9/13/2016 22:42,22:42,3,0,0,75TH AVENUE EAST & JACKSON GAP ROAD,1,3,0,0,1,1,,0,45,0,0,0,0,0,4,2,13
,2016_04072,39.774105,-104.882778,9/17/2016 1:41,1:41,3,0,0,CENTRAL PARK BOULEVARD & 40TH AVENUE EAST,1,3,0,0,1,1,,0,35,0,0,0,0,0,4,2,13
,2016_04073,39.711141,-104.9840235,9/19/2016 15:30,15:30,3,0,1,ALAMEDA AVENUE EAST & GRANT STREET SOUTH,1,1,0,0,1,1,,0,25,0,0,0,0,2,4,3,13
,2016_04074,39.760794,-105.012495,9/26/2016 20:20,20:20,3,0,0,31ST AVENUE WEST & LYLE COURT NORTH,1,3,0,0,1,3,,0,30,0,0,0,0,0,4,2,13
,2016_04075,39.747447,-104.8928445,9/27/2016 13:10,13:10,3,0,0,UINTA STREET NORTH & MONTVIEW BOULEVARD,1,1,0,0,1,1,,0,,0,0,0,0,0,4,2,13
,2016_04076,39.737268,-104.9034645,10/6/2016 7:20,7:20,12,0,0,QUEBEC STREET NORTH & 13TH AVENUE EAST,2,1,0,1,1,4,,0,30,0,0,0,0,0,4,2,13
,2016_04077,39.735153,-104.973003,10/7/2016 19:47,19:47,6,0,0,12TH AVENUE & DOWNING STREET NORTH,1,2,1,0,1,4,,0,,0,0,0,0,0,4,2,13
,2016_04078,39.741057,-104.9940225,10/8/2016 0:50,0:50,15,0,0,GLENARM PLACE & 13TH STREET,1,3,0,0,1,4,,0,30,0,0,0,0,0,4,2,13
,2016_04079,39.689559,-105.0520905,11/28/2016 12:39,12:39,3,0,0,FLORIDA AVENUE WEST & ZENOBIA STREET SOUTH,1,1,1,0,1,1,,0,25,0,0,0,0,0,4,2,7
,2016_04080,39.687543,-104.9875245,12/23/2016 11:30,11:30,6,0,0,IOWA AVENUE WEST & BROADWAY SOUTH,1,1,3,0,1,4,,0,25,0,0,0,0,0,4,2,13
,2016_04081,39.718206,-104.954625,3/14/2016 17:25,17:25,1,0,0,FIRST AVENUE EAST & DETROIT STREET NORTH,1,1,0,0,1,1,,0,30,0,0,0,0,0,4,2,3
,2016_04082,39.718332,-104.966784,12/16/2016 16:10,16:10,12,0,0,FIRST AVENUE 1600 BLOCK EAST & GILPIN STREET NORTH,1,2,0,0,1,4,,0,30,0,0,0,0,0,4,3,13
,2016_04083,39.718152,-105.028794,3/12/2016 16:30,16:30,6,0,0,FIRST AVENUE WEST & HOOKER STREET NORTH,2,1,0,0,1,3,,0,25,0,0,0,0,0,4,2,14
,2016_04084,39.720978,-104.9558535,11/12/2016 14:36,14:36,6,0,0,THIRD AVENUE EAST & CLAYTON STREET NORTH,1,1,0,0,1,4,,0,30,0,0,0,0,0,4,2,13
,2016_04085,39.720978,-104.95827,10/27/2016 15:15,15:15,15,0,0,THIRD AVENUE EAST & JOSEPHINE STREET NORTH,1,1,0,0,1,4,,0,25,0,0,0,0,0,4,2,13
,2016_04086,39.722526,-105.0001965,12/21/2016 19:10,19:10,15,0,0,FOURTH AVENUE WEST & KALAMATH STREET NORTH,1,3,1,0,1,1,,0,35,0,0,0,0,0,4,2,13
,2016_04087,39.722517,-104.99859,6/29/2016 14:00,14:00,3,0,0,FOURTH AVENUE WEST & SANTA FE DRIVE NORTH,1,1,0,7,1,1,,0,25,0,0,0,0,0,4,5,14
,2016_04088,39.724119,-104.990832,6/7/2016 17:28,17:28,6,0,0,FIFTH AVENUE & BANNOCK STREET SOUTH,1,1,0,0,1,4,,0,25,0,0,0,0,0,4,4,1
,2016_04089,39.725631,-104.9874435,8/30/2016 8:38,8:38,12,0,0,SIXTH AVENUE EAST & BROADWAY STREET,1,1,0,0,1,1,,0,30,0,0,0,0,0,4,2,13
,2016_04090,39.725316,-104.9348655,4/1/2016 16:26,16:26,3,0,0,SIXTH AVENUE EAST & CLERMONT STREET NORTH,1,1,0,0,1,1,,0,25,0,0,0,0,0,4,2,13
,2016_04091,39.725334,-104.912793,5/30/2016 15:37,15:37,3,0,0,SIXTH AVENUE EAST & MONACO STREET NORTH,1,1,0,7,1,3,,0,30,0,0,0,0,1,4,2,8
,2016_04092,39.725424,-104.903793,1/7/2016 16:50,16:50,3,0,1,SIXTH AVENUE EAST & QUEBEC STREET NORTH,2,3,0,2,1,1,,0,30,0,0,0,0,2,4,2,13
,2016_04093,39.729303,-105.0223531,10/24/2016 17:49,17:49,12,0,0,EIGHTH AVENUE WEST & 2500 BLOCK,1,1,1,0,1,4,,0,35,0,0,0,0,1,4,2,13
,2016_04094,39.729213,-104.936004,12/21/2016 12:37,12:37,1,0,0,EIGHTH AVENUE EAST & BIRCH STREET NORTH,1,1,0,7,1,1,,0,30,0,0,0,0,1,4,2,16
,2016_04095,39.729114,-104.9566815,3/17/2016 7:35,7:35,12,0,0,EIGHTH AVENUE EAST & ELIZABETH STREET NORTH,1,1,0,7,1,3,,0,30,0,0,0,0,1,4,2,3
,2016_04096,39.728907,-104.998644,2/18/2016 16:01,16:01,12,0,0,EIGHTH AVENUE WEST & SANTA FE DRIVE NORTH,1,1,0,7,1,4,,0,30,0,0,0,0,0,4,2,16
,2016_04097,39.728934,-104.9906115,12/8/2016 14:59,14:59,3,0,0,EIGHTH AVENUE & SPEER BOULEVARD NORTH,1,1,0,0,1,1,,0,35,0,0,0,0,0,4,2,13
,2016_04098,39.74001,-104.99202,11/19/2016 18:30,18:30,6,0,0,NINTH AVENUE & 5700 BLOCK EAST,5,2,0,0,1,4,,0,20,0,0,0,0,0,4,2,13
,2016_04099,39.733623,-104.9941215,5/27/2016 13:16,13:16,10,0,0,11TH AVENUE WEST & SPEER BOULEVARD NORTH,1,1,1,0,1,1,,0,30,0,0,0,0,1,4,2,13
,2016_04100,39.735144,-104.9776155,12/18/2016 18:23,18:23,3,0,0,12TH AVENUE & CLARKSON STREET NORTH,5,3,0,0,1,1,,0,30,0,0,0,0,0,4,2,13
,2016_04101,39.735252,-104.9835735,12/17/2016 23:15,23:15,3,0,0,12TH AVENUE EAST & GRANT STREET NORTH,5,3,0,2,1,1,,0,,0,0,0,0,1,4,2,5
,2016_04102,39.735027,-104.9598315,6/11/2016 2:50,2:50,5,0,0,12TH AVENUE EAST & YORK STREET NORTH,1,3,0,0,3,1,,0,30,0,0,0,0,0,4,1,5
,2016_04103,39.736809,-104.9574375,3/6/2016 3:00,3:00,3,0,0,13TH AVENUE EAST & COLUMBINE STREET NORTH,1,3,0,7,1,1,,0,30,0,0,0,0,0,4,2,14
,2016_04104,39.736755,-104.9472765,12/16/2016 13:25,13:25,1,0,0,13TH AVENUE EAST & COOK STREET,1,1,0,0,1,1,,0,80,0,0,0,0,0,4,2,8
,2016_04105,39.736872,-105.000183,10/24/2016 17:50,17:50,12,0,0,13TH AVENUE 900 BLOCK WEST & KALAMATH STREET NORTH,1,3,0,7,1,3,,0,25,0,0,0,0,0,4,2,3
,2016_04106,39.737259,-104.9011425,8/1/2016 18:00,18:00,3,0,0,13TH AVENUE EAST & ROSLYN STREET NORTH,1,1,0,7,1,1,,0,25,0,0,0,0,0,4,2,16
,2016_04107,39.736899,-105.01596,3/26/2016 19:45,19:45,5,0,0,13TH AVENUE 2400 BLOCK WEST & ZUNI STREET NORTH,1,3,0,7,3,4,,0,30,0,0,0,0,1,4,1,5
,2016_04108,39.74001,-104.99202,11/14/2016 19:22,19:22,10,0,0,14TH AVENUE & 3300 BLOCK EAST,1,3,0,0,1,3,,0,35,0,0,0,0,0,4,2,13
,2016_04109,39.738258,-104.9394915,6/10/2016 18:16,18:16,10,0,0,14TH AVENUE EAST & ALBION STREET NORTH,1,1,0,0,1,1,,0,30,0,0,0,0,0,4,2,8
,2016_04110,39.738456,-105.0346125,2/4/2016 7:12,7:12,3,0,0,14TH AVENUE WEST & LOWELL BOULEVARD NORTH,5,1,0,2,1,1,,0,30,0,0,0,0,0,4,2,14
,2016_04111,39.73833,-104.9450535,7/21/2016 8:45,8:45,3,0,0,14TH AVENUE EAST & MONROE STREET NORTH,1,1,0,7,1,1,,0,30,0,0,0,0,0,4,2,1
,2016_04112,39.738438,-104.979915,6/23/2016 22:47,22:47,12,0,0,14TH AVENUE 500 BLOCK EAST & PEARL STREET NORTH,1,3,0,7,1,4,,0,30,0,0,0,0,0,4,2,5
,2016_04113,39.73842,-104.9787315,5/12/2016 7:00,7:00,10,0,0,14TH AVENUE EAST & WASHINGTON STREET NORTH,1,1,0,0,1,1,,0,30,0,0,0,0,0,4,2,13
,2016_04114,39.741381,-104.938947,5/3/2016 7:16,7:16,6,0,0,16TH AVENUE 4035 EAST & ALBION STREET NORTH,1,3,0,0,1,4,,0,25,0,0,0,0,0,4,2,13
,2016_04115,39.743388,-104.93721,10/28/2016 9:29,9:29,3,0,0,17TH AVENUE EAST & BELLAIRE STREET NORTH,1,1,0,7,1,1,,0,30,0,0,0,0,0,4,2,16
,2016_04116,39.743226,-104.961006,10/22/2016 15:00,15:00,3,0,0,17TH AVENUE EAST & GAYLORD,1,1,0,0,1,1,,0,30,0,0,0,0,0,4,2,13
,2016_04117,39.743775,-104.9464935,11/30/2016 18:56,18:56,8,0,1,17TH AVENUE EAST & MADISON STREET NORTH,1,3,0,0,1,4,,0,30,0,0,0,0,2,4,2,13
,2016_04118,39.744819,-104.968422,11/18/2016 8:03,8:03,3,0,0,18TH AVENUE EAST & FRANKLIN STREET NORTH,2,1,0,2,1,1,,0,35,0,0,0,0,0,4,2,14
,2016_04119,39.744819,-104.9823765,1/18/2016 11:19,11:19,3,0,0,18TH AVENUE EAST & LOGAN STREET NORTH,1,1,0,0,1,1,,0,30,0,0,0,0,0,4,3,13
,2016_04120,39.74607,-104.968422,5/6/2016 14:53,14:53,3,0,0,19TH AVENUE 1600 BLOCK EAST & FRANKLIN STREET NORTH,1,1,0,7,1,2,,0,25,0,0,0,0,1,4,2,16
,2016_04121,39.747528,-104.978304,2/25/2016 14:25,14:25,5,0,0,20TH AVENUE EAST & WASHINGTON STREET NORTH,1,1,0,0,2,1,,0,25,0,0,0,0,0,4,2,13
,2016_04122,39.750408,-104.882832,5/26/2016 8:10,8:10,13,0,1,23RD AVENUE EAST & AKRON COURT NORTH,1,1,0,0,1,1,,0,25,0,0,0,0,2,4,2,13
,2016_04123,39.750732,-104.975757,11/22/2016 17:59,17:59,3,0,0,23RD AVENUE EAST & EMERSON STREET NORTH,1,3,0,0,1,1,,0,25,0,0,0,0,0,4,2,14
,2016_04124,39.75486026,-105.0457389,7/1/2016 15:06,15:06,3,0,0,26TH AVENUE WEST & 2400 BLOCK,1,1,1,0,1,2,,0,,0,0,0,0,0,4,2,13
,2016_04125,39.74001,-104.99202,4/16/2016 15:05,15:05,6,0,0,26TH AVENUE & 3200 BLOCK WEST,6,1,0,2,1,4,,0,25,0,0,0,0,0,4,2,13
,2016_04126,39.754728,-104.9034015,3/23/2016 12:05,12:05,3,0,0,26TH AVENUE & QUEBEC STREET,4,1,0,2,1,1,,0,30,0,0,0,0,1,4,2,16
,2016_04127,39.755952,-104.899005,8/11/2016 10:25,10:25,3,0,0,28TH AVENUE EAST & SYRACUSE STREET NORTH,1,1,1,7,1,1,,0,30,0,0,0,0,0,4,2,16
,2016_04128,39.758355,-104.9282235,6/2/2016 13:24,13:24,3,0,0,29TH AVENUE EAST & FAIRFAX STREET NORTH,1,1,0,7,1,1,,0,25,0,0,0,0,0,4,2,16
,2016_04129,39.758409,-105.0158835,1/5/2016 13:04,13:04,3,0,0,29TH AVENUE WEST & ZUNI STREET NORTH,1,1,0,0,1,1,,0,25,0,0,0,0,0,4,2,3
,2016_04130,39.758409,-105.0158835,8/16/2016 12:05,12:05,15,0,0,29TH AVENUE WEST & ZUNI STREET NORTH,1,1,0,0,1,4,,0,30,0,0,0,0,0,4,3,7
,2016_04131,39.762117,-105.034572,1/11/2016 19:25,19:25,6,0,0,32ND AVENUE WEST & LOWELL BOULEVARD NORTH,1,3,0,7,1,4,,0,30,0,0,0,0,0,4,2,16
,2016_04132,39.765636,-104.9034645,2/26/2016 12:40,12:40,15,0,0,35TH AVENUE EAST & QUEBEC STREET NORTH,1,1,0,0,1,1,,0,35,0,0,0,0,0,4,2,1
,2016_04133,39.767382,-104.90346,1/17/2016 15:50,15:50,3,0,0,36TH AVENUE EAST & QUEBEC STREET NORTH,1,1,0,0,1,1,,0,35,0,0,0,0,0,4,2,3
,2016_04134,39.767382,-104.90346,8/2/2016 15:20,15:20,1,0,0,36TH AVENUE EAST & QUEBEC STREET NORTH,1,1,0,0,1,1,,0,30,0,0,0,0,1,4,2,1
,2016_04135,39.76921564,-105.0253179,6/13/2016 11:55,11:55,9,0,0,38TH AVENUE 3000 BLOCK WEST & 38TH AVENUE,2,1,0,1,1,4,,0,35,0,0,0,0,0,4,1,16
,2016_04136,39.769272,-104.9127165,7/9/2016 17:25,17:25,3,0,0,38TH AVENUE EAST & MONACO STREET NORTH,1,1,0,7,1,1,,0,30,0,0,0,0,0,4,2,8
,2016_04137,39.769272,-105.006456,7/14/2016 17:49,17:49,5,0,0,38TH AVENUE WEST & PECOS STREET NORTH,1,1,0,7,3,1,,0,35,0,0,0,0,0,4,1,3
,2016_04138,39.770505,-105.018984,5/1/2016 7:45,7:45,6,0,0,39TH AVENUE & BRYANT STREET,4,1,0,2,1,4,,0,25,0,0,0,0,0,4,3,13
,2016_04139,39.77289,-104.9393609,6/30/2016 20:12,20:12,6,0,0,40TH AVENUE & 1713 WEST,1,2,0,0,1,2,,0,5,0,0,0,0,0,4,2,7
,2016_04140,39.772872,-104.8016205,5/9/2016 14:55,14:55,1,0,0,40TH AVENUE EAST & KITTREDGE STREET,1,1,0,7,1,1,,0,40,0,0,0,0,0,4,2,7
,2016_04141,39.771738,-105.0064335,5/16/2016 13:15,13:15,3,0,0,40TH AVENUE WEST & PECOS STREET NORTH,2,1,0,1,1,1,,0,25,0,0,0,0,0,4,2,7
,2016_04142,39.774627,-104.7561975,5/4/2016 7:55,7:55,12,0,0,42ND AVENUE & FLANDERS STREET,1,1,0,0,1,4,,0,25,0,0,0,0,0,4,2,13
,2016_04143,39.778047,-104.8471245,4/22/2016 15:10,15:10,3,0,0,45TH AVENUE EAST & PEORIA STREET NORTH,1,1,0,0,1,2,,0,25,0,0,0,0,0,4,2,14
,2016_04144,39.780243,-105.029901,11/17/2016 7:25,7:25,12,0,0,46TH AVENUE 3200 BLOCK WEST & IRVING STREET NORTH,1,1,0,7,1,3,,0,60,0,0,0,0,0,4,2,3
,2016_04145,39.780207,-105.0439635,3/7/2016 9:25,9:25,3,0,0,46TH AVENUE WEST & TENNYSON STREET NORTH,1,1,0,7,1,1,,0,35,0,0,0,0,1,4,2,14
,2016_04146,39.7818958,-104.9532253,10/4/2016 7:48,7:48,6,0,0,47TH AVENUE EAST & FILLMORE STREET NORTH,1,1,0,0,1,4,,0,25,0,0,0,0,0,4,2,5
,2016_04147,39.782394,-104.848956,3/26/2016 16:42,16:42,3,0,0,47TH AVENUE EAST & PARIS STREET NORTH,1,1,0,7,1,1,,0,25,0,0,0,0,1,4,2,16
,2016_04148,39.781854,-104.9786325,9/12/2016 20:58,20:58,15,0,0,47TH AVENUE EAST & WASHINGTON STREET NORTH,1,3,0,0,1,3,,0,,0,0,0,0,1,4,2,13
,2016_04149,39.789288,-104.844672,6/10/2016 6:25,6:25,6,0,0,51ST AVENUE 12200 BLOCK EAST & QUENTIN STREET NORTH,1,1,0,0,1,4,,0,35,0,0,0,0,0,4,2,14
,2016_04150,39.78909905,-104.9664359,5/9/2016 9:30,9:30,6,0,0,51ST AVENUE EAST & RACE COURT,1,1,0,0,1,2,,0,25,0,0,0,0,0,4,2,14
,2016_04151,39.870333,-104.6215215,3/21/2016 10:15,10:15,5,0,0,96TH AVENUE 31500 BLOCK EAST & HUDSON MILE ROAD,1,1,0,7,2,4,,0,25,0,0,0,0,0,4,1,10
,2016_04152,39.790521,-104.836959,11/16/2016 10:35,10:35,12,0,0,51ST AVENUE EAST & UTOPIA COURT NORTH,1,1,0,7,1,1,,0,25,0,0,0,0,0,4,2,16
,2016_04153,39.794211,-104.8472235,9/6/2016 0:15,0:15,5,0,0,54TH AVENUE EAST & PEORIA STREET NORTH,1,3,0,1,3,4,,0,40,0,0,0,0,0,4,1,13
,2016_04154,39.798297,-104.88447,4/22/2016 7:45,7:45,1,0,0,56TH AVENUE EAST & CENTRAL PARK BOULEVARD,1,1,0,7,1,1,,0,40,0,0,0,0,0,4,2,16
,2016_04155,39.798297,-104.795532,10/29/2016 23:41,23:41,1,0,0,56TH AVENUE EAST & MEMPHIS STREET NORTH,1,4,0,4,1,1,,0,45,0,0,0,0,0,4,2,1
,2016_04156,39.798396,-104.786415,2/18/2016 7:05,7:05,15,0,0,56TH AVENUE EAST & PENA BOULEVARD,1,1,0,7,1,4,,0,45,0,0,0,0,0,4,2,16
,2016_04157,39.798234,-104.7721815,7/15/2016 21:04,21:04,3,0,0,56TH AVENUE EAST & TOWER ROAD NORTH,1,4,0,7,1,1,,0,45,0,0,0,0,1,4,3,14
,2016_04158,39.825486,-104.7719655,2/6/2016 16:10,16:10,15,0,0,71ST AVENUE EAST & TOWER ROAD NORTH,1,1,0,1,1,1,,0,25,0,0,0,0,0,4,2,8
,2016_04159,39.838023,-104.7097305,2/1/2016 18:47,18:47,5,0,1,78TH AVENUE & CALAWBA STREET NORTH,10,3,0,2,2,3,,0,45,0,0,0,0,2,4,1,14
,2016_04160,39.838023,-104.7097305,12/8/2016 0:47,0:47,15,0,0,78TH AVENUE EAST & CALAWBA COURT NORTH,8,3,0,7,1,4,,0,40,0,0,0,0,0,4,2,8
,2016_04161,39.837969,-104.6928825,7/14/2016 19:55,19:55,15,0,0,78TH AVENUE & JACKSON GAP ROAD,1,1,0,0,1,4,,0,40,0,0,0,0,1,4,2,8
,2016_04162,39.711114,-104.9679378,6/14/2016 6:52,6:52,3,0,0,ALAMEDA AVENUE & 4200 BLOCK EAST,1,1,0,0,1,2,,0,35,0,0,0,0,0,4,2,3
,2016_04163,39.711348,-104.9035005,4/19/2016 16:40,16:40,12,0,0,ALAMEDA AVENUE EAST & QUEBEC STREET,1,1,0,0,1,4,,0,40,0,0,0,0,0,4,2,14
,2016_04164,39.711114,-104.9679378,11/21/2016 15:58,15:58,5,0,0,ALAMEDA AVENUE & 8680 EAST,1,1,0,0,3,4,,0,35,0,0,0,0,0,4,1,2
,2016_04165,39.711168,-104.99238,8/15/2016 13:05,13:05,12,0,0,ALAMEDA AVENUE 200 BLOCK WEST & CHEROKEE STREET SOUTH,1,1,0,7,1,2,,0,30,0,0,0,0,0,4,2,8
,2016_04166,39.711168,-104.99238,10/20/2016 20:29,20:29,15,0,0,ALAMEDA AVENUE 200 BLOCK WEST & CHEROKEE STREET SOUTH,1,3,2,7,1,4,,0,25,0,0,0,0,0,4,2,16
,2016_04167,39.711168,-104.99238,12/4/2016 11:45,11:45,15,0,0,ALAMEDA AVENUE WEST & CHEROKEE STREET SOUTH,6,1,1,0,1,4,,0,35,0,0,0,0,0,4,2,8
,2016_04168,39.711186,-104.9482305,6/4/2016 4:06,4:06,12,0,0,ALAMEDA AVENUE 3200 BLOCK EAST & CHERRY CREEK SOUTH DRIVE,1,3,0,7,1,1,,0,30,0,0,0,0,0,4,2,5
,2016_04169,39.711348,-104.935113,6/30/2016 17:55,17:55,12,0,0,ALAMEDA AVENUE EAST & CLERMONT STREET SOUTH,1,1,1,7,1,1,,0,35,0,0,0,0,0,4,2,12
,2016_04170,39.711195,-104.998401,7/22/2016 16:45,16:45,15,0,0,ALAMEDA AVENUE 900 WEST & KALAMATH STREET SOUTH,1,1,0,0,1,4,,0,30,0,0,0,0,0,4,2,1
,2016_04171,39.711366,-104.912964,8/4/2016 16:55,16:55,12,0,0,ALAMEDA AVENUE 6500 BLOCK EAST & MONACO STREET SOUTH,1,1,0,7,1,3,,0,35,0,0,0,0,0,4,2,14
,2016_04172,39.71142,-104.9366835,12/2/2016 17:05,17:05,1,0,0,ALAMEDA AVENUE EAST & LEETSDALE DRIVE,1,3,0,0,1,2,,0,30,0,0,0,0,0,4,2,13
,2016_04173,39.7759725,-104.936166,10/24/2016 3:45,3:45,6,0,0,ALBION STREET NORTH & 600 BLOCK,1,3,0,0,1,4,,0,,0,0,0,0,0,4,2,13
,2016_04174,39.741381,-104.938947,2/25/2016 14:55,14:55,6,0,0,ALBION STREET NORTH & 16TH AVENUE EAST,1,1,0,0,1,4,,0,25,0,0,0,0,0,4,5,1
,2016_04175,39.674808,-104.939595,5/20/2016 2:10,2:10,12,0,0,ALBION STREET & ILIFF AVENUE EAST,1,3,3,0,1,4,,0,20,0,0,0,0,0,4,2,1
,2016_04176,39.783654,-104.764914,8/1/2016 11:52,11:52,12,0,0,ARGONNE STREET 4600 BLOCK NORTH & GREEN VALLEY RANCH BOULEVARD EAST,1,1,1,7,1,4,,0,30,0,0,0,0,0,4,2,1
,2016_04177,39.691296,-105.02973,3/18/2016 7:50,7:50,6,0,0,ARKANSAS AVENUE WEST & IRVING STREET SOUTH,4,1,0,2,1,1,,0,25,0,0,0,0,0,4,2,13
,2016_04178,39.74435823,-105.0106554,1/23/2016 6:35,6:35,5,0,0,AURARIA PARKWAY & 1100 BLOCK,1,3,0,0,2,4,,0,35,0,0,0,0,0,4,1,5
,2016_04179,39.711546,-104.9461605,2/1/2016 8:20,8:20,12,0,0,ALAMEDA AVENUE EAST & MADISON STREET SOUTH,5,1,0,2,1,1,,0,30,0,0,0,0,0,4,2,16
,2016_04180,39.678426,-104.9899545,4/2/2016 11:38,11:38,3,0,0,BANNOCK STREET SOUTH & EVANS AVENUE WEST,1,1,0,7,1,1,,0,25,0,0,0,0,1,4,2,3
,2016_04181,39.74001,-104.99202,11/4/2016 18:15,18:15,3,0,0,BAYAUD AVENUE & 3700 BLOCK EAST,1,1,0,0,1,2,,0,30,0,0,0,0,0,4,2,13
,2016_04182,39.714642,-104.941332,5/15/2016 17:02,17:02,3,0,0,BAYAUD AVENUE EAST & HARRISON STREET SOUTH,1,1,0,0,1,1,,0,25,0,0,0,0,0,4,2,3
,2016_04183,39.714723,-104.981517,9/2/2016 7:12,7:12,6,0,0,BAYAUD AVENUE 400 BLOCK EAST & PENNSYLVANIA STREET SOUTH,1,1,0,0,1,4,,0,25,0,0,0,0,0,4,2,14
,2016_04184,39.714786,-104.998572,7/12/2016 17:20,17:20,3,0,0,BAYAUD AVENUE WEST & SANTA FE DRIVE SOUTH,1,1,0,7,1,1,,0,35,0,0,0,0,0,4,2,16
,2016_04185,39.76838716,-104.9812621,2/6/2016 21:50,21:50,3,0,1,BRIGHTON BOULEVARD 3300 BLOCK NORTH & 34TH STREET,1,3,0,0,1,2,,0,35,0,0,0,0,2,4,6,13
,2016_04186,39.77312829,-104.9892215,7/7/2016 18:26,18:26,15,0,0,BROADWAY & 0 BLOCK SOUTH,1,1,0,0,1,4,,0,30,0,0,0,0,0,4,2,13
,2016_04187,39.77312829,-104.9892215,5/10/2016 9:57,9:57,15,0,0,BROADWAY & 1300 BLOCK NORTH,1,1,0,0,1,4,,0,30,0,0,0,0,0,4,2,13
,2016_04188,39.718332,-104.987502,3/24/2016 8:15,8:15,3,0,0,BROADWAY NORTH & FIRST AVENUE EAST,5,1,0,7,1,1,,0,30,0,0,0,0,0,4,2,16
,2016_04189,39.730428,-104.987394,11/11/2016 0:58,0:58,6,0,0,BROADWAY & NINTH AVENUE EAST,1,3,1,0,1,4,,0,40,0,0,0,0,0,4,2,13
,2016_04190,39.73842,-104.987394,5/18/2016 17:13,17:13,15,0,0,BROADWAY NORTH & 14TH AVENUE EAST,1,1,0,7,1,1,,0,30,0,0,0,0,0,4,3,16
,2016_04191,39.712995,-104.987574,6/28/2016 18:16,18:16,3,0,0,BROADWAY SOUTH & CEDAR AVENUE WEST,1,1,0,7,1,1,,0,30,0,0,0,0,0,4,2,16
,2016_04192,39.687543,-104.9875245,5/14/2016 15:05,15:05,12,0,0,BROADWAY SOUTH & IOWA AVENUE WEST,1,1,0,7,1,4,,0,35,0,0,0,0,0,4,2,7
,2016_04193,39.693024,-104.987466,5/27/2016 16:08,16:08,12,0,0,BROADWAY SOUTH & LOUISIANA AVENUE EAST,1,1,0,7,1,1,,0,30,0,0,0,0,0,4,2,3
,2016_04194,39.75453,-104.987421,6/21/2016 7:49,7:49,15,0,0,BROADWAY & PARK AVENUE WEST,1,1,0,7,1,4,,0,30,0,0,0,0,0,4,2,16
,2016_04195,39.764448,-104.940504,4/14/2016 14:43,14:43,12,0,0,BRUCE RANDOLPH AVENUE EAST & COLORADO BOULEVARD NORTH,1,1,0,7,1,4,,0,35,0,0,0,1,0,4,2,14
,2016_04196,39.709323,-105.0192045,7/9/2016 18:37,18:37,3,0,0,CANOSA COURT SOUTH & DAKOTA AVENUE WEST,1,1,1,7,1,1,,0,25,0,0,0,1,1,4,2,16
,2016_04197,39.712896,-104.9734035,2/9/2016 16:20,16:20,3,0,0,CEDAR AVENUE EAST & DOWNING STREET SOUTH,1,1,0,7,1,1,,0,25,0,0,0,0,0,4,2,16
,2016_04198,39.76529688,-104.8902936,5/12/2016 7:45,7:45,12,0,0,CENTRAL PARK BOULEVARD 3500 BLOCK NORTH & 35TH AVENUE EAST,1,1,0,7,1,3,,0,35,0,0,0,0,0,4,3,16
,2016_04199,39.783771,-104.8096575,3/30/2016 7:10,7:10,12,0,0,CHAMBERS ROAD NORTH & GREEN VALLEY RANCH BOULEVARD,1,1,0,7,1,1,,0,40,0,0,0,0,0,4,2,3
,2016_04200,39.773709,-104.974488,3/18/2016 5:28,5:28,5,0,0,39TH STREET & BRIGHTON BOULEVARD NORTH,5,3,0,2,3,1,,0,35,0,0,0,0,0,4,1,13
,2016_04201,39.783771,-104.8096575,10/19/2016 17:54,17:54,1,0,0,CHAMBERS ROAD NORTH & GREEN VALLEY RANCH BOULEVARD EAST,1,1,1,7,1,1,,0,40,0,0,0,0,0,4,2,14
,2016_04202,39.794787,-104.809761,1/31/2016 1:54,1:54,5,0,0,CHAMBERS ROAD NORTH & MAXWELL PLACE EAST,2,3,0,7,3,1,,0,40,0,0,0,0,0,4,1,14
,2016_04203,39.71466,-104.949972,2/1/2016 0:46,0:46,5,0,1,CHERRY CREEK NORTH DRIVE 100 BLOCK SOUTH & BAYAUD AVENUE EAST,5,3,0,2,3,4,,0,30,0,0,0,0,2,4,1,5
,2016_04204,39.6738,-105.0298335,10/22/2016 8:45,8:45,5,0,0,HOOKER STREET / IRVING STREET ALLEY & 1800 BLOCK,1,1,0,0,1,5,,1,5,0,0,0,0,0,4,1,13