id,drcog_id,latitude,longitude,crashtime,time,crashtype,numbkilled,numbinjurd,drcoglocat,rdconditin,lightngcon,roadcntgrd,weatherco,location,roaddescrp,schoolzone,constrzone,splimit,bikeinv,pedinv,sctrinv,motoinv,svrty,rdsystem,ttlvehcls,hcf
,2016_04205,39.709188,-104.94432,6/30/2016 12:50,12:50,15,0,0,CHERRY CREEK NORTH DRIVE 400 BLOCK EAST & DAKOTA AVENUE,1,1,1,7,1,3,,0,30,0,0,0,0,1,4,2,3
,2016_04206,39.696597,-104.9219055,5/12/2016 16:04,16:04,12,0,0,CHERRY CREEK NORTH DRIVE 5500 BLOCK EAST & HOLLY STREET SOUTH,1,1,0,7,1,4,,0,35,0,0,0,0,0,4,2,14
,2016_04207,39.741678,-104.977584,2/26/2016 19:09,19:09,3,0,0,CLARKSON STREET NORTH & 16TH AVENUE EAST,1,1,1,0,1,1,,0,30,0,0,0,0,1,4,2,8
,2016_04208,39.754818,-105.020514,1/27/2016 11:51,11:51,3,0,0,CLAY STREET NORTH & 26TH AVENUE WEST,1,1,1,0,1,1,,0,25,0,0,0,0,0,4,2,13
,2016_04209,39.772908,-105.020514,1/30/2016 23:44,23:44,5,0,0,CLAY STREET NORTH & 41ST AVENUE WEST,2,3,0,2,3,1,,0,25,0,0,0,0,0,4,1,5
,2016_04210,39.748545,-104.9796,8/6/2016 21:25,21:25,6,0,0,CLEVELAND PLACE & PARK AVENUE WEST,1,4,0,0,1,4,,0,30,0,0,0,0,0,4,2,4
,2016_04211,39.657897,-105.0532335,2/1/2016 10:26,10:26,12,0,0,COLUMBIA PLACE WEST & SHERIDAN BOULEVARD SOUTH,6,1,0,2,1,2,,0,30,0,0,0,0,0,4,2,7
,2016_04212,39.727287,-104.974101,11/14/2016 6:30,6:30,15,0,0,CORONA STREET NORTH & SEVENTH AVENUE EAST,1,2,1,0,1,3,,0,60,0,0,0,0,0,4,2,1
,2016_04213,39.71835,-104.9745915,1/17/2016 18:20,18:20,15,0,0,CORONA STREET NORTH & SPEER BOULEVARD EAST,1,3,0,0,1,4,,0,30,0,0,0,0,0,4,2,1
,2016_04215,39.709449,-105.032457,4/25/2016 5:05,5:05,3,0,0,DAKOTA AVENUE 3400 BLOCK WEST & KNOX COURT SOUTH,1,1,0,0,1,2,,0,25,0,0,0,0,0,4,2,7
,2016_04216,39.744846,-104.9734035,6/21/2016 22:32,22:32,3,0,0,DOWNING STREET NORTH & 18TH AVENUE EAST,1,3,0,7,1,1,,0,30,0,0,0,0,0,4,3,12
,2016_04217,39.694734,-104.9734215,12/13/2016 9:55,9:55,12,0,0,DOWNING STREET 1200 BLOCK SOUTH & ARIZONA AVENUE EAST,1,1,0,7,1,4,,0,,0,0,0,0,1,4,2,16
,2016_04218,39.678507,-104.973444,1/16/2016 9:42,9:42,12,0,0,DOWNING STREET 2100 BLOCK SOUTH & EVANS AVENUE EAST,1,1,0,7,1,1,,0,30,0,0,0,0,0,4,3,16
,2016_04219,39.698406,-104.9734035,2/15/2016 17:35,17:35,6,0,0,DOWNING STREET 1000 BLOCK SOUTH & TENNESSEE AVENUE EAST,1,2,0,0,1,4,,0,30,0,0,0,0,1,4,2,2
,2016_04220,39.707469,-104.973381,6/2/2016 13:40,13:40,5,0,0,DOWNING STREET 500 BLOCK SOUTH & VIRGINIA AVENUE EAST,1,1,0,7,3,4,,0,30,0,0,0,0,0,4,1,12
,2016_04221,39.676689,-104.973462,4/28/2016 7:51,7:51,12,0,0,DOWNING STREET 2100 BLOCK SOUTH & WARREN AVENUE EAST,1,1,0,7,1,4,,0,30,0,0,0,0,0,4,2,1
,2016_04222,39.78308903,-104.992623,11/9/2016 12:35,12:35,6,0,0,ELATI STREET & 900 BLOCK NORTH,1,1,0,0,1,4,,0,25,0,0,0,0,0,4,2,13
,2016_04223,39.78788848,-105.023943,9/3/2016 23:40,23:40,6,0,0,ELIOT STREET SOUTH & ELIOT STREET 780 SOUTH,1,3,0,0,2,4,,0,30,0,0,0,0,0,4,3,3
,2016_04224,39.716577,-104.9908635,2/19/2016 8:05,8:05,6,0,0,ELLSWORTH AVENUE WEST & BANNOCK STREET NORTH,1,1,0,0,1,1,,0,25,0,0,0,0,0,4,2,5
,2016_04226,39.716523,-104.9757525,11/19/2016 12:49,12:49,6,0,0,ELLSWORTH AVENUE EAST & OGDEN STREET NORTH,5,1,0,0,1,4,,0,20,0,0,0,0,0,4,2,13
,2016_04227,39.678426,-104.9395905,3/18/2016 17:36,17:36,1,0,0,EVANS AVENUE 4100 BLOCK EAST & ALBION STREET SOUTH,1,1,0,7,1,1,,0,35,0,0,0,0,1,4,2,3
,2016_04228,39.678426,-104.9395905,4/26/2016 15:12,15:12,1,0,0,EVANS AVENUE 4100 BLOCK EAST & ALBION STREET SOUTH,2,1,0,7,1,2,,0,30,0,0,0,0,0,4,2,14
,2016_04229,39.70747887,-104.9734936,1/8/2016 20:00,20:00,6,0,0,VIRGINIA AVENUE & 3085 WEST,5,3,0,7,1,4,,0,25,0,0,0,0,0,4,2,1
,2016_04230,39.678426,-104.9395905,6/28/2016 16:41,16:41,1,0,0,EVANS AVENUE EAST & ALBION STREET SOUTH,1,1,0,7,1,1,,0,35,0,0,0,0,1,4,2,3
,2016_04231,39.678426,-104.9395905,8/12/2016 15:58,15:58,3,0,0,EVANS AVENUE EAST & ALBION STREET SOUTH,1,1,0,0,1,1,,0,25,0,0,0,0,0,4,2,14
,2016_04233,39.678426,-104.9899545,2/18/2016 18:16,18:16,12,0,0,EVANS AVENUE WEST & BANNOCK STREET SOUTH,1,3,0,7,1,1,,0,35,0,0,0,0,0,4,2,16
,2016_04234,39.678426,-104.9899545,12/19/2016 8:10,8:10,12,0,0,EVANS AVENUE WEST & BANNOCK STREET SOUTH,4,1,1,2,1,4,,0,35,0,0,0,0,0,4,2,16
,2016_04235,39.678426,-104.9363145,10/14/2016 13:22,13:22,12,0,0,EVANS AVENUE EAST & BIRCH STREET SOUTH,1,1,0,0,1,1,,0,30,0,0,0,0,0,4,2,1
,2016_04236,39.678489,-104.9652315,2/29/2016 20:30,20:30,15,0,0,EVANS AVENUE EAST & HIGH STREET SOUTH,1,3,0,0,1,1,,0,35,0,0,0,0,0,4,2,3
,2016_04237,39.678489,-104.9652315,12/23/2016 12:53,12:53,3,0,0,EVANS AVENUE EAST & HIGH STREET SOUTH,1,1,0,0,1,1,,0,25,0,0,0,0,0,4,2,14
,2016_04238,39.678363,-104.959404,5/27/2016 16:39,16:39,12,0,1,EVANS AVENUE 2200 BLOCK EAST & UNIVERSITY BOULEVARD SOUTH,1,1,0,7,1,4,,0,30,0,0,0,0,2,4,3,16
,2016_04239,39.730437,-104.983614,4/18/2016 20:30,20:30,15,0,0,GRANT STREET NORTH & NINTH AVENUE,1,3,0,7,1,1,,0,35,0,0,0,0,0,4,2,16
,2016_04240,39.678363,-104.959404,9/23/2016 10:25,10:25,12,0,0,EVANS AVENUE 2300 BLOCK EAST & UNIVERSITY BOULEVARD SOUTH,1,1,0,0,1,3,,0,30,0,0,0,0,1,4,2,13
,2016_04241,39.703878,-104.9875425,12/5/2016 10:42,10:42,3,0,0,EXPOSITION AVENUE 0000 BLOCK EAST & BROADWAY STREET SOUTH,1,1,0,7,1,5,,0,25,0,0,0,0,0,4,2,16
,2016_04242,39.75237,-104.984631,12/3/2016 13:00,13:00,5,0,0,PARK AVENUE WEST & STOUT STREET,1,1,0,0,3,1,,0,30,0,0,0,0,0,4,1,1
,2016_04243,39.711321,-104.892912,6/10/2016 13:12,13:12,12,0,0,FAIRMONT DRIVE EAST & ALAMEDA AVENUE EAST,1,1,0,7,1,1,,0,30,0,0,0,0,1,4,2,3
,2016_04244,39.78453834,-104.8720992,12/8/2016 10:10,10:10,3,0,0,FLORENCE STREET NORTH & 40TH AVENUE EAST,4,1,0,7,1,1,,0,40,0,0,0,0,0,4,2,16
,2016_04245,39.689316,-104.9339745,11/19/2016 11:28,11:28,12,0,0,FLORIDA AVENUE 4600 BLOCK EAST & CHERRY STREET SOUTH,1,1,0,0,1,2,,0,30,0,0,0,0,0,4,2,13
,2016_04246,39.689442,-105.034365,1/23/2016 19:31,19:31,1,0,0,FLORIDA AVENUE WEST & LOWELL BOULEVARD SOUTH,1,3,0,7,1,3,,0,30,0,0,0,0,0,4,2,14
,2016_04247,39.689532,-105.048972,7/24/2016 2:35,2:35,3,0,0,FLORIDA AVENUE WEST & WOLCOTT COURT SOUTH,1,3,0,0,1,1,,0,25,0,0,0,0,1,4,2,5
,2016_04248,39.68955,-105.0500115,11/30/2016 17:26,17:26,12,0,0,FLORIDA AVENUE WEST & XAVIER STREET SOUTH,1,1,0,7,1,1,,0,35,0,0,0,0,1,4,2,7
,2016_04249,39.692952,-104.9687325,8/23/2016 7:30,7:30,13,0,0,FRANKLIN STREET SOUTH & LOUISIANA AVENUE EAST,1,2,0,0,1,1,,0,25,0,0,0,0,1,4,2,13
,2016_04250,39.784878,-104.815197,1/26/2016 16:14,16:14,3,0,0,GATEWAY AVENUE EAST & ENID WAY NORTH,1,1,0,7,1,1,,0,25,0,0,0,0,0,4,2,16
,2016_04251,39.741057,-104.9940225,2/19/2016 22:30,22:30,8,0,0,GLENARM PLACE & 13TH STREET,1,3,0,7,1,1,,0,30,0,0,0,0,0,4,2,5
,2016_04252,39.720915,-104.983803,5/21/2016 13:10,13:10,6,0,0,GRANT STREET NORTH & THIRD AVENUE EAST,1,1,0,0,1,4,,0,25,0,0,0,0,0,4,2,14
,2016_04253,39.783654,-104.764914,5/28/2016 11:55,11:55,6,0,0,GREEN VALLEY RANCH BOULEVARD EAST & ARGONNE STREET NORTH,1,1,0,0,1,1,,0,30,0,0,0,0,0,4,2,7
,2016_04254,39.783654,-104.7611925,5/24/2016 11:25,11:25,3,0,0,GREEN VALLEY RANCH BOULEVARD EAST & FLANDERS WAY NORTH,1,1,0,7,1,1,,0,35,0,0,0,0,0,4,2,16
,2016_04255,39.783609,-104.7913916,2/11/2016 22:40,22:40,12,0,0,GREEN VALLEY RANCH BOULEVARD EAST & PENA BOULEVARD,1,3,0,0,1,4,,0,45,0,0,0,0,0,4,2,3
,2016_04256,39.700386,-105.027543,4/17/2016 15:35,15:35,6,0,0,HAZEL COURT WEST & KENTUCKY AVENUE WEST,1,1,0,0,1,4,,0,25,0,0,0,0,0,4,4,13
,2016_04258,39.711204,-104.9222835,2/25/2016 10:53,10:53,3,0,0,HOLLY STREET SOUTH & ALAMEDA AVENUE EAST,1,1,1,7,1,1,,0,25,0,0,0,0,0,4,2,3
,2016_04259,39.711204,-104.9222835,6/8/2016 17:50,17:50,1,0,0,HOLLY STREET SOUTH & ALAMEDA AVENUE EAST,1,1,0,7,1,1,,0,30,0,0,0,0,0,4,2,16
,2016_04260,39.696597,-104.9219055,7/27/2016 15:48,15:48,12,0,0,HOLLY STREET 1100 BLOCK SOUTH & CHERRY CREEK NORTH DRIVE,1,1,0,7,1,3,,0,30,0,0,0,0,0,4,3,16
,2016_04261,39.769452,-104.970015,7/14/2016 8:26,8:26,3,0,0,HUMBOLDT/LAFAYETTE ALLEY & 300 BLOCK SOUTH,1,1,1,7,1,5,,0,10,0,0,0,0,0,4,2,16
,2016_04262,39.756987,-104.969664,7/3/2016 21:20,21:20,6,0,0,HUMBOLDT STREET 2815 NORTH & 28TH AVENUE EAST,1,2,0,0,1,4,,0,25,0,0,0,0,0,4,2,5
,2016_04263,39.674835,-104.915214,3/20/2016 7:30,7:30,6,0,0,ILIFF AVENUE 6200 BLOCK EAST & LINDEN COURT,1,1,0,0,1,4,,0,30,0,0,0,0,0,4,2,14
,2016_04264,39.674754,-104.870862,7/29/2016 9:17,9:17,12,0,0,ILIFF AVENUE 9800 BLOCK EAST & PARKER ROAD SOUTH,1,1,0,7,1,3,,0,40,0,0,0,0,1,4,2,14
,2016_04265,39.785607,-105.0299145,7/13/2016 23:35,23:35,6,0,0,IRVING STREET NORTH & 49TH AVENUE WEST,1,3,0,0,1,3,,0,25,0,0,0,0,0,4,3,9
,2016_04266,39.75758932,-105.0333716,2/13/2016 10:00,10:00,6,0,0,KING STREET 2800 BLOCK NORTH & 29TH AVENUE WEST,1,1,0,0,1,4,,0,25,0,0,0,0,0,4,2,14
,2016_04267,39.664998,-105.029883,9/25/2016 10:25,10:25,3,0,0,IRVING STREET SOUTH & AMHERST AVENUE WEST,1,1,1,0,1,1,,0,30,0,0,0,0,0,4,2,13
,2016_04268,39.660237,-105.032664,2/12/2016 15:50,15:50,3,0,0,IRVING STREET SOUTH & DARTMOUTH AVENUE WEST,1,1,0,0,1,2,,0,15,0,0,0,0,0,4,2,3
,2016_04269,39.678174,-105.029802,10/17/2016 6:25,6:25,15,0,0,IRVING STREET SOUTH & EVANS AVENUE WEST,1,3,1,7,1,3,,0,25,0,0,0,0,0,4,2,16
,2016_04270,39.700359,-105.029802,6/16/2016 16:02,16:02,3,0,0,IRVING STREET SOUTH & KENTUCKY AVENUE WEST,1,1,0,7,1,1,,0,25,0,0,0,0,0,4,2,1
,2016_04271,39.754836,-105.0310935,10/18/2016 10:15,10:15,6,0,0,JAVA COURT 2626 NORTH & 26TH AVENUE WEST,1,1,0,0,1,4,,0,30,0,0,0,0,0,4,2,14
,2016_04272,39.682116,-104.987583,8/8/2016 14:30,14:30,12,0,0,JEWELL AVENUE 000 BLOCK WEST & BROADWAY STREET SOUTH,1,1,0,7,1,3,,0,25,0,0,0,0,0,4,2,16
,2016_04273,39.744774,-104.959818,8/5/2016 9:20,9:20,12,0,0,JOSEPHINE STREET NORTH & 18TH AVENUE EAST,1,1,0,7,1,3,,0,35,0,0,0,0,0,4,2,3
,2016_04274,39.740103,-104.9588415,7/8/2016 8:45,8:45,12,0,0,JOSEPHINE STREET & COLFAX AVENUE,1,1,0,0,1,3,,0,30,0,0,0,0,0,4,2,13
,2016_04275,39.728943,-105.000183,8/24/2016 12:05,12:05,15,0,0,KALAMATH STREET & EIGHTH AVENUE WEST,2,1,0,1,1,3,,0,30,0,0,0,0,0,4,2,13
,2016_04276,39.700404,-105.0250905,5/20/2016 17:17,17:17,1,0,0,KENTUCKY AVENUE & FEDERAL BOULEVARD NORTH,1,1,0,0,1,2,,0,30,0,0,0,0,0,4,2,13
,2016_04277,39.700278,-104.9804235,6/15/2016 10:43,10:43,6,0,0,KENTUCKY AVENUE 600 BLOCK EAST & PEARL STREET,1,1,0,0,1,4,,0,25,0,0,0,0,0,4,3,8
,2016_04278,39.680244,-104.9606235,5/27/2016 13:43,13:43,6,0,0,YORK STREET & ASBURY AVENUE EAST,1,1,0,0,1,4,,0,25,0,0,0,0,0,4,2,3
,2016_04279,39.736566,-105.0334065,8/24/2016 21:40,21:40,6,0,0,KING STREET NORTH & 13TH AVENUE WEST,2,4,1,0,1,4,,0,25,0,0,0,0,0,4,3,10
,2016_04280,39.77490155,-105.0322724,3/17/2016 16:15,16:15,12,0,0,KNOX COURT & 1200 BLOCK NORTH,1,1,1,0,1,4,,0,30,0,0,0,0,0,4,2,16
,2016_04281,39.714966,-105.032493,1/31/2016 23:05,23:05,3,0,0,KNOX COURT SOUTH & BAYAUD AVENUE WEST,4,3,0,2,1,1,,0,25,0,0,0,0,1,4,2,5
,2016_04282,39.751056,-104.995026,2/3/2016 14:16,14:16,6,0,0,LARIMER STREET & 18TH STREET,5,1,0,0,1,1,,0,25,0,0,0,0,1,4,2,13
,2016_04283,39.752892,-104.9921415,2/20/2016 2:40,2:40,6,0,0,LARIMER STREET 2000 BLOCK & 20TH STREET,1,3,0,0,1,4,,0,30,0,0,0,0,0,4,2,4
,2016_04284,39.74598613,-104.9998826,8/1/2016 16:30,16:30,6,0,0,LAWRENCE STREET & 2831,1,1,0,0,1,3,,0,25,0,0,0,1,0,4,2,13
,2016_04285,39.729258,-104.915052,11/19/2016 12:59,12:59,3,0,0,LEYDEN STREET & EIGHTH AVENUE EAST,1,1,0,7,1,1,,0,20,0,0,0,0,0,4,2,16
,2016_04286,39.73190582,-104.9861681,6/17/2016 17:18,17:18,6,0,0,LINCOLN STREET & 300 BLOCK NORTH,1,1,0,0,1,4,,0,35,0,0,0,0,0,4,2,3
,2016_04287,39.72726,-104.9861565,6/14/2016 17:08,17:08,6,0,0,LINCOLN STREET NORTH & SEVENTH AVENUE EAST,1,1,0,7,1,4,,0,30,0,0,0,0,0,4,2,6
,2016_04288,39.729087,-104.986152,9/24/2016 18:20,18:20,15,0,0,LINCOLN STREET NORTH & EIGHTH AVENUE EAST,1,1,0,0,1,1,,0,30,0,0,0,0,0,4,2,13
,2016_04289,39.736845,-104.98617,6/7/2016 15:00,15:00,12,0,0,LINCOLN STREET NORTH & 13TH AVENUE EAST,1,1,1,7,1,1,,0,30,0,0,0,0,0,4,2,16
,2016_04290,39.730527,-105.0016275,1/6/2016 22:45,22:45,15,0,0,LIPAN STREET NORTH & NINTH AVENUE WEST,1,3,0,0,1,4,,0,25,0,0,0,0,0,4,3,13
,2016_04291,39.720924,-104.982615,2/15/2016 15:15,15:15,3,0,0,LOGAN STREET NORTH & THIRD AVENUE EAST,1,1,0,7,1,1,,0,30,0,0,0,0,1,4,2,16
,2016_04292,39.746187,-104.9823135,1/3/2016 6:29,6:29,3,0,0,LOGAN STREET NORTH & 19TH AVENUE EAST,1,1,0,0,1,1,,0,30,0,0,0,0,0,4,2,14
,2016_04293,39.790206,-104.9825025,10/18/2016 10:35,10:35,6,0,0,LOGAN STREET 5100 BLOCK NORTH & 52ND AVENUE EAST,1,1,0,0,1,4,,0,25,0,0,0,0,0,4,2,14
,2016_04294,39.74004,-104.982363,5/23/2016 19:20,19:20,15,0,0,LOGAN STREET & COLFAX AVENUE EAST,1,1,1,0,1,4,,0,30,0,0,0,0,0,4,2,13
,2016_04295,39.676707,-104.9828625,10/9/2016 13:18,13:18,1,0,2,LOGAN STREET SOUTH & WARREN AVENUE EAST,1,1,0,7,1,1,,0,30,0,0,0,0,2,4,2,8
,2016_04296,39.692997,-104.9772645,10/26/2016 18:10,18:10,10,0,0,LOUISIANA AVENUE EAST & BUCHTEL BOULEVARD EAST,1,3,0,0,1,1,,0,30,0,0,0,0,0,4,2,8
,2016_04297,39.692997,-104.9772645,12/19/2016 11:35,11:35,12,0,0,LOUISIANA AVENUE 800 BLOCK EAST & BUCHTEL BOULEVARD EAST,5,1,0,7,1,3,,0,30,0,0,0,0,1,4,2,16
,2016_04298,39.693123,-105.043743,11/14/2016 16:03,16:03,3,0,0,LOUISIANA AVENUE WEST & TENNYSON STREET SOUTH,1,1,0,7,1,1,,0,30,0,0,0,0,0,4,2,16
,2016_04299,39.762117,-105.034572,2/12/2016 17:35,17:35,3,0,0,LOWELL BOULEVARD NORTH & 32ND AVENUE WEST,1,3,0,0,1,1,,0,30,0,0,0,0,0,4,2,13
,2016_04300,39.789234,-105.0345855,1/28/2016 10:25,10:25,6,0,0,LOWELL BOULEVARD NORTH & 51ST AVENUE WEST,1,1,1,7,1,4,,0,30,0,0,0,0,1,4,5,5
,2016_04301,39.661875,-105.035121,1/19/2016 18:26,18:26,3,0,0,LOWELL BOULEVARD SOUTH & DARTMOUTH AVENUE WEST,1,3,0,0,1,1,,0,25,0,0,0,0,1,4,2,7
,2016_04302,39.649581,-105.034635,5/23/2016 14:49,14:49,3,0,0,LOWELL BOULEVARD SOUTH & KENYON AVENUE WEST,1,1,0,0,1,1,,0,35,0,0,0,0,0,4,2,13
,2016_04303,39.735603,-104.884695,3/20/2016 13:00,13:00,6,0,0,YOSEMITE STREET NORTH & 12TH AVENUE EAST,1,1,0,0,1,4,,0,25,0,0,0,0,0,4,2,13
,2016_04304,39.7199385,-104.8909343,3/9/2016 7:00,7:00,12,0,0,LOWRY BOULEVARD 8300 BLOCK EAST & UINTA WAY NORTH,1,1,0,7,1,6,,0,35,0,0,0,0,0,4,2,14
,2016_04305,39.682017,-104.946534,3/6/2016 7:00,7:00,6,0,0,MADISON STREET 1900 BLOCK SOUTH & JEWELL AVENUE,1,1,0,0,1,4,,0,25,0,0,0,0,0,4,2,13
,2016_04306,39.713859,-104.987565,8/14/2016 11:45,11:45,12,0,0,MAPLE AVENUE WEST & BROADWAY STREET SOUTH,1,1,0,7,1,4,,0,25,0,0,0,0,0,4,2,16
,2016_04307,39.769281,-105.002964,6/16/2016 13:45,13:45,6,0,0,MARIPOSA STREET NORTH & 38TH AVENUE WEST,1,1,0,0,1,4,,0,25,0,0,0,0,0,4,2,13
,2016_04308,39.770523,-105.002964,12/2/2016 13:31,13:31,6,0,0,MARIPOSA STREET & 39TH AVENUE WEST,1,1,1,0,1,4,,0,25,0,0,0,0,0,4,2,13
,2016_04309,39.759876,-104.890752,1/15/2016 20:40,20:40,12,0,0,MLK BOULEVARD EAST & CENTRAL PARK BOULEVARD NORTH,1,3,0,0,1,1,,0,35,0,0,0,0,0,4,2,13
,2016_04310,39.79476,-104.749353,1/24/2016 1:30,1:30,5,0,0,MAXWELL PLACE EAST & JEBEL COURT NORTH,1,3,0,7,2,4,,0,35,0,0,0,0,0,4,1,16
,2016_04311,39.736575,-105.0357915,4/26/2016 21:44,21:44,6,0,0,MEADE STREET NORTH & 13TH AVENUE WEST,1,3,1,0,1,4,,0,25,0,0,0,0,0,4,2,13
,2016_04312,39.70881,-105.0362235,3/26/2016 0:48,0:48,6,0,0,MEADE STREET SOUTH & MORRISON ROAD,1,3,0,0,3,4,,0,25,0,0,0,0,0,4,4,14
,2016_04313,39.696759,-105.0285015,5/5/2016 15:24,15:24,12,0,0,MISSISSIPPI AVENUE WEST & HOOKER STREET SOUTH,1,1,0,7,1,3,,0,30,0,0,0,0,1,4,4,1
,2016_04314,39.696687,-104.996835,10/13/2016 18:27,18:27,12,0,0,MISSISSIPPI AVENUE 700 BLOCK WEST & HURON STREET SOUTH,1,2,0,7,1,4,,0,60,0,0,0,0,0,4,2,16
,2016_04315,39.696696,-105.001533,8/8/2016 8:22,8:22,3,0,0,MISSISSIPPI AVENUE WEST & LIPAN STREET SOUTH,1,1,0,7,1,1,,0,30,0,0,0,0,0,4,2,16
,2016_04316,39.761982,-104.9081715,5/28/2016 16:30,16:30,15,0,0,MLK BOULEVARD & ONEIDA STREET NORTH,1,1,0,0,1,1,,0,35,0,0,0,0,0,4,2,13
,2016_04317,39.676653,-104.9135648,5/23/2016 14:32,14:32,12,0,0,MONACO & 2200 SOUTH,2,1,0,1,1,1,,0,35,0,0,0,0,1,4,2,14
,2016_04318,39.721959,-104.9127435,6/19/2016 16:19,16:19,3,0,0,MONACO STREET NORTH & FOURTH AVENUE EAST,1,1,0,7,1,1,,0,25,0,0,0,0,1,4,2,16
,2016_04319,39.725334,-104.912793,10/18/2016 10:17,10:17,15,0,0,MONACO STREET NORTH & SIXTH AVENUE EAST,1,1,0,7,1,1,,0,30,0,0,0,0,0,4,2,1
,2016_04320,39.777993,-104.912901,10/27/2016 16:35,16:35,3,0,0,MONACO STREET NORTH & STAPLETON SOUTH DRIVE EAST,1,1,0,7,1,1,,0,30,0,0,0,0,0,4,2,12
,2016_04321,39.70665,-105.0038505,10/15/2016 10:30,10:30,15,0,0,NAVAJO STREET SOUTH & CUSTER PLACE WEST,1,1,1,7,1,4,,0,15,0,0,0,0,0,4,2,1
,2016_04322,39.710313,-105.0340635,4/24/2016 15:00,15:00,6,0,0,NEVADA PLACE 3400 BLOCK WEST & MORRISON ROAD,1,1,0,0,1,4,,0,30,0,0,0,0,0,4,2,1
,2016_04323,39.678516,-104.9757615,11/10/2016 8:32,8:32,3,0,1,OGDEN STREET SOUTH & EVANS AVENUE EAST,1,1,0,7,1,1,,0,25,0,0,0,1,2,4,2,16
,2016_04324,39.756582,-104.9081175,5/23/2016 7:35,7:35,6,0,0,ONEIDA STREET & 28TH AVENUE EAST,1,1,0,0,1,4,,0,25,0,0,0,0,0,4,2,3
,2016_04325,39.736593,-105.0381405,7/14/2016 23:30,23:30,6,0,0,OSCEOLA STREET & 13TH AVENUE WEST,1,4,1,0,1,4,,0,25,0,0,0,0,0,4,2,13
,2016_04326,39.765726,-104.9948415,12/9/2016 11:13,11:13,3,0,0,PARK AVENUE WEST & GLOBEVILLE ROAD,1,1,1,7,1,1,,0,35,0,0,0,0,0,4,2,1
,2016_04327,39.66310316,-105.0404715,9/17/2016 19:45,19:45,14,0,0,PATTON COURT SOUTH & 2700 BLOCK,1,3,1,0,1,4,,0,25,0,0,0,0,0,4,2,5
,2016_04328,39.691287,-105.039063,1/14/2016 15:49,15:49,3,0,0,PATTON COURT SOUTH & ARKANSAS AVENUE WEST,1,1,0,0,1,1,,0,25,0,0,0,0,0,4,2,13
,2016_04329,39.732012,-104.979852,5/17/2016 16:45,16:45,3,0,0,PEARL STREET NORTH & 10TH AVENUE EAST,1,1,0,7,1,1,,0,25,0,0,0,0,0,4,2,16
,2016_04330,39.698397,-104.9804145,9/12/2016 9:08,9:08,6,0,0,PEARL STREET SOUTH & TENNESSEE AVENUE EAST,1,1,0,0,1,4,,0,25,0,0,0,0,0,4,2,13
,2016_04331,39.783609,-104.7913916,2/14/2016 18:47,18:47,12,0,0,PENA BOULEVARD & GREEN VALLEY RANCH BOULEVARD,1,3,0,0,1,1,,0,25,0,0,0,0,0,4,2,13
,2016_04332,39.783609,-104.7913916,9/30/2016 17:12,17:12,12,0,0,PENA BOULEVARD INBOUND NORTHBOUND OFF RAMP & GREEN VALLEY RANCH BOULEVARD EAST,1,1,1,0,1,1,,0,40,0,0,0,0,0,4,2,14
,2016_04333,39.83338151,-104.771988,2/5/2016 6:41,6:41,5,0,0,PENA BOULEVARD 7200 BLOCK & TOWER ROAD,8,2,0,7,3,4,,0,55,0,0,0,0,0,4,1,14
,2016_04334,39.768318,-104.846382,5/16/2016 15:10,15:10,15,0,0,PEORIA STREET 3700 BLOCK NORTH & 39TH AVENUE EAST,2,1,1,1,1,4,,0,35,0,0,0,0,1,4,2,1
,2016_04335,39.771063,-104.8470435,11/4/2016 13:55,13:55,15,0,0,PEORIA STREET NORTH & 39TH AVENUE EAST,1,1,0,0,1,4,,0,35,0,0,0,0,0,4,2,13
,2016_04336,39.777255,-104.8460535,2/29/2016 16:22,16:22,1,0,1,PEORIA STREET 4400 BLOCK NORTH & 45TH AVENUE EAST,1,1,0,7,1,2,,0,40,0,0,0,0,2,4,2,8
,2016_04337,39.769263,-104.9058135,9/17/2016 18:03,18:03,1,0,1,PONTIAC STREET NORTH & 38TH AVENUE EAST,1,1,0,0,1,1,,0,30,0,0,0,0,2,4,2,14
,2016_04339,39.725424,-104.903793,11/14/2016 16:40,16:40,1,0,0,QUEBEC STREET NORTH & SIXTH AVENUE EAST,1,1,0,7,1,1,,0,35,0,0,0,0,0,4,2,16
,2016_04340,39.755988,-104.9033115,11/8/2016 12:47,12:47,12,0,0,QUEBEC STREET NORTH & 28TH AVENUE EAST,1,1,0,7,1,1,,0,35,0,0,0,0,0,4,2,16
,2016_04341,39.767382,-104.90346,6/4/2016 9:00,9:00,15,0,0,QUEBEC STREET NORTH & 36TH AVENUE EAST,1,1,0,7,1,1,,0,35,0,0,0,0,0,4,2,16
,2016_04342,39.665853,-104.90301,3/1/2016 20:20,20:20,9,0,1,QUEBEC STREET SOUTH & AMHERST AVENUE EAST,1,3,0,0,1,3,,0,35,0,0,0,1,2,4,2,5
,2016_04343,39.660192,-104.902281,8/1/2016 8:07,8:07,5,0,1,QUEBEC STREET 3000 BLOCK SOUTH & DARTMOUTH AVENUE EAST,1,1,0,7,2,4,,0,30,0,0,0,1,2,4,1,1
,2016_04344,39.689523,-105.0461505,2/27/2016 19:56,19:56,6,0,0,VRAIN WAY 1450 SOUTH & FLORIDA AVENUE WEST,1,3,0,0,1,2,,0,25,0,0,0,0,0,4,2,13