id,drcog_id,latitude,longitude,crashtime,time,crashtype,numbkilled,numbinjurd,drcoglocat,rdconditin,lightngcon,roadcntgrd,weatherco,location,roaddescrp,schoolzone,constrzone,splimit,bikeinv,pedinv,sctrinv,motoinv,svrty,rdsystem,ttlvehcls,hcf
,2016_04345,39.660192,-104.902281,12/19/2016 7:45,7:45,12,0,0,QUEBEC STREET 3000 BLOCK SOUTH & DARTMOUTH AVENUE EAST,5,1,0,7,1,3,,0,30,0,0,0,0,0,4,2,1
,2016_04346,39.695652,-104.903595,10/20/2016 15:46,15:46,15,0,0,QUEBEC STREET 1100 BLOCK SOUTH & MISSISSIPPI AVENUE EAST,1,1,0,7,1,1,,0,35,0,0,0,0,0,4,2,16
,2016_04347,39.74001,-104.99202,9/16/2016 16:05,16:05,12,0,0,C STREET 500 BLOCK SOUTH & VIRGINIA AVENUE EAST,1,1,0,0,1,4,,0,30,0,0,0,0,0,4,3,13
,2016_04348,39.72767596,-104.9017002,3/4/2016 19:00,19:00,6,0,0,QUINCE STREET NORTH & 1265,1,1,0,0,1,2,,0,,0,0,0,0,0,4,2,15
,2016_04349,39.740337,-105.0404805,5/13/2016 19:11,19:11,6,0,0,QUITMAN STREET & COLFAX AVENUE WEST,1,1,0,0,1,4,,0,20,0,0,0,0,0,4,2,13
,2016_04350,39.744819,-104.963463,7/14/2016 8:55,8:55,3,0,0,RACE STREET NORTH & 18TH AVENUE EAST,1,1,0,0,1,1,,0,25,0,0,0,0,0,4,2,13
,2016_04351,39.7975361,-104.8284806,5/20/2016 21:39,21:39,6,0,0,RANDOPH PLACE & 12981 EAST,1,3,0,0,1,4,,0,25,0,0,0,0,0,4,2,13
,2016_04352,39.757698,-104.9005125,1/28/2016 12:57,12:57,3,0,0,ROSLYN STREET NORTH & 29TH AVENUE EAST,1,1,0,7,1,1,,0,25,0,0,0,0,0,4,2,16
,2016_04353,39.744657,-104.9963625,2/9/2016 13:10,13:10,12,0,0,14TH STREET & CHAMPA STREET,1,1,0,0,1,4,,0,25,0,0,0,0,0,4,2,3
,2016_04354,39.743595,-104.992524,7/16/2016 11:20,11:20,12,0,0,15TH STREET & WELTON STREET,1,1,0,7,1,4,,0,35,0,0,0,0,0,4,2,14
,2016_04355,39.75093,-105.0021,5/26/2016 18:34,18:34,12,0,0,15TH STREET & WYNKOOP STREET,2,1,0,1,1,1,,0,30,0,0,0,0,0,4,2,7
,2016_04356,39.75457509,-105.002211,10/6/2016 17:15,17:15,6,0,0,17TH STREET & 800 BLOCK,1,1,0,0,1,4,,0,,0,0,0,0,0,4,2,7
,2016_04357,39.744072,-104.988285,10/31/2016 22:00,22:00,3,0,0,17TH STREET & TREMONT PLACE,1,3,1,7,1,1,,0,35,0,0,0,0,1,4,2,16
,2016_04358,39.746961,-104.987412,11/26/2016 18:35,18:35,15,0,0,19TH STREET & BROADWAY STREET NORTH,3,5,0,0,1,1,,0,35,0,0,0,0,0,4,2,14
,2016_04359,39.757653,-104.998635,2/6/2016 2:00,2:00,12,0,0,20TH STREET & CHESTNUT PLACE,1,3,0,0,1,3,,0,,0,0,0,0,0,4,3,13
,2016_04360,39.757653,-104.998635,9/4/2016 18:30,18:30,12,0,0,20TH STREET & CHESTNUT PLACE,1,1,0,0,1,3,,0,30,0,0,0,0,0,4,2,12
,2016_04361,39.757653,-104.998635,12/20/2016 21:00,21:00,3,0,0,20TH STREET & CHESTNUT PLACE,1,3,1,0,1,1,,0,35,0,0,0,0,0,4,2,13
,2016_04362,39.75075,-104.984946,1/8/2016 7:48,7:48,10,0,0,22ND STREET & CALIFORNIA STREET,4,1,0,2,1,1,,0,25,0,0,0,0,0,4,2,13
,2016_04363,39.75705,-104.992893,3/14/2016 8:04,8:04,15,0,0,22ND STREET & WAZEE STREET,1,1,0,7,1,4,,0,30,0,0,0,0,0,4,2,16
,2016_04364,39.750129,-104.9841,11/30/2016 13:34,13:34,3,0,0,22ND STREET & WELTON STREET,1,1,0,0,1,1,,0,30,0,0,0,0,1,4,2,13
,2016_04365,39.756672,-104.98779,12/29/2016 11:30,11:30,12,0,0,24TH STREET & LARIMER STREET,1,1,0,7,1,1,,0,30,0,0,0,0,0,4,2,16
,2016_04366,39.755187,-104.9809815,2/23/2016 14:33,14:33,3,0,0,26TH STREET & STOUT STREET,1,1,0,7,1,1,,0,25,0,0,0,0,1,4,2,16
,2016_04367,39.763872,-104.980194,1/14/2016 13:37,13:37,10,0,0,31ST STREET & WALNUT STREET,1,1,0,0,1,2,,0,30,0,0,0,0,0,4,2,8
,2016_04368,39.766266,-104.973633,4/22/2016 16:06,16:06,3,0,0,35TH STREET & LAWRENCE STREET,1,1,0,7,1,1,,0,30,0,0,0,0,0,4,2,14
,2016_04369,39.720915,-104.99859,12/13/2016 12:55,12:55,12,0,0,SANTA FE DRIVE NORTH & THIRD AVENUE WEST,1,1,0,0,1,1,,0,30,0,0,0,0,0,4,2,1
,2016_04370,39.639762,-105.05331,6/17/2016 13:21,13:21,12,0,0,SHERIDAN BOULEVARD SOUTH & QUINCY AVENUE WEST,1,1,0,7,1,3,,0,35,0,0,0,0,0,4,2,8
,2016_04371,39.774528,-104.9223105,11/30/2016 17:38,17:38,1,0,0,SMITH ROAD & HOLLY STREET,1,3,0,0,1,3,,0,30,0,0,0,0,1,4,2,8
,2016_04372,39.73851768,-104.9969761,3/17/2016 11:25,11:25,12,0,0,SPEER BOULEVARD & 50,1,1,0,0,1,4,,0,30,0,0,0,0,0,4,2,13
,2016_04373,39.73851768,-104.9969761,4/9/2016 18:35,18:35,9,0,0,SPEER BOULEVARD & 1900 BLOCK NORTH,1,1,1,0,1,4,,0,35,0,0,0,0,0,4,3,7
,2016_04374,39.744468,-105.0000435,11/7/2016 18:48,18:48,10,0,0,SPEER BOULEVARD & ARAPAHOE STREET,1,3,0,0,1,4,,0,35,0,0,0,0,0,4,2,13
,2016_04375,39.726594,-104.9874165,1/28/2016 16:24,16:24,15,0,0,SPEER BOULEVARD 000 BLOCK EAST & BROADWAY STREET SOUTH,1,1,1,7,1,1,,0,30,0,0,0,0,0,4,2,8
,2016_04376,39.758049,-105.02055,3/4/2016 8:55,8:55,12,0,0,SPEER BOULEVARD & CLAY STREET,1,1,0,7,1,1,,0,35,0,0,0,0,0,4,2,16
,2016_04377,39.718278,-104.973777,5/18/2016 11:16,11:16,15,0,0,SPEER BOULEVARD EAST & DOWNING STREET NORTH,1,1,0,0,1,1,,0,30,0,0,0,0,0,4,2,1
,2016_04378,39.743775,-104.8963815,10/1/2016 2:14,2:14,5,0,0,TRENTON STREET 1950 NORTH & 17TH AVENUE EAST,1,3,0,0,1,7,,0,5,0,0,0,0,0,4,1,13
,2016_04379,39.745755,-105.000174,11/7/2016 10:09,10:09,15,0,0,SPEER BOULEVARD NORTH & LAWRENCE STREET,1,1,0,7,1,3,,0,35,0,0,0,0,0,4,2,14
,2016_04380,39.725649,-104.986314,4/28/2016 18:35,18:35,15,0,0,SPEER BOULEVARD EAST & LINCOLN STREET NORTH,2,3,0,1,1,4,,0,35,0,0,0,0,0,4,2,1
,2016_04381,39.741426,-104.9988915,8/5/2016 1:19,1:19,5,0,0,SOUTHBOUND SPEER BOULEVARD & STOUT STREET,1,3,0,0,2,4,,0,30,0,0,0,0,0,4,2,5
,2016_04382,39.75633,-105.015852,7/25/2016 7:00,7:00,1,0,0,SPEER BOULEVARD & ZUNI STREET NORTH,1,1,1,0,1,1,,0,30,0,0,0,0,0,4,2,13
,2016_04383,39.778722,-104.9222925,8/4/2016 14:29,14:29,3,0,0,STAPLETON NORTH DRIVE EAST & HOLLY STREET NORTH,1,1,0,7,1,1,,0,30,0,0,0,0,0,4,2,16
,2016_04384,39.777993,-104.912901,7/16/2016 10:06,10:06,3,0,0,STAPLETON DRIVE EAST & MONACO STREET NORTH,1,1,0,7,1,1,,0,45,0,0,0,0,0,4,2,16
,2016_04385,39.689316,-104.950035,4/26/2016 11:22,11:22,12,0,0,STEELE STREET 1400 BLOCK SOUTH & FLORIDA AVENUE EAST,1,1,0,7,1,2,,0,20,0,0,0,0,0,4,2,5
,2016_04386,39.654279,-104.8988205,3/19/2016 11:24,11:24,1,0,0,TAMARAC DRIVE SOUTH & GIRARD AVENUE EAST,1,1,0,0,1,1,,0,35,0,0,0,0,0,4,2,7
,2016_04387,39.766842,-105.0111945,2/11/2016 12:27,12:27,12,0,0,TEJON STREET & 36TH AVENUE WEST,1,1,0,0,1,1,,0,25,0,0,0,0,1,4,2,14
,2016_04388,39.70845,-105.010983,3/29/2016 10:35,10:35,12,0,0,TEJON STREET SOUTH & ALASKA PLACE WEST,1,1,1,7,1,1,,0,25,0,0,0,0,0,4,2,3
,2016_04389,39.821868,-104.772033,12/26/2016 19:40,19:40,3,0,0,TOWER ROAD NORTH & 69TH AVENUE EAST,1,3,0,7,1,1,,0,25,0,0,0,0,0,4,2,5
,2016_04390,39.792582,-104.772204,10/16/2016 12:01,12:01,12,0,0,TOWER ROAD NORTH & ELMENDORF DRIVE EAST,1,1,0,7,1,1,,0,35,0,0,0,0,0,4,2,1
,2016_04391,39.629457,-104.895333,8/13/2016 15:34,15:34,3,0,0,UNION AVENUE EAST & ULSTER STREET SOUTH,1,1,0,7,1,1,,0,35,0,0,0,0,1,4,2,16
,2016_04392,39.691125,-104.959332,11/23/2016 9:35,9:35,1,0,0,UNIVERSITY BOULEVARD SOUTH & ARKANSAS EAST,1,1,0,0,1,1,,0,30,0,0,0,0,1,4,2,13
,2016_04393,39.680226,-104.959404,1/20/2016 8:10,8:10,12,0,0,UNIVERSITY BOULEVARD 2000 BLOCK SOUTH & ASBURY AVENUE,1,1,0,7,1,4,,0,35,0,0,0,0,0,4,2,16
,2016_04394,39.680226,-104.959404,6/17/2016 14:29,14:29,12,0,0,UNIVERSITY BOULEVARD SOUTH & ASBURY AVENUE EAST,1,1,0,7,1,4,,0,30,0,0,0,0,0,4,2,3
,2016_04395,39.703851,-104.95935,1/22/2016 11:48,11:48,15,0,0,UNIVERSITY BOULEVARD 700 BLOCK SOUTH & EXPOSITION AVENUE EAST,1,1,0,7,1,4,,0,30,0,0,0,0,0,4,2,16
,2016_04397,39.703851,-104.95935,3/23/2016 11:05,11:05,12,0,0,UNIVERSITY BOULEVARD 700 BLOCK SOUTH & EXPOSITION AVENUE EAST,5,1,0,2,1,3,,0,30,0,0,0,0,0,4,2,7
,2016_04398,39.671208,-104.9593905,1/13/2016 13:35,13:35,12,0,0,UNIVERSITY BOULEVARD 2400 BLOCK SOUTH & HARVARD AVENUE EAST,2,1,1,7,1,3,,0,35,0,0,0,0,0,4,2,16
,2016_04399,39.676608,-104.959386,1/20/2016 20:45,20:45,15,0,0,UNIVERSITY BOULEVARD SOUTH & WARREN AVENUE EAST,1,3,0,0,1,4,,0,35,0,0,0,0,0,4,2,13
,2016_04400,39.700395,-105.0454035,5/6/2016 4:30,4:30,6,0,0,UTICA STREET SOUTH & KENTUCKY AVENUE WEST,1,1,0,0,1,1,,0,35,0,0,0,0,0,4,2,14
,2016_04401,39.660336,-104.8925025,1/16/2016 21:50,21:50,6,0,0,VALENTIA STREET 3000 BLOCK SOUTH & DARTMOUTH AVENUE EAST,1,3,0,7,1,4,,0,20,0,0,0,0,0,4,2,7
,2016_04402,39.777147,-104.9786505,6/10/2016 8:20,8:20,15,0,0,WASHINGTON STREET 4400 BLOCK NORTH & 45TH AVENUE EAST,1,1,1,7,1,4,,1,30,0,0,0,0,0,4,2,16
,2016_04403,39.75204993,-104.9989788,11/7/2016 17:00,17:00,6,0,0,WAZEE STREET & 1600 BLOCK,1,1,0,0,1,4,,0,25,0,0,0,0,0,4,2,13
,2016_04404,39.755727,-104.9765535,8/24/2016 10:45,10:45,12,0,0,WELTON STREET & WELTON STREET 2800 BLOCK,2,1,0,1,1,4,,0,30,0,0,0,0,0,4,2,13
,2016_04405,39.673008,-104.9593905,9/13/2016 17:30,17:30,3,0,0,WESLEY AVENUE EAST & UNIVERSITY BOULEVARD SOUTH,1,1,0,0,1,1,,0,30,0,0,0,0,0,4,2,13
,2016_04406,39.678498,-104.9664015,11/6/2016 13:24,13:24,15,0,0,WILLIAMS STREET 2000 BL SOUTH & EVANS AVENUE EAST,1,1,0,0,1,4,,0,25,0,0,0,0,0,4,2,7
,2016_04407,39.775329,-105.0146505,2/1/2016 12:40,12:40,3,0,0,WYANDOT STREET NORTH & 43RD AVENUE WEST,4,1,1,2,1,1,,0,25,0,0,0,0,0,4,2,16
,2016_04408,39.75240722,-105.000249,1/24/2016 19:19,19:19,12,0,0,WYNKOOP STREET & 1500 BLOCK,1,3,0,0,1,1,,0,25,0,0,0,0,0,4,2,13
,2016_04409,39.741966,-104.8858155,11/14/2016 11:00,11:00,3,0,0,XENIA STREET NORTH & 16TH AVENUE EAST,1,1,0,7,1,1,,0,25,0,0,0,0,0,4,2,16
,2016_04410,39.667563,-104.940711,12/6/2016 16:15,16:15,12,0,0,YALE AVENUE 4000 BLOCK EAST & COLORADO BOULEVARD SOUTH,1,2,0,7,1,1,,0,30,0,0,0,0,0,4,2,14
,2016_04412,39.666942,-105.025113,2/18/2016 9:43,9:43,5,0,0,YALE AVENUE WEST & FEDERAL BOULEVARD SOUTH,1,1,0,0,1,2,,0,25,0,0,0,0,0,4,4,7
,2016_04413,39.667626,-104.9036175,12/29/2016 10:43,10:43,5,0,0,YALE AVENUE EAST & QUEBEC STREET SOUTH,1,1,1,0,3,3,,0,30,0,0,0,0,0,4,1,13
,2016_04414,39.723705,-104.8837095,12/19/2016 15:20,15:20,12,0,0,YOSEMITE WAY 500 BLOCK NORTH & LOWRY BOULEVARD EAST,4,1,0,7,1,3,,0,25,0,0,0,0,1,4,2,16
,2016_04415,39.769272,-105.0158655,2/9/2016 18:29,18:29,12,0,0,ZUNI STREET NORTH & 38TH AVENUE WEST,1,3,0,7,1,1,,0,35,0,0,0,0,0,4,2,16
,2016_05034,39.752946,-104.992614,1/22/2016 22:00,22:00,5,0,0,LARIMER STREET & 20TH STREET,1,3,1,0,3,4,,0,30,0,0,0,0,0,4,1,5
,2016_05070,39.754728,-104.9034015,6/14/2016 2:26,2:26,10,0,0,QUEBEC STREET NORTH & 26TH AVENUE EAST,1,3,0,0,1,1,,0,35,0,0,0,0,0,4,2,14
,2016_05082,39.72028951,-105.0131703,10/10/2016 12:02,12:02,6,0,0,VALLEJO STREET & 2800 BLOCK NORTH,1,1,1,0,1,4,,0,25,0,0,0,0,0,4,2,13
,2016_05101,39.747348,-104.9998455,7/1/2016 22:28,22:28,6,0,0,LARIMER STREET 1439 & 14TH STREET,2,3,0,1,1,4,,0,30,0,0,0,0,0,4,2,13
,2016_05140,39.725649,-104.986314,1/11/2016 6:34,6:34,15,0,0,LINCOLN STREET NORTH & SIXTH AVENUE EAST,1,2,0,0,1,3,,0,35,0,0,0,0,0,4,2,14
,2016_05141,39.735135,-104.9810625,1/11/2016 17:20,17:20,3,0,0,12TH AVENUE EAST & PENNSYLVANIA STREET NORTH,1,1,1,0,1,1,,0,25,0,0,0,0,0,4,2,13
,2016_05142,39.72005793,-104.919462,5/27/2016 21:35,21:35,6,0,0,JERSEY STREET & 1442 NORTH,1,3,0,0,1,2,,0,25,0,0,0,0,0,4,2,13
,2016_05143,39.78875689,-104.9499343,8/13/2016 17:14,17:14,6,0,0,STEELE STREET & 1300 BLOCK NORTH,1,1,0,0,1,4,,0,20,0,0,0,0,0,4,2,13
,2016_05144,39.78234802,-104.9613455,8/18/2016 16:48,16:48,14,0,0,GAYLORD STREET & 1600 BLOCK NORTH,1,1,0,0,1,4,,0,25,0,0,0,0,0,4,2,8
,2016_05145,39.75633,-105.015852,8/20/2016 0:33,0:33,3,0,0,SPEER BOULEVARD & ZUNI STREET NORTH,1,3,0,0,1,2,,0,35,0,0,0,0,0,4,2,5
,2016_05146,39.752928,-104.980473,8/20/2016 9:05,9:05,5,0,0,25TH STREET & WELTON STREET,1,1,0,0,3,3,,0,25,0,0,0,0,0,4,1,14
,2016_05147,39.749193,-104.997402,8/26/2016 10:45,10:45,6,0,0,LARIMER STREET & 16TH STREET,1,1,1,0,1,4,,0,25,0,0,0,0,0,4,2,8
,2016_05148,39.792996,-104.844744,8/27/2016 16:20,16:20,6,0,0,ELMENDORF PLACE EAST & 54TH AVENUE EAST,1,1,0,0,1,4,,0,25,0,0,0,0,0,4,2,1
,2016_05149,39.693015,-104.9827815,8/29/2016 19:09,19:09,12,0,0,LOGAN STREET SOUTH & LOUISIANA AVENUE EAST,2,1,0,1,1,1,,0,,0,0,0,0,0,4,2,13
,2016_05150,39.678489,-104.967585,8/30/2016 7:34,7:34,12,0,0,EVANS AVENUE EAST & GILPIN STREET SOUTH,1,1,0,0,1,4,,0,35,0,0,0,0,1,4,2,14
,2016_05151,39.740085,-104.8916655,8/31/2016 9:52,9:52,3,0,0,VALENTINA STREET NORTH & COLFAX AVENUE EAST / 16TH AVENUE ALLEY,1,1,0,0,1,5,,0,,0,0,0,0,1,4,2,1
,2016_05152,39.743244,-104.9798925,8/31/2016 17:03,17:03,6,0,0,PEARL STREET & 17TH AVENUE EAST,1,1,0,0,1,2,,0,25,0,0,0,0,0,4,2,14
,2016_05153,39.711321,-104.892912,9/1/2016 23:01,23:01,1,0,1,FAIRMOUNT DRIVE EAST & ALAMEDA AVENUE EAST,1,3,0,0,1,1,,0,35,0,0,0,0,2,4,2,13
,2016_05154,39.671775,-105.0250725,9/2/2016 23:00,23:00,6,0,0,HARVARD AVENUE WEST & FEDERAL BOULEVARD SOUTH,1,4,0,0,1,4,,0,20,0,0,0,0,1,4,2,5
,2016_05155,39.752667,-104.98743,9/4/2016 23:00,23:00,10,0,0,22ND STREET & BROADWAY NORTH,1,3,1,0,1,1,,0,30,0,0,0,0,0,4,2,13
,2016_05156,39.783654,-104.7611925,9/8/2016 17:57,17:57,3,0,2,GREEN VALLEY RANCH BOULEVARD EAST & FLANDERS WAY NORTH,1,2,0,0,1,1,,0,25,0,0,0,0,2,4,2,14
,2016_05157,39.74001,-104.99202,9/9/2016 20:50,20:50,12,0,0,TAMARAC DRIVE & 4100 BLOCK SOUTH,1,3,0,0,1,1,,0,30,0,0,0,0,0,4,2,13
,2016_05159,39.75003,-105.0049305,9/12/2016 8:35,8:35,12,0,0,SPEER BOULEVARD EASTBOUND & CHOPPER CIRCLE,1,1,0,0,1,3,,0,35,0,0,0,0,0,4,2,14
,2016_05160,39.727287,-104.984883,9/14/2016 18:23,18:23,6,0,0,SEVENTH AVENUE & SHERMAN STREET NORTH,1,1,0,0,1,4,,0,25,0,0,0,0,0,4,2,13
,2016_05161,39.753333,-104.995521,9/18/2016 20:30,20:30,6,0,0,BLAKE STREET 1932 & 19TH STREET,1,3,0,0,1,4,,0,30,0,0,0,0,0,4,2,2
,2016_05162,39.698388,-104.959332,9/20/2016 14:21,14:21,12,0,0,UNIVERSITY BOULEVARD SOUTH & TENNESSEE AVENUE EAST,1,1,1,0,1,3,,0,30,0,0,0,0,0,4,2,3
,2016_05163,39.758481,-105.0299325,9/27/2016 9:49,9:49,3,0,0,29TH AVENUE WEST & IRVING STREET NORTH,1,1,0,0,1,1,,0,30,0,0,0,0,0,4,2,14
,2016_05164,39.723435,-104.983794,9/27/2016 17:50,17:50,15,0,0,GRANT STREET NORTH & SPEER BOULEVARD EAST,1,1,0,0,1,1,,0,30,0,0,0,0,0,4,2,13
,2016_05165,39.691152,-104.987493,9/28/2016 14:45,14:45,15,0,0,BROADWAY SOUTH & ARKANSAS AVENUE EAST,1,1,0,0,1,3,,0,30,0,0,0,0,0,4,2,13
,2016_05166,39.717792,-104.9508225,10/21/2016 23:20,23:20,15,0,0,FIRST AVENUE EAST & STEELE STREET NORTH,1,3,1,0,1,4,,0,25,0,0,0,0,0,4,2,13
,2016_05167,39.735243,-104.9873805,9/29/2016 12:26,12:26,12,0,0,BROADWAY NORTH & 12TH AVENUE WEST,14,5,3,0,1,1,,0,,0,0,0,0,1,4,3,13
,2016_05168,39.785724,-104.883093,9/29/2016 15:31,15:31,12,0,0,NORTHFIELD BOULEVARD & CENTRAL PARK BOULEVARD,1,1,0,0,1,3,,0,40,0,0,0,0,0,4,2,13
,2016_05169,39.667563,-104.9237145,10/5/2016 15:44,15:44,1,0,0,YALE AVENUE EAST & HUDSON STREET SOUTH,1,1,0,0,1,2,,0,5,0,0,0,0,0,4,2,13
,2016_05170,39.712896,-104.9734035,10/5/2016 16:46,16:46,3,0,0,DOWNING STREET SOUTH & CEDAR AVENUE EAST,1,1,0,0,1,1,,0,25,0,0,0,0,0,4,2,13
,2016_05171,39.738393,-104.973048,10/6/2016 1:35,1:35,3,0,0,DOWNING STREET NORTH & 14TH AVENUE EAST,2,1,0,1,1,1,,0,30,0,0,0,0,0,4,2,13
,2016_05172,39.769605,-104.8474125,10/6/2016 7:05,7:05,12,0,0,38TH AVENUE EAST & PEORIA STREET NORTH,2,1,0,1,1,1,,0,40,0,0,0,0,0,4,2,13
,2016_05173,39.686796,-104.9687325,10/8/2016 8:15,8:15,3,0,1,BUCHTEL BOULEVARD EAST & FRANKLIN STREET SOUTH,1,1,0,0,1,1,,0,30,0,0,0,0,2,4,2,3
,2016_05174,39.752946,-104.992614,10/9/2016 2:15,2:15,12,0,0,20TH STREET & LARIMER STREET,1,3,0,0,1,3,,0,,0,0,0,0,0,4,2,13
,2016_05175,39.738456,-104.9976405,10/11/2016 7:20,7:20,12,0,0,14TH AVENUE WEST & SPEER BOULEVARD,1,1,0,0,1,1,,0,30,0,0,0,0,0,4,2,13
,2016_05176,39.71115,-104.982795,10/13/2016 12:05,12:05,12,0,0,LOGAN STREET & ALAMEDA AVENUE EAST,1,1,0,0,1,4,,0,30,0,0,0,0,0,4,2,1
,2016_05177,39.772881,-104.9429205,10/19/2016 19:16,19:16,12,0,0,JACKSON STREET NORTH & 40TH AVENUE EAST,1,3,0,0,1,4,,0,30,0,0,0,0,0,4,3,3
,2016_05178,39.750651,-104.991984,12/10/2016 16:49,16:49,3,0,0,19TH STREET & ARAPAHOE STREET,1,3,0,0,1,1,,0,,0,0,0,0,1,4,2,13
,2016_05179,39.750003,-105.022098,7/20/2016 2:44,2:44,6,0,0,22ND AVENUE 2700 BLOCK WEST & DECATUR STREET NORTH,1,3,0,0,1,4,,0,25,0,0,0,0,0,4,2,13
,2016_05180,39.716577,-105.0001965,12/14/2016 11:54,11:54,10,0,0,KALAMATH STREET NORTH & ELLSWORTH AVENUE WEST,1,1,0,0,1,1,,0,25,0,0,0,0,0,4,2,13
,2016_05181,39.717792,-104.935113,6/11/2016 13:09,13:09,6,0,0,FIRST AVENUE EAST & CLERMONT STREET NORTH,1,1,0,0,1,4,,0,30,0,0,0,0,0,4,2,14
,2016_05182,39.718152,-105.032484,2/27/2016 9:20,9:20,3,0,0,FIRST AVENUE WEST & KNOX COURT NORTH,1,1,1,0,1,1,,0,30,0,0,0,0,0,4,2,12
,2016_05183,39.719349,-104.9862645,5/27/2016 16:12,16:12,15,0,0,SECOND AVENUE EAST & LINCOLN STREET NORTH,1,1,0,0,1,1,,0,25,0,0,0,0,0,4,2,3
,2016_05184,39.724506,-105.035103,4/27/2016 16:45,16:45,12,0,0,FIFTH AVENUE WEST & LOWELL BOULEVARD NORTH,1,1,0,7,1,3,,0,30,0,0,0,0,0,4,2,7
,2016_05185,39.725658,-104.9891625,8/19/2016 18:32,18:32,15,0,0,SIXTH AVENUE WEST & ACOMA STREET NORTH,1,1,0,0,1,4,,0,30,0,0,0,0,0,4,2,5
,2016_05186,39.725595,-104.974101,9/19/2016 17:04,17:04,15,0,0,SIXTH AVENUE EAST & CORONA STREET NORTH,1,1,0,0,1,4,,0,30,0,0,0,0,0,4,2,13
,2016_05187,39.725667,-104.99283,2/19/2016 10:40,10:40,3,0,0,SIXTH AVENUE WEST & DELAWARE STREET NORTH,1,1,0,7,1,1,,0,30,0,0,0,0,0,4,2,16
,2016_05188,39.725595,-104.9418315,4/5/2016 17:40,17:40,12,0,0,SIXTH AVENUE EAST & HARRISON STREET NORTH,1,1,0,7,1,4,,0,35,0,0,0,0,0,4,3,14
,2016_05189,39.72627,-105.0002055,4/15/2016 17:42,17:42,15,0,0,SIXTH AVENUE 1200 BLOCK WEST & KALAMATH STREET NORTH,2,1,0,1,1,4,,0,45,0,0,0,0,0,4,2,13
,2016_05190,39.72627,-105.0002055,8/15/2016 17:37,17:37,12,0,0,SIXTH AVENUE 1000 BLOCK WEST & KALAMATH STREET SOUTH,1,1,0,7,1,1,,0,35,0,0,0,0,0,4,2,14
,2016_05191,39.725649,-104.986314,3/4/2016 22:27,22:27,15,0,0,SIXTH AVENUE EAST & LINCOLN STREET NORTH,1,3,0,0,1,1,,0,35,0,0,0,0,0,4,2,3
,2016_05192,39.725649,-104.986314,4/14/2016 10:11,10:11,12,0,0,SIXTH AVENUE EAST & LINCOLN STREET NORTH,1,1,0,7,1,1,,0,30,0,0,0,0,0,4,2,14
,2016_05193,39.83598,-104.718411,3/14/2016 16:40,16:40,5,0,0,78TH AVENUE EAST & WENATCHEE STREET NORTH,1,1,0,6,2,1,,0,35,0,0,0,0,0,4,1,8
,2016_05194,39.729213,-104.9371335,11/8/2016 17:08,17:08,10,0,0,EIGHTH AVENUE EAST & BELLAIRE STREET NORTH,1,2,0,0,1,1,,0,30,0,0,0,0,0,4,2,3
,2016_05195,39.728934,-104.992866,2/14/2016 20:20,20:20,5,0,0,EIGHTH AVENUE WEST & DELAWARE STREET NORTH,1,3,0,7,2,4,,0,30,0,0,0,0,0,4,1,16
,2016_05196,39.728907,-104.9964435,12/24/2016 21:45,21:45,3,0,0,EIGHTH AVENUE WEST & GALAPAGO STREET NORTH,1,3,0,7,1,1,,0,25,0,0,0,0,0,4,2,16
,2016_05197,39.729087,-104.986152,11/30/2016 12:07,12:07,3,0,2,EIGHTH AVENUE EAST & LINCOLN STREET NORTH,1,1,0,7,1,1,,0,30,0,0,0,0,2,4,2,8
,2016_05198,39.729078,-104.9848605,3/18/2016 7:33,7:33,12,0,0,EIGHTH AVENUE EAST & SHERMAN STREET,5,1,1,2,1,1,,0,35,0,0,0,0,0,4,2,7
,2016_05199,39.731013,-104.9351445,2/11/2016 13:43,13:43,3,0,0,NINTH AVENUE EAST & CLERMONT STREET NORTH,1,1,0,7,1,1,,0,25,0,0,0,0,0,4,2,3
,2016_05200,39.732021,-104.98617,11/27/2016 12:12,12:12,15,0,0,10TH AVENUE EAST & LINCOLN STREET NORTH,1,1,0,0,1,1,,0,60,0,0,0,0,1,4,2,8
,2016_05201,39.732039,-104.9848515,4/29/2016 19:25,19:25,3,0,0,10TH AVENUE EAST & SHERMAN STREET NORTH,1,1,0,7,1,1,,0,35,0,0,0,0,1,4,2,16
,2016_05202,39.74001,-104.99202,4/26/2016 8:40,8:40,12,0,0,12TH AVENUE & 3000 BLOCK EAST,1,1,0,0,1,4,,0,25,0,0,0,0,0,4,2,7
,2016_05203,39.73527,-104.9987025,3/16/2016 17:54,17:54,6,0,0,12TH AVENUE 800 BLOCK WEST & SANTA FE DRIVE NORTH,1,1,0,0,1,5,,0,25,0,0,0,0,0,4,2,3
,2016_05204,39.736773,-104.956272,5/31/2016 9:25,9:25,3,0,0,13TH AVENUE EAST & ELIZABETH STREET NORTH,1,1,0,0,1,1,,0,25,0,0,0,0,1,4,3,7