id,drcog_id,latitude,longitude,crashtime,time,crashtype,numbkilled,numbinjurd,drcoglocat,rdconditin,lightngcon,roadcntgrd,weatherco,location,roaddescrp,schoolzone,constrzone,splimit,bikeinv,pedinv,sctrinv,motoinv,svrty,rdsystem,ttlvehcls,hcf
,2016_05205,39.736755,-104.9161545,12/23/2016 23:20,23:20,3,0,0,13TH AVENUE EAST & KRAMERIA STREET NORTH,8,3,0,7,1,1,,0,30,0,0,0,0,1,4,2,12
,2016_05206,39.736836,-104.912811,9/24/2016 13:19,13:19,15,0,0,13TH AVENUE EAST & MONACO STREET NORTH,1,1,1,0,1,1,,0,30,0,0,0,0,0,4,2,13
,2016_05207,39.750696,-104.959773,3/8/2016 17:30,17:30,1,0,0,23RD AVENUE EAST & YORK STREET,1,1,0,7,1,1,,0,30,0,0,0,0,0,4,2,16
,2016_05208,39.736809,-104.9622615,7/20/2016 23:21,23:21,15,0,0,13TH AVENUE 2100 BLOCK EAST & VINE STREET NORTH,1,3,0,7,1,4,,0,30,0,0,0,0,0,4,2,5
,2016_05209,39.844602,-104.6809395,5/13/2016 0:10,0:10,5,0,0,PENA BOULEVARD & 8400 BLOCK,1,3,0,0,1,4,,0,10,0,0,0,0,0,4,1,7
,2016_05210,39.74001,-104.99202,11/3/2016 8:55,8:55,15,0,0,14TH AVENUE & 900 BLOCK EAST,1,1,0,0,1,4,,0,30,0,0,0,0,0,4,2,13
,2016_05211,39.738699,-104.888178,12/24/2016 15:42,15:42,6,0,0,14TH AVENUE & WILLOW STREET,1,1,0,0,1,4,,0,30,0,0,0,0,0,4,2,5
,2016_05212,39.738366,-104.9562765,8/20/2016 15:31,15:31,3,0,0,14TH AVENUE EAST & ELIZABETH STREET NORTH,1,1,0,0,1,1,,0,25,0,0,0,1,1,4,2,14
,2016_05213,39.738456,-105.0322635,10/28/2016 14:53,14:53,3,0,0,14TH AVENUE WEST & KNOX COURT NORTH,1,1,0,0,1,5,,0,10,0,0,0,0,0,4,2,13
,2016_05214,39.73833,-104.913945,3/21/2016 16:48,16:48,3,0,0,14TH AVENUE EAST & LOCUST STREET NORTH,1,1,0,7,1,3,,0,30,0,0,0,0,0,4,2,16
,2016_05215,39.741957,-104.9476725,9/17/2016 8:59,8:59,15,0,0,16TH AVENUE EAST & COOK STREET NORTH,1,1,1,0,1,4,,0,25,0,0,0,0,0,4,3,13
,2016_05216,39.743397,-104.9389335,2/18/2016 7:50,7:50,3,0,0,17TH AVENUE EAST & ALBION STREET NORTH,1,1,0,7,1,1,,0,25,0,0,0,0,1,4,2,16
,2016_05217,39.743802,-104.9566815,4/21/2016 17:25,17:25,12,0,0,17TH AVENUE EAST & ESPLANADE PARKWAY NORTH,1,1,0,7,1,1,,0,30,0,0,0,0,1,4,2,16
,2016_05218,39.743379,-104.9257935,1/17/2016 10:50,10:50,3,0,0,17TH AVENUE EAST & GLENCOE STREET NORTH,1,1,0,0,1,1,,0,25,0,0,0,0,0,4,2,13
,2016_05219,39.743244,-104.986107,7/31/2016 8:46,8:46,6,0,0,17TH AVENUE EAST & LINCOLN STREET NORTH,1,1,1,0,1,4,,0,,0,0,0,0,0,4,2,13
,2016_05220,39.743775,-104.88933,1/26/2016 7:15,7:15,1,0,0,17TH AVENUE EAST & WABASH STREET NORTH,1,1,0,7,1,1,,0,30,0,0,0,0,0,4,2,7
,2016_05221,39.74481,-104.977566,12/21/2016 14:00,14:00,6,0,0,18TH AVENUE 800 BLOCK EAST & CLARKSON STREET,1,1,0,0,1,4,,0,60,0,0,0,0,0,4,2,14
,2016_05222,39.747528,-104.978304,2/20/2016 1:30,1:30,3,0,0,20TH AVENUE EAST & WASHINGTON STREET NORTH,1,3,0,7,1,1,,0,30,0,0,0,0,1,4,2,1
,2016_05223,39.7546748,-104.8948031,2/8/2016 10:50,10:50,6,0,0,26TH AVENUE & 728,1,1,0,0,1,4,,0,25,0,0,0,0,0,4,2,13
,2016_05224,39.754719,-104.908122,5/17/2016 16:19,16:19,3,0,0,26TH AVENUE EAST & ONEIDA STREET NORTH,1,1,0,7,1,1,,0,30,0,0,0,0,0,4,2,16
,2016_05225,39.758499,-105.0268455,10/27/2016 7:43,7:43,12,0,0,29TH AVENUE WEST & GROVE STREET NORTH,1,1,0,7,1,1,,0,35,0,0,0,0,1,4,4,14
,2016_05226,39.757698,-104.9005125,2/10/2016 10:00,10:00,6,0,0,29TH AVENUE 7400 BLOCK EAST & ROSLYN STREET,1,1,0,0,1,6,,0,25,0,0,0,0,0,4,2,15
,2016_05227,39.75849,-105.044004,3/20/2016 17:07,17:07,12,0,0,29TH AVENUE WEST & TENNYSON STREET NORTH,1,1,0,7,1,1,,0,35,0,0,0,0,1,4,2,5
,2016_05228,39.758211,-104.959791,12/19/2016 8:40,8:40,12,0,0,29TH AVENUE 2400 BLOCK EAST & YORK STREET,4,1,0,2,1,4,,0,30,0,0,0,0,0,4,2,16
,2016_05229,39.760326,-105.0346035,7/1/2016 13:50,13:50,3,0,0,30TH AVENUE WEST & LOWELL BOULEVARD NORTH,1,1,1,0,1,1,,0,25,0,0,0,0,1,4,2,13
,2016_05230,39.765069,-104.8905405,2/4/2016 9:30,9:30,12,0,0,35TH AVENUE EAST & CENTRAL PARK BOULEVARD NORTH,5,1,0,2,1,1,,0,35,0,0,0,0,0,4,2,14
,2016_05231,39.765618,-105.0299145,5/18/2016 20:16,20:16,3,0,0,35TH AVENUE WEST & IRVING STREET NORTH,1,3,0,7,1,1,,0,30,0,0,0,0,1,4,2,16
,2016_05232,39.765636,-105.0095925,10/20/2016 22:30,22:30,6,0,0,35TH AVENUE WEST & SHOSHONE STREET NORTH,1,3,0,0,1,4,,0,0,0,0,0,0,0,4,2,3
,2016_05233,39.76926361,-104.9960844,11/30/2016 12:50,12:50,15,0,0,38TH AVENUE WEST & 2900 BLOCK WEST,1,1,1,0,1,4,,0,30,0,0,0,0,0,4,2,13
,2016_05234,39.74001,-104.99202,5/12/2016 16:45,16:45,15,0,0,38TH AVENUE & 4800 BLOCK WEST,1,1,0,0,1,4,,0,35,0,0,0,0,0,4,2,3
,2016_05235,39.770046,-104.9647005,11/9/2016 17:24,17:24,3,0,0,38TH AVENUE EAST & HIGH STREET NORTH,1,2,0,7,1,1,,0,25,0,0,0,0,0,4,2,8
,2016_05236,39.769272,-105.006456,5/31/2016 15:57,15:57,1,0,0,38TH AVENUE WEST & PECOS STREET NORTH,1,1,0,7,1,1,,0,35,0,0,0,0,0,4,2,16
,2016_05237,39.791052,-105.0158475,9/25/2016 1:34,1:34,12,0,0,52ND AVENUE WEST & ZUNI STREET NORTH,1,3,0,7,1,4,,0,25,0,0,0,0,0,4,2,16
,2016_05238,39.772908,-104.9486445,4/15/2016 19:55,19:55,12,0,0,40TH AVENUE EAST & ADAMS STREET NORTH,1,3,0,7,1,4,,0,35,0,0,0,0,0,4,3,14
,2016_05239,39.773097,-104.8079115,3/1/2016 9:30,9:30,1,0,0,40TH AVENUE EAST & ANDREWS WAY EAST,1,1,0,0,1,1,,0,40,0,0,0,0,0,4,2,16
,2016_05240,39.773016,-105.0054255,9/22/2016 7:23,7:23,3,0,0,41ST AVENUE WEST & OSAGE STREET NORTH,1,1,0,0,1,1,,0,30,0,0,0,0,0,4,4,14
,2016_05241,39.772476,-105.044013,11/4/2016 10:50,10:50,6,0,0,41ST AVENUE & TENNYSON STREET NORTH,1,1,0,0,1,4,,0,25,0,0,0,0,0,4,2,13
,2016_05242,39.774114,-105.0112305,7/15/2016 14:38,14:38,3,0,0,42ND AVENUE WEST & TEJON STREET NORTH,1,1,1,0,1,1,,0,25,0,0,0,0,0,4,2,13
,2016_05243,39.775464,-105.0017535,3/31/2016 9:17,9:17,12,0,0,43RD AVENUE WEST & LIPAN STREET NORTH,2,1,0,2,1,1,,0,30,0,0,0,0,0,4,2,14
,2016_05244,39.776688,-105.0369165,9/12/2016 10:47,10:47,12,0,0,44TH AVENUE WEST & NEWTON STREET,1,1,0,0,1,3,,0,30,0,0,0,0,0,4,2,14
,2016_05245,39.783654,-104.764914,2/21/2016 11:40,11:40,12,0,0,ARGONNE STREET NORTH & GREEN VALLEY RANCH BOULEVARD EAST,1,1,0,0,1,3,,0,25,0,0,0,0,0,4,2,16
,2016_05246,39.776427,-104.8469535,5/10/2016 8:00,8:00,1,0,0,44TH AVENUE EAST & PEORIA STREET NORTH,1,1,0,0,1,1,,0,35,0,0,0,0,0,4,2,13
,2016_05247,39.776553,-105.0520725,10/15/2016 11:00,11:00,12,0,0,44TH AVENUE WEST & ZENOBIA STREET NORTH,1,1,0,7,1,1,,0,30,0,0,0,0,1,4,2,16
,2016_05248,39.778047,-104.8471245,1/25/2016 9:05,9:05,15,0,0,45TH AVENUE EAST & PEORIA STREET NORTH,1,1,0,7,1,1,,0,35,0,0,0,0,0,4,2,16
,2016_05249,39.705696,-104.987583,6/18/2016 9:04,9:04,6,0,0,BROADWAY SOUTH & CENTER AVENUE EAST,1,1,0,0,1,4,,0,30,0,0,0,0,0,4,2,2
,2016_05250,39.778335,-104.9793615,10/13/2016 11:44,11:44,1,0,0,45TH AVENUE EAST & WASHINGTON STREET,1,1,0,0,1,1,,0,35,0,0,0,0,0,4,2,14
,2016_05251,39.780144,-104.9835105,10/21/2016 22:40,22:40,5,0,0,46TH AVENUE EAST & GRANT STREET NORTH,1,3,0,7,3,1,,0,25,0,0,0,0,0,4,1,1
,2016_05252,39.781854,-104.9786325,1/11/2016 15:47,15:47,12,0,0,47TH AVENUE EAST & WASHINGTON STREET NORTH,1,1,0,0,1,1,,0,30,0,0,0,0,0,4,2,8
,2016_05253,39.782376,-104.886072,6/23/2016 16:55,16:55,12,0,0,47TH AVENUE EAST & XENIA STREET NORTH,1,1,0,0,1,1,,0,25,0,0,0,0,0,4,2,13
,2016_05254,39.798297,-104.795532,7/20/2016 6:55,6:55,12,0,0,56TH AVENUE EAST & MEMPHIS STREET NORTH,1,1,0,7,1,1,,0,35,0,0,0,0,0,4,2,16
,2016_05255,39.798396,-104.786415,3/17/2016 5:48,5:48,12,0,0,56TH AVENUE EAST & PENA BOULEVARD NORTH,1,3,0,0,1,1,,0,40,0,0,0,0,0,4,2,13
,2016_05256,39.798099,-104.8353975,10/9/2016 22:18,22:18,12,0,0,56TH AVENUE EAST & UVALDA STREET NORTH,1,3,0,7,1,1,,0,40,0,0,0,0,0,4,2,16
,2016_05257,39.711141,-104.987592,12/7/2016 11:31,11:31,12,0,0,ALAMEDA AVENUE EAST & BROADWAY STREET SOUTH,6,1,0,2,1,3,,0,30,0,0,0,0,0,4,2,16
,2016_05258,39.711168,-104.99238,4/6/2016 16:55,16:55,12,0,0,ALAMEDA AVENUE WEST & CHEROKEE STREET SOUTH,1,1,1,7,1,3,,0,30,0,0,0,0,0,4,2,16
,2016_05259,39.711186,-104.9482305,4/15/2016 14:14,14:14,12,0,0,ALAMEDA AVENUE 3200 BLOCK EAST & CHERRY CREEK SOUTH DRIVE EAST,1,1,1,7,1,3,,0,30,0,0,0,0,0,4,2,16
,2016_05260,39.708135,-104.879142,8/12/2016 16:45,16:45,12,0,0,ALAMEDA AVENUE 9300 BLOCK EAST & CLINTON STREET SOUTH,1,1,0,7,1,4,,0,45,0,0,0,0,0,4,2,1
,2016_05261,39.775032,-104.809923,2/28/2016 15:45,15:45,15,0,0,ANDREWS DRIVE EAST & CHAMBERS ROAD NORTH,1,1,0,0,1,1,,0,25,0,0,0,0,0,4,2,13
,2016_05262,39.7116,-104.9408055,11/14/2016 17:36,17:36,1,0,0,ALAMEDA AVENUE 4200 EAST & COLORADO BOULEVARD SOUTH,1,3,1,0,1,1,,0,30,0,0,0,0,0,4,2,13
,2016_05263,39.711105,-104.9745645,5/31/2016 17:46,17:46,3,0,0,ALAMEDA AVENUE EAST & CORONA STREET SOUTH,1,1,0,7,1,1,,0,25,0,0,0,0,0,4,2,7
,2016_05264,39.71115,-104.987592,1/22/2016 18:18,18:18,15,0,0,BROADWAY & ALAMEDA AVENUE EAST,1,3,0,7,1,4,,0,35,0,0,0,0,0,4,2,3
,2016_05265,39.711105,-104.9769135,1/7/2016 10:27,10:27,3,0,0,ALAMEDA AVENUE EAST & EMERSON STREET SOUTH,2,1,0,2,1,1,,0,30,0,0,0,0,0,4,3,3
,2016_05266,39.711105,-104.9769135,2/2/2016 10:06,10:06,15,0,0,ALAMEDA AVENUE EAST & EMERSON STREET SOUTH,4,1,1,2,1,3,,0,30,0,0,0,0,0,4,2,1
,2016_05267,39.714957,-105.03369,6/10/2016 15:05,15:05,5,0,0,BAYAUD AVENUE WEST & KING STREET SOUTH,1,1,0,7,3,3,,0,25,0,0,0,0,0,4,1,9
,2016_05268,39.711177,-104.9269635,10/11/2016 19:26,19:26,3,0,0,ALAMEDA AVENUE EAST & FOREST STREET SOUTH,1,3,0,7,1,1,,0,25,0,0,0,0,0,4,2,5
,2016_05269,39.711114,-104.9686965,9/2/2016 17:28,17:28,12,0,0,ALAMEDA AVENUE EAST & FRANKLIN STREET SOUTH,1,1,1,0,1,1,,0,30,0,0,0,0,1,4,2,13
,2016_05270,39.711447,-104.9437755,5/24/2016 9:30,9:30,12,0,0,ALAMEDA AVENUE EAST & GARFIELD STREET SOUTH,1,1,0,0,1,1,,1,30,0,0,0,0,0,4,2,14
,2016_05271,39.74001,-104.99202,10/19/2016 8:35,8:35,5,0,0,GILL PLACE & 1200 BLOCK WEST,1,1,1,0,2,4,,0,25,0,0,0,0,0,4,1,13
,2016_05272,39.7116,-104.9413635,12/6/2016 18:35,18:35,12,0,0,ALAMEDA AVENUE EAST & HARRISON STREET SOUTH,1,3,0,7,1,1,,0,30,0,0,0,0,0,4,2,3
,2016_05273,39.711204,-104.9222835,2/24/2016 15:12,15:12,10,0,0,ALAMEDA AVENUE EAST & HOLLY STREET SOUTH,1,1,0,0,1,1,,0,30,0,0,0,0,0,4,2,14
,2016_05274,39.711366,-104.912964,5/5/2016 17:00,17:00,1,0,0,ALAMEDA AVENUE EAST & MONACO STREET SOUTH,1,1,0,0,1,1,,0,40,0,0,0,0,0,4,2,13
,2016_05275,39.711348,-104.9035005,7/29/2016 8:10,8:10,1,0,2,ALAMEDA AVENUE EAST & QUEBEC STREET SOUTH,1,1,0,7,1,1,,0,30,0,0,0,0,2,4,3,16
,2016_05276,39.711114,-104.959305,7/15/2016 14:25,14:25,3,0,0,ALAMEDA AVENUE EAST & UNIVERSITY BOULEVARD SOUTH,1,1,0,0,1,1,,0,35,0,0,0,0,0,4,2,13
,2016_05277,39.775032,-104.809923,1/19/2016 6:55,6:55,12,0,0,ANDREWS DRIVE EAST & CHAMBERS ROAD NORTH,2,1,0,0,1,1,,0,40,0,0,0,0,0,4,2,13
,2016_05278,39.715668,-104.9899635,5/18/2016 15:32,15:32,3,0,0,ARCHER PLACE WEST & BANNOCK STREET SOUTH,1,1,0,0,1,1,,0,25,0,0,0,0,0,4,2,13
,2016_05279,39.680316,-104.9734215,7/26/2016 8:41,8:41,3,0,0,ASBURY AVENUE EAST & DOWNING STREET SOUTH,1,1,0,0,1,5,,0,15,0,0,0,0,1,4,2,1
,2016_05280,39.79099042,-104.9891094,12/19/2016 8:11,8:11,6,0,0,BANNOCK STREET & 2215 SOUTH,4,1,0,0,1,4,,0,30,0,0,0,0,0,4,2,14
,2016_05281,39.75461444,-105.0059923,7/20/2016 18:00,18:00,6,0,0,BASSETT CIRCLE 1500 BLOCK & 16TH STREET,1,1,0,0,1,4,,0,25,0,0,0,0,0,4,2,13
,2016_05282,39.661704,-105.0596415,1/19/2016 7:55,7:55,3,0,0,BATES WEST & HOBART WAY SOUTH,5,1,1,2,1,1,,0,25,0,0,0,0,0,4,2,7
,2016_05283,39.71475,-104.987538,10/28/2016 18:28,18:28,3,0,0,BAYAUD AVENUE EAST & BROADWAY SOUTH,1,3,0,7,1,5,,0,30,0,0,0,0,0,4,2,16
,2016_05284,39.714723,-104.981517,8/11/2016 18:16,18:16,6,0,0,BAYAUD AVENUE 400 BLOCK EAST & PENNSYLVANIA STREET SOUTH,1,1,0,0,1,4,,0,25,0,0,0,0,0,4,2,14
,2016_05285,39.785922,-104.8328505,1/1/2016 2:30,2:30,6,0,0,BILLINGS STREET NORTH & BLACKHAWK WAY NORTH,5,3,0,7,1,4,,0,25,0,0,0,0,0,4,2,1
,2016_05286,39.748932,-105.001254,6/13/2016 19:08,19:08,6,0,0,BLAKE STREET & 14TH STREET,2,1,0,1,1,4,,0,25,0,0,0,0,0,4,2,13
,2016_05287,39.749643,-105.000084,8/10/2016 11:50,11:50,15,0,0,BLAKE STREET 1500 BLOCK & 16TH STREET,1,1,1,7,1,4,,0,30,0,0,0,0,0,4,2,16
,2016_05288,39.76641,-104.9786415,6/8/2016 13:25,13:25,10,0,0,BLAKE STREET & 33RD STREET,1,1,0,0,1,1,,0,30,0,0,0,0,0,4,2,14
,2016_05289,39.701988,-104.956605,8/24/2016 15:45,15:45,12,0,0,BONNIE BRAE BOULEVARD SOUTH & JOSEPHINE STREET SOUTH,2,1,1,1,1,1,,0,25,0,0,0,0,0,4,2,13
,2016_05290,39.77312829,-104.9892215,10/31/2016 18:40,18:40,15,0,0,BROADWAY & 400 BLOCK,1,1,0,0,1,4,,0,35,0,0,0,0,0,4,2,13
,2016_05291,39.79800079,-104.8096024,7/15/2016 0:01,0:01,5,0,0,CHAMBERS ROAD & 4000 BLOCK NORTH,1,3,0,0,3,4,,0,40,0,0,0,0,0,4,1,13
,2016_05292,39.71934,-104.987502,1/29/2016 19:52,19:52,12,0,0,BROADWAY NORTH & SECOND AVENUE EAST,1,3,0,7,1,1,,0,30,0,0,0,0,0,4,2,5
,2016_05293,39.687543,-104.9875245,3/25/2016 10:20,10:20,6,0,0,BROADWAY SOUTH & IOWA AVENUE EAST,1,1,0,0,1,4,,0,35,0,0,0,0,0,4,3,13
,2016_05294,39.696624,-104.9874525,11/22/2016 16:41,16:41,1,0,0,BROADWAY SOUTH & MISSISSIPPI AVENUE EAST,1,2,0,7,1,3,,1,35,0,0,0,0,0,4,2,8
,2016_05295,39.748887,-104.9874525,7/23/2016 17:46,17:46,15,0,0,BROADWAY NORTH & 20TH STREET,1,1,1,0,1,1,,0,30,0,0,0,0,0,4,2,8
,2016_05296,39.744846,-104.987394,2/6/2016 15:00,15:00,15,0,0,BROADWAY NORTH & TREMONT PLACE,1,1,0,0,1,1,,0,,0,0,0,0,0,4,2,13
,2016_05297,39.682305,-105.0180255,2/10/2016 8:30,8:30,6,0,0,BRYANT STREET 1900 BLOCK SOUTH & JEWELL AVENUE WEST,1,1,0,7,1,4,,0,25,0,0,0,0,0,4,2,16
,2016_05298,39.681288,-104.9508315,6/14/2016 8:14,8:14,3,0,0,BUCHTEL BOULEVARD EAST & STREET PAUL STREET SOUTH,1,1,0,7,1,1,,0,30,0,0,0,0,0,4,3,14
,2016_05299,39.74606507,-104.991029,5/24/2016 8:45,8:45,15,0,0,CALIFORNIA STREET & 1500 BLOCK,1,1,0,0,1,4,,0,30,0,0,0,0,0,4,2,13
,2016_05300,39.747582,-105.0283755,9/20/2016 12:40,12:40,5,0,0,HOOKER STREET NORTH & 20TH AVENUE WEST,1,1,1,0,1,4,,0,25,0,0,0,0,0,4,1,14
,2016_05301,39.745224,-104.991633,4/16/2016 14:30,14:30,6,0,0,CALIFORNIA STREET 1600 BLOCK & 16TH STREET,2,1,0,2,1,3,,0,25,0,0,0,0,0,4,2,8
,2016_05302,39.778407,-104.7643515,3/14/2016 17:00,17:00,6,0,0,CATHAY COURT 4500 BLOCK NORTH & CHAFFEE PLACE EAST,1,1,0,0,1,4,,0,25,0,0,0,0,0,4,2,14
,2016_05303,39.767346,-104.8905135,12/12/2016 14:10,14:10,14,0,0,CENTRAL PARK BOULEVARD & 36TH AVENUE EAST,1,1,1,0,1,4,,0,35,0,0,0,0,0,4,2,13
,2016_05304,39.747456,-104.884695,4/3/2016 21:13,21:13,1,0,2,CENTRAL PARK BOULEVARD & MONTVIEW BOULEVARD,1,3,1,7,1,1,,0,35,0,0,0,0,2,4,2,7
,2016_05305,39.735252,-104.991696,6/4/2016 23:55,23:55,3,0,0,CHEROKEE STREET NORTH & 12TH AVENUE WEST,1,3,0,7,1,1,,0,30,0,0,0,0,1,4,2,16
,2016_05306,39.696894,-104.9239035,3/15/2016 17:08,17:08,1,0,0,CHERRY CREEK SOUTH DRIVE & MISSISSIPPI AVENUE EAST,1,1,0,7,1,1,,0,30,0,0,0,0,0,4,2,16
,2016_05307,39.696894,-104.9239035,9/13/2016 7:05,7:05,15,0,0,CHERRY CREEK SOUTH DRIVE 5300 BLOCK & MISSISSIPPI AVENUE EAST,1,1,0,0,6,3,,0,35,0,0,0,0,0,4,2,14
,2016_05308,39.736854,-104.97762,1/17/2016 11:19,11:19,3,0,0,CLARKSON STREET NORTH & 13TH AVENUE EAST,1,1,0,7,1,1,,0,30,0,0,0,0,0,4,2,3
,2016_05309,39.738357,-104.955084,7/13/2016 10:05,10:05,6,0,0,CLAYTON STREET NORTH & 14TH AVENUE EAST,1,1,0,0,1,3,,0,30,0,0,0,0,0,4,2,3
,2016_05310,39.729213,-104.935167,1/28/2016 17:52,17:52,3,0,0,CLERMONT STREET NORTH & EIGHTH AVENUE EAST,1,3,0,7,1,2,,0,,0,0,0,0,0,4,2,14
,2016_05311,39.720123,-104.974074,11/12/2016 11:04,11:04,12,0,0,CORONA STREET NORTH & THIRD AVENUE EAST,1,1,0,7,1,4,,0,30,0,0,0,0,0,4,3,16
,2016_05312,39.61832987,-105.0618503,3/28/2016 12:53,12:53,12,0,0,CRESTLINE AVENUE WEST & CROSS AVENUE WEST,1,1,0,0,1,1,,0,45,0,0,0,0,0,4,2,7
,2016_05313,39.69675,-105.0215535,2/7/2016 5:55,5:55,5,0,0,MISSISSIPPI AVENUE WEST & DALE COURT SOUTH,1,3,0,0,3,4,,0,35,0,0,0,0,0,4,1,5
,2016_05314,39.750318,-104.9899005,1/7/2016 17:07,17:07,12,0,0,CURTIS STREET 1900 BLOCK & 19TH STREET,1,2,0,0,1,4,,0,30,0,0,0,0,0,4,2,13
,2016_05315,39.756537,-104.982714,2/5/2016 7:16,7:16,12,0,0,CURTIS STREET & 26TH STREET,5,1,0,7,1,1,,0,25,0,0,0,0,0,4,2,16
,2016_05316,39.669597,-104.8736655,2/5/2016 11:21,11:21,3,0,0,DAYTON WAY & VASSAR DRIVE EAST,2,1,1,0,1,2,,0,25,0,0,0,0,0,4,2,13
,2016_05317,39.735558,-105.0217425,12/11/2016 5:30,5:30,5,0,0,DECATUR STREET & HOLDEN PLACE WEST,2,2,0,0,2,3,,0,30,0,0,0,0,0,4,1,14
,2016_05318,39.76329397,-104.9909708,3/21/2016 15:42,15:42,12,0,0,DENARGO STREET & 3212,1,1,0,0,1,4,,0,15,0,0,0,0,0,4,2,13
,2016_05319,39.75823396,-104.9328052,1/11/2016 9:10,9:10,6,0,0,DEXTER STREET & 170 SOUTH,1,1,0,7,1,4,,0,20,0,0,0,0,0,4,2,14
,2016_05320,39.76283001,-104.9733612,7/2/2016 14:00,14:00,6,0,0,DOWNING STREET & 2300 BLOCK SOUTH,1,1,0,0,1,4,,0,35,0,0,0,0,0,4,2,14
,2016_05321,39.744846,-104.9734035,6/14/2016 15:20,15:20,6,0,0,DOWNING STREET & 18TH AVENUE EAST,1,1,0,0,1,4,,0,30,0,0,0,0,0,4,2,13
,2016_05322,39.68208591,-104.9733728,2/26/2016 17:17,17:17,12,0,0,DOWNING STREET 1900 BLOCK NORTH & 19TH AVENUE EAST,1,1,0,7,1,3,,0,30,0,0,0,0,1,4,2,16
,2016_05323,39.74951913,-104.9733224,8/8/2016 16:15,16:15,12,0,0,DOWNING STREET 2200 BLOCK NORTH & 23RDAVE EAST,1,1,0,7,1,4,,0,30,0,0,0,0,0,4,2,14
,2016_05324,39.624219,-104.8898565,11/11/2016 15:25,15:25,1,0,1,DTC BOULEVARD & BELLEVIEW AVENUE EAST,1,1,0,0,1,1,,0,35,0,0,0,0,2,4,2,13
,2016_05325,39.716532,-104.9862825,6/30/2016 19:40,19:40,3,0,0,ELLSWORTH AVENUE EAST & LINCOLN STREET NORTH,1,2,0,7,1,1,,0,35,0,0,0,0,0,4,2,16
,2016_05326,39.67846734,-104.9768654,4/20/2016 2:30,2:30,6,0,0,EMERSON STREET 2100 BLOCK NORTH & 22ND AVENUE EAST,1,4,0,0,1,3,,0,25,0,0,0,0,0,4,2,13
,2016_05327,39.74001,-104.99202,8/5/2016 17:29,17:29,10,0,0,EVANS AVENUE & 3900 BLOCK EAST,1,1,0,0,1,4,,0,35,0,0,0,0,1,4,2,14
,2016_05328,39.678444,-104.931612,7/6/2016 11:44,11:44,15,0,0,EVANS AVENUE 5000 BLOCK EAST & DAHLIA STREET SOUTH,1,1,1,7,1,4,,0,35,0,0,0,0,0,4,2,16
,2016_05329,39.678507,-104.973444,3/15/2016 14:14,14:14,15,0,0,EVANS AVENUE 1100 BLOCK & DOWNING STREET SOUTH,1,1,0,7,1,1,,0,30,0,0,0,0,1,4,2,16
,2016_05330,39.678507,-104.973444,8/26/2016 15:50,15:50,12,0,0,EVANS AVENUE 1200 BLOCK EAST & DOWNING STREET SOUTH,1,1,0,0,1,3,,0,,0,0,0,0,0,4,2,13
,2016_05331,39.678435,-104.912892,6/7/2016 13:10,13:10,3,0,0,EVANS AVENUE & MONACO STREET SOUTH,1,1,1,0,1,2,,0,30,0,0,0,0,0,4,2,7
,2016_05332,39.678435,-104.912892,12/14/2016 6:35,6:35,15,0,0,EVANS AVENUE 6500 BLOCK EAST & MONACO STREET SOUTH,1,3,0,7,1,4,,0,35,0,0,0,0,0,4,2,1
,2016_05333,39.686796,-104.9687325,10/31/2016 17:25,17:25,1,0,0,FRANKLIN STREET SOUTH & BUCHTEL BOULEVARD EAST,1,1,0,7,1,1,,0,30,0,0,0,0,0,4,2,16
,2016_05334,39.78281111,-104.9645476,11/14/2016 16:19,16:19,6,0,0,HIGH STREET & 4690 NORTH,1,1,0,0,1,4,,0,25,0,0,0,0,0,4,2,1
,2016_05335,39.678552,-105.0040935,5/24/2016 11:49,11:49,12,0,0,EVANS AVENUE WEST & NAVAJO STREET SOUTH,1,1,0,7,1,3,,0,40,0,0,0,0,0,4,3,8
,2016_05336,39.678444,-104.908194,7/5/2016 13:10,13:10,1,0,0,EVANS AVENUE 6900 BLOCK EAST & ONEIDA STREET SOUTH,1,1,0,0,1,2,,0,35,0,0,0,0,0,4,2,13
,2016_05337,39.678552,-104.9816925,5/6/2016 10:55,10:55,12,0,0,EVANS AVENUE 500 BLOCK EAST & PENNSYLVANIA STREET SOUTH,1,1,0,7,1,3,,0,30,0,0,0,0,0,4,2,14
,2016_05338,39.679146,-105.052122,4/11/2016 8:00,8:00,3,0,0,EVANS AVENUE WEST & ZENOBIA STREET SOUTH,1,1,0,7,1,1,,0,25,0,0,0,0,0,4,2,16
,2016_05339,39.703896,-105.020361,5/14/2016 22:40,22:40,3,0,0,EXPOSITION AVENUE WEST & CLAY STREET SOUTH,1,3,0,7,1,1,,0,25,0,0,0,0,1,4,2,14
,2016_05340,39.703851,-104.95935,2/9/2016 17:36,17:36,12,0,0,EXPOSITION AVENUE 2300 BLOCK EAST & UNIVERSITY BOULEVARD SOUTH,1,3,0,7,1,3,,0,25,0,0,0,0,0,4,3,16
,2016_05341,39.740166,-104.9529735,2/26/2016 12:00,12:00,6,0,0,FILLMORE STREET 1400 NORTH & COLFAX AVENUE EAST,1,5,0,0,1,4,,0,,0,0,0,0,0,4,2,13
,2016_05342,39.7854,-104.761134,5/17/2016 19:55,19:55,3,0,0,FLANDERS WAY NORTH & 49TH AVENUE EAST,1,3,0,1,1,1,,0,25,0,0,0,0,0,4,2,1