id,drcog_id,latitude,longitude,crashtime,time,crashtype,numbkilled,numbinjurd,drcoglocat,rdconditin,lightngcon,roadcntgrd,weatherco,location,roaddescrp,schoolzone,constrzone,splimit,bikeinv,pedinv,sctrinv,motoinv,svrty,rdsystem,ttlvehcls,hcf
,2016_05343,39.68934297,-104.9699063,5/18/2016 6:10,6:10,5,0,0,FLORIDA AVENUE & 3800 BLOCK WEST,1,2,0,0,2,4,,0,35,0,0,0,0,0,4,1,13
,2016_05344,39.68946,-105.0297165,1/14/2016 18:10,18:10,12,0,0,FLORIDA AVENUE 3100 BLOCK WEST & IRVING STREET SOUTH,1,2,0,0,1,4,,0,30,0,0,0,0,0,4,2,13
,2016_05345,39.738456,-104.995314,10/20/2016 10:22,10:22,3,0,0,FOX STREET NORTHEAST & 14TH AVENUE WEST,1,1,1,0,1,1,,0,30,0,0,0,0,0,4,2,8
,2016_05346,39.79538977,-104.9687426,12/15/2016 12:04,12:04,6,0,0,FRANKLIN STREET & 600 BLOCK SOUTH,1,1,0,0,1,4,,0,25,0,0,0,0,0,4,2,14
,2016_05347,39.79538977,-104.9687426,2/4/2016 2:09,2:09,6,0,0,FRANKLIN STREET & SECOND AVENUE EAST,5,3,0,0,1,4,,0,30,0,0,0,0,0,4,3,5
,2016_05349,39.728907,-104.9964435,5/9/2016 15:41,15:41,12,0,0,GALAPAGO STREET 700 BLOCK NORTH & EIGHTH AVENUE WEST,1,1,0,7,1,4,,0,25,0,0,0,0,1,4,2,16
,2016_05350,39.78234802,-104.9613455,7/8/2016 13:05,13:05,6,0,0,GAYLORD STREET & 1300 BLOCK NORTH,1,5,1,0,1,4,,0,25,0,0,0,0,0,4,3,13
,2016_05351,39.7447796,-104.9891098,1/19/2016 9:15,9:15,5,0,0,GLENARM PLACE 1700 BLOCK & 18TH STREET,2,1,0,0,3,7,,0,25,0,0,0,0,0,4,1,14
,2016_05352,39.790764,-104.984721,7/4/2016 20:30,20:30,6,0,0,GRANT STREET & 800 BLOCK NORTH,1,3,0,0,1,4,,0,30,0,0,0,0,0,4,2,14
,2016_05353,39.696768,-105.0264,7/30/2016 15:19,15:19,12,0,0,GROVE STREET SOUTH & MISSISSIPPI AVENUE WEST,1,1,0,0,1,2,,0,25,0,0,0,0,0,4,2,13
,2016_05354,39.78378,-104.80176,11/2/2016 17:30,17:30,12,0,0,GREEN VALLEY RANCH BOULEVARD EAST & KITTREDGE STREET NORTH,1,1,0,7,1,3,,0,40,0,0,0,0,0,4,2,14
,2016_05355,39.783609,-104.7913916,11/23/2016 16:10,16:10,12,0,0,GREEN VALLEY RANCH BOULEVARD EAST & PENA BOULEVARD,1,1,0,7,1,1,,0,40,0,0,0,0,0,4,2,16
,2016_05356,39.653064,-104.9261715,9/11/2016 12:20,12:20,12,0,0,HAMPDEN AVENUE EAST & GLENCOSE STREET SOUTH,1,1,0,0,1,4,,0,35,0,0,0,0,0,4,4,7
,2016_05357,39.63816,-104.912532,11/16/2016 16:54,16:54,1,0,0,HAPPY CANYON ROAD EAST & QUINCY AVENUE EAST,1,2,0,7,1,1,,0,35,0,0,0,0,0,4,2,16
,2016_05358,39.730473,-104.941827,2/9/2016 12:46,12:46,15,0,0,HARRISON STREET & NINTH AVENUE EAST,1,1,0,0,1,4,,0,25,0,0,0,0,0,4,2,13
,2016_05359,39.76741353,-104.9234221,2/26/2016 13:32,13:32,6,0,0,HUDSON STREET & 3298 NORTH,1,1,0,0,1,5,,0,10,0,0,0,0,0,4,2,14
,2016_05360,39.674745,-104.8740345,7/29/2016 12:13,12:13,12,0,0,ILIFF AVENUE 9800 BLOCK EAST & EMPORIA STREET SOUTH,1,1,1,7,1,3,,0,40,0,0,0,0,1,4,2,3
,2016_05361,39.674835,-104.9594175,5/15/2016 22:00,22:00,12,0,0,ILIFF AVENUE EAST & UNIVERSITY BOULEVARD SOUTH,1,3,0,7,1,3,,0,25,0,0,0,0,0,4,2,1
,2016_05362,39.687543,-104.9875245,7/12/2016 6:44,6:44,15,0,0,IOWA AVENUE WEST & BROADWAY SOUTH,1,1,0,0,1,3,,0,30,0,0,0,0,0,4,2,1
,2016_05363,39.74001,-104.99202,12/12/2016 14:44,14:44,6,0,0,JEWELL AVENUE 4400 BLOCK EAST & I25 NORTHBOUND OFF SLIP RAMP,5,1,0,0,1,2,,0,25,0,0,0,0,0,4,2,14
,2016_05364,39.743415,-104.95926,8/11/2016 10:45,10:45,3,0,0,JOSEPHINE STREET NORTH & 17TH AVENUE EAST,1,1,0,7,1,1,,0,30,0,0,0,0,0,4,2,12
,2016_05365,39.77662894,-105.03108,5/24/2016 11:47,11:47,6,0,0,JULIAN STREET & 700 BLOCK NORTH,1,1,1,7,1,4,,0,25,0,0,0,0,0,4,2,14
,2016_05366,39.765618,-105.032295,2/22/2016 15:54,15:54,12,0,0,JULIAN STREET NORTH & 35TH AVENUE WEST,1,1,0,0,1,1,,0,25,0,0,0,0,0,4,2,14
,2016_05367,39.736872,-105.000183,7/17/2016 6:19,6:19,6,0,0,KALAMATH STREET NORTH & 13TH AVENUE WEST,1,1,0,0,2,4,,0,35,0,0,0,0,0,4,2,13
,2016_05368,39.699117,-105.0121395,3/14/2016 21:50,21:50,6,0,0,KENTUCKY AVENUE WEST & TEJON STREET SOUTH,2,3,0,1,1,4,,0,25,0,0,0,0,0,4,2,5
,2016_05369,39.700404,-105.0486705,1/3/2016 23:36,23:36,6,0,0,KENTUCKY AVENUE WEST & WOLFF STREET SOUTH,1,3,0,7,1,4,,0,30,0,0,0,0,1,4,3,2
,2016_05370,39.794103,-104.746185,8/12/2016 17:06,17:06,3,0,0,KIRK STREET NORTH & 55TH AVENUE EAST,1,1,0,0,1,1,,0,25,0,0,0,0,0,4,2,14
,2016_05371,39.713373,-105.032484,4/4/2016 6:46,6:46,3,0,0,KNOX COURT SOUTH & CEDAR AVENUE WEST,1,1,0,0,1,1,,0,30,0,0,0,0,0,4,2,13
,2016_05372,39.713373,-105.032484,12/4/2016 8:45,8:45,3,0,0,KNOX COURT SOUTH & CEDAR AVENUE WEST,1,1,0,7,1,1,,0,30,0,0,0,0,0,4,2,7
,2016_05373,39.700224,-104.9164245,1/4/2016 13:15,13:15,3,0,0,KRAMERIA STREET SOUTH & KENTUCKY AVENUE EAST,1,1,0,0,1,1,,0,25,0,0,0,0,0,4,2,13
,2016_05374,39.73041,-104.986143,2/20/2016 14:20,14:20,15,0,0,LINCOLN STREET NORTH & NINTH AVENUE EAST,1,1,0,0,1,4,,0,30,0,0,0,0,0,4,2,16
,2016_05375,39.732021,-104.98617,3/18/2016 19:28,19:28,10,0,0,LINCOLN STREET NORTH & 10TH AVENUE EAST,1,3,1,0,1,1,,0,35,0,0,0,0,1,4,3,16
,2016_05376,39.674835,-104.915214,6/1/2016 19:00,19:00,8,0,0,LINDEN COURT 2300 SOUTH & ILIFF AVENUE 6200 EAST,1,1,0,0,1,2,,0,25,0,0,0,0,0,4,4,13
,2016_05377,39.73195332,-104.9822755,10/24/2016 10:30,10:30,6,0,0,LOGAN STREET NORTH & 1200 BLOCK,1,1,0,0,1,4,,0,35,0,0,0,0,0,4,2,13
,2016_05378,39.72564,-104.982381,9/26/2016 9:30,9:30,10,0,0,LOGAN STREET NORTH & SIXTH AVENUE EAST,1,1,0,0,1,2,,0,30,0,0,0,0,0,4,2,8
,2016_05379,39.712932,-104.9827815,7/16/2016 5:15,5:15,6,0,0,LOGAN STREET SOUTH & CEDAR AVENUE EAST,1,2,0,0,1,4,,0,25,0,0,0,0,0,4,3,13
,2016_05380,39.696624,-104.9827815,4/26/2016 18:05,18:05,15,0,0,LOGAN STREET & MISSISSIPPI AVENUE EAST,1,1,0,0,1,4,,0,30,0,0,0,0,0,4,3,1
,2016_05381,39.693096,-105.010722,9/4/2016 23:45,23:45,6,0,0,LOUISIANA AVENUE WEST & SHOSHONE SOUTH,1,3,0,0,1,4,,0,25,0,0,0,0,0,4,2,1
,2016_05382,39.736557,-105.0346035,4/14/2016 12:37,12:37,6,0,0,LOWELL BOULEVARD & 13TH AVENUE WEST,1,1,0,0,1,4,,0,25,0,0,0,0,0,4,2,13
,2016_05383,39.758706,-105.034491,10/25/2016 10:08,10:08,12,0,0,LOWELL BOULEVARD 2900 BLOCK & 29TH AVENUE WEST,1,1,0,7,1,1,,0,35,0,0,0,0,0,4,2,14
,2016_05384,39.787425,-105.034563,5/14/2016 18:55,18:55,6,0,0,LOWELL BOULEVARD NORTH & 50TH AVENUE WEST,1,1,0,0,1,4,,0,35,0,0,0,0,0,4,2,12
,2016_05385,39.787425,-105.034563,7/10/2016 16:24,16:24,12,0,0,LOWELL BOULEVARD NORTH & 50TH AVENUE WEST,1,1,0,7,1,1,,0,35,0,0,0,0,0,4,2,16
,2016_05386,39.7170765,-104.8955513,2/28/2016 11:28,11:28,15,0,0,LOWRY BOULEVARD EAST & FAIRMOUNT DRIVE EAST,1,1,0,0,1,6,,0,25,0,0,0,0,0,4,2,7
,2016_05387,39.72393,-104.8839413,2/16/2016 0:30,0:30,5,0,0,LOWRY BOULEVARD EAST & YOSEMITE STREET,1,3,0,0,2,6,,0,25,0,0,0,0,0,4,1,13
,2016_05388,39.723705,-104.8837095,11/17/2016 15:15,15:15,3,0,0,LOWRY BOULEVARD & YOSEMITE WAY NORTH,4,3,0,2,1,1,,0,35,0,0,0,0,0,4,2,14
,2016_05389,39.713859,-104.987565,8/15/2016 10:42,10:42,6,0,0,MAPLE AVENUE WEST & BROADWAY SOUTH,1,1,1,0,1,4,,0,25,0,0,0,0,0,4,2,3
,2016_05390,39.690999,-104.971932,11/15/2016 12:00,12:00,6,0,0,MARION STREET 1400 BLOCK NORTH & 14TH AVENUE EAST,1,1,0,0,1,4,,0,25,0,0,0,0,0,4,2,14
,2016_05391,39.728934,-105.0028425,2/3/2016 16:40,16:40,3,0,0,MARIPOSA STREET NORTH & EIGHTH AVENUE WEST,1,1,1,0,1,1,,0,30,0,0,0,0,0,4,2,13
,2016_05392,39.75031845,-104.9977268,1/31/2016 1:20,1:20,12,0,0,MARKET STREET & 1900 BLOCK,4,3,0,2,1,4,,0,25,0,0,0,0,0,4,2,13
,2016_05393,39.761838,-104.9164065,6/6/2016 12:00,12:00,15,0,0,MLK BOULEVARD 6200 BLOCK EAST & KRAMERIA STREET NORTH,1,1,0,7,1,4,,0,35,0,0,0,0,0,4,2,3
,2016_05394,39.795759,-104.801121,1/6/2016 15:53,15:53,12,0,0,MAXWELL PLACE 15700 BLOCK EAST & KITTREDGE STREET NORTH,1,1,1,0,1,4,,0,20,0,0,0,0,0,4,2,13
,2016_05395,39.716532,-105.036111,2/25/2016 21:50,21:50,6,0,0,MEADE STREET SOUTH & ELLSWORTH AVENUE WEST,1,3,0,0,1,4,,0,30,0,0,0,0,0,4,3,5
,2016_05396,39.718026,-104.9522265,8/24/2016 7:32,7:32,10,0,0,MILWAUKEE STREET NORTH & FIRST AVENUE EAST,1,1,0,0,1,2,,0,25,0,0,0,0,0,4,2,13
,2016_05397,39.729132,-104.9517225,1/26/2016 7:19,7:19,3,0,0,MILWAUKEE STREET NORTH & EIGHTH AVENUE EAST,1,1,0,7,1,1,,0,30,0,0,0,0,0,4,2,16
,2016_05398,39.696669,-104.991255,1/9/2016 14:15,14:15,3,0,0,MISSISSIPPI AVENUE WEST & CHEROKEE STREET EAST,1,1,1,0,1,1,,0,30,0,0,0,0,0,4,2,13
,2016_05399,39.696579,-104.959323,8/18/2016 8:40,8:40,3,0,0,MISSISSIPPI AVENUE EAST & UNIVERSITY BOULEVARD SOUTH,1,1,0,0,1,1,,0,30,0,0,0,0,0,4,5,13
,2016_05400,39.761964,-104.903451,11/7/2016 15:46,15:46,3,0,0,MLK BOULEVARD & QUEBEC STREET NORTH,1,1,0,0,1,1,,0,35,0,0,0,0,0,4,2,14
,2016_05401,39.760551,-104.9001615,8/20/2016 14:34,14:34,1,0,0,MLK BOULEVARD EAST & ROSLYN WAY NORTH,1,1,0,0,1,1,,0,35,0,0,0,0,0,4,2,7
,2016_05403,39.725334,-104.912793,11/8/2016 7:02,7:02,12,0,0,MONACO STREET NORTH & SIXTH AVENUE EAST,1,1,0,7,1,1,,0,35,0,0,0,0,0,4,2,16
,2016_05404,39.750993,-104.9123925,5/2/2016 15:34,15:34,3,0,0,MONACO STREET NORTH & 23RD AVENUE EAST,1,1,0,7,1,1,,0,35,0,0,0,0,0,4,2,14
,2016_05405,39.690378,-104.91291,3/15/2016 16:59,16:59,12,0,0,MONACO STREET SOUTH & CHERRY CREEK SOUTH DRIVE,1,1,0,7,1,4,,0,35,0,0,0,0,0,4,3,3
,2016_05406,39.696615,-104.912973,2/20/2016 20:10,20:10,12,0,0,MONACO STREET SOUTH & MISSISSIPPI AVENUE EAST,1,2,0,7,1,3,,0,35,0,0,0,0,0,4,2,7
,2016_05407,39.773142,-104.9127615,1/30/2016 12:01,12:01,3,0,0,MONACO STREET NORTH & SMITH ROAD EAST,1,1,0,0,1,1,,0,35,0,0,0,0,0,4,2,6
,2016_05408,39.747429,-104.9128245,6/12/2016 13:31,13:31,3,0,0,MONTVIEW BOULEVARD EAST & MONACO STREET NORTH,1,1,0,7,1,1,,0,35,0,0,0,0,0,4,2,8
,2016_05409,39.747456,-104.888214,7/4/2016 9:11,9:11,3,0,0,MONTVIEW BOULEVARD EAST & WILLOW STREET NORTH,1,1,0,7,1,1,,0,30,0,0,0,0,0,4,2,16
,2016_05410,39.73925455,-105.0213076,6/16/2016 2:48,2:48,6,0,0,MORRISON ROAD & 3600 BLOCK,1,3,0,0,1,4,,0,35,0,0,0,0,0,4,2,3
,2016_05411,39.70924048,-105.0360645,6/18/2016 12:39,12:39,15,0,0,MORRISON ROAD & DAKOTA AVENUE WEST,1,1,0,7,1,4,,0,35,0,0,0,0,0,4,2,1
,2016_05412,39.706344,-105.039693,3/12/2016 1:30,1:30,6,0,0,MORRISON ROAD & PERRY STREET,1,3,0,0,1,4,,0,30,0,0,0,0,0,4,2,7
,2016_05413,39.708,-105.037371,2/22/2016 15:17,15:17,6,0,0,MORRISON ROAD & VIRGINIA AVENUE WEST,1,1,0,0,1,4,,0,30,0,0,0,0,0,4,2,7
,2016_05414,39.685743,-104.9851665,12/8/2016 8:13,8:13,5,0,0,SHERMAN STREET SOUTH & MEXICO AVENUE EAST EAST,5,1,0,7,2,3,,0,25,0,0,0,0,1,4,1,16
,2016_05415,39.78215551,-105.036944,12/14/2016 16:15,16:15,15,0,0,NEWTON STREET & 2500 BLOCK SOUTH,1,1,0,0,1,4,,0,25,0,0,0,0,0,4,2,1
,2016_05416,39.78215551,-105.036944,4/26/2016 14:20,14:20,15,0,0,NEWTON STREET NORTH & 3200 BLOCK NORTH,1,1,1,0,1,4,,0,25,0,0,0,0,0,4,2,13
,2016_05417,39.785652,-104.893254,4/26/2016 12:17,12:17,1,0,0,NORTHFIELD BOULEVARD & UINTA STREET NORTH,1,1,0,7,1,1,,0,30,0,0,0,0,0,4,2,16
,2016_05418,39.785724,-104.883093,3/18/2016 8:00,8:00,3,0,0,NORTHFIELD BOULEVARD & CENTRAL PARK BOULEVARD NORTH,5,1,0,2,1,1,,0,30,0,0,0,0,1,4,3,1
,2016_05419,39.678516,-104.9757615,5/3/2016 8:00,8:00,3,0,0,OGDEN STREET SOUTH & EVANS AVENUE EAST,1,1,0,0,1,1,,0,25,0,0,0,0,1,4,3,13
,2016_05420,39.701979,-104.9851125,5/21/2016 9:30,9:30,14,0,0,OHIO AVENUE & SHERMAN STREET SOUTH,1,1,0,0,1,5,,0,25,0,0,0,0,0,4,2,13
,2016_05421,39.77568454,-104.9082236,3/20/2016 16:18,16:18,6,0,1,ONEIDA STREET & 1400 BLOCK NORTH,1,1,0,0,1,4,,0,25,0,0,0,0,2,4,2,2
,2016_05422,39.738492,-105.0052725,6/17/2016 12:34,12:34,6,0,0,OSAGE STREET NORTH & 14TH AVENUE WEST,1,1,1,0,1,1,,0,30,0,0,0,0,0,4,2,12
,2016_05423,39.768048,-105.0052725,10/12/2016 7:55,7:55,15,0,0,OSAGE STREET NORTH & 37TH AVENUE WEST,1,1,0,0,1,3,,0,30,0,0,0,0,0,4,2,14
,2016_05424,39.769092,-104.894343,10/16/2016 13:57,13:57,3,0,0,37TH PLACE EAST & ULSTER STREET NORTH,1,1,0,7,1,1,,0,25,0,0,0,0,1,4,2,16
,2016_05425,39.638727,-104.904081,4/23/2016 18:10,18:10,1,0,0,QUINCY AVENUE EAST & EASTMOOR DRIVE EAST,1,1,0,7,1,1,,0,35,0,0,0,0,0,4,2,16
,2016_05426,39.76788931,-104.9948145,1/7/2016 16:22,16:22,12,0,0,PARK AVENUE WEST & 3400 BLOCK,1,2,0,0,1,4,,0,35,0,0,0,0,0,4,3,13
,2016_05428,39.755088,-104.988114,7/12/2016 6:30,6:30,3,0,0,PARK AVENUE WEST & LAWRENCE STREET,1,1,0,0,1,1,,0,35,0,0,0,0,0,4,2,13
,2016_05429,39.780162,-105.0064425,11/29/2016 8:17,8:17,12,0,0,PECOS STREET NORTH & 46TH AVENUE WEST,1,1,0,7,1,1,,0,35,0,0,0,0,0,4,2,14
,2016_05430,39.844602,-104.6809395,3/9/2016 11:33,11:33,6,0,0,PENA BOULEVARD & 8400 BLOCK,1,1,0,0,5,7,,0,15,0,0,0,0,0,3,2,1
,2016_05431,39.844602,-104.6809395,4/14/2016 11:25,11:25,6,0,0,PENA BOULEVARD INBOUND & 8400 BLOCK,1,1,0,0,1,4,,0,10,0,0,0,0,0,4,2,4
,2016_05432,39.844602,-104.6809395,6/18/2016 11:30,11:30,6,0,0,PENA BOULEVARD & 8400 BLOCK,1,1,0,0,1,4,,0,15,0,0,0,0,1,4,2,14
,2016_05433,39.847824,-104.6739915,3/11/2016 21:00,21:00,12,0,1,PENA BOULEVARD 8300 BLOCK & 84TH AVENUE EAST,1,3,0,7,1,4,,0,10,0,0,0,0,2,4,2,4
,2016_05434,39.796227,-104.8356405,12/24/2016 10:06,10:06,12,0,0,PENSACOLA PLACE EAST & UVALDA STREET NORTH,6,1,0,0,1,2,,0,25,0,0,0,0,0,4,2,13
,2016_05435,39.767985,-104.8469625,4/12/2016 15:52,15:52,12,0,0,PEORIA STREET 3600 BLOCK NORTH & 37TH AVENUE EAST,1,1,1,7,1,4,,0,35,0,0,0,0,1,4,2,12
,2016_05436,39.771063,-104.8470435,10/10/2016 10:30,10:30,12,0,0,PEORIA STREET NORTH & 39TH AVENUE EAST,1,1,0,0,1,4,,0,40,0,0,0,0,0,4,2,1
,2016_05437,39.779919,-104.846454,3/15/2016 0:28,0:28,15,0,0,PEORIA STREET 4600 BLOCK NORTH & 47TH AVENUE EAST,1,3,0,0,1,4,,0,45,0,0,0,0,0,4,2,13
,2016_05438,39.782385,-104.847093,11/11/2016 12:00,12:00,1,0,1,PEORIA STREET NORTH & 47TH AVENUE EAST,1,1,0,0,1,1,,0,35,0,0,0,0,2,4,2,1
,2016_05439,39.786219,-104.8469715,1/4/2016 17:48,17:48,12,0,0,PEORIA STREET NORTH & ANDREWS DRIVE EAST,1,3,0,0,1,4,,0,40,0,0,0,0,0,4,2,3
,2016_05440,39.734919,-105.0393015,4/28/2016 7:40,7:40,12,0,0,PERRY STREET NORTH & 12TH AVENUE WEST,1,1,0,7,1,3,,0,30,0,0,0,0,0,4,2,14
,2016_05441,39.760434,-105.004116,12/15/2016 17:05,17:05,6,0,0,PLATTE STREET & 19TH STREET,1,3,1,0,1,4,,0,30,0,0,0,0,0,4,2,3
,2016_05442,39.691683,-104.99679,7/26/2016 17:15,17:15,12,0,0,PLATTE RIVER DRIVE SOUTH & HURON STREET SOUTH,1,1,0,0,1,3,,0,30,0,0,0,0,0,4,2,13
,2016_05443,39.77171824,-104.90281,7/2/2016 17:15,17:15,12,0,0,QUEBEC STREET & 800 BLOCK NORTH,1,1,1,0,1,4,,0,35,0,0,0,0,0,4,2,2
,2016_05444,39.77171824,-104.90281,1/19/2016 7:55,7:55,12,0,0,QUEBEC STREET SOUTHBOUND & 1300 BLOCK NORTH,2,1,1,0,1,4,,0,20,0,0,0,0,0,4,2,7
,2016_05445,39.751614,-105.002991,10/4/2016 18:49,18:49,15,0,0,15TH STREET & WEWATTA STREET,2,5,0,7,1,1,,0,25,0,0,0,0,0,4,2,16
,2016_05446,39.729267,-104.9034735,3/13/2016 6:20,6:20,12,0,0,QUEBEC STREET NORTH & EIGHTH AVENUE EAST,1,2,0,0,1,4,,0,35,0,0,0,0,0,4,2,3
,2016_05447,39.731292,-104.9034735,12/27/2016 23:45,23:45,5,0,0,QUEBEC STREET & 10TH AVENUE EAST,1,4,1,0,3,4,,0,35,0,0,0,0,0,4,1,14
,2016_05448,39.73869,-104.9034645,10/15/2016 15:33,15:33,12,0,0,QUEBEC STREET NORTH & 14TH AVENUE EAST,1,1,0,7,1,1,,0,30,0,0,0,0,0,4,2,16
,2016_05449,39.749796,-104.903433,6/30/2016 19:08,19:08,12,0,0,QUEBEC STREET NORTH & 22ND AVENUE EAST,1,1,0,7,1,4,,0,35,0,0,0,0,0,4,3,14
,2016_05450,39.749796,-104.903433,12/16/2016 17:30,17:30,3,0,0,QUEBEC STREET NORTH & 22ND AVENUE EAST,1,2,0,7,1,1,,0,35,0,0,0,0,0,4,2,16
,2016_05451,39.740085,-104.9034735,11/21/2016 16:31,16:31,12,0,0,QUEBEC STREET NORTH & COLFAX AVENUE EAST,1,2,0,7,1,4,,0,30,0,0,0,0,0,4,2,16
,2016_05452,39.695652,-104.903595,6/8/2016 15:00,15:00,12,0,0,QUEBEC STREET 1000 BLOCK SOUTH & MISSISSIPPI AVENUE EAST,1,1,0,7,1,4,,0,35,0,0,0,1,0,4,2,2
,2016_05453,39.761964,-104.903451,3/3/2016 17:01,17:01,12,0,0,QUEBEC STREET NORTH & MLK BOULEVARD,1,3,0,7,1,1,,0,35,0,0,0,0,0,4,2,16
,2016_05454,39.638664,-104.89266,9/23/2016 22:15,22:15,1,0,1,QUINCY AVENUE EAST & TAMARAC DRIVE SOUTH,1,3,1,7,1,1,,0,35,0,0,0,0,2,4,2,5
,2016_05455,39.639492,-105.0519735,3/7/2016 9:48,9:48,5,0,0,QUINCY AVENUE WEST & ZENOBIA STREET SOUTH,1,1,0,7,3,4,,0,35,0,0,0,0,0,4,1,1
,2016_05456,39.787956,-104.9635035,3/25/2016 14:00,14:00,5,0,0,RACE STREET NORTH & 1776 NORTH RACE STREET,1,1,1,0,5,2,,0,10,0,0,0,0,0,3,1,14
,2016_05457,39.662514,-105.0440715,2/8/2016 13:35,13:35,6,0,0,RALEIGH STREET SOUTH & BATES AVENUE WEST,1,1,1,0,1,4,,0,30,0,0,0,0,0,4,3,12
,2016_05458,39.74440949,-104.9960551,3/1/2016 9:45,9:45,12,0,0,14TH STREET & 800 BLOCK,1,1,0,0,1,4,,0,25,0,0,0,0,0,4,2,7
,2016_05459,39.744225,-104.9933835,6/27/2016 12:27,12:27,12,0,0,15TH STREET & CALIFORNIA STREET  STOUT STREET ALLEY,1,1,0,0,1,5,,0,30,0,0,0,0,0,4,2,14
,2016_05460,39.74338976,-104.9873882,7/24/2016 2:00,2:00,12,0,0,17TH STREET & 17TH STREET 300 BLOCK,1,3,0,0,1,1,,0,30,0,0,0,0,1,4,3,13
,2016_05461,39.743397,-104.987394,5/10/2016 11:16,11:16,15,0,0,17TH STREET 0000 BLOCK & BROADWAY STREET NORTH,1,1,0,7,1,1,,0,30,0,0,0,0,0,4,2,8
,2016_05462,39.750651,-104.991984,2/4/2016 11:15,11:15,12,0,0,19TH STREET & ARAPAHOE STREET,5,1,0,0,1,1,,0,30,0,0,0,0,0,4,2,13
,2016_05463,39.750651,-104.991984,5/7/2016 13:57,13:57,10,0,0,19TH STREET & ARAPAHOE STREET,2,1,0,1,1,1,,0,30,0,0,0,0,0,4,2,14
,2016_05464,39.754305,-104.9942745,2/26/2016 19:50,19:50,15,0,0,20TH STREET & BLAKE STREET,1,3,0,0,1,1,,0,30,0,0,0,0,0,4,2,1
,2016_05465,39.755988,-104.9868855,6/1/2016 17:37,17:37,3,0,0,24TH STREET & LAWRENCE STREET,1,1,0,7,1,1,,0,30,0,0,0,0,1,4,2,16
,2016_05466,39.760029,-104.9799825,10/10/2016 1:35,1:35,6,0,0,29TH STREET & ARAPAHOE STREET,1,3,0,0,1,4,,0,25,0,0,0,0,0,4,3,13
,2016_05467,39.759885,-104.97492,8/14/2016 11:21,11:21,15,0,0,31ST STREET & STOUT STREET NORTH,1,1,0,7,1,3,,0,25,0,0,0,0,0,4,2,16
,2016_05468,39.759885,-104.97492,11/23/2016 18:35,18:35,3,0,0,31ST STREET & STOUT STREET,1,3,0,0,1,1,,0,60,0,0,0,0,0,4,2,13
,2016_05469,39.73138636,-104.9986792,3/3/2016 10:30,10:30,3,0,0,SANTA FE DRIVE & 1400 BLOCK NORTH,1,1,1,0,1,2,,0,30,0,0,0,0,0,4,2,16
,2016_05470,39.79094944,-104.9851935,4/15/2016 12:00,12:00,6,0,0,SHERMAN STREET & ARCHER PLACE,1,1,0,0,1,4,,0,25,0,0,0,0,0,4,2,3
,2016_05471,39.73851768,-104.9969761,11/12/2016 9:05,9:05,12,0,0,SPEER BOULEVARD SOUTHBOUND & 1200 BLOCK,1,1,0,0,1,4,,0,30,0,0,0,0,0,4,2,7
,2016_05472,39.748446,-105.0033735,3/23/2016 15:13,15:13,1,0,0,SPEER BOULEVARD NORTH & AURARIA PARKWAY,4,1,0,2,1,1,,0,30,0,0,0,0,0,4,2,16
,2016_05473,39.742263,-104.9993505,8/2/2016 16:33,16:33,15,0,0,SPEER BOULEVARD NORTH & CHAMPA STREET,1,1,0,7,1,4,,0,35,0,0,0,0,0,4,2,16
,2016_05474,39.75003,-105.0049305,4/15/2016 22:09,22:09,12,0,0,SPEER BOULEVARD 1800 BLOCK NORTH & CHOPPER CIRCLE,2,3,1,1,1,4,,0,30,0,0,0,0,1,4,3,7
,2016_05475,39.718278,-104.973777,10/23/2016 12:04,12:04,15,0,0,SPEER BOULEVARD EAST & DOWNING STREET NORTH,1,1,0,7,1,4,,0,30,0,0,0,0,0,4,2,16
,2016_05476,39.745755,-105.000174,3/2/2016 16:59,16:59,15,0,0,SPEER BOULEVARD NORTH & LAWRENCE STREET,1,1,0,7,1,4,,0,25,0,0,0,0,0,4,2,16
,2016_05477,39.7199385,-104.8909343,5/12/2016 7:58,7:58,5,0,0,UINTA WAY NORTH & LOWRY BOULEVARD EAST,7,1,0,0,1,6,,0,20,0,0,0,1,1,4,1,14
,2016_05478,39.745755,-105.000174,6/20/2016 15:46,15:46,12,0,0,SPEER BOULEVARD & LAWRENCE STREET,1,1,0,7,1,1,,0,35,0,0,0,0,0,4,3,16
,2016_05479,39.741426,-104.9988915,10/18/2016 9:06,9:06,3,0,0,SPEER BOULEVARD NORTH & STOUT STREET,1,1,0,7,1,1,,0,35,0,0,0,0,0,4,2,14
,2016_05480,39.780513,-104.9581707,3/17/2016 18:03,18:03,15,0,0,STEAVENSON PLACE & 2400 BLOCK EAST,2,2,0,2,1,4,,0,25,0,0,0,0,0,4,2,13
,2016_05481,39.714651,-104.949972,8/12/2016 17:45,17:45,1,0,0,STEELE STREET SOUTH & BAYAUD AVENUE EAST,1,1,0,0,1,1,,0,30,0,0,0,0,0,4,2,13
,2016_05482,39.757068,-104.978574,7/27/2016 22:38,22:38,6,0,0,STOUT STREET & 28TH STREET,1,4,0,0,1,4,,0,30,0,0,0,0,1,4,4,5