id,drcog_id,latitude,longitude,crashtime,time,crashtype,numbkilled,numbinjurd,drcoglocat,rdconditin,lightngcon,roadcntgrd,weatherco,location,roaddescrp,schoolzone,constrzone,splimit,bikeinv,pedinv,sctrinv,motoinv,svrty,rdsystem,ttlvehcls,hcf
,2016_05483,39.75237,-104.984631,6/29/2016 16:45,16:45,15,0,1,STOUT STREET & PARK AVENUE WEST,1,1,0,0,1,3,,0,30,0,0,0,0,2,4,4,15
,2016_05484,39.75793483,-104.8989825,7/13/2016 13:21,13:21,5,0,0,SYRACUSE STREET & 1640 NORTH,1,1,0,0,2,4,,0,30,0,0,0,0,0,4,1,10
,2016_05486,39.653109,-104.898753,11/28/2016 7:13,7:13,12,0,0,TAMARAC DRIVE SOUTH & HAMPDEN AVENUE EAST,1,2,0,7,1,3,,0,65,0,0,0,0,0,4,3,3
,2016_05487,39.638664,-104.89266,5/23/2016 17:29,17:29,1,0,0,TAMARAC STREET SOUTH & QUINCY AVENUE EAST,1,1,0,7,1,1,,0,30,0,0,0,0,0,4,2,16
,2016_05489,39.741318,-104.9919615,6/18/2016 18:40,18:40,15,0,0,TREMONT PLACE & 14TH STREET,1,1,0,0,1,4,,0,25,0,0,0,0,0,4,2,7
,2016_05490,39.744072,-104.988285,12/9/2016 18:50,18:50,12,0,0,TREMONT PLACE & 17TH STREET,1,3,0,7,1,1,,0,25,0,0,0,0,0,4,2,14
,2016_05491,39.743775,-104.8963815,5/14/2016 10:27,10:27,5,0,0,TRENTON STREET NORTH & 17TH AVENUE EAST,1,1,0,7,3,4,,0,30,0,0,0,0,0,4,1,16
,2016_05492,39.715983,-104.959314,11/21/2016 9:43,9:43,12,0,1,UNIVERSITY BOULEVARD SOUTH & CHERRY CREEK NORTH DRIVE,1,1,0,7,1,3,,0,30,0,0,0,0,2,4,2,14
,2016_05493,39.678363,-104.959404,2/15/2016 12:15,12:15,12,0,0,UNIVERSITY BOULEVARD 2000 BLOCK SOUTH & EVANS AVENUE EAST,1,1,0,7,1,4,,0,30,0,0,0,0,0,4,2,1
,2016_05494,39.703851,-104.95935,4/21/2016 9:36,9:36,15,0,0,UNIVERSITY BOULEVARD 700 BLOCK SOUTH & EXPOSITION AVENUE,1,1,0,7,1,4,,0,30,0,0,0,0,0,4,2,16
,2016_05495,39.676608,-104.959386,5/13/2016 11:30,11:30,12,0,0,UNIVERSITY BOULEVARD SOUTH & WARREN AVENUE EAST,1,1,0,7,1,4,,0,30,0,0,0,0,0,4,2,16
,2016_05496,39.673008,-104.9593905,4/2/2016 11:30,11:30,1,0,0,UNIVERSITY BOULEVARD SOUTH & WESLEY AVENUE EAST,1,1,1,7,1,1,,0,30,0,0,0,0,0,4,2,3
,2016_05497,39.72028951,-105.0131703,6/8/2016 17:12,17:12,6,0,0,VALLEJO STREET & 3800 BLOCK NORTH,1,1,1,7,1,4,,0,25,0,0,0,0,0,4,2,16
,2016_05498,39.669399,-104.9593905,1/13/2016 7:41,7:41,3,0,0,VASSAR AVENUE EAST & UNIVERSITY BOULEVARD SOUTH,1,1,0,0,1,1,,0,25,0,0,0,0,0,4,2,1
,2016_05499,39.763872,-104.980194,5/15/2016 11:09,11:09,10,0,0,WALNUT STREET & 31ST STREET,1,1,0,0,1,2,,0,30,0,0,0,0,0,4,2,13
,2016_05500,39.764826,-104.9789835,4/13/2016 17:39,17:39,3,0,0,WALNUT STREET & 32ND STREET,1,1,0,7,1,1,,0,30,0,0,0,1,0,4,2,14
,2016_05501,39.676662,-105.0017625,1/7/2016 2:00,2:00,6,0,0,WARREN AVENUE WEST & LIPAN STREET SOUTH,1,3,0,7,1,4,,0,25,0,0,0,0,0,4,2,3
,2016_05502,39.676662,-105.048144,10/16/2016 17:25,17:25,10,0,0,WARREN AVENUE & WOLCOTT STREET SOUTH,1,1,0,0,1,1,,0,30,0,0,0,0,0,4,2,8
,2016_05503,39.727251,-104.9788035,10/31/2016 22:30,22:30,3,0,0,WASHINGTON STREET NORTH & SEVENTH AVENUE EAST,1,3,0,0,1,1,,0,30,0,0,0,0,0,4,2,13
,2016_05505,39.76610063,-105.0487703,8/31/2016 7:00,7:00,6,0,0,WOLFF STREET NORTH & 900 BLOCK,1,1,1,0,1,4,,0,25,0,0,0,0,0,4,3,7
,2016_05506,39.667464,-104.929416,5/10/2016 7:40,7:40,12,0,0,YALE AVENUE EAST & FAIRFAX STREET SOUTH,1,1,0,7,1,4,,0,30,0,0,0,0,0,4,3,14
,2016_05507,39.667635,-104.9653035,4/18/2016 3:00,3:00,5,0,0,YALE AVENUE EAST & HIGH STREET SOUTH,1,3,0,0,3,3,,0,30,0,0,0,0,0,4,1,5
,2016_05508,39.667563,-104.9523615,5/30/2016 4:00,4:00,5,0,0,YALE AVENUE & MILWAUKEE STREET SOUTH,1,4,0,1,3,4,,0,35,0,0,0,0,0,4,1,5
,2016_05509,39.78378,-104.774454,1/21/2016 17:15,17:15,12,0,0,YAMPA STREET NORTH & GREEN VALLEY RANCH BOULEVARD EAST,1,2,1,7,1,1,,0,30,0,0,0,0,1,4,2,16
,2016_05510,39.753027,-105.0510015,4/21/2016 17:00,17:00,6,0,0,YATES STREET NORTH & BYRON PLACE WEST,1,1,0,0,1,4,,0,35,0,0,0,0,0,4,2,14
,2016_05511,39.724758,-104.9594625,8/26/2016 12:42,12:42,6,0,0,YORK STREET 700 BLOCK SOUTH & UNIVERSITY BOULEVARD SOUTH,1,1,1,0,1,5,,0,,0,0,0,0,0,4,2,13
,2016_05512,39.78458426,-104.884983,12/23/2016 18:30,18:30,6,0,0,YOSEMITE STREET & 1965 NORTH,1,3,0,0,1,4,,0,30,0,0,0,0,0,4,2,13
,2016_05513,39.72393,-104.8839413,7/11/2016 16:45,16:45,3,0,0,YOSEMITE STREET NORTH & LOWRY BOULEVARD EAST,1,1,0,7,1,1,,0,35,0,0,0,0,0,4,2,16
,2016_05515,39.644739,-104.8851225,6/7/2016 8:02,8:02,12,0,0,YOSEMITE STREET 3800 BLOCK SOUTH & MANSFIELD AVENUE EAST,1,1,0,7,1,4,,0,35,0,0,0,0,1,4,2,12
,2016_05518,39.6432,-104.885154,11/22/2016 17:15,17:15,1,0,0,YOSEMITE STREET SOUTH & NASSAU AVENUE EAST,1,3,0,7,1,3,,0,35,0,0,0,0,0,4,2,14
,2016_05519,39.689523,-105.0156945,12/23/2016 9:10,9:10,3,0,0,ZUNI STREET SOUTH & FLORIDA AVENUE WEST,1,1,0,0,1,1,,0,30,0,0,0,0,0,4,2,3
,2016_05671,39.720105,-104.9775525,1/29/2016 1:29,1:29,5,0,0,SPEER BOULEVARD EAST & CLARKSON STREET NORTH,1,3,0,7,3,4,,0,35,0,0,0,0,0,4,1,16
,2016_05726,39.701606,-105.025067,6/6/2016 1:00,1:00,5,0,0,FEDERAL BOULEVARD & 845 SOUTH,1,1,0,0,3,4,,0,,0,0,0,0,0,2,1,13
,2016_05836,39.7923384,-104.8851279,12/4/2016 2:00,2:00,5,0,0,YOSEMITE WAY & 300 BLOCK,1,4,0,0,3,4,,0,30,0,0,0,0,0,4,1,13
,2016_05838,39.702942,-104.9129415,10/8/2016 10:48,10:48,3,0,2,LEETSDALE DRIVE 6500 BLOCK & MONACO STREET SOUTH,1,1,0,0,1,2,,0,35,0,0,0,0,2,2,2,13
,2016_05841,39.742506,-104.988681,9/2/2016 21:00,21:00,6,0,0,COURT PLACE & 16TH STREET,1,1,0,0,1,4,,0,,0,0,0,0,0,4,2,13
,2016_05913,39.718332,-104.966784,8/21/2016 3:20,3:20,5,0,0,FIRST AVENUE EAST & GILPIN STREET NORTH,1,3,0,0,2,3,,0,35,0,0,0,0,0,4,1,5
,2016_05957,39.796317,-104.846445,1/6/2016 19:40,19:40,6,0,0,55TH AVENUE & QUARI STREET NORTH,1,3,1,0,1,4,,0,25,0,0,0,0,0,4,2,13
,2016_05990,39.78995438,-104.9759505,7/29/2016 12:00,12:00,6,0,0,EMERSON STREET & 0 BLOCK SOUTH,1,1,0,0,1,4,,0,25,0,0,0,0,0,4,2,1
,2016_06127,39.768093,-104.9474745,8/19/2016 8:16,8:16,6,0,0,COOK STREET NORTH & 37TH AVENUE EAST,1,1,0,0,1,4,,0,25,0,0,0,0,0,4,3,5
,2016_06170,39.693114,-105.0185205,9/8/2016 20:40,20:40,6,0,0,BRYANT STREET SOUTH & LOUISIANA AVENUE WEST,1,3,0,0,1,4,,0,25,0,0,0,0,0,4,2,14
,2016_06231,39.695652,-104.9465205,11/13/2016 1:15,1:15,9,0,0,MADISON STREET SOUTH & 2000 BLOCK SOUTH,1,4,0,0,1,4,,0,20,0,0,0,0,0,4,1,14
,2016_06279,39.760128,-104.9850315,8/13/2016 8:31,8:31,6,0,0,27TH STREET & WALNUT STREET,1,1,0,0,1,4,,0,25,0,0,0,0,0,4,2,2
,2016_06289,39.78583826,-104.8301366,8/22/2016 19:39,19:39,6,0,0,CROWN BOULEVARD & 5100 BLOCK NORTH,1,3,1,0,1,4,,0,25,0,0,0,0,0,4,2,1
,2016_06293,39.771774,-104.903442,1/5/2016 12:33,12:33,10,0,0,SMITH ROAD & QUEBEC STREET NORTH,1,1,1,0,1,1,,0,30,0,0,0,0,0,4,2,13
,2016_06294,39.73671,-105.0463215,7/31/2016 19:01,19:01,5,0,0,13TH AVENUE WEST & VRAIN STREET NORTH,1,1,0,0,4,3,,0,25,0,0,0,0,0,4,1,13
,2016_06295,39.733623,-104.9941215,8/16/2016 12:21,12:21,10,0,0,11TH AVENUE WEST & SPEER BOULEVARD,1,1,0,0,1,1,,0,25,0,0,0,0,0,4,2,8
,2016_06296,39.756159,-104.88744,8/17/2016 8:08,8:08,3,0,0,XANTHIA STREET NORTH & 28TH AVENUE EAST,1,1,1,0,1,1,,0,25,0,0,0,0,1,4,2,7
,2016_06297,39.711366,-104.912964,8/17/2016 12:44,12:44,10,0,0,MONACO STREET SOUTH & ALEMEDA AVENUE EAST,1,1,0,0,1,1,,0,35,0,0,0,0,0,4,2,14
,2016_06298,39.678489,-104.9652315,8/17/2016 22:14,22:14,12,0,0,HIGH STREET SOUTH & EVANS AVENUE EAST,1,3,0,0,1,1,,0,35,0,0,0,0,1,4,2,1
,2016_06299,39.625317,-104.908914,1/26/2016 12:42,12:42,5,0,0,CHENANGO AVENUE 6750 BLOCK EAST & NIAGARA STREET SOUTH,5,1,1,7,3,2,,0,25,0,0,0,0,0,4,1,16
,2016_06300,39.729267,-104.913936,8/18/2016 16:57,16:57,3,0,0,EIGHTH AVENUE EAST & LOCUST STREET NORTH,1,1,0,0,1,1,,0,25,0,0,0,0,1,4,2,13
,2016_06301,39.750372,-104.9941305,8/19/2016 13:30,13:30,15,0,0,LAWRENCE STREET & 18TH STREET,1,1,1,0,1,1,,0,25,0,0,0,0,0,4,2,13
,2016_06302,39.708891,-104.9129505,8/21/2016 8:38,8:38,15,0,0,MONACO PARKWAY SOUTH & DAKOTA AVENUE EAST,1,1,0,0,1,1,,0,30,0,0,0,0,0,4,2,7
,2016_06303,39.700278,-104.9804235,8/23/2016 8:43,8:43,3,0,0,KENTUCKY AVENUE EAST & PEARL / PENNSYLVANIA STREET ALLEY,1,1,0,0,1,5,,0,25,0,0,0,0,0,4,2,13
,2016_06304,39.765726,-104.9948415,8/28/2016 20:47,20:47,15,0,0,PARK AVENUE WEST & GLOBEVILLE ROAD,1,3,0,0,1,4,,0,35,0,0,0,0,0,4,2,13
,2016_06305,39.778686,-104.912874,8/29/2016 9:22,9:22,3,0,0,STAPLETON NORTH DRIVE EAST & MONACO STREET NORTH,1,1,0,0,1,1,,0,30,0,0,0,0,1,4,2,13
,2016_06306,39.747429,-104.899896,8/29/2016 17:28,17:28,12,0,0,MONTVIEW BOULEVARD & ROSEMARY STREET NORTH,1,1,0,0,1,4,,0,30,0,0,0,0,0,4,2,3
,2016_06307,39.678435,-104.9127435,8/30/2016 16:00,16:00,12,0,0,MONACO STREET SOUTH & EVANS AVENUE EAST,1,1,0,0,1,3,,0,30,0,0,0,0,0,4,2,13
,2016_06308,39.735072,-104.9586525,8/31/2016 8:00,8:00,15,0,0,JOSEPHINE STREET & 12TH AVENUE EAST,1,1,0,0,1,4,,0,30,0,0,0,0,0,4,2,1
,2016_06309,39.72132,-105.032484,9/1/2016 17:55,17:55,12,0,0,THIRD AVENUE WEST & KNOX COURT,1,1,1,0,1,4,,0,35,0,0,0,0,0,4,3,3
,2016_06310,39.748023,-105.0006915,9/3/2016 0:26,0:26,10,0,0,14TH STREET & MARKET STREET,1,3,0,0,1,1,,0,30,0,0,0,0,0,4,2,8
,2016_06311,39.748932,-105.001254,9/5/2016 12:35,12:35,10,0,0,BLAKE STREET & 14TH STREET,1,1,0,0,1,1,,0,35,0,0,0,0,0,4,2,3
,2016_06312,39.678552,-104.9828715,9/7/2016 8:01,8:01,12,0,0,LOGAN STREET SOUTH & EVANS AVENUE EAST,1,1,0,0,1,4,,0,30,0,0,0,0,0,4,3,13
,2016_06313,39.714714,-104.982723,11/8/2016 18:10,18:10,6,0,0,LOGAN STREET & BAYAUD STREET,1,3,0,0,1,4,,0,30,0,0,0,0,0,4,2,5
,2016_06314,39.747447,-104.8916745,9/7/2016 8:09,8:09,1,0,0,MONTVIEW BOULEVARD EAST & VALENTIA STREET NORTH,1,1,0,0,1,4,,0,25,0,0,0,0,0,4,2,13
,2016_06315,39.711366,-104.912964,9/8/2016 14:30,14:30,12,0,0,ALAMEDA AVENUE EAST & MONACO STREET SOUTH,1,1,0,0,1,1,,0,35,0,0,0,0,1,4,2,1
,2016_06317,39.798297,-104.795532,9/9/2016 20:06,20:06,10,0,0,56TH AVENUE EAST & MEMPHIS STREET   NORTH,1,3,0,0,1,1,,0,35,0,0,0,0,0,4,2,7
,2016_06318,39.75849,-105.038154,9/10/2016 10:00,10:00,12,0,0,29TH AVENUE WEST & OSCEOLA STREET NORTH,1,1,0,0,1,3,,0,35,0,0,0,0,0,4,3,13
,2016_06319,39.720924,-104.9875065,12/3/2016 17:35,17:35,6,0,0,THIRD AVENUE WEST & BROADWAY STREET NORTH,1,3,0,0,1,4,,0,25,0,0,0,0,0,4,2,13
,2016_06320,39.721959,-104.9655218,9/13/2016 14:09,14:09,12,0,0,WILLIAMS / HIGH STREET ALLEY & 47TH AVENUE,1,1,0,0,1,5,,0,25,0,0,0,0,0,4,2,14
,2016_06321,39.760119,-104.9850315,9/16/2016 12:52,12:52,12,0,0,27TH STREET & WALNUT STREET / LARIMER STREET ALLEY,1,1,0,0,1,5,,0,25,0,0,0,0,0,4,2,13
,2016_06322,39.759624,-105.014466,10/15/2016 10:38,10:38,6,0,0,30TH AVENUE WEST & WYANDOT STREET NORTH,1,3,0,0,1,4,,0,30,0,0,0,0,0,4,2,13
,2016_06323,39.76011,-104.899023,9/17/2016 9:53,9:53,3,0,0,SYRACUSE STREET NORTH & MLK BOULEVARD,1,1,0,0,1,1,,0,35,0,0,0,0,0,4,2,13
,2016_06324,39.713094,-104.9129415,9/21/2016 13:45,13:45,12,0,0,MONACO STREET & CEDAR AVENUE EAST,1,1,0,0,1,3,,0,30,0,0,0,0,0,4,2,13
,2016_06325,39.741588,-104.9566905,4/25/2016 12:00,12:00,6,0,0,ESPLANADE PARKWAY NORTH & 16TH AVENUE EAST,1,1,0,0,1,4,,0,25,0,0,0,0,0,4,2,13
,2016_06326,39.774636,-104.7720825,9/22/2016 12:50,12:50,12,0,0,43RD AVENUE EAST & TOWER ROAD NORTH,1,1,0,0,1,1,,0,40,0,0,0,0,0,4,2,13
,2016_06327,39.78228152,-104.9655968,9/25/2016 22:20,22:20,6,0,0,WILLIAMS STREET OR HIGH STREET & 2942 NORTH APPROXIMATELY,1,4,0,0,1,4,,0,25,0,0,0,0,0,4,2,3
,2016_06328,39.769605,-104.8474125,9/26/2016 15:26,15:26,15,0,0,38TH AVENUE EAST & PEORIA STREET NORTH,1,1,1,0,1,4,,0,40,0,0,0,0,0,4,2,13
,2016_06329,39.73293,-105.0286635,9/30/2016 8:02,8:02,12,0,0,10TH AVENUE WEST & HOOKER STREET,1,1,0,0,1,3,,0,35,0,0,0,0,0,4,2,14
,2016_06330,39.707469,-104.973381,9/30/2016 16:05,16:05,12,0,0,DOWNING STREET SOUTH & VIRGINIA AVENUE EAST,1,1,0,0,1,4,,0,30,0,0,0,0,0,4,2,13
,2016_06331,39.798099,-104.8353975,9/30/2016 18:00,18:00,3,0,0,56TH AVENUE EAST & UVALDA STREET NORTH,1,1,0,0,1,1,,0,,0,0,0,0,0,4,2,13
,2016_06332,39.705714,-105.0192135,10/5/2016 18:32,18:32,12,0,0,CENTER AVENUE WEST & CANOSA COURT SOUTH,1,1,0,0,1,1,,0,25,0,0,0,0,0,4,2,3
,2016_06333,39.76434,-104.986584,10/7/2016 4:54,4:54,12,0,0,BROADWAY / BRIGHTON BOULEVARD & 29TH STREET,1,3,0,0,1,1,,0,,0,0,0,0,0,4,2,4
,2016_06334,39.718332,-104.9591025,10/14/2016 13:50,13:50,3,0,0,FIRST AVENUE EAST & JOSEPHINE STREET NORTH,1,1,0,0,1,1,,0,30,0,0,0,0,0,4,2,13
,2016_06335,39.769335,-105.0520635,10/14/2016 15:41,15:41,3,0,0,ZENOBIA STREET NORTH & 38TH AVENUE WEST,1,1,1,0,1,1,,0,25,0,0,0,0,1,4,2,13
,2016_06336,39.714732,-104.9863005,11/9/2016 13:32,13:32,3,0,0,LINCOLN STREET SOUTH & BAYAUD AVENUE EAST,1,1,0,0,1,1,,0,25,0,0,0,0,0,4,2,3
,2016_06337,39.72906,-104.978754,11/28/2016 9:30,9:30,3,0,0,EIGHTH AVENUE EAST & WASHINGTON STREET NORTH,1,1,0,0,1,1,,0,30,0,0,0,0,0,4,2,14
,2016_06338,39.771333,-104.9671845,12/30/2016 9:24,9:24,6,0,0,GILPIN STREET NORTH & 39TH AVENUE EAST,1,1,0,0,1,4,,0,25,0,0,0,0,0,4,2,5
,2016_06339,39.718359,-104.989176,5/31/2016 18:00,18:00,6,0,0,FIRST AVENUE WEST & ACOMA STREET NORTH,1,1,0,0,1,1,,0,25,0,0,0,0,0,4,2,13
,2016_06340,39.7188135,-104.875677,10/27/2016 7:46,7:46,12,0,0,FIRST AVENUE 9700 BLOCK EAST & DAYTON STREET NORTH,1,1,0,0,1,4,,0,30,0,0,0,0,1,4,2,14
,2016_06341,39.71781,-104.942565,6/13/2016 12:40,12:40,3,0,0,FIRST AVENUE EAST & JACKSON STREET NORTH,1,1,0,0,1,1,,0,25,0,0,0,0,0,4,2,3
,2016_06342,39.717909,-104.951223,2/19/2016 20:35,20:35,15,0,0,FIRST AVENUE EAST & STREET PAUL STREET NORTH,1,3,0,4,1,1,,0,35,0,0,0,0,0,4,2,1
,2016_06343,39.717909,-104.951223,3/22/2016 12:24,12:24,1,0,0,FIRST AVENUE EAST & STREET PAUL STREET NORTH,1,1,0,0,1,1,,0,30,0,0,0,0,0,4,2,7
,2016_06344,39.7180777,-105.0264068,11/8/2016 7:52,7:52,12,0,0,FIRST AVENUE 3100 BLOCK EAST & STREET PAUL STREET,1,1,0,0,1,3,,0,30,0,0,0,0,0,4,2,1
,2016_06345,39.718179,-104.959314,11/30/2016 16:50,16:50,12,0,0,FIRST AVENUE 2200 BLOCK EAST & UNIVERSITY BOULEVARD NORTH,1,3,0,7,1,1,,0,35,0,0,0,0,0,4,2,16
,2016_06346,39.74001,-104.99202,5/19/2016 17:30,17:30,6,0,1,THIRD AVENUE & 3500 BLOCK EAST,1,1,0,0,1,4,,0,25,0,0,0,0,2,4,2,12
,2016_06347,39.72006603,-104.9713693,3/4/2016 12:14,12:14,6,0,0,THIRD AVENUE & 7185,1,1,0,0,1,4,,0,25,0,0,0,0,0,4,2,13
,2016_06348,39.720915,-104.98626,6/5/2016 12:27,12:27,3,0,0,THIRD AVENUE EAST & LINCOLN STREET NORTH,1,1,0,7,1,1,,0,25,0,0,0,0,0,4,2,3
,2016_06349,39.720987,-104.9594445,7/5/2016 9:35,9:35,3,0,0,THIRD AVENUE EAST & UNIVERSITY BOULEVARD NORTH,1,1,0,7,1,1,,0,25,0,0,0,0,0,4,2,1
,2016_06350,39.724119,-104.990832,2/29/2016 20:28,20:28,6,0,0,FIFTH AVENUE WEST & BANNOCK STREET NORTH,1,3,0,0,1,4,,0,25,0,0,0,0,0,4,2,5
,2016_06351,39.72411,-104.9985945,11/11/2016 22:07,22:07,3,0,0,FIFTH AVENUE WEST & SANTA FE DRIVE NORTH,1,3,0,7,1,1,,0,25,0,0,0,0,0,4,2,7
,2016_06352,39.725631,-104.9874435,1/26/2016 20:52,20:52,3,0,0,SIXTH AVENUE WEST & BROADWAY STREET,1,3,0,7,1,1,,0,30,0,0,0,0,0,4,2,16
,2016_06353,39.725631,-104.9874435,4/15/2016 13:45,13:45,15,0,0,SIXTH AVENUE EAST & BROADWAY STREET NORTH,1,1,0,7,1,3,,0,,0,0,0,0,0,4,2,16
,2016_06354,39.725631,-104.9874435,7/16/2016 11:50,11:50,15,0,0,SIXTH AVENUE EAST & BROADWAY STREET NORTH,1,1,0,0,1,1,,0,30,0,0,0,0,0,4,2,13
,2016_06355,39.725622,-104.983605,1/9/2016 21:08,21:08,3,0,0,SIXTH AVENUE EAST & GRANT STREET NORTH,2,3,0,0,1,1,,0,30,0,0,0,0,0,4,2,3
,2016_06356,39.72627,-105.0002055,3/9/2016 8:59,8:59,15,0,0,SIXTH AVENUE 1000 BLOCK WEST & KALAMATH STREET NORTH,1,1,0,0,1,3,,0,40,0,0,0,0,0,4,2,1
,2016_06357,39.725622,-104.978754,5/26/2016 16:36,16:36,15,0,0,SIXTH AVENUE 600 BLOCK EAST & WASHINGTON STREET NORTH,2,1,0,1,1,4,,0,35,0,0,0,0,0,4,2,16
,2016_06358,39.725604,-104.9602005,6/3/2016 9:04,9:04,12,0,0,SIXTH AVENUE EAST & YORK STREET NORTH,1,1,0,7,1,3,,0,30,0,0,0,0,0,4,2,16
,2016_06359,39.729132,-104.9484015,7/31/2016 0:52,0:52,6,0,0,EIGHTH AVENUE EAST & ADAMS STREET NORTH,1,4,0,0,1,4,,0,25,0,0,0,0,0,4,3,5
,2016_06360,39.728898,-104.997582,11/4/2016 18:40,18:40,12,0,0,EIGHTH AVENUE 700 BLOCK WEST & INCA STREET NORTH,1,3,0,0,1,4,,0,30,0,0,0,0,0,4,2,13
,2016_06361,39.743775,-104.8928535,2/1/2016 20:10,20:10,3,0,0,17TH AVENUE EAST & UINITA STREET NORTH,5,3,0,2,1,1,,0,25,0,0,0,0,0,4,2,14
,2016_06362,39.729114,-104.959071,7/9/2016 8:32,8:32,3,0,0,EIGHTH AVENUE EAST & JOSEPHINE STREET NORTH,1,1,0,7,1,1,,0,30,0,0,0,0,0,4,2,16
,2016_06363,39.728934,-105.0028425,10/28/2016 7:59,7:59,3,0,0,EIGHTH AVENUE WEST & MARIPOSA STREET,1,1,0,7,1,1,,0,35,0,0,0,0,1,4,2,14
,2016_06364,39.72906,-104.978754,12/21/2016 8:33,8:33,3,0,0,EIGHTH AVENUE EAST & WASHINGTON STREET NORTH,1,1,0,7,1,1,,0,30,0,0,0,0,0,4,2,7
,2016_06365,39.729312,-105.015933,4/21/2016 14:10,14:10,3,0,0,EIGHTH AVENUE WEST & ZUNI STREET NORTH,1,1,0,0,1,1,,0,35,0,0,0,0,0,4,2,13
,2016_06366,39.74001,-104.99202,7/12/2016 11:50,11:50,12,0,1,11TH AVENUE & 500 BLOCK WEST,1,1,0,0,1,3,,0,30,0,0,0,0,2,4,3,13
,2016_06367,39.732885,-104.9046525,7/5/2016 8:40,8:40,12,0,0,11TH AVENUE 7200 BLOCK EAST & POPLAR STREET NORTH,1,1,0,7,1,4,,0,20,0,0,0,0,0,4,2,16
,2016_06368,39.733623,-104.9941215,11/29/2016 18:16,18:16,6,0,0,11TH AVENUE WEST & SPEER BOULEVARD NORTH,3,3,1,0,1,1,,0,10,0,0,0,0,0,4,2,1
,2016_06369,39.733443,-104.959845,7/11/2016 11:00,11:00,3,0,0,11TH AVENUE EAST & YORK STREET NORTH,1,1,0,0,1,1,,0,30,0,0,0,0,0,4,2,13
,2016_06370,39.735612,-104.889393,4/15/2016 16:14,16:14,3,0,0,12TH AVENUE EAST & WABASH STREET NORTH,1,1,0,7,1,1,,0,30,0,0,0,0,0,4,2,14
,2016_06371,39.735603,-104.8870215,1/3/2016 0:57,0:57,3,0,0,12TH AVENUE EAST & XANTHIA STREET NORTH,1,3,0,0,1,1,,0,30,0,0,0,0,0,4,2,13
,2016_06372,39.7367505,-105.0526418,12/21/2016 16:06,16:06,14,0,0,13TH AVENUE WEST & 2400 BLOCK,1,4,1,0,1,4,,0,35,0,0,0,0,0,4,2,13
,2016_06373,39.74001,-104.99202,11/30/2016 15:11,15:11,6,0,0,13TH AVENUE & 4700 BLOCK WEST,1,1,1,0,1,5,,0,,0,0,0,0,0,4,2,13
,2016_06374,39.736863,-104.982336,1/18/2016 14:11,14:11,3,0,1,13TH AVENUE EAST & LOGAN STREET NORTH,1,1,0,7,1,1,,0,30,0,0,0,0,2,4,2,16
,2016_06375,39.736836,-104.912811,12/1/2016 12:43,12:43,12,0,0,13TH AVENUE EAST & MONACO STREET NORTH,1,1,0,0,1,4,,0,30,0,0,0,0,0,4,2,3
,2016_06376,39.736782,-104.950575,6/5/2016 14:11,14:11,3,0,0,13TH AVENUE EAST & STREET PAUL STREET NORTH,1,1,0,7,1,1,,0,25,0,0,0,0,0,4,2,16
,2016_06377,39.73842,-104.987394,8/21/2016 18:00,18:00,6,0,0,14TH AVENUE & 14TH AVENUE 2700 BLOCK EAST,1,1,0,0,1,4,,0,30,0,0,0,0,0,4,4,13
,2016_06378,39.73842,-104.977674,6/24/2016 9:59,9:59,3,0,0,14TH AVENUE EAST & CLARKSON STREET NORTH,1,1,0,7,1,1,,0,30,0,0,0,0,1,4,2,16
,2016_06379,39.738447,-104.9941125,4/29/2016 9:09,9:09,12,0,0,14TH AVENUE 500 BLOCK WEST & ELATI STREET NORTH,2,1,0,1,1,4,,0,35,0,0,0,0,0,4,2,14
,2016_06380,39.73833,-104.9439825,6/30/2016 15:48,15:48,15,0,0,14TH AVENUE EAST & GARFIELD STREET NORTH,1,1,0,0,1,1,,0,30,0,0,0,0,0,4,2,13
,2016_06381,39.738384,-104.9672115,6/2/2016 8:30,8:30,15,0,0,14TH AVENUE EAST & GILPIN STREET,1,1,0,0,1,4,,0,30,0,0,0,0,0,4,2,13
,2016_06382,39.738465,-105.035814,3/17/2016 22:25,22:25,6,0,0,14TH AVENUE 3700 BLOCK WEST & MEADE STREET NORTH,2,3,0,2,1,4,,0,25,0,0,0,0,0,4,4,5
,2016_06383,39.741957,-104.886981,3/16/2016 19:26,19:26,6,0,0,16TH AVENUE EAST & XANTHIA STREET NORTH,1,3,1,0,1,4,,0,25,0,0,0,0,0,4,2,2
,2016_06384,39.74001,-104.99202,7/9/2016 2:37,2:37,6,0,0,17TH AVENUE & 3400 BLOCK WEST,1,3,0,0,1,4,,0,35,0,0,0,0,0,4,2,14
,2016_06385,39.74001,-104.99202,11/5/2016 17:50,17:50,12,0,0,17TH AVENUE & 7300 BLOCK EAST,1,2,0,0,1,4,,0,30,0,0,0,0,0,4,2,4
,2016_06386,39.743784,-104.948847,12/1/2016 7:15,7:15,12,0,0,17TH AVENUE EAST & ADAMS STREET,1,1,0,7,1,3,,0,30,0,0,0,0,0,4,2,16
,2016_06387,39.743262,-104.9775525,9/26/2016 19:05,19:05,10,0,0,17TH AVENUE EAST & CLARKSON STREET NORTH,1,3,0,0,1,1,,0,30,0,0,0,0,0,4,2,13