id,drcog_id,latitude,longitude,crashtime,time,crashtype,numbkilled,numbinjurd,drcoglocat,rdconditin,lightngcon,roadcntgrd,weatherco,location,roaddescrp,schoolzone,constrzone,splimit,bikeinv,pedinv,sctrinv,motoinv,svrty,rdsystem,ttlvehcls,hcf
,2016_06388,39.743235,-104.967225,7/13/2016 14:26,14:26,3,0,0,17TH AVENUE EAST & GILPIN STREET NORTH,1,1,0,7,1,1,,0,25,0,0,0,0,0,4,2,16
,2016_06389,39.743748,-104.941881,4/12/2016 15:21,15:21,3,0,0,17TH AVENUE EAST & HARRISON STREET NORTH,1,1,0,7,1,1,,0,30,0,0,0,0,0,4,2,14
,2016_06390,39.744828,-104.969655,8/7/2016 15:00,15:00,12,0,0,18TH AVENUE EAST & HUMBOLDT STREET NORTH,1,1,0,0,1,1,,0,30,0,0,0,0,0,4,2,3
,2016_06391,39.744774,-104.9598225,7/2/2016 11:16,11:16,3,0,0,18TH AVENUE & YORK STREET NORTH,1,1,0,0,1,2,,0,35,0,0,0,0,0,4,3,7
,2016_06392,39.78616438,-104.8362782,5/17/2016 8:10,8:10,5,0,0,ANDREWS DRIVE & 14501 EAST,1,1,1,1,3,4,,0,25,0,0,0,0,0,4,1,1
,2016_06393,39.7510065,-104.8982423,5/4/2016 9:50,9:50,3,0,0,23RD AVENUE & 3500 BLOCK EAST,1,1,0,0,1,2,,0,5,0,0,0,0,0,4,2,13
,2016_06394,39.750732,-104.976963,2/15/2016 17:17,17:17,3,0,0,23RD AVENUE EAST & CLARKSON STREET NORTH,1,1,0,7,1,1,,0,25,0,0,0,0,0,4,2,14
,2016_06395,39.754845,-105.0520725,5/31/2016 19:05,19:05,3,0,0,26TH AVENUE WEST & ZENOBIA STREET NORTH,1,1,0,7,1,3,,0,25,0,0,0,0,0,4,2,16
,2016_06396,39.74001,-104.99202,2/8/2016 18:55,18:55,6,0,0,29TH AVENUE & 7400 BLOCK EAST,1,3,0,0,1,1,,0,25,0,0,0,0,0,4,2,13
,2016_06397,39.760749,-104.959782,11/22/2016 8:44,8:44,3,0,0,31ST AVENUE EAST & YORK STREET NORTH,2,1,0,1,1,1,,0,35,0,0,0,0,0,4,2,16
,2016_06398,39.74001,-104.99202,6/1/2016 19:45,19:45,14,0,0,32ND AVENUE & 3300 BLOCK WEST,1,1,0,0,1,4,,0,30,0,0,0,0,0,4,2,13
,2016_06399,39.763827,-104.9140575,3/19/2016 7:17,7:17,5,0,0,33RD AVENUE 6400 BLOCK EAST & LOCUST STREET NORTH,1,1,0,0,3,4,,0,25,0,0,0,0,0,4,1,2
,2016_06400,39.765618,-105.0299145,2/3/2016 8:26,8:26,12,0,0,35TH AVENUE & IRVING STREET NORTH,5,1,0,2,1,4,,0,25,0,0,0,0,0,4,2,14
,2016_06401,39.765096,-104.8944915,11/17/2016 19:10,19:10,3,0,0,35TH AVENUE EAST & ULSTER STREET NORTH,4,3,0,2,1,1,,0,25,0,0,0,0,0,4,2,16
,2016_06402,39.766455,-105.0322905,1/8/2016 8:27,8:27,3,0,0,36TH AVENUE WEST & JULIAN STREET NORTH,5,1,0,2,1,1,,0,30,0,0,0,0,1,4,2,14
,2016_06403,39.768048,-104.999373,5/10/2016 15:54,15:54,3,0,0,37TH AVENUE WEST & JASON STREET NORTH,2,1,0,7,1,1,,0,25,0,0,0,0,0,4,2,16
,2016_06404,39.767256,-104.8375935,11/17/2016 10:25,10:25,12,0,0,37TH AVENUE 12825 EAST & TROY STREET,1,1,0,7,1,2,,0,30,0,0,0,0,0,4,2,1
,2016_06405,39.74001,-104.99202,11/4/2016 9:33,9:33,12,0,0,38TH AVENUE & 2400 BLOCK WEST,1,1,1,0,1,3,,0,35,0,0,0,0,1,4,2,13
,2016_06406,39.769173,-104.942853,11/15/2016 21:40,21:40,6,0,0,38TH AVENUE EAST & JACKSON STREET NORTH,1,3,0,0,1,4,,0,25,0,0,0,0,0,4,3,5
,2016_06407,39.769272,-105.0080355,5/17/2016 8:40,8:40,12,0,0,38TH AVENUE WEST & QUIVAS STREET NORTH,2,1,0,1,1,1,,0,35,0,0,0,0,1,4,2,14
,2016_06408,39.769416,-105.042852,12/18/2016 16:03,16:03,9,0,0,38TH AVENUE WEST & STUART STREET NORTH,10,1,1,2,1,1,,0,30,0,0,0,0,0,4,2,13
,2016_06409,39.769407,-105.04629,1/27/2016 11:10,11:10,1,0,0,38TH AVENUE WEST & VRAIN STREET NORTH,1,5,0,1,1,1,,0,35,0,0,0,0,1,4,2,14
,2016_06410,39.769389,-105.0488235,7/19/2016 7:45,7:45,12,0,0,38TH AVENUE 4800 BLOCK WEST & WOLFF STREET NORTH,1,1,0,7,1,3,,0,35,0,0,0,0,0,4,2,3
,2016_06411,39.771063,-104.8470435,4/22/2016 13:40,13:40,10,0,0,39TH AVENUE EAST & PEORIA STREET NORTH,1,1,0,0,1,3,,0,35,0,0,0,0,0,4,2,7
,2016_06412,39.770937,-105.041682,2/21/2016 21:14,21:14,6,0,0,39TH AVENUE WEST & RALEIGH STREET NORTH,1,3,0,0,1,4,,0,25,0,0,0,0,0,4,2,13
,2016_06413,39.772872,-104.7960135,3/13/2016 13:20,13:20,1,0,0,40TH AVENUE EAST & AIRPORT WAY NORTH,1,1,0,7,1,3,,0,35,0,0,0,0,1,4,2,16
,2016_06414,39.772953,-105.0474645,11/19/2016 4:30,4:30,6,0,0,41ST AVENUE WEST & WINONA COURT NORTH,5,3,0,0,3,4,,0,25,0,0,0,0,0,4,3,13
,2016_06415,39.778335,-104.9982255,12/21/2016 10:45,10:45,6,0,0,45TH AVENUE WEST & INCA STREET NORTH,5,1,0,2,1,3,,0,35,0,0,0,0,0,4,2,14
,2016_06416,39.778686,-104.8589955,10/31/2016 6:00,6:00,12,0,0,45TH AVENUE 11200 BLOCK EAST & KINGSTON STREET NORTH,1,3,0,7,1,4,,0,60,0,0,0,0,0,4,2,16
,2016_06417,39.777993,-104.7720735,10/15/2016 15:31,15:31,12,0,0,45TH AVENUE EAST & TOWER ROAD NORTH,1,1,0,7,1,1,,0,45,0,0,0,0,0,4,2,14
,2016_06418,39.74001,-104.99202,3/25/2016 7:57,7:57,5,0,0,EVANS AVENUE 2500 BLOCK EAST & ELIZABETH STREET SOUTH,1,1,0,0,3,4,,0,35,0,0,0,0,0,4,1,12
,2016_06419,39.778335,-104.9793615,6/1/2016 11:07,11:07,3,0,0,45TH AVENUE EAST & WASHINGTON STREET NORTH,1,1,0,0,1,1,,1,35,0,0,0,0,1,4,2,14
,2016_06420,39.781935,-104.987601,7/7/2016 16:45,16:45,3,0,0,47TH AVENUE EAST & BROADWAY STREET NORTH,1,1,0,0,1,3,,0,30,0,0,0,0,0,4,2,13
,2016_06421,39.78252,-104.872095,1/20/2016 8:05,8:05,3,0,0,47TH AVENUE EAST & FLORENCE STREET NORTH,1,1,0,7,1,1,,0,40,0,0,0,0,1,4,2,16
,2016_06422,39.74499759,-104.9993572,8/6/2016 3:13,3:13,6,0,0,ARAPAHOE STREET & 2300 BLOCK,1,3,0,0,1,4,,0,30,0,0,0,0,0,4,2,13
,2016_06423,39.782277,-104.863284,10/24/2016 16:40,16:40,3,0,0,47TH AVENUE EAST & IRONTON STREET NORTH,1,1,0,7,1,1,,0,30,0,0,0,0,0,4,2,16
,2016_06424,39.782394,-104.848956,11/14/2016 15:03,15:03,1,0,0,47TH AVENUE EAST & PARIS STREET NORTH,1,1,0,0,1,3,,0,35,0,0,0,0,1,4,2,14
,2016_06425,39.781953,-104.9592915,11/16/2016 19:21,19:21,3,0,0,47TH AVENUE EAST & YORK STREET NORTH,1,3,0,7,1,1,,0,30,0,0,0,0,0,4,2,16
,2016_06426,39.714732,-104.9863005,3/13/2016 1:44,1:44,6,0,0,BAYAUD AVENUE EAST & LINCOLN STS,1,3,0,0,1,4,,0,25,0,0,0,0,0,4,2,2
,2016_06427,39.789279,-104.8471785,10/14/2016 12:00,12:00,3,0,0,51ST AVENUE EAST & PEORIA STREET NORTH,1,1,0,0,1,1,,0,25,0,0,0,0,0,4,2,10
,2016_06428,39.798297,-104.88447,10/23/2016 0:07,0:07,3,0,0,56TH AVENUE EAST & CENTRAL PARK BOULEVARD NORTH,1,3,0,0,1,1,,0,45,0,0,0,0,1,4,2,13
,2016_06429,39.798306,-104.809743,12/25/2016 13:10,13:10,12,0,0,56TH AVENUE 15200 BLOCK EAST & CHAMBERS ROAD NORTH,1,1,0,7,1,4,,0,35,0,0,0,0,0,4,2,16
,2016_06430,39.798315,-104.8754655,7/22/2016 11:05,11:05,1,0,0,56TH AVENUE EAST & DALLAS STREET NORTH,1,1,0,7,1,1,,0,45,0,0,0,0,0,4,2,16
,2016_06431,39.831858,-104.6929545,5/11/2016 6:35,6:35,3,0,0,75TH AVENUE EAST & JACKSON GAP STREET NORTH,1,1,0,0,6,1,,0,45,0,0,0,0,1,4,2,5
,2016_06432,39.717819,-104.9485815,4/28/2016 18:33,18:33,6,0,0,ADAMS STREET & FIRST AVENUE EAST,1,1,0,0,1,4,,0,,0,0,0,0,0,4,2,13
,2016_06433,39.711114,-104.9679378,2/15/2016 8:00,8:00,3,0,0,ALAMEDA AVENUE EAST & 1200 BLOCK EAST,1,1,1,0,1,2,,0,5,0,0,0,0,0,4,2,14
,2016_06434,39.745863,-105.002613,1/15/2016 1:39,1:39,5,0,0,LARIMER STREET & 12TH STREET,1,3,0,0,4,1,,1,25,0,0,0,0,0,4,1,5
,2016_06435,39.711159,-104.9900175,10/25/2016 11:53,11:53,3,0,0,ALAMEDA AVENUE WEST & BANNOCK STREET SOUTH,1,1,0,7,1,1,,0,30,0,0,0,0,1,4,2,16
,2016_06436,39.711168,-104.99238,2/25/2016 22:15,22:15,12,0,0,ALAMEDA AVENUE WEST & CHEROKEE STREET SOUTH,1,3,0,7,1,1,,0,35,0,0,0,0,0,4,2,5
,2016_06437,39.711105,-104.97339,4/30/2016 8:15,8:15,10,0,0,ALAMEDA AVENUE EAST & DOWNING STREET SOUTH,2,1,0,1,1,2,,0,30,0,0,0,0,0,4,2,13
,2016_06438,39.710151,-104.870754,8/15/2016 15:53,15:53,12,0,0,ALAMEDA AVENUE EAST & GALENA WAY SOUTH,1,1,0,7,1,4,,0,40,0,0,0,0,0,4,2,16
,2016_06439,39.7116,-104.9413635,10/21/2016 13:54,13:54,6,0,0,ALAMEDA AVENUE EAST & HARRISON STREET SOUTH,1,1,0,0,1,2,,0,25,0,0,0,0,0,4,2,13
,2016_06440,39.711114,-104.965173,11/18/2016 7:20,7:20,14,0,1,ALAMEDA AVENUE 1800 BLOCK EAST & HIGH STREET SOUTH,2,1,1,0,1,4,,0,30,0,0,0,0,2,4,2,2
,2016_06441,39.832983,-104.68116,9/8/2016 8:15,8:15,5,0,0,75TH AVENUE & OAK HILL STREET,1,1,0,0,3,4,,0,35,0,0,0,0,0,4,1,13
,2016_06442,39.711204,-104.9222835,10/13/2016 10:42,10:42,3,0,0,ALAMEDA EAST & HOLLY STREET SOUTH,1,1,0,0,1,1,,0,30,0,0,0,0,0,4,2,13
,2016_06443,39.711438,-104.942565,1/6/2016 19:00,19:00,12,0,0,ALAMEDA AVENUE EAST & JACKSON STREET SOUTH,2,3,0,0,1,1,,0,30,0,0,0,0,1,4,2,14
,2016_06444,39.711141,-104.9863905,2/29/2016 13:35,13:35,15,0,0,ALAMEDA AVENUE EAST & LINCOLN STREET SOUTH,1,1,0,0,1,3,,0,30,0,0,0,0,0,4,1,13
,2016_06445,39.711114,-104.9605605,6/15/2016 17:49,17:49,3,0,0,ALAMEDA AVENUE EAST & YORK STREET SOUTH,1,1,1,0,1,3,,0,25,0,0,0,0,0,4,2,14
,2016_06446,39.685662,-104.9394825,4/1/2016 18:55,18:55,3,0,0,ALBION STREET SOUTH & MEXICO AVENUE EAST,1,2,0,0,1,1,,0,30,0,0,0,0,0,4,2,13
,2016_06447,39.783357,-104.8466025,3/3/2016 12:25,12:25,12,0,0,ALBROOK DRIVE 12300 BLOCK EAST & PEORIA STREET,1,1,0,0,1,4,,0,35,0,0,0,0,0,4,2,13
,2016_06448,39.783357,-104.8466025,4/24/2016 19:56,19:56,12,0,0,ALBROOK DRIVE EAST & PEORIA T NORTH,1,2,0,7,1,1,,0,35,0,0,0,0,0,4,2,16
,2016_06449,39.785814,-104.8449015,3/2/2016 9:30,9:30,3,0,0,ANDREWS DRIVE EAST & QUENTIN STREET NORTH,1,1,0,0,1,1,,0,15,0,0,0,0,0,4,2,13
,2016_06450,39.750651,-104.991984,7/23/2016 8:30,8:30,15,0,0,ARAPAHOE STREET & 19TH STREET,1,1,0,7,1,1,,0,30,0,0,0,0,0,4,2,2
,2016_06451,39.691134,-104.9734215,6/4/2016 12:09,12:09,3,0,0,ARKANSAS AVENUE EAST & DOWNING STREET SOUTH,1,1,1,7,1,1,,0,25,0,0,0,0,0,4,2,16
,2016_06452,39.745206,-105.0095835,2/2/2016 19:21,19:21,12,0,0,AURARIA PARKWAY & SEVENTH STREET,4,3,0,7,1,1,,0,35,0,0,0,0,0,4,2,16
,2016_06453,39.746547,-105.0076035,2/2/2016 18:54,18:54,12,0,0,AURARIA PARKWAY & NINTH STREET,2,3,0,0,1,4,,0,35,0,0,0,0,0,4,2,1
,2016_06454,39.73851,-104.9901851,2/12/2016 17:20,17:20,12,0,0,BANNOCK STREET 1400 BLOCK NORTH & 14TH AVENUE WEST,1,1,0,7,1,3,,0,30,0,0,0,0,0,4,2,3
,2016_06455,39.714768,-104.912892,6/20/2016 16:00,16:00,3,0,0,BAYAUD AVENUE EAST & MONACO STREET SOUTH,1,1,0,0,1,1,,0,25,0,0,0,0,0,4,2,13
,2016_06456,39.624218,-104.8898951,1/28/2016 12:10,12:10,15,0,0,BELLEVIEW AVENUE EAST & 8400 EAST,1,1,0,0,1,1,,0,35,0,0,0,0,0,4,2,9
,2016_06457,39.75130672,-104.9981625,6/14/2016 16:09,16:09,15,0,0,BLAKE STREET & 1600 BLOCK,1,1,0,0,1,4,,0,30,0,0,0,0,0,4,2,13
,2016_06458,39.785544,-104.8239405,3/7/2016 15:31,15:31,10,0,0,BOLLING DRIVE 14300 BLOCK EAST & CRYSTAL WAY NORTH,1,1,1,0,1,4,,0,25,0,0,0,0,1,4,2,13
,2016_06459,39.77312829,-104.9892215,11/2/2016 11:00,11:00,12,0,0,BROADWAY & 1700 BLOCK NORTH,1,1,0,0,1,4,,0,,0,0,0,0,0,4,2,13
,2016_06460,39.737142,-104.98689,1/1/2016 2:24,2:24,12,0,0,BROADWAY STREET 1300 BLOCK NORTH & 13TH AVENUE EAST,5,3,0,7,1,4,,0,30,0,0,0,0,0,4,3,2
,2016_06462,39.73842,-104.987394,4/30/2016 22:25,22:25,12,0,0,BROADWAY & 14TH AVENUE EAST,2,3,0,1,1,4,,0,35,0,0,0,0,0,4,2,3
,2016_06463,39.73842,-104.987394,7/3/2016 14:40,14:40,15,0,0,BROADWAY STREET NORTH & 14TH AVENUE EAST,1,1,0,0,1,1,,0,30,0,0,0,0,0,4,2,13
,2016_06464,39.743577,-104.9869215,1/25/2016 7:55,7:55,15,0,0,BROADWAY STREET 1700 BLOCK & 18TH AVENUE EAST,1,1,0,0,1,3,,0,30,0,0,0,0,0,4,2,7
,2016_06465,39.694788,-104.9874615,7/15/2016 19:28,19:28,1,0,0,BROADWAY SOUTH & ARIZONA AVENUE EAST,1,1,0,7,1,1,,0,35,0,0,0,0,0,4,2,16
,2016_06466,39.712995,-104.987574,6/15/2016 16:45,16:45,15,0,0,BROADWAY SOUTH & CEDAR AVENUE WEST,1,1,1,0,1,4,,0,30,0,0,0,0,0,4,2,13
,2016_06467,39.716559,-104.9875155,7/4/2016 15:50,15:50,15,0,0,BROADWAY & ELLSWORTH AVENUE EAST,1,1,0,0,1,4,,0,30,0,0,0,0,0,4,2,3
,2016_06469,39.678498,-104.987565,6/4/2016 18:53,18:53,12,0,0,BROADWAY SOUTH & EVANS AVENUE EAST,1,1,0,7,1,4,,0,30,0,0,0,0,1,4,3,3
,2016_06470,39.75453,-104.987421,8/3/2016 9:00,9:00,1,0,0,BROADWAY NORTH & PARK AVENUE WEST,1,1,0,7,1,1,,0,30,0,0,0,0,0,4,2,16
,2016_06471,39.745044,-104.987394,2/7/2016 5:56,5:56,5,0,0,BROADWAY & 18TH STREET,5,3,0,0,2,4,,0,30,0,0,0,0,1,4,1,2
,2016_06472,39.726594,-104.987412,8/2/2016 15:19,15:19,3,0,1,BROADWAY NORTH & SPEER BOULEVARD EAST,1,1,0,0,1,1,,0,30,0,0,0,0,2,4,2,8
,2016_06473,39.698559,-104.987484,12/22/2016 12:10,12:10,12,0,0,BROADWAY SOUTH & TENNESSEE AVENUE EAST,1,5,1,0,1,1,,0,30,0,0,0,0,0,4,2,13
,2016_06474,39.680541,-105.018012,4/4/2016 14:20,14:20,10,0,0,BRYANT STREET SOUTH & ASHBURY AVENUE WEST,1,1,0,0,1,2,,0,30,0,0,0,0,0,4,2,2
,2016_06475,39.713085,-104.9222655,10/25/2016 14:45,14:45,3,0,0,CEDAR AVENUE EAST & HOLLY STREET SOUTH,1,1,0,7,1,1,,0,25,0,0,0,0,0,4,2,16
,2016_06476,39.79026,-104.8097835,9/4/2016 13:04,13:04,12,0,0,CHAMBERS ROAD NORTH & 53RD AVENUE EAST,1,1,0,0,1,1,,0,40,0,0,0,0,0,4,2,13
,2016_06477,39.7432688,-104.9981263,10/15/2016 12:30,12:30,12,0,0,CHAMPA STREET & 2200 BLOCK,1,1,0,0,1,3,,0,30,0,0,0,0,0,4,2,1
,2016_06478,39.746529,-104.9936625,12/10/2016 19:00,19:00,15,0,0,CHAMPA STREET 1600 BLOCK & 17TH STREET,1,3,0,7,1,4,,0,30,0,0,0,0,0,4,2,16
,2016_06479,39.696894,-104.9239035,12/5/2016 12:38,12:38,3,0,0,CHERRY CREEK DRIVE SOUTH & MISSISSIPPI AVENUE EAST,1,1,0,0,1,1,,0,35,0,0,0,0,0,4,2,13
,2016_06480,39.757653,-104.998635,12/5/2016 9:35,9:35,15,0,0,CHESTNUT STREET & 20TH STREET,1,1,0,0,1,1,,0,60,0,0,0,0,0,4,2,13
,2016_06481,39.743802,-104.9566815,6/19/2016 16:38,16:38,6,0,1,CITY PARK ESPLANADE & 17TH AVENUE EAST,1,1,0,0,6,4,,0,25,0,0,0,1,2,4,2,5
,2016_06482,39.72906,-104.977584,2/21/2016 12:45,12:45,3,0,0,CLARKSON STREET NORTH & EIGHTH AVENUE EAST,1,1,1,0,1,1,,0,30,0,0,0,0,0,4,3,13
,2016_06483,39.781008,-104.9597415,3/8/2016 9:09,9:09,6,0,0,CLAUDE COURT 4600 BLOCK NORTH & 47TH AVENUE EAST,1,1,0,0,1,4,,0,25,0,0,0,0,0,4,2,13
,2016_06484,39.71842293,-105.020424,1/12/2016 11:40,11:40,12,0,0,CLAY STREET & 2100 BLOCK SOUTH,1,1,1,0,1,4,,0,30,0,0,0,0,0,4,2,13
,2016_06485,39.790044,-105.0587325,3/1/2016 18:20,18:20,6,0,0,CLEAR CREEK DRIVE 5500 BLOCK & DEPEW COURT NORTH,1,3,0,0,1,4,,0,35,0,0,0,0,0,4,2,4
,2016_06486,39.665691,-104.9360805,2/3/2016 8:15,8:15,3,0,0,CLERMONT DRIVE SOUTH & BROOK DRIVE SOUTH,4,1,0,7,1,1,,0,25,0,0,0,0,0,4,2,16
,2016_06487,39.6790425,-104.9367015,1/1/2016 3:05,3:05,5,0,0,COLORADO CENTER DRIVE & 4400 BLOCK EAST,5,3,0,1,2,4,,0,25,0,0,0,0,0,4,1,1
,2016_06488,39.736845,-104.9741505,2/1/2016 9:25,9:25,10,0,0,CORONA STREET NORTH & 13TH AVENUE EAST,2,1,0,2,1,1,,0,30,0,0,0,0,0,4,2,13
,2016_06489,39.750714,-104.978133,1/2/2016 17:55,17:55,6,0,0,COURT PLACE 2431 & WASHINGTON STREET NORTH,1,3,0,7,1,4,,0,30,0,0,0,0,0,4,2,16
,2016_06490,39.74598613,-104.9998826,4/27/2016 9:50,9:50,6,0,0,LAWRENCE STREET & 3500 BLOCK,1,1,0,0,1,4,,0,25,0,0,0,0,0,4,2,13
,2016_06491,39.74001,-104.99202,5/25/2016 16:40,16:40,14,0,0,DALLAS COURT & 3300 BLOCK SOUTH,1,1,1,0,1,4,,0,25,0,0,0,0,0,4,2,13
,2016_06492,39.671775,-105.0227415,1/9/2016 10:11,10:11,6,0,0,DECATUR STREET SOUTH & HARVARD AVENUE WEST,5,1,0,7,1,1,,0,25,0,0,0,0,0,4,2,7
,2016_06493,39.729069,-104.972958,7/1/2016 10:09,10:09,3,0,0,DOWNING STREET NORTH & EIGHTH AVENUE EAST,1,1,1,7,1,1,,0,30,0,0,0,0,0,4,2,16
,2016_06494,39.744846,-104.9734035,12/17/2016 13:34,13:34,14,0,0,DOWNING STREET & 18TH AVENUE EAST,4,1,0,0,1,4,,0,30,0,0,0,0,0,4,2,1
,2016_06495,39.750957,-104.97312,1/1/2016 20:38,20:38,6,0,0,DOWNING STREET 2300 BLOCK NORTH & 23RD AVENUE EAST,1,3,0,7,1,4,,0,30,0,0,0,0,0,4,2,16
,2016_06496,39.691134,-104.9734215,11/28/2016 9:24,9:24,12,0,0,DOWNING STREET 1300 BLOCK SOUTH & ARKANSAS STREET EAST,1,1,1,7,1,4,,0,30,0,0,0,0,0,4,2,3
,2016_06497,39.692988,-104.973417,11/11/2016 16:49,16:49,12,0,0,DOWNING STREET 1200 BLOCK SOUTH & LOUISIANA AVENUE EAST,1,3,0,7,1,4,,0,30,0,0,0,0,1,4,2,16
,2016_06498,39.764223,-104.973354,2/27/2016 13:15,13:15,12,0,0,DOWNING STREET NORTH & 34TH STREET,1,1,0,7,1,1,,0,30,0,0,0,0,0,4,2,14
,2016_06499,39.718278,-104.973777,2/1/2016 8:00,8:00,12,0,0,DOWNING STREET NORTH & SPEER BOULEVARD EAST,4,1,0,2,1,4,,0,35,0,0,0,0,0,4,2,1
,2016_06500,39.78308903,-104.992623,4/7/2016 9:45,9:45,6,0,0,ELATI STREET & 900 BLOCK NORTH,1,1,0,0,1,4,,0,25,0,0,0,0,0,4,2,13
,2016_06501,39.711105,-104.9769135,11/28/2016 9:15,9:15,3,0,0,EMERSON STREET SOUTH & ALAMEDA AVENUE EAST,1,1,0,7,1,1,,0,25,0,0,0,0,0,4,2,16
,2016_06502,39.6927,-104.976954,8/23/2016 18:05,18:05,3,0,0,EMERSON STREET SOUTH & BUCHTEL BOULEVARD EAST,1,1,0,0,1,1,,0,25,0,0,0,0,0,4,2,13
,2016_06503,39.696606,-104.9769405,5/19/2016 8:30,8:30,12,0,0,EMERSON STREET 1100 BLOCK SOUTH & MISSISSIPPI AVENUE EAST,1,1,0,7,1,3,,0,25,0,0,0,0,0,4,2,14
,2016_06504,39.678426,-104.9395905,5/9/2016 15:39,15:39,1,0,0,EVANS AVENUE EAST & ALBION STREET SOUTH,1,1,0,7,1,1,,0,30,0,0,0,0,1,4,3,16
,2016_06505,39.678426,-104.9363145,7/15/2016 16:09,16:09,1,0,0,EVANS AVENUE EAST & BIRCH STREET SOUTH,1,1,0,0,1,1,,0,35,0,0,0,0,0,4,2,13
,2016_06506,39.678498,-104.9875605,5/23/2016 9:31,9:31,3,0,0,EVANS AVENUE EAST & BROADWAY BOULEVARD,1,1,0,0,1,2,,0,35,0,0,0,0,0,4,2,1
,2016_06507,39.732039,-104.971806,6/1/2016 11:00,11:00,6,0,0,MARION STREET 1024 NORTH & 10TH AVENUE EAST,1,1,0,0,1,4,,0,30,0,0,0,0,0,4,2,13
,2016_06508,39.678489,-104.9875605,5/29/2016 19:20,19:20,12,0,1,EVANS AVENUE 000 BLOCK WEST & BROADWAY STREET SOUTH,1,2,0,7,1,1,,0,35,0,0,0,0,2,4,2,14
,2016_06509,39.67866,-105.020352,8/30/2016 9:55,9:55,5,0,0,EVANS AVENUE 2700 BLOCK WEST & CLAY STREET SOUTH,1,1,0,0,3,4,,0,35,0,0,0,0,0,4,1,5
,2016_06510,39.678435,-104.9407425,5/6/2016 15:19,15:19,1,0,0,EVANS AVENUE 4000 BLOCK EAST & COLORADO BOULEVARD,1,1,0,0,1,2,,0,35,0,0,0,0,1,4,3,13
,2016_06512,39.678444,-104.931612,1/8/2016 9:32,9:32,12,0,0,EVANS AVENUE 4800 BLOCK EAST & DAHLIA STREET SOUTH,6,1,0,2,1,4,,0,35,0,0,0,0,0,4,2,1
,2016_06513,39.678444,-104.931612,5/26/2016 14:28,14:28,12,0,0,EVANS AVENUE 5000 BLOCK EAST & DAHLIA STREET SOUTH,2,1,0,1,1,4,,0,35,0,0,0,0,0,4,3,14
,2016_06514,39.678489,-104.967585,1/12/2016 19:01,19:01,1,0,1,EVANS AVENUE EAST & GILPIN STREET SOUTH,1,3,0,0,1,1,,0,30,0,0,0,0,2,4,2,14
,2016_06515,39.678435,-104.9234265,4/2/2016 17:00,17:00,12,0,0,EVANS AVENUE 5500 BLOCK & HUDSON STREET SOUTH,1,1,0,7,1,4,,0,30,0,0,0,0,1,4,3,16
,2016_06516,39.67857,-105.034365,11/5/2016 21:30,21:30,14,0,0,EVANS AVENUE WEST & LOWELL STREET SOUTH,1,3,0,0,1,1,,0,15,0,0,0,0,0,4,2,13
,2016_06517,39.678435,-104.9127435,11/10/2016 13:04,13:04,3,0,0,EVANS AVENUE & MONACO BOULEVARD SOUTH,1,1,1,0,1,2,,0,35,0,0,0,0,0,4,2,3
,2016_06518,39.678543,-104.980482,9/23/2016 15:54,15:54,12,0,0,EVANS AVENUE EAST & PEARL / WASHINGTON AVENUE ALLEY,1,1,0,0,1,5,,0,35,0,0,0,0,1,4,2,13
,2016_06519,39.718152,-105.0300135,7/23/2016 9:32,9:32,9,0,1,FIRST AVENUE WEST & IRVING STREET NORTH,1,1,0,0,1,1,,0,30,0,0,0,0,2,4,1,14
,2016_06520,39.678363,-104.959404,3/6/2016 9:04,9:04,1,0,0,EVANS AVENUE 2300 BLOCK EAST & UNIVERSITY BOULEVARD SOUTH,1,1,0,0,1,2,,0,30,0,0,0,0,0,4,2,1
,2016_06521,39.678498,-104.9664015,10/20/2016 20:41,20:41,6,0,0,EVANS AVENUE EAST & WILLIAMS STREET SOUTH,1,3,0,0,1,4,,0,35,0,0,0,0,0,4,8,5
,2016_06522,39.7170765,-104.8955513,10/27/2016 7:59,7:59,12,0,0,FAIRMOUNT DRIVE 8000 BLOCK EAST & LOWRY BOULEVARD EAST,1,1,0,7,1,4,,0,30,0,0,0,0,0,4,2,1
,2016_06523,39.689514,-105.0203655,3/6/2016 18:58,18:58,3,0,1,FLORIDA AVENUE WEST & CLAY STREET SOUTH,1,3,0,7,1,1,,0,30,0,0,0,1,2,4,2,1
,2016_06524,39.74328338,-104.9609441,12/16/2016 2:22,2:22,6,0,0,GAYLORD STREET 1700 BLOCK NORTH & 17TH AVENUE EAST,1,3,0,0,1,3,,0,25,0,0,0,0,0,4,4,5
,2016_06525,39.74124606,-104.9672163,4/2/2016 16:50,16:50,6,0,0,GILPIN STREET NORTH & 1728,1,1,0,0,3,5,,0,,0,0,0,0,0,4,2,13
,2016_06526,39.654198,-104.8798035,6/25/2016 19:24,19:24,6,0,0,GIRARD AVENUE EAST & BOSTON COURT SOUTH,1,1,1,0,1,4,,0,25,0,0,0,0,0,4,3,13
,2016_06527,39.661695,-105.057603,11/22/2016 12:28,12:28,3,0,0,GOLDEN WAY SOUTH & BATES AVENUE WEST,2,1,0,1,1,1,,0,25,0,0,0,0,0,4,2,8
,2016_06528,39.711222,-105.0263145,11/2/2016 12:18,12:18,12,0,0,GROVE STREET SOUTH & ALAMEDA AVENUE WEST,1,1,0,7,1,3,,0,35,0,0,0,0,0,4,2,7