id,drcog_id,latitude,longitude,crashtime,time,crashtype,numbkilled,numbinjurd,drcoglocat,rdconditin,lightngcon,roadcntgrd,weatherco,location,roaddescrp,schoolzone,constrzone,splimit,bikeinv,pedinv,sctrinv,motoinv,svrty,rdsystem,ttlvehcls,hcf
,2016_06529,39.783609,-104.7913916,6/10/2016 8:05,8:05,12,0,0,GREEN VALLEY RANCH BOULEVARD EAST & PENA BOULEVARD,1,1,0,7,1,1,,0,40,0,0,0,0,0,4,2,16
,2016_06530,39.783609,-104.7913916,11/12/2016 19:10,19:10,12,0,0,GREEN VALLEY RANCH BOULEVARD & PENA BOULEVARD,1,3,0,7,1,1,,0,15,0,0,0,0,0,4,2,16
,2016_06531,39.783609,-104.7913916,11/14/2016 7:55,7:55,12,0,0,GREEN VALLEY RANCH BOULEVARD EAST & PENA BOULEVARD,1,1,0,7,1,4,,0,10,0,0,0,0,0,4,2,16
,2016_06533,39.74001,-104.99202,2/4/2016 14:39,14:39,6,0,0,HARVARD AVENUE & 2700 BLOCK SOUTH,5,1,0,0,1,4,,0,25,0,0,0,0,0,4,2,13
,2016_06534,39.760038,-104.865813,6/19/2016 7:42,7:42,15,0,0,HAVANA STREET NORTH & MLK BOULEVARD,1,1,1,0,1,1,,0,35,0,0,0,0,0,4,2,7
,2016_06535,39.729294,-105.027642,9/21/2016 16:00,16:00,6,0,0,HAZEL COURT 800 BLOCK NORTH & EIGHTH AVENUE WEST,1,1,0,0,1,4,,0,25,0,0,0,0,0,4,2,14
,2016_06536,39.746349,-105.028362,10/8/2016 13:47,13:47,3,0,0,HOOKER STREET NORTH & 19TH AVENUE WEST,1,1,0,0,1,1,,0,25,0,0,0,0,0,4,2,8
,2016_06537,39.687579,-104.9804505,12/16/2016 22:41,22:41,12,0,0,IOWA AVENUE EAST & PEARL STREET SOUTH,4,4,0,2,1,3,,0,25,0,0,0,0,0,4,2,13
,2016_06538,39.696759,-105.0297615,10/21/2016 6:55,6:55,3,0,0,IRVING STREET SOUTH & MISSISSIPPI AVENUE WEST,1,1,0,7,1,1,,0,25,0,0,0,0,0,4,2,16
,2016_06539,39.78121703,-104.920003,6/30/2016 6:00,6:00,6,0,0,IVY STREET & 4570 NORTH,1,1,0,0,1,4,,0,25,0,0,0,0,0,4,2,14
,2016_06540,39.704022,-104.9992155,12/15/2016 17:16,17:16,1,0,0,JASON STREET SOUTH & EXPOSITION AVENUE WEST,1,3,0,0,1,2,,0,30,0,0,0,0,1,4,2,7
,2016_06541,39.707559,-104.999193,6/16/2016 18:06,18:06,1,0,0,JASON STREET SOUTH & PLATTE RIVER DRIVE SOUTH,1,1,0,7,1,1,,0,35,0,0,0,0,1,4,3,16
,2016_06543,39.682017,-104.944194,5/12/2016 17:00,17:00,6,0,0,JEWELL AVENUE & GARFIELD STREET SOUTH,1,1,0,0,1,5,,0,25,0,0,0,0,0,4,2,14
,2016_06544,39.682062,-104.922234,9/14/2016 15:23,15:23,3,0,0,JEWELL AVENUE EAST & HOLLY STREET SOUTH,1,1,0,0,1,1,,0,,0,0,0,0,0,4,2,13
,2016_06545,39.682287,-105.053202,5/24/2016 7:45,7:45,3,0,0,JEWELL AVENUE & SHERIDAN BOULEVARD SOUTH,1,1,0,0,1,2,,0,30,0,0,0,0,0,4,2,3
,2016_06546,39.79425603,-104.8613478,5/27/2016 8:05,8:05,6,0,0,JOLIET STREET & 4800 BLOCK NORTH,1,1,0,0,1,1,,0,35,0,0,0,0,0,4,2,3
,2016_06547,39.738357,-104.958702,8/16/2016 15:40,15:40,3,0,0,JOSEPHINE STREET NORTH & 14TH AVENUE EAST,1,1,0,7,1,1,,0,35,0,0,0,0,0,4,2,8
,2016_06548,39.727314,-105.0002235,5/20/2016 12:20,12:20,3,0,0,KALAMATH STREET NORTH & SEVENTH AVENUE WEST,1,1,1,0,1,1,,0,30,0,0,0,0,0,4,2,13
,2016_06549,39.769272,-105.00057,5/17/2016 17:29,17:29,3,0,0,KALAMATH STREET NORTH & 38TH AVENUE WEST,1,1,1,0,1,1,,0,25,0,0,0,0,1,4,2,13
,2016_06550,39.72132,-105.032484,5/9/2016 17:32,17:32,12,0,0,KNOX COURT NORTH & THIRD AVENUE WEST,1,1,0,7,1,1,,0,30,0,0,0,0,0,4,2,7
,2016_06551,39.732048,-104.970672,2/1/2016 16:00,16:00,3,0,0,LAFAYETTE STREET NORTH & 10TH AVENUE EAST,4,1,0,2,1,1,,0,25,0,0,0,0,0,4,2,16
,2016_06552,39.687525,-104.915331,11/30/2016 15:40,15:40,3,0,2,LEYDEN STREET SOUTH & IOWA AVENUE EAST,1,1,0,7,1,1,,0,25,0,0,0,0,2,4,2,16
,2016_06553,39.73041,-104.986143,4/12/2016 13:34,13:34,6,0,0,LINCOLN STREET 900 BLOCK NORTH & NINTH AVENUE,1,1,0,0,1,2,,0,30,0,0,0,0,0,4,4,7
,2016_06554,39.735837,-104.98572,5/23/2016 17:18,17:18,12,0,0,LINCOLN STREET 1200 BLOCK NORTH & 12TH AVENUE WEST,1,1,0,7,1,4,,0,30,0,0,0,0,1,4,4,16
,2016_06555,39.735837,-104.98572,12/18/2016 3:16,3:16,6,0,0,LINCOLN STREET 1200 BLOCK NORTH & 12TH AVENUE EAST,4,3,1,0,1,4,,0,35,0,0,0,0,0,4,2,13
,2016_06556,39.795975,-104.8436415,8/27/2016 19:36,19:36,6,0,0,55TH AVENUE & RACINE STREET NORTH,1,2,0,0,1,4,,0,25,0,0,0,0,0,4,1,3
,2016_06557,39.711141,-104.9863905,12/18/2016 18:25,18:25,15,0,0,LINCOLN STREET 300 BLOCK SOUTH & ALAMEDA AVENUE EAST,4,3,0,7,1,4,,0,30,0,0,0,0,0,4,2,1
,2016_06558,39.712977,-104.986341,1/4/2016 21:11,21:11,10,0,0,LINCOLN STREET SOUTH & CEDAR AVENUE EAST,1,3,0,0,1,1,,0,35,0,0,0,0,0,4,2,8
,2016_06559,39.71385,-104.986305,1/9/2016 22:23,22:23,15,0,0,LINCOLN STREET SOUTH & MAPLE AVENUE EAST,1,3,0,0,1,1,,0,30,0,0,0,0,0,4,2,8
,2016_06561,39.740022,-105.001623,6/26/2016 17:12,17:12,12,0,0,LIPAN STREET NORTH & COLFAX AVENUE WEST,1,1,0,7,1,4,,0,25,0,0,0,0,0,4,2,16
,2016_06562,39.743424,-104.9820435,9/4/2016 14:56,14:56,12,0,0,LOGAN STREET 1700 BLOCK NORTH & 18TH AVENUE EAST,1,1,0,0,1,4,,0,25,0,0,0,0,1,4,3,13
,2016_06563,39.709296,-104.9827815,8/9/2016 14:20,14:20,3,0,0,LOGAN STREET SOUTH & DAKOTA AVENUE EAST,1,1,0,7,1,1,,0,25,0,0,0,0,0,4,2,16
,2016_06564,39.678552,-104.9828715,12/3/2016 4:46,4:46,3,0,0,LOGAN STREET SOUTH & EVANS AVENUE EAST,1,3,0,7,1,1,,0,30,0,0,0,0,0,4,2,16
,2016_06565,39.692952,-104.9687325,9/16/2016 7:45,7:45,12,0,0,LOUISIANA AVENUE EAST & FRANKLIN STREET SOUTH,1,1,0,0,1,3,,0,25,0,0,0,0,0,4,3,3
,2016_06566,39.716532,-105.0349005,6/4/2016 11:35,11:35,15,0,0,LOWELL BOULEVARD 3700 BLOCK NORTH & LOWELL BOULEVARD NORTH,1,1,0,7,1,4,,0,30,0,0,0,0,0,4,2,7
,2016_06567,39.723705,-104.8837095,12/15/2016 13:04,13:04,10,0,0,LOWRY BOULEVARD & YOSEMITE WAY NORTH,1,1,0,0,1,6,,0,15,0,0,0,0,0,4,2,13
,2016_06568,39.76331697,-104.9720542,3/26/2016 18:40,18:40,6,0,0,MARION STREET 3300 BLOCK NORTH & 33RD AVENUE EAST,1,1,0,7,1,4,,0,25,0,0,0,0,0,4,2,16
,2016_06569,39.755457,-104.9910525,6/24/2016 11:35,11:35,12,0,0,MARKET STREET 2200 & 22ND STREET,1,3,0,7,1,4,,0,25,0,0,0,1,0,4,2,5
,2016_06570,39.755457,-104.9910525,9/26/2016 11:45,11:45,15,0,0,MARKET STREET & 22ND STREET,1,1,0,0,1,4,,0,25,0,0,0,0,0,4,2,13
,2016_06571,39.751956,-105.014772,4/2/2016 16:35,16:35,6,0,0,SEVENTH STREET 2300 BLOCK & WATER STREET,1,1,0,0,1,4,,0,20,0,0,0,0,0,4,2,13
,2016_06572,39.79467,-104.83542,8/11/2016 22:05,22:05,3,0,0,MAXWELL PLACE EAST & UVALDA STREET NORTH,1,3,0,0,1,1,,0,25,0,0,0,0,0,4,2,13
,2016_06573,39.700368,-105.0355755,2/13/2016 20:30,20:30,6,0,0,MEADE STREET SOUTH & KENTUCKY AVENUE WEST,1,3,1,0,1,3,,0,25,0,0,0,0,0,4,3,14
,2016_06574,39.670317,-105.035904,7/17/2016 23:15,23:15,3,0,1,MEADE STREET SOUTH & VASSAR AVENUE WEST,1,3,0,7,1,1,,0,25,0,0,0,0,2,4,2,1
,2016_06575,39.696624,-104.9874525,3/22/2016 9:25,9:25,12,0,0,MISSISSIPPI AVENUE 100 BLOCK WEST & BROADWAY SOUTH,1,1,0,7,1,4,,0,20,0,0,0,0,0,4,2,12
,2016_06576,39.69657,-104.9407425,11/11/2016 10:17,10:17,15,0,0,MISSISSIPPI AVENUE 4000 BLOCK EAST & COLORADO BOULEVARD SOUTH,1,1,1,0,1,3,,0,35,0,0,0,0,0,4,2,13
,2016_06577,39.69675,-105.0238215,4/25/2016 17:51,17:51,9,0,0,MISSISSIPPI AVENUE WEST & ELIOT STREET SOUTH,1,1,0,0,1,1,,0,25,0,0,0,1,1,4,2,1
,2016_06578,39.69657,-104.953455,6/3/2016 15:10,15:10,3,0,0,MISSISSIPPI AVENUE EAST & FILLMORE STREET SOUTH,1,1,0,7,1,1,,0,25,0,0,0,0,1,4,2,3
,2016_06579,39.761964,-104.903451,1/26/2016 18:56,18:56,3,0,1,MLK BOULEVARD & QUEBEC STREET NORTH,1,3,0,7,1,1,,0,35,0,0,0,0,2,4,2,14
,2016_06580,39.762018,-104.968404,12/29/2016 16:51,16:51,5,0,0,MLK BOULEVARD & FRANKLIN STREET NORTH,1,5,0,1,2,3,,0,30,0,0,0,0,0,4,1,14
,2016_06581,39.762027,-104.9709105,10/15/2016 9:47,9:47,3,0,0,MLK BOULEVARD & LAFAYETTE STREET NORTH,1,1,0,0,1,1,,0,30,0,0,0,0,0,4,2,3
,2016_06582,39.76002,-104.8827735,10/25/2016 16:52,16:52,12,0,1,MLK JR BOULEVARD 9000 BLOCK & AKRON COURT NORTH,1,1,0,7,1,4,,0,35,0,0,0,0,2,4,3,16
,2016_06583,39.729276,-104.9128155,7/13/2016 10:20,10:20,12,0,0,MONACO PARKWAY NORTH & EIGHTH AVENUE EAST,1,1,0,7,1,4,,0,30,0,0,0,0,0,4,2,16
,2016_06584,39.7199385,-104.8909343,11/25/2016 3:24,3:24,5,0,0,UINTA WAY NORTH & LOWRY BOULEVARD EAST,1,3,0,0,2,6,,0,35,0,0,0,0,0,4,1,14
,2016_06585,39.711366,-104.912964,11/14/2016 6:23,6:23,12,0,0,MONACO STREET SOUTH & ALAMEDA AVENUE EAST,1,3,0,7,1,3,,0,25,0,0,0,0,0,4,2,14
,2016_06586,39.703887,-104.912964,3/24/2016 6:39,6:39,12,0,0,MONACO STREET 600 BLOCK SOUTH & EXPOSITION AVENUE EAST,5,1,0,7,1,3,,0,35,0,0,0,0,0,4,2,16
,2016_06587,39.689334,-104.912901,5/26/2016 18:15,18:15,12,0,0,MONACO STREET SOUTH & FLORIDA AVENUE EAST,2,1,0,1,1,3,,0,30,0,0,0,0,0,4,2,3
,2016_06590,39.645702,-104.912685,7/9/2016 12:33,12:33,6,0,0,MONACO STREET 3800 BLOCK SOUTH & MANSFIELD AVENUE EAST,1,1,0,0,1,4,,0,10,0,0,0,0,1,4,2,3
,2016_06591,39.696615,-104.912973,4/19/2016 22:57,22:57,1,0,0,MONACO STREET SOUTH & MISSISSIPPI AVENUE EAST,1,3,0,0,1,1,,0,35,0,0,0,0,0,4,2,5
,2016_06592,39.667626,-104.912964,1/12/2016 16:08,16:08,15,0,0,MONACO STREET 2700 BLOCK SOUTH & YALE AVENUE EAST,1,1,0,0,1,2,,0,35,0,0,0,0,0,4,3,3
,2016_06594,39.667626,-104.912964,12/15/2016 15:35,15:35,1,0,2,MONACO STREET & YALE AVENUE EAST,1,1,0,0,1,1,,0,35,0,0,0,0,2,4,2,13
,2016_06595,39.700404,-105.0481305,2/13/2016 2:04,2:04,12,0,0,MORRISON ROAD & KENTUCKY AVENUE WEST,1,3,0,0,1,1,,0,35,0,0,0,0,0,4,2,5
,2016_06596,39.73085701,-105.0040916,6/7/2016 16:06,16:06,6,0,0,NAVAJO STREET & 3700 BLOCK NORTH,1,1,1,7,1,4,,0,25,0,0,0,0,0,4,2,16
,2016_06597,39.73085701,-105.0040916,2/9/2016 15:44,15:44,6,0,0,NAVAJO STREET & 4300 BLOCK NORTH,1,1,1,7,1,4,,0,25,0,0,0,0,0,4,2,16
,2016_06598,39.76931138,-104.9097161,9/1/2016 14:14,14:14,6,0,0,NEWPORT STREET 3800 BLOCK NORTH & 39TH AVENUE EAST,1,1,0,0,1,4,,0,25,0,0,0,0,1,4,2,14
,2016_06599,39.624192,-104.9089365,11/8/2016 21:20,21:20,5,0,0,NIAGARA STREET SOUTH & BELLEVIEW AVENUE EAST,1,3,0,7,3,2,,0,25,0,0,0,0,0,4,1,16
,2016_06600,39.735144,-104.975271,2/1/2016 7:57,7:57,3,0,0,OGDEN STREET NORTH & 12TH AVENUE EAST,2,1,0,2,1,1,,0,30,0,0,0,0,1,4,2,13
,2016_06601,39.736863,-104.9752845,7/4/2016 14:30,14:30,3,0,0,OGDEN STREET NORTH & 13TH AVENUE EAST,1,1,1,7,1,1,,0,30,0,0,0,0,1,4,2,16
,2016_06602,39.732246,-105.005133,1/4/2016 10:00,10:00,6,0,0,OSAGE STREET 1000 BLOCK NORTH & 11TH AVENUE WEST,1,2,0,7,1,4,,0,35,0,0,0,0,0,4,2,14
,2016_06603,39.729969,-104.8965435,5/5/2016 13:02,13:02,6,0,0,EIGHTH PLACE 7800 BLOCK EAST & 7852 EAST EIGHTH PLACE,1,1,0,0,1,4,,0,25,0,0,0,0,0,4,2,3
,2016_06604,39.757086,-104.990715,8/5/2016 16:25,16:25,10,0,0,PARK AVENUE WEST & BLAKE STREET,1,1,0,0,1,1,,0,25,0,0,0,0,0,4,2,8
,2016_06605,39.757086,-104.990715,8/26/2016 14:38,14:38,15,0,0,PARK AVENUE WEST & BLAKE STREET,1,1,0,0,1,3,,0,30,0,0,0,0,0,4,2,13
,2016_06606,39.759426,-104.9937435,3/30/2016 18:20,18:20,12,0,1,PARK AVENUE WEST & DELGANY STREET,1,1,0,7,1,4,,0,35,0,0,0,0,2,4,5,16
,2016_06607,39.741894,-104.970924,2/29/2016 12:45,12:45,15,0,0,PARK AVENUE WEST & LAFAYETTE STREET NORTH,1,1,0,0,1,4,,0,35,0,0,0,0,0,4,2,5
,2016_06608,39.718323,-104.980302,12/31/2016 16:50,16:50,3,0,0,PEARL STREET NORTH & FIRST AVENUE EAST,1,3,0,0,1,1,,0,25,0,0,0,0,0,4,2,13
,2016_06609,39.689217,-104.980104,4/25/2016 0:30,0:30,6,0,0,PEARL STREET 1500 BLOCK NORTH & 16TH AVENUE EAST,1,3,0,0,1,4,,0,20,0,0,0,0,0,4,2,13
,2016_06610,39.769272,-105.006456,3/14/2016 9:55,9:55,3,0,0,PECOS STREET NORTH & 38TH AVENUE WEST,1,1,0,0,1,1,,0,35,0,0,0,0,1,4,2,13
,2016_06611,39.696723,-105.0061725,6/22/2016 2:30,2:30,6,0,0,PECOS STREET SOUTH & MISSISSIPPI AVENUE WEST,1,4,1,0,1,4,,0,25,0,0,0,0,0,4,3,1
,2016_06612,39.844602,-104.6809395,2/11/2016 12:35,12:35,15,0,0,PENA BOULEVARD & 8100 BLOCK DIA,1,1,1,0,1,4,,0,35,0,0,0,0,0,4,2,13
,2016_06613,39.754305,-104.9942745,5/11/2016 14:55,14:55,3,0,0,20TH STREET & BLAKE STREET,1,1,0,0,1,1,,0,30,0,0,0,0,0,4,2,13
,2016_06614,39.783609,-104.7913916,2/18/2016 14:57,14:57,12,0,0,PENA BOULEVARD & GREEN VALLEY RANCH BOULEVARD EAST,1,1,0,7,1,1,,0,45,0,0,0,0,0,4,3,16
,2016_06615,39.83346903,-104.692932,3/23/2016 17:45,17:45,6,0,0,PENA BOULEVARD OUTBOUND RAMP & JACKSON GAP STREET NORTH,10,1,1,2,1,14,,0,45,0,0,0,0,0,4,2,13
,2016_06616,39.83346903,-104.692932,5/4/2016 18:33,18:33,15,0,0,PENA BOULEVARD OUTBOUND RAMP & JACKSON GAP STREET,1,1,0,0,1,4,,0,,0,0,0,0,0,4,2,13
,2016_06618,39.72513078,-104.9811374,5/18/2016 20:57,20:57,6,0,0,PENNSYLVANIA STREET NORTH & 900 BLOCK,1,3,1,0,1,4,,0,30,0,0,0,0,0,4,2,13
,2016_06619,39.767985,-104.8469625,4/12/2016 16:55,16:55,15,0,0,PEORIA STREET NORTH & 37TH AVENUE EAST,1,1,1,0,1,1,,0,35,0,0,0,0,0,4,2,13
,2016_06620,39.776427,-104.8469535,8/5/2016 13:12,13:12,1,0,0,PEORIA STREET NORTH & 44TH AVENUE EAST,1,1,0,7,1,1,,0,35,0,0,0,0,1,4,2,16
,2016_06621,39.784005,-104.84712,1/13/2016 14:06,14:06,15,0,0,PEORIA STREET 4600 BLOCK NORTH & ALBROOK DRIVE EAST,1,1,0,0,1,4,,0,40,0,0,0,0,0,4,2,7
,2016_06622,39.786219,-104.8469715,1/27/2016 18:56,18:56,1,0,0,PEORIA STREET NORTH & ANDREWS DR3 EAST,1,3,0,7,1,3,,0,35,0,0,0,0,0,4,2,16
,2016_06623,39.725784,-105.039441,2/22/2016 9:35,9:35,5,0,0,PERRY STREET NORTH & SIXTH AVENUE NORTH DRIVE WEST,1,1,0,0,3,1,,0,25,0,0,0,0,0,4,1,13
,2016_06624,39.750619,-105.0195615,11/27/2016 22:45,22:45,12,0,0,PLATE RIVER DRIVE & 500 BLOCK SOUTH,1,3,0,0,1,3,,0,30,0,0,0,0,0,4,3,13
,2016_06625,39.729267,-104.9034735,3/6/2016 20:40,20:40,12,0,0,QUEBEC STREET 800 BLOCK NORTH & EIGHTH AVENUE EAST,1,3,0,7,1,4,,0,30,0,0,0,0,0,4,3,16
,2016_06626,39.731292,-104.9034735,10/24/2016 18:10,18:10,12,0,0,QUEBEC STREET NORTH & 10TH AVENUE EAST,1,1,0,7,1,1,,0,30,0,0,0,0,0,4,3,3
,2016_06627,39.735621,-104.9034645,10/18/2016 9:50,9:50,14,0,0,QUEBEC STREET NORTH & 12TH AVENUE EAST,1,1,0,0,1,1,,0,35,0,0,0,0,1,4,3,1
,2016_06628,39.737268,-104.9034645,11/19/2016 23:17,23:17,12,0,0,QUEBEC STREET NORTH & 13TH AVENUE EAST,1,3,0,0,1,3,,0,30,0,0,0,0,0,4,2,14
,2016_06629,39.74383292,-104.9034257,2/28/2016 13:52,13:52,12,0,0,QUEBEC STREET 1700 BLOCK NORTH & 17TH AVENUE EAST,1,1,0,7,1,4,,0,35,0,0,0,0,0,4,2,14
,2016_06630,39.765636,-104.9034645,4/28/2016 16:25,16:25,12,0,0,QUEBEC STREET NORTH & 35TH AVENUE EAST,1,1,0,7,1,1,,0,40,0,0,0,0,0,4,2,16
,2016_06631,39.767382,-104.90346,1/15/2016 8:45,8:45,12,0,0,QUEBEC STREET NORTH & 36TH AVENUE EAST,1,1,0,0,1,1,,0,40,0,0,0,0,0,4,2,13
,2016_06632,39.711222,-104.903505,10/8/2016 22:20,22:20,15,0,0,QUEBEC STREET SOUTH & ALAMEDA AVENUE EAST,1,3,0,0,1,4,,0,30,0,0,0,0,0,4,2,13
,2016_06633,39.77829,-104.903604,12/19/2016 8:55,8:55,12,0,0,QUEBEC STREET NORTH & I70,5,1,1,0,1,3,,0,30,0,0,0,0,0,4,2,13
,2016_06634,39.638745,-105.074073,6/10/2016 15:26,15:26,15,0,0,QUINCY AVENUE WEST & REED STREET SOUTH,1,1,0,0,1,1,,0,40,0,0,0,0,0,4,2,2
,2016_06635,39.785733,-104.9635035,12/11/2016 0:59,0:59,6,0,0,RACE STREET NORTH & RACE COURT NORTH,1,3,1,0,3,4,,0,30,0,0,0,0,0,4,2,14
,2016_06636,39.746547,-105.0076035,2/19/2016 8:14,8:14,1,0,0,NINTH STREET & AURARIA PARKWAY,1,1,0,7,1,1,,0,35,0,0,0,0,0,4,2,14
,2016_06637,39.742686,-104.993721,2/4/2016 8:15,8:15,12,0,0,14TH STREET & WELTON STREET,5,1,0,7,1,1,,0,25,0,0,0,0,0,4,2,7
,2016_06638,39.752298,-105.003873,3/21/2016 8:10,8:10,1,0,0,15TH STREET & DELGANY STREET,1,1,0,7,1,1,,0,30,0,0,0,0,0,4,2,16
,2016_06639,39.74801441,-104.9958826,7/1/2016 22:58,22:58,5,0,0,16TH STREET & 1300 BLOCK,2,3,0,1,3,4,,0,30,0,0,0,0,0,4,1,5
,2016_06640,39.741435,-104.9873715,12/12/2016 17:10,17:10,12,0,1,16TH STREET & BROADWAY STREET NORTH,1,3,0,7,1,3,,0,35,0,0,0,0,2,4,3,14
,2016_06641,39.750786,-104.9970735,9/2/2016 10:38,10:38,3,0,0,17TH STREET & MARKET STREET,1,1,0,0,1,1,,0,30,0,0,0,0,1,4,2,7
,2016_06642,39.747933,-104.986134,3/16/2016 16:02,16:02,3,0,0,20TH STREET & LINCOLN STREET NORTH,1,1,0,0,1,1,,0,35,0,0,0,0,0,4,2,14
,2016_06643,39.753612,-104.993451,7/29/2016 22:52,22:52,10,0,0,20TH STREET & MARKET STREET,1,3,0,0,1,1,,0,30,0,0,0,0,0,4,2,14
,2016_06644,39.751857,-104.988762,2/10/2016 12:55,12:55,3,0,0,21ST STREET & CURTIS STREET,1,1,0,7,1,1,,0,30,0,0,0,0,0,4,2,16
,2016_06645,39.752667,-104.98743,7/7/2016 7:20,7:20,15,0,0,22ND STREET & BROADWAY NORTH,1,1,0,0,1,1,,0,30,0,0,0,0,0,4,2,13
,2016_06646,39.752667,-104.98743,11/5/2016 2:20,2:20,12,0,0,22ND STREET & BROADWAY STREET NORTH,1,3,0,7,1,1,,0,30,0,0,0,0,0,4,2,16
,2016_06647,39.752757,-104.9875515,3/20/2016 11:12,11:12,10,0,0,22ND STREET & CURTIS STREET,1,1,0,0,1,1,,0,35,0,0,0,0,0,4,2,8
,2016_06648,39.75417,-104.9893335,10/8/2016 20:45,20:45,3,0,0,22ND STREET & LAWRENCE STREET,1,3,1,0,1,1,,0,30,0,0,0,0,0,4,2,7
,2016_06650,39.755457,-104.9910525,5/31/2016 6:44,6:44,12,0,0,22ND STREET & MARKET STREET,1,1,0,7,1,1,,0,30,0,0,0,0,0,4,2,16
,2016_06651,39.762306,-104.9805405,9/11/2016 4:30,4:30,5,0,0,30TH STREET & LARIMER STREET,1,3,0,0,3,4,,0,30,0,0,0,0,0,4,3,5
,2016_06652,39.77299178,-104.9754813,5/10/2016 18:09,18:09,12,0,0,38TH STREET & 1500 BLOCK,1,1,1,0,1,4,,0,30,0,0,0,0,0,4,3,13
,2016_06653,39.73138636,-104.9986792,6/26/2016 18:32,18:32,6,0,0,SANTA FE DRIVE & 1100 BLOCK NORTH,1,1,0,0,1,4,,0,35,0,0,0,0,0,4,2,13
,2016_06654,39.711186,-104.997132,1/30/2016 10:10,10:10,12,0,0,SANTA FE DRIVE SOUTH & ALAMEDA AVENUE WEST,1,1,0,7,1,1,,0,30,0,0,0,0,0,4,2,16
,2016_06655,39.711186,-104.997132,10/26/2016 6:58,6:58,15,0,0,SANTA FE DRIVE SOUTH & ALAMEDA AVENUE WEST,1,3,0,0,1,4,,1,25,0,0,0,0,0,4,2,13
,2016_06656,39.650499,-105.053085,5/20/2016 11:30,11:30,1,0,1,SHERIDAN BOULEVARD SOUTH & KENYON AVENUE WEST,1,1,0,0,1,1,,0,35,0,0,0,0,2,4,2,15
,2016_06657,39.650499,-105.053085,8/5/2016 16:49,16:49,1,0,0,SHERIDAN BOULEVARD SOUTH & KENYON AVENUE WEST,1,1,0,0,1,1,,0,45,0,0,0,0,1,4,2,2
,2016_06658,39.73851768,-104.9969761,5/4/2016 13:05,13:05,6,0,0,SPEER BOULEVARD & 1000 BLOCK NORTH,1,1,0,0,1,4,,0,30,0,0,0,0,0,4,2,13
,2016_06659,39.744468,-105.0000435,7/27/2016 17:25,17:25,10,0,1,SPEER BOULEVARD NORTH & ARAPAHOE STREET,1,1,0,0,1,1,,0,35,0,0,0,0,2,4,2,8
,2016_06660,39.748446,-105.0033735,7/6/2016 15:10,15:10,12,0,0,SPEER BOULEVARD NORTH & AURARIA PARKWAY,1,1,0,7,1,1,,0,35,0,0,0,0,0,4,2,7
,2016_06661,39.748446,-105.0033735,7/23/2016 22:50,22:50,10,0,0,SPEER BOULEVARD & AURARIA PARKWAY,1,3,0,0,1,1,,0,35,0,0,0,0,0,4,2,13
,2016_06662,39.729717,-104.9912235,8/2/2016 16:10,16:10,15,0,0,SPEER BOULEVARD NORTH & BANNOCK STREET NORTH,1,1,0,0,1,3,,0,30,0,0,0,0,0,4,3,13
,2016_06663,39.758049,-105.02055,8/12/2016 19:10,19:10,1,0,0,SPEER BOULEVARD NORTH & CLAY STREET NORTH,1,1,0,0,1,1,,0,35,0,0,0,0,0,4,2,13
,2016_06664,39.71835,-104.9745915,11/1/2016 11:56,11:56,3,0,0,SPEER BOULEVARD EAST & CORONA STREET NORTH,1,1,0,7,1,1,,0,35,0,0,0,0,0,4,2,12
,2016_06665,39.746403,-105.0014385,2/16/2016 12:30,12:30,15,0,0,SPEER BOULEVARD 1200 BLOCK & LARIMER STREET,1,1,0,7,1,4,,0,35,0,0,0,0,0,4,2,2
,2016_06666,39.750192,-105.0047415,2/9/2016 10:10,10:10,1,0,0,SPEER BOULEVARD & WEWATTA STREET,1,1,1,7,1,1,,0,30,0,0,0,0,0,4,2,16
,2016_06667,39.750192,-105.0047415,10/19/2016 21:18,21:18,12,0,0,SPEER BOULEVARD NORTH & WEWATTA STREET,1,3,0,7,1,1,,0,,0,0,0,0,1,4,2,16
,2016_06668,39.687498,-104.950044,8/20/2016 14:05,14:05,3,0,1,STEELE STREET SOUTH & IOWA AVENUE EAST,1,1,0,0,1,1,,0,25,0,0,0,1,2,4,2,1
,2016_06669,39.731274,-104.898771,11/6/2016 13:59,13:59,15,0,0,SYRACUSE STREET NORTH & NINTH AVENUE EAST,1,1,0,0,1,1,,0,25,0,0,0,0,1,4,2,14
,2016_06670,39.769272,-105.0111945,11/2/2016 15:40,15:40,6,0,0,TEJON STREET NORTH & 38TH AVENUE WEST,1,1,0,0,1,4,,0,25,0,0,0,0,0,4,2,1
,2016_06671,39.728259,-105.0438735,4/24/2016 9:09,9:09,6,0,0,TENNYSON STREET NORTH & SEVENTH AVENUE WEST,1,2,1,0,1,4,,0,25,0,0,0,0,0,4,2,13
,2016_06673,39.774636,-104.7720825,3/18/2016 5:00,5:00,12,0,0,TOWERS ROAD NORTH & 43RD AVENUE EAST,6,3,0,2,1,1,,0,35,0,0,0,0,0,4,2,7
,2016_06674,39.760056,-104.896413,9/21/2016 7:40,7:40,12,0,0,TRENTON STREET NORTH & MLK BOULEVARD EAST,1,1,0,0,1,4,,0,40,0,0,0,0,0,4,2,13