id,drcog_id,latitude,longitude,crashtime,time,crashtype,numbkilled,numbinjurd,drcoglocat,rdconditin,lightngcon,roadcntgrd,weatherco,location,roaddescrp,schoolzone,constrzone,splimit,bikeinv,pedinv,sctrinv,motoinv,svrty,rdsystem,ttlvehcls,hcf
,2016_06675,39.631608,-104.8974615,4/28/2016 13:51,13:51,3,0,0,TUFTS AVENUE EAST & ULSTER STREET SOUTH,1,1,0,0,1,1,,0,35,0,0,0,0,1,4,2,3
,2016_06676,39.720987,-104.9594445,12/1/2016 20:17,20:17,10,0,0,UNIVERSITY BOULEVARD NORTH & THIRD AVENUE EAST,1,3,0,0,1,1,,0,30,0,0,0,0,0,4,2,8
,2016_06677,39.691125,-104.959332,1/23/2016 17:40,17:40,12,0,0,UNIVERSITY BOULEVARD 1400 BLOCK SOUTH & ARKANSAS AVENUE EAST,1,3,0,0,1,3,,0,30,0,0,0,0,0,4,2,5
,2016_06678,39.680226,-104.959404,11/12/2016 19:30,19:30,6,0,0,UNIVERSITY BOULEVARD SOUTH & ASBURY AVENUE EAST,1,3,0,0,1,4,,0,25,0,0,0,0,0,4,2,13
,2016_06679,39.692952,-104.9593455,10/27/2016 8:08,8:08,3,0,0,UNIVERSITY BOULEVARD SOUTH & LOUISIANA AVENUE EAST,1,1,0,7,1,1,,0,30,0,0,0,0,0,4,2,14
,2016_06680,39.692952,-104.9593455,11/11/2016 8:40,8:40,12,0,0,UNIVERSITY BOULEVARD SOUTH & LOUISIANA AVENUE EAST,1,1,0,7,1,1,,0,30,0,0,0,0,0,4,2,3
,2016_06681,39.667581,-104.9593905,3/10/2016 15:44,15:44,1,0,0,YALE AVENUE EAST & UNIVERSITY BOULEVARD SOUTH,1,1,0,7,1,1,,0,30,0,0,0,0,1,4,2,14
,2016_06682,39.698388,-104.959332,10/25/2016 15:30,15:30,12,0,0,UNIVERSITY BOULEVARD SOUTH & TENNESSEE AVENUE EAST,1,1,0,7,1,1,,0,35,0,0,0,0,0,4,3,16
,2016_06683,39.709764,-105.0461055,2/22/2016 11:17,11:17,3,0,0,UTICA STREET SOUTH & DAKOTA AVENUE WEST,1,1,0,7,1,1,,0,25,0,0,0,0,0,4,2,7
,2016_06684,39.796218,-104.835645,12/22/2016 19:35,19:35,6,0,0,UVALDA STREET & PENSACOLA PLACE,1,3,0,0,1,4,,0,35,0,0,0,0,0,4,3,12
,2016_06685,39.778956,-105.01272,6/27/2016 21:26,21:26,3,0,0,VALLEJO STREET NORTH & SCOTT PLACE WEST,1,3,0,7,1,1,,0,25,0,0,0,0,0,4,2,16
,2016_06686,39.77393322,-105.0474551,5/18/2016 12:16,12:16,3,0,0,VRAIN 1500 BLOCK ALLEY & WINONA COURT,1,1,0,0,1,5,,0,25,0,0,0,0,0,4,2,14
,2016_06687,39.759192,-104.9862105,5/20/2016 23:33,23:33,6,0,0,WALNUT STREET & 26TH STREET,1,3,0,0,1,4,,0,35,0,0,0,0,0,4,5,5
,2016_06689,39.766815,-104.975883,11/23/2016 22:05,22:05,12,0,0,WALNUT STREET 3400 BLOCK & 35TH STREET,1,3,0,0,1,4,,0,,0,0,0,0,0,4,2,8
,2016_06690,39.781854,-104.9786325,6/2/2016 7:40,7:40,12,0,0,WASHINGTON STREET 4700 NORTH & 47TH AVENUE WEST,1,1,0,7,1,2,,0,30,0,0,0,0,0,4,2,16
,2016_06691,39.75204993,-104.9989788,10/11/2016 20:00,20:00,6,0,0,WAZEE STREET & 1600 BLOCK,1,4,0,0,1,4,,0,25,0,0,0,0,0,4,2,14
,2016_06692,39.7516125,-105.0028998,3/18/2016 9:20,9:20,12,0,0,WEWATTA STREET 1500 BLOCK & 15TH STREET,6,1,0,2,1,4,,0,25,0,0,0,0,0,4,2,16
,2016_06693,39.744819,-104.965992,2/29/2016 12:03,12:03,3,0,0,WILLIAMS STREET NORTH & 18TH AVENUE EAST,1,1,0,7,1,1,,0,25,0,0,0,0,0,4,2,16
,2016_06694,39.76610063,-105.0487703,3/28/2016 14:27,14:27,6,0,0,WOLFF STREET & 1400 BLOCK NORTH,1,1,1,7,1,4,,0,25,0,0,0,0,0,4,2,16
,2016_06695,39.741597,-104.9598135,1/29/2016 12:10,12:10,12,0,0,YORK STREET NORTH & 16TH AVENUE EAST,1,1,0,7,1,3,,0,30,0,0,0,0,0,4,2,16
,2016_06696,39.78585,-104.735304,9/25/2016 3:34,3:34,6,0,0,PERCH COURT NORTH & STOLL PLACE EAST,1,3,0,0,1,4,,0,15,0,0,0,0,0,4,2,12
,2016_06697,39.769272,-104.9597415,12/30/2016 18:40,18:40,12,0,0,YORK STREET NORTH & 38TH AVENUE EAST,1,3,0,7,1,3,,0,35,0,0,0,0,1,4,3,3
,2016_06698,39.624192,-104.885334,12/9/2016 9:47,9:47,12,0,0,YOSEMITE STREET SOUTH & BELLEVIEW AVENUE EAST,1,1,0,7,1,3,,0,30,0,0,0,0,0,4,2,16
,2016_06699,39.769335,-105.0520635,12/3/2016 15:04,15:04,12,0,0,ZENOBIA STREET NORTH & 38TH AVENUE WEST,1,3,0,7,1,4,,0,25,0,0,0,0,0,4,2,16
,2016_06700,39.689523,-105.0156945,5/12/2016 17:30,17:30,3,0,0,ZUNI STREET SOUTH & FLORIDA AVENUE WEST,1,1,0,0,1,3,,0,30,0,0,0,0,0,4,2,1
,2016_06735,39.769335,-105.0520635,1/24/2016 10:30,10:30,6,0,0,38TH AVENUE WEST & ZENOBIA STREET NORTH,1,1,0,0,1,4,,0,35,0,0,0,0,0,4,2,13
,2016_07026,39.74001,-104.99202,3/17/2016 8:54,8:54,12,0,0,SIXTH AVENUE 1800 BLOCK WEST & OSAGE STREET EASTBOUND EXIT GORE POINT,1,1,1,0,1,4,,0,45,0,0,0,0,0,2,3,1
,2016_07033,39.745044,-104.987394,9/8/2016 12:20,12:20,15,0,0,18TH STREET & BROADWAY,1,1,0,0,1,1,,0,30,0,0,0,0,0,4,2,13
,2016_07036,39.74603268,-105.0022112,6/25/2016 1:40,1:40,12,0,0,LARIMER STREET & 2600 BLOCK,1,3,0,0,1,4,,0,30,0,0,0,0,0,4,2,13
,2016_07155,39.83346903,-104.692932,4/17/2016 4:24,4:24,5,0,0,PENA BOULEVARD & JACKSON GAP ROAD,4,3,0,2,2,4,,0,65,0,0,0,0,0,4,1,7
,2016_07182,39.783609,-104.7913916,6/14/2016 3:45,3:45,4,0,0,PENA BOULEVARD 4800 & 48TH AVENUE,1,3,0,7,1,4,,0,55,0,0,0,0,0,4,1,16
,2016_07243,39.748446,-105.0033735,7/21/2016 23:01,23:01,5,0,0,AURARIA PARKWAY & SPEER BOULEVARD,1,3,3,0,2,1,,0,30,0,0,0,0,0,4,1,13
,2016_07279,39.78205199,-104.96241,4/22/2016 14:24,14:24,6,0,0,VINE STREET & 700 BLOCK SOUTH,1,1,0,0,1,4,,0,25,0,0,0,0,0,4,2,14
,2016_07297,39.680307,-104.9948235,6/6/2016 20:00,20:00,6,0,0,ASBURY AVENUE 600 BLOCK WEST & FOX STREET SOUTH,1,1,0,0,1,4,,0,30,0,0,0,0,0,4,2,14
,2016_07299,39.738393,-104.9718645,6/16/2016 22:39,22:39,3,0,0,MARION STREET NORTH & 14TH AVENUE EAST,1,3,0,7,1,1,,0,30,0,0,0,0,0,4,2,14
,2016_07309,39.69675,-105.0215535,5/15/2016 16:06,16:06,5,0,0,MISSISSIPPI AVENUE WEST & DALE COURT SOUTH,1,1,0,0,2,1,,0,35,0,0,0,0,0,4,1,7
,2016_07333,39.740085,-104.915043,9/21/2016 8:15,8:15,6,0,0,LEYDEN STREET & COLFAX AVENUE EAST,1,1,0,0,1,4,,0,25,0,0,0,0,0,4,2,2
,2016_07337,39.696687,-104.996835,6/9/2016 13:38,13:38,5,0,0,MISSISSIPPI AVENUE WEST & HURON STREET SOUTH,1,1,0,0,3,1,,0,25,0,0,0,0,0,4,1,7
,2016_07358,39.787443,-105.0112125,9/6/2016 23:54,23:54,6,0,0,TEJON STREET NORTH & 50TH AVENUE WEST,1,3,0,0,1,4,,0,25,0,0,0,0,0,4,2,5
,2016_07378,39.758355,-105.011802,9/12/2016 18:03,18:03,12,0,0,15TH STREET & UMATILLA STREET,1,3,0,0,1,4,,0,,0,0,0,0,0,4,2,13
,2016_07426,39.716568,-104.9921505,6/2/2016 12:37,12:37,6,0,0,CHEROKEE STREET 000 BLOCK SOUTH & ELLSWORTH AVENUE WEST,1,1,0,0,1,4,,0,25,0,0,0,0,0,4,2,14
,2016_07427,39.698388,-104.9605605,3/17/2016 17:15,17:15,3,0,0,YORK STREET SOUTH & TENNESSEE AVENUE,2,2,0,2,1,1,,0,25,0,0,0,0,0,4,2,14
,2016_07438,39.761964,-104.903451,9/13/2016 11:50,11:50,3,0,0,QUEBEC STREET & MLK BOULEVARD,1,1,0,0,1,1,,0,35,0,0,0,0,0,4,2,13
,2016_07456,39.684708,-104.9594715,2/8/2016 2:11,2:11,5,0,0,UNIVERSITY BOULEVARD SOUTH & I25 HIGHWAY NORTHBOUND,1,3,0,0,2,4,,0,35,0,0,0,0,0,4,1,5
,2016_07470,39.724488,-104.9850315,1/11/2016 7:33,7:33,15,0,0,SPEER BOULEVARD & SHERMAN STREET NORTH,1,1,1,0,1,4,,0,30,0,0,0,0,0,4,2,13
,2016_07471,39.746538,-105.0076035,1/22/2016 16:45,16:45,1,0,0,AURORIA PARKWAY & NINTH STREET,1,1,1,0,1,1,,0,,0,0,0,0,1,4,3,13
,2016_07472,39.749832,-104.986152,7/1/2016 7:00,7:00,3,0,0,21ST STREET & CALIFORNIA STREET,1,1,1,0,1,1,,0,25,0,0,0,0,0,4,2,13
,2016_07473,39.667698,-104.9735025,7/23/2016 5:20,5:20,3,0,0,YALE AVENUE EAST & DOWNING STREET SOUTH,1,2,0,0,1,1,,0,30,0,0,0,0,0,4,2,1
,2016_07474,39.72730814,-104.9703692,8/1/2016 14:40,14:40,6,0,0,SEVENTH AVENUE & 100 BLOCK EAST,1,1,0,0,1,4,,0,25,0,0,0,0,0,4,2,13
,2016_07475,39.762018,-104.962203,8/5/2016 5:43,5:43,6,0,0,MLK BOULEVARD EAST & VINE STREET NORTH,1,1,0,0,1,4,,0,30,0,0,0,0,0,4,3,13
,2016_07476,39.78191736,-104.981211,8/12/2016 19:44,19:44,6,0,0,PENNSYLVANIA STREET & 1200 BLOCK NORTH,1,1,0,0,1,4,,0,25,0,0,0,0,0,4,2,13
,2016_07477,39.682755,-104.959332,8/17/2016 7:36,7:36,15,0,0,UNIVERSITY BOULEVARD SOUTH & BUCHTEL BOULEVARD EAST,1,1,0,0,1,3,,0,30,0,0,0,0,0,4,2,8
,2016_07478,39.678417,-104.9642147,8/18/2016 16:24,16:24,12,0,0,EVANS AVENUE EAST & 5500 BLOCK EAST,2,1,0,1,1,1,,0,30,0,0,0,0,0,4,2,14
,2016_07479,39.711159,-104.9900175,8/19/2016 18:43,18:43,12,0,0,ALAMEDA AVENUE WEST & BANNOCK STREET SOUTH,1,1,0,0,1,1,,0,35,0,0,0,0,0,4,2,5
,2016_07480,39.762054,-104.973345,8/21/2016 20:59,20:59,3,0,0,MLK BOULEVARD & DOWNING STREET NORTH,1,4,0,0,1,1,,0,30,0,0,0,0,0,4,2,8
,2016_07481,39.795399,-104.815872,8/23/2016 11:30,11:30,6,0,0,ELKHART STREET NORTH & PENSACOLA PLACE,1,3,0,0,1,1,,0,25,0,0,0,0,0,4,2,14
,2016_07482,39.743793,-104.885802,8/24/2016 17:35,17:35,3,0,0,17TH AVENUE EAST & XENIA STREET NORTH,2,1,0,0,1,1,,0,25,0,0,0,0,0,4,2,1
,2016_07483,39.768102,-104.953653,8/26/2016 20:50,20:50,6,0,0,37TH AVENUE EAST & FILLMORE STREET NORTH,1,3,0,0,1,3,,0,25,0,0,0,0,0,4,3,13
,2016_07485,39.738438,-104.982345,8/27/2016 18:34,18:34,10,0,0,LOGAN STREET NORTH & 14TH AVENUE EAST,1,1,0,0,1,1,,0,30,0,0,0,0,0,4,2,13
,2016_07486,39.783609,-104.7913916,8/28/2016 8:55,8:55,12,0,0,GREEN VALLEY RANCH BOULEVARD EAST & PENA BOULEVARD,1,1,0,0,1,4,,0,35,0,0,0,0,0,4,2,14
,2016_07487,39.749886,-104.998311,8/30/2016 12:34,12:34,15,0,0,MARKET STREET & 16TH STREET,1,1,0,0,1,4,,0,30,0,0,0,0,1,4,2,13
,2016_07488,39.732039,-104.9741055,8/31/2016 7:30,7:30,3,0,0,10TH AVENUE & CORONA STREET NORTH,1,1,0,0,1,2,,0,15,0,0,0,0,0,4,2,13
,2016_07489,39.765069,-104.8905405,8/31/2016 14:00,14:00,3,0,2,35TH AVENUE EAST & CENTRAL PARK BOULEVARD NORTH,1,1,0,0,1,1,,0,30,0,0,0,0,2,4,2,13
,2016_07490,39.77015279,-104.8878169,9/2/2016 17:55,17:55,12,0,0,CENTRAL PARK BOULEVARD & SMITH ROAD,1,1,1,0,1,4,,0,35,0,0,0,0,0,4,2,13
,2016_07491,39.713004,-105.020334,9/8/2016 17:36,17:36,3,0,0,CEDAR AVENUE WEST & CLAY STREET SOUTH,1,1,0,0,1,1,,0,25,0,0,0,0,0,4,2,7
,2016_07492,39.762018,-104.9240115,9/9/2016 11:05,11:05,12,0,1,MLK BOULEVARD & HUDSON STREET NORTH,1,1,0,0,1,4,,0,30,0,0,0,0,2,4,2,13
,2016_07493,39.741957,-104.898744,9/10/2016 5:57,5:57,6,0,0,16TH AVENUE EAST & SYRACUSE STREET,1,1,1,0,1,4,,0,25,0,0,0,0,1,4,2,5
,2016_07494,39.732012,-104.979852,9/13/2016 12:12,12:12,3,0,1,10TH AVENUE EAST & PEARL STREET NORTH,1,1,0,0,1,1,,0,30,0,0,0,1,2,4,2,8
,2016_07495,39.780351,-104.7628215,9/13/2016 18:02,18:02,8,0,0,CEYLON COURT NORTH & 46TH AVENUE EAST,1,1,0,0,1,3,,0,25,0,0,0,0,0,4,2,7
,2016_07496,39.741606,-104.9591925,9/15/2016 20:15,20:15,10,0,0,JOSEPHINE STREET & 16TH AVENUE EAST,1,3,0,0,1,3,,0,25,0,0,0,0,0,4,2,13
,2016_07497,39.675402,-105.059223,9/20/2016 11:37,11:37,3,0,0,WARREN AVENUE WEST & FENTON STREET SOUTH,1,1,0,0,1,1,,0,25,0,0,0,0,0,4,2,7
,2016_07498,39.747429,-104.898771,9/20/2016 11:49,11:49,12,0,0,SYRACUSE STREET & MONTVIEW BOULEVARD,1,1,0,0,1,4,,0,30,0,0,0,0,1,4,2,14
,2016_07499,39.758535,-104.9853915,9/25/2016 1:00,1:00,6,0,0,26TH STREET & LARIMER STREET,1,3,0,0,1,4,,0,25,0,0,0,0,0,4,2,5
,2016_07500,39.674997,-105.0250635,9/27/2016 8:20,8:20,3,0,0,ILIFF AVENUE & FEDERAL BOULEVARD SOUTH,1,1,0,0,1,2,,0,25,0,0,0,0,0,4,3,7
,2016_07501,39.767382,-104.90346,9/28/2016 17:45,17:45,10,0,0,36TH AVENUE EAST & QUEBEC STREET NORTH,1,1,0,0,1,1,,0,35,0,0,0,0,0,4,2,13
,2016_07502,39.695112,-104.9222925,9/30/2016 17:10,17:10,12,0,0,HOLLY STREET & MINNESOTA DRIVE EAST,1,1,0,0,1,4,,0,30,0,0,0,0,0,4,2,13
,2016_07503,39.69675,-105.0227055,10/4/2016 19:30,19:30,3,0,0,MISSISSIPPI AVENUE & DECATUR STREET SOUTH,1,3,0,0,1,1,,0,25,0,0,0,0,0,4,2,13
,2016_07504,39.743226,-104.961006,10/5/2016 16:50,16:50,3,0,0,17TH AVENUE EAST & GAYLORD STREET NORTH,1,1,0,0,1,1,,0,25,0,0,0,0,0,4,2,13
,2016_07505,39.768093,-104.9462415,10/7/2016 8:26,8:26,6,0,0,37TH AVENUE EAST & MADISON STREET NORTH,1,1,0,0,1,3,,0,,0,0,0,0,0,4,2,13
,2016_07506,39.698559,-104.987484,10/12/2016 7:45,7:45,5,0,0,BROADWAY SOUTH & TENNESSEE AVENUE EAST,2,4,0,1,3,3,,1,25,0,0,0,0,0,4,1,8
,2016_07507,39.72627,-105.0002055,10/12/2016 19:34,19:34,12,0,0,SIXTH AVENUE WEST & KALAMATH STREET NORTH,1,3,0,0,1,1,,0,40,0,0,0,0,0,4,2,12
,2016_07508,39.718332,-104.987502,9/6/2016 17:18,17:18,15,0,1,FIRST AVENUE WEST & FIRST AVENUE 309 WEST,1,1,0,0,1,4,,0,25,0,0,0,0,2,4,2,13
,2016_07509,39.718134,-105.0396975,1/23/2016 15:05,15:05,12,0,0,FIRST AVENUE WEST & PERRY STREET,1,1,1,0,1,4,,0,30,0,0,0,0,0,4,2,7
,2016_07510,39.717819,-104.946165,10/28/2016 13:43,13:43,3,0,1,FIRST AVENUE EAST & MADISON STREET NORTH,1,1,1,0,1,1,,0,25,0,0,0,0,2,4,2,14
,2016_07511,39.718179,-104.959314,12/12/2016 7:51,7:51,15,0,0,FIRST AVENUE 2200 BLOCK EAST & UNIVERSITY BOULEVARD NORTH,1,1,0,0,1,4,,0,30,0,0,0,0,0,4,3,13
,2016_07512,39.722517,-104.990832,11/13/2016 14:30,14:30,3,0,0,FOURTH AVENUE WEST & BANNOCK STREET NORTH,1,1,0,7,1,1,,0,25,0,0,0,0,0,4,2,16
,2016_07513,39.770703,-105.03306,10/28/2016 12:30,12:30,6,0,0,KING STREET NORTH & 39TH AVENUE WEST,1,1,0,0,1,1,,0,25,0,0,0,0,0,4,2,13
,2016_07514,39.722526,-104.9497605,7/5/2016 17:21,17:21,6,0,0,FOURTH AVENUE EAST & STEELE STREET NORTH,1,1,0,0,1,4,,0,25,0,0,0,0,0,4,2,3
,2016_07515,39.722112,-105.043941,7/13/2016 2:19,2:19,6,0,0,FOURTH AVENUE WEST & TENNYSON STREET NORTH,1,3,0,7,1,4,,0,25,0,0,0,0,0,4,3,16
,2016_07516,39.724506,-105.032502,3/12/2016 12:40,12:40,3,0,0,FIFTH AVENUE WEST & KNOX COURT NORTH,1,1,1,7,1,1,,0,30,0,0,0,0,0,4,2,7
,2016_07517,39.725631,-104.9874435,4/15/2016 13:11,13:11,12,0,0,SIXTH AVENUE 000 BLOCK WEST & BROADWAY STREET NORTH,1,1,0,7,1,3,,0,30,0,0,0,0,0,4,2,3
,2016_07518,39.725631,-104.9874435,11/23/2016 11:47,11:47,10,0,0,SIXTH AVENUE WEST & BROADWAY STREET NORTH,1,1,0,0,1,1,,0,35,0,0,0,0,0,4,2,8
,2016_07519,39.725622,-104.983605,12/7/2016 0:35,0:35,3,0,0,SIXTH AVENUE EAST & GRANT STREET NORTH,4,3,0,2,1,1,,0,30,0,0,0,0,0,4,2,14
,2016_07520,39.725604,-104.958864,6/15/2016 20:09,20:09,10,0,0,SIXTH AVENUE EAST & JOSEPHINE STREET NORTH,1,1,0,0,1,1,,0,30,0,0,0,0,0,4,2,8
,2016_07521,39.72627,-105.0002055,6/16/2016 9:47,9:47,12,0,0,SIXTH AVENUE WEST & KALAMATH STREET,1,1,0,0,1,14,,0,45,0,0,0,0,0,4,2,14
,2016_07522,39.72627,-105.0002055,7/13/2016 7:44,7:44,12,0,0,SIXTH AVENUE 900 BLOCK WEST & KALAMATH STREET NORTH,1,1,0,7,1,4,,0,30,0,0,0,0,0,4,2,16
,2016_07523,39.725604,-105.0325155,2/29/2016 13:47,13:47,15,0,0,SIXTH AVENUE WEST  & KNOX COURT NORTH,1,1,0,0,1,3,,0,30,0,0,0,0,1,4,2,5
,2016_07524,39.72564,-105.001623,8/10/2016 9:38,9:38,12,0,0,SIXTH AVENUE 1100 BLOCK WEST & LIPAN STREET NORTH,1,1,0,7,1,4,,0,45,0,0,0,0,0,4,3,14
,2016_07525,39.725595,-104.952213,11/26/2016 13:39,13:39,12,0,0,SIXTH AVENUE EAST & MILWAUKEE STREET NORTH,1,1,0,7,1,1,,0,30,0,0,0,0,0,4,2,16
,2016_07526,39.725424,-104.903793,1/25/2016 16:30,16:30,12,0,0,SIXTH AVENUE EAST & QUEBEC STREET NORTH,2,1,0,2,1,1,,0,35,0,0,0,0,1,4,2,16
,2016_07527,39.725658,-104.984865,11/15/2016 7:54,7:54,10,0,0,SIXTH AVENUE EAST & SHERMAN STREET NORTH,1,1,1,0,1,1,,0,30,0,0,0,0,0,4,2,14
,2016_07528,39.729213,-104.9339925,12/24/2016 15:51,15:51,3,0,0,EIGHTH AVENUE EAST & CHERRY STREET NORTH,1,1,0,7,1,1,,0,25,0,0,0,0,0,4,2,16
,2016_07529,39.729132,-104.9528745,4/5/2016 7:10,7:10,5,0,0,EIGHTH AVENUE EAST & FILLMORE STREET,1,1,0,0,3,4,,0,30,0,0,0,0,0,4,1,13
,2016_07530,39.729078,-104.983614,1/12/2016 12:21,12:21,10,0,0,EIGHTH AVENUE EAST & GRANT STREET NORTH,1,1,1,0,1,1,,0,30,0,0,0,0,0,4,2,7
,2016_07532,39.729087,-104.986152,3/16/2016 17:00,17:00,3,0,0,EIGHTH AVENUE EAST & LINCOLN STREET,1,1,0,0,1,1,,0,30,0,0,0,0,0,4,2,13
,2016_07533,39.729267,-104.90814,1/25/2016 17:20,17:20,12,0,0,EIGHTH AVENUE EAST & ONEIDA STREET NORTH,2,3,1,2,1,3,,0,35,0,0,0,0,1,4,4,8
,2016_07534,39.728934,-104.9906115,10/23/2016 11:20,11:20,3,0,1,EIGHTH AVENUE EAST & SPEER BOULEVARD NORTH,1,1,0,0,1,1,,0,,0,0,0,0,2,4,3,13
,2016_07535,39.729312,-105.015933,5/18/2016 9:30,9:30,15,0,0,EIGHTH AVENUE WEST & ZUNI STREET NORTH,1,1,0,7,1,1,,0,30,0,0,0,0,0,4,2,14
,2016_07536,39.67126974,-104.9801693,6/24/2016 17:51,17:51,3,0,0,10TH AVENUE 600 BLOCK EAST & PEARL STREET NORTH / WASHINGTON STREET ALLEY,1,1,1,0,1,5,,0,30,0,0,0,0,0,4,2,14
,2016_07537,39.733056,-105.0474915,1/2/2016 1:07,1:07,6,0,0,10TH AVENUE 4700 BLOCK WEST & WINONA COURT NORTH,1,3,0,7,1,4,,0,35,0,0,0,0,0,4,2,3
,2016_07538,39.738447,-104.9941125,9/23/2016 10:00,10:00,6,0,0,ELATI STREET NORTH & 14TH AVENUE EAST,1,1,0,0,1,4,,0,25,0,0,0,0,0,4,2,1
,2016_07539,39.73383,-104.99166,10/21/2016 13:35,13:35,3,0,0,11TH AVENUE 300 BLOCK WEST & CHEROKEE STREET,1,1,0,0,1,5,,0,25,0,0,0,0,0,4,2,7
,2016_07540,39.733677,-105.0001605,1/31/2016 22:30,22:30,3,0,0,11TH AVENUE WEST & KALAMATH STREET NORTH,2,3,0,2,1,1,,0,25,0,0,0,0,1,4,2,16
,2016_07541,39.733443,-104.959845,11/19/2016 11:11,11:11,15,0,0,11TH AVENUE EAST & YORK STREET NORTH,1,1,0,7,1,4,,0,30,0,0,0,0,0,4,2,16
,2016_07542,39.735144,-104.9776155,1/13/2016 16:49,16:49,3,0,0,12TH AVENUE 700 BLOCK EAST & CLARKSON STREET NORTH,1,1,0,0,1,2,,0,30,0,0,0,1,0,4,2,13
,2016_07543,39.735144,-104.9823225,3/17/2016 17:56,17:56,15,0,0,12TH AVENUE EAST & LOGAN STREET NORTH,2,2,0,2,1,1,,0,25,0,0,0,0,0,4,2,14
,2016_07544,39.735252,-104.9848605,5/2/2016 15:13,15:13,6,0,0,12TH AVENUE & SHERMAN STREET NORTH,1,1,0,0,1,2,,0,30,0,0,0,0,0,4,2,1
,2016_07545,39.732039,-104.9732465,11/22/2016 15:55,15:55,15,0,0,V & 10TH AVENUE EAST,1,1,0,7,1,4,,0,30,0,0,0,0,0,4,2,14
,2016_07546,39.736845,-104.9741505,1/11/2016 3:45,3:45,3,0,0,13TH AVENUE EAST & CORONA STREET NORTH,5,3,0,0,1,1,,0,30,0,0,0,0,0,4,3,5
,2016_07547,39.736836,-104.912811,5/19/2016 14:42,14:42,10,0,0,13TH AVENUE EAST & MONACO STREET NORTH,1,1,0,0,1,1,,0,30,0,0,0,0,0,4,2,14
,2016_07548,39.74001,-104.99202,1/8/2016 14:22,14:22,3,0,0,14TH AVENUE & 5800 BLOCK EAST,4,1,0,0,1,2,,0,30,0,0,0,0,0,4,2,6
,2016_07549,39.738276,-104.933844,9/18/2016 20:33,20:33,10,0,0,14TH AVENUE EAST & CHERRY STREET NORTH,1,3,0,0,1,4,,0,,0,0,0,0,0,4,2,8
,2016_07550,39.738276,-104.9326875,11/9/2016 14:08,14:08,15,0,0,14TH AVENUE EAST & DEXTER STREET NORTH,1,1,0,7,1,4,,0,35,0,0,0,0,0,4,2,3
,2016_07551,39.73833,-104.913945,12/2/2016 16:23,16:23,3,0,0,14TH AVENUE EAST & LOCUST STREET NORTH,1,1,0,0,1,1,,0,25,0,0,0,0,0,4,3,13
,2016_07552,39.738501,-105.015924,2/16/2016 12:03,12:03,5,0,0,14TH AVENUE & ZUNI STREET NORTH,1,1,0,0,3,4,,0,25,0,0,0,0,0,4,1,9
,2016_07553,39.74001,-104.99202,6/27/2016 2:06,2:06,6,0,0,16TH AVENUE & 800 BLOCK EAST,1,3,0,0,1,4,,0,30,0,0,0,0,0,4,2,5
,2016_07554,39.741624,-104.9634765,12/19/2016 12:20,12:20,1,0,0,16TH AVENUE EAST & RACE STREET NORTH,4,1,0,7,1,1,,0,30,0,0,0,0,1,4,2,16
,2016_07555,39.741597,-104.9622435,10/29/2016 15:30,15:30,3,0,0,16TH AVENUE EAST & VINE STREET NORTH,1,1,0,0,1,1,,0,25,0,0,0,0,0,4,2,13
,2016_07556,39.743388,-104.93721,11/9/2016 7:50,7:50,3,0,0,17TH AVENUE EAST & BELLAIRE STREET NORTH,1,1,0,7,1,1,,0,25,0,0,0,1,1,4,2,7
,2016_07557,39.743262,-104.9775525,12/10/2016 17:44,17:44,10,0,0,17TH AVENUE EAST & CLARKSON STREET NORTH,1,3,0,0,1,1,,0,30,0,0,0,0,0,4,2,12
,2016_07558,39.743802,-104.9566815,5/1/2016 14:42,14:42,12,0,0,17TH AVENUE EAST & ESPLANADE PARKWAY NORTH,1,1,0,7,1,1,,0,30,0,0,0,0,0,4,2,16
,2016_07559,39.743253,-104.981103,8/3/2016 20:35,20:35,3,0,0,17TH AVENUE EAST & PENNSYLVANIA STREET NORTH,1,3,0,7,1,1,,0,25,0,0,0,0,0,4,2,14
,2016_07560,39.743253,-104.981103,11/17/2016 17:40,17:40,12,0,0,17TH AVENUE 400 BLOCK EAST & PENNSYLVANIA STREET NORTH,4,3,0,2,1,4,,0,30,0,0,0,0,0,4,2,7
,2016_07561,39.743775,-104.902263,11/11/2016 9:05,9:05,3,0,0,17TH AVENUE EAST & QUINCE STREET NORTH,1,1,0,7,1,1,,0,20,0,0,0,0,1,4,2,7
,2016_07562,39.743784,-104.9500395,6/15/2016 1:50,1:50,6,0,0,17TH AVENUE EAST & STEELE STREET NORTH,1,3,0,0,3,4,,0,30,0,0,0,0,0,4,3,5
,2016_07563,39.743775,-104.898753,2/26/2016 1:00,1:00,3,0,0,17TH AVENUE EAST & SYRACUSE STREET NORTH,1,3,0,7,1,1,,0,30,0,0,0,0,0,4,2,9
,2016_07564,39.743775,-104.88933,5/4/2016 7:10,7:10,3,0,0,17TH AVENUE EAST & WABASH STREET NORTH,1,1,0,7,1,1,,0,30,0,0,0,0,0,4,2,8