id,drcog_id,latitude,longitude,crashtime,time,crashtype,numbkilled,numbinjurd,drcoglocat,rdconditin,lightngcon,roadcntgrd,weatherco,location,roaddescrp,schoolzone,constrzone,splimit,bikeinv,pedinv,sctrinv,motoinv,svrty,rdsystem,ttlvehcls,hcf
,2016_07707,39.776715,-105.034644,1/2/2016 15:35,15:35,12,0,0,LOWELL BOULEVARD NORTH & 44TH AVENUE WEST,1,1,1,0,1,1,,0,35,0,0,0,0,0,4,2,13
,2016_07708,39.770253,-104.9719725,1/21/2016 19:15,19:15,12,0,0,MARION STREET NORTH & 38TH STREET,1,3,0,0,1,3,,0,30,0,0,0,0,1,4,2,7
,2016_07709,39.74893775,-104.9994373,11/14/2016 11:15,11:15,6,0,0,MARKET STREET 1500 BLOCK & 15TH STREET,1,1,0,0,1,3,,0,60,0,0,0,0,0,4,2,13
,2016_07710,39.762,-104.912865,4/18/2016 12:30,12:30,3,0,0,MLK BOULEVARD & MONACO PARKWAY NORTH,1,1,0,7,1,1,,0,35,0,0,0,0,1,4,2,16
,2016_07712,39.794787,-104.809761,5/27/2016 19:34,19:34,14,0,0,MAXWELL PLACE EAST & CHAMBERS ROAD NORTH,2,1,0,1,6,1,,0,40,0,0,0,0,0,4,2,13
,2016_07713,39.792249,-104.8210335,3/14/2016 7:40,7:40,3,0,0,MAXWELL PLACE EAST & CRYSTAL STREET NORTH,1,1,0,7,1,1,,0,25,0,0,0,0,0,4,2,16
,2016_07714,39.685662,-104.9394825,2/16/2016 15:10,15:10,1,0,0,MEXICO AVENUE EAST & ALBION STREET SOUTH,1,1,0,0,1,1,,0,25,0,0,0,0,0,4,2,13
,2016_07715,39.764466,-104.952402,4/19/2016 13:30,13:30,6,0,0,MILWAUKEE STREET NORTH & BRUCE RANDOLPH AVENUE EAST,1,1,0,0,1,4,,0,30,0,0,0,0,0,4,2,13
,2016_07716,39.696579,-104.9476815,7/26/2016 17:17,17:17,3,0,0,MISSISSIPPI AVENUE EAST & COOK STREET SOUTH,1,1,0,7,1,1,,0,25,0,0,0,0,1,4,2,3
,2016_07717,39.6963,-104.8974705,5/20/2016 15:10,15:10,12,0,0,MISSISSIPPI AVENUE 7800 BLOCK EAST & PARKER ROAD SOUTH,1,1,0,7,1,1,,0,30,0,0,0,0,1,4,3,8
,2016_07718,39.696741,-105.0472035,7/10/2016 22:00,22:00,6,0,0,MISSISSIPPI AVENUE WEST & WINONA COURT SOUTH,1,3,0,0,1,1,,0,25,0,0,0,0,0,4,3,3
,2016_07719,39.761964,-104.903451,6/25/2016 17:20,17:20,15,0,0,MLK BOULEVARD & QUEBEC STREET NORTH,1,1,0,7,1,1,,0,35,0,0,0,0,0,4,2,8
,2016_07720,39.762027,-104.97213,9/22/2016 9:06,9:06,12,0,0,MLK BOULEVARD EAST & MARION STREET NORTH,1,1,0,0,1,1,,0,35,0,0,0,0,1,4,3,7
,2016_07721,39.762,-104.912865,10/31/2016 18:45,18:45,12,0,0,MLK BOULEVARD & MONACO STREET NORTH,1,3,0,7,1,4,,0,35,0,0,0,0,1,4,2,16
,2016_07722,39.725334,-104.912793,12/6/2016 7:26,7:26,15,0,0,MONACO STREET NORTH & SIXTH AVENUE EAST,1,1,0,7,1,1,,0,30,0,0,0,0,0,4,2,7
,2016_07723,39.729276,-104.9128155,6/2/2016 8:25,8:25,3,0,0,MONACO STREET NORTH & EIGHTH AVENUE EAST,1,1,0,0,1,1,,0,25,0,0,0,0,0,4,2,13
,2016_07724,39.730473,-104.912811,11/7/2016 18:06,18:06,12,0,0,MONACO STREET NORTH & NINTH AVENUE EAST,1,3,0,7,1,4,,0,30,0,0,0,0,0,4,2,3
,2016_07725,39.743478,-104.9128155,2/2/2016 10:35,10:35,3,0,2,MONACO STREET NORTH & 17TH AVENUE EAST,10,1,0,2,1,1,,0,30,0,0,0,0,2,4,2,7
,2016_07726,39.711366,-104.912964,1/25/2016 9:08,9:08,12,0,0,MONACO STREET SOUTH & ALAMEDA AVENUE EAST,1,1,0,0,1,1,,0,35,0,0,0,0,0,4,2,7
,2016_07727,39.711366,-104.912964,10/23/2016 12:48,12:48,12,0,0,MONACO STREET SOUTH & ALAMEDA AVENUE EAST,1,1,0,7,1,3,,0,30,0,0,0,0,1,4,2,12
,2016_07728,39.678435,-104.9127435,1/22/2016 7:40,7:40,12,0,0,MONACO STREET SOUTH & EVANS AVENUE EAST,1,1,0,7,1,1,,0,35,0,0,0,0,0,4,2,16
,2016_07729,39.678435,-104.9127435,6/23/2016 11:49,11:49,12,0,0,MONACO STREET SOUTH & EVANS AVENUE EAST,1,1,0,7,1,1,,0,30,0,0,0,0,0,4,2,16
,2016_07730,39.702942,-104.9129415,7/16/2016 11:19,11:19,15,0,0,MONACO STREET SOUTH & LEETSDALE DRIVE,1,1,1,7,1,4,,0,35,0,0,0,0,0,4,2,1
,2016_07731,39.747429,-104.9128245,2/16/2016 22:30,22:30,12,0,0,MONACO STREET NORTH & MONTVIEW BOULEVARD,1,3,0,7,1,1,,0,30,0,0,0,0,0,4,2,5
,2016_07732,39.747447,-104.8905135,11/15/2016 17:15,17:15,12,0,0,MONTVIEW BOULEVARD EAST & VERBENA STREET NORTH,1,2,0,7,1,1,,0,30,0,0,0,0,0,4,3,16
,2016_07733,39.844602,-104.6809395,1/1/2016 6:55,6:55,5,0,0,PENA BOULEVARD & 78TH AVENUE EAST,8,1,0,0,2,4,,0,45,0,0,0,0,1,4,1,14
,2016_07734,39.707451,-105.0381225,7/25/2016 13:20,13:20,1,0,0,MORRISON ROAD & OSCEOLA STREET SOUTH,1,1,0,7,1,1,,0,30,0,0,0,0,0,4,2,8
,2016_07735,39.785454,-104.8880025,4/29/2016 14:25,14:25,15,0,0,NORTHFIELD BOULEVARD & WILLOW STREET NORTH,2,1,0,2,1,1,,0,35,0,0,0,0,0,4,2,16
,2016_07736,39.763827,-104.906952,10/25/2016 8:45,8:45,14,0,0,OLIVE STREET & 33RD AVENUE EAST,1,1,1,0,1,2,,0,25,0,0,0,0,0,4,2,7
,2016_07738,39.674835,-104.908896,5/24/2016 7:47,7:47,8,0,0,ONEIDA STREET 2200 BLOCK SOUTH & ILIFF AVENUE,1,1,0,7,1,4,,0,30,0,0,0,0,0,4,2,14
,2016_07739,39.77418291,-104.7603039,1/29/2016 9:00,9:00,5,0,0,41ST PLACE & 20367 EAST,1,1,0,1,2,4,,0,25,0,0,0,0,0,4,2,13
,2016_07740,39.765726,-104.9948415,5/16/2016 12:30,12:30,12,0,0,PARK AVENUE WEST & GLOBEVILLE ROAD,2,1,1,7,1,1,,0,35,0,0,0,0,0,4,2,16
,2016_07741,39.755745,-104.989014,3/18/2016 12:45,12:45,10,0,0,PARK AVENUE WEST & LARIMER STREET,2,1,0,2,1,1,,0,35,0,0,0,0,0,4,2,5
,2016_07742,39.756411,-104.989833,3/31/2016 9:14,9:14,15,0,1,PARK AVENUE WEST & MARKET STREET,2,1,0,2,1,4,,0,30,0,0,0,0,2,4,2,16
,2016_07743,39.725631,-104.979942,10/3/2016 8:45,8:45,3,0,0,PEARL STREET NORTH & SIXTH AVENUE EAST,1,1,0,0,1,1,,0,25,0,0,0,0,1,4,2,13
,2016_07744,39.689379,-104.9804415,1/22/2016 18:04,18:04,6,0,0,PEARL STREET 1400 BLOCK SOUTH & FLORIDA AVENUE EAST,1,3,0,0,1,4,,0,25,0,0,0,0,0,4,2,7
,2016_07745,39.774105,-105.0064425,8/6/2016 14:40,14:40,3,0,0,PECOS STREET NORTH & 42ND AVENUE WEST,1,1,0,0,1,1,,0,30,0,0,0,0,0,4,2,13
,2016_07746,39.844602,-104.6809395,6/9/2016 22:53,22:53,5,0,0,PENA BOULEVARD & 6800 BLOCK,1,3,0,0,2,4,,0,65,0,0,0,0,0,4,1,2
,2016_07748,39.8356446,-104.6717644,11/22/2016 9:20,9:20,12,0,0,PENA BOULEVARD 7700 BLOCK & SHADY GROVE STREET EXIT,2,1,0,1,1,4,,0,45,0,0,0,0,1,4,3,14
,2016_07749,39.777255,-104.8460535,4/2/2016 12:12,12:12,12,0,0,PEORIA STREET 4400 BLOCK NORTH & 45TH AVENUE EAST,1,1,0,7,1,4,,0,40,0,0,0,0,1,4,4,16
,2016_07750,39.794211,-104.8472235,10/26/2016 8:40,8:40,1,0,0,PEORIA STREET NORTH & 54TH AVENUE EAST,1,1,0,0,1,1,,0,40,0,0,0,0,0,4,2,13
,2016_07751,39.786219,-104.8469715,1/4/2016 17:20,17:20,12,0,0,PEORIA STREET NORTH & ANDREWS DRIVE EAST,1,3,0,0,1,3,,0,40,0,0,0,0,0,4,2,13
,2016_07752,39.76533298,-105.03929,12/8/2016 14:30,14:30,3,0,0,PERRY STREET & 1400 BLOCK,1,1,1,0,1,2,,0,25,0,0,0,0,0,4,2,13
,2016_07753,39.736629,-105.0392655,11/20/2016 19:27,19:27,6,0,0,PERRY STREET NORTH & 13TH AVENUE WEST,1,3,0,0,1,4,,0,25,0,0,0,0,0,4,2,5
,2016_07754,39.754719,-104.9046255,1/21/2016 11:00,11:00,12,0,0,POPLAR STREET NORTH & 26TH AVENUE EAST,1,1,0,0,1,5,,0,15,0,0,0,0,0,4,2,16
,2016_07755,39.797541,-104.8271805,12/7/2016 15:15,15:15,6,0,0,POTOMAC WAY NORTH & RANDOLPH PLACE EAST,4,1,0,2,1,4,,0,25,0,0,0,0,0,4,2,1
,2016_07756,39.77171824,-104.90281,5/20/2016 17:05,17:05,12,0,0,QUEBEC STREET NORTH & 1400 BLOCK NORTH,1,1,0,0,1,4,,0,35,0,0,0,0,0,4,4,7
,2016_07757,39.683889,-104.903433,9/30/2016 19:00,19:00,12,0,1,QUEBEC STREET 1800 BLOCK SOUTH & COLORADO AVENUE EAST,1,2,0,0,1,4,,0,35,0,0,0,0,2,4,2,1
,2016_07759,39.717045,-104.903793,7/14/2016 14:25,14:25,15,0,0,QUEBEC STREET 000 BLOCK NORTH & LOWRY BOULEVARD EAST,1,1,0,0,1,3,,0,35,0,0,0,0,0,4,2,1
,2016_07760,39.771774,-104.903442,10/14/2016 17:40,17:40,3,0,0,QUEBEC STREET NORTH & SMITH ROAD EAST,1,1,0,0,1,1,,0,30,0,0,0,0,0,4,2,14
,2016_07761,39.7790145,-105.0069645,8/16/2016 7:35,7:35,6,0,0,QUIETO COURT NORTH & CHAFFEE PLACE WEST,1,1,0,0,1,1,,0,25,0,0,0,0,0,4,2,14
,2016_07762,39.667716,-105.040683,11/12/2016 22:15,22:15,6,0,0,QUITMAN STREET SOUTH & YALE AVENUE WEST,1,4,0,0,1,4,,0,25,0,0,0,0,0,4,3,5
,2016_07763,39.710493,-105.042051,7/16/2016 19:19,19:19,6,0,0,RALEIGH STREET SOUTH & NEVADA PLACE WEST,1,1,0,0,1,1,,0,25,0,0,0,0,0,4,2,7
,2016_07764,39.7214083,-104.8995438,3/11/2016 0:28,0:28,6,0,0,RAMPART WAY NORTH & 190,1,3,0,0,1,4,,0,25,0,0,0,0,0,4,3,5
,2016_07765,39.743955,-104.9954625,1/9/2016 2:30,2:30,15,0,0,14TH STREET 800 BLOCK & STOUT STREET,1,3,0,0,1,5,,0,30,0,0,0,0,0,4,2,13
,2016_07766,39.743955,-104.9954625,12/18/2016 23:06,23:06,6,0,0,14TH STREET & STOUT STREET,5,3,0,0,1,4,,0,,0,0,0,0,0,4,2,13
,2016_07767,39.756456,-105.0093135,8/6/2016 2:42,2:42,3,0,0,15TH STREET & PLATTE STREET,1,3,0,0,1,1,,0,30,0,0,0,0,1,4,2,13
,2016_07768,39.749715,-104.9932665,11/6/2016 1:59,1:59,3,0,0,18TH STREET & ARAPAHOE STREET,1,3,0,7,1,1,,0,30,0,0,0,0,0,4,2,16
,2016_07769,39.745044,-104.987394,6/4/2016 17:07,17:07,15,0,0,18TH STREET 000 BLOCK & BROADWAY STREET,1,1,1,0,1,4,,0,30,0,0,0,0,0,4,2,13
,2016_07770,39.746367,-104.9888655,1/25/2016 10:42,10:42,3,0,0,18TH STREET 500 BLOCK & WELTON STREET,1,1,0,0,1,1,,0,30,0,0,0,0,0,4,2,7
,2016_07771,39.746961,-104.987412,1/30/2016 23:35,23:35,15,0,0,19TH STREET & BROADWAY STREET,2,3,0,2,1,1,,0,35,0,0,0,0,0,4,2,13
,2016_07772,39.748878,-104.987448,5/22/2016 14:00,14:00,12,0,0,20TH STREET & BROADWAY STREET NORTH,1,1,0,0,1,1,,0,35,0,0,0,0,0,4,2,8
,2016_07773,39.748887,-104.9874525,7/6/2016 13:05,13:05,10,0,0,20TH STREET & BROADWAY NORTH,1,1,0,0,1,1,,0,30,0,0,0,0,0,4,2,13
,2016_07774,39.750264,-104.9891625,11/20/2016 2:21,2:21,3,0,1,20TH STREET & CHAMPA STREET,1,3,0,0,1,1,,0,30,0,0,0,0,2,4,2,13
,2016_07775,39.757653,-104.998635,4/16/2016 0:07,0:07,12,0,0,20TH STREET & CHESTNUT PLACE,2,3,0,1,1,3,,0,30,0,0,0,0,0,4,2,14
,2016_07776,39.748185,-104.9864445,8/2/2016 9:00,9:00,15,0,0,20TH STREET & WELTON STREET,1,1,0,7,1,1,,0,25,0,0,0,0,0,4,2,16
,2016_07777,39.754557,-104.9922225,3/26/2016 0:45,0:45,6,0,0,21ST STREET 1400 BLOCK & MARKET STREET,1,3,0,0,1,4,,0,25,0,0,0,0,0,4,3,13
,2016_07778,39.752757,-104.9875515,4/20/2016 10:30,10:30,15,0,0,22ND STREET 1000 BLOCK & CURTIS STREET,1,1,0,0,1,3,,0,35,0,0,0,0,0,4,2,8
,2016_07779,39.750129,-104.9841,2/1/2016 18:56,18:56,3,0,0,22ND STREET & WELTON STREET,4,3,0,2,1,1,,0,30,0,0,0,0,0,4,2,16
,2016_07780,39.755187,-104.9809815,1/21/2016 9:44,9:44,3,0,0,26TH STREET & STOUT STREET NORTH,1,1,0,0,1,1,,0,30,0,0,0,0,0,4,2,13
,2016_07781,39.766572,-104.983713,2/26/2016 14:53,14:53,15,0,0,BRIGHTON BOULEVARD NORTH & 31ST STREET,1,1,0,0,1,4,,1,30,0,0,0,0,0,4,2,13
,2016_07782,39.776427,-104.8469535,2/24/2016 9:20,9:20,12,0,0,44TH AVENUE EAST & PEORIA STREET NORTH,1,1,0,0,1,3,,0,25,0,0,0,0,0,4,2,13
,2016_07783,39.711186,-104.997132,8/23/2016 15:11,15:11,12,0,0,SANTA FE DRIVE SOUTH & ALAMEDA AVENUE EAST,1,1,0,0,1,1,,0,25,0,0,0,0,1,4,2,13
,2016_07784,39.682143,-104.9851935,6/11/2016 2:17,2:17,6,0,0,SHERMAN STREET SOUTH & JEWELL AVENUE EAST,1,4,0,0,1,4,,0,25,0,0,0,0,0,4,2,5
,2016_07785,39.73851768,-104.9969761,10/27/2016 18:50,18:50,15,0,0,SPEER BOULEVARD & 400 BLOCK EAST,1,2,0,0,1,4,,0,35,0,0,0,0,0,4,2,1
,2016_07786,39.73851768,-104.9969761,1/8/2016 10:55,10:55,6,0,0,SPEER BOULEVARD & 1100 BLOCK NORTH,4,1,0,2,1,4,,0,20,0,0,0,0,0,4,2,16
,2016_07787,39.733623,-104.9941215,11/1/2016 9:10,9:10,12,0,0,SPEER BOULEVARD NORTH & 11TH AVENUE WEST,1,1,0,7,1,1,,0,35,0,0,0,0,0,4,2,5
,2016_07788,39.729717,-104.9912235,8/11/2016 19:14,19:14,12,0,0,SPEER BOULEVARD 700 BLOCK NORTH & BANNOCK STREET,1,1,0,7,1,4,,0,35,0,0,0,0,1,4,2,14
,2016_07789,39.71835,-104.9745915,12/1/2016 15:33,15:33,15,0,0,SPEER BOULEVARD 1000 BLOCK EAST & CORONA STREET NORTH,1,1,0,7,1,4,,0,35,0,0,0,0,0,4,2,14
,2016_07790,39.741426,-104.9988915,10/15/2016 2:48,2:48,3,0,0,SPEER BOULEVARD NORTH & STOUT STREET,1,3,0,7,1,1,,0,30,0,0,0,0,1,4,2,16
,2016_07791,39.750192,-105.0047415,12/6/2016 12:45,12:45,1,0,0,SPEER BOULEVARD NORTH & WEWATTA STREET,1,1,0,0,1,1,,0,30,0,0,0,0,0,4,2,13
,2016_07792,39.716235,-104.949963,7/6/2016 15:20,15:20,15,0,0,STEELE STREET SOUTH & ELLSWORTH AVENUE EAST,1,1,0,7,1,1,,1,30,0,0,0,0,0,4,2,16
,2016_07793,39.698397,-104.9500125,1/16/2016 21:45,21:45,6,0,0,STEELE STREET SOUTH & TENNESSEE AVENUE EAST,1,3,0,0,1,4,,0,25,0,0,0,0,0,4,2,13
,2016_07794,39.744126,-104.9950125,10/24/2016 15:53,15:53,15,0,0,STOUT STREET 1400 BLOCK & 15TH STREET,1,1,0,7,1,4,,0,25,0,0,0,0,0,4,2,16
,2016_07795,39.74001,-104.99202,3/13/2016 18:22,18:22,6,0,0,STREET PAUL STREET & 100 BLOCK NORTH,1,1,0,0,1,4,,0,25,0,0,0,0,0,4,2,7
,2016_07796,39.78261899,-105.0427634,10/28/2016 13:47,13:47,6,0,0,STUART STREET & 1500 BLOCK NORTH,1,1,1,0,1,4,,0,,0,0,0,0,0,4,2,13
,2016_07797,39.78261899,-105.0427634,10/24/2016 15:40,15:40,5,0,1,STUART STREET & 1506 SOUTH,1,1,0,0,3,4,,0,30,0,0,0,0,2,4,1,10
,2016_07798,39.657474,-104.900085,5/4/2016 6:49,6:49,6,0,1,TAMARAC DRIVE 3100 BLOCK SOUTH & EASTMAN AVENUE EAST,1,1,0,0,1,4,,0,30,0,0,0,0,2,4,4,14
,2016_07799,39.638664,-104.89266,9/2/2016 15:35,15:35,15,0,0,TAMARAC STREET 4300 BLOCK SOUTH & QUINCY AVENUE EAST,1,1,1,0,1,4,,0,35,0,0,0,0,0,4,2,13
,2016_07800,39.772476,-105.044013,2/19/2016 17:10,17:10,6,0,0,TENNYSON STREET NORTH & 41ST AVENUE WEST,1,3,0,0,1,4,,0,25,0,0,0,0,0,4,2,14
,2016_07801,39.787425,-105.0439455,7/21/2016 14:00,14:00,3,0,0,TENNYSON STREET NORTH & 50TH AVENUE WEST,1,1,1,0,1,1,,0,30,0,0,0,0,0,4,2,4
,2016_07802,39.798279,-104.8941945,2/16/2016 17:47,17:47,1,0,0,56TH AVENUE EAST & UINTA STREET NORTH,1,2,0,7,1,1,,0,45,0,0,0,0,0,4,2,1
,2016_07803,39.83338151,-104.771988,10/13/2016 19:05,19:05,12,0,0,TOWER ROAD NORTH & PENA BOULEVARD INBOUND OFF RAMP,1,3,0,0,1,4,,0,45,0,0,0,0,0,4,2,13
,2016_07804,39.624192,-104.89473,3/10/2016 14:35,14:35,12,0,0,ULSTER STREET SOUTH & BELLEVIEW AVENUE EAST,1,1,0,7,1,1,,0,35,0,0,0,0,0,4,2,3
,2016_07805,39.69218597,-104.9628967,11/8/2016 17:45,17:45,6,0,0,VINE STREET SOUTH & 900 BLOCK,1,3,0,0,1,4,,0,25,0,0,0,0,0,4,3,5
,2016_07806,39.711114,-104.959305,1/26/2016 13:12,13:12,12,0,0,UNIVERSITY BOULEVARD 300 BLOCK SOUTH & ALAMEDA AVENUE EAST,1,1,1,7,1,3,,0,30,0,0,0,0,0,4,2,3
,2016_07807,39.694752,-104.959323,3/14/2016 7:48,7:48,12,0,0,UNIVERSITY BOULEVARD 1200 BLOCK SOUTH & ARIZONA AVENUE EAST,1,1,0,7,1,4,,0,30,0,0,0,0,0,4,2,1
,2016_07808,39.680226,-104.959404,2/11/2016 7:17,7:17,12,0,0,UNIVERSITY BOULEVARD 1900 BLOCK SOUTH & ASBURY AVENUE EAST,1,1,0,7,1,3,,0,30,0,0,0,0,0,4,2,14
,2016_07809,39.674835,-104.9594175,5/17/2016 17:56,17:56,12,0,0,UNIVERSITY BOULEVARD SOUTH & ILIFF AVENUE EAST,1,1,0,7,1,4,,0,35,0,0,0,0,0,4,2,3
,2016_07810,39.674835,-104.9594175,8/8/2016 16:35,16:35,12,0,0,UNIVERSITY BOULEVARD 2200 BLOCK SOUTH & ILIFF AVENUE EAST,1,1,0,7,1,4,,0,30,0,0,0,0,0,4,4,3
,2016_07811,39.682017,-104.959395,9/2/2016 16:00,16:00,12,0,0,UNIVERSITY BOULEVARD SOUTH & JEWELL AVENUE EAST,1,1,0,0,1,3,,0,30,0,0,0,0,0,4,3,13
,2016_07812,39.698388,-104.959332,10/20/2016 13:42,13:42,12,0,0,UNIVERSITY BOULEVARD 1000 BLOCK SOUTH & TENNESSEE AVENUE EAST,1,1,1,7,1,3,,0,30,0,0,0,0,1,4,2,3
,2016_07813,39.676608,-104.959386,11/3/2016 9:04,9:04,12,0,0,UNIVERSITY BOULEVARD SOUTH & WARREN AVENUE EAST,1,1,0,7,1,3,,0,30,0,0,0,0,0,4,2,3
,2016_07814,39.673008,-104.9593905,4/12/2016 18:10,18:10,12,0,0,UNIVERSITY BOULEVARD 2400 BLOCK SOUTH & WESLEY AVENUE EAST,2,1,0,1,1,4,,0,30,0,0,0,0,0,4,2,16
,2016_07815,39.667581,-104.9593905,2/3/2016 5:40,5:40,12,0,0,UNIVERSITY BOULEVARD SOUTH & YALE AVENUE EAST,4,4,0,7,1,3,,0,30,0,0,0,0,0,4,2,14
,2016_07816,39.77097893,-105.0451493,7/6/2016 22:50,22:50,5,0,0,UTICA STREET & 4380 NORTH,1,3,0,0,2,4,,0,15,0,0,0,0,0,4,1,13
,2016_07817,39.733038,-105.0463305,1/26/2016 7:30,7:30,6,0,0,VRAIN STREET NORTH & 10TH AVENUE WEST,1,1,0,0,1,4,,0,25,0,0,0,0,0,4,2,13
,2016_07818,39.74629044,-105.0052057,3/16/2016 14:04,14:04,15,0,0,WALNUT STREET & 2800 BLOCK,1,1,0,0,1,4,,0,30,0,0,0,0,0,4,2,13
,2016_07819,39.765744,-104.9777505,4/2/2016 15:15,15:15,5,0,1,WALNUT STREET & 33RD STREET,1,1,0,7,2,4,,0,25,0,0,0,0,2,4,1,1
,2016_07820,39.70314,-105.0324435,2/7/2016 16:59,16:59,15,0,0,WALSH PLACE WEST & KNOX COURT SOUTH,1,1,0,1,1,1,,0,25,0,0,0,0,0,4,2,14
,2016_07821,39.67659,-104.9551335,5/13/2016 12:04,12:04,3,0,0,WARREN AVENUE EAST & CLAYTON STREET SOUTH,1,1,0,7,1,1,,0,25,0,0,0,0,0,4,2,3
,2016_07822,39.676788,-105.02271,11/25/2016 17:45,17:45,3,0,0,WARREN AVENUE WEST & DECATUR STREET SOUTH,1,3,0,0,1,1,,0,25,0,0,0,0,0,4,2,13
,2016_07823,39.75498,-104.995143,12/11/2016 0:28,0:28,12,0,0,WAZEE STREET & 20TH STREET,1,3,1,7,1,3,,0,25,0,0,0,0,1,4,2,14
,2016_07824,39.751614,-105.002991,6/7/2016 19:10,19:10,1,0,0,WEWATTA STREET & 15TH STREET,1,1,0,0,1,1,,0,25,0,0,0,0,0,4,2,13
,2016_07825,39.703734,-105.050763,9/6/2016 3:02,3:02,6,0,0,XAVIER STREET 700 BLOCK SOUTH & EXPOSITION AVENUE WEST,1,3,0,0,1,4,,0,20,0,0,0,0,0,4,2,4
,2016_07828,39.667725,-104.9787631,10/24/2016 7:39,7:39,12,0,0,YALE AVENUE & 5100 BLOCK WEST,1,1,0,0,1,3,,0,30,0,0,0,0,1,4,3,13
,2016_07829,39.667455,-104.936211,6/23/2016 12:45,12:45,3,0,0,YALE AVENUE 4200 BLOCK EAST & CLERMONT STREET,1,1,0,0,1,2,,0,35,0,0,0,0,0,4,2,13
,2016_07831,39.7821206,-104.9592915,2/1/2016 12:42,12:42,5,0,0,YORK STREET & 2100 BLOCK NORTH,2,1,0,2,2,4,,0,30,0,0,0,0,0,4,1,13
,2016_07832,39.757158,-105.0158205,2/26/2016 18:01,18:01,15,0,0,ZUNI STREET NORTH & 28TH AVENUE WEST,1,3,0,0,1,1,,0,30,0,0,0,0,0,4,2,13
,2016_07833,39.762018,-105.015843,10/24/2016 8:37,8:37,3,0,0,ZUNI STREET NORTH & 32ND AVENUE WEST,1,1,0,7,1,1,,0,30,0,0,0,0,0,4,2,7
,2016_07834,39.75633,-105.015852,12/20/2016 7:00,7:00,3,0,0,ZUNI STREET & SPEER BOULEVARD,2,1,0,0,1,1,,0,35,0,0,0,0,1,4,2,14
,2016_07835,39.698172,-105.015681,4/25/2016 7:55,7:55,15,0,0,ZUNI STREET SOUTH & TENNESSEE AVENUE WEST,1,1,0,0,1,1,,0,20,0,0,0,0,0,4,2,13
,2016_07996,39.711663,-104.999176,4/28/2016 2:30,2:30,5,0,0,I25 & MM 208,1,3,0,0,3,4,,0,65,0,0,0,0,0,1,1,13
,2016_08149,39.736836,-104.965983,8/27/2016 20:57,20:57,6,0,0,13TH AVENUE EAST & WILLIAMS STREET NORTH,1,4,0,0,1,4,,0,30,0,0,0,0,0,4,2,10
,2016_08151,39.715659,-104.9875335,10/16/2016 20:28,20:28,15,0,0,BROADWAY SOUTH & ARCHER PLACE WEST,1,3,0,0,1,3,,0,30,0,0,0,0,0,4,2,7
,2016_08195,39.844602,-104.6809395,12/20/2016 22:45,22:45,5,0,2,PENA BOULEVARD & 7400 BLOCK,5,3,0,0,3,14,,0,45,0,0,0,0,2,4,1,8
,2016_08255,39.729276,-104.9128155,8/16/2016 21:51,21:51,3,0,0,EIGHTH AVENUE EAST & MONACO STREET NORTH,1,3,0,0,1,1,,0,,0,0,0,0,0,4,2,13
,2016_08264,39.73842,-104.987394,9/7/2016 23:43,23:43,15,0,0,BROADWAY NORTH & 14TH AVENUE EAST,1,3,0,0,1,4,,0,30,0,0,0,0,0,4,2,13
,2016_08288,39.725694,-104.995197,5/13/2016 16:12,16:12,15,0,0,SIXTH AVENUE WEST & FOX STREET NORTH,1,1,0,0,1,1,,0,35,0,0,0,0,0,4,1,1
,2016_08334,39.738348,-104.950584,12/28/2016 20:16,20:16,5,0,1,STREET PAUL STREET & 14TH AVENUE,1,3,0,0,2,1,,0,30,0,0,0,0,2,4,1,13
,2016_08409,39.72082433,-104.8889059,2/20/2016 4:00,4:00,5,0,0,LOWRY BOULEVARD & 8200 BLOCK EAST,1,3,0,0,3,6,,0,35,0,0,0,0,0,4,1,5
,2016_08437,39.757167,-104.9618835,7/10/2016 20:20,20:20,6,0,0,VINE STREET 2800 BLOCK NORTH & 29TH AVENUE EAST,1,2,0,0,1,4,,0,25,0,0,0,0,0,4,2,7
,2016_08516,39.78777809,-104.9386984,9/1/2016 22:56,22:56,6,0,0,ASH STREET & 2135 BLOCK SOUTH,1,3,0,0,1,4,,0,30,0,0,0,0,0,4,2,13
,2016_08559,39.730419,-104.986143,8/12/2016 23:59,23:59,3,0,0,NINTH AVENUE EAST & LINCOLN / SHERMAN ALLEY,1,3,1,0,1,5,,0,,0,0,0,0,0,4,2,13
,2016_08560,39.782385,-104.847093,8/19/2016 11:12,11:12,15,0,0,47TH AVENUE EAST & PEORIA STREET NORTH,1,1,0,0,1,1,,0,35,0,0,0,0,0,4,2,7
,2016_08561,39.774942,-104.9780205,8/21/2016 15:09,15:09,3,0,0,38TH STREET & ARKINS COURT,1,1,0,0,1,1,,0,30,0,0,0,0,0,4,2,13
,2016_08562,39.79585349,-104.9015307,8/27/2016 11:00,11:00,6,0,0,ROSLYN STREET & 2800 BLOCK NORTH,1,1,0,0,1,4,,0,25,0,0,0,0,0,4,2,13
,2016_08563,39.74001,-104.99202,8/28/2016 17:00,17:00,3,0,0,MEXICO AVENUE & 4100 BLOCK EAST,1,1,0,0,1,2,,0,25,0,0,0,0,0,4,2,13
,2016_08564,39.682755,-104.959332,8/29/2016 17:42,17:42,1,0,0,UNIVERSITY BOULEVARD SOUTH & BUCHTEL BOULEVARD EAST,2,1,0,1,1,2,,0,35,0,0,0,0,1,4,2,7