id,drcog_id,latitude,longitude,crashtime,time,crashtype,numbkilled,numbinjurd,drcoglocat,rdconditin,lightngcon,roadcntgrd,weatherco,location,roaddescrp,schoolzone,constrzone,splimit,bikeinv,pedinv,sctrinv,motoinv,svrty,rdsystem,ttlvehcls,hcf
,2016_08565,39.716523,-104.9757525,8/30/2016 8:30,8:30,6,0,0,OGDEN STREET & ELLSWORTH AVENUE EAST,1,3,0,0,1,4,,0,25,0,0,0,0,0,4,2,13
,2016_08566,39.798099,-104.8353975,8/30/2016 11:25,11:25,5,0,2,56TH AVENUE EAST & UVALDA STREET NORTH,1,1,0,0,2,1,,0,40,0,0,0,0,2,4,1,14
,2016_08567,39.711114,-104.9679378,8/31/2016 8:15,8:15,5,0,0,ALAMEDA AVENUE & 5100 BLOCK EAST,1,1,0,0,3,4,,0,30,0,0,0,0,0,4,1,10
,2016_08568,39.780216,-105.020514,8/31/2016 19:15,19:15,3,0,0,46TH AVENUE WEST & CLAY STREET NORTH,1,1,0,0,1,1,,0,30,0,0,0,0,0,4,2,13
,2016_08569,39.735252,-104.9941305,9/1/2016 12:02,12:02,6,0,0,ELATI STREET & 12TH AVENUE NORTH,1,1,0,0,1,4,,0,30,0,0,0,0,0,4,2,14
,2016_08570,39.747339,-104.9874345,9/3/2016 12:48,12:48,12,0,0,WELTON STREET 1800 BLOCK & BROADWAY STREET NORTH,1,1,0,1,1,3,,0,30,0,0,0,0,1,4,2,13
,2016_08571,39.729717,-104.9912235,9/6/2016 14:00,14:00,3,0,0,SPEER BOULEVARD & BANNOCK STREET NORTH,1,1,0,0,1,1,,0,30,0,0,0,0,1,4,2,1
,2016_08572,39.727296,-104.9602275,9/6/2016 19:33,19:33,3,0,0,YORK STREET NORTH & SEVENTH AVENUE EAST,1,3,0,0,1,1,,0,30,0,0,0,0,0,4,2,8
,2016_08573,39.725595,-104.9485725,9/8/2016 9:40,9:40,10,0,0,ADAMS STREET & SIXTH AVENUE,1,1,0,0,1,3,,0,30,0,0,0,0,0,4,2,13
,2016_08574,39.753414,-104.9884065,9/10/2016 13:40,13:40,5,0,0,LAWRENCE / ARAPAHOE STREET ALLEY & 22ND STREET,1,1,0,0,1,5,,0,10,0,0,0,0,0,4,1,13
,2016_08575,39.776427,-104.8469535,9/12/2016 15:50,15:50,1,0,1,PEORIA STREET & 44TH AVENUE EAST,1,1,0,0,1,2,,0,40,0,0,0,0,2,4,2,13
,2016_08576,39.730437,-104.9763825,9/14/2016 15:03,15:03,15,0,1,NINTH AVENUE EAST & EMERSON STREET NORTH,1,1,0,0,1,4,,0,,0,0,0,1,2,4,2,13
,2016_08577,39.744801,-104.9861205,9/16/2016 19:13,19:13,10,0,0,LINCOLN STREET NORTH & 18TH AVENUE EAST,1,1,0,0,1,1,,0,30,0,0,0,0,0,4,2,13
,2016_08578,39.769389,-105.0488235,9/18/2016 18:51,18:51,6,0,0,38TH AVENUE WEST & WOLFF STREET NORTH,1,2,0,0,1,1,,0,35,0,0,0,0,0,4,2,8
,2016_08579,39.709305,-104.984046,9/19/2016 16:25,16:25,3,0,0,GRANT STREET SOUTH & DAKOTA AVENUE EAST,1,1,0,0,1,1,,0,25,0,0,0,0,0,4,2,14
,2016_08580,39.703086,-105.0391215,9/21/2016 19:40,19:40,6,0,0,PATTON COURT SOUTH & WALSH PLACE WEST APPROXIMATELY,1,3,1,0,1,4,,0,25,0,0,0,0,1,4,3,4
,2016_08581,39.737268,-104.8846815,9/24/2016 13:53,13:53,3,0,0,13TH AVENUE EAST & YOSEMITE STREET NORTH,1,1,0,0,1,1,,0,25,0,0,0,0,0,4,2,13
,2016_08582,39.758337,-105.009291,9/29/2016 16:41,16:41,15,0,0,CENTRAL STREET & 16TH STREET,1,1,0,0,1,4,,0,30,0,0,0,0,0,4,2,13
,2016_08583,39.707388,-105.010983,10/1/2016 20:00,20:00,1,0,0,TEJON STREET SOUTH & VIRGINIA AVENUE WEST,1,3,0,0,1,1,,0,25,0,0,0,0,0,4,2,3
,2016_08584,39.678552,-104.9828715,10/3/2016 7:28,7:28,15,0,0,EVANS AVENUE EAST & LOGAN STREET SOUTH,1,1,1,0,1,3,,0,30,0,0,0,0,0,4,2,8
,2016_08585,39.728934,-104.9906115,10/3/2016 10:22,10:22,12,0,0,SPEER BOULEVARD & EIGHTH AVENUE WEST,1,1,0,0,1,1,,0,30,0,0,0,0,0,4,2,12
,2016_08586,39.717909,-104.951223,10/3/2016 12:28,12:28,12,0,0,FIRST AVENUE EAST & SAINT PAUL STREET NORTH,1,1,0,0,1,4,,0,30,0,0,0,0,1,4,2,13
,2016_08587,39.825486,-104.7719655,10/4/2016 18:15,18:15,3,0,0,71ST AVENUE EAST & TOWER ROAD NORTH,1,2,0,0,1,1,,0,25,0,0,0,0,0,4,2,3
,2016_08588,39.767328,-104.892471,10/5/2016 17:12,17:12,3,0,0,36TH AVENUE EAST & UINTA STREET NORTH,1,2,0,0,1,1,,0,30,0,0,0,0,0,4,2,13
,2016_08589,39.720105,-104.9775525,10/6/2016 15:55,15:55,12,0,0,SPEER BOULEVARD EAST & CLARKSON STREET NORTH,1,1,0,0,1,1,,0,35,0,0,0,0,0,4,2,3
,2016_08590,39.75471,-104.9128335,10/9/2016 13:10,13:10,12,0,0,MONACO STREET NORTH & 26TH AVENUE EAST,1,1,0,0,1,4,,0,30,0,0,0,0,0,4,2,13
,2016_08591,39.774519,-104.922315,10/12/2016 1:45,1:45,5,0,0,SMITH ROAD EAST & HOLLY STREET NORTH,2,3,0,1,2,3,,0,30,0,0,0,0,0,4,1,8
,2016_08592,39.689298,-104.939514,12/2/2016 16:00,16:00,15,0,0,ALBION STREET SOUTH & FLORIDA AVENUE EAST,1,1,0,0,1,4,,0,25,0,0,0,0,0,4,2,13
,2016_08593,39.755457,-104.9910525,12/30/2016 14:20,14:20,6,0,0,MARKET STREET & 22ND STREET,1,1,0,0,1,4,,0,25,0,0,0,0,0,4,2,13
,2016_08594,39.718332,-104.987502,11/23/2016 20:15,20:15,1,0,1,FIRST AVENUE EAST & BROADWAY STREET NORTH,1,3,0,0,1,1,,0,30,0,0,0,0,2,4,2,13
,2016_08595,39.71835,-104.9862735,3/13/2016 1:30,1:30,6,0,0,FIRST AVENUE EAST & LINCOLN STREET NORTH,1,3,0,0,1,4,,0,25,0,0,0,0,0,4,2,13
,2016_08596,39.718026,-104.9522265,3/18/2016 7:25,7:25,3,0,0,FIRST AVENUE EAST & MILWAUKEE STREET NORTH,5,1,0,2,1,1,,0,30,0,0,0,0,0,4,2,13
,2016_08597,39.719412,-104.951016,3/12/2016 14:15,14:15,6,0,0,SECOND AVENUE EAST & STREET PAUL STREET NORTH,1,1,0,0,1,4,,0,30,0,0,0,0,0,4,2,13
,2016_08598,39.725658,-104.9891625,8/3/2016 17:40,17:40,12,0,0,SIXTH AVENUE WEST & ACOMA STREET NORTH,1,1,0,0,1,1,,0,30,0,0,0,0,0,4,2,14
,2016_08599,39.725658,-104.9908725,7/30/2016 16:05,16:05,3,0,0,SIXTH AVENUE WEST & BANNOCK STREET NORTH,1,1,0,7,1,1,,0,30,0,0,0,0,1,4,2,8
,2016_08600,39.725658,-104.9908725,8/6/2016 21:20,21:20,12,0,0,SIXTH AVENUE WEST & BANNOCK STREET NORTH,1,3,0,7,1,1,,0,30,0,0,0,0,0,4,2,16
,2016_08601,39.725298,-104.9305005,6/5/2016 15:32,15:32,3,0,0,SIXTH AVENUE EAST & EUDORA STREET NORTH,1,1,0,7,1,1,,0,25,0,0,0,0,0,4,2,3
,2016_08602,39.725316,-104.928291,7/3/2016 23:15,23:15,12,0,0,SIXTH AVENUE EAST & FAIRFAX STREET NORTH,1,3,0,7,1,3,,0,30,0,0,0,0,1,4,2,4
,2016_08603,39.725325,-104.9193135,6/29/2016 15:22,15:22,12,0,0,SIXTH AVENUE EAST & IVY LANE NORTH,1,1,0,7,1,1,,0,30,0,0,0,0,0,4,2,3
,2016_08604,39.725424,-104.903793,5/28/2016 10:28,10:28,12,0,0,SIXTH AVENUE EAST & QUEBEC STREET NORTH,1,1,0,7,1,1,,0,35,0,0,0,0,0,4,2,16
,2016_08605,39.725829,-104.8920818,3/17/2016 21:13,21:13,5,0,0,SIXTH AVENUE EAST & UNITA WAY NORTH,2,3,0,2,3,6,,0,30,0,0,0,0,0,4,1,5
,2016_08606,39.727107,-104.957865,7/16/2016 15:57,15:57,3,0,0,SEVENTH AVENUE EAST & COLUMBINE STREET,1,1,0,7,1,1,,0,25,0,0,0,0,0,4,2,16
,2016_08607,39.727296,-104.9602275,2/16/2016 16:08,16:08,3,0,0,SEVENTH AVENUE EAST & YORK STREET NORTH,1,1,0,7,1,1,,0,30,0,0,0,0,0,4,2,8
,2016_08608,39.729321,-105.019803,3/4/2016 12:19,12:19,12,0,0,EIGHTH AVENUE WEST & CANOSA COURT NORTH,1,1,1,0,1,1,,0,30,0,0,0,0,1,4,2,16
,2016_08609,39.728907,-104.998644,12/29/2016 18:45,18:45,15,0,0,EIGHTH AVENUE WEST & SANTA FE DRIVE NORTH,1,3,0,0,1,4,,0,35,0,0,0,0,0,4,2,13
,2016_08610,39.728934,-104.9906115,4/1/2016 16:36,16:36,10,0,0,EIGHTH AVENUE WEST & SPEER BOULEVARD NORTH,1,1,0,0,1,1,,0,35,0,0,0,0,0,4,2,8
,2016_08611,39.729087,-104.965884,7/30/2016 13:50,13:50,12,0,0,EIGHTH AVENUE 1700 BLOCK EAST & WILLIAMS STREET NORTH,1,1,0,7,1,4,,0,30,0,0,0,0,0,4,2,16
,2016_08612,39.729114,-104.960232,3/6/2016 2:26,2:26,3,0,0,EIGHTH AVENUE EAST & YORK STREET NORTH,1,3,0,7,1,1,,0,30,0,0,0,0,0,4,2,5
,2016_08613,39.732012,-104.9776155,11/4/2016 21:30,21:30,3,0,0,10TH AVENUE EAST & CLARKSON STREET NORTH,1,3,0,7,1,1,,0,30,0,0,0,0,0,4,2,3
,2016_08614,39.733713,-104.971824,12/23/2016 9:10,9:10,3,0,0,11TH AVENUE EAST & MARION STREET / DOWNING ALLEY,1,1,0,0,1,5,,0,15,0,0,0,0,0,4,2,13
,2016_08615,39.73383,-104.986161,2/26/2016 23:00,23:00,6,0,0,11TH AVENUE 000 BLOCK EAST & LINCOLN STREET NORTH,1,3,0,7,1,5,,0,30,0,0,0,0,0,4,2,5
,2016_08616,39.732867,-104.898771,2/20/2016 9:45,9:45,15,0,0,11TH AVENUE EAST & SYRACUSE STREET NORTH,1,1,0,7,1,3,,0,25,0,0,0,0,0,4,2,16
,2016_08617,39.735252,-104.9848605,6/1/2016 16:25,16:25,6,0,0,12TH AVENUE 100 EAST & SHERMAN STREET NORTH,1,1,1,0,1,4,,0,25,0,0,0,0,0,4,2,3
,2016_08618,39.735612,-104.890572,5/24/2016 21:50,21:50,6,0,0,12TH AVENUE EAST & VERBENA STREET NORTH,1,3,0,0,1,4,,0,25,0,0,0,0,0,4,2,5
,2016_08619,39.74001,-104.99202,4/19/2016 10:40,10:40,12,0,0,13TH AVENUE & 6700 BLOCK EAST,1,1,0,0,1,5,,0,30,0,0,0,0,0,4,2,7
,2016_08620,39.736836,-104.9902335,4/2/2016 18:17,18:17,10,0,0,13TH AVENUE WEST & BANNOCK STREET NORTH,1,1,0,0,1,1,,0,30,0,0,0,0,0,4,3,14
,2016_08621,39.736755,-104.9472765,4/5/2016 7:30,7:30,15,0,0,13TH AVENUE EAST & COOK STREET NORTH,1,1,0,0,1,4,,0,25,0,0,0,0,0,4,2,13
,2016_08622,39.736746,-104.9418225,4/9/2016 8:33,8:33,10,0,0,13TH AVENUE & HARRISON STREET,1,1,0,0,1,3,,0,25,0,0,0,0,1,4,2,8
,2016_08623,39.736746,-104.9428935,10/26/2016 8:00,8:00,10,0,0,13TH AVENUE EAST & JACKSON STREET NORTH,1,1,0,0,1,3,,0,20,0,0,0,0,0,4,2,13
,2016_08624,39.736872,-104.970681,6/5/2016 6:57,6:57,3,0,0,13TH AVENUE EAST & LAFAYETTE STREET,1,1,0,7,1,1,,0,25,0,0,0,0,0,4,2,16
,2016_08625,39.736863,-104.982336,3/29/2016 15:50,15:50,3,0,0,13TH AVENUE EAST & LOGAN STREET NORTH,1,1,0,0,1,1,,0,30,0,0,0,0,0,4,2,13
,2016_08626,39.736836,-104.912811,7/8/2016 12:25,12:25,15,0,0,13TH AVENUE EAST & MONACO STREET NORTH,1,1,0,0,1,1,,0,30,0,0,0,0,1,4,2,8
,2016_08627,39.736854,-104.9848515,10/17/2016 19:33,19:33,12,0,0,13TH AVENUE EAST & SHERMAN STREET NORTH,1,3,1,7,1,1,,0,25,0,0,0,0,0,4,2,16
,2016_08628,39.736863,-104.996484,1/22/2016 15:28,15:28,15,0,0,13TH AVENUE & SPEER BOULEVARD NORTH,1,1,0,0,1,1,,0,25,0,0,0,0,0,4,2,13
,2016_08629,39.74001,-104.99202,3/16/2016 0:35,0:35,6,0,0,14TH AVENUE & 1500 BLOCK EAST,1,3,0,0,1,4,,0,30,0,0,0,0,0,4,2,5
,2016_08630,39.738447,-104.9916645,6/23/2016 9:20,9:20,10,0,0,14TH AVENUE WEST & CHEROKEE STREET NORTH,1,1,0,0,1,1,,0,30,0,0,0,1,1,4,2,1
,2016_08631,39.738393,-104.9684445,5/27/2016 14:55,14:55,6,0,0,14TH AVENUE & FRANKLIN STREET NORTH,1,1,0,0,1,5,,0,30,0,0,0,0,0,4,2,14
,2016_08632,39.73833,-104.9439825,5/2/2016 16:58,16:58,12,0,0,14TH AVENUE EAST & GARFIELD STREET NORTH,1,1,0,7,1,4,,0,30,0,0,0,0,0,4,2,14
,2016_08633,39.738672,-104.8846635,5/16/2016 9:30,9:30,3,0,0,14TH AVENUE EAST & YOSEMITE STREET NORTH,1,1,0,7,1,1,,0,30,0,0,0,0,0,4,2,7
,2016_08634,39.741606,-104.9591925,11/8/2016 13:14,13:14,3,0,0,16TH AVENUE EAST & JOSEPHINE STREET NORTH,1,1,0,7,1,1,,0,30,0,0,0,0,0,4,2,14
,2016_08635,39.74001,-104.99202,1/10/2016 1:50,1:50,5,0,0,17TH AVENUE & 5800 BLOCK EAST,1,3,0,0,3,4,,0,30,0,0,0,0,0,4,1,13
,2016_08636,39.743784,-104.954742,10/26/2016 15:01,15:01,3,0,0,17TH AVENUE EAST & DETROIT STREET NORTH,1,1,0,0,1,3,,0,25,0,0,0,0,0,4,2,3
,2016_08637,39.74001,-104.99202,2/1/2016 18:09,18:09,12,0,0,17TH AVENUE 2300 BLOCK EAST & ESPLANADE PARKWAY NORTH,5,3,0,2,1,4,,0,30,0,0,0,0,0,4,4,16
,2016_08638,39.743226,-104.961006,10/28/2016 8:48,8:48,12,0,0,17TH AVENUE EAST & GAYLORD STREET NORTH,1,1,0,0,1,4,,0,35,0,0,0,0,0,4,2,14
,2016_08639,39.743775,-104.9034825,10/13/2016 20:27,20:27,3,0,0,17TH AVENUE EAST & QUEBEC STREET NORTH,1,3,0,0,1,1,,0,30,0,0,0,0,0,4,2,13
,2016_08640,39.743784,-104.897565,2/25/2016 6:15,6:15,3,0,0,17TH AVENUE EAST & SPRUCE STREET NORTH,1,1,0,7,1,1,,0,25,0,0,0,0,0,4,2,7
,2016_08641,39.743775,-104.898753,10/14/2016 17:00,17:00,12,0,0,17TH AVENUE 7700 BLOCK EAST & SYRACUSE STREET NORTH,1,1,0,0,1,4,,0,30,0,0,0,0,0,4,2,3
,2016_08642,39.743244,-104.978736,2/8/2016 11:15,11:15,3,0,0,17TH AVENUE EAST & WASHINGTON STREET NORTH,1,1,0,7,1,1,,0,30,0,0,0,0,1,4,2,16
,2016_08643,39.743244,-104.9598315,6/29/2016 11:40,11:40,3,0,0,17TH AVENUE EAST & YORK STREET NORTH,1,1,0,7,1,2,,0,30,0,0,0,0,1,4,2,16
,2016_08644,39.744837,-104.976144,11/17/2016 12:40,12:40,3,0,0,18TH AVENUE & EMERSON STREET NORTH,2,1,0,2,1,3,,0,30,0,0,0,0,0,4,3,13
,2016_08645,39.744801,-104.9861205,9/30/2016 6:47,6:47,15,0,0,18TH AVENUE EAST & LINCOLN STREET NORTH,1,1,0,0,1,1,,0,,0,0,0,0,0,4,2,1
,2016_08646,39.745152,-105.034572,10/19/2016 15:30,15:30,13,0,0,18TH AVENUE WEST & LOWELL BOULEVARD NORTH,1,1,0,0,1,1,,0,20,0,0,0,0,1,4,2,13
,2016_08647,39.744774,-104.9598225,5/2/2016 8:15,8:15,12,0,0,18TH AVENUE EAST & YORK STREET NORTH,1,1,0,7,1,4,,0,30,0,0,0,0,0,4,2,16
,2016_08648,39.74607,-104.968422,3/7/2016 16:16,16:16,6,0,0,19TH AVENUE 1600 EAST & FRANKLIN STREET NORTH,1,1,0,0,1,4,,0,25,0,0,0,0,0,4,2,13
,2016_08649,39.74949,-104.8868505,6/6/2016 9:25,9:25,3,0,0,21ST AVENUE EAST & CENTRAL PARK BOULEVARD NORTH,1,1,0,7,1,1,,0,35,0,0,0,0,0,4,2,16
,2016_08650,39.7510065,-104.8982423,1/14/2016 18:34,18:34,3,0,0,23RD AVENUE & 2520 WEST DRIVEWAY,1,3,0,0,1,2,,0,25,0,0,0,0,0,4,2,1
,2016_08651,39.74001,-104.99202,11/18/2016 15:16,15:16,15,0,0,41ST AVENUE & 2900 BLOCK WEST,5,1,1,0,1,4,,0,25,0,0,0,0,0,4,2,13
,2016_08652,39.751038,-104.9361255,10/17/2016 16:03,16:03,12,0,0,23RD AVENUE EAST & BIRCH STREET NORTH,1,1,0,7,1,1,,0,30,0,0,0,0,1,4,3,14
,2016_08653,39.750705,-104.968413,3/28/2016 18:30,18:30,3,0,0,23RD AVENUE EAST & FRANKLIN STREET NORTH,1,1,0,7,1,1,,0,30,0,0,0,0,1,4,2,7
,2016_08654,39.752928,-104.980473,9/27/2016 18:39,18:39,1,0,0,25TH AVENUE EAST & WELTON STREET,1,3,0,0,1,1,,0,25,0,0,0,0,0,4,2,3
,2016_08655,39.780765,-104.9668335,9/17/2016 22:16,22:16,6,0,0,BRIGHTON BOULEVARD NORTH & BRIGHTON BOULEVARD 4120 NORTH,1,3,1,0,5,7,,0,,0,0,0,0,0,3,2,13
,2016_08656,39.757698,-104.9005125,3/18/2016 7:35,7:35,3,0,0,29TH AVENUE EAST & ROSLYN STREET NORTH,4,1,0,2,1,1,,0,25,0,0,0,0,0,4,2,16
,2016_08657,39.758445,-105.0213735,6/15/2016 18:51,18:51,12,0,0,29TH AVENUE WEST & SPEER BOULEVARD NORTH,1,1,0,7,1,3,,0,25,0,0,0,0,0,4,3,12
,2016_08658,39.760749,-104.959782,2/1/2016 13:49,13:49,3,0,0,31ST AVENUE EAST & YORK STREET NORTH,5,1,0,2,1,1,,0,,0,0,0,0,0,4,2,13
,2016_08659,39.762009,-105.009552,5/14/2016 15:53,15:53,3,0,0,32ND AVENUE 1900 BLOCK WEST & SHOSHONE STREET NORTH,1,1,0,0,1,1,,0,30,0,0,0,0,0,4,2,3
,2016_08660,39.767382,-104.90346,7/26/2016 16:00,16:00,1,0,0,36TH AVENUE & QUEBEC STREET NORTH,1,1,0,0,1,2,,0,30,0,0,0,0,0,4,2,13
,2016_08661,39.768147,-104.972121,5/21/2016 11:23,11:23,6,0,0,37TH AVENUE EAST & MARION STREET NORTH,1,1,0,0,1,4,,0,35,0,0,0,0,0,4,2,10
,2016_08662,39.767607,-105.039324,5/20/2016 18:33,18:33,12,0,0,37TH AVENUE WEST & PERRY STREET NORTH QUITMAN STREET NORTH ALLEY,1,1,0,0,1,5,,0,25,0,0,0,0,0,4,2,13
,2016_08663,39.74001,-104.99202,1/7/2016 17:50,17:50,9,0,1,38TH AVENUE & 3900 BLOCK WEST,2,2,1,1,1,4,,0,35,0,0,0,1,2,4,1,13
,2016_08664,39.772872,-104.7960135,5/21/2016 15:09,15:09,3,0,0,40TH AVENUE EAST & AIRPORT WAY NORTH,1,1,0,7,1,1,,0,25,0,0,0,0,0,4,2,7
,2016_08665,39.773178,-104.809932,11/28/2016 3:27,3:27,3,0,0,40TH AVENUE EAST & CHAMBERS ROAD NORTH,1,3,0,0,1,1,,0,,0,0,0,0,1,4,2,13
,2016_08667,39.74001,-104.99202,12/9/2016 15:47,15:47,12,0,0,40TH AVENUE 3000 BLOCK EAST & STREET PAUL STREET NORTH,1,1,0,7,1,4,,0,30,0,0,0,0,0,4,2,3
,2016_08668,39.776427,-104.8469535,7/18/2016 12:15,12:15,1,0,0,44TH AVENUE & PEORIA STREET,1,1,0,0,1,1,,0,40,0,0,0,0,0,4,2,13
,2016_08669,39.776427,-104.8469535,11/14/2016 8:55,8:55,12,0,0,44TH AVENUE EAST & PEORIA STREET NORTH,1,1,0,0,1,2,,0,40,0,0,0,0,0,4,2,1
,2016_08670,39.778929,-104.9564565,8/5/2016 14:26,14:26,12,0,0,45TH AVENUE EAST & ELIZABETH STREET NORTH,1,1,0,7,1,4,,0,25,0,0,0,0,0,4,2,1
,2016_08671,39.78252,-104.872095,2/18/2016 14:16,14:16,12,0,0,47TH AVENUE EAST & FLORENCE STREET NORTH,1,1,0,7,1,1,,0,25,0,0,0,0,0,4,2,16
,2016_08672,39.782394,-104.848956,3/2/2016 15:53,15:53,1,0,1,47TH AVENUE EAST & PARIS STREET NORTH,1,1,0,0,1,1,,0,35,0,0,0,0,2,4,2,13
,2016_08673,39.782385,-104.847093,2/16/2016 15:30,15:30,15,0,0,47TH AVENUE EAST & PEORIA STREET NORTH,1,1,0,0,1,1,,0,35,0,0,0,0,0,4,2,13
,2016_08674,39.784077,-104.991102,8/10/2016 10:52,10:52,12,0,0,48TH AVENUE WEST & BANNOCK STREET,1,1,0,7,1,3,,0,35,0,0,0,0,0,4,2,14
,2016_08675,39.786408,-104.852664,3/9/2016 11:50,11:50,6,0,0,49TH AVENUE 11720 EAST & NOME STREET,1,1,0,0,5,7,,0,5,0,0,0,0,0,3,4,14
,2016_08676,39.786228,-104.850684,3/28/2016 7:05,7:05,6,0,0,49TH AVENUE EAST & OAKLAND STREET NORTH,1,1,0,0,1,4,,0,25,0,0,0,0,0,4,2,13
,2016_08677,39.786228,-104.8488975,10/18/2016 8:05,8:05,10,0,0,49TH AVENUE EAST & PARIS STREET NORTH,1,1,0,0,1,1,,0,35,0,0,0,0,1,4,2,13
,2016_08678,39.79098,-104.942871,2/1/2016 6:40,6:40,3,0,0,52ND AVENUE EAST & JACKSON STREET NORTH,2,2,1,2,1,1,,0,,0,0,0,0,0,4,2,13
,2016_08679,39.791115,-105.0346305,3/15/2016 3:41,3:41,5,0,0,52ND AVENUE WEST & LOWELL BOULEVARD,1,3,0,0,4,1,,0,30,0,0,0,0,1,4,1,5
,2016_08680,39.791025,-104.9782815,7/8/2016 23:08,23:08,15,0,0,52ND AVENUE EAST & WAHSINGTON STREET NORTH,1,3,1,0,1,2,,0,35,0,0,0,0,0,4,2,13
,2016_08681,39.838059,-104.7154635,1/31/2016 17:50,17:50,5,0,0,78TH AVENUE 23400 BLOCK EAST & GUN CLUB ROAD,2,3,0,7,1,3,,0,40,0,0,0,0,0,4,1,16
,2016_08682,39.729105,-104.988852,9/5/2016 17:46,17:46,6,0,0,ACOMA STREET 800 BLOCK & EIGHTH AVENUE WEST,1,3,0,0,1,4,,0,25,0,0,0,0,0,4,3,3
,2016_08683,39.711141,-104.987592,3/16/2016 10:57,10:57,3,0,0,ALAMEDA AVENUE WEST & BROADWAY STREET SOUTH,1,1,0,7,1,1,,0,35,0,0,0,0,0,4,2,3
,2016_08684,39.710151,-104.870754,3/25/2016 15:20,15:20,1,0,0,ALAMEDA AVENUE EAST & GALENA WAY SOUTH,2,1,0,0,1,1,,0,40,0,0,0,0,0,4,2,13
,2016_08685,39.711141,-104.9863905,9/22/2016 18:35,18:35,1,0,0,ALAMEDA AVENUE EAST & LINCOLN STREET SOUTH,1,1,0,0,1,1,,0,30,0,0,0,0,0,4,2,13
,2016_08686,39.71152266,-104.9063552,1/22/2016 17:30,17:30,12,0,0,ALAMEDA AVENUE 6900 BLOCK EAST & OLIVE STREET SOUTH,1,3,0,7,1,4,,0,35,0,0,0,0,1,4,3,14
,2016_08687,39.711186,-104.997132,5/13/2016 6:01,6:01,3,0,0,ALAMEDA AVENUE WEST & SANTA FE DRIVE SOUTH,1,1,0,0,1,1,,0,35,0,0,0,0,1,4,2,13
,2016_08688,39.7759725,-104.936166,12/22/2016 8:30,8:30,3,0,0,ALBION STREET & 4000 BLOCK,1,1,0,0,1,2,,0,30,0,0,0,0,0,4,2,13
,2016_08689,39.778119,-104.8364235,4/3/2016 18:50,18:50,14,0,0,ALBROOK DRIVE EAST & AUCKLAND COURT NORTH,1,2,0,0,1,1,,0,25,0,0,0,0,0,4,2,5
,2016_08690,39.783357,-104.8466025,6/2/2016 8:27,8:27,12,0,0,ALBROOK DRIVE EAST & PEORIA STREET NORTH,1,1,0,7,1,1,,0,30,0,0,0,0,0,4,2,16
,2016_08691,39.7909845,-104.771286,5/11/2016 16:30,16:30,6,0,0,ANDES STREET & 4736 NORTH,1,1,0,0,1,4,,0,25,0,0,0,0,0,4,2,14
,2016_08692,39.779865,-104.768865,12/3/2016 22:22,22:22,6,0,0,ANDES WAY NORTH & 46TH PLACE 18632 EAST,1,3,0,0,1,3,,0,25,0,0,0,0,0,4,2,13
,2016_08693,39.758121,-104.98239,11/13/2016 13:27,13:27,6,0,0,ARAPAHOE STREET & 27TH STREET,1,1,1,0,1,3,,0,30,0,0,0,0,0,4,3,14
,2016_08694,39.695283,-104.912973,5/18/2016 15:41,15:41,3,0,0,ARIZONA AVENUE EAST & MONACO STREET SOUTH,1,1,0,7,1,2,,0,,0,0,0,0,0,4,2,16
,2016_08695,39.714732,-104.983803,3/14/2016 16:18,16:18,3,0,0,BAYAUD AVENUE EAST & GRANT STREET SOUTH,1,1,0,7,1,1,,0,25,0,0,0,0,0,4,2,14
,2016_08696,39.785544,-104.881311,11/17/2016 17:09,17:09,3,0,0,BEELER STREET NORTH & NORTHFIELD BOULEVARD,4,3,0,2,1,1,,0,25,0,0,0,0,0,4,2,2
,2016_08698,39.757086,-104.990715,2/7/2016 15:27,15:27,15,0,0,BLAKE STREET 2300 BLOCK & PARK AVENUE WEST,1,1,0,0,1,4,,0,30,0,0,0,0,0,4,2,13
,2016_08699,39.79069248,-104.9534325,5/3/2016 9:03,9:03,15,0,0,FILLMORE STREET & 1100 BLOCK SOUTH,1,1,0,0,1,4,,0,25,0,0,0,0,0,4,2,13
,2016_08700,39.77208923,-104.9765841,1/9/2016 22:25,22:25,12,0,0,BRIGHTON BOULEVARD & 3300 BLOCK NORTH,2,3,0,0,1,4,,1,35,0,0,0,0,0,4,3,5
,2016_08701,39.77312829,-104.9892215,10/21/2016 13:13,13:13,12,0,0,BROADWAY & 2100 BLOCK SOUTH,1,1,0,0,1,4,,0,35,0,0,0,0,0,4,2,13
,2016_08702,39.720924,-104.9875065,12/12/2016 12:42,12:42,10,0,0,BROADWAY NORTH & THIRD AVENUE WEST,1,1,0,0,1,1,,0,30,0,0,0,0,0,4,2,13
,2016_08703,39.725631,-104.9874435,7/23/2016 7:04,7:04,15,0,0,BROADWAY NORTH & SIXTH AVENUE EAST,1,1,0,0,1,1,,0,30,0,0,0,0,0,4,2,8
,2016_08704,39.73203,-104.987403,2/7/2016 1:54,1:54,15,0,0,BROADWAY NORTH & 10TH AVENUE WEST,1,3,0,7,1,1,,0,30,0,0,0,0,0,4,2,4