id,drcog_id,latitude,longitude,crashtime,time,crashtype,numbkilled,numbinjurd,drcoglocat,rdconditin,lightngcon,roadcntgrd,weatherco,location,roaddescrp,schoolzone,constrzone,splimit,bikeinv,pedinv,sctrinv,motoinv,svrty,rdsystem,ttlvehcls,hcf
,2016_08705,39.73203,-104.987403,10/29/2016 13:03,13:03,6,0,0,BROADWAY NORTH & 10TH AVENUE WEST,1,1,0,0,1,4,,0,30,0,0,0,1,0,4,2,13
,2016_08706,39.71115,-104.987592,1/19/2016 9:32,9:32,3,0,0,BROADWAY SOUTH & ALAMEDA AVENUE WEST,1,1,0,7,1,1,,0,35,0,0,0,0,0,4,2,16
,2016_08707,39.709314,-104.98761,12/20/2016 15:43,15:43,15,0,0,BROADWAY SOUTH & DAKOTA AVENUE EAST,1,1,0,0,1,4,,0,30,0,0,0,0,0,4,2,13
,2016_08708,39.716559,-104.9875155,5/22/2016 11:32,11:32,6,0,0,BROADWAY 0 BLOCK NORTH & ELLSWORTH STREET,1,1,0,0,1,4,,0,10,0,0,0,0,0,4,2,13
,2016_08709,39.693024,-104.987466,12/9/2016 12:38,12:38,15,0,0,BROADWAY SOUTH & LOUISIANA AVENUE EAST,2,1,1,7,1,1,,0,30,0,0,0,0,0,4,2,16
,2016_08710,39.707514,-104.98761,10/17/2016 15:30,15:30,12,0,0,BROADWAY & VIRGINIA AVENUE WEST,1,1,0,7,1,3,,0,30,0,0,0,0,0,4,2,3
,2016_08711,39.683142,-104.9602725,12/23/2016 2:11,2:11,6,0,0,BUCHTEL BOULEVARD EAST & 2225 EAST BUCHTEL BOULEVARD,1,3,0,0,3,4,,0,35,0,0,0,0,0,4,2,5
,2016_08712,39.688875,-104.973435,12/15/2016 18:52,18:52,1,0,0,BUCHTEL BOULEVARD EAST & DOWNING STREET SOUTH,1,3,0,7,1,1,,0,30,0,0,0,0,1,4,2,1
,2016_08713,39.6927,-104.976954,4/7/2016 15:33,15:33,3,0,1,BUCHTEL BOULEVARD EAST & EMERSON STREET SOUTH,1,1,0,7,1,1,,0,30,0,0,0,1,2,4,2,3
,2016_08714,39.682755,-104.959332,2/12/2016 7:40,7:40,12,0,0,BUCHTEL BOULEVARD 2300 BLOCK EAST & UNIVERSITY BOULEVARD,1,1,0,7,1,4,,0,30,0,0,0,0,0,4,2,14
,2016_08715,39.777165,-104.833413,10/8/2016 0:08,0:08,6,0,0,CARSON STREET & ALBROOK DRIVE EAST,1,4,0,0,1,4,,0,25,0,0,0,0,0,4,2,5
,2016_08716,39.75927337,-105.0080877,7/29/2016 9:15,9:15,6,0,0,CENTRAL STREET & 1400 BLOCK,1,1,0,0,3,4,,0,20,0,0,0,0,0,4,2,13
,2016_08717,39.767346,-104.8905135,4/13/2016 23:57,23:57,1,0,0,CENTRAL PARK BOULEVARD & 36TH AVENUE EAST,1,3,1,7,1,1,,0,35,0,0,0,0,0,4,2,7
,2016_08718,39.783771,-104.8096575,4/30/2016 9:29,9:29,12,0,0,CHAMBERS ROAD NORTH & GREEN VALLEY RANCH BOULEVARD EAST,2,1,0,2,1,1,,0,45,0,0,0,0,1,4,2,16
,2016_08719,39.794787,-104.809761,9/29/2016 7:45,7:45,12,0,0,CHAMBERS ROAD NORTH & MAXWELL PLACE EAST,1,1,0,0,1,3,,0,40,0,0,0,0,0,4,3,14
,2016_08720,39.759615,-104.9770125,5/15/2016 1:18,1:18,6,0,0,CHAMPA STREET & 30TH STREET,1,3,0,0,1,1,,0,30,0,0,0,0,0,4,2,14
,2016_08721,39.714795,-104.992173,2/9/2016 11:40,11:40,5,0,0,CHEROKEE STREET SOUTH & BAYAUD AVENUE WEST,1,1,0,0,3,1,,0,25,0,0,0,0,0,4,1,1
,2016_08722,39.75466436,-104.935023,4/13/2016 23:45,23:45,6,0,0,CLERMONT STREET & 715 NORTH,1,3,0,0,1,4,,0,25,0,0,0,0,0,4,2,5
,2016_08723,39.691098,-104.9350635,7/15/2016 17:16,17:16,3,0,0,CLERMONT STREET SOUTH & ARKANSAS AVENUE EAST,2,1,0,2,1,1,,0,25,0,0,0,0,0,4,2,3
,2016_08724,39.684645,-104.892354,7/27/2016 21:00,21:00,6,0,0,COLORADO AVENUE EAST & QUEBEC WAY SOUTH,1,4,0,0,6,3,,0,25,0,0,0,0,0,4,3,13
,2016_08725,39.743388,-104.987394,5/4/2016 15:58,15:58,15,0,0,COURT PLACE & BROADWAY STREET NORTH,1,1,1,0,1,1,,0,30,0,0,0,0,0,4,2,13
,2016_08726,39.708891,-104.9129505,10/26/2016 15:14,15:14,13,0,0,DAKOTA AVENUE EAST & MONACO STREET SOUTH,1,1,1,0,1,1,,0,25,0,0,0,0,1,4,2,3
,2016_08727,39.655917,-105.055596,3/22/2016 10:53,10:53,3,0,0,DARTMOUTH AVENUE WEST & COLGATE DRIVE WEST,1,1,0,0,1,1,,0,30,0,0,0,0,0,4,2,7
,2016_08728,39.656169,-105.0532335,11/27/2016 11:33,11:33,3,0,0,DARTMOUTH AVENUE 5100 BLOCK WEST & SHERIDAN BOULEVARD SOUTH,1,1,0,0,1,2,,0,30,0,0,0,0,0,4,2,13
,2016_08729,39.71932304,-105.0227727,7/24/2016 14:36,14:36,6,0,0,DECATUR STREET & 840 SOUTH,1,1,0,0,1,4,,0,25,0,0,0,0,0,4,2,1
,2016_08730,39.716622,-105.0227505,10/7/2016 11:22,11:22,3,0,0,DECATUR STREET NORTH & ELLSWORTH AVENUE WEST,1,1,0,0,1,1,,0,25,0,0,0,0,1,4,2,7
,2016_08731,39.738393,-104.973048,7/7/2016 17:10,17:10,3,0,0,DOWNING STREET NORTH & 14TH AVENUE EAST,1,1,0,7,1,1,,0,30,0,0,0,0,0,4,2,3
,2016_08732,39.741651,-104.9734305,7/15/2016 14:45,14:45,5,0,0,DOWNING STREET NORTH MARION STREET ALLEY & 16TH AVENUE EAST,1,1,0,0,1,5,,0,5,0,0,0,0,0,4,1,13
,2016_08733,39.745935,-104.973381,3/25/2016 13:50,13:50,3,0,0,DOWNING STREET NORTH & 19TH AVENUE EAST,1,1,0,0,1,1,,0,35,0,0,0,0,0,4,2,13
,2016_08734,39.711105,-104.97339,2/26/2016 7:55,7:55,1,0,0,DOWNING STREET SOUTH & ALAMEDA AVENUE EAST,1,1,0,7,1,1,,0,30,0,0,0,0,0,4,2,1
,2016_08735,39.714714,-104.973444,8/5/2016 14:30,14:30,15,0,0,DOWNING STREET 000 BLOCK SOUTH & BAYAUD AVENUE EAST,1,1,1,7,1,4,,0,30,0,0,0,0,0,4,2,16
,2016_08736,39.764502,-104.973354,3/16/2016 23:20,23:20,12,0,0,DOWNING STREET NORTH & BRUCE RANDOLPH AVENUE,2,3,0,2,1,3,,0,25,0,0,0,0,0,4,2,5
,2016_08737,39.705642,-104.973381,1/24/2016 22:13,22:13,6,0,2,DOWNING STREET 600 BLOCK SOUTH & CENTER AVENUE EAST,1,3,0,7,1,4,,0,30,0,0,0,0,2,4,2,5
,2016_08738,39.678507,-104.973444,5/19/2016 13:12,13:12,12,0,0,DOWNING STREET 2000 BLOCK SOUTH & EVANS AVENUE EAST,1,1,0,7,1,4,,0,30,0,0,0,0,0,4,2,7
,2016_08739,39.770703,-104.7607425,1/31/2016 14:55,14:55,12,0,0,ENSENADA STREET NORTH & 40TH AVENUE EAST,1,1,0,7,1,1,,0,30,0,0,0,0,0,4,2,16
,2016_08740,39.736647,-104.9300505,12/16/2016 3:00,3:00,6,0,0,EUDORA STREET 1300 BLOCK NORTH & 14TH AVENUE EAST,1,4,1,0,1,4,,0,25,0,0,0,0,0,4,3,5
,2016_08741,39.678417,-104.9642147,2/21/2016 7:25,7:25,5,0,0,EVANS AVENUE & 6900 EAST,1,1,1,0,2,4,,0,35,0,0,0,0,1,4,1,2
,2016_08742,39.678426,-104.9899545,5/20/2016 16:44,16:44,12,0,0,EVANS AVENUE WEST & BANNOCK STREET SOUTH,1,1,0,7,1,1,,0,35,0,0,0,0,0,4,2,3
,2016_08743,39.678489,-104.9875605,1/21/2016 14:26,14:26,12,0,0,EVANS AVENUE 000 BLOCK EAST & BROADWAY STREET SOUTH,1,1,1,7,1,4,,0,30,0,0,0,0,0,4,2,3
,2016_08744,39.67866,-105.020352,10/20/2016 7:44,7:44,12,0,0,EVANS AVENUE WEST & CLAY STREET SOUTH,1,1,0,7,1,1,,0,35,0,0,0,0,0,4,3,1
,2016_08745,39.678507,-104.973444,11/19/2016 21:51,21:51,12,0,0,EVANS AVENUE EAST & DOWNING STREET SOUTH,1,4,0,7,1,1,,0,30,0,0,0,0,0,4,2,12
,2016_08746,39.69203614,-104.961744,1/20/2016 13:44,13:44,12,0,0,EVANS AVENUE EAST & GAYLORD STREET SOUTH,1,1,0,0,1,3,,0,35,0,0,0,0,1,4,2,7
,2016_08747,39.678435,-104.922234,3/1/2016 10:10,10:10,3,0,0,EVANS AVENUE EAST & HOLLY STREET SOUTH,1,1,0,0,1,1,,0,25,0,0,0,0,0,4,2,13
,2016_08749,39.678435,-104.922234,3/31/2016 8:36,8:36,12,0,0,EVANS AVENUE EAST & HOLLY STREET SOUTH,14,5,0,7,1,3,,0,35,0,0,0,0,0,4,3,3
,2016_08750,39.678498,-104.999454,6/22/2016 16:25,16:25,15,0,0,EVANS AVENUE 900 BLOCK WEST & JASON STREET SOUTH,1,1,0,7,1,4,,1,30,0,0,0,0,0,4,2,1
,2016_08751,39.678444,-104.9579415,7/7/2016 19:05,19:05,1,0,0,EVANS AVENUE EAST & JOSEPHINE STREET SOUTH,1,1,0,0,1,1,,0,35,0,0,0,0,0,4,2,13
,2016_08752,39.678444,-104.908194,1/13/2016 18:42,18:42,1,0,0,EVANS AVENUE EAST & ONEIDA STREET SOUTH,1,3,0,0,1,1,,0,35,0,0,0,0,0,4,2,13
,2016_08753,39.790764,-104.984721,7/27/2016 0:01,0:01,6,0,0,GRANT STREET & 1900,1,5,0,0,1,3,,0,25,0,0,0,0,0,4,2,13
,2016_08754,39.678444,-104.908194,3/25/2016 9:21,9:21,15,0,0,EVANS AVENUE EAST & ONEIDA STREET SOUTH,1,1,1,0,1,4,,0,35,0,0,0,0,0,4,2,13
,2016_08755,39.678372,-104.9508135,6/3/2016 8:59,8:59,3,0,0,EVANS AVENUE EAST & STREET PAUL STREET SOUTH,1,1,0,7,1,1,,0,30,0,0,0,0,0,4,2,16
,2016_08756,39.678498,-104.9664015,4/29/2016 8:51,8:51,3,0,0,EVANS AVENUE 1700 BLOCK EAST & WILLIAMS STREET SOUTH,2,1,0,2,1,5,,0,35,0,0,0,0,0,4,2,14
,2016_08757,39.679155,-105.0490035,2/23/2016 10:13,10:13,5,0,0,EVANS AVENUE WEST & WOLCOTT COURT SOUTH,1,1,0,0,3,4,,0,35,0,0,0,0,0,4,1,14
,2016_08758,39.703878,-104.9875425,4/21/2016 18:40,18:40,3,0,1,EXPOSITION AVENUE EAST & BROADWAY SOUTH,1,2,0,0,1,1,,0,30,0,0,0,0,2,4,2,13
,2016_08759,39.703878,-104.9875425,7/8/2016 12:21,12:21,3,0,0,EXPOSITION AVENUE EAST & BROADWAY STREET SOUTH,1,1,0,7,1,1,,0,30,0,0,0,0,1,4,2,3
,2016_08760,39.664233,-104.928453,9/27/2016 23:38,23:38,6,0,0,FAIRFAX STREET SOUTH & CORNELL AVENUE EAST,1,3,0,0,1,4,,0,25,0,0,0,0,0,4,2,2
,2016_08761,39.685878,-105.012882,2/13/2016 8:50,8:50,5,0,0,MEXICO AVENUE WEST & VALLEJO STREET SOUTH,5,1,0,7,3,4,,0,25,0,0,0,0,0,4,1,1
,2016_08762,39.689514,-105.0203655,5/6/2016 13:08,13:08,3,0,0,FLORIDA AVENUE WEST & CLAY STREET SOUTH,1,1,0,7,1,1,,0,30,0,0,0,0,0,4,2,7
,2016_08763,39.689487,-105.025086,7/27/2016 14:51,14:51,15,0,0,FLORIDA AVENUE WEST & FEDERAL BOULEVARD SOUTH,1,1,0,7,1,4,,0,35,0,0,0,0,0,4,2,7
,2016_08764,39.711114,-104.9686965,11/16/2016 6:45,6:45,3,0,0,FRANKLIN STREET SOUTH & ALAMEDA AVENUE EAST,1,1,0,7,1,1,,0,25,0,0,0,0,0,4,2,1
,2016_08765,39.726126,-105.0337125,11/13/2016 2:00,2:00,12,0,0,FRONTAGE ROAD NORTH SIXTH AVENUE WEST  & KING STREET NORTH,1,4,0,0,1,4,,0,30,0,0,0,0,0,4,2,13
,2016_08766,39.654414,-104.872302,9/19/2016 11:02,11:02,1,0,1,GIRARD AVENUE EAST & FLORENCE STREET SOUTH,1,1,0,0,1,1,,0,25,0,0,0,0,2,4,2,4
,2016_08767,39.74107753,-104.9939967,1/8/2016 9:30,9:30,12,0,0,GLENARM PLACE & 2800 BLOCK,4,1,0,2,1,4,,0,25,0,0,0,0,0,4,2,7
,2016_08768,39.746196,-104.9835825,3/10/2016 8:05,8:05,10,0,0,GRANT STREET & 19TH AVENUE,1,1,0,0,1,1,,0,25,0,0,0,0,1,4,2,13
,2016_08769,39.74004,-104.983596,4/1/2016 16:02,16:02,6,0,0,GRANT STREET NORTH & COLFAX AVENUE EAST,1,1,0,0,1,4,,0,25,0,0,0,0,0,4,2,14
,2016_08770,39.616758,-105.0716205,7/5/2016 15:40,15:40,5,0,0,GRANT RANCH BOULEVARD WEST & DORADO DRIVE WEST,1,1,0,7,3,4,,0,35,0,0,0,0,1,4,1,10
,2016_08771,39.723435,-104.983794,1/31/2016 10:49,10:49,15,0,0,GRANT STREET NORTH & SPEER BOULEVARD EAST,1,1,0,7,1,1,,0,30,0,0,0,0,0,4,2,16
,2016_08772,39.783609,-104.772222,4/1/2016 10:55,10:55,12,0,0,GREEN VALLEY RANCH BOULEVARD EAST & TOWER ROAD NORTH,1,1,0,7,1,1,,0,40,0,0,0,0,0,4,2,16
,2016_08773,39.79331362,-104.941695,3/6/2016 21:18,21:18,15,0,0,HARRISON STREET & 900 BLOCK NORTH,1,4,0,0,1,4,,0,25,0,0,0,0,0,4,2,1
,2016_08774,39.719394,-104.941341,12/2/2016 15:00,15:00,3,0,0,HARRISON STREET NORTH & SECOND AVENUE EAST,1,1,1,7,1,1,,0,25,0,0,0,0,0,4,2,16
,2016_08775,39.730473,-104.941827,3/14/2016 14:15,14:15,15,0,0,HARRISON STN & NINTH AVENUE EAST,1,1,0,0,1,3,,0,25,0,0,0,0,0,4,2,16
,2016_08776,39.673458,-105.0438015,12/21/2016 15:53,15:53,3,0,0,HARVARD AVENUE WEST & TENNYSON STREET SOUTH,1,1,0,0,1,1,,0,60,0,0,0,0,0,4,2,13
,2016_08777,39.790107,-104.8660335,5/18/2016 8:55,8:55,12,0,0,HAVANA STREET NORTH & 51ST AVENUE EAST,1,1,0,7,1,1,,0,35,0,0,0,0,0,4,2,16
,2016_08778,39.768489,-104.86575,12/2/2016 11:30,11:30,15,0,0,HAVANA STREET NORTH & SMITH ROAD EAST,1,1,0,7,1,4,,0,35,0,0,0,0,0,4,2,1
,2016_08779,39.764511,-104.9696415,11/17/2016 13:25,13:25,3,0,0,HUMBOLDT STREET NORTH & BRUCE RANDOLPH AVENUE EAST,2,1,0,2,1,1,,0,25,0,0,0,0,0,4,2,7
,2016_08780,39.674844,-104.961834,6/9/2016 11:27,11:27,9,0,0,ILIFF AVENUE EAST & GAYLORD STREET SOUTH,1,1,1,0,2,1,,0,25,0,0,0,0,1,4,1,14
,2016_08781,39.675924,-104.922261,4/20/2016 14:57,14:57,15,0,0,ILIFF AVENUE EAST & HOLLY STREET SOUTH,1,1,0,0,1,1,,0,30,0,0,0,0,0,4,2,3
,2016_08782,39.687372,-104.903604,6/14/2016 15:05,15:05,3,0,0,IOWA AVENUE EAST & QUEBEC STREET SOUTH,1,1,0,0,1,1,,0,35,0,0,0,0,0,4,2,13
,2016_08783,39.687543,-104.992182,2/3/2016 9:25,9:25,12,0,0,IOWA AVENUE & SANTA FE DRIVE SOUTH,5,1,1,0,1,4,,0,25,0,0,0,0,0,4,2,14
,2016_08784,39.767418,-104.921136,5/31/2016 13:49,13:49,6,0,0,IVANHOE STREET NORTH & 36TH AVENUE EAST,1,1,0,0,1,4,,0,25,0,0,0,0,0,4,3,14
,2016_08785,39.709287,-104.9199345,12/20/2016 9:40,9:40,3,0,0,JERSEY STREET SOUTH & DAKOTA AVENUE EAST,4,1,1,7,1,1,,0,25,0,0,0,0,0,4,2,16
,2016_08786,39.694752,-104.9581125,2/10/2016 8:09,8:09,14,0,0,JOSEPHINE STREET 1100 BLOCK SOUTH & ARIZONA AVENUE EAST,1,1,0,0,1,4,,0,25,0,0,0,0,0,4,2,14
,2016_08787,39.678444,-104.9579415,1/30/2016 10:29,10:29,6,0,0,JOSEPHINE STREET SOUTH & EVANS AVENUE EAST,1,1,0,0,1,4,,0,5,0,0,0,0,0,4,2,13
,2016_08788,39.770514,-105.0006015,12/7/2016 12:05,12:05,3,0,0,KALAMATH STREET NORTH & 39TH AVENUE WEST,4,1,1,7,1,1,,0,25,0,0,0,0,0,4,2,16
,2016_08789,39.77621548,-104.917577,1/1/2016 7:56,7:56,5,0,0,KEARNEY STREET NORTH & 3215,1,1,0,0,3,4,,0,35,0,0,0,0,0,4,1,7
,2016_08790,39.700377,-105.041421,7/27/2016 19:43,19:43,3,0,0,KENTUCKY AVENUE WEST & QUITMAN STREET SOUTH,1,1,0,0,1,1,,0,25,0,0,0,0,0,4,2,13
,2016_08791,39.65852114,-104.8589816,7/21/2016 2:20,2:20,6,0,0,KENYON AVENUE & 620 BLOCK WEST,1,4,0,0,1,4,,0,15,0,0,0,0,0,4,2,5
,2016_08792,39.781017,-104.7458115,12/5/2016 20:00,20:00,6,0,0,KIRK STREET NORTH & GREEN VALLEY RANCH BOULEVARD EAST,1,3,0,0,1,4,,0,25,0,0,0,0,0,4,2,13
,2016_08793,39.75824081,-104.9163615,11/23/2016 1:00,1:00,6,0,0,KRAMERIA STREET & 3200 BLOCK NORTH,1,3,0,0,1,4,,0,,0,0,0,0,0,4,4,13
,2016_08794,39.74603268,-105.0022112,1/30/2016 12:56,12:56,6,0,0,LARIMER STREET & 2200 BLOCK,1,1,0,0,1,3,,0,30,0,0,0,0,0,4,3,8
,2016_08795,39.74603268,-105.0022112,2/17/2016 20:16,20:16,15,0,0,LARIMER STREET & 1400 BLOCK,1,3,0,0,1,4,,0,30,0,0,0,0,0,4,2,13
,2016_08796,39.752946,-104.992614,2/25/2016 0:18,0:18,15,0,0,LARIMER STREET & 20TH STREET,1,3,0,0,1,1,,0,30,0,0,0,0,0,4,2,13
,2016_08797,39.757608,-104.9865705,6/18/2016 21:00,21:00,6,0,0,LARIMER STREET & 25TH STREET,1,3,0,0,1,4,,0,30,0,0,0,0,0,4,2,13
,2016_08798,39.711141,-104.9863905,4/19/2016 8:18,8:18,12,0,0,LINCOLN STREET 300 BLOCK SOUTH & ALAMEDA AVENUE EAST,2,1,0,7,1,4,,0,30,0,0,0,0,0,4,2,1
,2016_08799,39.667158,-105.0701403,3/20/2016 12:47,12:47,6,0,0,LINVALE PLACE WEST & 5222,1,1,0,0,1,4,,0,25,0,0,0,0,0,4,2,1
,2016_08800,39.75825866,-104.9140069,12/10/2016 11:44,11:44,10,0,0,LOCUST STREET & 2850 SOUTH,1,1,0,0,1,4,,0,25,0,0,0,0,1,4,2,13
,2016_08801,39.653055,-104.9153535,2/18/2016 16:37,16:37,3,0,0,LOCUST STREET SOUTH & HAMPDEN AVENUE EAST,1,1,0,7,1,2,,0,25,0,0,0,0,0,4,2,16
,2016_08802,39.743424,-104.9820435,8/10/2016 8:46,8:46,3,0,0,LOGAN STREET 1700 BLOCK NORTH & 18TH AVENUE EAST,1,1,0,7,1,1,,0,30,0,0,0,0,0,4,2,7
,2016_08803,39.67128,-104.9828355,11/9/2016 17:04,17:04,6,0,0,LOGAN STREET SOUTH & HARVARD AVENUE EAST,1,3,0,0,1,4,,0,30,0,0,0,0,0,4,2,6
,2016_08804,39.707496,-104.9827905,5/5/2016 1:47,1:47,6,0,0,LOGAN STREET 400 BLOCK SOUTH & VIRGINIA AVENUE EAST,1,3,0,0,1,4,,0,30,0,0,0,0,0,4,2,5
,2016_08805,39.761838,-104.922261,10/25/2016 9:03,9:03,1,0,0,MLK BOULEVARD & HOLLY STREET NORTH,1,1,0,0,1,1,,0,35,0,0,0,0,0,4,2,13
,2016_08806,39.707496,-104.9827905,5/9/2016 17:24,17:24,12,0,0,LOGAN STREET 500 BLOCK SOUTH & VIRGINIA AVENUE EAST,1,1,0,7,1,3,,0,30,0,0,0,0,0,4,3,14
,2016_08807,39.769551,-105.034617,5/6/2016 15:50,15:50,8,0,0,LOWELL BOULEVARD NORTH & 38TH AVENUE WEST,1,1,0,0,6,4,,0,30,0,0,0,0,0,4,2,3
,2016_08808,39.770748,-105.0346215,7/12/2016 21:20,21:20,6,0,0,LOWELL BOULEVARD NORTH & 39TH AVENUE WEST,1,3,0,0,1,4,,0,30,0,0,0,0,0,4,3,5
,2016_08809,39.72393,-104.8839413,4/7/2016 22:37,22:37,10,0,0,LOWRY BOULEVARD & YOSEMITE STREET NORTH,1,3,0,0,1,6,,0,25,0,0,0,0,0,4,2,13
,2016_08810,39.72393,-104.8839413,5/10/2016 19:45,19:45,15,0,0,LOWRY BOULEVARD & YOSEMITE STREET NORTH,1,3,0,7,1,6,,0,20,0,0,0,0,0,4,2,3
,2016_08811,39.72393,-104.8839413,11/4/2016 16:50,16:50,15,0,0,LOWRY BOULEVARD & YOSEMITE STREET NORTH,1,1,0,7,1,1,,0,35,0,0,0,0,0,4,2,16
,2016_08812,39.756411,-104.989833,7/31/2016 23:10,23:10,12,0,0,MARKET STREET 2200 BLOCK & PARK AVENUE WEST,1,3,0,7,1,4,,0,30,0,0,0,0,0,4,2,1
,2016_08813,39.794796,-104.8133025,3/4/2016 3:15,3:15,15,0,0,MAXWELL PLACE EAST & ALTURA STREET NORTH,1,3,0,0,1,1,,0,25,0,0,0,0,0,4,2,1
,2016_08814,39.69657,-104.9407425,6/25/2016 12:24,12:24,3,0,0,MISSISSIPPI AVENUE EAST & COLORADO BOULEVARD SOUTH,1,1,0,0,1,1,,0,10,0,0,0,0,0,4,2,3
,2016_08816,39.696669,-104.991912,1/18/2016 5:45,5:45,12,0,0,MISSISSIPPI AVENUE WEST & SANTA FE DRIVE SOUTH,1,3,0,0,1,3,,0,35,0,0,0,0,0,4,2,3
,2016_08817,39.69666,-104.8917105,1/21/2016 19:55,19:55,12,0,0,MISSISSIPPI AVENUE EAST & VALENTIA STREET SOUTH,1,3,0,7,1,1,,0,45,0,0,0,0,0,4,2,16
,2016_08818,39.696759,-105.0156675,9/1/2016 22:15,22:15,15,0,0,MISSISSIPPI AVENUE WEST & ZUNI STREET SOUTH,1,3,0,0,1,4,,0,35,0,0,0,0,1,4,2,1
,2016_08819,39.761838,-104.929371,12/12/2016 7:02,7:02,3,0,0,MLK BOULEVARD & ELM STREET NORTH,2,1,0,7,1,1,,0,30,0,0,0,0,1,4,2,16
,2016_08820,39.762,-104.912865,2/8/2016 15:46,15:46,15,0,0,MLK BOULEVARD 6400 BLOCK EAST & MONACO STREET NORTH,1,1,0,7,1,4,,0,35,0,0,0,0,0,4,2,16
,2016_08821,39.761964,-104.903451,10/8/2016 20:00,20:00,10,0,0,MLK BOULEVARD EAST & QUEBEC STREET NORTH,1,3,0,0,1,1,,0,35,0,0,0,0,0,4,2,8
,2016_08822,39.711366,-104.912964,10/25/2016 5:46,5:46,12,0,0,MONACO STREET 200 BLOCK SOUTH & ALAMEDA AVENUE EAST,1,3,0,7,1,3,,0,35,0,0,0,0,0,4,2,1
,2016_08823,39.700395,-105.0454035,12/26/2016 8:00,8:00,6,0,0,UTICA STREET SOUTH & KENTUCKY AVENUE WEST,1,3,0,0,1,4,,0,25,0,0,0,0,0,4,2,14
,2016_08824,39.711366,-104.912964,11/11/2016 11:55,11:55,12,0,0,MONACO STREET 300 BLOCK SOUTH & ALAMEDA AVENUE EAST,1,1,1,7,1,3,,0,35,0,0,0,0,0,4,2,16
,2016_08825,39.674835,-104.912973,6/20/2016 11:32,11:32,1,0,0,MONACO STREET SOUTH & ILIFF AVENUE EAST,1,1,0,0,1,1,,0,35,0,0,0,0,0,4,2,13
,2016_08826,39.777993,-104.912901,11/24/2016 17:25,17:25,12,0,0,MONACO PARKWAY NORTH & STAPLETON DRIVE SOUTH,1,2,0,7,1,1,,0,30,0,0,0,0,0,4,2,16
,2016_08827,39.747438,-104.90346,5/27/2016 15:20,15:20,12,0,0,MONTVIEW BOULEVARD EAST & QUEBEC STREET NORTH,1,1,0,7,1,4,,0,30,0,0,0,0,0,4,3,14
,2016_08828,39.700404,-105.0481305,5/6/2016 11:26,11:26,12,0,0,MORRISON ROAD & KENTUCKY AVENUE WEST,1,1,0,7,1,4,,0,30,0,0,0,0,0,4,2,7
,2016_08829,39.709629,-105.0350355,6/20/2016 16:41,16:41,3,0,0,MORRISON ROAD & LOWELL BOULEVARD SOUTH,1,1,0,7,1,3,,0,30,0,0,0,0,0,4,2,7
,2016_08830,39.785724,-104.883093,8/20/2016 2:56,2:56,5,0,0,NORTHFIELD BOULEVARD 9500 BLOCK EAST & CENTRAL PARK BOULEVARD NORTH,1,3,0,0,2,4,,0,35,0,0,0,0,1,4,1,5
,2016_08831,39.737106,-104.975181,4/4/2016 16:00,16:00,6,0,0,OGDEN STREET 1300 BLOCK NORTH & 13TH AVENUE EAST,1,3,1,0,1,4,,0,25,0,0,0,0,0,4,2,13
,2016_08832,39.719142,-104.9752305,11/20/2016 11:49,11:49,3,0,0,OGDEN STREET NORTH & SPEER BOULEVARD EAST,1,1,0,0,1,1,,0,35,0,0,0,0,0,4,2,14
,2016_08833,39.783834,-105.005133,6/29/2016 13:24,13:24,3,0,0,OSAGE STREET NORTH & 48TH AVENUE WEST,1,1,1,0,1,1,,0,30,0,0,0,0,1,4,2,13
,2016_08834,39.76788931,-104.9948145,11/18/2016 13:03,13:03,12,0,0,PARK AVENUE WEST & 3400 BLOCK WEST,1,1,1,0,1,4,,0,35,0,0,0,0,0,4,2,13
,2016_08835,39.75453,-104.987421,2/15/2016 11:06,11:06,1,0,0,PARK AVENUE WEST & BROADWAY NORTH,1,1,0,0,1,1,,0,15,0,0,0,0,0,4,2,13
,2016_08836,39.765726,-104.9948415,7/14/2016 13:42,13:42,12,0,0,PARK AVENUE WEST & GLOBEVILLE ROAD,1,1,1,0,1,3,,0,35,0,0,0,0,0,4,2,13
,2016_08838,39.765726,-104.9948415,11/8/2016 9:22,9:22,3,0,1,PARK AVENUE WEST & GLOBEVILLE ROAD,1,1,0,0,1,1,,0,65,0,0,0,0,2,4,2,4
,2016_08839,39.7859126,-104.9800304,10/14/2016 10:30,10:30,12,0,0,PEARL STREET & 1200 BLKN,1,1,0,0,1,4,,0,25,0,0,0,0,0,4,2,13
,2016_08840,39.7859126,-104.9800304,6/2/2016 8:48,8:48,6,0,0,PEARL STREET & 1356 NORTH,1,1,0,0,1,4,,0,25,0,0,0,0,0,4,2,14
,2016_08841,39.844602,-104.6809395,4/10/2016 18:18,18:18,15,0,0,PENA BOULEVARD & 8400 BLOCK,2,1,1,1,1,4,,0,35,0,0,0,0,0,4,2,8
,2016_08842,39.833577,-104.7230235,11/24/2016 3:19,3:19,15,0,0,PENA BOULEVARD 7550 & OLD TOLL PLAZA,1,3,0,0,1,4,,0,65,0,0,0,0,0,4,2,5
,2016_08843,39.83338151,-104.771988,4/20/2016 7:15,7:15,14,0,0,PENA BOULEVARD & TOWER ROAD NORTH,1,1,0,0,1,1,,0,45,0,0,0,0,1,4,2,13