id,drcog_id,latitude,longitude,crashtime,time,crashtype,numbkilled,numbinjurd,drcoglocat,rdconditin,lightngcon,roadcntgrd,weatherco,location,roaddescrp,schoolzone,constrzone,splimit,bikeinv,pedinv,sctrinv,motoinv,svrty,rdsystem,ttlvehcls,hcf
,2016_08844,39.83338151,-104.771988,5/17/2016 5:00,5:00,12,0,0,PENA BOULEVARD 6500 & TOWER ROAD,2,1,0,1,1,4,,0,65,0,0,0,0,0,4,2,16
,2016_08845,39.687579,-104.981607,7/8/2016 19:38,19:38,3,0,0,PENNYSLVANIA STREET SOUTH & IOWA AVENUE EAST,1,1,0,7,1,1,,0,30,0,0,0,0,0,4,2,12
,2016_08846,39.769605,-104.8474125,1/19/2016 16:25,16:25,12,0,0,PEORIA STREET NORTH & 38TH AVENUE EAST,1,1,1,7,1,1,,0,35,0,0,0,0,0,4,3,16
,2016_08847,39.778047,-104.8471245,3/25/2016 13:30,13:30,3,0,0,PEORIA STREET NORTH & 45TH AVENUE EAST,1,1,0,7,1,2,,0,35,0,0,0,0,0,4,2,16
,2016_08848,39.779577,-104.8471335,2/1/2016 19:05,19:05,12,0,0,PEORIA STREET NORTH & 46TH AVENUE EAST,5,3,0,2,1,1,,0,40,0,0,0,0,1,4,2,16
,2016_08849,39.779919,-104.846454,4/1/2016 12:20,12:20,12,0,0,PEORIA STREET 4600 BLOCK NORTH & 46TH AVENUE EAST,1,1,0,7,1,4,,0,40,0,0,0,0,0,4,3,3
,2016_08850,39.798261,-104.847282,3/18/2016 20:19,20:19,15,0,0,PEORIA STREET NORTH & 56TH AVENUE EAST,1,2,0,7,1,3,,0,35,0,0,0,0,0,4,2,7
,2016_08851,39.784005,-104.84712,2/26/2016 9:41,9:41,1,0,0,PEORIA STREET NORTH & ALBROOK DRIVE EAST,1,1,0,0,1,1,,0,45,0,0,0,0,0,4,2,3
,2016_08852,39.62582713,-104.9041192,1/25/2016 17:30,17:30,12,0,0,QUEBEC STREET SOUTH & 2700 BLOCK,2,3,1,0,1,4,,0,30,0,0,0,0,0,4,3,5
,2016_08853,39.757986,-104.903451,2/15/2016 9:30,9:30,12,0,0,QUEBEC STREET NORTH & 29TH AVENUE EAST,1,1,0,0,1,1,,0,35,0,0,0,0,0,4,2,13
,2016_08855,39.711348,-104.9035005,5/8/2016 13:25,13:25,12,0,0,QUEBEC STREET 200 BLOCK SOUTH & ALAMEDA AVENUE EAST,1,1,0,7,1,3,,0,35,0,0,0,0,1,4,2,16
,2016_08856,39.714471,-104.903784,11/18/2016 7:28,7:28,3,0,0,QUEBEC STREET SOUTH & BAYAUD AVENUE EAST,6,1,0,0,1,1,,0,25,0,0,0,0,0,4,2,7
,2016_08857,39.695652,-104.903595,8/14/2016 14:35,14:35,12,0,0,QUEBEC STREET 1000 BLOCK SOUTH & MISSISSIPPI AVENUE EAST,1,1,0,7,1,4,,0,30,0,0,0,0,0,4,2,16
,2016_08858,39.747438,-104.90346,1/26/2016 22:30,22:30,1,0,0,QUEBEC STREET NORTH & MONTVIEW BOULEVARD,1,3,0,7,1,1,,0,30,0,0,0,0,0,4,2,16
,2016_08860,39.64762425,-104.9023514,7/2/2016 19:00,19:00,15,0,0,QUINCY AVENUE & 3600 BLOCK WEST,1,1,0,0,1,4,,0,30,0,0,0,0,0,4,1,13
,2016_08861,39.726711,-104.901804,11/10/2016 15:35,15:35,6,0,0,QUINCE STREET NORTH & SEVENTH AVENUE EAST,1,1,0,0,1,4,,0,5,0,0,0,0,0,4,2,5
,2016_08862,39.638619,-104.9040945,9/2/2016 9:11,9:11,3,0,0,QUINCY AVENUE 7500 BLOCK EAST & QUEBEC STREET SOUTH,1,1,0,0,1,2,,0,35,0,0,0,0,0,4,2,13
,2016_08863,39.706425,-105.007842,1/24/2016 23:15,23:15,6,0,0,QUIVAS STREET SOUTH & QUIETO WAY SOUTH,1,3,0,7,1,4,,0,25,0,0,0,0,0,4,2,5
,2016_08864,39.72336315,-104.9634017,7/18/2016 10:00,10:00,6,0,0,RACE STREET 460 NORTH & ALLEY HIGH,1,1,0,0,1,5,,0,15,0,0,0,0,0,4,2,13
,2016_08865,39.741624,-104.9634765,12/21/2016 20:01,20:01,3,0,0,RACE STREET NORTH & 16TH AVENUE EAST,1,3,1,7,1,1,,0,30,0,0,0,0,0,4,2,4
,2016_08866,39.783735,-104.9634855,12/19/2016 11:00,11:00,6,0,0,RACE STREET NORTH & 48TH AVENUE EAST,5,1,0,2,1,4,,0,25,0,0,0,0,0,4,2,7
,2016_08867,39.74440949,-104.9960551,3/31/2016 21:30,21:30,15,0,0,14TH STREET & 500 BLOCK,1,3,0,0,1,4,,0,30,0,0,0,0,0,4,2,13
,2016_08868,39.748932,-105.001254,4/28/2016 14:00,14:00,15,0,0,14TH STREET & BLAKE STREET,1,1,0,0,1,1,,0,30,0,0,0,0,0,4,2,13
,2016_08869,39.742002,-104.99283,10/20/2016 8:00,8:00,6,0,0,14TH STREET 400 BLOCK & GLENARM PLACE,1,1,0,0,1,5,,0,30,0,0,0,0,0,4,2,7
,2016_08870,39.741318,-104.9919615,1/8/2016 6:41,6:41,3,0,0,14TH STREET & TREMONT PLACE,4,2,0,2,1,1,,0,30,0,0,0,0,0,4,2,13
,2016_08871,39.75741,-105.0105015,2/26/2016 0:10,0:10,6,0,0,15TH STREET 2500 BLOCK & CENTRAL STREET,1,3,1,0,1,4,,0,30,0,0,0,0,0,4,2,4
,2016_08872,39.741957,-104.903451,7/28/2016 10:15,10:15,12,0,0,16TH AVENUE EAST & QUEBEC STREET NORTH,1,1,0,0,1,2,,0,25,0,0,0,0,0,4,2,7
,2016_08873,39.747708,-104.990616,4/28/2016 8:40,8:40,12,0,0,18TH STREET & STOUT STREET,1,1,0,7,1,1,,0,25,0,0,0,0,0,4,2,16
,2016_08874,39.747708,-104.990616,10/2/2016 18:53,18:53,3,0,0,18TH STREET & STOUT STREET,1,1,0,0,1,1,,0,30,0,0,0,0,1,4,2,3
,2016_08875,39.752262,-104.991804,3/3/2016 15:26,15:26,1,0,0,20TH STREET & LAWRENCE STREET,1,1,0,0,1,1,,0,25,0,0,0,0,0,4,2,13
,2016_08876,39.759579,-105.0017805,1/7/2016 12:06,12:06,12,0,0,20TH STREET 2150 BLOCK & LITTLE RAVEN STREET,1,1,1,0,1,4,,0,30,0,0,0,0,1,4,2,3
,2016_08877,39.753612,-104.993451,11/13/2016 23:25,23:25,1,0,0,20TH STREET & MARKET STREET,1,3,0,7,1,1,,0,30,0,0,0,0,0,4,2,4
,2016_08878,39.752667,-104.98743,11/21/2016 11:00,11:00,15,0,0,22ND STREET & BROADWAY STREET,1,1,0,0,1,1,,0,30,0,0,0,0,0,4,2,12
,2016_08879,39.75075,-104.984946,7/16/2016 18:38,18:38,3,0,0,22ND STREET & CALIFORNIA STREET,1,1,0,0,1,1,,0,25,0,0,0,0,0,4,2,5
,2016_08880,39.755187,-104.9809815,12/8/2016 10:55,10:55,3,0,0,26TH STREET & STOUT STREET,1,1,0,0,1,1,,0,25,0,0,0,0,0,4,3,7
,2016_08881,39.75867,-104.97825,1/31/2016 2:25,2:25,3,0,0,29TH STREET & CHAMPA STREET,6,3,0,7,1,1,,0,30,0,0,0,0,0,4,2,5
,2016_08882,39.763485,-104.977242,1/16/2016 8:57,8:57,15,0,0,32ND STREET & LAWRENCE STREET NORTH,1,1,0,0,1,1,,0,25,0,0,0,0,0,4,2,13
,2016_08883,39.74001,-104.99202,11/6/2016 18:51,18:51,6,0,0,40TH AVENUE & 1500 BLOCK WEST,1,3,0,0,1,4,,0,25,0,0,0,0,0,4,2,3
,2016_08884,39.82448321,-104.6716571,11/11/2016 8:10,8:10,5,0,0,71ST AVENUE 27100 BLOCK EAST & GUARD SHACK,1,1,0,0,1,4,,0,15,0,0,0,0,0,4,1,13
,2016_08885,39.628233,-105.02964,12/2/2016 16:20,16:20,6,0,0,SARATOGA PLACE WEST & IRVING STREET SOUTH,1,1,0,0,1,4,,0,25,0,0,0,0,0,4,2,12
,2016_08886,39.79094944,-104.9851935,4/4/2016 21:37,21:37,6,0,0,SHERMAN STREET & 1550 NORTH,1,3,0,0,1,4,,0,30,0,0,0,0,0,4,2,13
,2016_08887,39.737124,-104.9844825,2/24/2016 13:05,13:05,12,0,0,SHERMAN STREET 1300 BLOCK NORTH & 13TH AVENUE EAST,1,1,0,0,1,2,,0,30,0,0,0,0,0,4,2,8
,2016_08888,39.762009,-105.009552,2/3/2016 18:55,18:55,6,0,0,SHOSHONE STREET NORTH & 32ND AVENUE WEST,4,4,1,0,1,4,,0,25,0,0,0,0,0,4,2,12
,2016_08889,39.733623,-104.9941215,7/20/2016 1:02,1:02,12,0,0,SPEER BOULEVARD & 11TH AVENUE WEST,1,3,0,7,1,1,,0,35,0,0,0,0,0,4,2,12
,2016_08890,39.748446,-105.0033735,9/30/2016 11:35,11:35,12,0,0,SPEER BOULEVARD NORTH NORTHBOUND & AURARIA PARKWAY,1,1,0,0,1,3,,0,35,0,0,0,0,0,4,3,14
,2016_08891,39.75633,-105.015852,1/3/2016 23:10,23:10,3,0,0,SPEER BOULEVARD NORTH & ZUNI STREET NORTH,1,3,1,0,1,1,,0,35,0,0,0,0,0,4,2,12
,2016_08892,39.780513,-104.9592825,3/8/2016 16:54,16:54,12,0,0,STEAVENSON PLACE EAST & YORK STREET NORTH,1,1,1,7,1,3,,0,30,0,0,0,0,0,4,2,14
,2016_08893,39.685698,-104.9500935,3/22/2016 9:54,9:54,1,0,0,STEELE STREET SOUTH & MEXICO AVENUE EAST,1,1,0,0,1,1,,0,30,0,0,0,0,0,4,2,13
,2016_08894,39.732867,-104.898771,2/1/2016 7:40,7:40,14,0,0,SYRACUSE STREET NORTH & 11TH AVENUE EAST,5,1,0,2,1,4,,0,30,0,0,0,0,0,4,2,13
,2016_08895,39.735612,-104.898762,12/12/2016 21:26,21:26,3,0,1,SYRACUSE STREET NORTH & 12TH AVENUE EAST,1,3,0,7,1,1,,0,30,0,0,0,0,2,4,2,8
,2016_08896,39.83338151,-104.771988,11/22/2016 7:25,7:25,10,0,0,TOWER ROAD NORTH & PENA BOULEVARD,2,1,1,2,1,4,,0,40,0,0,0,0,0,4,2,8
,2016_08897,39.711114,-104.959305,8/6/2016 15:37,15:37,12,0,0,UNIVERSITY BOULEVARD 200 BLOCK SOUTH & ALAMEDA AVENUE EAST,1,1,1,7,1,4,,0,30,0,0,0,0,1,4,2,16
,2016_08898,39.711114,-104.959305,12/8/2016 17:05,17:05,1,0,0,UNIVERSITY BOULEVARD & ALAMEDA AVENUE EAST,2,3,1,0,1,1,,0,30,0,0,0,0,0,4,2,13
,2016_08899,39.715263,-104.959323,5/25/2016 8:09,8:09,1,0,0,UNIVERSITY BOULEVARD SOUTH & CHERRY CREEK SOUTH DRIVE EAST,1,1,0,0,1,1,,0,30,0,0,0,0,0,4,2,13
,2016_08900,39.703851,-104.95935,1/12/2016 12:28,12:28,12,0,0,UNIVERSITY BOULEVARD 700 BLOCK SOUTH & EXPOSITION AVENUE EAST,1,1,0,0,1,4,,0,30,0,0,0,0,0,4,3,3
,2016_08901,39.703851,-104.95935,7/8/2016 14:05,14:05,12,0,0,UNIVERSITY BOULEVARD SOUTH & EXPOSITION AVENUE EAST,1,1,0,7,1,4,,0,30,0,0,0,0,0,4,3,16
,2016_08902,39.692952,-104.9593455,6/18/2016 22:25,22:25,3,0,0,UNIVERSITY BOULEVARD SOUTH & LOUISIANA AVENUE EAST,1,3,0,7,1,1,,0,35,0,0,0,0,0,4,2,16
,2016_08903,39.702006,-104.959341,12/13/2016 17:55,17:55,12,0,0,UNIVERSITY BOULEVARD 900 BLOCK SOUTH & OHIO AVENUE EAST,1,3,0,7,1,4,,0,30,0,0,0,0,0,4,2,16
,2016_08904,39.729312,-105.0132105,8/17/2016 7:08,7:08,12,0,0,VALLEJO STREET & EIGHTH AVENUE WEST,1,1,0,0,1,1,,0,35,0,0,0,0,0,4,2,14
,2016_08905,39.671316,-104.869944,11/30/2016 11:36,11:36,3,0,0,VASSAR DRIVE EAST & HARVARD AVENUE EAST,1,1,1,0,1,1,,0,25,0,0,0,0,0,4,2,13
,2016_08906,39.789909,-104.835393,7/27/2016 20:00,20:00,6,0,0,5000 BLOCK NORTH VAUGHN WAY & UVALDA STREET NORTH,1,2,0,7,1,4,,0,15,0,0,0,0,0,4,2,3
,2016_08907,39.78205199,-104.96241,12/20/2016 6:26,6:26,5,0,0,VINE STREET & 2800 BLOCK SOUTH,4,4,0,0,2,3,,0,25,0,0,0,0,0,4,2,14
,2016_08908,39.736809,-104.9622615,1/15/2016 11:16,11:16,3,0,0,VINE STREET & 13TH AVENUE EAST,1,1,0,0,1,5,,0,10,0,0,0,0,0,4,2,7
,2016_08909,39.769407,-105.04629,11/16/2016 13:34,13:34,1,0,0,VRAIN STREET NORTH & 38TH AVENUE WEST,1,1,1,7,1,1,,0,25,0,0,0,0,0,4,2,16
,2016_08910,39.788973,-104.9782815,9/12/2016 7:25,7:25,12,0,0,WASHINGTON STREET NORTH & 51ST AVENUE EAST,1,1,0,0,1,3,,0,35,0,0,0,0,0,4,2,14
,2016_08911,39.754773,-104.9780115,4/5/2016 21:10,21:10,10,0,0,WELTON STREET & 27TH STREET,1,3,0,0,1,1,,0,30,0,0,0,0,0,4,2,1
,2016_08912,39.75759,-104.9744205,12/12/2016 14:07,14:07,10,0,0,WELTON STREET & 30TH STREET,1,1,0,0,1,1,,0,60,0,0,0,0,0,4,2,8
,2016_08913,39.673026,-104.961744,3/1/2016 7:12,7:12,3,0,0,WESLEY AVENUE 2200 BLOCK EAST & GAYLORD STREET,1,1,0,0,1,5,,0,25,0,0,0,0,0,4,2,14
,2016_08914,39.673035,-104.964075,5/27/2016 18:45,18:45,6,0,0,WESLEY AVENUE EAST & RACE STREET SOUTH,1,1,0,0,1,4,,0,25,0,0,0,0,0,4,2,13
,2016_08915,39.727089,-104.9658705,6/19/2016 12:20,12:20,15,0,0,WILLIAMS STREET NORTH & SEVENTH AVENUE EAST,1,1,0,0,1,1,,0,25,0,0,0,0,0,4,2,13
,2016_08916,39.738474,-105.048684,9/19/2016 20:40,20:40,6,0,0,WOLFF STREET NORTH & 14TH AVENUE WEST,1,3,0,0,1,4,,0,30,0,0,0,0,0,4,3,13
,2016_08917,39.75240722,-105.000249,4/24/2016 15:15,15:15,3,0,0,WYNKOOP STREET & 1519,1,5,0,0,1,2,,0,30,0,0,0,0,0,4,2,13
,2016_08918,39.667464,-104.9286105,2/11/2016 7:48,7:48,15,0,0,YALE AVENUE EAST & YALE CIRCLE EAST,1,1,1,0,1,1,,0,30,0,0,0,0,0,4,2,13
,2016_08920,39.781782,-104.774472,1/7/2016 15:46,15:46,1,0,0,YAMPA STREET NORTH & 47TH AVENUE EAST,2,1,0,2,1,1,,0,30,0,0,0,0,0,4,2,4
,2016_08921,39.7821206,-104.9592915,4/15/2016 23:09,23:09,12,0,0,YORK STREET NORTH & 700 BLOCK,2,3,0,1,1,4,,0,30,0,0,0,0,0,4,2,5
,2016_08922,39.750696,-104.959773,2/1/2016 18:40,18:40,12,0,0,YORK STREET NORTH & 23RD AVENUE EAST,4,3,0,2,1,1,,0,30,0,0,0,0,1,4,2,16
,2016_09074,39.74001,-104.99202,11/11/2016 13:55,13:55,6,0,0,49TH AVENUE & 3400 BLOCK WEST,1,1,1,0,1,4,,0,30,0,0,0,0,0,4,2,13
,2016_09245,39.74001,-104.99202,9/2/2016 11:50,11:50,12,0,0,I70 & UNKNOWN LOC,1,1,0,0,1,4,,0,55,0,0,0,1,1,1,2,13
,2016_09321,39.705525,-105.040863,9/13/2016 18:30,18:30,6,0,0,QUITMAN STREET & MORRISON ROAD,1,3,0,0,1,4,,0,,0,0,0,0,0,4,3,13
,2016_09379,39.74603268,-105.0022112,5/14/2016 20:30,20:30,6,0,0,LARIMER STREET & 1465,1,2,0,0,1,4,,0,20,0,0,0,0,0,4,2,13
,2016_09407,39.760299,-105.0457234,3/23/2016 5:00,5:00,6,0,0,30TH AVENUE & 3475 EAST,4,1,0,2,1,4,,0,20,0,0,0,0,0,4,2,13
,2016_09588,39.639672,-104.887251,10/2/2016 3:00,3:00,5,0,0,OXFORD DRIVE EAST & WILLOW WAY SOUTH,1,1,0,0,1,4,,0,,0,0,0,0,0,4,1,13
,2016_09651,39.698172,-105.015681,9/8/2016 12:00,12:00,12,0,0,ZUNI STREET & TENNESSEE AVENUE APPROXIMATELY,1,1,0,0,1,4,,0,,0,0,0,0,0,4,2,13
,2016_09677,39.660876,-104.885865,1/6/2016 1:00,1:00,5,0,0,DARTMOUTH AVENUE EAST & SYRACUSE WAY SOUTH,1,3,0,0,2,4,,0,35,0,0,0,0,1,4,1,5
,2016_09678,39.782385,-104.847093,1/11/2016 7:05,7:05,10,0,0,PEORIA STREET NORTH & 47TH AVENUE EAST,1,1,1,0,1,1,,0,35,0,0,0,0,0,4,2,1
,2016_09679,39.689217,-105.0003,1/16/2016 12:18,12:18,12,0,0,FLORIDA AVENUE & PLATTE RIVER DRIVE SOUTH,1,1,0,0,1,4,,0,35,0,0,0,0,0,4,3,1
,2016_09680,39.696696,-105.001533,8/17/2016 12:51,12:51,3,0,0,MISSISSIPPI AVENUE WEST & LIPAN STREET SOUTH,1,1,0,0,1,1,,0,,0,0,0,0,0,4,2,13
,2016_09681,39.769506,-105.0330735,8/18/2016 15:45,15:45,15,0,0,38TH AVENUE & KING STREET NORTH APPROXIMATELY,1,1,0,0,1,4,,0,35,0,0,0,0,0,4,2,13
,2016_09682,39.698388,-104.968701,8/23/2016 13:30,13:30,6,0,0,FRANKLIN STREET & TENNESSEE AVENUE EAST,1,1,0,0,1,4,,0,25,0,0,0,0,0,4,4,14
,2016_09683,39.73689,-105.010425,8/23/2016 16:19,16:19,6,0,0,SHOSHONE STREET & 13TH AVENUE WEST,1,1,0,0,3,4,,0,30,0,0,0,0,0,4,2,13
,2016_09684,39.759579,-105.0017805,8/27/2016 22:49,22:49,12,0,0,20TH STREET & LITTLE RAVEN,1,3,1,0,1,4,,0,30,0,0,0,0,0,4,2,13
,2016_09685,39.7895539,-104.9828997,8/28/2016 20:09,20:09,6,0,0,LOGAN STREET & 1900 BLOCK SOUTH,1,4,0,0,1,4,,0,30,0,0,0,0,0,4,4,13
,2016_09686,39.69117,-104.9804505,8/29/2016 12:57,12:57,14,0,0,ARKANSAS AVENUE & PEARL STREET SOUTH,1,1,0,0,1,3,,0,25,0,0,0,0,0,4,2,1
,2016_09687,39.693168,-105.0518835,8/29/2016 14:31,14:31,3,0,0,ZENOBIA STREET SOUTH & LOUISIANA AVENUE WEST,1,1,0,0,1,1,,0,25,0,0,0,0,0,4,2,13
,2016_09688,39.757203,-104.9836005,8/29/2016 16:07,16:07,3,0,0,26TH STREET & ARAPAHOE STREET,1,1,0,0,1,1,,0,25,0,0,0,0,1,4,2,3
,2016_09689,39.798234,-104.7721815,8/29/2016 23:45,23:45,1,0,0,56TH AVENUE EAST & TOWER ROAD NORTH,1,3,0,0,1,1,,0,45,0,0,0,0,0,4,2,7
,2016_09690,39.69675,-105.0127245,8/30/2016 13:30,13:30,1,0,0,MISSISSIPPI AVENUE WEST & TEJON STREET SOUTH,1,1,0,0,1,1,,0,30,0,0,0,0,0,4,2,13
,2016_09691,39.743235,-104.974821,8/30/2016 17:15,17:15,12,0,1,17TH AVENUE EAST & OGDEN STREET NORTH,1,1,0,0,1,4,,0,30,0,0,0,0,2,4,2,13
,2016_09692,39.74004,-104.983596,9/1/2016 23:08,23:08,6,0,0,GRANT STREET NORTH & COLFAX AVENUE EAST APPROXIMATELY,1,3,0,0,1,4,,0,30,0,0,0,0,0,4,6,5
,2016_09693,39.71142,-104.9366835,9/6/2016 17:00,17:00,12,0,0,ALAMEDA AVENUE EAST & LEETSDALE DRIVE,1,1,0,0,1,4,,0,,0,0,0,0,0,4,2,13
,2016_09694,39.71067539,-104.9129505,9/7/2016 16:45,16:45,12,0,0,MONACO PARKWAY NORTH & 20TH AVENUE EAST,1,1,0,0,1,1,,0,,0,0,0,0,0,4,2,13
,2016_09695,39.748941,-104.9995305,9/8/2016 0:03,0:03,15,0,0,MARKET STREET & 15TH STREET,1,3,0,0,1,4,,0,30,0,0,0,0,0,4,2,13
,2016_09696,39.703968,-105.0109965,9/8/2016 14:56,14:56,3,0,0,TEJON STREET SOUTH & EXPOSITION AVENUE WEST,1,1,0,0,1,1,,0,25,0,0,0,0,0,4,2,13
,2016_09697,39.765708,-104.9548545,9/14/2016 7:50,7:50,6,0,0,35TH AVENUE EAST & CLAYTON STREET,1,1,0,0,1,4,,0,25,0,0,0,0,0,4,2,14
,2016_09698,39.720933,-105.000192,9/14/2016 14:27,14:27,12,0,0,KALAMATH STREET & THIRD AVENUE WEST,1,1,1,0,1,4,,0,30,0,0,0,0,0,4,3,14
,2016_09699,39.77938356,-105.0267865,9/18/2016 11:00,11:00,6,0,0,GROVE STREET & 3750 BLOCK NORTH,1,1,0,0,1,4,,0,30,0,0,0,0,0,4,2,13
,2016_09700,39.703986,-105.0371055,7/28/2016 8:25,8:25,5,0,0,NEWTON STREET 3700 BLOCK SOUTH & EXPOSITION AVENUE WEST,1,1,0,7,2,4,,0,25,0,0,0,0,0,4,1,16
,2016_09701,39.678363,-104.959404,9/20/2016 0:00,0:00,12,0,0,EVANS AVENUE EAST & UNIVERSITY BOULEVARD SOUTH,1,1,0,0,1,1,,0,35,0,0,0,0,0,4,2,13
,2016_09702,39.783609,-104.7913916,9/28/2016 7:33,7:33,1,0,0,GREEN VALLEY RANCH BOULEVARD & PENA BOULEVARD,1,1,1,0,1,1,,0,40,0,0,0,0,0,4,2,7
,2016_09703,39.702942,-104.9129415,10/4/2016 9:46,9:46,12,0,0,MONACO STREET SOUTH & LEETSDALE DRIVE,1,1,0,0,1,3,,0,35,0,0,0,0,1,4,2,13
,2016_09704,39.731112,-105.032124,10/6/2016 16:42,16:42,12,0,0,NINTH AVENUE WEST & KNOX COURT NORTH,1,1,0,0,1,1,,0,25,0,0,0,0,0,4,2,7
,2016_09705,39.682215,-105.0402735,10/8/2016 6:32,6:32,5,0,0,JEWELL AVENUE & PERRY WAY SOUTH,1,2,0,0,3,4,,0,25,0,0,0,0,0,4,2,13
,2016_09706,39.725586,-104.972922,10/8/2016 20:39,20:39,10,0,0,SIXTH AVENUE EAST & DOWNING STREET NORTH,1,3,0,0,1,1,,0,30,0,0,0,0,0,4,3,13
,2016_09707,39.73869,-104.897556,10/8/2016 22:57,22:57,3,0,0,14TH AVENUE EAST & SPRUCE STREET NORTH,1,3,1,0,1,1,,0,25,0,0,0,0,0,4,3,1
,2016_09708,39.678453,-104.915952,10/10/2016 8:45,8:45,3,0,0,EVANS AVENUE EAST & LEYDEN STREET SOUTH,1,1,0,0,1,2,,0,35,0,0,0,0,0,4,2,13
,2016_09709,39.782394,-104.848956,10/12/2016 12:03,12:03,1,0,0,47TH AVENUE EAST & PARIS STREET NORTH,1,1,0,0,1,1,,0,35,0,0,0,0,0,4,2,13
,2016_09710,39.72627,-105.0002055,10/20/2016 21:50,21:50,15,0,0,SIXTH AVENUE WEST & KALAMATH STREET NORTH,1,3,0,0,1,4,,0,25,0,0,0,0,0,4,3,5
,2016_09711,39.754305,-104.9942745,10/29/2016 2:50,2:50,12,0,0,BLAKE STREET & 20TH STREET,1,3,0,0,1,4,,0,35,0,0,0,0,0,4,2,13
,2016_09712,39.77614197,-104.8469535,12/26/2016 12:20,12:20,12,0,0,PEORIA STREET & 4600 BLOCK NORTH,1,1,0,0,1,1,,0,35,0,0,0,0,1,4,2,1
,2016_09713,39.718206,-104.954625,1/8/2016 2:38,2:38,5,0,0,FIRST AVENUE EAST & DETROIT STREET NORTH,10,3,0,2,2,4,,0,35,0,0,0,0,0,4,1,13
,2016_09714,39.718179,-104.959314,10/5/2016 7:45,7:45,12,0,0,FIRST AVENUE EAST & UNIVERSITY BOULEVARD NORTH,1,1,0,0,1,1,,0,30,0,0,0,0,0,4,2,13
,2016_09715,39.719745,-105.032475,11/17/2016 17:42,17:42,3,0,0,SECOND AVENUE WEST & KNOX COURT NORTH,4,3,0,2,1,1,,0,30,0,0,0,0,1,4,2,3
,2016_09717,39.72042,-105.053274,7/4/2016 19:00,19:00,6,0,0,SECOND AVENUE 5100 BLOCK WEST & SHERIDAN BOULEVARD SOUTH,1,4,0,0,1,4,,0,,0,0,0,0,0,4,2,5
,2016_09718,39.74001,-104.99202,2/3/2016 13:57,13:57,12,0,0,SECOND AVENUE 3000 BLOCK EAST & STREET PAUL STREET NORTH,5,1,0,7,1,3,,0,25,0,0,0,0,0,4,2,16
,2016_09719,39.720105,-104.9775525,11/18/2016 16:25,16:25,12,0,0,THIRD AVENUE EAST & SPEER BOULEVARD EAST,1,1,0,7,1,1,,0,25,0,0,0,0,0,4,2,16
,2016_09720,39.722526,-105.0001965,9/19/2016 18:43,18:43,3,0,0,FOURTH AVENUE WEST & KALAMATH STREET NORTH,1,1,0,0,1,1,,0,35,0,0,0,0,0,4,2,13
,2016_09721,39.72411,-104.9985945,6/28/2016 10:49,10:49,3,0,0,FIFTH AVENUE WEST & SANTA FE DRIVE,1,1,0,7,1,1,,0,25,0,0,0,0,0,4,2,16
,2016_09722,39.72411,-104.9985945,11/4/2016 7:51,7:51,12,0,0,FIFTH AVENUE 900 BLOCK WEST & SANTA FE DRIVE NORTH,1,1,0,7,1,5,,0,25,0,0,0,0,0,4,2,1
,2016_09723,39.725316,-104.9348655,5/10/2016 15:59,15:59,3,0,0,SIXTH AVENUE EAST & CLERMONT STREET,1,1,0,0,1,1,,0,30,0,0,0,0,0,4,2,13
,2016_09724,39.725667,-104.99283,2/4/2016 12:24,12:24,15,0,1,SIXTH AVENUE WEST & DELAWARE STREET NORTH,1,1,0,0,1,1,,0,35,0,0,0,0,2,4,2,13
,2016_09725,39.725307,-104.932701,9/3/2016 8:55,8:55,3,0,0,SIXTH AVENUE PARKWAY EAST & DEXTER STREET NORTH,1,1,0,0,1,1,,0,15,0,0,0,0,0,4,2,9
,2016_09726,39.725694,-104.996412,11/6/2016 18:50,18:50,10,0,0,SIXTH AVENUE WEST & GALAPAGO STREET NORTH,1,3,0,0,1,1,,0,35,0,0,0,0,0,4,2,13
,2016_09727,39.72627,-105.0002055,5/11/2016 21:50,21:50,15,0,0,SIXTH AVENUE WEST & KALAMATH STREET NORTH,1,3,0,0,1,1,,0,30,0,0,0,0,0,4,2,13
,2016_09728,39.72627,-105.0002055,11/10/2016 18:16,18:16,12,0,0,SIXTH AVENUE WEST & KALAMATH STREET NORTH,1,3,0,7,1,3,,0,30,0,0,0,0,0,4,4,14
,2016_09729,39.725649,-104.986314,12/21/2016 9:28,9:28,12,0,0,SIXTH AVENUE EAST & LINCOLN STREET NORTH,1,1,0,7,1,3,,0,80,0,0,0,0,1,4,2,16
,2016_09730,39.725649,-104.9081715,12/3/2016 16:05,16:05,6,0,0,SIXTH AVENUE EAST & ONEIDA STREET NORTH,1,3,0,0,1,4,,0,30,0,0,0,0,0,4,2,13
,2016_09731,39.727278,-104.977557,11/13/2016 19:03,19:03,3,0,0,SEVENTH AVENUE EAST & CLARKSON STREET NORTH,1,3,0,7,1,1,,0,30,0,0,0,0,0,4,2,16
,2016_09732,39.729105,-104.988852,10/30/2016 2:05,2:05,3,0,0,EIGHTH AVENUE WEST & ACOMA STREET NORTH,1,3,0,7,1,1,,0,30,0,0,0,0,0,4,2,16
,2016_09733,39.729069,-104.972958,5/25/2016 10:02,10:02,12,0,0,EIGHTH AVENUE 1200 BLOCK EAST & DOWNING STREET NORTH,1,1,0,7,1,4,,0,30,0,0,0,0,0,4,2,1