id,drcog_id,latitude,longitude,crashtime,time,crashtype,numbkilled,numbinjurd,drcoglocat,rdconditin,lightngcon,roadcntgrd,weatherco,location,roaddescrp,schoolzone,constrzone,splimit,bikeinv,pedinv,sctrinv,motoinv,svrty,rdsystem,ttlvehcls,hcf
,2016_09734,39.729114,-104.959071,7/23/2016 9:21,9:21,3,0,0,EIGHTH AVENUE EAST & JOSEPHINE STREET NORTH,1,1,0,7,1,1,,0,30,0,0,0,0,0,4,2,8
,2016_09735,39.729087,-104.9706045,6/3/2016 14:50,14:50,15,0,0,EIGHTH AVENUE EAST & LAFAYETTE STREET NORTH,1,1,0,0,1,1,,0,30,0,0,0,0,0,4,2,13
,2016_09736,39.729087,-104.986152,2/6/2016 9:40,9:40,10,0,0,EIGHTH AVENUE EAST & LINCOLN,2,1,1,0,1,1,,0,30,0,0,0,0,0,4,2,13
,2016_09737,39.729114,-104.960232,12/16/2016 2:43,2:43,3,0,0,EIGHTH AVENUE EAST & YORK STREET NORTH,1,3,1,7,1,1,,0,30,0,0,0,0,0,4,2,5
,2016_09738,39.729312,-105.015933,8/3/2016 10:05,10:05,1,0,0,EIGHTH AVENUE WEST & ZUNI STREET NORTH,1,1,0,7,1,1,,0,30,0,0,0,0,0,4,2,16
,2016_09739,39.7305,-104.959215,12/15/2016 18:43,18:43,12,0,0,NINTH AVENUE EAST & JOSEPHINE STREET NORTH,1,3,1,7,1,4,,0,30,0,0,0,0,0,4,2,16
,2016_09740,39.730509,-104.951727,6/7/2016 13:20,13:20,3,0,0,NINTH AVENUE EAST & MILWAUKEE STREET NORTH,1,1,0,7,1,1,,0,25,0,0,0,0,0,4,2,14
,2016_09741,39.730428,-104.9787405,2/24/2016 17:30,17:30,3,0,0,NINTH AVENUE EAST & WASHINGTON STREET NORTH,1,1,0,7,1,1,,0,35,0,0,0,0,0,4,2,16
,2016_09742,39.74001,-104.99202,6/14/2016 23:50,23:50,6,0,0,11TH AVENUE & 900 BLOCK EAST,1,3,0,0,1,4,,0,30,0,0,0,0,0,4,2,13
,2016_09743,39.733416,-104.9586435,9/27/2016 9:31,9:31,10,0,0,11TH AVENUE & JOSEPHINE STREET,1,1,0,0,1,1,,0,30,0,0,0,0,0,4,2,8
,2016_09744,39.732885,-104.9034735,4/26/2016 15:06,15:06,12,0,0,11TH AVENUE EAST & QUEBEC STREET NORTH,2,1,0,1,1,4,,0,30,0,0,0,0,0,4,2,14
,2016_09745,39.735126,-104.9540445,11/17/2016 15:00,15:00,3,0,0,12TH AVENUE EAST & DETROIT STREET NORTH,4,2,0,2,1,1,,0,25,0,0,0,0,1,4,2,3
,2016_09746,39.735153,-104.973003,1/10/2016 9:15,9:15,3,0,0,12TH AVENUE 1200 BLOCK EAST & DOWNING STREET NORTH,5,1,0,0,1,5,,0,30,0,0,0,0,0,4,2,13
,2016_09747,39.735108,-104.915052,2/23/2016 18:27,18:27,6,0,0,12TH AVENUE EAST & LEYDEN STREET NORTH,1,4,0,0,1,4,,0,25,0,0,0,0,0,4,2,14
,2016_09748,39.736845,-104.9873715,3/16/2016 12:10,12:10,3,0,0,13TH AVENUE EAST & BROADWAY STREET NORTH,1,1,0,0,1,1,,0,30,0,0,0,0,1,4,2,13
,2016_09749,39.736773,-104.956272,6/8/2016 15:23,15:23,6,0,0,13TH AVENUE EAST & ELIZABETH STREET NORTH,1,1,0,0,1,1,,0,25,0,0,0,0,0,4,2,5
,2016_09750,39.736755,-104.9172435,11/20/2016 14:56,14:56,15,0,0,13TH AVENUE EAST & KEARNEY STREET NORTH,1,1,0,0,1,1,,0,30,0,0,0,0,0,4,2,13
,2016_09751,39.736863,-105.005322,11/26/2016 12:42,12:42,3,0,0,13TH AVENUE WEST & OSAGE STREET NORTH,1,1,0,7,1,1,,0,25,0,0,0,0,0,4,2,16
,2016_09752,39.738357,-104.954157,5/10/2016 7:04,7:04,3,0,0,14TH AVENUE EAST & DETROIT STREET NORTH,1,1,0,0,1,1,,0,30,0,0,0,0,0,4,2,3
,2016_09753,39.738393,-104.9684445,2/5/2016 23:05,23:05,1,0,0,14TH AVENUE EAST & FRANKLIN STREET NORTH,1,3,0,7,1,1,,0,25,0,0,0,0,0,4,2,16
,2016_09754,39.738312,-104.918355,4/10/2016 21:44,21:44,15,0,0,14TH AVENUE EAST & JASMINE STREET NORTH,2,3,0,1,1,1,,0,35,0,0,0,0,0,4,3,7
,2016_09755,39.738429,-104.981112,4/2/2016 19:23,19:23,3,0,0,14TH AVENUE EAST & PENNSYLVANIA STREET NORTH,1,2,0,7,1,1,,0,25,0,0,0,0,0,4,2,16
,2016_09756,39.75849,-105.023601,4/30/2016 13:00,13:00,3,0,0,29TH AVENUE WEST & ELIOT STREET NORTH,2,1,0,2,1,1,,0,30,0,0,0,0,0,4,2,13
,2016_09757,39.73869,-104.9011515,5/21/2016 15:21,15:21,10,0,0,14TH AVENUE EAST & ROSLYN STREET NORTH,1,1,0,0,1,1,,0,30,0,0,0,0,0,4,2,8
,2016_09758,39.738348,-104.950584,1/15/2016 8:55,8:55,6,0,0,14TH AVENUE EAST & STREET PAUL STREET NORTH,1,1,0,7,1,4,,0,15,0,0,0,0,0,4,2,14
,2016_09759,39.74001,-104.99202,3/16/2016 16:28,16:28,3,0,0,17TH AVENUE & 2500 BLOCK EAST,1,1,0,0,1,2,,0,30,0,0,0,0,0,4,2,13
,2016_09760,39.74001,-104.99202,2/23/2016 15:17,15:17,12,0,0,17TH AVENUE & 3800 BLOCK EAST,1,1,0,0,1,4,,0,30,0,0,0,0,0,4,3,13
,2016_09761,39.743226,-104.9734125,12/5/2016 0:07,0:07,3,0,0,17TH AVENUE EAST & DOWNING STREET NORTH,1,3,0,7,1,1,,0,30,0,0,0,0,1,4,2,5
,2016_09762,39.743226,-104.961006,6/23/2016 17:00,17:00,3,0,0,17TH AVENUE EAST & GAYLORD STREET NORTH,1,1,0,7,1,1,,0,30,0,0,0,0,0,4,3,16
,2016_09763,39.743928,-105.0283665,1/8/2016 1:30,1:30,5,0,0,17TH AVENUE WEST & HOOKER STREET NORTH,4,3,1,2,2,4,,0,30,0,0,0,0,0,4,1,1
,2016_09764,39.743226,-104.9721525,3/7/2016 12:35,12:35,10,0,0,17TH AVENUE EAST & MARION STREET NORTH,2,1,0,1,1,1,,0,30,0,0,0,0,0,4,2,8
,2016_09765,39.7682371,-105.0416836,8/10/2016 20:14,20:14,12,0,0,17TH AVENUE WEST & RALEIGH STREET NORTH,1,3,0,7,1,1,,0,30,0,0,0,0,0,4,2,8
,2016_09766,39.749985,-105.0299505,5/14/2016 11:36,11:36,3,0,0,22ND AVENUE WEST & IRVING STREET NORTH,1,1,0,7,1,1,,0,25,0,0,0,0,0,4,2,16
,2016_09767,39.751056,-104.9211135,6/30/2016 1:33,1:33,5,0,0,23RD AVENUE EAST & IVANHOE STREET NORTH,1,3,0,7,2,4,,0,30,0,0,0,0,1,4,1,2
,2016_09768,39.754836,-105.023601,11/22/2016 15:26,15:26,1,0,1,26TH AVENUE WEST & ELIOT STREET NORTH,1,1,1,7,1,1,,0,30,0,0,0,0,2,4,2,16
,2016_09769,39.754764,-104.8706145,11/6/2016 16:47,16:47,3,0,0,26TH AVENUE EAST & FULTON STREET NORTH,1,2,0,7,1,1,,0,25,0,0,0,0,0,4,2,16
,2016_09770,39.754827,-105.0299415,1/6/2016 18:30,18:30,6,0,0,26TH AVENUE WEST & IRVING STREET NORTH,1,3,0,7,1,4,,0,30,0,0,0,0,0,4,2,7
,2016_09771,39.758427,-105.0131655,10/29/2016 23:05,23:05,6,0,0,29TH AVENUE 2200 BLOCK WEST & VALLEJO STREET NORTH,1,3,1,0,1,4,,0,30,0,0,0,0,1,4,4,12
,2016_09772,39.76074,-104.9585715,2/4/2016 8:06,8:06,15,0,0,31ST AVENUE EAST & JOSEPHINE STREET NORTH,5,1,0,7,1,4,,0,30,0,0,0,0,0,4,2,16
,2016_09773,39.760731,-104.9659515,1/5/2016 18:17,18:17,10,0,0,31ST AVENUE EAST & WILLIAMS STREET NORTH,1,3,0,0,1,1,,0,30,0,0,0,0,0,4,2,14
,2016_09774,39.763242,-105.006474,6/3/2016 16:22,16:22,10,0,0,33RD AVENUE WEST & PECOS STREET NORTH,1,1,0,0,1,3,,0,30,0,0,0,0,0,4,2,13
,2016_09775,39.76507521,-104.8781931,1/30/2016 16:25,16:25,3,0,0,35TH AVENUE & 7805 EAST,1,1,0,0,1,1,,0,,0,0,0,0,0,4,2,13
,2016_09776,39.767382,-104.90346,3/15/2016 21:40,21:40,15,0,0,36TH AVENUE & QUEBEC STREET NORTH,1,3,0,0,1,1,,0,35,0,0,0,0,0,4,2,13
,2016_09777,39.769344,-104.865822,3/3/2016 15:15,15:15,14,0,0,37TH AVENUE 10500 BLOCK EAST & HAVANA STREET NORTH,1,1,0,7,1,4,,0,25,0,0,0,0,0,4,2,16
,2016_09778,39.768147,-104.972121,7/18/2016 17:55,17:55,3,0,0,37TH AVENUE EAST & MARION STREET NORTH,1,1,0,7,1,1,,0,30,0,0,0,0,1,4,3,7
,2016_09779,39.768084,-104.8486005,10/15/2016 12:50,12:50,1,0,1,37TH AVENUE 12000 BLOCK EAST & PARIS STREET NORTH,1,1,0,0,1,2,,0,35,0,0,0,0,2,4,2,13
,2016_09780,39.777993,-104.7720735,2/1/2016 18:05,18:05,12,0,0,45TH AVENUE EAST & TOWER ROAD NORTH,10,3,0,2,1,1,,0,35,0,0,0,0,0,4,2,16
,2016_09781,39.76767,-104.84298,12/7/2016 15:36,15:36,3,0,0,37TH AVENUE EAST & REVERE STREET NORTH,11,1,0,2,1,1,,0,25,0,0,0,0,0,4,2,7
,2016_09782,39.768048,-105.01119,4/13/2016 15:41,15:41,3,0,0,37TH AVENUE WEST & TEJON STREET NORTH,1,1,1,0,1,1,,0,25,0,0,0,0,0,4,2,13
,2016_09783,39.769398,-105.0299505,12/18/2016 12:14,12:14,3,0,0,38TH AVENUE WEST & IRVING STREET NORTH,12,1,0,7,1,1,,0,35,0,0,0,0,0,4,2,7
,2016_09784,39.769272,-105.0111945,2/18/2016 15:12,15:12,3,0,4,38TH AVENUE WEST & TEJON STREET NORTH,1,1,1,0,1,1,,0,30,0,0,0,0,2,4,2,13
,2016_09785,39.771063,-104.8470435,1/19/2016 18:00,18:00,12,0,0,39TH AVENUE EAST & PEORIA STREET NORTH,1,2,0,0,1,1,,0,25,0,0,0,0,0,4,2,1
,2016_09786,39.771063,-104.8470435,11/8/2016 14:17,14:17,12,0,0,39TH AVENUE EAST & PEORIA STREET NORTH,1,1,0,7,1,3,,0,35,0,0,0,0,0,4,3,16
,2016_09787,39.74001,-104.99202,11/19/2016 5:00,5:00,6,0,0,40TH AVENUE EAST & 20300 BLOCK EAST,1,3,0,0,1,4,,0,25,0,0,0,0,0,4,2,2
,2016_09788,39.772854,-104.968503,9/27/2016 11:00,11:00,12,0,0,40TH AVENUE EAST & FRANKLIN STREET NORTH,1,1,0,0,1,1,,0,25,0,0,0,0,0,4,2,14
,2016_09789,39.74001,-104.99202,2/2/2016 17:58,17:58,12,0,0,44TH AVENUE & 3600 BLOCK WEST,5,2,1,0,1,4,,0,30,0,0,0,0,0,4,2,13
,2016_09790,39.776562,-105.017463,12/5/2016 18:34,18:34,6,0,0,44TH AVENUE WEST & ALCOTT STREET NORTH,1,3,0,0,3,4,,0,60,0,0,0,0,0,4,2,14
,2016_09791,39.776625,-105.025221,5/27/2016 21:50,21:50,12,0,0,44TH AVENUE WEST & FEDERAL BOULEVARD NORTH,1,3,0,7,1,4,,0,30,0,0,0,0,0,4,2,16
,2016_09792,39.776562,-105.047442,6/30/2016 16:43,16:43,3,0,0,44TH AVENUE WEST & WINONA COURT NORTH,1,1,0,0,1,1,,0,30,0,0,0,0,0,4,2,7
,2016_09793,39.778047,-104.8471245,3/24/2016 12:40,12:40,12,0,0,45TH AVENUE EAST & PEORIA STREET NORTH,2,1,0,7,1,1,,0,45,0,0,0,0,0,4,2,16
,2016_09794,39.776769,-104.809914,6/18/2016 20:10,20:10,5,0,0,46TH AVENUE EAST & CHAMBERS ROAD NORTH,1,1,0,0,3,3,,0,30,0,0,0,0,0,4,1,14
,2016_09795,39.780252,-105.023943,9/15/2016 19:56,19:56,6,0,0,46TH AVENUE WEST & ELIOT STREET NORTH,1,3,0,0,1,4,,0,25,0,0,0,0,0,4,2,7
,2016_09796,39.779577,-104.8471335,8/2/2016 12:13,12:13,12,0,0,46TH AVENUE EAST & PEORIA STREET NORTH,1,1,0,7,1,2,,0,25,0,0,0,0,0,4,2,1
,2016_09797,39.783474,-104.9732865,2/20/2016 1:53,1:53,5,0,0,47TH AVENUE & PACKING HOUSE ROAD / NATIONAL WESTERN DRIVE,1,3,1,0,3,4,,0,30,0,0,0,0,0,4,1,5
,2016_09798,39.782385,-104.847093,3/4/2016 12:43,12:43,3,0,0,47TH AVENUE 1200 BLOCK EAST & PEORIA STREET NORTH,1,1,0,0,1,2,,0,25,0,0,0,0,1,4,2,13
,2016_09799,39.781782,-104.774472,6/18/2016 9:55,9:55,3,0,0,47TH AVENUE EAST & YAMPA STREET NORTH,1,1,1,7,1,1,,0,30,0,0,0,0,0,4,2,16
,2016_09800,39.785562,-104.9875515,5/9/2016 14:32,14:32,3,0,0,49TH AVENUE EAST & BROADWAY STREET NORTH,1,1,0,7,1,1,,0,25,0,0,0,0,1,4,2,16
,2016_09801,39.786705,-104.872113,2/24/2016 13:05,13:05,3,0,0,49TH AVENUE EAST & FLORENCE STREET NORTH,1,1,0,7,1,1,,0,30,0,0,0,0,1,4,2,16
,2016_09802,39.790278,-104.872185,3/22/2016 3:30,3:30,6,0,0,51ST AVENUE EAST & FLORENCE STREET NORTH,1,3,0,0,1,1,,0,25,0,0,0,0,0,4,2,13
,2016_09803,39.790107,-104.8660335,6/13/2016 9:00,9:00,12,0,0,51ST AVENUE 10400 BLOCK EAST & HAVANA STREET NORTH,1,1,0,7,1,4,,0,25,0,0,0,0,0,4,2,16
,2016_09804,39.78801,-104.8135635,12/30/2016 20:45,20:45,6,0,0,52ND AVENUE EAST & ALTURA STREET NORTH,1,3,0,0,1,4,,0,35,0,0,0,0,0,4,3,13
,2016_09805,39.798324,-104.753322,1/22/2016 15:42,15:42,3,0,0,56TH AVENUE EAST & IRELAND STREET NORTH,1,1,0,0,1,1,,0,30,0,0,0,0,0,4,2,13
,2016_09806,39.798324,-104.753322,11/19/2016 1:29,1:29,3,0,0,56TH AVENUE EAST & IRELAND STREET NORTH,1,3,0,0,1,1,,0,,0,0,0,0,1,4,2,13
,2016_09807,39.798396,-104.786415,1/22/2016 17:39,17:39,12,0,0,56TH AVENUE EAST & PENA BOULEVARD,1,3,0,7,1,1,,0,45,0,0,0,0,1,4,2,16
,2016_09808,39.798099,-104.8353975,2/8/2016 18:23,18:23,3,0,0,56TH AVENUE EAST & UVALDA STREET NORTH,1,2,0,0,1,1,,0,40,0,0,0,0,1,4,3,14
,2016_09809,39.719385,-105.0168641,4/20/2016 4:20,4:20,6,0,0,ALCOTT STREET & 4059 NORTH,1,3,0,0,1,4,,0,25,0,0,0,0,0,4,2,14
,2016_09810,39.687579,-104.9887845,1/27/2016 17:55,17:55,3,0,0,ACOMA STREET SOUTH & IOWA AVENUE WEST,1,3,1,7,1,1,,0,25,0,0,0,0,0,4,2,16
,2016_09811,39.711114,-104.9679378,2/15/2016 17:10,17:10,3,0,0,ALAMEDA AVENUE & 4200 EAST,1,1,0,0,1,2,,0,30,0,0,0,0,0,4,2,8
,2016_09812,39.773097,-104.8079115,5/4/2016 17:00,17:00,12,0,0,ANDREWS DRIVE EAST & 40TH AVENUE EAST,1,1,0,7,1,3,,0,30,0,0,0,0,0,4,2,16
,2016_09813,39.711141,-104.987592,2/25/2016 15:46,15:46,1,0,0,ALAMEDA AVENUE EAST & BROADWAY STREET SOUTH,1,1,1,7,1,1,,0,30,0,0,0,0,0,4,2,3
,2016_09814,39.711141,-104.987592,4/20/2016 17:25,17:25,15,0,0,ALAMEDA AVENUE 000 BLOCK WEST & BROADWAY STREET SOUTH,1,1,0,7,1,3,,0,30,0,0,0,0,0,4,2,1
,2016_09815,39.711186,-104.9482305,11/12/2016 13:44,13:44,12,0,0,ALAMEDA AVENUE EAST & CHERRY CREEK SOUTH DRIVE EAST,1,1,0,7,1,1,,0,35,0,0,0,0,0,4,2,16
,2016_09816,39.74180495,-104.987729,7/19/2016 9:35,9:35,12,0,0,CLEVELAND PLACE 1500 BLOCK & 15TH STREET,1,1,0,7,1,1,,0,30,0,0,0,0,0,4,2,16
,2016_09817,39.708135,-104.879142,1/27/2016 15:32,15:32,15,0,0,ALAMEDA AVENUE 9300 BLOCK EAST & CLINTON STREET SOUTH,1,1,0,7,1,4,,0,35,0,0,0,0,0,4,2,3
,2016_09818,39.709026,-104.875443,2/6/2016 13:00,13:00,1,0,0,ALAMEDA AVENUE EAST & DAYTON STREET SOUTH,1,1,0,0,1,1,,0,40,0,0,0,0,0,4,2,13
,2016_09819,39.710151,-104.870754,10/2/2016 0:27,0:27,12,0,0,ALAMEDA AVENUE EAST & GALENA WAY SOUTH,1,3,0,0,1,1,,0,35,0,0,0,0,0,4,2,2
,2016_09820,39.711186,-104.997132,4/9/2016 22:43,22:43,3,0,0,ALAMEDA AVENUE WEST & SANTA FE DRIVE SOUTH,1,3,0,0,1,1,,0,30,0,0,0,0,1,4,2,13
,2016_09821,39.711186,-104.997132,4/10/2016 9:35,9:35,12,0,0,ALAMEDA AVENUE WEST & SANTA FE DRIVE SOUTH,1,1,0,7,1,3,,0,30,0,0,0,0,0,4,2,16
,2016_09822,39.711114,-104.9628735,1/3/2016 20:08,20:08,5,0,0,ALAMEDA AVENUE 2000 BLOCK EAST & VINE STREET SOUTH,1,3,0,0,3,4,,0,30,0,0,0,0,0,4,1,2
,2016_09823,39.707064,-104.8854105,10/16/2016 10:35,10:35,15,0,0,ALAMEDA AVENUE 8600 BLOCK EAST & XENIA STREET SOUTH,1,1,0,7,1,4,,0,35,0,0,0,0,0,4,2,7
,2016_09824,39.7759725,-104.936166,5/19/2016 21:00,21:00,6,0,0,ALBION STREET & 1200 BLOCK NORTH,1,3,0,0,1,4,,0,25,0,0,0,0,0,4,2,13
,2016_09825,39.7759725,-104.936166,11/13/2016 21:10,21:10,5,0,0,ALBION STREET & 4100 NORTH,11,3,0,0,3,4,,0,35,0,0,0,0,0,4,1,5
,2016_09826,39.779289,-104.839803,12/9/2016 10:55,10:55,12,0,0,ALBROOK DRIVE EAST & CROWN BOULEVARD NORTH,1,1,0,7,1,2,,0,25,0,0,0,0,0,4,2,16
,2016_09827,39.783357,-104.8466025,12/6/2016 7:45,7:45,3,0,0,ALBROOK DRIVE EAST & PEORIA STREET NORTH,1,5,0,7,1,2,,0,,0,0,0,0,0,4,2,1
,2016_09828,39.733713,-105.0184035,1/4/2016 16:00,16:00,6,0,0,ALCOTT WAY 1088 & 114TH AVENUE WEST,1,1,0,7,1,4,,0,25,0,0,0,0,0,4,2,14
,2016_09829,39.73529332,-105.0526021,6/14/2016 18:08,18:08,12,0,0,12TH AVENUE WEST ALLEY & 200 BLOCK,1,5,1,0,1,5,,0,5,0,0,0,0,0,4,2,13
,2016_09830,39.715659,-104.9875335,11/5/2016 21:00,21:00,6,0,0,ARCHER PLACE WEST & BROADWAY STREET SOUTH,1,3,0,0,1,4,,0,20,0,0,0,0,0,4,2,8
,2016_09831,39.694734,-104.9500035,5/19/2016 14:31,14:31,3,0,1,ARIZONA AVENUE EAST & STEELE STREET SOUTH,1,1,0,7,1,1,,0,25,0,0,0,0,2,4,2,14
,2016_09832,39.680532,-105.020343,5/18/2016 13:23,13:23,1,0,0,ASBURY AVENUE WEST & CLAY STREET SOUTH,1,1,0,0,1,1,,0,30,0,0,0,0,1,4,2,2
,2016_09833,39.680316,-104.9734215,9/16/2016 9:02,9:02,12,0,0,ASBURY AVENUE EAST & DOWNING STREET SOUTH,1,1,0,0,1,3,,0,30,0,0,0,0,0,4,2,13
,2016_09834,39.680226,-104.9508,11/30/2016 17:21,17:21,3,0,0,ASBURY AVENUE EAST & STREET PAUL STREET SOUTH,1,3,0,7,1,1,,0,30,0,0,0,0,0,4,2,16
,2016_09835,39.787407,-105.0181515,5/24/2016 8:45,8:45,6,0,0,BEACH COURT & 50TH AVENUE WEST,1,1,0,0,1,4,,0,25,0,0,0,0,0,4,2,14
,2016_09836,39.756141,-104.991912,12/2/2016 17:41,17:41,12,0,0,BLAKE STREET & 22ND STREET,1,3,1,7,1,3,,0,25,0,0,0,0,0,4,2,16
,2016_09837,39.764826,-104.984892,3/21/2016 17:15,17:15,12,0,0,BRIGHTON BOULEVARD 2900 BLOCK NORTH & 29TH STREET,1,1,0,7,1,4,,0,30,0,0,0,0,0,4,2,16
,2016_09838,39.7716201,-104.9898212,5/18/2016 13:13,13:13,12,0,0,BROADWAY STREET & 600 BLOCK NORTH,1,1,1,0,1,4,,0,30,0,0,0,0,0,4,2,13
,2016_09839,39.77312829,-104.9892215,11/5/2016 22:09,22:09,12,0,0,BROADWAY & 80 SOUTH,1,3,0,0,1,4,,0,35,0,0,0,0,0,4,3,13
,2016_09840,39.718332,-104.987502,4/2/2016 16:13,16:13,12,0,0,BROADWAY & FIRST AVENUE,1,1,0,0,1,1,,0,35,0,0,0,0,0,4,2,13
,2016_09841,39.730428,-104.987394,6/17/2016 8:58,8:58,3,0,0,BROADWAY NORTH & NINTH AVENUE EAST,1,1,0,7,1,1,,0,30,0,0,0,0,0,4,2,16
,2016_09842,39.751542,-104.9874255,10/2/2016 11:55,11:55,15,0,0,BROADWAY STREET NORTH & CHAMPA STREET,1,1,0,0,1,1,,0,30,0,0,0,1,1,4,2,13
,2016_09843,39.678498,-104.987565,3/23/2016 4:00,4:00,3,0,0,BROADWAY SOUTH & EVANS AVENUE EAST,4,4,0,2,1,1,,0,35,0,0,0,0,0,4,2,14
,2016_09844,39.703878,-104.9875425,7/27/2016 18:15,18:15,12,0,0,BROADWAY SOUTH & EXPOSITION AVENUE EAST,1,1,0,0,1,4,,0,30,0,0,0,0,0,4,2,13
,2016_09845,39.696624,-104.9874525,9/9/2016 11:58,11:58,15,0,0,BROADWAY STREET 1000 BLOCK SOUTH & MISSISSIPPI AVENUE WEST,1,1,0,0,1,4,,0,,0,0,0,0,0,4,2,13
,2016_09846,39.75453,-104.987421,5/25/2016 23:47,23:47,1,0,0,BROADWAY NORTH & PARK AVENUE WEST,1,3,0,7,1,1,,0,30,0,0,0,0,0,4,2,7
,2016_09847,39.726594,-104.9874165,10/1/2016 20:42,20:42,1,0,0,BROADWAY STREET NORTH & SPEER BOULEVARD EAST,1,3,0,0,1,1,,0,30,0,0,0,0,0,4,2,8
,2016_09848,39.676698,-104.9875245,9/4/2016 21:25,21:25,1,0,0,BROADWAY STREET SOUTH & WARREN AVENUE EAST,1,4,0,0,1,1,,0,35,0,0,0,0,0,4,2,13
,2016_09849,39.681909,-104.955093,2/16/2016 8:24,8:24,12,0,0,BUCHTEL BOULEVARD 2800 BLOCK EAST & CLAYTON STREET SOUTH,1,1,0,7,1,4,,0,30,0,0,0,0,0,4,3,3
,2016_09850,39.712086,-104.987583,7/29/2016 6:25,6:25,6,0,0,BYERS PLACE 0 BLOCK WEST & BROADWAY SOUTH,1,1,0,0,1,4,,0,25,0,0,0,0,0,4,2,13
,2016_09851,39.74606507,-104.991029,5/27/2016 8:20,8:20,12,0,0,CALIFORNIA STREET & 1400 BLOCK,1,1,0,0,1,4,,0,30,0,0,0,0,0,4,2,13
,2016_09852,39.748878,-104.987448,8/9/2016 15:52,15:52,3,0,0,CALIFORNIA STREET & BROADWAY STREET NORTH,1,1,0,0,1,2,,0,30,0,0,0,0,0,4,2,13
,2016_09853,39.705642,-105.037101,2/7/2016 16:15,16:15,6,0,0,CENTER AVENUE WEST & NEWTON STREET SOUTH,5,1,1,0,1,4,,0,25,0,0,0,0,0,4,2,1
,2016_09854,39.732975,-105.02064,10/27/2016 12:46,12:46,3,0,0,CLAY WAY NORTH & 10TH AVENUE WEST,1,1,1,0,1,1,,0,25,0,0,0,0,0,4,2,13
,2016_09855,39.750363,-104.981985,1/29/2016 11:33,11:33,3,0,0,GLENARM STREET & PARK AVENUE WEST,1,1,0,7,1,1,,0,25,0,0,0,0,0,4,2,16
,2016_09856,39.763125,-104.890194,2/4/2016 17:01,17:01,12,0,0,CENTRAL PARK BOULEVARD 3300 BLOCK NORTH & 33RD AVENUE EAST,1,1,0,7,1,4,,0,30,0,0,0,0,0,4,2,16
,2016_09857,39.747456,-104.884695,8/26/2016 18:55,18:55,12,0,0,CENTRAL PARK BOULEVARD NORTH & MOUNTVIEW BOULEVARD EAST,1,2,0,0,1,4,,0,35,0,0,0,0,0,4,2,13
,2016_09858,39.7432688,-104.9981263,6/8/2016 13:30,13:30,15,0,0,CHAMPA STREET & 1400 BLOCK,1,1,0,0,1,4,,0,30,0,0,0,0,0,4,2,13
,2016_09859,39.753054,-104.9854905,2/5/2016 15:30,15:30,15,0,0,CHAMPA STREET & PARK AVENUE WEST,1,1,0,0,1,4,,0,30,0,0,0,0,0,4,2,13
,2016_09860,39.748392,-104.991516,5/20/2016 8:45,8:45,6,0,0,CHAMPA STREET & 18TH STREET,1,1,0,0,1,4,,0,35,0,0,0,0,0,4,2,14
,2016_09861,39.75773963,-104.9793268,6/13/2016 13:33,13:33,12,0,0,CHAMPA STREET 2800 BLOCK & 28TH STREET,1,1,0,0,1,4,,0,30,0,0,0,0,0,4,2,12
,2016_09862,39.75867,-104.97825,10/12/2016 16:15,16:15,15,0,0,CHAMPA STREET & 29TH STREET,1,1,0,0,1,4,,0,25,0,0,0,0,1,4,3,3
,2016_09863,39.66219,-105.0729435,10/12/2016 7:20,7:20,6,0,0,PIERCE STREET 2905 SOUTH & CORNELL AVENUE WEST,2,1,0,1,1,4,,0,25,0,0,0,0,0,4,2,3
,2016_09864,39.73664,-104.96721,4/18/2016 6:39,6:39,8,0,0,CHEESMAN PARK DRIVE  & 13TH AVENUE EAST,1,1,1,0,1,4,,0,15,0,0,0,0,0,4,2,14
,2016_09865,39.718377,-104.9921325,1/31/2016 12:20,12:20,3,0,0,CHEROKEE STREET NORTH & FIRST AVENUE WEST,1,1,0,7,1,1,,0,25,0,0,0,0,0,4,2,16
,2016_09866,39.69182412,-104.913688,4/22/2016 13:32,13:32,1,0,0,CHERRY CREEK NORTH DRIVE & CLAYTON LANE NORTH,1,1,0,0,1,2,,0,,0,0,0,0,0,4,2,3
,2016_09867,39.692943,-104.93406,3/15/2016 18:09,18:09,12,0,0,CHERRY STREET SOUTH & LOUISIANA AVENUE EAST,1,3,0,7,1,1,,0,20,0,0,0,0,0,4,2,3
,2016_09868,39.715263,-104.959323,12/12/2016 8:51,8:51,5,0,0,CHERRY CREEK SOUTH DRIVE 2300 BLOCK EAST & UNIVERSITY BOULEVARD SOUTH,5,1,0,7,3,3,,0,65,0,0,0,0,0,4,1,1
,2016_09869,39.711168,-105.020361,8/11/2016 16:05,16:05,12,0,0,CLAY STREET SOUTH & ALAMEDA AVENUE WEST,1,1,0,0,1,2,,0,25,0,0,0,0,0,4,2,7
,2016_09870,39.68397,-104.973453,12/19/2016 16:05,16:05,6,0,0,COLORADO AVENUE 1100 BLOCK EAST & DOWNING STREET SOUTH,4,1,0,0,1,4,,0,25,0,0,0,0,0,4,2,13