id,drcog_id,latitude,longitude,crashtime,time,crashtype,numbkilled,numbinjurd,drcoglocat,rdconditin,lightngcon,roadcntgrd,weatherco,location,roaddescrp,schoolzone,constrzone,splimit,bikeinv,pedinv,sctrinv,motoinv,svrty,rdsystem,ttlvehcls,hcf
,2016_09871,39.709449,-105.032457,8/20/2016 22:00,22:00,6,0,0,DAKOTA AVENUE WEST & KNOX COURT SOUTH,1,1,0,0,1,4,,0,25,0,0,0,0,0,4,2,13
,2016_09872,39.69675,-105.0215535,6/7/2016 6:23,6:23,15,0,0,DALE COURT SOUTH & MISSISSIPPI AVENUE WEST,1,1,0,7,1,3,,0,30,0,0,0,0,0,4,2,16
,2016_09873,39.785427,-105.006411,6/8/2016 12:48,12:48,3,0,0,DIXIE PLACE WEST & PECOS STREET NORTH,1,1,1,0,1,1,,0,25,0,0,0,0,0,4,2,13
,2016_09874,39.68112911,-104.9734253,10/3/2016 15:35,15:35,5,0,0,DOWNING STREET SOUTH & 700 BLOCK,1,1,0,0,1,3,,0,30,0,0,0,0,0,4,1,14
,2016_09875,39.75460538,-104.9733146,10/16/2016 13:54,13:54,12,0,0,DOWNING STREET 2600 BLOCK NORTH & 26TH AVENUE EAST,1,1,0,7,1,4,,0,30,0,0,0,0,0,4,2,3
,2016_09876,39.678507,-104.973444,8/11/2016 14:50,14:50,12,0,0,DOWNING STREET 2100 BLOCK SOUTH & EVANS AVENUE EAST,1,1,0,7,1,3,,0,30,0,0,0,0,0,4,3,16
,2016_09877,39.682143,-104.9734305,4/12/2016 17:15,17:15,12,0,0,DOWNING STREET 1900 BLOCK SOUTH & JEWELL AVENUE EAST,1,1,0,7,1,4,,0,30,0,0,0,0,0,4,2,16
,2016_09878,39.692988,-104.973417,8/1/2016 20:56,20:56,1,0,0,DOWNING STREET SOUTH & LOUISIANA AVENUE EAST,1,3,0,0,1,1,,0,30,0,0,0,0,0,4,2,7
,2016_09879,39.720906,-104.994,7/26/2016 13:55,13:55,12,0,0,ELATI STREET NORTH & THIRD AVENUE WEST,1,1,0,7,1,4,,0,25,0,0,0,0,1,4,2,2
,2016_09880,39.689316,-104.929344,12/14/2016 7:40,7:40,3,0,0,ELM STREET SOUTH & FLORIDA AVENUE EAST,1,1,0,7,1,1,,0,25,0,0,0,0,0,4,2,16
,2016_09881,39.73342757,-104.9764217,11/13/2016 5:00,5:00,6,0,0,EMERSON STREET NORTH & 1400 BLOCK NORTH,1,3,0,0,1,2,,0,30,0,0,0,0,0,4,2,13
,2016_09882,39.743244,-104.976171,11/16/2016 17:17,17:17,3,0,0,EMERSON STREET NORTH & 17TH AVENUE EAST,1,2,0,7,1,1,,0,30,0,0,0,0,1,4,2,16
,2016_09883,39.678426,-104.9385015,4/29/2016 13:36,13:36,3,0,0,EVANS AVENUE 4100 BLOCK EAST & ASH STREET SOUTH,2,1,0,2,1,2,,0,35,0,0,0,0,0,4,2,3
,2016_09884,39.678435,-104.9407425,12/12/2016 8:42,8:42,1,0,0,EVANS AVENUE 4000 BLOCK EAST & COLORADO BOULEVARD SOUTH,1,1,0,0,1,5,,0,35,0,0,0,0,0,4,2,13
,2016_09885,39.678219,-105.0205815,4/4/2016 7:50,7:50,3,0,0,EVANS AVENUE 2700 BLOCK WEST & 2770 WEST DRIVEWAY,1,1,0,0,1,2,,0,35,0,0,0,0,0,4,2,13
,2016_09886,39.678498,-104.987565,6/4/2016 16:32,16:32,12,0,0,EVANS AVENUE 5500 BLOCK EAST & EVANS AVENUE EAST,1,1,0,7,1,4,,0,35,0,0,0,0,1,4,2,16
,2016_09887,39.73160963,-104.9798406,4/3/2016 21:23,21:23,6,0,0,PEARL STREET NORTH & 4751,1,3,0,0,1,4,,0,25,0,0,0,0,0,4,2,13
,2016_09888,39.674835,-104.9539545,2/20/2016 15:10,15:10,6,0,0,FILLMORE SOUTH & ILIFF AVENUE,1,1,0,0,1,4,,0,25,0,0,0,0,0,4,2,3
,2016_09889,39.68934297,-104.9699063,8/2/2016 8:40,8:40,3,0,0,FLORIDA AVENUE & 3000 BLOCK WEST,1,1,1,0,1,2,,0,30,0,0,0,0,0,4,2,13
,2016_09890,39.68934297,-104.9699063,7/22/2016 17:00,17:00,15,0,0,FLORIDA AVENUE & 3800 BLOCK EAST,1,1,0,0,1,4,,0,30,0,0,0,0,0,4,2,1
,2016_09891,39.689487,-105.025086,6/30/2016 12:20,12:20,3,0,0,FLORIDA AVENUE WEST & FEDERAL BOULEVARD SOUTH,1,1,0,0,1,2,,0,15,0,0,0,0,0,4,2,7
,2016_09892,39.68946,-105.0297165,4/18/2016 0:29,0:29,3,0,0,FLORIDA AVENUE WEST & IRVING STREET SOUTH,1,3,1,7,1,1,,0,30,0,0,0,0,1,4,2,5
,2016_09893,39.689487,-105.04107,12/22/2016 18:15,18:15,3,0,0,FLORIDA AVENUE WEST & QUITMAN STREET SOUTH,1,3,0,7,1,1,,0,25,0,0,0,0,0,4,2,16
,2016_09894,39.689487,-105.025086,11/15/2016 16:38,16:38,3,0,0,FLORIDA AVENUE WEST & FEDERAL BOULEVARD SOUTH,1,1,0,0,1,2,,0,10,0,0,0,0,1,4,2,13
,2016_09895,39.673071,-104.968764,3/1/2016 7:50,7:50,6,0,0,FRANKLIN STREET 2300 BLOCK SOUTH & WESLEY AVENUE EAST,1,1,0,0,1,4,,0,25,0,0,0,0,0,4,2,13
,2016_09896,39.70422,-105.0514425,11/12/2016 16:05,16:05,6,0,1,GILL PLACE 4800 BLOCK WEST & XAVIER STREET SOUTH,1,2,0,0,1,4,,0,25,0,0,0,0,2,4,2,13
,2016_09897,39.678489,-104.967585,1/23/2016 12:00,12:00,15,0,0,GILPIN STREET SOUTH & EVANS AVENUE EAST,1,1,0,0,1,4,,0,,0,0,0,0,0,4,2,16
,2016_09898,39.740076,-104.9257755,7/19/2016 17:08,17:08,12,0,0,GLENCOE STREET 1400 BLOCK NORTH & COLFAX AVENUE EAST,1,1,0,7,1,4,,0,25,0,0,0,0,1,4,2,5
,2016_09900,39.71385,-104.983812,2/21/2016 14:07,14:07,3,0,0,GRANT STREET SOUTH & MAPPLE AVENUE EAST,1,1,0,7,1,1,,0,25,0,0,0,0,0,4,2,16
,2016_09901,39.836484,-104.715522,12/13/2016 9:40,9:40,1,0,0,GUN CLUB ROAD NORTH & 77TH AVENUE EAST,1,1,0,7,1,1,,0,65,0,0,0,0,0,4,2,16
,2016_09902,39.7818601,-104.7396396,5/27/2016 15:15,15:15,12,0,0,GREEN VALLEY RANCH BOULEVARD & 18600 BLOCK EAST,1,1,0,0,1,1,,0,35,0,0,0,0,1,4,2,13
,2016_09903,39.783609,-104.7913916,7/19/2016 16:50,16:50,12,0,0,GREEN VALLEY RANCH BOULEVARD EAST & PENA BOULEVARD,1,1,0,7,1,1,,0,35,0,0,0,0,0,4,2,16
,2016_09904,39.76552276,-105.0346227,1/30/2016 20:10,20:10,6,0,0,LOWELL BOULEVARD & 1034 NORTH,2,3,0,2,1,2,,0,,0,0,0,0,0,4,2,13
,2016_09905,39.783609,-104.772222,12/4/2016 19:25,19:25,1,0,0,GREEN VALLEY RANCH BOULEVARD EAST & TOWER ROAD NORTH,1,3,0,0,1,1,,0,40,0,0,0,0,0,4,2,13
,2016_09906,39.783816,-104.7816855,2/16/2016 7:30,7:30,12,0,0,GREEN VALLEY RANCH BOULEVARD & TELLURIDE STREET NORTH,1,1,0,0,1,4,,0,40,0,0,0,0,0,4,3,12
,2016_09908,39.782277,-104.8659255,3/9/2016 19:57,19:57,1,0,0,HAVANA STREET NORTH & 47TH AVENUE EAST,1,3,0,7,1,1,,0,35,0,0,0,0,1,4,2,16
,2016_09909,39.696759,-105.0274935,2/24/2016 7:22,7:22,3,0,0,HAZEL COURT SOUTH & MISSISSIPPI AVENUE WEST,1,1,0,7,1,1,,0,25,0,0,0,0,0,4,2,16
,2016_09910,39.703833,-104.921604,4/15/2016 14:00,14:00,6,0,0,HOLLY STREET SOUTH & EXPOSITION AVENUE EAST,1,1,0,0,1,4,,0,30,0,0,0,0,0,4,2,13
,2016_09911,39.689343,-104.9223105,7/15/2016 9:20,9:20,12,0,0,HOLLY STREET 1400 BLOCK SOUTH & FLORIDA AVENUE EAST,1,1,0,7,1,3,,0,30,0,0,0,0,0,4,2,1
,2016_09912,39.74001,-104.99202,10/22/2016 8:45,8:45,5,0,0,HOOKER STREET IRVING STREET ALLEY 1800 BLOCK & 19TH AVENUE WEST,1,1,0,0,1,5,,1,5,0,0,0,0,0,4,1,13
,2016_09913,39.689298,-104.943033,5/5/2016 12:11,12:11,3,0,1,JACKSON STREET SOUTH & FLORIDA AVENUE EAST,1,1,1,7,1,1,,0,25,0,0,0,0,2,4,2,3
,2016_09915,39.650841,-105.064623,4/6/2016 10:19,10:19,10,0,0,JEFFERSON AVENUE WEST & JAY STREET SOUTH,1,1,0,0,1,1,,0,25,0,0,0,0,0,4,2,7
,2016_09916,39.682287,-105.020343,5/12/2016 13:00,13:00,3,0,0,JEWELL AVENUE WEST & CLAY STREET SOUTH,1,1,0,7,1,1,,0,25,0,0,0,0,0,4,2,16
,2016_09917,39.78774739,-105.0004787,7/9/2016 12:20,12:20,6,0,0,KALAMATH STREET & 1000 BLOCK NORTH,1,1,0,0,1,4,,0,30,0,0,0,0,0,4,3,14
,2016_09918,39.766851,-105.000597,12/16/2016 19:19,19:19,5,0,0,KALAMATH STREET & 36TH AVENUE WEST,1,3,0,0,3,4,,0,15,0,0,0,0,1,4,1,5
,2016_09919,39.700395,-105.023844,10/30/2016 21:23,21:23,3,0,0,KENTUCKY AVENUE WEST & ELIOT STREET SOUTH,1,3,0,0,1,1,,0,25,0,0,0,0,1,4,3,1
,2016_09920,39.667698,-105.0318855,12/5/2016 15:30,15:30,6,0,0,KNOX COURT & YALE AVENUE WEST,1,1,0,0,1,4,,0,25,0,0,0,0,0,4,2,13
,2016_09921,39.747348,-104.999571,1/22/2016 19:04,19:04,12,0,0,LARIMER STREET 1400 BLOCK & 15TH STREET,1,3,0,7,1,4,,0,25,0,0,0,0,0,4,2,16
,2016_09922,39.735243,-104.98617,5/4/2016 13:15,13:15,10,0,0,LINCOLN STREET NORTH & 12TH AVENUE EAST,1,1,0,0,1,1,,0,30,0,0,0,0,0,4,2,13
,2016_09923,39.73691138,-104.9861126,5/28/2016 11:20,11:20,12,0,0,LINCOLN STREET 1300 BLOCK NORTH & 14TH AVENUE EAST,1,1,0,7,1,4,,0,30,0,0,0,0,0,4,2,16
,2016_09924,39.745134,-104.9857515,4/7/2016 20:06,20:06,6,0,0,LINCOLN AVENUE 1800 BLOCK NORTH & 18TH AVENUE EAST,1,3,0,0,1,4,,0,30,0,0,0,0,0,4,2,14
,2016_09925,39.744801,-104.9861205,10/22/2016 20:00,20:00,10,0,0,LINCOLN STREET & 18TH AVENUE,1,3,0,0,1,1,,0,,0,0,0,0,0,4,2,13
,2016_09926,39.696696,-105.001533,6/21/2016 10:10,10:10,14,0,0,LIPAN STREET SOUTH & MISSISSIPPI AVENUE WEST,1,1,1,0,1,3,,0,35,0,0,0,0,1,4,2,13
,2016_09927,39.747429,-104.913972,3/14/2016 17:16,17:16,12,0,0,LOCUST STREET NORTH & MONTVIEW BOULEVARD,1,1,0,7,1,4,,0,30,0,0,0,0,0,4,3,14
,2016_09928,39.718323,-104.9826015,6/19/2016 19:24,19:24,3,0,0,LOGAN STREET NORTH & FIRST AVENUE EAST,1,1,0,7,1,1,,0,30,0,0,0,0,0,4,2,3
,2016_09929,39.72564,-104.982381,12/20/2016 18:00,18:00,10,0,0,LOGAN STREET NORTH & SIXTH AVENUE EAST,4,3,0,0,1,2,,0,30,0,0,0,0,0,4,2,13
,2016_09930,39.74004,-104.982363,6/7/2016 10:09,10:09,6,0,0,LOGAN STREET 1540 NORTH & COLFAX AVENUE EAST,1,1,0,0,1,4,,0,30,0,0,0,0,0,4,2,13
,2016_09931,39.722616,-104.982624,6/13/2016 13:04,13:04,12,0,0,LOGAN STREET NORTH & SPEER BOULEVARD EAST,1,1,0,7,1,4,,0,30,0,0,0,0,0,4,2,3
,2016_09932,39.765618,-105.0346215,7/27/2016 12:53,12:53,6,0,0,LOWELL BOULEVARD NORTH & 35TH AVENUE WEST,1,1,0,0,1,4,,0,25,0,0,0,0,0,4,2,12
,2016_09933,39.780243,-105.0346035,12/17/2016 20:59,20:59,3,0,0,LOWELL BOULEVARD NORTH & 46TH AVENUE WEST,4,3,0,2,1,1,,0,30,0,0,0,0,1,4,2,16
,2016_09934,39.7170765,-104.8955513,11/15/2016 18:55,18:55,15,0,0,LOWRY BOULEVARD ROUNDABOUT & FAIRMOUNT DRIVE EAST,1,3,0,0,1,6,,0,25,0,0,0,0,0,4,2,13
,2016_09935,39.764448,-104.9462505,6/18/2016 16:14,16:14,6,0,0,MADISON STREET NORTH & BRUCE RANDOLPH AVENUE EAST,1,1,0,0,1,4,,0,25,0,0,0,0,0,4,2,13
,2016_09936,39.711105,-104.972427,7/15/2016 7:53,7:53,3,0,0,MARION STREET SOUTH & ALAMEDA AVENUE EAST,1,1,0,7,1,1,,0,30,0,0,0,0,0,4,2,16
,2016_09937,39.748023,-105.0006915,3/11/2016 16:40,16:40,6,0,0,MARKET STREET & 14TH STREET,1,1,0,0,1,4,,0,30,0,0,0,0,0,4,2,14
,2016_09938,39.762,-104.912865,1/1/2016 11:30,11:30,12,0,0,MLK BOULEVARD 6600 BLOCK & MONACO PARKWAY,1,1,0,0,1,4,,0,35,0,0,0,0,0,4,2,14
,2016_09939,39.791943,-104.8185315,7/7/2016 21:30,21:30,6,0,0,MAXWELL PLACE 14461 EAST & OLMSTED DRIVE EAST,1,3,0,0,1,4,,0,25,0,0,0,0,0,4,2,13
,2016_09940,39.747564,-105.0357825,10/20/2016 17:25,17:25,1,0,0,MEADE STREET NORTH & 20TH AVENUE WEST,1,1,0,7,1,1,,0,25,0,0,0,0,0,4,2,16
,2016_09941,39.685905,-105.0176655,11/3/2016 8:30,8:30,3,0,0,MEXICO AVENUE WEST & BEACH COURT SOUTH,1,1,0,0,1,1,,0,30,0,0,0,0,0,4,2,7
,2016_09942,39.719412,-104.952222,3/8/2016 14:50,14:50,6,0,0,MILWAUKEE STREET NORTH & SECOND AVENUE EAST,1,1,0,0,1,4,,0,20,0,0,0,0,0,4,2,14
,2016_09943,39.696624,-104.9874525,2/9/2016 7:58,7:58,1,0,0,MISSISSIPPI AVENUE WEST & BROADWAY STREET SOUTH,1,1,0,7,1,1,,0,30,0,0,0,0,0,4,2,16
,2016_09944,39.696669,-104.991255,1/15/2016 8:34,8:34,12,0,0,MISSISSIPPI AVENUE 300 BLOCK WEST & CHEROKEE STREET SOUTH,1,1,0,7,1,4,,0,30,0,0,0,0,0,4,2,1
,2016_09945,39.696732,-105.02037,6/20/2016 6:39,6:39,3,0,0,MISSISSIPPI AVENUE WEST & CLAY STREET SOUTH,1,1,0,7,1,1,,0,25,0,0,0,0,0,4,2,16
,2016_09946,39.696768,-105.036705,6/23/2016 18:51,18:51,12,0,0,MISSISSIPPI AVENUE WEST & NEWTON STREET SOUTH,1,1,0,7,1,1,,0,25,0,0,0,0,0,4,2,1
,2016_09947,39.696669,-104.991912,12/8/2016 14:35,14:35,1,0,0,MISSISSIPPI AVENUE WEST & SANTA FE DRIVE SOUTH,1,1,0,0,1,1,,0,30,0,0,0,0,0,4,2,13
,2016_09948,39.69666,-104.8917105,2/19/2016 8:27,8:27,12,0,0,MISSISSIPPI AVENUE 8300 BLOCK EAST & VALENTIA STREET,1,1,0,7,1,3,,0,40,0,0,0,0,1,4,2,14
,2016_09949,39.761964,-104.903451,6/30/2016 13:40,13:40,3,0,0,MLK BOULEVARD & QUEBEC STREET NORTH,1,1,0,7,1,1,,0,35,0,0,0,0,0,4,2,3
,2016_09950,39.761811,-104.949891,11/12/2016 18:21,18:21,3,0,0,MLK JR BOULEVARD & STEELE STREET,1,1,0,0,1,1,,0,35,0,0,0,0,0,4,2,13
,2016_09951,39.63799513,-104.9126831,5/31/2016 13:13,13:13,3,0,0,MONACO STREET & 750 SOUTH,1,1,1,0,1,2,,0,35,0,0,0,0,0,4,2,14
,2016_09952,39.725334,-104.912793,4/9/2016 15:53,15:53,1,0,0,MONACO STREET NORTH & SIXTH AVENUE EAST,1,1,0,0,1,1,,0,40,0,0,0,0,0,4,2,13
,2016_09953,39.726864,-104.912811,1/14/2016 14:50,14:50,12,0,0,MONACO STREET NORTH & SEVENTH AVENUE EAST,1,1,0,0,1,4,,0,35,0,0,0,0,0,4,2,7
,2016_09954,39.730473,-104.912811,8/11/2016 17:49,17:49,12,0,0,MONACO PARKWAY & NINTH AVENUE EAST,1,1,0,7,1,1,,0,30,0,0,0,0,0,4,2,16
,2016_09955,39.689334,-104.912901,12/9/2016 16:40,16:40,12,0,0,MONACO STREET 1400 BLOCK SOUTH & FLORIDA AVENUE EAST,1,1,0,7,1,4,,0,35,0,0,0,0,0,4,2,1
,2016_09956,39.676572,-104.9451255,11/23/2016 10:09,10:09,6,0,0,MONROE STREET 2100 BLOCK SOUTH & WARREN AVENUE EAST,1,1,0,0,1,4,,0,25,0,0,0,0,0,4,2,10
,2016_09958,39.747438,-104.90346,2/22/2016 18:10,18:10,12,0,1,MONTVIEW BOULEVARD 7300 BLOCK EAST & QUEBEC STREET NORTH,1,3,0,7,1,4,,0,30,0,0,0,0,2,4,3,5
,2016_09959,39.718152,-105.045723,1/11/2016 14:55,14:55,5,0,0,FIRST STREET & VRAIN STREET 76 NORTH,1,1,1,0,2,2,,0,30,0,0,0,0,0,4,1,1
,2016_09960,39.705525,-105.040863,10/25/2016 13:04,13:04,3,0,0,MORRISON ROAD & QUITMAN STREET SOUTH,1,1,0,0,1,1,,0,35,0,0,0,0,1,4,4,7
,2016_09961,39.785724,-104.883093,7/20/2016 22:31,22:31,3,0,0,NORTHFIELD BOULEVARD & CENTRAL PARK BOULEVARD NORTH,1,3,0,0,1,1,,0,45,0,0,0,0,0,4,2,13
,2016_09962,39.740004,-104.975316,1/29/2016 18:06,18:06,12,0,0,OGDEN STREET NORTH & COLFAX AVENUE EAST,1,3,0,0,1,4,,0,25,0,0,0,0,0,4,2,13
,2016_09963,39.76536244,-105.0381491,3/10/2016 17:35,17:35,6,0,0,OSCEOLA STREET & 4400 BLOCK NORTH,1,1,0,0,1,4,,0,25,0,0,0,0,0,4,2,5
,2016_09964,39.757086,-104.990715,4/25/2016 10:32,10:32,15,0,0,PARK AVENUE WEST & BLAKE STREET,1,1,0,0,1,1,,0,30,0,0,0,0,0,4,2,8
,2016_09965,39.765726,-104.9948415,1/3/2016 18:54,18:54,1,0,0,PARK AVENUE WEST & BROADWAY STREET NORTH,1,3,0,0,1,1,,0,25,0,0,0,0,0,4,2,4
,2016_09966,39.746952,-104.9775525,6/23/2016 21:47,21:47,12,0,0,PARK AVENUE WEST & CLARKSON STREET NORTH,1,3,0,7,1,1,,0,30,0,0,0,0,0,4,2,5
,2016_09967,39.753711,-104.98635,7/28/2016 18:52,18:52,12,0,0,PARK AVENUE WEST & CURTIS STREET,1,1,0,7,1,3,,0,30,0,0,0,0,0,4,3,16
,2016_09969,39.759282,-104.993892,8/3/2016 16:59,16:59,12,0,0,PARK AVENUE WEST & WEWATTA STREET,1,1,0,1,1,1,,0,30,0,0,0,0,0,4,2,7
,2016_09970,39.7859126,-104.9800304,10/28/2016 19:50,19:50,6,0,0,PEARL STREET & 1300 BLOCK NORTH,1,1,0,0,1,4,,0,,0,0,0,0,0,4,2,13
,2016_09971,39.735144,-104.9798925,11/20/2016 14:30,14:30,6,0,0,PEARL STREET NORTH & 12TH AVENUE EAST,1,1,0,0,1,4,,0,25,0,0,0,0,0,4,2,13
,2016_09972,39.689217,-104.980104,1/8/2016 12:35,12:35,3,0,0,PEARL STREET 1500 BLOCK NORTH & 16TH AVENUE EAST,4,1,0,2,1,2,,0,30,0,0,0,0,0,4,4,13
,2016_09973,39.6946485,-104.9805788,3/9/2016 7:11,7:11,6,0,0,PEARL STREET 1200 BLOCK SOUTH & ARIZONA AVENUE,1,5,0,1,1,4,,0,25,0,0,0,0,0,4,2,13
,2016_09974,39.83868479,-104.6719364,2/4/2016 19:20,19:20,12,0,0,PENA BOULEVARD 8400 BLOCK & 80TH AVENUE EAST,1,3,0,7,1,4,,0,10,0,0,0,0,0,4,2,16
,2016_09975,39.834405,-104.715504,7/17/2016 9:47,9:47,5,0,0,PENA BOULEVARD EASTBOUND & GUN CLUB ROAD,1,1,0,0,3,4,,0,55,0,0,0,0,0,4,1,3
,2016_09977,39.83346903,-104.692932,1/20/2016 11:48,11:48,12,0,0,PENA BOULEVARD 7600 BLOCK & JACKSON GAP,1,1,0,7,1,3,,0,35,0,0,0,0,0,4,2,8
,2016_09978,39.83338151,-104.771988,5/21/2016 15:11,15:11,5,0,0,PENA BOULEVARD & TOWER ROAD NORTH,1,1,0,0,2,4,,0,65,0,0,0,0,0,4,1,2
,2016_09980,39.77111967,-104.8469854,2/10/2016 14:15,14:15,12,0,0,PEORIA STREET 3900 BLOCK NORTH & 39TH AVENUE EAST,1,1,0,0,1,4,,0,35,0,0,0,0,0,4,2,13
,2016_09981,39.782385,-104.847093,12/31/2016 12:20,12:20,1,0,0,PEORIA STREET NORTH & 47TH AVENUE EAST,1,1,0,0,1,1,,0,40,0,0,0,0,0,4,2,1
,2016_09982,39.789279,-104.8471785,8/2/2016 11:16,11:16,12,0,0,PEORIA STREET NORTH & 51ST AVENUE EAST,1,1,0,7,1,1,,0,40,0,0,0,0,0,4,2,7
,2016_09983,39.770469,-104.736663,7/6/2016 17:30,17:30,6,0,0,PERTH STREET 3900 NORTH & 39TH AVENUE EAST,1,1,1,0,1,2,,0,25,0,0,0,0,0,4,2,13
,2016_09984,39.75758416,-105.0078234,6/2/2016 12:00,12:00,6,0,0,PLATTE STREET & 1800 BLOCK NORTHWEST,1,1,0,0,1,4,,0,25,0,0,0,0,0,4,2,14
,2016_09985,39.756456,-105.0093135,10/3/2016 15:02,15:02,10,0,0,PLATTE STREET & 15TH STREET,1,1,0,0,1,1,,0,30,0,0,0,0,0,4,2,13
,2016_09986,39.77171824,-104.90281,3/1/2016 8:05,8:05,15,0,1,QUEBEC STREET & 4100 BLOCK NORTH,1,1,1,0,1,4,,0,35,0,0,0,0,2,4,2,13
,2016_09987,39.743703,-104.9976135,4/1/2016 15:22,15:22,12,0,0,13TH STREET & CHAMPA STREET,1,1,0,7,1,1,,0,30,0,0,0,0,0,4,2,14
,2016_09988,39.725424,-104.903793,7/24/2016 15:46,15:46,1,0,0,QUEBEC STREET NORTH & SIXTH AVENUE EAST,1,1,1,7,1,1,,0,35,0,0,0,0,1,4,2,16
,2016_09989,39.725433,-104.903793,12/6/2016 22:20,22:20,12,0,0,QUEBEC STREET & SIXTH AVENUE PARKWAY EAST,4,3,0,2,1,3,,0,30,0,0,0,0,0,4,2,13
,2016_09990,39.725424,-104.903793,12/19/2016 22:30,22:30,15,0,0,QUEBEC STREET NORTH & SIXTH AVENUE EAST,2,3,1,0,1,3,,0,80,0,0,0,0,0,4,3,14
,2016_09991,39.743775,-104.9034825,2/19/2016 15:29,15:29,15,0,0,QUEBEC STREET NORTH & 17TH AVENUE EAST,1,1,0,0,1,3,,0,35,0,0,0,0,0,4,2,7
,2016_09992,39.754728,-104.9034015,4/29/2016 14:38,14:38,12,0,0,QUEBEC STREET NORTH & 26TH AVENUE EAST,2,1,0,2,1,4,,0,35,0,0,0,0,0,4,2,14
,2016_09993,39.757986,-104.903451,1/20/2016 15:16,15:16,3,0,0,QUEBEC STREET NORTH & 29TH AVENUE EAST,1,1,0,7,1,1,,0,40,0,0,0,0,0,4,2,7
,2016_09994,39.767382,-104.90346,11/18/2016 9:15,9:15,3,0,0,QUEBEC STREET NORTH & 36TH AVENUE EAST,5,1,0,0,1,1,,0,25,0,0,0,0,0,4,3,14
,2016_09995,39.662973,-104.902524,6/19/2016 6:05,6:05,5,0,0,QUEBEC STREET SOUTH & CORNELL AVENUE EAST,1,1,0,0,2,4,,0,30,0,0,0,0,0,4,1,3
,2016_09996,39.717045,-104.903793,5/26/2016 23:20,23:20,1,0,0,QUEBEC STREET SOUTH & LOWRY BOULEVARD EAST,1,3,0,0,1,1,,0,35,0,0,0,0,0,4,2,3
,2016_09997,39.730032,-104.9034735,1/17/2016 14:10,14:10,12,0,0,QUEBEC STREET 850 BLOCK NORTH & EIGHTH PLACE EAST,1,1,0,7,1,4,,0,30,0,0,0,0,0,4,2,16
,2016_09998,39.638745,-104.9066505,10/16/2016 19:51,19:51,10,0,0,QUINCY AVENUE 6900 BLOCK EAST & OLIVE STREET SOUTH,1,1,0,0,1,4,,0,35,0,0,0,0,0,4,2,8
,2016_09999,39.71178,-105.040881,11/16/2016 14:40,14:40,6,0,0,QUITMAN STREET & BYERS,1,1,1,0,1,4,,0,25,0,0,0,0,0,4,2,13
,2016_10000,39.674952,-105.0406605,12/13/2016 22:28,22:28,6,0,0,QUITMAN STREET SOUTH & ILIFF AVENUE WEST,1,4,1,0,1,3,,0,10,0,0,0,0,0,4,2,1
,2016_10001,39.743199,-104.963454,1/10/2016 13:00,13:00,6,0,0,RACE STREET 1701 NORTH & 17TH AVENUE EAST,1,1,0,7,1,4,,0,30,0,0,0,0,0,4,3,14
,2016_10002,39.737268,-104.9034645,12/11/2016 6:15,6:15,8,0,0,13TH AVENUE EAST & QUEBEC STREET NORTH,4,1,0,2,1,4,,0,35,0,0,0,0,0,4,2,16
,2016_10003,39.738357,-104.9529735,12/14/2016 18:47,18:47,3,0,0,14TH AVENUE EAST & FILLMORE STREET NORTH,1,3,0,0,1,1,,0,60,0,0,0,0,0,4,3,3
,2016_10004,39.742686,-104.993721,9/5/2016 10:51,10:51,3,0,0,14TH STREET & WELTON STREET,1,1,0,0,1,1,,0,30,0,0,0,0,0,4,2,13
,2016_10005,39.749616,-105.0003405,2/11/2016 16:29,16:29,15,0,0,15TH STREET & BLAKE STREET,1,1,0,7,1,4,,0,25,0,0,0,0,0,4,2,16
,2016_10006,39.744225,-104.9933835,2/4/2016 7:54,7:54,12,0,0,15TH STREET 600 BLOCK & CALIFORNIA STREET,5,1,0,7,1,4,,0,30,0,0,0,0,0,4,3,16
,2016_10008,39.740886,-104.9889735,7/1/2016 12:16,12:16,12,0,0,15TH STREET 100 BLOCK & CLEVELAND PLACE,1,1,0,7,1,4,,0,35,0,0,0,0,0,4,2,14
,2016_10009,39.752676,-104.9946705,12/22/2016 13:05,13:05,3,0,0,19TH STREET & MARKET STREET,1,1,0,7,1,1,,0,30,0,0,0,0,0,4,2,16
,2016_10010,39.750912,-104.9899545,4/8/2016 7:00,7:00,3,0,0,20TH STREET & CURTIS STREET,1,1,0,7,1,1,,0,30,0,0,0,0,0,4,2,16
,2016_10011,39.759579,-105.0017805,10/12/2016 7:10,7:10,1,0,0,20TH STREET & LITTLE RAVEN STREET,2,1,0,0,1,1,,0,30,0,0,0,0,0,4,2,13
,2016_10012,39.753198,-104.9905665,2/28/2016 11:13,11:13,6,0,0,21ST STREET & LAWRENCE STREET,1,1,0,0,1,4,,0,30,0,0,0,0,0,4,3,9
,2016_10013,39.753198,-104.9905665,3/27/2016 1:20,1:20,6,0,0,21ST STREET & LAWRENCE STREET NORTH,1,3,0,0,1,4,,0,30,0,0,0,0,0,4,2,13
,2016_10014,39.752667,-104.98743,12/29/2016 22:23,22:23,15,0,0,22ND STREET & BROADWAY STREET NORTH,1,4,0,0,1,1,,0,30,0,0,0,0,0,4,2,8