id,drcog_id,latitude,longitude,crashtime,time,crashtype,numbkilled,numbinjurd,drcoglocat,rdconditin,lightngcon,roadcntgrd,weatherco,location,roaddescrp,schoolzone,constrzone,splimit,bikeinv,pedinv,sctrinv,motoinv,svrty,rdsystem,ttlvehcls,hcf
,2016_10015,39.75075,-104.984946,4/3/2016 14:55,14:55,15,0,0,22ND STREET & CALIFORNIA STREET,1,1,0,0,1,1,,0,30,0,0,0,0,0,4,2,15
,2016_10016,39.754809,-104.990193,11/18/2016 22:58,22:58,12,0,0,22ND STREET 1300 BLOCK & LARIMER STREET,1,3,0,7,1,4,,0,30,0,0,0,0,0,4,2,3
,2016_10017,39.75417,-104.9893335,12/6/2016 13:45,13:45,3,0,2,22ND STREET & LAWRENCE STREET,1,1,0,7,1,1,,0,30,0,0,0,0,2,4,2,16
,2016_10018,39.761613,-104.979654,4/9/2016 13:44,13:44,3,0,0,30TH STREET & LAWRENCE STREET NORTH,1,1,0,7,1,1,,0,25,0,0,0,0,0,4,2,16
,2016_10019,39.763485,-104.977242,5/20/2016 12:36,12:36,3,0,0,32ND STREET & LAWRENCE STREET,1,1,0,7,1,1,,0,30,0,0,0,0,0,4,2,3
,2016_10020,39.730824,-104.9983515,10/29/2016 21:53,21:53,12,0,0,SANTA FE DRIVE 900 BLOCK NORTH & 10TH AVENUE WEST,1,3,0,7,1,4,,0,35,0,0,0,0,0,4,2,5
,2016_10021,39.74481,-104.984874,1/12/2016 13:05,13:05,15,0,0,SHERMAN STREET NORTH & 18TH AVENUE EAST,1,1,0,0,1,1,,0,30,0,0,0,0,0,4,2,13
,2016_10022,39.705696,-104.9851305,8/22/2016 10:30,10:30,3,0,0,SHERMAN STREET SOUTH & CENTER AVENUE EAST,1,1,0,0,1,1,,0,25,0,0,0,0,0,4,2,7
,2016_10023,39.763215,-105.0096105,3/26/2016 12:25,12:25,5,0,0,SHOSHONE STREET NORTH & 33RD AVENUE WEST,1,1,0,2,1,4,,0,25,0,0,0,0,0,4,1,14
,2016_10024,39.771774,-104.903442,2/23/2016 3:55,3:55,5,0,0,SMITH ROAD EAST & QUEBEC STREET NORTH,2,3,0,0,3,1,,0,35,0,0,0,0,0,4,1,1
,2016_10025,39.728934,-104.9906115,7/14/2016 10:24,10:24,10,0,0,SPEER BOULEVARD NORTH & EIGHTH AVENUE EAST,1,1,0,0,1,1,,0,45,0,0,0,0,0,4,2,14
,2016_10026,39.733623,-104.9941215,4/16/2016 18:56,18:56,3,0,1,SPEER BOULEVARD NORTH & 11TH AVENUE WEST,2,1,0,2,1,1,,0,30,0,0,0,0,2,4,2,16
,2016_10027,39.748446,-105.0033735,11/30/2016 21:47,21:47,3,0,0,SPEER BOULEVARD NORTH & AURARIA PARKWAY,1,3,0,7,1,1,,0,35,0,0,0,0,1,4,3,16
,2016_10028,39.71835,-104.9745915,1/8/2016 6:47,6:47,12,0,0,SPEER BOULEVARD EAST & CORONA STREET NORTH,4,1,0,2,1,1,,0,30,0,0,0,0,0,4,2,1
,2016_10029,39.750192,-105.0047415,5/22/2016 14:52,14:52,12,0,0,SPEER BOULEVARD NORTH & WEWATTA STREET,1,1,0,0,1,4,,0,30,0,0,0,0,1,4,2,13
,2016_10030,39.769182,-104.949882,11/3/2016 8:30,8:30,10,0,0,STEELE STREET NORTH & 38TH AVENUE EAST,1,1,0,0,1,1,,0,25,0,0,0,0,0,4,2,13
,2016_10031,39.666015,-104.9593815,7/26/2016 8:48,8:48,1,0,0,UNIVERSITY BOULEVARD SOUTH & AMHERST AVENUE EAST,1,1,0,0,1,2,,0,35,0,0,0,0,0,4,2,8
,2016_10032,39.716235,-104.949963,3/17/2016 19:53,19:53,12,0,0,STEELE STREET 000 BLOCK SOUTH & ELLSWORTH AVENUE EAST,4,3,0,2,1,4,,0,30,0,0,0,0,0,4,3,3
,2016_10033,39.716235,-104.949963,6/16/2016 19:02,19:02,12,0,0,STEELE STREET 000 BLOCK SOUTH & ELLSWORTH AVENUE EAST,1,1,0,7,1,4,,0,35,0,0,0,0,1,4,4,14
,2016_10034,39.685698,-104.9500935,4/15/2016 16:49,16:49,3,0,0,STEELE STREET SOUTH & MEXICO AVENUE EAST,2,1,0,1,1,1,,0,25,0,0,0,0,1,4,2,8
,2016_10035,39.75793483,-104.8989825,1/14/2016 21:19,21:19,6,0,0,SYRACUSE STREET & 1619 NORTH,1,3,0,7,1,4,,0,30,0,0,0,0,0,4,3,10
,2016_10036,39.753765,-104.899032,4/11/2016 17:46,17:46,6,0,0,SYRACUST STREET NORTH & 25TH AVENUE EAST,1,1,0,0,1,4,,0,30,0,0,0,0,0,4,2,3
,2016_10037,39.66687,-104.893254,7/15/2016 12:00,12:00,12,0,0,SYRACUSE WAY SOUTH & UINTA STREET SOUTH,1,1,0,7,1,4,,0,30,0,0,0,0,0,4,2,16
,2016_10038,39.698532,-105.020352,2/18/2016 7:30,7:30,3,0,2,TENNESSEE AVENUE WEST & CLAY STREET SOUTH,1,1,0,7,1,1,,0,25,0,0,0,0,2,4,2,1
,2016_10039,39.77575718,-105.0439759,12/25/2016 11:19,11:19,6,0,0,TENNYSON STREET & 1880 SOUTH,1,3,0,0,1,4,,0,25,0,0,0,0,0,4,2,1
,2016_10040,39.728259,-105.0438735,8/15/2016 2:30,2:30,5,0,0,TENNYSON STREET NORTH & SEVENTH AVENUE WEST,1,3,1,0,1,4,,0,25,0,0,0,0,0,4,3,14
,2016_10041,39.74481,-104.9787225,7/15/2016 0:00,0:00,15,0,0,18TH AVENUE EAST & WASHINGTON STREET NORTH,1,1,0,0,1,1,,0,30,0,0,0,0,0,4,2,13
,2016_10042,39.77650238,-104.7720026,6/23/2016 12:38,12:38,12,0,0,TOWER ROAD 4300 BLOCK NORTH & 43RD AVENUE EAST,1,1,0,7,1,4,,0,40,0,0,0,0,0,4,2,16
,2016_10043,39.74001,-104.99202,11/18/2016 0:51,0:51,12,0,0,TOWER ROAD NORTH & 59TH AVENUE EAST,5,3,0,2,1,1,,0,45,0,0,0,0,0,4,2,1
,2016_10044,39.899691,-104.6686455,6/4/2016 0:00,0:00,5,0,0,TRUSSVILLE STREET NORTH & 112TH AVENUE EAST,1,5,0,0,1,4,,0,45,0,0,0,0,1,4,1,5
,2016_10045,39.674835,-104.9594175,4/13/2016 18:12,18:12,12,0,0,UNIVERSITY BOULEVARD 2300 BLOCK SOUTH & ILIFF AVENUE EAST,1,1,1,7,1,3,,0,30,0,0,0,0,0,4,3,16
,2016_10046,39.700224,-104.959323,11/11/2016 11:51,11:51,12,0,0,UNIVERSITY BOULEVARD 800 BLOCK SOUTH & KENTUCKY AVENUE EAST,1,5,0,7,1,3,,0,30,0,0,0,0,0,4,2,3
,2016_10047,39.73732501,-104.8916348,3/1/2016 23:45,23:45,6,0,0,VALENTIA STREET 1300 BLOCK NORTH & 13TH AVENUE EAST,1,3,0,0,1,4,,0,35,0,0,0,0,0,4,3,13
,2016_10049,39.758427,-105.0131655,9/28/2016 10:45,10:45,3,0,0,VALLEJO STREET NORTH & 29TH AVENUE WEST,1,1,0,0,1,1,,0,25,0,0,0,0,0,4,2,3
,2016_10050,39.741597,-104.9622435,12/29/2016 13:49,13:49,15,0,0,VINE STREET NORTH & 16TH AVENUE EAST,1,1,0,0,1,4,,0,25,0,0,0,0,0,4,2,13
,2016_10051,39.707505,-104.98635,10/22/2016 19:56,19:56,3,0,0,VIRGINIA AVENUE EAST & LINCOLN STREET SOUTH,1,3,0,7,1,1,,0,30,0,0,0,0,0,4,2,16
,2016_10052,39.676572,-104.9451255,11/15/2016 7:40,7:40,3,0,0,WARREN AVENUE EAST & MONROE STREET SOUTH,1,1,0,7,1,1,,0,25,0,0,0,0,0,4,2,7
,2016_10053,39.676482,-105.0437835,4/5/2016 2:50,2:50,6,0,0,WARREN AVENUE WEST & TENNYSON STREET SOUTH,1,4,0,0,6,4,,0,25,0,0,0,0,0,4,2,1
,2016_10055,39.73842,-104.9787315,5/10/2016 13:22,13:22,3,0,0,WASHINGTON STREET NORTH & 14TH AVENUE EAST,1,1,0,0,1,1,,0,30,0,0,0,0,0,4,2,13
,2016_10056,39.716505,-104.97915,3/5/2016 11:49,11:49,15,0,0,WASHINGTON STREET NORTH & ELLSWORTH AVENUE EAST,1,1,2,0,1,4,,0,25,0,0,0,0,0,4,2,4
,2016_10057,39.687579,-104.979294,11/30/2016 9:00,9:00,12,0,0,WASHINGTON STREET SOUTH & IOWA AVENUE EAST,1,1,0,0,1,5,,0,25,0,0,0,0,0,4,2,13
,2016_10059,39.673017,-104.960565,1/6/2016 19:01,19:01,3,0,0,WESLEY AVENUE 2200 BLOCK EAST & YORK STREET SOUTH,1,3,0,0,1,5,,0,15,0,0,0,0,0,4,2,3
,2016_10060,39.758247,-104.9660055,10/17/2016 1:45,1:45,6,0,0,WILLIAMS STREET NORTH & 29TH AVENUE EAST,1,3,0,0,1,4,,0,25,0,0,0,0,0,4,2,13
,2016_10061,39.758409,-105.014457,1/26/2016 22:00,22:00,6,0,0,WYANDOT STREET NORTH & 29TH AVENUE WEST,1,3,1,0,1,4,,0,25,0,0,0,0,0,4,2,14
,2016_10062,39.772278,-104.9745645,11/14/2016 8:42,8:42,6,0,0,WYNKOOP STREET & 38TH STREET,1,1,0,0,1,1,,0,25,0,0,0,0,0,4,2,13
,2016_10063,39.68955,-105.0500115,2/5/2016 16:20,16:20,12,0,0,XAVIER STREET SOUTH & FLORIDA AVENUE WEST,1,3,0,7,1,4,,0,30,0,0,0,0,0,4,2,16
,2016_10064,39.676572,-105.049494,8/21/2016 21:01,21:01,6,0,0,XAVIER STREET SOUTH & WARREN AVENUE WEST,1,3,0,0,1,4,,0,15,0,0,0,0,0,4,3,3
,2016_10065,39.667473,-104.9272425,11/10/2016 8:14,8:14,12,0,0,YALE AVENUE EAST & GLENCOE STREET SOUTH,1,1,0,7,1,1,,0,30,0,0,0,0,0,4,2,10
,2016_10066,39.667464,-104.9286105,6/6/2016 18:05,18:05,1,0,0,YALE AVENUE EAST & YALE CIRCLE EAST,2,1,0,1,1,1,,0,30,0,0,0,0,0,4,2,7
,2016_10067,39.743244,-104.9598315,2/3/2016 10:00,10:00,15,0,0,YORK STREET SOUTHBOUND & 17TH AVENUE,2,1,0,0,1,4,,0,30,0,0,0,0,0,4,2,8
,2016_10068,39.673017,-104.960565,2/22/2016 11:17,11:17,6,0,0,YORK STREET SOUTH & WESLEY AVENUE EAST,1,1,0,0,1,3,,0,25,0,0,0,0,0,4,2,1
,2016_10069,39.644739,-104.8851225,11/17/2016 18:06,18:06,12,0,0,YOSEMITE STREET SOUTH & MANSFIELD AVENUE EAST,2,3,0,2,1,3,,0,35,0,0,0,0,0,4,2,16
,2016_10070,39.711186,-105.014493,11/9/2016 8:52,8:52,14,0,0,YUMA STREET 200 BLOCK SOUTH & ALAMEDA AVENUE WEST,1,1,0,7,1,4,,0,25,0,0,0,0,0,4,2,16
,2016_10071,39.762018,-105.015843,12/12/2016 10:54,10:54,12,0,0,ZUNI STREET NORTH & 32ND AVENUE WEST,1,1,0,7,1,1,,0,35,0,0,0,0,0,4,2,14
,2016_10072,39.685905,-105.015672,4/14/2016 20:15,20:15,6,0,0,ZUNI STREET 1641 SOUTH & MEXICO AVENUE WEST,1,3,1,0,1,4,,0,25,0,0,0,0,0,4,2,3
,2016_10446,39.844602,-104.6809395,3/18/2016 4:23,4:23,5,0,0,PENA BOULEVARD & 8000 BLOCK,5,3,0,2,3,4,,0,45,0,0,0,0,0,4,1,1
,2016_10495,39.77171824,-104.90281,5/27/2016 15:45,15:45,5,0,0,QUEBEC STREET & 4000 BLOCK NORTH,1,1,1,0,2,4,,0,45,0,0,0,0,1,4,1,5
,2016_10580,39.71381215,-105.0182416,12/14/2016 13:05,13:05,5,0,0,BRYANT STREET SOUTH & 145 SOUTH,1,1,0,0,2,5,,0,25,0,0,0,0,0,4,1,14
,2016_10588,39.74001,-104.99202,2/22/2016 11:56,11:56,6,0,0,COLFAX AVENUE  & 1600 BLOCK WEST,1,1,1,0,1,4,,0,30,0,0,0,0,0,4,2,13
,2016_10700,39.77136,-104.7604725,10/9/2016 5:20,5:20,5,0,0,40TH STREET EAST & ENSENADA STREET NORTH,1,3,0,0,1,4,,0,25,0,0,0,0,0,4,1,2
,2016_10800,39.711438,-104.9464035,4/10/2016 2:01,2:01,5,0,0,ALAMEDA AVENUE EAST & CHERRY CREEK NORTH DRIVE EAST,1,3,0,7,3,3,,0,35,0,0,0,0,0,4,1,7
,2016_10830,39.726594,-104.987412,1/6/2016 12:19,12:19,15,0,0,BROADWAY NORTH & SPEER BOULEVARD OFF RAMP,1,1,1,0,1,4,,0,30,0,0,0,0,0,4,2,3
,2016_10831,39.783654,-104.764914,1/6/2016 16:00,16:00,3,0,0,ARGONNE STREET NORTH & GREEN VALLEY RANCH BOULEVARD EAST,1,1,1,0,1,2,,0,15,0,0,0,0,0,4,2,13
,2016_10832,39.713004,-105.019146,9/28/2016 9:20,9:20,6,0,0,CANOSA COURT SOUTH & CEDAR AVENUE WEST,1,1,0,0,1,4,,0,25,0,0,0,0,0,4,2,4
,2016_10833,39.736863,-105.005322,1/11/2016 7:02,7:02,3,0,0,13TH AVENUE WEST & OSAGE STREET NORTH,1,1,0,0,1,1,,0,35,0,0,0,0,1,4,2,14
,2016_10834,39.727287,-104.97294,7/1/2016 12:50,12:50,12,0,0,DOWNING STREET & SEVENTH AVENUE EAST,1,1,1,0,1,3,,0,25,0,0,0,0,0,4,2,3
,2016_10835,39.74001,-104.99202,8/13/2016 11:20,11:20,6,0,0,17TH AVENUE & 300 BLOCK EAST,1,1,0,0,1,4,,0,30,0,0,0,0,0,4,2,8
,2016_10836,39.757698,-104.9005125,8/17/2016 13:18,13:18,15,0,0,ROSLYN STREET NORTH & 29TH AVENUE EAST,1,1,1,0,1,4,,0,25,0,0,0,0,0,4,2,13
,2016_10838,39.694905,-105.0310035,8/20/2016 17:50,17:50,12,0,0,JULIAN STREET SOUTH & ARIZONA AVENUE WEST,1,1,0,0,1,4,,0,25,0,0,0,0,0,4,2,3
,2016_10839,39.753801,-104.890734,8/25/2016 17:28,17:28,3,0,0,25TH DRIVE EAST & CENTRAL PARK BOULEVARD,1,1,0,0,1,1,,0,25,0,0,0,0,1,4,2,8
,2016_10840,39.751182,-104.9878935,8/27/2016 2:49,2:49,12,0,0,21ST STREET & CHAMPA STREET,1,3,0,0,1,3,,0,30,0,0,0,0,1,4,2,5
,2016_10841,39.718179,-104.959314,8/27/2016 23:00,23:00,12,0,0,FIRST AVENUE EAST & UNIVERSITY BOULEVARD NORTH,1,3,0,0,1,1,,0,,0,0,0,0,0,4,2,13
,2016_10842,39.74481,-104.9787225,8/30/2016 10:29,10:29,12,0,0,18TH AVENUE EAST & WASHINGTON STREET NORTH,1,1,0,0,1,4,,0,30,0,0,0,0,0,4,2,8
,2016_10843,39.743793,-104.9734035,8/30/2016 13:40,13:40,1,0,0,PARK AVENUE WEST & DOWNING STREET NORTH,1,1,0,0,1,1,,0,30,0,0,0,0,0,4,2,7
,2016_10844,39.696624,-104.9874525,8/30/2016 20:27,20:27,15,0,0,BROADWAY SOUTH & MISSISSIPPI AVENUE,2,2,0,1,1,1,,0,,0,0,0,0,0,4,2,13
,2016_10845,39.725649,-104.986314,8/31/2016 15:03,15:03,15,0,0,SIXTH AVENUE EAST & LINCOLN STREET NORTH,1,1,0,0,1,1,,0,30,0,0,0,0,0,4,2,13
,2016_10846,39.743262,-104.9835915,8/31/2016 16:50,16:50,3,0,0,17TH AVENUE EAST & GRANT STREET NORTH,1,1,1,0,1,1,,0,30,0,0,0,0,0,4,2,13
,2016_10847,39.773007,-105.0299415,8/31/2016 20:20,20:20,1,0,1,41ST AVENUE WEST & IRVING STREET NORTH,1,3,0,0,1,1,,0,25,0,0,0,0,2,4,2,13
,2016_10848,39.772755,-104.9593815,9/2/2016 17:37,17:37,12,0,0,YORK STREET NORTH & 40TH AVENUE EAST,1,1,1,0,1,1,,0,,0,0,0,0,0,4,2,13
,2016_10849,39.775815,-104.93172,9/2/2016 17:45,17:45,5,0,0,SMITH ROAD EAST & DAHLIA STREET NORTH,1,1,0,0,1,4,,0,30,0,0,0,0,0,4,1,13
,2016_10850,39.743244,-104.986107,9/30/2016 7:55,7:55,6,0,0,LINCOLN STREET & 17TH AVENUE EAST,1,2,0,0,1,4,,0,,0,0,0,0,0,4,2,13
,2016_10851,39.778047,-104.8471245,9/2/2016 18:35,18:35,15,0,0,PEORIA STREET NORTH & 45TH AVENUE EAST,1,2,0,0,1,2,,0,40,0,0,0,0,0,4,2,7
,2016_10853,39.75453,-104.987421,9/7/2016 9:33,9:33,12,0,0,PARK AVENUE WEST & BROADWAY NORTH,1,1,0,0,1,1,,0,35,0,0,0,0,0,4,2,13
,2016_10854,39.725649,-104.986314,9/7/2016 18:00,18:00,10,0,0,LINCOLN STREET NORTH & SIXTH AVENUE EAST,1,2,0,0,1,2,,0,45,0,0,0,0,0,4,2,13
,2016_10856,39.715659,-104.9875335,9/7/2016 22:15,22:15,6,0,0,BROADWAY SOUTH & ARCHER PLACE WEST,1,3,3,0,1,4,,0,35,0,0,0,0,0,4,2,13
,2016_10857,39.736809,-104.9574375,9/14/2016 13:59,13:59,5,0,0,COLUMBINE STREET & 13TH AVENUE EAST,1,1,0,0,3,4,,0,30,0,0,0,1,0,4,2,14
,2016_10858,39.75305368,-104.9879372,9/14/2016 21:35,21:35,5,0,0,22ND STREET & 1400 BLOCK,1,3,0,0,2,4,,0,,0,0,0,0,0,4,1,5
,2016_10859,39.711024,-104.9565105,10/6/2016 17:29,17:29,1,0,0,ALAMEDA AVENUE EAST & ALAMEDA CIRCLE EAST,1,1,0,0,1,2,,0,35,0,0,0,0,0,4,2,13
,2016_10860,39.654045,-104.9130135,9/15/2016 7:50,7:50,12,0,0,MONACO STREET SOUTH & GIRARD AVENUE EAST,1,1,0,0,1,1,,0,30,0,0,0,0,0,4,3,13
,2016_10861,39.754269,-104.9874255,9/15/2016 14:11,14:11,10,0,0,BROADWAY NORTH & ARAPAHOE STREET,1,1,0,0,1,1,,0,25,0,0,0,0,0,4,2,13
,2016_10862,39.71878396,-105.0108325,9/16/2016 17:09,17:09,15,0,0,TEJON STREET & 300 BLOCK SOUTH,1,1,0,0,1,1,,0,25,0,0,0,0,0,4,2,9
,2016_10863,39.753612,-104.993451,9/17/2016 23:15,23:15,15,0,0,20TH STREET & MARKET STREET,1,3,0,0,1,4,,0,,0,0,0,0,0,4,2,13
,2016_10864,39.756456,-105.0093135,9/19/2016 21:50,21:50,3,0,0,PLATTE STREET & 15TH STREET,1,3,0,0,1,1,,0,25,0,0,0,0,0,4,2,13
,2016_10865,39.758418,-105.0181515,9/20/2016 10:33,10:33,10,0,0,29TH AVENUE WEST EASTBOUND & FIRTH COURT,1,1,0,0,1,1,,0,30,0,0,0,0,0,4,2,14
,2016_10866,39.722616,-104.982624,9/22/2016 15:11,15:11,3,0,0,SPEER BOULEVARD EAST & LOGAN STREET NORTH,1,1,0,0,1,1,,0,30,0,0,0,0,0,4,2,8
,2016_10867,39.775032,-104.809923,9/26/2016 7:50,7:50,12,0,0,ANDREWS DRIVE EAST & CHAMBERS ROAD NORTH,1,1,0,0,1,1,,0,40,0,0,0,0,0,4,3,13
,2016_10868,39.727251,-104.9788035,9/26/2016 15:15,15:15,6,0,0,WASHINGTON STREET & SEVENTH AVENUE EAST,1,1,0,0,1,4,,0,,0,0,0,0,0,4,2,13
,2016_10869,39.711114,-104.959305,9/27/2016 20:34,20:34,1,0,0,UNIVERSITY BOULEVARD SOUTH & ALAMEDA AVENUE EAST,1,3,1,0,1,1,,0,30,0,0,0,0,0,4,2,1
,2016_10870,39.736845,-104.9987115,10/3/2016 9:34,9:34,12,0,0,SANTA FE DRIVE NORTH & 13TH AVENUE WEST,1,1,0,0,1,3,,0,35,0,0,0,0,1,4,3,5
,2016_10871,39.743217,-104.9684265,10/3/2016 11:43,11:43,1,0,0,FRANKLIN STREET NORTH & 17TH AVENUE EAST,1,1,0,0,1,1,,0,30,0,0,0,0,1,4,2,2
,2016_10872,39.778371,-105.0439635,10/5/2016 2:54,2:54,6,0,0,TENNYSON STREET NORTH & 45TH AVENUE WEST,1,3,0,0,1,4,,0,,0,0,0,0,0,4,2,13
,2016_10873,39.711321,-104.892912,10/6/2016 13:23,13:23,1,0,0,FAIRMOUNT DRIVE EAST & ALAMEDA AVENUE EAST,2,1,0,0,1,1,,0,30,0,0,0,0,1,4,2,13
,2016_10874,39.733686,-104.9823,10/9/2016 14:03,14:03,6,0,0,LOGAN STREET & 11TH AVENUE EAST,1,1,0,0,1,4,,0,25,0,0,0,0,0,4,2,7
,2016_10875,39.736827,-104.9672115,10/11/2016 8:45,8:45,1,0,0,13TH AVENUE EAST & GILPIN STREET NORTH,1,1,0,0,1,1,,0,30,0,0,0,0,0,4,2,13
,2016_10876,39.74001,-104.99202,10/11/2016 14:49,14:49,15,0,0,38TH AVENUE & 3000 BLOCK WEST,1,1,1,0,1,4,,0,35,0,0,0,0,0,4,2,13
,2016_10877,39.744801,-104.9861205,10/29/2016 19:06,19:06,10,0,0,18TH AVENUE EAST & LINCOLN STREET NORTH,1,3,0,0,1,1,,0,35,0,0,0,0,0,4,2,8
,2016_10878,39.782385,-104.847093,10/31/2016 13:31,13:31,15,0,0,47TH AVENUE EAST & PEORIA STREET NORTH,1,1,0,0,1,3,,0,40,0,0,0,0,0,4,2,1
,2016_10879,39.718327,-104.9763308,1/31/2016 19:48,19:48,6,0,0,FIRST AVENUE & 800 BLOCK EAST,4,3,0,2,1,3,,0,25,0,0,0,0,0,4,2,5
,2016_10880,39.74001,-104.99202,4/21/2016 13:30,13:30,3,0,0,FIRST AVENUE & 3300 BLOCK EAST,1,1,0,0,1,1,,0,25,0,0,0,0,0,4,2,13
,2016_10881,39.71871,-104.973282,1/12/2016 15:55,15:55,3,0,0,FIRST AVENUE EAST & DOWNING STREET NORTH,1,1,0,0,1,1,,0,30,0,0,0,0,1,4,2,13
,2016_10882,39.716226,-104.926941,1/24/2016 0:10,0:10,5,0,0,FIRST AVENUE 3000 EAST & ELLSWORTH AVENUE EAST,1,3,0,0,3,4,,0,35,0,0,0,0,0,4,1,13
,2016_10883,39.717801,-104.941341,3/19/2016 16:30,16:30,1,0,0,FIRST AVENUE EAST & HARRISON STREET NORTH,1,1,1,0,1,1,,0,30,0,0,0,0,1,4,2,13
,2016_10884,39.72249,-104.9758241,10/8/2016 17:00,17:00,6,0,0,FOURTH AVENUE EAST & 000 BLOCK,1,2,0,0,1,4,,0,25,0,0,0,0,0,4,2,5
,2016_10885,39.724506,-105.025194,8/30/2016 7:30,7:30,3,0,0,FIFTH AVENUE & FEDERAL BOULEVARD,1,1,1,0,1,2,,0,35,0,0,0,0,0,4,2,13
,2016_10887,39.725595,-104.974101,10/16/2016 17:37,17:37,12,0,0,SIXTH AVENUE 1000 BLOCK EAST & CORONA STREET NORTH,1,1,0,7,1,4,,0,30,0,0,0,0,1,4,2,16
,2016_10888,39.725676,-104.994063,4/20/2016 17:25,17:25,15,0,0,SIXTH AVENUE WEST & ELATI STREET NORTH,1,1,0,7,1,1,,0,30,0,0,0,0,1,4,2,16
,2016_10889,39.725694,-104.9985945,11/4/2016 10:28,10:28,15,0,0,SIXTH AVENUE WEST & SANTA FE DRIVE NORTH,1,1,0,0,1,4,,0,35,0,0,0,0,0,4,2,13
,2016_10890,39.725595,-104.9509845,1/18/2016 0:23,0:23,6,0,0,SIXTH AVENUE EAST & STREET PAUL STREET NORTH,1,4,0,7,1,4,,0,25,0,0,0,0,0,4,2,4
,2016_10891,39.729303,-105.0223531,1/25/2016 15:45,15:45,12,0,0,EIGHTH AVENUE WEST & 2200 BLOCK,1,1,1,0,1,4,,0,35,0,0,0,0,1,4,4,13
,2016_10892,39.729285,-105.0251625,7/21/2016 18:24,18:24,15,0,0,EIGHTH AVENUE WEST & FEDERAL BOULEVARD NORTH,1,1,0,0,1,4,,0,35,0,0,0,0,0,4,2,13
,2016_10893,39.728898,-104.997582,11/5/2016 16:35,16:35,6,0,0,EIGHTH AVENUE & INCA STREET,1,1,0,0,1,4,,0,30,0,0,0,0,0,4,2,13
,2016_10894,39.729087,-104.986152,5/27/2016 18:21,18:21,6,0,0,EIGHTH AVENUE 100 BLOCK EAST & LINCOLN STREET NORTH,1,1,0,0,1,4,,0,25,0,0,0,0,0,4,2,5
,2016_10895,39.72906,-104.978754,7/28/2016 23:30,23:30,10,0,0,EIGHTH AVENUE EAST & WASHINGTON STREET NORTH,1,3,0,0,1,1,,0,30,0,0,0,0,0,4,2,13
,2016_10896,39.729087,-104.965884,8/10/2016 18:45,18:45,15,0,0,EIGHTH AVENUE EAST & WILLIAMS STREET NORTH,1,1,0,0,1,1,,0,25,0,0,0,0,0,4,2,8
,2016_10897,39.73112799,-105.025278,9/12/2016 15:27,15:27,6,0,0,NINTH AVENUE WEST & 500 BLOCK,1,1,1,0,1,4,,0,25,0,0,0,0,0,4,2,13
,2016_10898,39.74001,-104.99202,2/5/2016 10:40,10:40,14,0,0,NINTH AVENUE & 4000 BLOCK EAST,1,1,0,0,1,4,,0,35,0,0,0,0,0,4,2,7
,2016_10899,39.7304442,-104.9731899,12/27/2016 14:30,14:30,12,0,0,NINTH AVENUE EAST & DENVER PARK,1,1,0,7,1,1,,0,15,0,0,0,0,0,4,2,16
,2016_10900,39.732939,-105.0298425,2/14/2016 0:29,0:29,5,0,0,10TH AVENUE WEST & IRVING STREET NORTH,1,3,0,0,3,3,,0,30,0,0,0,0,0,4,2,14
,2016_10901,39.74001,-104.99202,1/19/2016 14:01,14:01,6,0,0,41ST AVENUE & 4300 BLOCK WEST,1,1,1,0,1,4,,0,25,0,0,0,0,0,4,2,13
,2016_10902,39.731652,-104.913936,5/9/2016 12:49,12:49,15,0,0,10TH AVENUE 6400 BLOCK EAST & LOCUST STREET NORTH,1,1,0,0,1,4,,0,25,0,0,0,0,0,4,2,13
,2016_10903,39.732039,-104.971806,6/24/2016 20:30,20:30,3,0,0,10TH AVENUE EAST & MARION STREET NORTH,1,1,0,7,1,1,,0,30,0,0,0,0,1,4,2,16
,2016_10904,39.733713,-104.970654,8/13/2016 5:35,5:35,6,0,0,11TH AVENUE & LAFAYETTE STREET,1,2,0,0,1,4,,0,25,0,0,0,0,0,4,3,13
,2016_10905,39.735081,-104.9418225,7/6/2016 11:27,11:27,3,0,0,12TH AVENUE EAST & HARRISON STREET NORTH,1,1,0,7,1,1,,0,25,0,0,0,0,0,4,2,14
,2016_10906,39.736845,-104.9873715,12/8/2016 17:35,17:35,15,0,0,13TH AVENUE & BROADWAY STREET NORTH,1,3,1,0,1,3,,0,30,0,0,0,0,0,4,2,13
,2016_10907,39.736845,-104.9929335,3/2/2016 18:00,18:00,12,0,0,13TH AVENUE WEST & DELAWARE STREET NORTH,1,1,0,7,1,4,,0,30,0,0,0,0,0,4,2,7
,2016_10908,39.736863,-104.9941215,6/15/2016 15:16,15:16,3,0,0,13TH AVENUE WEST & ELATI STREET NORTH,1,1,0,7,1,1,,0,25,0,0,0,0,0,4,2,14
,2016_10909,39.74001,-104.99202,12/5/2016 17:30,17:30,15,0,0,14TH AVENUE & 8700 BLOCK EAST,1,2,0,0,1,5,,0,30,0,0,0,0,0,4,2,13
,2016_10910,39.74598,-104.9980725,9/3/2016 20:20,20:20,15,0,0,14TH STREET 1000 BLOCK & ARAPAHOE STREET,1,3,0,0,1,4,,0,30,0,0,0,0,0,4,2,8
,2016_10911,39.738357,-104.9529735,7/15/2016 0:55,0:55,6,0,0,14TH AVENUE & FILLMORE STREET NORTH,1,3,0,0,1,4,,0,25,0,0,0,0,0,4,2,13