id,drcog_id,latitude,longitude,crashtime,time,crashtype,numbkilled,numbinjurd,drcoglocat,rdconditin,lightngcon,roadcntgrd,weatherco,location,roaddescrp,schoolzone,constrzone,splimit,bikeinv,pedinv,sctrinv,motoinv,svrty,rdsystem,ttlvehcls,hcf
,2016_10912,39.738285,-104.9257845,5/15/2016 8:59,8:59,10,0,0,14TH AVENUE EAST & GLENCOE STREET NORTH,1,1,0,0,1,1,,0,35,0,0,0,0,1,4,2,8
,2016_10913,39.738456,-105.0346125,4/7/2016 8:39,8:39,12,0,0,14TH AVENUE WEST & LOWELL BOULEVARD NORTH,1,1,0,7,1,1,,0,30,0,0,0,0,0,4,2,14
,2016_10914,39.773421,-104.7631455,1/31/2016 11:00,11:00,6,0,0,43RD AVENUE EAST & DUNKIRK WAY NORTH,5,1,0,0,1,4,,0,,0,0,0,0,0,4,2,14
,2016_10915,39.738339,-104.95179,9/15/2016 11:11,11:11,15,0,0,14TH AVENUE EAST & MILWAUKEE STREET NORTH,1,1,0,0,1,1,,0,30,0,0,0,0,0,4,2,8
,2016_10916,39.741651,-104.970591,1/15/2016 19:10,19:10,1,0,0,16TH AVENUE EAST & PARK AVENUE WEST,1,1,1,0,1,1,,0,25,0,0,0,0,0,4,2,13
,2016_10917,39.741957,-104.950026,12/18/2016 11:51,11:51,6,0,0,16TH AVENUE EAST & STEELE STREET NORTH,4,1,0,2,1,4,,0,25,0,0,0,0,0,4,2,7
,2016_10918,39.741651,-104.9787315,3/26/2016 2:18,2:18,12,0,0,16TH AVENUE 700 BLOCK EAST & WASHINGTON STREET NORTH,4,3,0,2,1,1,,0,25,0,0,0,0,0,4,2,5
,2016_10919,39.741597,-104.9598135,8/22/2016 9:30,9:30,15,0,0,16TH AVENUE EAST & YORK STREET NORTH,1,1,0,0,1,4,,0,,0,0,0,0,0,4,2,13
,2016_10920,39.743226,-104.9734125,5/6/2016 19:45,19:45,15,0,0,17TH AVENUE EAST & DOWNING STREET NORTH,1,3,0,0,1,1,,0,30,0,0,0,0,0,4,2,13
,2016_10921,39.743217,-104.9684265,10/19/2016 18:57,18:57,15,0,0,17TH AVENUE 1500 BLOCK EAST & FRANKLIN STREET,1,3,0,0,1,4,,0,30,0,0,0,0,0,4,2,13
,2016_10922,39.743226,-104.961006,3/2/2016 15:45,15:45,3,0,0,17TH AVENUE EAST & GAYLORD STREET NORTH,1,1,1,0,1,1,,0,30,0,0,0,0,0,4,2,16
,2016_10923,39.743217,-104.96475,1/5/2016 7:40,7:40,3,0,0,17TH AVENUE EAST & HIGH STREET NORTH,1,1,0,0,1,1,,0,25,0,0,0,0,0,4,2,13
,2016_10924,39.743928,-105.0299325,1/26/2016 11:45,11:45,1,0,0,17TH AVENUE WEST & IRVING STREET NORTH,1,1,0,7,1,1,,0,30,0,0,0,0,0,4,2,14
,2016_10925,39.743244,-104.9798925,6/29/2016 17:30,17:30,1,0,0,17TH AVENUE EAST & PEARL STREET NORTH,1,1,0,7,1,1,,0,25,0,0,0,0,0,4,2,16
,2016_10927,39.743199,-104.962248,7/28/2016 12:00,12:00,15,0,0,17TH AVENUE & VINE STREET,1,1,0,7,1,4,,0,30,0,0,0,0,0,4,2,16
,2016_10928,39.743244,-104.9598315,5/5/2016 16:07,16:07,15,0,0,17TH AVENUE EAST & YORK STREET NORTH,1,1,0,7,1,4,,0,30,0,0,0,0,0,4,2,3
,2016_10929,39.743244,-104.9598315,9/13/2016 6:52,6:52,12,0,0,17TH AVENUE EAST & YORK STREET NORTH,1,2,0,0,1,1,,0,30,0,0,0,0,0,4,2,2
,2016_10930,39.744846,-104.9734035,7/30/2016 20:38,20:38,10,0,0,18TH AVENUE EAST & DOWNING STREET NORTH,1,3,0,0,1,1,,0,30,0,0,0,0,1,4,2,13
,2016_10931,39.744828,-104.967225,10/27/2016 7:45,7:45,15,0,0,18TH AVENUE 1700 BLOCK EAST & GILPIN STREET NORTH,1,1,0,7,1,4,,0,30,0,0,0,0,0,4,2,16
,2016_10932,39.744801,-104.9861205,6/12/2016 22:37,22:37,3,0,0,18TH AVENUE EAST & LINCOLN STREET NORTH,1,3,0,7,1,1,,0,30,0,0,0,0,0,4,2,5
,2016_10933,39.744801,-104.9861205,11/17/2016 17:50,17:50,12,0,0,18TH AVENUE 100 BLOCK EAST & LINCOLN STREET NORTH,5,3,1,2,1,3,,0,30,0,0,0,0,0,4,2,16
,2016_10934,39.749445,-104.967162,7/12/2016 7:22,7:22,1,0,0,22ND AVENUE EAST & GILPIN STREET,1,1,0,7,1,1,,0,30,0,0,0,0,0,4,2,16
,2016_10935,39.765618,-104.9380605,11/29/2016 16:11,16:11,12,0,0,35TH AVENUE EAST & ASH STREET NORTH,1,1,0,7,1,4,,0,30,0,0,0,0,0,4,2,16
,2016_10936,39.7510065,-104.8982423,6/15/2016 16:18,16:18,12,0,0,23RD AVENUE & 3100 BLOCK EAST,1,1,0,0,1,4,,0,30,0,0,0,0,0,4,3,13
,2016_10937,39.754827,-105.0177825,11/17/2016 7:52,7:52,3,0,0,26TH AVENUE WEST & ALCOTT STREET NORTH,1,1,0,7,1,3,,0,25,0,0,0,0,0,4,2,14
,2016_10939,39.754485,-104.9708835,5/11/2016 8:03,8:03,3,0,0,26TH AVENUE EAST & LAFAYETTE STREET NORTH,1,1,0,7,1,1,,0,25,0,0,0,1,1,4,2,7
,2016_10940,39.754854,-105.034626,11/20/2016 10:19,10:19,3,0,1,26TH AVENUE WEST & LOWELL BOULEVARD NORTH,1,1,1,7,1,1,,0,60,0,0,0,0,2,4,2,16
,2016_10941,39.7432688,-104.9981263,2/6/2016 1:55,1:55,10,0,0,CHAMPA STREET & 1700 BLOCK,5,3,0,0,1,3,,0,25,0,0,0,0,0,4,2,13
,2016_10942,39.758499,-105.034617,7/31/2016 10:15,10:15,3,0,0,29TH AVENUE WEST & LOWELL BOULEVARD NORTH,1,1,0,7,1,1,,0,30,0,0,0,0,0,4,2,16
,2016_10943,39.758472,-105.050916,7/1/2016 18:40,18:40,1,0,1,29TH AVENUE WEST & YATES STREET NORTH,1,1,0,0,1,2,,0,30,0,0,0,0,2,4,3,13
,2016_10944,39.762117,-105.034572,3/9/2016 10:23,10:23,6,0,0,32ND AVENUE WEST & LOWELL BOULEVARD NORTH,1,1,0,0,1,4,,0,35,0,0,0,0,0,4,2,7
,2016_10945,39.74001,-104.99202,11/19/2016 12:00,12:00,6,0,0,WATER AVENUE & 2400 BLOCK WEST,1,1,0,0,1,4,,0,10,0,0,0,0,0,4,2,14
,2016_10946,39.763206,-105.0174045,5/11/2016 8:30,8:30,3,0,2,33RD AVENUE WEST & ALCOTT STREET NORTH,1,1,0,7,1,1,,0,25,0,0,0,0,2,4,2,7
,2016_10947,39.763908,-105.044004,8/19/2016 15:44,15:44,3,0,1,33RD AVENUE WEST & TENNYSON STREET NORTH,1,1,0,0,1,1,,0,25,0,0,0,0,2,4,2,13
,2016_10948,39.764394,-105.0029415,4/30/2016 17:10,17:10,6,0,0,34TH AVENUE & MARIPOSA STREET NORTH,2,1,2,1,1,4,,0,25,0,0,0,0,0,4,2,13
,2016_10949,39.768147,-104.972121,4/23/2016 13:50,13:50,3,0,2,37TH AVENUE EAST & MARION STREET NORTH,1,1,0,7,1,1,,0,25,0,0,0,0,2,4,2,16
,2016_10950,39.768147,-104.972121,4/26/2016 16:06,16:06,3,0,0,37TH AVENUE EAST & MARION STREET NORTH,1,1,0,7,1,1,,0,30,0,0,0,0,0,4,2,14
,2016_10951,39.769281,-105.022053,12/24/2016 3:00,3:00,6,0,0,38TH AVENUE & DECATUR STREET NORTH,1,4,0,0,1,3,,0,25,0,0,0,0,0,4,3,5
,2016_10952,39.769398,-105.0299505,7/22/2016 15:03,15:03,3,0,0,38TH AVENUE WEST & IRVING STREET NORTH,1,1,0,7,1,2,,0,5,0,0,0,0,0,4,2,15
,2016_10953,39.769272,-105.006456,11/17/2016 13:11,13:11,12,0,0,38TH AVENUE WEST & PECOS STREET NORTH,2,1,0,1,1,4,,0,35,0,0,0,0,0,4,2,14
,2016_10954,39.769398,-105.045174,12/29/2016 17:29,17:29,1,0,0,38TH AVENUE WEST & UTICA STREET NORTH,1,2,1,7,1,1,,0,30,0,0,0,0,1,4,2,16
,2016_10955,39.727287,-104.983596,3/25/2016 11:26,11:26,6,0,0,GRANT STREET & SEVENTH AVENUE EAST,1,1,1,0,1,4,,0,30,0,0,0,0,1,4,2,13
,2016_10956,39.771072,-104.912703,3/8/2016 11:55,11:55,3,0,0,39TH AVENUE EAST & MONACO STREET NORTH,1,1,0,7,1,1,,0,30,0,0,0,0,0,4,2,7
,2016_10957,39.772611,-104.970618,5/11/2016 7:00,7:00,5,0,1,40TH AVENUE 16375 EAST & 40TH AVENUE EAST,1,1,0,7,2,3,,0,40,0,0,0,0,2,4,1,14
,2016_10958,39.77382641,-104.942829,6/20/2016 20:29,20:29,6,0,0,41ST AVENUE & 3600 EAST,1,1,1,0,2,4,,0,25,0,0,0,0,0,4,2,13
,2016_10959,39.74001,-104.99202,10/14/2016 10:30,10:30,6,0,0,45TH AVENUE WEST & 4400 BLOCK ALLEY,1,1,0,0,1,5,,0,30,0,0,0,0,0,4,2,14
,2016_10960,39.74001,-104.99202,10/27/2016 13:58,13:58,6,0,0,45TH AVENUE & 4900 BLOCK WEST,1,1,1,0,1,4,,0,25,0,0,0,0,0,4,2,13
,2016_10961,39.738456,-104.9902425,12/31/2016 18:42,18:42,6,0,0,BANNOCK STREET NORTH & 14TH AVENUE WEST,1,3,0,0,1,4,,0,25,0,0,0,0,0,4,2,13
,2016_10962,39.77892,-104.9541255,2/1/2016 7:15,7:15,3,0,0,45TH AVENUE EAST & CLAYTON STREET NORTH,5,1,0,7,1,1,,0,25,0,0,0,0,0,4,2,7
,2016_10963,39.777993,-104.7720735,1/7/2016 10:20,10:20,5,0,0,45TH AVENUE EAST & TOWER ROAD NORTH,4,1,0,2,1,1,,0,40,0,0,0,0,0,4,1,13
,2016_10964,39.780261,-105.026778,9/18/2016 12:48,12:48,3,0,0,46TH AVENUE WEST & GROVE STREET NORTH,1,1,0,0,1,1,,0,25,0,0,0,0,0,4,2,14
,2016_10965,39.780468,-104.9645205,1/2/2016 18:30,18:30,5,0,0,46TH AVENUE EAST & HIGH STREET NORTH,5,3,0,0,4,1,,0,25,0,0,0,0,1,4,1,1
,2016_10966,39.74001,-104.99202,5/31/2016 19:15,19:15,6,0,0,COLFAX PLACE  & 3400 BLOCK EAST,1,1,0,0,1,4,,0,25,0,0,0,0,0,4,2,13
,2016_10967,39.782277,-104.8659255,5/2/2016 6:45,6:45,12,0,0,47TH AVENUE 10400 BLOCK EAST & HAVANA STREET NORTH,5,1,0,7,1,4,,0,25,0,0,0,0,0,4,2,16
,2016_10968,39.781782,-104.772267,3/10/2016 19:15,19:15,3,0,0,47TH AVENUE EAST & TOWER ROAD NORTH,1,3,0,7,1,3,,0,55,0,0,0,0,0,4,2,16
,2016_10969,39.783762,-104.927022,11/23/2016 19:06,19:06,3,0,0,48TH AVENUE EAST & FOREST STREET NORTH,1,4,0,7,1,1,,0,30,0,0,0,0,0,4,2,7
,2016_10970,39.785553,-104.9782905,2/12/2016 11:34,11:34,10,0,0,49TH AVENUE WEST & WASHINGTON STREET NORTH,1,1,1,0,1,1,,0,30,0,0,0,0,1,4,2,13
,2016_10971,39.79062,-104.7984435,2/9/2016 17:05,17:05,12,0,0,53RD AVENUE 16000 BLOCK EAST & LAREDO STREET NORTH,1,3,0,7,1,4,,0,30,0,0,0,0,0,4,2,5
,2016_10972,39.794211,-104.8472235,6/27/2016 16:31,16:31,15,0,0,54TH AVENUE EAST & PEORIA STREET NORTH,1,1,0,0,1,1,,0,30,0,0,0,0,0,4,2,13
,2016_10973,39.798225,-104.769765,5/4/2016 7:15,7:15,1,0,0,56TH AVENUE EAST & ARGONNE STREET NORTH,1,1,0,0,1,1,,0,40,0,0,0,0,0,4,2,13
,2016_10974,39.798234,-104.7721815,4/19/2016 7:10,7:10,12,0,0,56TH AVENUE EAST & TOWER ROAD NORTH,2,1,0,1,1,3,,0,35,0,0,0,0,1,4,2,16
,2016_10975,39.83797287,-104.7013859,8/18/2016 10:27,10:27,10,0,0,78TH AVENUE EAST & 24000 BLOCK,1,1,0,0,1,2,,0,45,0,0,0,0,0,4,2,8
,2016_10976,39.7116,-104.9408055,2/11/2016 16:24,16:24,1,0,0,ALAMEDA AVENUE EAST & COLORADO BOULEVARD SOUTH,1,1,0,0,1,1,,0,35,0,0,0,0,0,4,2,13
,2016_10977,39.709026,-104.875443,6/16/2016 14:35,14:35,1,0,0,ALAMEDA AVENUE EAST & DAYTON STREET SOUTH,1,1,0,7,1,1,,0,40,0,0,0,0,0,4,2,14
,2016_10978,39.711141,-104.9863905,5/1/2016 7:10,7:10,3,0,0,ALAMEDA AVENUE EAST & LINCOLN STREET SOUTH,4,1,0,2,1,1,,0,30,0,0,0,0,0,4,2,16
,2016_10979,39.749616,-105.0003405,6/18/2016 22:45,22:45,6,0,0,BLAKE STREET & 15TH STREET,1,3,0,0,1,4,,0,30,0,0,0,0,1,4,2,5
,2016_10980,39.711366,-104.912964,7/20/2016 16:30,16:30,15,0,0,ALAMEDA AVENUE 6400 BLOCK EAST & MONACO STREET SOUTH,1,1,0,7,1,4,,0,35,0,0,0,0,0,4,2,16
,2016_10981,39.711447,-104.9449725,6/16/2016 10:22,10:22,15,0,0,ALAMEDA AVENUE EAST & MONROE STREET SOUTH,1,1,0,0,1,3,,0,25,0,0,0,0,0,4,2,13
,2016_10982,39.711348,-104.9035005,3/4/2016 16:15,16:15,12,0,0,ALAMEDA AVENUE 7300 BLOCK EAST & QUEBEC STREET SOUTH,1,1,0,7,1,3,,0,35,0,0,0,0,0,4,2,16
,2016_10983,39.711186,-104.997132,11/14/2016 13:40,13:40,3,0,2,ALAMEDA AVENUE WEST & SANTA FE DRIVE SOUTH,1,1,1,0,1,3,,0,25,0,0,0,0,2,4,2,14
,2016_10984,39.74499759,-104.9993572,1/3/2016 23:06,23:06,6,0,0,ARAPAHOE STREET & 2300 BLOCK,1,3,0,7,1,4,,0,25,0,0,0,0,0,4,4,5
,2016_10985,39.680379,-104.931612,2/18/2016 9:19,9:19,6,0,0,ASBURY AVENUE 5500 BLOCK EAST & DAHLIA STREET,1,1,0,0,1,4,,0,25,0,0,0,0,0,4,2,7
,2016_10986,39.678426,-104.9385015,11/8/2016 12:01,12:01,6,0,0,ASH STREET SOUTH & EVANS AVENUE EAST,1,1,1,0,1,2,,0,25,0,0,0,0,0,4,2,3
,2016_10987,39.745206,-105.0095835,12/19/2016 17:00,17:00,10,0,0,AURARIA PARKWAY & SEVENTH STREET,6,2,1,0,1,1,,0,35,0,0,0,0,0,4,2,1
,2016_10988,39.748446,-105.0033735,12/24/2016 21:15,21:15,10,0,0,AURARIA PARKWAY & SPEER BOULEVARD NORTH,1,3,0,0,1,1,,0,,0,0,0,0,0,4,2,13
,2016_10989,39.73675268,-105.0270505,2/11/2016 8:24,8:24,6,0,0,AVONDALE DRIVE 3100 BLOCK WEST & 14TH AVENUE WEST,1,1,0,0,1,1,,0,30,0,0,0,0,0,4,3,14
,2016_10990,39.714786,-104.998572,2/6/2016 23:13,23:13,3,0,1,BAYAUD AVENUE WEST & SANTA FE DRIVE SOUTH,1,3,0,7,1,1,,0,30,0,0,0,0,2,4,2,8
,2016_10991,39.707352,-105.046056,7/6/2016 21:17,21:17,6,0,0,BIGHAM PLACE 4600 BLOCK WEST & UTICA STREET SOUTH,1,3,0,0,1,2,,0,,0,0,0,0,0,4,3,13
,2016_10992,39.75130672,-104.9981625,10/22/2016 22:57,22:57,15,0,0,BLAKE STREET & 1900 BLOCK,1,3,1,0,1,4,,0,25,0,0,0,0,0,4,2,13
,2016_10993,39.764448,-104.9406705,10/15/2016 19:45,19:45,14,0,0,BRUCE RANDOLPH AVENUE 3400 BLOCK & BRUCE RANDOLPH AVENUE,1,3,0,7,1,4,,0,30,0,0,0,0,0,4,2,16
,2016_10994,39.77208923,-104.9765841,7/19/2016 15:06,15:06,12,0,0,BRIGHTON BOULEVARD & 3000 BLOCK NORTH,1,1,0,0,1,4,,0,30,0,0,0,0,0,4,3,14
,2016_10995,39.772962,-104.975442,10/27/2016 9:55,9:55,12,0,0,BRIGHTON BOULEVARD & 38TH AVENUE EAST,1,1,0,7,1,3,,0,35,0,0,0,0,0,4,2,7
,2016_10996,39.720924,-104.9875065,2/12/2016 6:33,6:33,3,0,0,BROADWAY NORTH & THIRD AVENUE WEST,1,3,0,7,1,1,,0,30,0,0,0,0,1,4,3,12
,2016_10998,39.783168,-104.8366215,2/3/2016 10:00,10:00,3,0,0,ELK PLACE EAST & TITAN COURT NORTH,4,1,0,7,1,1,,0,25,0,0,0,0,0,4,2,16
,2016_10999,39.733839,-104.987394,4/1/2016 19:58,19:58,3,0,0,BROADWAY NORTH & 11TH AVENUE EAST,1,3,0,0,1,1,,0,30,0,0,0,0,0,4,2,13
,2016_11000,39.71115,-104.987592,11/22/2016 13:33,13:33,10,0,0,BROADWAY SOUTH & ALAMEDA AVENUE EAST,1,1,0,0,1,2,,0,30,0,0,0,0,0,4,2,8
,2016_11001,39.680289,-104.987583,2/6/2016 13:35,13:35,12,0,0,BROADWAY SOUTH & ASBURY AVENUE EAST,1,1,0,7,1,1,,0,35,0,0,0,0,0,4,2,16
,2016_11002,39.705696,-104.987583,1/27/2016 9:12,9:12,12,0,0,BROADWAY & CENTER AVENUE EAST,1,1,0,7,1,2,,0,35,0,0,0,0,0,4,2,16
,2016_11003,39.705696,-104.987583,2/16/2016 21:25,21:25,12,0,0,BROADWAY & CENTER AVENUE,1,3,0,7,1,4,,0,35,0,0,0,0,0,4,2,8
,2016_11004,39.739986,-104.987421,5/5/2016 10:35,10:35,15,0,0,BROADWAY & COLFAX AVENUE EAST,1,1,0,7,1,4,,0,30,0,0,0,0,0,4,2,16
,2016_11005,39.739986,-104.987421,6/15/2016 18:18,18:18,15,0,0,BROADWAY & COLFAX AVENUE WEST,1,1,0,7,1,4,,0,35,0,0,0,1,1,4,2,1
,2016_11006,39.700242,-104.987511,7/26/2016 14:49,14:49,12,0,0,BROADWAY & KENTUCKY AVENUE,1,1,0,7,1,3,,0,30,0,0,0,0,0,4,2,3
,2016_11007,39.752667,-104.98743,7/22/2016 7:40,7:40,12,0,0,BROADWAY & 22ND STREET,1,1,0,7,1,4,,0,30,0,0,0,0,0,4,3,16
,2016_11008,39.723903,-105.0186735,5/16/2016 6:45,6:45,10,0,0,BRYANT STREET & FIFTH AVENUE WEST,2,1,0,0,1,2,,0,30,0,0,0,0,0,4,2,3
,2016_11009,39.695787,-104.9804235,7/13/2016 18:30,18:30,15,0,0,BUCHTEL BOULEVARD EAST & PEARL STREET SOUTH,1,1,1,0,1,4,,0,30,0,0,0,0,0,4,3,13
,2016_11010,39.713004,-105.0168105,7/28/2016 18:40,18:40,15,0,0,CEDAR AVENUE WEST & ALCOTT STREET SOUTH,1,1,1,0,1,3,,0,45,0,0,0,0,0,4,2,5
,2016_11011,39.712896,-104.9734035,11/17/2016 16:24,16:24,3,0,0,CEDAR AVENUE EAST & DOWNING STREET SOUTH,2,1,1,2,1,1,,0,25,0,0,0,0,0,4,2,16
,2016_11012,39.760173,-105.0068835,10/28/2016 6:19,6:19,5,0,0,CENTRAL COURT & 18TH STREET,1,2,0,0,1,5,,1,30,0,0,0,0,0,4,1,14
,2016_11013,39.693006,-104.9913225,5/24/2016 16:16,16:16,12,0,0,CHEROKEE STREET SOUTH & LOUISIANA AVENUE WEST,1,1,0,0,1,2,,0,25,0,0,0,0,0,4,2,3
,2016_11014,39.75639416,-104.933911,11/5/2016 19:35,19:35,6,0,0,CHERRY STREET & 1500 BLOCK NORTH,1,3,0,0,1,4,,0,25,0,0,0,0,0,4,2,13
,2016_11015,39.731031,-104.9339835,7/21/2016 15:42,15:42,3,0,0,CHERRY STREET NORTH & NINTH AVENUE EAST,1,1,0,7,1,1,,0,25,0,0,0,0,0,4,2,3
,2016_11016,39.711555,-104.947092,10/7/2016 14:00,14:00,5,0,0,CHERRY CREEK NORTH DRIVE EAST & ALAMEDA AVENUE EAST,1,1,0,0,3,4,,0,30,0,0,0,0,0,4,1,3
,2016_11017,39.715263,-104.959323,8/9/2016 14:50,14:50,3,0,0,CHERRY CREEK SOUTH DRIVE & UNIVERSITY BOULEVARD SOUTH,1,1,0,7,1,1,,0,30,0,0,0,0,0,4,2,16
,2016_11018,39.715263,-104.959323,2/11/2016 16:40,16:40,12,0,0,CHERRY CREEK SOUTH DRIVE & UNIVERSITY BOULEVARD SOUTH,1,1,0,7,1,4,,0,25,0,0,0,0,0,4,2,16
,2016_11019,39.694752,-104.9780925,4/18/2016 15:02,15:02,6,0,0,CLARKSON STREET SOUTH & ARIZONA STREET EAST,1,1,0,0,1,1,,0,25,0,0,0,0,0,4,2,14
,2016_11020,39.769974,-105.01974,3/9/2016 11:20,11:20,6,0,0,CLAY STREET 3800 BLOCK NORTH & 38TH AVENUE WEST,1,1,0,0,1,4,,0,35,0,0,0,0,0,4,2,14
,2016_11021,39.74001,-104.99202,7/6/2016 8:35,8:35,6,0,0,CLINTON STREET SOUTH & EXPOSITION AVENUE EAST,1,1,0,0,1,4,,0,25,0,0,0,0,0,4,2,13
,2016_11022,39.68397,-104.9875605,8/23/2016 1:00,1:00,6,0,0,COLORADO AVENUE EAST & COLORADO AVENUE 1500 BLOCK EAST,1,4,0,0,1,4,,0,25,0,0,0,0,0,4,2,12
,2016_11023,39.680109,-104.940765,5/5/2016 20:01,20:01,3,0,1,COLORADO CENTER DRIVE & BUCHTEL BOULEVARD EAST,1,3,0,0,1,1,,0,30,0,0,0,0,2,4,2,14
,2016_11024,39.68397,-104.973453,11/22/2016 11:21,11:21,3,0,0,COLORADO AVENUE EAST & DOWNING STREET SOUTH,2,1,1,7,1,1,,0,25,0,0,0,0,0,4,2,16
,2016_11025,39.735144,-104.9741325,4/28/2016 12:55,12:55,15,0,0,CORONA STREET & 12TH AVENUE,1,1,0,0,1,4,,0,20,0,0,0,0,0,4,2,13
,2016_11026,39.7404069,-104.9914224,2/20/2016 15:00,15:00,6,0,0,COURT PLACE & 2443,1,1,0,0,1,4,,0,30,0,0,0,0,0,4,3,13
,2016_11027,39.748095,-104.9931135,6/15/2016 1:00,1:00,12,0,0,CURTIS STREET 1700 BLOCK & 18TH STREET,1,3,0,7,1,3,,0,30,0,0,0,0,0,4,2,5
,2016_11028,39.751857,-104.988762,5/15/2016 19:49,19:49,3,0,0,CURTIS STREET & 21ST STREET,2,1,0,1,1,1,,0,30,0,0,0,0,1,4,2,1
,2016_11029,39.709314,-104.98761,7/12/2016 17:53,17:53,3,0,1,DAKOTA AVENUE EAST & BROADWAY STREET SOUTH,1,1,0,7,1,1,,0,25,0,0,0,0,2,4,2,16
,2016_11030,39.72336714,-105.0209787,11/19/2016 1:22,1:22,6,0,0,DALE COURT & 1000 BLOCK SOUTH,1,3,0,0,1,4,,0,25,0,0,0,0,0,4,2,5
,2016_11031,39.709026,-104.875443,10/27/2016 13:15,13:15,1,0,2,DAYTON STREET SOUTH & ALAMEDA AVENUE EAST,1,1,0,7,1,3,,0,40,0,0,0,0,2,4,2,14
,2016_11033,39.73690238,-104.9928761,11/23/2016 14:00,14:00,6,0,0,DELAWARE STREET 1300 BLOCK NORTH & 13TH AVENUE WEST,1,1,0,0,1,4,,0,30,0,0,0,0,0,4,2,13
,2016_11034,39.746952,-104.973354,3/25/2016 8:39,8:39,6,0,0,DOWNING STREET NORTH & 1416 NORTH DOWNING STREET,1,1,1,0,1,4,,0,,0,0,0,0,0,4,2,13
,2016_11037,39.705642,-104.973381,2/9/2016 11:00,11:00,12,0,2,DOWNING STREET SOUTH & CENTER AVENUE EAST,1,1,0,7,1,4,,0,30,0,0,0,0,2,4,2,16
,2016_11038,39.700188,-104.9733945,4/23/2016 14:55,14:55,12,0,0,DOWNING STREET 900 BLOCK SOUTH & KENTUCKY AVENUE EAST,1,1,1,7,1,4,,0,30,0,0,0,0,0,4,3,16
,2016_11039,39.633417,-104.893272,6/17/2016 12:55,12:55,12,0,1,DTC BOULEVARD 4500 BLOCK SOUTH & TUFTS AVENUE EAST,1,1,0,7,1,3,,0,35,0,0,0,0,2,4,2,16
,2016_11040,39.741615,-104.9684535,2/23/2016 14:55,14:55,3,0,0,16TH AVENUE EAST & FRANKLIN STREET NORTH,1,1,0,7,1,1,,0,25,0,0,0,0,0,4,2,4
,2016_11041,39.796902,-104.817375,1/18/2016 5:35,5:35,5,0,0,EAGLE STREET NORTH & MARCH DRIVE EAST,1,3,0,0,2,3,,0,25,0,0,0,0,0,4,1,1
,2016_11042,39.744837,-104.976144,10/16/2016 12:58,12:58,6,0,0,EMERSON STREET NORTH & 18TH AVENUE EAST,1,1,0,0,1,4,,0,25,0,0,0,0,0,4,2,13
,2016_11043,39.683988,-104.976963,1/6/2016 0:01,0:01,6,0,0,EMERSON STREET SOUTH & COLORADO AVENUE EAST,1,4,0,7,1,4,,0,25,0,0,0,0,0,4,2,3
,2016_11044,39.74001,-104.99202,1/20/2016 21:40,21:40,15,0,0,EVANS AVENUE & 2000 BLOCK EAST,1,3,0,0,1,4,,0,35,0,0,0,0,0,4,2,13
,2016_11045,39.75824081,-104.9163615,3/7/2016 1:27,1:27,5,0,0,KRAMERIA STREET & 1700 BLOCK NORTH,1,4,0,0,2,3,,0,30,0,0,0,0,0,4,1,5
,2016_11046,39.678507,-104.973444,1/8/2016 6:56,6:56,1,0,1,EVANS AVENUE EAST & DOWNING STREET SOUTH,4,1,0,2,1,1,,0,30,0,0,0,0,2,4,2,13
,2016_11047,39.678507,-104.973444,4/1/2016 7:37,7:37,3,0,0,EVANS AVENUE EAST & DOWNING STREET SOUTH,1,1,0,0,1,1,,0,30,0,0,0,0,0,4,4,13
,2016_11048,39.678507,-104.973444,4/29/2016 18:10,18:10,12,0,0,EVANS AVENUE EAST & DOWNING STREET SOUTH,2,2,0,2,1,1,,0,35,0,0,0,0,0,4,2,1
,2016_11049,39.678435,-104.922234,5/4/2016 15:00,15:00,3,0,0,EVANS AVENUE 5600 BLOCK EAST & HOLLY STREET SOUTH,1,1,1,0,1,2,,0,30,0,0,0,0,1,4,2,3
,2016_11050,39.678435,-104.912892,1/8/2016 11:39,11:39,12,0,0,EVANS AVENUE 6500 BLOCK EAST & MONACO STREET SOUTH,2,1,0,2,1,4,,0,35,0,0,0,0,0,4,2,3
,2016_11052,39.678435,-104.912892,10/30/2016 2:10,2:10,15,0,0,EVANS AVENUE EAST & MONACO STREET SOUTH,1,3,0,7,1,4,,0,35,0,0,0,0,0,4,2,5
,2016_11053,39.678444,-104.908194,6/22/2016 8:43,8:43,12,0,0,EVANS AVENUE 6900 BLOCK EAST & ONEIDA STREET SOUTH,1,1,0,7,1,3,,0,35,0,0,0,0,0,4,2,1
,2016_11054,39.678543,-104.980482,3/17/2016 12:32,12:32,12,0,1,EVANS AVENUE EAST & PEARL STREET SOUTH,1,1,0,7,1,1,,0,35,0,0,0,0,2,4,2,7
,2016_11055,39.678363,-104.959404,5/22/2016 15:07,15:07,12,0,0,EVANS AVENUE EAST & UNIVERSITY BOULEVARD SOUTH,1,1,0,7,1,4,,0,35,0,0,0,0,0,4,2,3
,2016_11056,39.678363,-104.959404,11/14/2016 9:57,9:57,12,0,0,EVANS AVENUE 2300 BLOCK EAST & UNIVERSITY BOULEVARD SOUTH,1,1,0,7,1,5,,0,35,0,0,0,0,0,4,2,1