id,drcog_id,latitude,longitude,crashtime,time,crashtype,numbkilled,numbinjurd,drcoglocat,rdconditin,lightngcon,roadcntgrd,weatherco,location,roaddescrp,schoolzone,constrzone,splimit,bikeinv,pedinv,sctrinv,motoinv,svrty,rdsystem,ttlvehcls,hcf
,2016_11057,39.678696,-105.015681,8/18/2016 8:13,8:13,3,0,0,EVANS AVENUE WEST & ZUNI STREET SOUTH,1,1,0,0,1,1,,0,35,0,0,0,0,1,4,2,14
,2016_11058,39.77477553,-105.0264627,6/3/2016 22:30,22:30,6,0,0,GREEN COURT & 4977 NORTH,1,4,0,0,1,4,,0,25,0,0,0,0,0,4,2,1
,2016_11059,39.703851,-104.95935,10/28/2016 10:12,10:12,3,0,0,EXPOSITION AVENUE EAST & UNIVERSITY BOULEVARD SOUTH,1,1,0,0,1,1,,0,30,0,0,0,0,0,4,2,14
,2016_11060,39.70431,-105.0494535,1/19/2016 7:04,7:04,6,0,0,EXPOSITION AVENUE 4800 BLOCK WEST & WOLCOTT COURT SOUTH,4,2,0,7,1,4,,0,25,0,0,0,0,0,4,2,1
,2016_11061,39.703851,-104.9605515,2/10/2016 17:58,17:58,3,0,0,EXPOSITION AVENUE EAST & YORK STREET SOUTH,1,3,0,7,1,1,,0,25,0,0,0,0,0,4,2,14
,2016_11063,39.743379,-104.9275215,6/4/2016 12:01,12:01,3,0,0,FILBERT COURT NORTH & 17TH AVENUE EAST,1,1,0,7,1,1,,0,25,0,0,0,0,0,4,2,16
,2016_11064,39.781674,-104.759532,4/24/2016 19:32,19:32,6,0,0,FLANDERS WAY NORTH & ELK PLACE EAST,1,2,0,0,1,4,,0,25,0,0,0,0,0,4,3,3
,2016_11066,39.689505,-105.0231555,11/16/2016 17:20,17:20,3,0,0,FLORIDA AVENUE WEST & ELIOT STREET SOUTH,1,3,0,0,1,1,,0,25,0,0,0,0,0,4,3,1
,2016_11067,39.689298,-104.943033,10/10/2016 15:10,15:10,12,0,0,FLORIDA AVENUE EAST & JACKSON STREET SOUTH,1,1,0,0,1,1,,0,25,0,0,0,0,1,4,3,13
,2016_11068,39.689388,-104.979294,5/8/2016 1:00,1:00,6,0,0,FLORIDA AVENUE EAST & WASHINGTON STREET SOUTH,1,1,0,0,1,4,,0,25,0,0,0,0,0,4,2,13
,2016_11069,39.740013,-104.9684805,5/5/2016 17:40,17:40,6,0,0,FRANKLIN STREET & COLFAX AVENUE,1,1,0,0,1,4,,0,30,0,0,0,0,0,4,2,13
,2016_11070,39.741588,-104.9610105,10/24/2016 11:57,11:57,6,0,0,GAYLORD STREET NORTH & 16TH AVENUE EAST,1,1,0,0,1,2,,0,25,0,0,0,0,0,4,2,13
,2016_11071,39.656997,-104.866461,4/27/2016 19:51,19:51,1,0,0,GIRARD AVENUE 10000 BLOCK EAST & HAVANA STREET SOUTH,1,3,0,7,1,1,,0,15,0,0,0,0,1,4,2,3
,2016_11072,39.656997,-104.866461,12/8/2016 18:43,18:43,6,0,0,GIRARD AVENUE & HAVANA STREET SOUTH,4,3,0,0,1,4,,0,,0,0,0,0,0,4,2,14
,2016_11074,39.687543,-104.984001,5/27/2016 15:53,15:53,3,0,0,GRANT STREET SOUTH & IOWA AVENUE EAST,1,1,1,7,1,1,,0,25,0,0,0,0,0,4,2,16
,2016_11075,39.723435,-104.983794,3/9/2016 22:24,22:24,15,0,0,GRANT STREET NORTH & SPEER BOULEVARD EAST,1,3,0,0,1,1,,0,30,0,0,0,0,0,4,2,13
,2016_11076,39.679047,-105.0298605,6/19/2016 15:40,15:40,15,0,0,IRVING STREET SOUTH & JULIAN CIRCLE SOUTH,1,1,0,0,1,4,,0,25,0,0,0,0,0,4,2,1
,2016_11077,39.783816,-104.7816855,5/5/2016 7:45,7:45,12,0,1,GREEN VALLEY RANCH BOULEVARD EAST & TELLURIDE STREET,1,1,0,7,1,4,,0,40,0,0,0,0,2,4,3,16
,2016_11078,39.783618,-104.774463,6/4/2016 11:10,11:10,3,0,0,GREEN VALLEY RANCH BOULEVARD EAST & YAMPA STREET NORTH,1,1,0,0,1,1,,0,40,0,0,0,0,0,4,2,1
,2016_11079,39.65434247,-104.868563,7/9/2016 23:34,23:34,6,0,0,HAMILTON PLACE & 4260 WEST,1,3,0,0,1,4,,0,25,0,0,0,0,0,4,2,13
,2016_11080,39.678435,-104.922234,4/9/2016 21:29,21:29,15,0,0,HOLLY STREET 2000 BLOCK SOUTH & EVANS AVENUE EAST,1,3,0,7,1,4,,0,30,0,0,0,0,0,4,2,16
,2016_11081,39.678435,-104.922234,6/3/2016 19:40,19:40,15,0,0,HOLLY STREET SOUTH & EVANS AVENUE EAST,1,1,0,0,1,1,,0,35,0,0,0,0,0,4,2,8
,2016_11082,39.689343,-104.9223105,5/13/2016 17:22,17:22,12,0,0,HOLLY STREET SOUTH & FLORIDA AVENUE EAST,1,1,1,7,1,3,,0,25,0,0,0,0,0,4,2,16
,2016_11083,39.674889,-104.9875335,9/21/2016 11:56,11:56,6,0,0,ILIFF AVENUE EAST & ILIFF AVENUE 5900 BLOCK EAST,1,1,0,0,1,4,,0,25,0,0,0,0,0,4,4,5
,2016_11084,39.729303,-105.030072,5/30/2016 16:45,16:45,6,0,0,IRVING STREET & EIGHTH AVENUE WEST,1,1,0,0,1,4,,0,25,0,0,0,0,0,4,3,1
,2016_11085,39.756042,-105.0299415,11/14/2016 10:58,10:58,3,0,0,IRVING STREET NORTHBOUND 3600 BLOCK NORTH & 27TH AVENUE WEST,1,5,0,7,1,3,,0,35,0,0,0,0,0,4,2,14
,2016_11086,39.68946,-105.0297165,3/19/2016 20:50,20:50,8,0,0,IRVING STREET SOUTH & FLORIDA AVENUE WEST,1,3,0,7,1,4,,0,25,0,0,0,0,0,4,2,16
,2016_11087,39.754692,-104.9211,12/25/2016 15:14,15:14,6,0,0,IVANHOE STREET & 26TH AVENUE EAST,1,1,0,0,1,4,,0,20,0,0,0,0,0,4,2,14
,2016_11088,39.711438,-104.942565,7/28/2016 16:10,16:10,3,0,0,JACKSON STREET SOUTH & ALAMEDA AVENUE EAST,1,1,0,7,1,1,,0,30,0,0,0,0,0,4,2,16
,2016_11089,39.682062,-104.922234,10/17/2016 7:00,7:00,6,0,0,JEWELL AVENUE 5500 BLOCK EAST & HOLLY STREET SOUTH,1,1,0,0,1,4,,0,25,0,0,0,0,0,4,3,14
,2016_11090,39.778929,-104.958261,4/15/2016 14:39,14:39,15,0,0,JOSEPHINE STREET NORTH & 45TH AVENUE EAST,1,1,0,7,1,4,,0,35,0,0,0,0,0,4,2,1
,2016_11091,39.749985,-105.0315255,5/20/2016 3:45,3:45,6,0,0,JULIAN STREET & 22ND AVENUE WEST,1,3,0,0,1,4,,0,30,0,0,0,0,0,4,2,3
,2016_11092,39.711195,-104.998401,6/17/2016 11:40,11:40,12,0,0,KALAMATH STREET 300 BLOCK SOUTH & ALAMEDA AVENUE WEST,1,1,0,7,1,4,,0,25,0,0,0,0,0,4,2,1
,2016_11093,39.700404,-105.0250905,9/18/2016 20:48,20:48,3,0,0,KENTUCKY AVENUE WEST & FEDERAL BOULEVARD NORTH,1,3,0,0,1,1,,0,30,0,0,0,0,0,4,2,13
,2016_11094,39.63959329,-105.0320022,3/21/2016 14:43,14:43,12,0,1,KNOX COURT SOUTH & 255,1,1,1,0,1,4,,0,30,0,0,0,0,2,4,2,13
,2016_11095,39.718152,-105.032484,2/13/2016 8:50,8:50,8,0,0,KNOX COURT NORTH & FIRST AVENUE WEST,1,1,0,0,6,3,,0,30,0,0,0,0,0,4,2,2
,2016_11096,39.736566,-105.0322455,9/30/2016 7:11,7:11,6,0,0,KNOX COURT & 13TH AVENUE WEST,1,1,0,0,1,3,,0,35,0,0,0,0,0,4,3,14
,2016_11097,39.710304,-105.0324525,12/8/2016 16:16,16:16,3,0,0,KNOX COURT SOUTH & NEVADA PLACE WEST,4,2,0,2,1,1,,0,25,0,0,0,0,0,4,2,16
,2016_11098,39.755745,-104.989014,8/10/2016 12:28,12:28,15,0,0,LARIMER STREET 2200 BLOCK & PARK AVENUE WEST,1,1,0,7,1,4,,0,30,0,0,0,0,0,4,2,8
,2016_11099,39.747357,-104.999841,11/21/2016 13:20,13:20,6,0,0,LARIMER STREET & 14TH STREET,1,1,0,0,1,4,,0,30,0,0,0,0,0,4,2,13
,2016_11100,39.74824337,-104.9985687,10/23/2016 2:04,2:04,12,0,0,LARIMER STREET 1500 BLOCK & 15TH STREET,1,3,0,7,1,4,,0,,0,0,0,0,0,4,2,5
,2016_11101,39.74598613,-104.9998826,1/7/2016 11:48,11:48,6,0,0,LAWRENCE STREET & 2040,2,1,0,7,1,4,,0,25,0,0,0,0,0,4,3,16
,2016_11102,39.788343,-104.855742,1/15/2016 13:05,13:05,10,0,0,LIMA STREET 5000 BLOCK NORTH & 51ST AVENUE EAST,1,1,0,0,1,2,,0,30,0,0,0,0,0,4,2,13
,2016_11103,39.73190582,-104.9861681,2/17/2016 12:26,12:26,6,0,0,LINCOLN STREET & 1700 BLOCK NORTH,1,1,1,0,1,4,,0,30,0,0,0,0,0,4,2,1
,2016_11104,39.73388775,-104.986104,6/3/2016 22:20,22:20,12,0,0,LINCOLN STREET 1100 BLOCK NORTH & 12TH AVENUE EAST,1,3,0,7,1,4,,0,30,0,0,0,0,0,4,2,16
,2016_11105,39.735243,-104.98617,6/29/2016 23:35,23:35,6,0,0,LINCOLN STREET NORTH & 12TH AVENUE EAST,1,3,1,0,1,4,,0,40,0,0,0,0,0,4,2,13
,2016_11106,39.735837,-104.98572,10/15/2016 22:33,22:33,3,0,1,LINCOLN STREET 1200 BLOCK NORTH & 13TH AVENUE EAST,1,3,1,0,1,2,,0,35,0,0,0,0,2,4,2,5
,2016_11107,39.744801,-104.9861205,6/22/2016 20:40,20:40,10,0,0,LINCOLN STREET NORTH & 18TH AVENUE EAST,1,3,0,0,1,1,,0,30,0,0,0,0,0,4,2,13
,2016_11108,39.687552,-104.986305,3/24/2016 17:37,17:37,6,0,0,LINCOLN STREET & IOWA AVENUE EAST,2,1,0,0,1,4,,0,25,0,0,0,0,0,4,2,3
,2016_11109,39.71115,-104.982795,10/23/2016 11:58,11:58,12,0,0,LOGAN STREET 200 BLOCK SOUTH & ALAMEDA AVENUE EAST,1,1,0,7,1,4,,0,30,0,0,0,0,0,4,3,3
,2016_11110,39.693123,-105.0155955,10/19/2016 8:00,8:00,3,0,0,LOUISIANA AVENUE WEST & ZUNI STREET SOUTH,1,1,0,7,1,1,,0,25,0,0,0,0,0,4,2,16
,2016_11111,39.770748,-105.0346215,5/27/2016 4:00,4:00,6,0,0,LOWELL BOULEVARD & 39TH AVENUE WEST,2,3,0,0,1,4,,0,30,0,0,0,0,0,4,2,13
,2016_11112,39.780243,-105.0346035,8/2/2016 15:57,15:57,3,0,0,LOWELL BOULEVARD NORTH & 46TH AVENUE WEST,1,1,0,7,1,1,,0,30,0,0,0,0,0,4,2,16
,2016_11113,39.685365,-105.034374,3/11/2016 20:30,20:30,3,0,0,LOWELL BOULEVARD SOUTH & MEXICO AVENUE WEST,1,3,0,7,1,1,,0,25,0,0,0,0,0,4,2,16
,2016_11114,39.72393,-104.8839413,1/27/2016 7:45,7:45,15,0,0,LOWRY BOULEVARD & YOSEMITE STREET NORTH,1,1,0,0,1,6,,0,30,0,0,0,0,0,4,2,8
,2016_11115,39.72393,-104.8839413,3/2/2016 12:28,12:28,10,0,0,LOWRY BOULEVARD & YOSEMITE STREET NORTH,1,1,0,0,1,6,,0,35,0,0,0,0,0,4,2,14
,2016_11116,39.748941,-104.9995305,5/23/2016 13:28,13:28,15,0,0,MARKET STREET & 15TH STREET,1,1,1,0,1,3,,0,25,0,0,0,0,0,4,2,13
,2016_11117,39.794787,-104.809761,7/25/2016 20:30,20:30,3,0,0,MAXWELL PLACE EAST & CHAMBERS ROAD NORTH,1,2,0,0,1,1,,0,30,0,0,0,0,0,4,2,13
,2016_11118,39.762126,-105.0357735,5/20/2016 10:46,10:46,6,0,0,MEADE STREET & 32ND AVENUE WEST,1,1,0,0,1,3,,0,25,0,0,0,0,0,4,2,14
,2016_11119,39.83338151,-104.771988,9/4/2016 15:25,15:25,12,0,0,PENA BOULEVARD & TOWER ROAD,1,1,0,0,1,4,,0,65,0,0,0,0,0,4,2,13
,2016_11120,39.783762,-104.798043,1/30/2016 20:40,20:40,6,0,0,MEMPHIS STREET NORTH & GREEN VALLEY RANCH BOULEVARD EAST,4,3,0,2,1,4,,0,35,0,0,0,0,0,4,3,13
,2016_11121,39.74382659,-105.0174737,10/22/2016 15:30,15:30,12,0,0,MILE HIGH STADIUM CIRCLE & 1700 BLOCK,1,1,0,0,1,3,,0,25,0,0,0,0,0,4,2,13
,2016_11122,39.749688,-104.9811255,5/11/2016 18:01,18:01,15,0,0,PARK AVENUE WEST & TREMONT PLACE,1,1,0,7,1,1,,0,30,0,0,0,0,0,4,2,16
,2016_11123,39.69657,-104.9407425,11/11/2016 16:50,16:50,3,0,0,MISSISSIPPI AVENUE 4000 BLOCK EAST & COLORADO BOULEVARD SOUTH,1,1,0,0,1,2,,0,25,0,0,0,0,0,4,2,13
,2016_11124,39.696678,-104.9944545,6/8/2016 14:45,14:45,12,0,0,MISSISSIPPI AVENUE WEST & FOX STREET SOUTH,1,1,0,7,1,1,,0,35,0,0,0,0,0,4,2,16
,2016_11125,39.696624,-104.868315,2/1/2016 7:45,7:45,10,0,0,MISSISSIPPI AVENUE EAST & GENEVA STREET SOUTH,2,1,0,2,1,1,,0,35,0,0,0,0,0,4,2,7
,2016_11126,39.696615,-104.908203,6/21/2016 17:40,17:40,3,0,0,MISSISSIPPI AVENUE 7100 BLOCK EAST & ONEIDA STREET SOUTH,1,1,0,0,1,2,,0,30,0,0,0,0,1,4,2,13
,2016_11127,39.696723,-105.006591,2/14/2016 10:35,10:35,3,0,0,MISSISSIPPI AVENUE WEST & QUIVAS STREET SOUTH,1,1,0,0,1,1,,0,35,0,0,0,0,0,4,2,7
,2016_11128,39.761964,-104.903451,4/6/2016 13:29,13:29,12,0,0,MLK BOULEVARD & QUEBEC STREET NORTH,1,1,0,7,1,1,,0,35,0,0,0,0,1,4,3,10
,2016_11129,39.762018,-104.9258115,4/30/2016 4:30,4:30,3,0,0,MLK BOULEVARD & GLENCOE STREET NORTH,2,1,0,2,1,3,,0,35,0,0,0,0,0,4,2,8
,2016_11130,39.624219,-104.9118373,2/17/2016 13:15,13:15,12,0,0,MONACO STREET SOUTH & 700 BLOCK,1,1,0,0,1,3,,0,30,0,0,0,0,0,4,3,3
,2016_11131,39.691422,-104.912901,6/30/2016 16:40,16:40,15,0,0,MONACO STREET 1400 BLOCK SOUTH & CHERRY CREEK NORTH DRIVE,1,1,0,7,1,4,,0,35,0,0,0,0,0,4,2,16
,2016_11132,39.682053,-104.912982,5/31/2016 7:45,7:45,10,0,0,MONACO STREET SOUTH & JEWELL AVEE,1,1,0,0,1,1,,0,30,0,0,0,0,0,4,2,13
,2016_11133,39.709692,-104.912802,10/26/2016 17:39,17:39,3,0,0,MONACO STREET SOUTH & NEVADA PLACE EAST,1,3,0,0,1,3,,0,35,0,0,0,0,0,4,3,14
,2016_11134,39.74744149,-104.8958575,4/1/2016 18:06,18:06,12,0,0,MONTVIEW BOULEVARD & 8600 BLOCK EAST,1,1,0,0,1,4,,0,30,0,0,0,0,0,4,3,14
,2016_11135,39.747438,-104.90346,10/23/2016 14:30,14:30,12,0,0,MONTVIEW BOULEVARD EAST & QUEBEC STREET NORTH,1,1,0,7,1,1,,0,35,0,0,0,0,0,4,2,16
,2016_11136,39.755745,-104.989014,4/29/2016 23:35,23:35,10,0,0,PARK AVENUE WEST & LARIMER STREET,2,3,0,1,1,1,,0,30,0,0,0,0,0,4,2,7
,2016_11137,39.75642,-104.989833,3/15/2016 17:30,17:30,6,0,0,PARK AVENUE WEST & WALNUT STREET,1,1,0,0,1,1,,0,30,0,0,0,0,0,4,2,13
,2016_11138,39.757887,-104.9917545,4/6/2016 17:47,17:47,15,0,1,PARK AVENUE WEST & WAZEE STREET,1,1,0,7,1,3,,0,35,0,0,0,0,2,4,2,14
,2016_11139,39.759282,-104.993892,5/16/2016 6:24,6:24,12,0,0,PARK AVENUE 1800 BLOCK WEST & WEWATTA STREET,1,1,0,4,1,4,,0,35,0,0,0,0,0,4,2,13
,2016_11140,39.680343,-104.9805135,3/19/2016 17:12,17:12,14,0,0,PEARL STREET SOUTH & ASBURY AVENUE EAST,1,1,0,0,1,1,,0,30,0,0,0,0,0,4,2,1
,2016_11141,39.780162,-105.0064425,4/1/2016 14:59,14:59,1,0,0,PECOS STREET NORTH & 46TH AVENUE WEST,1,1,1,0,1,1,,0,30,0,0,0,0,0,4,2,13
,2016_11142,39.798396,-104.7873105,10/17/2016 13:00,13:00,12,0,0,PENA BOULEVARD INBOUND & 56TH AVENUE EAST,1,1,1,0,1,4,,0,65,0,0,0,0,0,4,2,13
,2016_11143,39.783609,-104.7913916,2/29/2016 7:00,7:00,12,0,0,PENA BOULEVARD INBOUND & GREEN VALLEY RANCH BOULEVARD EAST,1,1,0,7,1,1,,0,25,0,0,0,0,0,4,2,3
,2016_11144,39.783609,-104.7913916,12/6/2016 13:35,13:35,15,0,0,PENA BOULEVARD OUTBOUND & GREEN VALLEY RANCH BOULEVARD,1,1,0,0,1,4,,0,65,0,0,0,0,0,4,2,2
,2016_11145,39.83346903,-104.692932,8/1/2016 17:55,17:55,12,0,0,PENA BOULEVARD 7700 BLOCK & JACKSON GAP STREET NORTH,1,1,0,7,1,4,,0,55,0,0,0,0,0,4,2,1
,2016_11146,39.779919,-104.846454,6/23/2016 17:13,17:13,12,0,0,PEORIA STREET 4600 BLOCK NORTH & 47TH AVENUE EAST,2,1,0,1,1,4,,0,40,0,0,0,0,0,4,3,16
,2016_11147,39.782385,-104.847093,12/7/2016 6:25,6:25,15,0,0,PEORIA STREET & 47TH AVENUE EAST,4,3,0,2,1,4,,0,30,0,0,0,0,0,4,2,1
,2016_11148,39.796299,-104.847264,1/8/2016 8:45,8:45,12,0,0,PEORIA STREET NORTH & 55TH AVENUE EAST,4,1,0,2,1,1,,0,25,0,0,0,0,0,4,2,13
,2016_11149,39.784005,-104.84712,4/16/2016 17:30,17:30,14,0,0,PEORIA STREET NORTH & ALBROOK DRIVE EAST,2,1,0,2,1,1,,0,40,0,0,0,0,0,4,2,16
,2016_11150,39.786219,-104.8469715,3/23/2016 12:22,12:22,15,0,0,PEORIA STREET NORTH & ANDREWS DRIVE EAST,4,1,0,2,1,1,,0,30,0,0,0,0,0,4,3,13
,2016_11151,39.711222,-104.903505,6/23/2016 16:52,16:52,15,0,0,QUEBEC STREET SOUTH & ALAMEDA AVENUE EAST,1,1,0,0,1,4,,0,30,0,0,0,0,0,4,2,14
,2016_11152,39.711348,-104.9035005,12/6/2016 8:40,8:40,12,0,0,QUEBEC STREET 300 BLOCK SOUTH & ALAMEDA AVENUE EAST,1,1,0,7,1,3,,0,35,0,0,0,0,0,4,2,16
,2016_11153,39.684987,-104.9035905,11/11/2016 16:35,16:35,12,0,0,QUEBEC STREET SOUTH & CHERRY CREEK SOUTH DRIVE EAST,1,3,0,7,1,3,,0,45,0,0,0,0,0,4,2,16
,2016_11154,39.689334,-104.903604,12/3/2016 23:00,23:00,12,0,0,QUEBEC STREET SOUTH & FLORIDA AVENUE EAST,1,3,0,7,1,1,,0,35,0,0,0,0,1,4,2,16
,2016_11155,39.761964,-104.903451,1/5/2016 15:01,15:01,12,0,0,QUEBEC STREET 3200 BLOCK NORTH & MLK BOULEVARD,1,1,0,0,1,4,,0,35,0,0,0,0,0,4,2,3
,2016_11156,39.761964,-104.903451,1/20/2016 14:32,14:32,3,0,0,QUEBEC STREET NORTH & MLK BOULEVARD,1,1,0,7,1,1,,0,40,0,0,0,0,1,4,2,16
,2016_11157,39.761964,-104.903451,6/23/2016 10:17,10:17,12,0,0,QUEBEC STREET NORTH & MLK BOULEVARD,1,1,0,7,1,3,,0,30,0,0,0,0,0,4,3,8
,2016_11158,39.667626,-104.9036175,5/28/2016 10:54,10:54,15,0,0,QUEBEC STREET 2600 BLOCK SOUTH & YALE AVENUE EAST,1,1,1,7,1,4,,0,35,0,0,0,0,0,4,2,16
,2016_11159,39.74001,-104.99202,11/7/2016 18:20,18:20,4,0,0,QUINCY STREET 10300 BLOCK NORTH & 104TH AVENUE EAST,1,4,0,7,1,4,,0,45,0,0,0,0,0,4,1,16
,2016_11160,39.7473075,-105.008112,11/7/2016 15:53,15:53,12,0,0,NINTH STREET & CHOPPER CIRCLE,1,1,1,0,1,6,,0,20,0,0,0,0,0,4,2,13
,2016_11161,39.740652,-104.9911335,5/26/2016 10:42,10:42,6,0,0,14TH STREET & COURT PLACE,1,1,0,0,1,4,,0,35,0,0,0,0,0,4,2,14
,2016_11162,39.748941,-104.9995305,3/17/2016 21:30,21:30,12,0,0,15TH STREET 1400 BLOCK & MARKET STREET,2,3,1,2,1,1,,0,,0,0,0,0,0,4,2,13
,2016_11163,39.744072,-104.988285,4/10/2016 20:52,20:52,3,0,0,17TH STREET & TREMONT PLACE,2,3,0,1,1,1,,0,30,0,0,0,0,1,4,2,12
,2016_11164,39.744072,-104.988285,6/4/2016 17:48,17:48,12,0,0,17TH STREET 400 BLOCK & TREMONT PLACE,1,1,0,7,1,4,,0,30,0,0,0,0,0,4,2,16
,2016_11165,39.746367,-104.9888655,3/15/2016 18:42,18:42,10,0,0,18TH STREET 500 BLOCK & WELTON STREET,1,3,0,0,1,5,,0,25,0,0,0,0,0,4,2,13
,2016_11166,39.748878,-104.987448,8/6/2016 14:25,14:25,15,0,0,20TH STREET & BROADWAY STREET NORTH,1,1,0,7,1,1,,0,25,0,0,0,1,0,4,2,16
,2016_11167,39.757653,-104.998635,8/20/2016 18:00,18:00,15,0,0,20TH STREET & CHESTNUT PLACE,1,1,0,0,1,1,,0,30,0,0,0,0,0,4,2,13
,2016_11168,39.757653,-104.998635,12/9/2016 12:00,12:00,12,0,0,20TH STREET 1900 BLOCK & CHESTNUT STREET,2,1,0,7,1,3,,0,30,0,0,0,0,0,4,2,16
,2016_11169,39.749832,-104.986152,2/9/2016 12:40,12:40,3,0,0,21ST STREET & CALIFORNIA STREET,1,1,1,7,1,1,,0,25,0,0,0,0,0,4,2,16
,2016_11170,39.753882,-104.99139,10/12/2016 23:00,23:00,6,0,0,21ST STREET & LARIMER STREET,1,3,0,0,1,4,,0,30,0,0,0,0,0,4,2,5
,2016_11171,39.752757,-104.9875515,2/6/2016 2:00,2:00,12,0,0,22ND STREET & CURTIS STREET,1,3,0,7,1,1,,0,30,0,0,0,0,0,4,2,5
,2016_11172,39.75417,-104.9893335,11/5/2016 19:55,19:55,3,0,0,22ND STREET & LAWRENCE STREET,1,3,1,7,1,1,,0,30,0,0,0,0,0,4,2,16
,2016_11173,39.75417,-104.9893335,12/9/2016 22:28,22:28,3,0,0,22ND STREET & LAWRENCE STREET,1,3,0,7,1,1,,0,30,0,0,0,0,1,4,2,3
,2016_11174,39.759192,-104.9862105,7/26/2016 17:40,17:40,3,0,0,26TH STREET & WALNUT STREET,1,1,0,7,1,1,,0,25,0,0,0,0,0,4,2,7
,2016_11175,39.774303,-104.9772015,12/10/2016 17:53,17:53,12,0,0,38TH STREET & CHESTNUT PLACE,1,4,0,7,1,1,,0,80,0,0,0,0,0,4,2,16
,2016_11176,39.770253,-104.9719725,2/26/2016 17:45,17:45,12,0,0,38TH STREET & WALNUT STREET,1,3,1,7,1,4,,0,30,0,0,0,0,0,4,2,16
,2016_11177,39.73138636,-104.9986792,10/20/2016 12:08,12:08,12,0,0,SANTA FE DRIVE NORTH & 1000 BLOCK NORTH,1,1,1,0,1,4,,0,30,0,0,0,0,0,4,2,13
,2016_11178,39.72411,-104.9985945,2/8/2016 13:38,13:38,3,0,0,SANTA FE DRIVE NORTH & FIFTH AVENUE WEST,1,1,0,0,1,1,,0,40,0,0,0,0,0,4,2,13
,2016_11179,39.773034,-104.911893,4/25/2016 16:38,16:38,3,0,0,SMITH ROAD EAST & MAGNOLIA STREET NORTH,1,1,0,0,1,1,,0,30,0,0,0,0,0,4,2,14
,2016_11180,39.7353747,-104.9945811,2/19/2016 17:17,17:17,15,0,0,SPEER BOULEVARD 1200 BLOCK NORTH & 13TH AVENUE WEST,1,2,0,7,1,4,,0,35,0,0,0,0,0,4,2,14
,2016_11181,39.76209,-105.0289335,11/15/2016 20:17,20:17,1,0,0,SPEER BOULEVARD NORTH & 32ND AVENUE WEST,1,3,1,7,1,1,,0,60,0,0,0,0,0,4,2,16
,2016_11182,39.75003,-105.0049305,1/20/2016 18:35,18:35,12,0,0,SPEER BOULEVARD 1800 BLOCK NORTH & CHOPPER CIRCLE,1,3,1,0,1,4,,0,35,0,0,0,0,0,4,3,3
,2016_11183,39.718278,-104.973777,8/8/2016 16:35,16:35,12,0,0,SPEER BOULEVARD 1100 BLOCK EAST & DOWNING STREET SOUTH,1,1,0,7,1,3,,0,30,0,0,0,0,0,4,2,16
,2016_11184,39.750192,-105.0047415,3/24/2016 8:10,8:10,12,0,0,SPEER BOULEVARD & WEWATTA STREET,6,1,1,7,1,4,,0,35,0,0,0,0,0,4,2,3
,2016_11185,39.729114,-104.960232,12/9/2016 10:30,10:30,12,0,0,YORK STREET & EIGHTH AVENUE,1,1,1,0,1,3,,0,30,0,0,0,0,0,4,2,13
,2016_11187,39.635046,-105.081804,12/17/2016 12:17,12:17,3,0,0,STANFORD AVENUE 7800 BLOCK WEST & WADSWORTH BOULEVARD SOUTH,5,1,0,0,1,2,,0,30,0,0,0,0,0,4,2,13
,2016_11188,39.777984,-104.9223105,5/28/2016 8:31,8:31,3,0,2,STAPLETON SOUTH DRIVE EAST & HOLLY STREET NORTH,1,1,0,7,1,1,,0,40,0,0,0,0,2,4,2,16
,2016_11189,39.74001,-104.99202,10/3/2016 12:50,12:50,3,0,0,STREET PAUL STREET NORTH & STREET PAUL STREET 100 BLOCK NORTH,1,1,0,0,1,2,,0,25,0,0,0,0,0,4,2,13
,2016_11190,39.703968,-105.0430905,3/2/2016 7:36,7:36,3,0,0,STUART STREET SOUTH & MORRISON ROAD,1,1,0,0,1,1,,0,25,0,0,0,0,1,4,2,13
,2016_11191,39.632247,-104.889042,4/19/2016 16:03,16:03,12,0,0,TEMPLE DRIVE 8500 BLOCK EAST & WABASH STREET SOUTH,1,1,1,7,1,4,,1,25,0,0,0,0,0,4,2,14
,2016_11192,39.77483767,-104.7720224,7/29/2016 16:25,16:25,12,0,0,TOWER ROAD 4200 BLOCK NORTH & 43RD AVENUE EAST,1,1,0,7,1,4,,0,40,0,0,0,0,0,4,2,16
,2016_11193,39.783609,-104.772222,10/27/2016 12:45,12:45,15,0,0,TOWER ROAD NORTH & GREEN VALLEY RANCH BOULEVARD EAST,1,1,0,0,1,2,,0,30,0,0,0,0,0,4,2,13
,2016_11194,39.742245,-104.99076,6/20/2016 11:38,11:38,12,0,0,TREMONT PLACE & 15TH STREET,1,1,0,7,1,4,,0,35,0,0,0,0,0,4,2,14
,2016_11195,39.711114,-104.959305,6/21/2016 17:08,17:08,12,0,0,UNIVERSITY BOULEVARD 200 BLOCK SOUTH & ALAMEDA AVENUE EAST,1,1,1,7,1,4,,0,30,0,0,0,0,0,4,2,16
,2016_11196,39.680226,-104.959404,2/3/2016 8:00,8:00,12,0,0,UNIVERSITY BOULEVARD SOUTH & ASBURY AVENUE EAST,5,1,0,7,1,3,,0,30,0,0,0,0,0,4,2,16