id,drcog_id,latitude,longitude,crashtime,time,crashtype,numbkilled,numbinjurd,drcoglocat,rdconditin,lightngcon,roadcntgrd,weatherco,location,roaddescrp,schoolzone,constrzone,splimit,bikeinv,pedinv,sctrinv,motoinv,svrty,rdsystem,ttlvehcls,hcf
,2016_11197,39.715263,-104.959323,1/26/2016 7:30,7:30,5,0,1,UNIVERSITY BOULEVARD 50 BLOCK SOUTH & CHERRY CREEK DRIVE SOUTH,1,1,0,7,3,3,,0,35,0,0,0,0,2,4,1,16
,2016_11198,39.689289,-104.959341,6/27/2016 13:01,13:01,10,0,0,UNIVERSITY BOULEVARD SOUTH & FLORIDA AVENUE EAST,1,1,0,0,1,1,,0,30,0,0,0,0,0,4,2,3
,2016_11199,39.689289,-104.959341,10/18/2016 12:40,12:40,12,0,0,UNIVERSITY BOULEVARD 1500 BLOCK SOUTH & FLORIDA AVENUE EAST,1,1,1,7,1,4,,0,30,0,0,0,0,0,4,2,16
,2016_11201,39.671208,-104.9593905,12/28/2016 6:43,6:43,5,0,0,UNIVERSITY BOULEVARD 2400 BLOCK SOUTH & HARVARD AVENUE EAST,1,3,0,7,3,4,,0,30,0,0,0,0,0,4,1,1
,2016_11202,39.674835,-104.9594175,7/19/2016 13:40,13:40,12,0,0,UNIVERSITY BOULEVARD 2200 BLOCK SOUTH & ILIFF AVENUE EAST,1,1,0,7,1,3,,0,30,0,0,0,0,0,4,2,3
,2016_11203,39.682017,-104.959395,3/26/2016 12:15,12:15,3,0,0,UNIVERSITY BOULEVARD SOUTH & JEWELL AVENUE EAST,2,1,0,0,1,1,,0,30,0,0,0,0,0,4,2,13
,2016_11204,39.700224,-104.959323,11/19/2016 17:20,17:20,12,0,0,UNIVERSITY BOULEVARD 900 BLOCK SOUTH & KENTUCKY AVENUE EAST,1,2,0,7,1,4,,0,30,0,0,0,0,0,4,2,16
,2016_11205,39.702006,-104.959341,12/5/2016 13:46,13:46,12,0,0,UNIVERSITY BOULEVARD 700 BLOCK SOUTH & OHIO AVENUE EAST,1,1,0,7,1,4,,0,30,0,0,0,0,0,4,2,3
,2016_11206,39.714957,-105.044472,5/10/2016 7:59,7:59,6,0,0,UTICA STREET SOUTH & BAYAUD AVENUE WEST,1,1,0,0,1,4,,0,25,0,0,0,0,0,4,2,7
,2016_11207,39.707505,-104.98635,6/17/2016 17:06,17:06,10,0,0,VIRGINIA AVENUE EAST & LINCOLN STREET SOUTH,1,1,0,0,1,1,,0,25,0,0,0,0,0,4,2,3
,2016_11208,39.772008,-104.969691,9/20/2016 17:05,17:05,3,0,0,WALNUT STREET & 40TH STREET,1,1,0,0,1,1,,0,25,0,0,0,0,0,4,2,8
,2016_11210,39.703104,-105.0250815,5/6/2016 18:10,18:10,15,0,0,WALSH PLACE WEST & FEDERAL BOULEVARD SOUTH,1,1,0,0,1,2,,0,30,0,0,0,0,0,4,2,1
,2016_11211,39.751029,-105.0017805,10/25/2016 20:46,20:46,12,0,0,WYNKOOP STREET 1500 BLOCK & 16TH STREET,1,3,0,7,1,4,,0,30,0,0,0,0,1,4,3,3
,2016_11212,39.69171,-105.0442515,9/25/2016 17:33,17:33,3,0,0,WYOMING PLACE WEST & TENNYSON STREET SOUTH,1,1,0,0,1,1,,0,30,0,0,0,0,0,4,2,13
,2016_11214,39.783618,-104.774463,3/24/2016 15:00,15:00,6,0,0,YAMPA STREET 4700 BLOCK NORTH & GREEN VALLEY RANCH BOULEVARD EAST,6,1,1,0,1,2,,0,25,0,0,0,0,0,4,2,14
,2016_11215,39.735027,-104.9598315,11/12/2016 22:51,22:51,6,0,0,YORK STREET NORTH & 12TH AVENUE EAST,1,3,1,0,1,4,,0,65,0,0,0,0,0,4,2,3
,2016_11216,39.73685738,-104.9597651,1/16/2016 15:46,15:46,15,0,0,YORK STREET 1300 BLOCK NORTH & 14TH AVENUE EAST,1,1,0,0,1,4,,0,30,0,0,0,0,0,4,2,13
,2016_11217,39.78458426,-104.884983,2/21/2016 21:00,21:00,5,0,0,YOSEMITE STREET & 1000 BLOCK NORTH,1,3,0,0,2,4,,0,30,0,0,0,0,1,4,1,5
,2016_11218,39.651102,-104.8848435,1/4/2016 18:20,18:20,12,0,0,YOSEMITE STREET SOUTH & JEFFERSON AVENUE EAST,1,3,1,0,1,4,,0,35,0,0,0,0,0,4,2,12
,2016_11219,39.77385734,-105.052086,4/19/2016 8:12,8:12,15,0,0,ZENOBIA STREET & 238 NORTH,2,1,0,0,1,4,,0,15,0,0,0,0,0,4,3,13
,2016_11220,39.714993,-105.0517935,12/7/2016 15:43,15:43,6,0,0,ZENOBIA STREET SOUTH & BAYAUD AVENUE WEST,1,2,0,0,1,4,,0,25,0,0,0,0,0,4,2,7
,2016_11221,39.667779,-105.0517845,7/28/2016 9:35,9:35,3,0,0,ZURICH COURT SOUTH & YALE AVENUE WEST,1,1,1,7,1,1,,0,25,0,0,0,0,0,4,2,16
,2016_11318,39.726864,-104.9034735,9/6/2016 7:54,7:54,12,0,0,SEVENTH AVENUE EAST & QUEBEC STREET NORTH,1,1,0,0,1,1,,0,,0,0,0,0,0,4,2,13
,2016_11369,39.716685,-104.9744115,12/7/2016 15:38,15:38,6,0,0,CORONA STREET 000 BLOCK NORTH & ELLSWORTH 1101 EAST,4,1,1,2,1,2,,0,25,0,0,0,0,0,4,2,14
,2016_11542,39.759498,-104.973372,9/15/2016 2:50,2:50,5,0,0,30TH AVENUE EAST & DOWNING STREET NORTH,1,3,0,0,3,3,,0,25,0,0,0,0,0,4,1,13
,2016_11546,39.695346,-104.931711,7/16/2016 1:15,1:15,6,0,0,DAHLIA STREET SOUTH & KANSAS DRIVE EAST,1,1,0,0,1,1,,0,30,0,0,0,0,0,4,2,3
,2016_11574,39.736566,-105.0334065,11/14/2016 15:02,15:02,6,0,0,KING STREET NORTH & 13TH AVENUE WEST,1,1,1,0,1,4,,0,25,0,0,0,0,0,4,2,13
,2016_11657,39.77490155,-105.0322724,10/30/2016 3:10,3:10,5,0,0,KNOX COURT NORTH & 200 BLOCK,1,3,0,0,2,4,,0,30,0,0,0,0,0,4,2,5
,2016_11717,39.7716201,-104.9898212,12/10/2016 17:25,17:25,12,0,0,BROADWAY STREET & 1000 BLOCK SOUTH,1,3,0,0,1,4,,0,,0,0,0,0,0,4,2,13
,2016_11726,39.787425,-105.0123735,10/16/2016 1:06,1:06,6,0,0,UMATILLA STREET & 50TH AVENUE WEST,1,3,1,0,1,4,,0,25,0,0,0,0,0,4,2,14
,2016_11842,39.74001,-104.99202,11/14/2016 1:42,1:42,5,0,0,YORK STREET NORTH & BRUCE RANDOLF AVENUE EAST,1,3,0,0,2,1,,0,60,0,0,0,0,0,4,1,4
,2016_11921,39.71950109,-104.95944,7/21/2016 14:30,14:30,5,0,0,YORK STREET 2400 BLOCK SOUTH & UNIVERSITY BOULEVARD ALLEY SOUTH,1,1,1,0,1,5,,0,10,0,0,0,0,0,4,1,14
,2016_11926,39.766815,-105.0174045,1/11/2016 15:10,15:10,3,0,0,ALCOTT STREET NORTH & 36TH AVENUE WEST,5,1,1,0,1,1,,0,25,0,0,0,0,0,4,2,13
,2016_11927,39.66768,-105.0349725,2/14/2016 15:20,15:20,15,0,0,YALE AVENUE WEST & LOWELL BOULEVARD SOUTH,1,1,0,0,1,1,,0,,0,0,0,0,0,4,2,13
,2016_11928,39.707478,-104.960574,4/20/2016 14:45,14:45,15,0,0,VIRGINIA AVENUE EAST & YORK STREET SOUTH,1,1,0,0,1,3,,1,25,0,0,0,0,0,4,2,13
,2016_11929,39.73842,-104.987394,8/19/2016 10:55,10:55,10,0,0,BROADWAY NORTH & 14TH AVENUE EAST,1,1,0,0,1,1,,0,30,0,0,0,0,0,4,2,13
,2016_11930,39.726594,-104.987412,8/19/2016 14:55,14:55,5,0,0,BROADWAY NORTH & SPEER BOULEVARD,1,1,0,0,2,4,,0,35,0,0,0,0,0,4,1,14
,2016_11931,39.732822,-104.8847355,8/21/2016 16:00,16:00,1,0,0,YOSEMITE STREET NORTH & 11TH AVENUE EAST,1,1,0,0,1,1,,0,30,0,0,0,0,0,4,3,13
,2016_11932,39.782385,-104.847093,8/25/2016 11:55,11:55,15,0,0,PEORIA STREET NORTH & 47TH AVENUE EAST,1,1,0,0,1,1,,0,40,0,0,0,0,0,4,2,13
,2016_11933,39.770505,-104.9948325,8/27/2016 16:34,16:34,15,0,0,FOX STREET NORTH & 39TH AVENUE WEST,1,1,0,0,1,4,,0,25,0,0,0,0,0,4,2,7
,2016_11934,39.727287,-104.983596,9/6/2016 22:00,22:00,3,0,0,SEVENTH AVENUE EAST & GRANT STREET NORTH,1,3,1,0,1,1,,0,30,0,0,0,0,1,4,2,13
,2016_11935,39.678579,-105.027867,9/13/2016 15:27,15:27,3,0,0,HAZEL WAY & EVANS AVENUE WEST,1,1,0,0,1,2,,0,,0,0,0,0,0,4,2,13
,2016_11936,39.711348,-104.9035005,9/15/2016 18:05,18:05,12,0,1,ALAMEDA AVENUE & QUEBEC STREET SOUTH,1,1,0,0,1,3,,0,35,0,0,0,0,2,4,2,13
,2016_11937,39.703932,-105.0395535,9/16/2016 12:53,12:53,3,0,0,PERRY STREET SOUTH & EXPOSITION AVENUE WEST,1,1,0,0,1,1,,0,25,0,0,0,0,0,4,2,14
,2016_11938,39.744468,-105.0000435,9/16/2016 15:10,15:10,12,0,0,SPEER BOULEVARD & ARAPAHOE STREET,1,1,0,0,1,3,,0,35,0,0,0,0,0,4,2,7
,2016_11939,39.741426,-104.9988915,9/16/2016 17:29,17:29,12,0,0,SPEER BOULEVARD & STOUT STREET,1,1,0,0,1,3,,0,35,0,0,0,0,0,4,3,1
,2016_11940,39.684987,-104.9035905,9/16/2016 22:10,22:10,3,0,0,CHERRY CREEK DRIVE SOUTH & QUEBEC STREET SOUTH,2,3,0,1,1,1,,0,,0,0,0,0,1,4,2,13
,2016_11941,39.736836,-104.9902335,9/18/2016 13:23,13:23,10,0,0,13TH AVENUE WEST & BANNOCK STREET NORTH,1,1,0,0,1,1,,0,30,0,0,0,0,0,4,2,8
,2016_11942,39.736854,-104.9848515,9/20/2016 14:38,14:38,15,0,0,13TH AVENUE & SHERMAN STREET NORTH,1,1,0,0,1,3,,0,30,0,0,0,0,0,4,2,3
,2016_11943,39.764457,-104.942862,9/20/2016 19:55,19:55,6,0,0,JACKSON STREET & BRUCE RANDOLPH AVENUE EAST,1,3,0,0,1,4,,0,20,0,0,0,0,0,4,2,3
,2016_11944,39.7664153,-105.0506981,9/22/2016 0:00,0:00,6,0,0,YATES STREET & 4600 BLOCK SOUTH,1,3,0,0,1,4,,0,,0,0,0,0,0,4,2,13
,2016_11945,39.725649,-104.986314,9/22/2016 14:30,14:30,12,0,0,SPEER & LINCOLN STREET NORTH,1,1,0,0,1,4,,0,35,0,0,0,0,0,4,2,13
,2016_11947,39.678435,-104.9407425,9/25/2016 23:17,23:17,12,0,0,EVANS AVENUE & COLORADO BOULEVARD SOUTH,1,3,0,0,1,4,,0,35,0,0,0,0,0,4,2,5
,2016_11948,39.725424,-104.903793,9/26/2016 17:10,17:10,1,0,0,QUEBEC STREET NORTH & SIXTH AVENUE EAST,1,1,1,0,1,1,,0,30,0,0,0,0,0,4,2,13
,2016_11949,39.713022,-104.992371,9/26/2016 17:40,17:40,15,0,0,CEDAR AVENUE WEST & CHEROKEE STREET SOUTH,1,1,0,0,1,4,,0,25,0,0,0,0,0,4,2,1
,2016_11950,39.711195,-104.998401,9/27/2016 21:25,21:25,1,0,0,ALAMEDA AVENUE WEST & KALAMATH STREET SOUTH,1,3,0,0,1,1,,0,35,0,0,0,0,1,4,2,7
,2016_11951,39.738375,-104.964741,9/29/2016 12:39,12:39,15,0,0,14TH AVENUE EAST & HIGH STREET NORTH,1,1,0,0,1,1,,0,30,0,0,0,0,0,4,2,7
,2016_11952,39.738456,-105.001605,8/11/2016 2:00,2:00,6,0,0,LIPAN STREET NORTH & 14TH AVENUE WEST,1,3,0,0,1,4,,0,25,0,0,0,0,0,4,2,13
,2016_11953,39.728907,-104.9964435,10/3/2016 7:51,7:51,15,0,0,EIGHTH AVENUE & GALAPAGO STREET NORTH,1,1,0,0,1,4,,0,30,0,0,0,0,1,4,3,8
,2016_11954,39.651102,-104.8848435,10/3/2016 12:06,12:06,15,0,0,JEFFERSON AVENUE EAST & YOSEMITE STREET SOUTH,1,1,1,0,1,3,,0,25,0,0,0,0,0,4,2,1
,2016_11955,39.780513,-104.9582025,10/4/2016 12:43,12:43,3,0,0,JOSEPHINE STREET NORTH & STEAVENSON PLACE EAST,1,1,0,0,1,1,,0,25,0,0,0,0,0,4,2,13
,2016_11956,39.743478,-104.9128155,10/6/2016 11:00,11:00,12,0,0,17TH AVENUE EAST & MONACO STREET NORTH,2,1,0,1,1,4,,0,35,0,0,0,0,0,4,2,13
,2016_11957,39.74001,-104.99202,10/6/2016 17:10,17:10,14,0,0,40TH AVENUE & 2900 BLOCK WEST,1,1,1,0,1,2,,0,25,0,0,0,0,0,4,2,13
,2016_11958,39.756033,-105.0276105,10/7/2016 16:31,16:31,3,0,0,27TH AVENUE WEST & HAZEL COURT NORTH,1,1,1,0,1,1,,0,25,0,0,0,0,1,4,2,13
,2016_11959,39.685896,-105.0138135,10/8/2016 21:40,21:40,12,0,0,MEXICO AVENUE WEST & WYANDOT STREET SOUTH,1,3,0,0,1,3,,0,,0,0,0,0,0,4,2,13
,2016_11960,39.711105,-104.9745645,10/11/2016 8:32,8:32,3,0,0,ALAMEDA AVENUE EAST & CORONA STREET SOUTH,1,1,0,0,1,1,,0,25,0,0,0,0,0,4,2,13
,2016_11961,39.725658,-104.9863095,3/24/2016 7:15,7:15,12,0,0,SIXTH AVENUE EAST & SPEER BOULEVARD NORTH,5,1,0,7,1,1,,0,30,0,0,0,0,0,4,2,16
,2016_11962,39.781782,-104.772267,10/29/2016 12:57,12:57,12,0,0,TOWER ROAD NORTH & 47TH AVENUE EAST,1,1,0,0,1,4,,0,40,0,0,0,0,0,4,4,13
,2016_11963,39.75633,-105.015852,11/8/2016 0:00,0:00,12,0,0,SPEER BOULEVARD & ZUNI STREET,1,1,0,0,1,1,,0,35,0,0,0,0,0,4,2,13
,2016_11965,39.740022,-104.998824,11/12/2016 18:00,18:00,15,0,0,SPEER BOULEVARD & COLFAX AVENUE WEST,1,3,0,0,1,4,,0,35,0,0,0,0,0,4,2,13
,2016_11966,39.821868,-104.772033,12/18/2016 22:35,22:35,1,0,0,69TH AVENUE EAST & TOWER ROAD NORTH,4,3,0,2,1,1,,0,35,0,0,0,0,0,4,2,13
,2016_11967,39.718377,-104.9921325,3/25/2016 16:37,16:37,3,0,0,FIRST AVENUE WEST & CHEROKEE STREET NORTH,1,1,0,0,1,1,,0,25,0,0,0,0,0,4,2,3
,2016_11968,39.718206,-104.954625,7/9/2016 12:20,12:20,12,0,0,FIRST AVENUE 2700 BLOCK EAST & DETROIT STREET NORTH,1,1,0,0,1,4,,0,30,0,0,0,0,0,4,2,13
,2016_11969,39.718332,-104.9694255,2/3/2016 8:43,8:43,15,0,0,FIRST AVENUE 1500 BLOCK EAST & HUMBOLDT STREET NORTH,4,1,0,0,1,4,,0,30,0,0,0,0,1,4,2,13
,2016_11970,39.711114,-104.9679378,6/15/2016 14:45,14:45,12,0,0,ALAMEDA AVENUE EAST & 10000 BLOCK,1,1,0,0,1,3,,0,40,0,0,0,0,0,4,2,1
,2016_11971,39.791025,-105.00642,7/26/2016 10:55,10:55,6,0,0,52ND AVENUE WEST & PECOS STREET NORTH,1,1,0,7,1,4,,0,35,0,0,0,0,0,4,2,16
,2016_11972,39.718332,-104.975766,12/14/2016 15:49,15:49,3,0,0,FIRST AVENUE EAST & OGDEN STREET NORTH,1,1,0,0,1,1,,0,25,0,0,0,0,0,4,2,14
,2016_11973,39.718377,-104.904936,4/26/2016 15:20,15:20,12,0,0,FIRST AVENUE 7100 BLOCK EAST & POPLAR STREET NORTH,1,1,0,0,1,3,,0,30,0,0,0,0,1,4,2,3
,2016_11974,39.717792,-104.9508225,12/15/2016 10:25,10:25,12,0,0,FIRST AVENUE 3100 BLOCK EAST & STEELE STREET SOUTH,1,1,0,7,1,3,,0,30,0,0,0,0,1,4,2,4
,2016_11976,39.718179,-104.959314,12/19/2016 9:07,9:07,12,0,0,FIRST AVENUE 2300 BLOCK EAST & UNIVERSITY BOULEVARD NORTH,5,1,0,7,1,3,,0,30,0,0,0,0,0,4,2,16
,2016_11977,39.720987,-104.9546475,5/15/2016 11:35,11:35,3,0,0,THIRD AVENUE EAST & DETROIT STREET NORTH,1,1,0,7,1,5,,0,15,0,0,0,0,1,4,2,16
,2016_11978,39.722535,-104.951007,3/12/2016 16:00,16:00,3,0,0,FOURTH AVENUE EAST & STREET PAUL STREET NORTH,1,1,0,7,1,1,,0,25,0,0,0,0,1,4,2,16
,2016_11979,39.723966,-105.047424,3/2/2016 14:22,14:22,3,0,0,FIFTH AVENUE WEST & WINONA COURT NORTH,1,1,0,0,1,3,,0,30,0,0,0,0,0,4,2,14
,2016_11980,39.725631,-104.9874435,12/9/2016 12:40,12:40,12,0,0,SIXTH AVENUE 000 BLOCK WEST & BROADWAY STREET NORTH,1,1,1,7,1,3,,0,30,0,0,0,0,1,4,2,16
,2016_11981,39.725595,-104.974101,7/28/2016 18:36,18:36,15,0,0,SIXTH AVENUE EAST & CORONA STREET NORTH,1,2,0,0,1,4,,0,30,0,0,0,0,0,4,2,1
,2016_11982,39.72627,-105.0002055,3/28/2016 2:29,2:29,3,0,0,SIXTH AVENUE WEST & KALAMATH STREET NORTH,1,3,0,7,1,1,,0,35,0,0,0,0,0,4,2,5
,2016_11983,39.736476,-104.931531,2/12/2016 12:46,12:46,3,0,0,13TH AVENUE EAST & DAHLIA STREET NORTH,1,1,0,7,1,1,,0,25,0,0,0,0,0,4,2,1
,2016_11984,39.72627,-105.0002055,4/13/2016 7:51,7:51,15,0,0,SIXTH AVENUE 1000 BLOCK WEST & KALAMATH STREET NORTH,1,1,1,0,1,4,,0,40,0,0,0,0,0,4,3,13
,2016_11985,39.72627,-105.0002055,8/4/2016 16:41,16:41,12,0,0,SIXTH AVENUE 1000 BLOCK WEST & KALAMATH STREET SOUTH,1,1,0,7,1,1,,0,35,0,0,0,0,1,4,2,16
,2016_11986,39.725568,-104.971752,5/5/2016 10:26,10:26,12,0,0,SIXTH AVENUE 1200 BLOCK EAST & MARION STREET NORTH,1,1,1,7,1,4,,0,30,0,0,0,0,0,4,2,3
,2016_11987,39.725649,-105.005763,11/17/2016 20:50,20:50,5,0,0,SIXTH AVENUE WEST & OSAGE STREET NORTH,5,3,1,0,3,4,,0,55,0,0,0,0,0,4,1,13
,2016_11988,39.729087,-104.987412,1/4/2016 14:45,14:45,12,0,0,EIGHTH AVENUE EAST & BROADWAY STREET NORTH,1,1,1,0,1,1,,0,30,0,0,0,0,0,4,2,13
,2016_11989,39.729087,-104.987412,7/17/2016 3:55,3:55,3,0,0,EIGHTH AVENUE EAST & BROADWAY STREET NORTH,1,3,0,7,1,1,,0,35,0,0,0,0,0,4,2,1
,2016_11990,39.729087,-104.987412,10/3/2016 15:45,15:45,15,0,0,EIGHTH AVENUE EAST & BROADWAY STREET NORTH,1,1,0,0,1,1,,0,30,0,0,0,0,0,4,2,1
,2016_11991,39.728934,-104.992866,7/21/2016 18:15,18:15,3,0,0,EIGHTH AVENUE WEST & DELAWARE STREET NORTH,1,1,0,7,1,1,,0,25,0,0,0,0,0,4,2,16
,2016_11992,39.729114,-104.941854,3/21/2016 7:27,7:27,6,0,0,EIGHTH AVENUE EAST & HARRISON STREET NORTH,1,1,0,7,1,1,,0,30,0,0,0,0,0,4,3,3
,2016_11993,39.729114,-104.959071,5/20/2016 15:23,15:23,12,0,0,EIGHTH AVENUE EAST & JOSEPHINE STREET NORTH,1,1,0,7,1,4,,0,30,0,0,0,0,0,4,2,3
,2016_11994,39.729267,-104.913936,10/14/2016 15:14,15:14,12,0,0,EIGHTH AVENUE & LOCUST STREET NORTH,1,1,0,0,1,1,,0,35,0,0,0,0,0,4,2,13
,2016_11995,39.729267,-104.90814,3/23/2016 17:20,17:20,3,0,0,EIGHTH AVENUE EAST & ONEIDA STREET NORTH,4,1,0,2,1,1,,0,30,0,0,0,0,0,4,2,1
,2016_11996,39.736845,-104.9835825,1/9/2016 10:00,10:00,3,0,0,13TH AVENUE EAST & GRANT STREET NORTH,1,1,0,0,1,1,,0,30,0,0,0,0,0,4,2,13
,2016_11997,39.728907,-104.998644,4/26/2016 7:50,7:50,12,0,0,EIGHTH AVENUE WEST & SANTA FE DRIVE NORTH,1,1,0,7,1,4,,0,35,0,0,0,0,0,4,3,3
,2016_11998,39.675402,-105.060177,1/5/2016 8:00,8:00,6,0,0,GOLDEN COURT SOUTH & WARREN AVENUE WEST,1,1,0,7,1,2,,0,30,0,0,0,0,0,4,2,14
,2016_11999,39.74001,-104.99202,2/8/2016 9:15,9:15,3,0,0,NINTH AVENUE & 4400 BLOCK EAST,2,1,0,0,1,2,,0,25,0,0,0,0,0,4,2,7
,2016_12000,39.730437,-104.977602,1/12/2016 11:45,11:45,3,0,0,NINTH AVENUE EAST & CLARKSON STREET NORTH,1,1,0,0,1,1,,0,25,0,0,0,0,0,4,2,13
,2016_12001,39.730518,-104.9976135,7/5/2016 13:24,13:24,6,0,0,NINTH AVENUE WEST & INCA STREET NORTH,1,1,0,0,1,4,,0,25,0,0,0,0,0,4,2,1
,2016_12002,39.730437,-104.975253,7/15/2016 23:30,23:30,6,0,0,NINTH AVENUE 1000 BLOCK EAST & OGDEN STREET NORTH,1,3,0,0,1,5,,0,,0,0,0,0,0,4,2,13
,2016_12003,39.730509,-104.998671,2/27/2016 12:29,12:29,1,0,0,NINTH AVENUE WEST & SANTA FE DRIVE NORTH,1,1,1,7,1,1,,0,20,0,0,0,0,0,4,2,16
,2016_12004,39.732057,-104.99166,9/18/2016 19:20,19:20,3,0,0,10TH AVENUE 200 BLOCK WEST & CHEROKEE STREET,1,3,0,0,1,5,,0,10,0,0,0,0,0,4,2,3
,2016_12005,39.733839,-104.9873895,5/8/2016 11:56,11:56,1,0,0,11TH AVENUE EAST & BROADWAY NORTH,1,1,0,7,1,1,,0,35,0,0,0,0,0,4,2,14
,2016_12006,39.733668,-104.9965605,3/9/2016 17:41,17:41,3,0,0,11TH AVENUE WEST & GALAPAGO STREET NORTH,1,2,0,7,1,1,,0,25,0,0,0,0,0,4,2,16
,2016_12007,39.732867,-104.899905,4/11/2016 6:45,6:45,3,0,0,11TH AVENUE EAST & ROSEMARY STREET NORTH,1,1,0,7,1,1,,0,30,0,0,0,0,1,4,2,16
,2016_12008,39.735243,-104.9873805,5/1/2016 0:26,0:26,14,0,0,12TH AVENUE & BROADWAY STREET,2,3,1,2,1,1,,0,30,0,0,0,0,0,4,2,5
,2016_12009,39.735126,-104.9528925,12/3/2016 17:53,17:53,3,0,0,12TH AVENUE EAST & FILLMORE STREET NORTH,1,3,0,7,1,1,,0,25,0,0,0,0,0,4,2,14
,2016_12010,39.736854,-104.97762,1/14/2016 22:18,22:18,3,0,0,13TH AVENUE EAST & CLARKSON STREET NORTH,1,3,0,0,1,1,,0,30,0,0,0,0,0,4,2,3
,2016_12011,39.736566,-105.0334065,4/30/2016 16:30,16:30,6,0,0,13TH AVENUE 3400 BLOCK WEST & KING STREET NORTH,2,1,0,0,1,4,,0,25,0,0,0,0,0,4,2,14
,2016_12012,39.736863,-104.982336,4/16/2016 11:46,11:46,3,0,0,13TH AVENUE EAST & LOGAN STREET NORTH,1,1,0,7,1,1,,0,30,0,0,0,0,0,4,2,7
,2016_12013,39.737268,-104.9034645,11/13/2016 0:11,0:11,15,0,0,13TH AVENUE EAST & QUEBEC STREET NORTH,1,4,0,0,1,1,,0,35,0,0,0,0,0,4,2,13
,2016_12014,39.737259,-104.9011425,3/19/2016 20:30,20:30,10,0,0,13TH AVENUE EAST & ROSLYN STREET,1,3,0,0,1,4,,0,25,0,0,0,0,0,4,2,8
,2016_12015,39.737268,-104.8881825,3/6/2016 18:56,18:56,10,0,0,13TH AVENUE EAST & WILLOW STREET NORTH,1,3,0,0,1,1,,0,30,0,0,0,0,0,4,2,3
,2016_12016,39.736899,-105.01596,7/13/2016 9:33,9:33,3,0,0,13TH AVENUE WEST & ZUNI STREET NORTH,1,1,0,0,1,1,,0,25,0,0,0,0,0,4,2,5
,2016_12017,39.738393,-104.973048,10/14/2016 16:00,16:00,6,0,0,14TH AVENUE 1100 BLOCK EAST & DOWNING STREET NORTH,1,2,0,0,1,4,,0,30,0,0,0,0,0,4,3,14
,2016_12018,39.738357,-104.9529735,3/17/2016 17:40,17:40,12,0,0,14TH AVENUE EAST & FILLMORE STREET NORTH,4,1,0,2,1,1,,0,30,0,0,0,0,0,4,2,12
,2016_12019,39.738357,-104.9529735,7/8/2016 18:48,18:48,10,0,0,14TH AVENUE EAST & FILLMORE STREET NORTH,1,1,0,0,1,1,,0,30,0,0,0,0,0,4,2,8
,2016_12020,39.738393,-104.9684445,8/26/2016 8:25,8:25,12,0,0,14TH AVENUE EAST & FRANKLIN STREET NORTH,1,1,0,0,1,3,,0,30,0,0,0,0,0,4,3,13
,2016_12021,39.738393,-104.9684445,10/12/2016 22:06,22:06,10,0,0,14TH AVENUE EAST & FRANKLIN STREET NORTH,1,3,0,0,1,1,,0,30,0,0,0,0,0,4,2,8
,2016_12022,39.767607,-105.039324,12/18/2016 15:25,15:25,3,0,0,37TH AVENUE WEST & PERRY STREET NORTH,10,1,0,0,1,1,,0,30,0,0,0,0,0,4,1,7
,2016_12023,39.73833,-104.9439825,3/18/2016 7:25,7:25,3,0,0,14TH AVENUE EAST & GARFIELD STREET NORTH,4,1,0,2,1,1,,0,30,0,0,0,0,0,4,2,7
,2016_12024,39.710511,-105.043221,12/17/2016 22:43,22:43,6,0,0,NEVADA PLACE & STUART STREET SOUTH,4,5,0,0,1,4,,0,25,0,0,0,0,0,4,2,1
,2016_12025,39.738447,-104.986143,9/26/2016 9:24,9:24,3,0,0,14TH AVENUE EAST & LINCOLN STREET NORTH,1,1,0,0,1,1,,0,30,0,0,0,0,0,4,3,13
,2016_12026,39.73833,-104.913945,1/2/2016 14:16,14:16,3,0,0,14TH AVENUE EAST & LOCUST STREET NORTH,1,1,0,0,1,1,,0,25,0,0,0,0,0,4,2,3
,2016_12027,39.73833,-104.913945,3/16/2016 16:18,16:18,3,0,0,14TH AVENUE EAST & LOCUST STREET NORTH,1,1,0,7,1,1,,0,35,0,0,0,0,0,4,3,16
,2016_12028,39.743739,-104.9128065,10/31/2016 11:19,11:19,12,0,0,17TH AVENUE EAST & 17TH AVENUE 2900 BLOCK EAST,1,1,0,0,1,4,,0,30,0,0,0,0,0,4,3,7
,2016_12029,39.743253,-104.9823225,8/14/2016 22:15,22:15,12,0,0,17TH AVENUE 300 BLOCK EAST & LOGAN STREET NORTH,1,3,0,7,1,4,,0,25,0,0,0,0,0,4,3,16
,2016_12030,39.743775,-104.901093,5/2/2016 8:00,8:00,12,0,1,17TH AVENUE EAST & ROSLYN STREET,1,1,0,7,1,3,,0,25,0,0,0,0,2,4,3,16
,2016_12031,39.744819,-104.965992,2/24/2016 8:15,8:15,15,0,0,18TH AVENUE EAST & WILLIAMS STREET NORTH,1,1,0,7,1,4,,0,30,0,0,0,0,0,4,2,16
,2016_12033,39.749436,-104.964714,7/11/2016 8:53,8:53,3,0,0,22ND AVENUE EAST & HIGH STREET NORTH,1,1,0,7,1,1,,0,25,0,0,0,0,0,4,2,12