id,drcog_id,latitude,longitude,crashtime,time,crashtype,numbkilled,numbinjurd,drcoglocat,rdconditin,lightngcon,roadcntgrd,weatherco,location,roaddescrp,schoolzone,constrzone,splimit,bikeinv,pedinv,sctrinv,motoinv,svrty,rdsystem,ttlvehcls,hcf
,2016_12034,39.767679,-105.047388,3/15/2016 8:00,8:00,14,0,0,37TH AVENUE WEST & WINONA COURT,1,1,0,0,1,1,,0,30,0,0,0,0,0,4,2,14
,2016_12035,39.7510065,-104.8982423,4/27/2016 7:48,7:48,12,0,0,23RD AVENUE & 7400 BLOCK EAST,1,1,0,0,1,4,,0,30,0,0,0,0,0,4,3,4
,2016_12036,39.750732,-104.975757,12/27/2016 12:45,12:45,3,0,0,23RD AVENUE EAST & EMERSON STREET NORTH,1,1,0,7,1,1,,0,25,0,0,0,0,0,4,2,14
,2016_12037,39.750705,-104.968413,5/26/2016 8:00,8:00,3,0,0,23RD AVENUE EAST & FRANKLIN STREET NORTH,1,1,0,7,1,1,,0,25,0,0,0,0,0,4,2,7
,2016_12038,39.751065,-104.917545,12/15/2016 13:40,13:40,6,0,0,23RD AVENUE & KEARNEY STREET,1,1,0,0,3,2,,0,30,0,0,0,0,0,4,3,14
,2016_12039,39.752415,-105.026805,6/18/2016 0:40,0:40,14,0,0,24TH AVENUE WEST & GROVE STREET NORTH,1,3,0,0,1,1,,0,30,0,0,0,0,0,4,2,5
,2016_12040,39.754719,-104.908122,9/24/2016 13:24,13:24,3,0,0,26TH AVENUE EAST & ONEIDA STREET NORTH,1,1,0,7,1,1,,0,25,0,0,0,0,1,4,2,4
,2016_12041,39.75849183,-105.0456682,2/2/2016 14:11,14:11,12,0,0,29TH AVENUE WEST & 2500 BLOCK,5,1,1,0,1,4,,0,30,0,0,0,0,0,4,2,13
,2016_12042,39.758265,-104.964714,1/23/2016 15:38,15:38,6,0,0,29TH AVENUE 1900 BLOCK EAST & HIGH STREET NORTH,1,1,0,7,1,4,,0,25,0,0,0,0,0,4,2,14
,2016_12043,39.758445,-105.0213735,2/22/2016 8:45,8:45,12,0,0,29TH AVENUE WEST & SPEER BOULEVARD NORTH,1,1,0,7,1,1,,0,35,0,0,0,0,0,4,2,14
,2016_12044,39.760758,-104.9733405,8/3/2016 5:00,5:00,3,0,0,31ST AVENUE EAST & DOWING STREET NORTH,1,2,0,7,1,1,,0,30,0,0,0,0,1,4,2,16
,2016_12045,39.762018,-105.0052905,1/8/2016 17:20,17:20,15,0,0,32ND AVENUE WEST & OSAGE STREET NORTH,3,3,0,2,1,1,,0,25,0,0,0,0,0,4,2,13
,2016_12046,39.765627,-104.905791,8/5/2016 10:08,10:08,3,0,0,35TH AVENUE EAST & PONTIAC STREET NORTH,1,1,0,7,1,1,,0,25,0,0,0,0,0,4,2,16
,2016_12047,39.767382,-104.90346,3/11/2016 7:58,7:58,10,0,0,36TH AVENUE EAST & QUEBEC STREET NORTH,1,1,0,0,1,1,,0,45,0,0,0,0,0,4,2,8
,2016_12048,39.768147,-104.972121,8/25/2016 17:20,17:20,3,0,0,EAST 37TH AVENUE & MARION STREET NORTH,14,1,0,0,1,1,,0,25,0,0,0,0,0,4,2,7
,2016_12049,39.769272,-105.018984,12/31/2016 1:19,1:19,6,0,0,38TH AVENUE WEST & BRYANT STREET NORTH,1,4,0,0,1,4,,0,30,0,0,0,0,0,4,2,3
,2016_12050,39.769407,-105.0440445,5/9/2016 16:00,16:00,1,0,0,38TH AVENUE WEST & TENNYSON STREET NORTH,1,1,0,7,1,1,,0,35,0,0,0,0,0,4,2,16
,2016_12051,39.769407,-105.04629,2/23/2016 7:30,7:30,15,0,0,38TH AVENUE WEST & VRAIN STREET NORTH,5,1,0,0,1,3,,0,35,0,0,0,0,0,4,3,13
,2016_12052,39.771306,-105.035805,10/24/2016 22:30,22:30,6,0,0,39TH AVENUE WEST & MEADE STREET NORTH,1,4,0,0,1,3,,0,25,0,0,0,0,1,4,2,14
,2016_12053,39.77382641,-104.942829,12/12/2016 13:40,13:40,14,0,0,41ST AVENUE & 1900 BLOCK,1,1,1,0,1,4,,0,25,0,0,0,0,1,4,2,3
,2016_12054,39.776553,-105.0111945,11/2/2016 7:44,7:44,15,0,0,44TH AVENUE EASTBOUND WEST & TEJON STREET NORTH,1,1,0,0,1,1,,0,30,0,0,0,0,0,4,2,14
,2016_12055,39.776562,-105.0439815,12/29/2016 21:03,21:03,1,0,0,44TH AVENUE WEST & TENNYSON STREET NORTH,1,3,0,7,1,1,,0,30,0,0,0,0,0,4,2,16
,2016_12056,39.780135,-104.985783,10/25/2016 8:14,8:14,12,0,0,46TH AVENUE EAST & LINCOLN STREET NORTH,1,1,0,7,1,1,,0,30,0,0,0,0,0,4,2,14
,2016_12057,39.780054,-104.9757525,3/25/2016 18:30,18:30,12,0,0,46TH AVENUE EAST & PACKING HOUSE ROAD,1,1,0,0,1,1,,0,25,0,0,0,0,0,4,2,13
,2016_12058,39.782277,-104.8659255,3/9/2016 7:55,7:55,12,0,0,47TH AVENUE 10500 BLOCK EAST & HAVANA STREET,1,1,0,7,1,4,,0,35,0,0,0,0,0,4,2,16
,2016_12059,39.782277,-104.863284,4/26/2016 7:40,7:40,3,0,0,47TH AVENUE EAST & IRONTON STREET NORTH,1,1,0,7,1,1,,0,35,0,0,0,0,0,4,2,16
,2016_12060,39.71934,-104.987502,4/25/2016 13:15,13:15,12,0,0,BROADWAY & SECOND AVENUE,1,1,0,7,1,1,,0,30,0,0,0,0,0,4,2,16
,2016_12061,39.787389,-104.9782905,1/29/2016 14:20,14:20,3,0,0,50TH AVENUE EAST & WASHINGTON STREET NORTH,1,1,0,7,1,1,,0,35,0,0,0,0,1,4,3,14
,2016_12062,39.791052,-104.8355865,5/21/2016 23:47,23:47,12,0,0,51ST AVENUE EAST & UVALDA STREET NORTH,1,3,0,7,1,3,,0,25,0,0,0,0,0,4,2,8
,2016_12063,39.798297,-104.88447,1/21/2016 13:14,13:14,15,0,0,56TH AVENUE EAST & CENTRAL PARK BOULEVARD NORTH,1,1,0,7,1,4,,0,45,0,0,0,0,0,4,2,16
,2016_12064,39.798396,-104.786415,3/25/2016 9:30,9:30,12,0,0,56TH AVENUE EAST & PENA BOULEVARD,1,1,0,7,1,3,,0,45,0,0,0,0,0,4,2,4
,2016_12065,39.798234,-104.7721815,1/15/2016 16:31,16:31,12,0,0,56TH AVENUE EAST & TOWER ROAD NORTH,1,1,0,0,1,4,,0,40,0,0,0,0,0,4,2,14
,2016_12066,39.798279,-104.8941945,5/2/2016 17:29,17:29,12,0,0,56TH AVENUE EAST & UINTA STREET NORTH,1,1,0,7,1,4,,0,45,0,0,0,0,1,4,3,16
,2016_12067,39.837969,-104.6928825,2/11/2016 22:14,22:14,15,0,0,78TH AVENUE EAST & JACKSON GAP STREET NORTH,1,3,0,7,1,1,,0,35,0,0,0,0,0,4,2,7
,2016_12068,39.753711,-104.98635,10/18/2016 12:00,12:00,6,0,0,CURTIS STREET 2300 BLOCK & PARK AVENUE WEST,1,1,0,0,1,4,,0,30,0,0,0,0,0,4,2,13
,2016_12069,39.837969,-104.6928825,3/12/2016 17:30,17:30,12,0,0,78TH AVENUE EAST & JACKSON GAP STREET NORTH,1,1,0,7,1,1,,0,35,0,0,0,0,0,4,2,16
,2016_12070,39.711114,-104.9679378,5/24/2016 10:22,10:22,15,0,0,ALAMEDA AVENUE & 300 BLOCK EAST,1,1,0,0,1,4,,0,30,0,0,0,0,0,4,2,13
,2016_12071,39.711186,-104.9482305,5/22/2016 12:21,12:21,12,0,0,ALAMEDA AVENUE EAST & CHERRY CREEK SOUTH DRIVE EAST,1,1,0,7,1,1,,0,25,0,0,0,0,0,4,2,3
,2016_12072,39.711186,-104.9482305,12/20/2016 12:25,12:25,12,0,0,ALAMEDA AVENUE 3200 BLOCK EAST & CHERRY CREEK SOUTH DRIVE,4,1,0,7,1,3,,0,25,0,0,0,0,0,4,2,16
,2016_12073,39.71934,-104.987502,3/28/2016 13:15,13:15,12,0,0,BROADWAY NORTH & SECOND AVENUE EAST,1,1,0,0,1,1,,0,35,0,0,0,0,0,4,2,13
,2016_12074,39.708135,-104.879142,6/16/2016 17:25,17:25,12,0,0,ALAMEDA AVENUE 9500 BLOCK EAST & CLINTON STREET SOUTH,1,1,0,7,1,3,,0,40,0,0,0,0,1,4,2,1
,2016_12075,39.711141,-104.9863905,3/24/2016 9:59,9:59,3,0,0,ALAMEDA AVENUE EAST & LINCOLN STREET SOUTH,6,1,0,0,1,1,,0,30,0,0,0,0,1,4,2,13
,2016_12076,39.711348,-104.9035005,12/7/2016 19:10,19:10,1,0,1,ALAMEDA AVENUE EAST & QUEBEC STREET SOUTH,2,3,0,0,1,1,,0,35,0,0,0,0,2,4,2,1
,2016_12077,39.707064,-104.8854105,8/11/2016 11:27,11:27,12,0,0,ALAMEDA AVENUE EAST & XENIA STREET SOUTH,1,1,0,7,1,1,,0,35,0,0,0,0,0,4,2,16
,2016_12078,39.707064,-104.8854105,12/17/2016 22:43,22:43,1,0,0,ALAMEDA AVENUE EAST & XENIA STREET SOUTH,4,3,1,7,1,1,,0,40,0,0,0,0,0,4,2,16
,2016_12079,39.687489,-104.9394825,1/8/2016 11:40,11:40,3,0,0,ALBION STREET SOUTH & IOWA AVENUE EAST,4,1,1,2,1,1,,0,25,0,0,0,0,0,4,2,13
,2016_12080,39.741642,-104.9711423,6/19/2016 10:45,10:45,3,0,0,16TH AVENUE EAST ALLEY & 500 BLOCK,1,1,0,0,1,5,,0,25,0,0,0,1,1,4,2,7
,2016_12081,39.775455,-104.821551,1/5/2016 16:59,16:59,10,0,0,ANDREWS DRIVE EAST & DEARBORN STREET NORTH,1,2,0,0,1,1,,0,25,0,0,0,0,0,4,2,1
,2016_12082,39.74499759,-104.9993572,12/4/2016 12:00,12:00,12,0,0,ARAPAHOE STREET & 1300 BLOCK,1,1,0,0,1,3,,0,30,0,0,0,0,0,4,2,13
,2016_12083,39.742578,-104.940594,7/8/2016 17:26,17:26,8,0,0,BATAVIA PLACE 4000 BLOCK EAST & COLORADO BOULEVARD NORTH,1,1,0,7,1,4,,0,25,0,0,0,0,1,4,2,14
,2016_12084,39.714642,-104.942556,8/15/2016 11:08,11:08,3,0,0,BAYAUD AVENUE EAST & JACKSON STREET SOUTH,1,1,0,0,1,1,,0,25,0,0,0,0,0,4,2,13
,2016_12085,39.73203,-104.987403,5/8/2016 0:15,0:15,15,0,0,BROADWAY & 10TH AVENUE,1,4,0,0,1,4,,0,30,0,0,0,0,0,4,2,14
,2016_12086,39.77312829,-104.9892215,7/9/2016 22:00,22:00,12,0,0,BROADWAY & 1500 BLOCK SOUTH,1,3,0,0,1,1,,0,35,0,0,0,0,0,4,2,13
,2016_12087,39.69666,-104.8881555,2/5/2016 22:00,22:00,5,0,1,MISSISSIPPI AVENUE EAST & WILLOW STREET SOUTH,1,3,0,7,3,1,,0,35,0,0,0,0,2,4,1,5
,2016_12088,39.71934,-104.987502,5/7/2016 11:03,11:03,15,0,0,BROADWAY NORTH & SECOND AVENUE EAST,1,1,0,7,1,1,,0,30,0,0,0,0,0,4,2,16
,2016_12089,39.725631,-104.9874435,10/12/2016 5:59,5:59,3,0,0,BROADWAY STREET NORTH & SIXTH AVENUE EAST,2,3,1,1,1,1,,0,30,0,0,0,0,0,4,2,1
,2016_12091,39.714759,-104.9875425,3/24/2016 8:35,8:35,3,0,0,BROADWAY SOUTH & BAYAUD AVENUE WEST,2,1,0,0,1,1,,0,30,0,0,0,0,0,4,2,13
,2016_12092,39.752874,-104.9874255,6/4/2016 6:55,6:55,3,0,0,BROADWAY STREET NORTH & CURTIS STREET,1,1,0,0,1,1,,0,30,0,0,0,0,0,4,2,13
,2016_12093,39.678498,-104.987565,4/8/2016 15:59,15:59,10,0,0,BROADWAY & EVANS AVENUE EAST,1,1,0,0,1,2,,0,30,0,0,0,0,0,4,2,3
,2016_12094,39.678498,-104.987565,11/19/2016 16:46,16:46,15,0,0,BROADWAY & EVANS AVENUE EAST,1,2,0,0,1,3,,0,35,0,0,0,0,0,4,2,15
,2016_12096,39.678498,-104.987565,11/23/2016 15:55,15:55,12,0,0,BROADWAY SOUTH & EVANS AVENUE WEST,2,5,0,7,1,3,,0,60,0,0,0,0,0,4,3,16
,2016_12097,39.696624,-104.9874525,2/22/2016 10:58,10:58,15,0,0,BROADWAY & MISSISSIPPI AVENUE EAST,1,1,0,0,1,4,,0,35,0,0,0,0,0,4,2,13
,2016_12098,39.747339,-104.9874345,4/23/2016 16:41,16:41,15,0,0,BROADWAY & WELTON STREET,1,1,0,0,1,4,,0,35,0,0,0,0,0,4,2,8
,2016_12099,39.76452,-104.967162,4/5/2016 12:06,12:06,6,0,0,BRUCE RANDOLPH AVENUE EAST & GILPIN STREET NORTH,1,1,0,0,2,4,,0,25,0,0,0,0,0,4,2,3
,2016_12100,39.723903,-105.0186735,11/19/2016 19:28,19:28,3,0,0,BRYANT STREET NORTH & FIFTH AVENUE WEST,1,3,0,7,1,1,,0,30,0,0,0,0,0,4,2,7
,2016_12101,39.75075,-104.984946,4/6/2016 14:02,14:02,10,0,0,CALIFORNIA STREET & 22ND STREET,1,1,0,0,1,1,,0,30,0,0,0,0,0,4,2,13
,2016_12102,39.712932,-104.9827815,9/9/2016 12:01,12:01,3,0,0,CEDAR AVENUE EAST & LOGAN STREET SOUTH,1,1,1,0,1,1,,0,30,0,0,0,0,1,4,2,13
,2016_12103,39.774105,-104.882778,4/14/2016 21:30,21:30,14,0,0,CENTRAL PARK BOULEVARD 4000 BLOCK NORTH & 40TH AVENUE EAST,1,3,0,7,1,4,,0,35,0,0,0,0,0,4,2,14
,2016_12105,39.775032,-104.809923,2/24/2016 18:25,18:25,12,0,0,CHAMBERS ROAD 4300 BLOCK NORTH & ANDREWS DRIVE EAST,1,3,0,7,1,4,,0,40,0,0,0,0,0,4,2,16
,2016_12106,39.780324,-104.8098645,3/18/2016 9:04,9:04,5,0,0,CHAMBERS ROAD NORTH & BOLLING DRIVE EAST,4,1,0,2,3,4,,0,45,0,0,0,0,1,4,1,1
,2016_12107,39.74368863,-104.9975201,7/22/2016 22:30,22:30,12,0,0,CHAMPA STREET 1300 BLOCK & 14TH STREET,1,3,0,7,1,4,,0,35,0,0,0,0,0,4,2,16
,2016_12108,39.77666713,-104.9911518,6/2/2016 8:40,8:40,10,0,0,CHEROKEE STREET & 1300 BLOCK NORTH,1,1,0,0,1,3,,0,30,0,0,0,0,0,4,2,13
,2016_12109,39.69414,-104.9176935,6/17/2016 9:36,9:36,12,0,0,CHERRY CREEK NORTH DRIVE & KEARNEY STREET SOUTH,1,1,0,0,1,1,,0,30,0,0,0,0,0,4,2,13
,2016_12110,39.700206,-104.9272335,12/12/2016 10:30,10:30,5,0,0,CHERRY CREEK SOUTH DRIVE & KENTUCKY AVENUE,1,1,0,0,1,4,,0,30,0,0,0,0,0,4,2,14
,2016_12111,39.749481,-104.9781555,8/2/2016 14:27,14:27,5,0,0,CLEVELAND PLACE & WASHINGTON STREET NORTH,1,1,0,0,3,1,,0,30,0,0,0,0,0,4,1,8
,2016_12112,39.702159,-104.9569605,1/26/2016 7:41,7:41,1,0,0,COLUMBINE STREET SOUTH & BONNIE BRAE BOULEVARD SOUTH,1,1,0,0,1,1,,0,30,0,0,0,0,0,4,2,14
,2016_12113,39.762009,-104.957325,10/15/2016 14:00,14:00,10,0,0,COLUMBINE STREET NORTH & MLK BOULEVARD,1,1,0,0,1,1,,0,35,0,0,0,0,0,4,2,8
,2016_12114,39.740013,-104.974164,2/25/2016 7:50,7:50,3,0,0,CORONA STREET NORTH & COLFAX AVENUE EAST,1,1,0,7,1,2,,0,15,0,0,0,0,0,4,2,16
,2016_12115,39.707505,-105.0215355,12/3/2016 23:00,23:00,6,0,0,DALE COURT SOUTH & VIRGINIA AVENUE WEST,1,4,0,0,1,4,,0,25,0,0,0,0,0,4,2,14
,2016_12116,39.716622,-105.022755,11/8/2016 16:00,16:00,3,0,0,DECATUR STREET SOUTH & ELLSWORTH AVENUE WEST,1,1,1,0,1,1,,0,30,0,0,0,0,0,4,2,7
,2016_12117,39.740004,-104.9929515,2/16/2016 7:10,7:10,6,0,0,DELAWARE STREET & COLFAX AVENUE,1,1,0,0,1,2,,0,25,0,0,0,0,0,4,2,3
,2016_12118,39.729069,-104.972958,6/15/2016 0:27,0:27,6,0,1,DOWNING STREET 800 BLOCK NORTH & EIGHTH AVENUE EAST,1,3,0,0,1,4,,0,30,0,0,0,0,2,4,3,5
,2016_12119,39.735153,-104.973003,4/8/2016 13:00,13:00,15,0,0,DOWNING STREET & 12TH AVENUE,1,1,0,0,1,4,,0,30,0,0,0,0,0,4,2,13
,2016_12120,39.736845,-104.9730435,4/29/2016 13:32,13:32,3,0,0,DOWNING STREET NORTH & 13TH AVENUE EAST,2,1,0,2,1,1,,0,30,0,0,0,0,0,4,2,1
,2016_12121,39.762054,-104.973345,3/12/2016 11:43,11:43,12,0,0,DOWNING STREET NORTH & MLK BOULEVARD,1,1,0,7,1,1,,0,30,0,0,0,0,0,4,2,4
,2016_12122,39.743793,-104.9734035,3/6/2016 12:50,12:50,12,0,0,DOWNING STREET 1700 BLOCK NORTH & PARK AVENUE WEST,1,1,0,7,1,3,,0,30,0,0,0,0,0,4,2,16
,2016_12123,39.796902,-104.8356225,1/17/2016 18:10,18:10,6,0,0,UVALDA STREET NORTH & ROBINS DRIVE EAST,1,3,0,7,1,4,,0,35,0,0,0,0,0,4,2,16
,2016_12124,39.631356,-104.8923,1/4/2016 17:41,17:41,12,0,0,DTC BOULEVARD SOUTH & UNION AVENUE EAST,1,3,0,0,1,4,,0,35,0,0,0,0,0,4,2,3
,2016_12125,39.78241562,-104.8204908,6/26/2016 10:25,10:25,6,0,0,DURHAM COURT NORTH & 5256 NORTH,1,1,0,0,1,2,,0,25,0,0,0,0,0,4,2,13
,2016_12126,39.754836,-105.023601,12/15/2016 10:03,10:03,6,0,0,ELIOT STREET 2650 NORTH & 26TH AVENUE WEST,1,1,0,0,1,4,,0,25,0,0,0,0,0,4,2,13
,2016_12127,39.716235,-104.949963,9/27/2016 8:45,8:45,12,0,0,ELLSWORTH AVENUE EAST & STEELE SOUTH,1,1,0,0,1,1,,0,30,0,0,0,0,0,4,2,13
,2016_12128,39.743388,-104.930154,9/23/2016 15:25,15:25,3,0,0,ELM STREET NORTH & 17TH AVENUE EAST,1,1,0,0,1,1,,0,25,0,0,0,0,1,4,2,7
,2016_12129,39.741678,-104.9761845,6/11/2016 20:51,20:51,6,0,0,EMERSON STREET NORTH & 16TH AVENUE EAST,2,4,0,1,1,4,,0,25,0,0,0,0,0,4,2,13
,2016_12130,39.6927,-104.976954,3/19/2016 13:08,13:08,3,0,0,EMERSON STREET SOUTH & BUCHTEL BOULEVARD EAST,1,1,0,0,1,1,,0,25,0,0,0,0,0,4,3,8
,2016_12131,39.74001,-104.99202,2/29/2016 7:05,7:05,15,0,0,EVANS AVENUE & 2100 BLOCK WEST,1,1,1,0,1,1,,0,35,0,0,0,0,0,4,3,1
,2016_12133,39.74001,-104.99202,4/30/2016 12:45,12:45,15,0,0,EVANS AVENUE & 2900 BLOCK WEST,2,1,1,1,1,4,,0,35,0,0,0,0,0,4,2,1
,2016_12134,39.678498,-104.9875605,9/27/2016 16:28,16:28,1,0,0,EVANS AVENUE EAST & EVANS AVENUE 4101 EAST,1,1,0,0,1,2,,0,35,0,0,0,0,0,4,3,13
,2016_12135,39.678426,-104.9395905,10/27/2016 17:35,17:35,1,0,1,EVANS AVENUE EAST & ALBION STREET SOUTH,1,1,0,0,1,2,,0,35,0,0,0,0,2,4,2,13
,2016_12136,39.678426,-104.9899545,12/1/2016 16:27,16:27,12,0,0,EVANS AVENUE WEST & BANNOCK STREET SOUTH,1,2,1,7,1,1,,0,30,0,0,0,0,1,4,2,16
,2016_12137,39.678489,-104.9875605,11/17/2016 8:19,8:19,12,0,0,EVANS AVENUE 000 BLOCK WEST & BROADWAY STREET SOUTH,1,1,0,7,1,3,,0,25,0,0,0,0,0,4,2,14
,2016_12138,39.67866,-105.020352,8/20/2016 21:51,21:51,1,0,0,EVANS AVENUE WEST & CLAY STREET SOUTH,1,3,0,0,1,2,,0,30,0,0,0,0,0,4,2,13
,2016_12139,39.678444,-104.931612,5/5/2016 18:08,18:08,15,0,0,EVANS AVENUE 4800 BLOCK EAST & DAHLIA STREET SOUTH,1,1,0,0,1,1,,0,30,0,0,0,0,0,4,2,14
,2016_12140,39.678507,-104.973444,12/12/2016 18:16,18:16,15,0,0,EVANS AVENUE EAST & DOWNING STREET SOUTH,1,1,0,0,1,3,,0,30,0,0,0,0,0,4,2,13
,2016_12141,39.656808,-105.025203,2/24/2016 19:24,19:24,6,0,0,FLOYD AVENUE 3000 BLOCK WEST & FEDERAL BOULEVARD,1,4,0,0,1,4,,0,30,0,0,0,0,0,4,3,13
,2016_12142,39.678507,-104.973444,12/17/2016 10:25,10:25,14,0,0,EVANS AVENUE EAST & DOWNING STREET SOUTH,4,1,0,0,1,4,,0,30,0,0,0,0,0,4,3,7
,2016_12143,39.678489,-104.967585,5/31/2016 13:11,13:11,15,0,0,EVANS AVENUE 1700 BLOCK & GILPIN STREET SOUTH,1,1,1,7,1,4,,0,35,0,0,0,0,0,4,2,3
,2016_12145,39.678435,-104.9234265,4/23/2016 13:42,13:42,12,0,0,EVANS AVENUE 5500 BLOCK EAST & HUDSON STREET SOUTH,1,1,0,7,1,4,,0,30,0,0,0,0,0,4,4,16
,2016_12146,39.678435,-104.9187915,12/12/2016 7:26,7:26,12,0,0,EVANS AVENUE 5000 BLOCK EAST & JASMINE STREET SOUTH,1,1,0,7,1,3,,0,35,0,0,0,0,0,4,2,12
,2016_12147,39.711141,-104.9840235,4/15/2016 14:09,14:09,3,0,0,GRANT STREET SOUTH & ALAMEDA AVENUE EAST,1,1,0,7,1,1,,0,25,0,0,0,0,0,4,2,3
,2016_12148,39.678372,-104.9522535,2/5/2016 17:50,17:50,12,0,0,EVANS AVENUE & MILWAUKEE STREET SOUTH,2,3,0,0,1,4,,0,35,0,0,0,0,1,4,3,12
,2016_12149,39.678453,-104.945193,7/20/2016 9:56,9:56,12,0,0,EVANS AVENUE 3700 BLOCK EAST & MONROE STREET SOUTH,1,1,0,7,1,3,,0,35,0,0,0,0,1,4,2,3
,2016_12150,39.678435,-104.9407425,8/17/2016 14:30,14:30,1,0,0,EVANS AVENUE EAST & COLORADO BOULEVARD SOUTH,1,1,0,0,1,2,,0,35,0,0,0,0,0,4,2,13
,2016_12151,39.678624,-105.0250365,12/21/2016 9:09,9:09,3,0,0,EVANS AVENUE & FEDERAL BOULEVARD,1,1,0,0,1,2,,0,35,0,0,0,0,0,4,2,13
,2016_12152,39.679263,-105.0459435,8/4/2016 13:25,13:25,15,0,0,EVANS AVENUE WEST & VRAIN STREET SOUTH,1,1,0,0,1,1,,0,35,0,0,0,0,1,4,2,7
,2016_12153,39.703914,-105.0156855,12/11/2016 17:26,17:26,6,0,0,EXPOSITION AVENUE 2200 BLOCK WEST & ZUNI STREET SOUTH,1,3,0,0,1,4,,0,25,0,0,0,0,0,4,2,5
,2016_12154,39.7057275,-104.8904798,8/24/2016 16:35,16:35,6,0,0,FAIRMOUNT DRIVE 8500 BLOCK EAST & VALENTIA STREET SOUTH,1,1,0,0,1,4,,0,25,0,0,0,0,0,4,2,1
,2016_12155,39.689307,-104.9629005,8/16/2016 17:25,17:25,3,0,0,FLORIDA AVENUE 2100 BLOCK EAST & VINE STREET SOUTH,1,1,0,7,1,5,,0,15,0,0,0,0,0,4,2,16
,2016_12156,39.78441,-104.813532,2/7/2016 16:33,16:33,3,0,0,FONTANA COURT NORTH & GATEWAY AVENUE EAST,1,1,0,7,1,1,,0,25,0,0,0,0,0,4,2,7
,2016_12157,39.78234802,-104.9613455,3/20/2016 2:05,2:05,12,0,0,GAYLORD STREET & 1000 BLOCK SOUTH,1,3,0,0,1,2,,0,25,0,0,0,0,0,4,2,5
,2016_12158,39.78234802,-104.9613455,4/14/2016 9:50,9:50,6,0,0,GAYLORD STREET & 1800 BLOCK NORTH,1,1,0,0,1,4,,0,25,0,0,0,0,0,4,2,13
,2016_12159,39.741588,-104.9610105,11/17/2016 15:45,15:45,3,0,0,GAYLORD STREET NORTH & 16TH AVENUE EAST,1,1,0,0,1,1,,0,35,0,0,0,0,1,4,2,13
,2016_12160,39.74481,-104.9610015,1/26/2016 20:46,20:46,6,0,0,GAYLORD STREET NORTH & 18TH AVENUE EAST,1,3,0,0,1,4,,0,30,0,0,0,0,0,4,2,5
,2016_12161,39.703833,-104.9237325,3/14/2016 12:25,12:25,15,0,0,GRAPE STREET 700 BLOCK SOUTH & EXPOSITION AVENUE,1,1,0,0,1,4,,0,25,0,0,0,0,0,4,2,13
,2016_12162,39.783609,-104.7913916,3/14/2016 9:35,9:35,1,0,0,GREEN VALLEY RANCH BOULEVARD & PENA BOULEVARD NORTH,1,1,0,0,1,1,,0,40,0,0,0,0,0,4,2,7
,2016_12163,39.783609,-104.772222,11/2/2016 12:40,12:40,1,0,0,GREEN VALLEY RANCH BOULEVARD EAST & TOWER ROAD NORTH,1,1,0,0,1,2,,0,35,0,0,0,0,0,4,2,13
,2016_12164,39.83770817,-104.6675662,3/1/2016 13:00,13:00,3,0,0,HARRY B COMBS PARKWAY 7800 BLOCK NORTH & 80TH AVENUE EAST,1,1,0,0,1,2,,0,35,0,0,0,0,0,4,2,12
,2016_12165,39.67126885,-104.9781445,1/25/2016 16:00,16:00,6,0,0,HARVARD AVENUE & 900 BLOCK EAST,2,1,0,0,1,3,,0,30,0,0,0,0,0,4,3,1
,2016_12166,39.78727961,-104.8658138,7/1/2016 16:19,16:19,12,0,0,HAVANA STREET & 4600 BLOCK NORTH,1,1,0,0,1,4,,0,40,0,0,0,0,1,4,2,14
,2016_12167,39.794148,-104.84226,2/11/2016 12:31,12:31,6,0,0,HICKMAN PLACE & SCRANTON STREET NORTH,1,1,0,0,1,4,,0,25,0,0,0,0,0,4,2,3
,2016_12168,39.760344,-105.027984,1/8/2016 5:35,5:35,6,0,0,HOOKER STREET 3000 BLOCK NORTH & 31ST AVENUE WEST,4,3,0,2,1,4,,0,25,0,0,0,0,0,4,3,16
,2016_12169,39.711168,-105.029982,3/26/2016 15:22,15:22,3,0,1,IRVING STREET SOUTH & ALAMEDA AVENUE WEST,1,1,0,7,1,2,,0,,0,0,0,0,2,4,2,3
,2016_12170,39.709413,-105.0298155,6/13/2016 11:53,11:53,3,0,0,IRVING STREET SOUTH & DAKOTA AVENUE WEST,1,1,0,7,1,1,,0,30,0,0,0,0,0,4,2,7
,2016_12172,39.678174,-105.029802,3/13/2016 3:19,3:19,3,0,0,IRVING STREET SOUTH & EVANS AVENUE WEST,1,3,0,7,1,1,,0,30,0,0,0,0,0,4,2,16
,2016_12173,39.772881,-104.9429205,10/25/2016 17:13,17:13,15,0,0,JACKSON STREET NORTH & 40TH AVENUE EAST,1,1,0,0,1,1,,0,30,0,0,0,0,0,4,2,13
,2016_12174,39.749256,-104.918742,6/6/2016 14:18,14:18,6,0,0,JASMINE STREET NORTH & 22ND AVENUE EAST,1,1,0,0,1,4,,0,25,0,0,0,0,0,4,2,2
,2016_12175,39.77432445,-104.9994117,2/26/2016 8:04,8:04,15,0,0,JASON STREET & 1350 SOUTH,1,1,0,0,1,4,,0,25,0,0,0,0,0,4,2,3
,2016_12176,39.7305,-104.959215,3/24/2016 12:40,12:40,10,0,0,JOSEPHINE STREET NORTH & NINTH AVENUE EAST,1,1,0,0,1,1,,0,30,0,0,0,0,0,4,2,8