id,drcog_id,latitude,longitude,crashtime,time,crashtype,numbkilled,numbinjurd,drcoglocat,rdconditin,lightngcon,roadcntgrd,weatherco,location,roaddescrp,schoolzone,constrzone,splimit,bikeinv,pedinv,sctrinv,motoinv,svrty,rdsystem,ttlvehcls,hcf
,2016_12177,39.744774,-104.959818,1/30/2016 22:30,22:30,12,0,0,JOSEPHINE STREET NORTH & 18TH AVENUE EAST,2,3,0,2,1,3,,0,30,0,0,0,0,0,4,2,8
,2016_12178,39.760317,-105.0322635,4/16/2016 12:40,12:40,3,0,0,JULIAN STREET NORTH & 30TH AVENUE WEST,4,1,0,2,1,1,,0,25,0,0,0,0,0,4,2,16
,2016_12179,39.714777,-105.0001515,2/1/2016 11:58,11:58,14,0,0,KALAMATH STREET & BAYAUD AVENUE WEST,2,1,0,2,1,2,,0,30,0,0,0,0,0,4,2,1
,2016_12180,39.700224,-104.959323,3/11/2016 9:38,9:38,1,0,0,KENTUCKY AVENUE EAST & UNIVERSITY BOULEVARD SOUTH,1,1,0,0,1,1,,0,30,0,0,0,0,0,4,2,13
,2016_12181,39.719727,-105.0337035,8/1/2016 21:02,21:02,6,0,0,KING STREET NORTH & SECOND AVENUE WEST,1,3,0,0,1,4,,0,25,0,0,0,0,0,4,2,13
,2016_12182,39.75012,-104.9962005,6/22/2016 19:50,19:50,12,0,0,LARIMER STREET & 17TH STREET,1,1,0,0,1,1,,0,30,0,0,0,0,0,4,2,8
,2016_12183,39.766959,-104.9727555,3/8/2016 17:30,17:30,3,0,0,LAWRENCE STREET & 36TH AVENUE EAST,1,1,1,7,1,1,,0,30,0,0,0,0,0,4,2,1
,2016_12184,39.758814,-104.983272,4/15/2016 16:07,16:07,3,0,0,LAWRENCE STREET & 27TH STREET,1,1,0,7,1,1,,0,30,0,0,0,0,0,4,2,14
,2016_12185,39.747501,-104.9861115,3/4/2016 15:35,15:35,15,0,0,LINCOLN STREET NORTH & 20TH AVENUE EAST,1,1,1,0,1,1,,0,30,0,0,0,0,0,4,2,13
,2016_12186,39.711141,-104.9863905,6/24/2016 23:28,23:28,6,0,0,LINCOLN STREET 200 BLOCK SOUTH & ALAMEDA,1,3,0,0,1,4,,0,30,0,0,0,0,0,4,2,14
,2016_12187,39.712932,-104.9827815,8/3/2016 17:40,17:40,6,0,0,LOGAN STREET SOUTH & CEDAR AVENUE RE,1,1,0,0,1,2,,0,30,0,0,0,0,0,4,2,14
,2016_12188,39.705696,-104.982804,7/25/2016 16:40,16:40,12,0,0,LOGAN STREET 600 BLOCK SOUTH & CENTER AVENUE EAST,1,1,0,7,1,3,,0,30,0,0,0,0,1,4,3,3
,2016_12189,39.687552,-104.982813,6/26/2016 12:39,12:39,6,0,0,LOGAN STREET SOUTH & IOWA AVENUE EAST,1,1,0,0,1,4,,0,30,0,0,0,0,0,4,3,3
,2016_12190,39.696624,-104.9827815,10/20/2016 13:22,13:22,3,0,0,LOGAN STREET SOUTH & MISSISSIPPI AVENUE EAST,1,1,1,0,1,1,,0,30,0,0,0,0,0,4,2,13
,2016_12191,39.7512405,-105.0345338,5/18/2016 15:41,15:41,6,0,0,LOWELL BOULEVARD 2300 BLOCK NORTH & 23RD AVENUE EAST,1,1,1,7,1,4,,0,25,0,0,0,0,0,4,2,16
,2016_12192,39.661875,-105.035121,8/26/2016 15:32,15:32,5,0,0,LOWELL BOULEVARD SOUTH & DARTMOUTH AVENUE WEST,1,1,1,0,1,4,,0,30,0,0,0,0,0,4,2,7
,2016_12193,39.66768,-105.0349725,7/4/2016 14:15,14:15,12,0,0,LOWELL BOULEVARD SOUTH & YALE AVENUE WEST,1,1,0,0,1,1,,0,30,0,0,0,0,0,4,2,7
,2016_12194,39.718188,-104.8937805,5/10/2016 17:20,17:20,15,0,0,LOWRY BOULEVARD & SYRACUSE STREET NORTH,2,1,0,0,1,4,,0,30,0,0,0,0,0,4,2,3
,2016_12195,39.7199385,-104.8909343,1/8/2016 9:09,9:09,15,0,0,LOWRY BOULEVARD & UINTA WAY NORTH,5,1,0,2,1,6,,0,35,0,0,0,0,0,4,2,13
,2016_12196,39.78252882,-104.9717383,7/7/2016 17:40,17:40,6,0,0,MARION STREET & 1500 BLOCK NORTH,1,1,0,0,1,3,,0,30,0,0,0,0,0,4,2,13
,2016_12197,39.74987041,-104.9982175,11/13/2016 2:20,2:20,6,0,0,MARKET STREET 1600 BLOCK & 16TH STREET,1,3,0,0,1,4,,0,30,0,0,0,0,0,4,3,5
,2016_12198,39.74792491,-104.9498561,7/27/2016 12:30,12:30,6,0,0,STEEL STREET & 2300 STEEL STREET,1,1,0,0,1,7,,0,10,0,0,0,0,0,4,2,14
,2016_12199,39.760551,-104.9001615,2/1/2016 19:25,19:25,1,0,0,MLK BOULEVARD & ROSLYN STREET NORTH,4,3,0,2,1,1,,0,35,0,0,0,0,1,4,2,7
,2016_12200,39.772917,-104.9519205,6/3/2016 18:12,18:12,6,0,0,MILWAUKEE STREET NORTH & 40TH AVENUE EAST,1,1,0,0,1,4,,0,25,0,0,0,0,0,4,2,3
,2016_12201,39.7475865,-104.9778788,7/24/2016 18:14,18:14,5,0,0,MISSISSIPPI AVENUE EAST & ALLEY  WASHINGTON STREET SOUTH / CLARKSON STREET SOUTH,1,1,0,0,2,5,,0,10,0,0,0,0,1,4,1,3
,2016_12202,39.696696,-105.001533,10/19/2016 8:14,8:14,12,0,0,MISSISSIPPI AVENUE WEST & LIPAN STREET SOUTH,1,1,0,7,1,3,,0,30,0,0,0,0,0,4,2,16
,2016_12203,39.761964,-104.903451,4/30/2016 13:44,13:44,15,0,0,MLK BOULEVARD & QUEBEC STREET NORTH,2,1,0,1,1,1,,0,35,0,0,0,0,0,4,2,13
,2016_12204,39.762054,-104.973345,11/16/2016 6:40,6:40,10,0,0,MLK BOULEVARD & DOWNING STREET NORTH,1,1,0,0,1,5,,0,30,0,0,0,0,0,4,2,13
,2016_12205,39.761838,-104.929371,7/7/2016 14:14,14:14,5,0,1,MLK BOULEVARD 4900 BLOCK EAST & ELM STREET NORTH,1,1,0,7,3,4,,0,35,0,0,0,0,2,4,1,14
,2016_12206,39.760038,-104.865813,7/31/2016 12:38,12:38,3,0,2,MLK BOULEVARD & HAVANA STREET NORTH,1,1,0,7,1,1,,0,35,0,0,0,0,2,4,2,1
,2016_12207,39.76919226,-104.9127302,7/11/2016 18:02,18:02,10,0,0,MONACO PARKWAY & 800 BLOCK NORTH,1,1,0,0,1,1,,0,35,0,0,0,0,1,4,2,13
,2016_12208,39.71835,-104.912784,11/28/2016 17:09,17:09,1,0,0,MONACO STREET NORTH & FIRST AVENUE EAST,1,3,0,7,1,1,,0,30,0,0,0,0,0,4,2,16
,2016_12209,39.695283,-104.912973,6/24/2016 14:57,14:57,12,0,0,MONACO STREET SOUTH & ARIZONA AVENUE EAST,1,1,0,7,1,1,,0,35,0,0,0,0,0,4,3,3
,2016_12210,39.713094,-104.9129415,12/1/2016 19:53,19:53,15,0,0,MONACO STREET & CEDAR AVENUE EAST,1,3,0,7,1,1,,0,45,0,0,0,0,0,4,2,16
,2016_12211,39.703887,-104.912964,4/22/2016 8:40,8:40,12,0,0,MONACO 600 BLOCK SOUTH & EXPOSITION AVENUE EAST,1,1,1,7,1,3,,0,30,0,0,0,0,0,4,2,16
,2016_12212,39.654045,-104.9130135,3/2/2016 19:34,19:34,3,0,0,MONACO STREET SOUTH & GIRARD AVENUE EAST,1,3,0,7,1,1,,0,25,0,0,0,0,1,4,2,3
,2016_12213,39.667626,-104.912964,3/24/2016 8:03,8:03,3,0,0,MONACO STREET SOUTH & YALE AVENUE EAST,5,1,0,2,1,1,,0,35,0,0,0,0,0,4,3,16
,2016_12214,39.747456,-104.888214,7/28/2016 17:10,17:10,12,0,0,MONTVIEW BOULEVARD EAST & WILLOW STREET NORTH,1,1,0,7,1,1,,0,30,0,0,0,0,0,4,2,1
,2016_12215,39.702204,-105.045579,2/3/2016 17:15,17:15,12,0,0,MORRISON ROAD & OHIO AVENUE WEST,1,1,0,0,1,3,,0,30,0,0,0,0,0,4,2,13
,2016_12216,39.78215551,-105.036944,4/25/2016 22:30,22:30,12,0,0,NEWTON STREET & 0 BLOCK SOUTH,1,4,1,0,1,4,,0,25,0,0,0,0,0,4,4,9
,2016_12217,39.847824,-104.6739915,2/16/2016 15:25,15:25,10,0,0,PENA BOULEVARD 8300 BLOCK & MM 11,1,1,0,0,1,4,,0,45,0,0,0,0,0,4,2,12
,2016_12218,39.627594,-104.909004,5/20/2016 12:45,12:45,3,0,0,NIAGARA STREET SOUTH & UNION AVENUE EAST,1,1,0,0,1,2,,0,30,0,0,0,0,0,4,2,14
,2016_12219,39.78829888,-104.8524133,1/8/2016 12:15,12:15,5,0,0,NOME STREET 5000 BLOCK NORTH & 51ST AVENUE EAST,4,1,0,0,2,4,,0,25,0,0,0,0,0,4,1,7
,2016_12220,39.728052,-104.9081445,6/29/2016 19:55,19:55,3,0,0,ONEIDA STREET NORTH & SEVERN PLACE EAST,1,1,0,7,1,1,,0,25,0,0,0,0,0,4,2,2
,2016_12221,39.78740365,-105.0051105,1/13/2016 14:06,14:06,15,0,0,OSAGE STREET & 3700 BLOCK NORTH,1,1,1,0,1,4,,0,25,0,0,0,0,0,4,2,4
,2016_12222,39.7618065,-105.0054908,1/17/2016 2:41,2:41,3,0,0,OSAGE STREET NORTH & 20TH STREET,1,3,1,0,1,1,,0,25,0,0,0,0,0,4,2,13
,2016_12223,39.741651,-104.970591,9/11/2016 18:42,18:42,3,0,0,PARK AVENUE WEST & 16TH AVENUE EAST,1,1,0,0,1,1,,0,25,0,0,0,0,0,4,2,14
,2016_12224,39.765726,-104.9948415,10/24/2016 0:15,0:15,1,0,0,PARK AVENUE WEST & BROADWAY STREET NORTH,1,3,0,0,1,1,,0,35,0,0,0,0,0,4,2,13
,2016_12225,39.743793,-104.9734035,7/8/2016 18:30,18:30,15,0,0,PARK AVENUE WEST & DOWNING STREET NORTH,1,1,0,0,1,1,,0,25,0,0,0,0,0,4,2,13
,2016_12226,39.765726,-104.9948415,6/24/2016 23:50,23:50,12,0,0,PARK AVENUE WEST & GLOBEVILLE ROAD,1,3,0,7,1,3,,0,25,0,0,0,0,0,4,2,1
,2016_12227,39.740976,-104.9697315,3/5/2016 0:08,0:08,3,0,0,PARK AVENUE WEST & HUMBOLDT STREET NORTH,1,3,0,7,1,1,,0,30,0,0,0,0,1,4,2,16
,2016_12228,39.7859126,-104.9800304,2/7/2016 21:45,21:45,6,0,0,PEARL STREET & 1700 BLOCK NORTH,1,3,1,7,1,1,,0,30,0,0,0,0,0,4,4,5
,2016_12229,39.730428,-104.979933,10/18/2016 18:10,18:10,6,0,0,PEARL STREET 900 BLOCK NORTH & NINTH AVENUE EAST,1,2,0,0,1,4,,0,25,0,0,0,0,0,4,2,13
,2016_12230,39.696723,-105.0061725,11/11/2016 15:53,15:53,3,0,0,PECOS STREET SOUTH & MISSISSIPI AVENUE WEST,1,1,0,0,1,2,,0,25,0,0,0,0,0,4,2,8
,2016_12231,39.844602,-104.6809395,4/4/2016 8:05,8:05,6,0,0,PENA BOULEVARD & 8400 BLOCK,1,1,0,0,1,4,,0,15,0,0,0,0,0,4,3,13
,2016_12232,39.834405,-104.715504,9/12/2016 20:30,20:30,5,0,0,PENA BOULEVARD INBOUND & GUN CLUB ROAD NORTH,1,3,0,0,3,4,,0,,0,0,0,0,0,4,1,14
,2016_12233,39.783609,-104.7913916,5/17/2016 7:47,7:47,12,0,0,PENA BOULEVARD NORTH & GREEN VALLEY RANCH BOULEVARD EAST,2,1,1,1,1,3,,0,40,0,0,0,0,0,4,2,16
,2016_12234,39.83338151,-104.771988,2/25/2016 16:40,16:40,15,0,0,PENA BOULEVARD & TOWER ROAD NORTH,1,1,0,7,1,3,,0,45,0,0,0,0,0,4,2,8
,2016_12235,39.771063,-104.8470435,3/4/2016 23:54,23:54,12,0,1,PEORIA STREET NORTH & 39TH AVENUE EAST,1,3,0,7,1,1,,0,35,0,0,0,1,2,4,2,3
,2016_12237,39.776427,-104.8469535,4/20/2016 15:58,15:58,1,0,0,PEORIA STREET NORTH & 44TH AVENUE EAST,1,1,0,7,1,1,,0,40,0,0,0,0,1,4,2,16
,2016_12238,39.782385,-104.847093,2/25/2016 17:00,17:00,15,0,0,PEORIA STREET NORTH & 47TH AVENUE EAST,1,1,0,0,1,1,,0,40,0,0,0,0,0,4,2,13
,2016_12239,39.732885,-104.9034735,4/29/2016 15:42,15:42,3,0,0,QUEBEC STREET NORTH & 11TH AVENUE EAST,2,1,0,2,1,1,,0,30,0,0,0,0,0,4,2,14
,2016_12240,39.741957,-104.903451,6/6/2016 16:58,16:58,3,0,0,QUEBEC STREET NORTH & 16TH AVENUE EAST,2,1,0,1,1,1,,0,25,0,0,0,0,1,4,3,14
,2016_12241,39.754728,-104.9034015,3/14/2016 1:32,1:32,15,0,0,QUEBEC STREET NORTH & 26TH AVENUE EAST,1,3,1,7,1,4,,0,35,0,0,0,0,0,4,2,16
,2016_12242,39.717576,-104.91354,1/8/2016 8:50,8:50,8,0,0,SOUTHMOOR DRIVE NORTH & LOCUST STREET NORTH,5,1,1,2,1,1,,0,25,0,0,0,0,0,4,2,13
,2016_12243,39.748878,-104.987448,7/20/2016 8:40,8:40,15,0,0,20TH STREET & BROADWAY STREET NORTH,1,1,0,7,1,1,,0,25,0,0,0,0,0,4,2,16
,2016_12244,39.75695606,-104.9032541,11/1/2016 19:35,19:35,15,0,0,QUEBEC STREET 2800 BLOCK NORTH & 29TH AVENUE EAST,1,3,0,7,1,4,,0,35,0,0,0,0,0,4,2,16
,2016_12245,39.698523,-104.903541,3/1/2016 14:45,14:45,1,0,0,QUEBEC STREET 1050 BLOCK SOUTH & LEETSDALE DRIVE,1,1,0,7,1,1,,0,35,0,0,0,0,1,4,2,16
,2016_12246,39.761964,-104.903451,4/4/2016 19:36,19:36,3,0,0,QUEBEC STREET NORTH & MLK BOULEVARD,1,3,0,0,1,1,,0,35,0,0,0,0,0,4,2,13
,2016_12247,39.771774,-104.903442,4/28/2016 15:52,15:52,15,0,0,QUEBEC STREET NORTH & SMITH ROAD,1,1,0,0,1,4,,0,35,0,0,0,0,0,4,2,13
,2016_12248,39.736827,-104.963454,3/29/2016 14:30,14:30,6,0,0,RACE STREET & 13TH AVENUE EAST,1,1,1,0,1,4,,0,25,0,0,0,0,0,4,2,1
,2016_12249,39.741318,-104.9919615,1/2/2016 23:09,23:09,3,0,0,TREMONT PLACE & 14TH STREET,1,3,1,0,1,1,,0,30,0,0,0,0,0,4,2,8
,2016_12250,39.783735,-104.9634855,7/12/2016 13:52,13:52,6,0,0,RACE STREET & 48TH AVENUE EAST,1,1,0,0,1,4,,0,25,0,0,0,0,0,4,2,13
,2016_12251,39.714804,-105.008625,2/16/2016 17:13,17:13,3,0,0,RARITAN STREET SOUTH & BAYAUD AVENUE WEST,1,1,0,1,1,1,,0,30,0,0,0,0,0,4,2,7
,2016_12252,39.744882,-104.99427,12/8/2016 10:17,10:17,3,0,0,15TH STREET & STOUT STREET,9,1,0,7,1,1,,0,30,0,0,0,0,0,4,2,16
,2016_12253,39.751614,-105.002991,10/27/2016 14:17,14:17,1,0,0,15TH STREET & WEWATTA STREET,1,1,0,0,1,1,,0,25,0,0,0,0,1,4,2,13
,2016_12254,39.744072,-104.988285,5/3/2016 21:45,21:45,15,0,0,17TH STREET 300 BLOCK & TREMONT PLACE,1,3,0,0,1,4,,0,30,0,0,0,0,0,4,2,13
,2016_12255,39.744072,-104.988285,6/26/2016 2:35,2:35,3,0,0,17TH STREET & TREMONT PLACE,1,3,0,7,1,1,,0,,0,0,0,0,0,4,2,1
,2016_12256,39.745044,-104.987394,9/21/2016 20:40,20:40,10,0,0,18TH STREET & BROADWAY STREET NORTH,1,1,0,0,1,1,,0,30,0,0,0,0,0,4,2,13
,2016_12257,39.753333,-104.995521,6/9/2016 20:00,20:00,15,0,0,19TH STREET & BLAKE STREET,1,2,0,0,1,1,,0,30,0,0,0,0,0,4,2,13
,2016_12258,39.757653,-104.998635,4/20/2016 17:12,17:12,12,0,0,20TH STREET & CHESTNUT STREET,1,1,1,7,1,3,,0,35,0,0,0,0,1,4,3,16
,2016_12259,39.752262,-104.991804,11/8/2016 15:52,15:52,15,0,0,20TH STREET & LAWRENCE STREET,1,1,0,0,1,4,,0,30,0,0,0,0,0,4,2,7
,2016_12260,39.759579,-105.0017805,7/30/2016 22:26,22:26,12,0,0,20TH STREET 2200 BLOCK & LITTLE RAVEN STREET,1,3,1,7,1,4,,0,30,0,0,0,0,0,4,2,3
,2016_12261,39.753612,-104.993451,3/18/2016 18:43,18:43,10,0,0,20TH STREET & MARKET STREET,1,1,0,0,1,1,,0,30,0,0,0,0,0,4,2,14
,2016_12262,39.752667,-104.98743,7/28/2016 19:45,19:45,3,0,0,22ND STREET & BROADWAY NORTH,1,2,0,0,1,1,,0,25,0,0,0,0,0,4,2,13
,2016_12263,39.75417,-104.9893335,6/19/2016 3:05,3:05,12,0,0,22ND STREET & LAWRENCE STREET,1,3,0,0,1,3,,0,30,0,0,0,0,1,4,2,2
,2016_12264,39.75417,-104.9893335,6/24/2016 14:04,14:04,3,0,0,22ND STREET & LAWRENCE STREET,1,1,0,0,1,1,,0,30,0,0,0,0,0,4,2,1
,2016_12265,39.754773,-104.9780115,6/20/2016 19:30,19:30,12,0,0,27TH STREET & WELTON STREET,1,1,0,0,1,1,,0,30,0,0,0,0,0,4,3,7
,2016_12267,39.774942,-104.9780205,3/9/2016 19:54,19:54,12,0,0,38TH STREET & ARKINS COURT,1,3,0,7,1,4,,0,30,0,0,0,0,0,4,3,12
,2016_12268,39.774942,-104.9780205,12/10/2016 2:35,2:35,12,0,0,38TH STREET & ARKINS COURT,1,3,0,7,1,1,,0,30,0,0,0,0,0,4,2,5
,2016_12269,39.772008,-104.969691,10/7/2016 5:00,5:00,5,0,0,40TH STREET & WALNUT STREET,1,3,0,0,2,4,,0,30,0,0,0,0,0,4,3,2
,2016_12270,39.73138636,-104.9986792,2/13/2016 13:50,13:50,6,0,0,SANTA FE DRIVE & 900 BLOCK NORTH,1,1,0,0,1,4,,0,30,0,0,0,0,0,4,3,13
,2016_12271,39.711186,-104.997132,8/23/2016 11:10,11:10,3,0,0,SANTA FE DRIVE SOUTH & ALAMEDA AVENUE WEST,1,1,0,0,1,1,,0,30,0,0,0,0,0,4,2,8
,2016_12272,39.712266,-104.997654,1/23/2016 13:21,13:21,10,0,0,SANTA FE DRIVE SOUTH & BYERS PLACE WEST,1,1,0,0,1,1,,0,35,0,0,0,0,0,4,2,13
,2016_12273,39.728934,-104.9906115,1/21/2016 15:39,15:39,3,0,0,SPEER BOULEVARD NORTH & EIGHTH AVENUE WEST,2,1,0,7,1,1,,0,30,0,0,0,0,0,4,2,16
,2016_12274,39.75003,-105.0049305,10/10/2016 9:40,9:40,15,0,0,SPEER BOULEVARD NORTH & CHOPPER CIRCLE,1,1,0,0,1,3,,1,35,0,0,0,0,0,4,2,13
,2016_12275,39.758049,-105.02055,12/21/2016 18:55,18:55,3,0,0,SPEER BOULEVARD NORTH & CLAY STREET NORTH,1,3,1,0,1,1,,0,35,0,0,0,0,0,4,2,8
,2016_12276,39.719142,-104.9752305,12/8/2016 12:50,12:50,12,0,0,SPEER BOULEVARD 900 BLOCK EAST & OGDEN STREET NORTH,1,1,0,7,1,4,,0,35,0,0,0,0,0,4,2,16
,2016_12277,39.741426,-104.9988915,2/22/2016 7:59,7:59,15,0,0,SPEER BOULEVARD & STOUT STREET,1,1,0,7,1,1,,0,30,0,0,0,0,0,4,2,16
,2016_12278,39.741426,-104.9988915,5/17/2016 10:35,10:35,12,0,0,SPEER BOULEVARD & STOUT STREET,2,1,0,1,1,1,,0,25,0,0,0,0,0,4,3,16
,2016_12279,39.779757,-104.9317335,3/9/2016 16:23,16:23,12,0,0,EAST STAPLETON NORTH DRIVE & NORTH DAHLIA STREET,1,1,0,0,1,4,,0,40,0,0,0,0,0,4,2,14
,2016_12280,39.716235,-104.949963,4/6/2016 14:47,14:47,1,0,1,STEELE STREET SOUTH & ELLSWORTH AVENUE EAST,1,1,0,7,1,1,,0,30,0,0,0,0,2,4,2,3
,2016_12281,39.69657,-104.9500035,3/2/2016 18:34,18:34,1,0,0,STEELE STREET SOUTH & MISSISSIPPI AVENUE EAST,1,3,0,7,1,1,,0,25,0,0,0,0,0,4,2,16
,2016_12282,39.74384859,-104.9955888,4/14/2016 11:55,11:55,12,0,0,STOUT STREET & 1400 BLOCK,1,1,0,0,1,4,,0,30,0,0,0,0,0,4,2,13
,2016_12283,39.751011,-104.8987305,4/16/2016 12:42,12:42,3,0,0,SYRACUBE STREET NORTH & 23RD AVENUE EAST,6,1,0,2,1,1,,0,30,0,0,0,0,1,4,2,16
,2016_12284,39.654279,-104.8988205,4/30/2016 10:22,10:22,3,0,0,TAMARAC DRIVE SOUTH & GIRARD AVENUE EAST,2,1,0,2,1,1,,0,30,0,0,0,0,1,4,2,13
,2016_12285,39.680514,-105.01101,10/20/2016 15:18,15:18,12,0,0,TEJON STREET SOUTH & ASBURY AVENUE WEST,1,1,0,7,1,1,,0,35,0,0,0,0,1,4,2,7
,2016_12286,39.698388,-104.959332,9/24/2016 21:20,21:20,3,0,0,TENNESSEE AVENUE EAST & UNIVERSITY BOULEVARD SOUTH,1,3,0,0,1,1,,0,35,0,0,0,0,0,4,2,13
,2016_12287,39.631356,-104.8923,4/26/2016 7:05,7:05,1,0,0,UNION AVENUE EAST & DTC BOULEVARD SOUTH,1,1,0,0,1,1,,0,35,0,0,0,0,0,4,2,13
,2016_12288,39.680226,-104.959404,10/27/2016 14:10,14:10,12,0,0,UNIVERSITY BOULEVARD 2000 BLOCK SOUTH & ASBURY AVENUE EAST,1,1,0,7,1,4,,0,30,0,0,0,0,0,4,4,12
,2016_12289,39.660363,-104.959431,10/18/2016 18:59,18:59,12,0,0,UNIVERSITY BOULEVARD 3100 BLOCK SOUTH & DARTMOUTH AVENUE EAST,1,3,0,7,1,4,,0,30,0,0,0,0,1,4,3,16
,2016_12290,39.678363,-104.959404,8/9/2016 10:54,10:54,12,0,0,UNIVERSITY BOULEVARD 2000 BLOCK SOUTH & EVANS AVENUE EAST,1,1,0,7,1,3,,0,30,0,0,0,0,0,4,2,3
,2016_12291,39.678363,-104.959404,9/17/2016 14:47,14:47,12,0,0,UNIVERSITY BOULEVARD 2100 BLOCK SOUTH & EVANS AVENUE EAST,1,1,0,0,1,3,,0,30,0,0,0,0,0,4,2,13
,2016_12292,39.788973,-104.9782815,11/17/2016 7:19,7:19,15,0,0,WASHINGTON STREET NORTH & 51ST AVENUE EAST,1,1,0,0,1,1,,0,35,0,0,0,0,0,4,2,14
,2016_12293,39.692997,-104.9792715,7/22/2016 9:19,9:19,3,0,0,WASHINGTON STREET SOUTH & LOUISIANA AVENUE EAST,1,1,0,7,1,1,,0,25,0,0,0,0,0,4,2,1
,2016_12294,39.742686,-104.993721,6/18/2016 14:20,14:20,12,0,0,WELTON STREET & 14TH STREET,1,1,0,0,1,1,,0,25,0,0,0,0,0,4,2,13
,2016_12295,39.733056,-105.0474915,4/3/2016 17:16,17:16,6,0,0,WINONA COURT NORTH & 10TH AVENUE WEST,1,1,0,0,1,4,,0,25,0,0,0,0,0,4,2,13
,2016_12296,39.76610063,-105.0487703,7/11/2016 17:46,17:46,6,0,0,WOLFF STREET & 4300 BLOCK NORTH,1,1,1,7,1,4,,0,25,0,0,0,0,0,4,2,16
,2016_12297,39.738483,-105.0498225,9/17/2016 23:01,23:01,6,0,1,14TH AVENUE WEST & XAVIER STREET NORTH,1,3,1,0,1,4,,0,30,0,0,0,0,2,4,2,5
,2016_12298,39.66759,-104.9175315,6/23/2016 14:35,14:35,12,0,0,YALE AVENUE EAST & KEARNEY STREET SOUTH,1,1,0,7,1,1,,0,30,0,0,0,0,0,4,2,16
,2016_12299,39.667626,-104.912964,11/29/2016 10:41,10:41,12,0,0,YALE AVENUE 6500 BLOCK EAST & MONACO STREET SOUTH,1,1,1,0,1,4,,0,35,0,0,0,0,0,4,2,3
,2016_12300,39.746916,-104.9598135,5/25/2016 9:00,9:00,12,0,0,YORK STREET NORTH & 20TH AVENUE EAST,1,1,0,0,1,3,,0,30,0,0,0,0,0,4,3,13
,2016_12301,39.657042,-104.8848255,9/24/2016 13:25,13:25,12,0,0,YOSEMITE STREET SOUTH & EASTMAN PLACE EAST,1,1,0,0,1,3,,0,30,0,0,0,0,1,4,2,13
,2016_12631,39.716217,-104.939532,10/3/2016 10:20,10:20,6,0,0,ALBION STREET NORTH & ELLSWORTH AVENUE,1,1,1,0,1,4,,0,,0,0,0,0,0,4,3,13
,2016_12634,39.748932,-105.001254,11/27/2016 2:05,2:05,14,0,0,14TH STREET & BLAKE STREET,1,3,0,0,1,1,,0,,0,0,0,0,0,4,2,13
,2016_12662,39.718386,-105.000192,8/25/2016 3:58,3:58,6,0,0,KALAMATH STREET NORTH & FIRST AVENUE WEST,1,4,0,0,1,4,,0,35,0,0,0,0,0,4,2,7
,2016_12720,39.742686,-104.993721,8/19/2016 14:00,14:00,12,0,0,WELTON STREET & 14TH STREET,1,1,0,0,1,1,,0,,0,0,0,0,1,4,2,13
,2016_12749,39.70386,-104.903496,6/12/2016 4:05,4:05,5,0,0,QUEBEC STREET SOUTH & EXPOSITION AVENUE EAST,1,3,0,0,2,4,,0,35,0,0,0,0,0,4,1,14
,2016_12836,39.759858,-104.9971526,6/16/2016 7:55,7:55,6,0,0,HURON STREET & 2900 BLOCK NORTH,1,1,0,0,1,4,,0,30,0,0,0,0,0,4,2,7
,2016_12922,39.682242,-105.0274935,9/30/2016 8:00,8:00,3,0,0,JEWELL AVENUE & HAZEL COURT SOUTH,1,1,0,0,1,2,,0,,0,0,0,0,0,4,2,13
,2016_13022,39.753018,-105.049872,4/8/2016 19:15,19:15,6,0,0,BYRON PLACE WEST & XAVIER STREET NORTH,1,1,0,0,1,4,,0,30,0,0,0,0,0,4,2,13
,2016_13033,39.695652,-104.903595,1/6/2016 16:37,16:37,12,0,0,QUEBEC STREET SOUTH & MISSISSIPPI AVENUE EAST,1,2,1,0,1,4,,0,35,0,0,0,0,0,4,3,13
,2016_13034,39.752406,-105.020532,1/9/2016 1:14,1:14,6,0,0,24TH AVENUE WEST & CLAY STREET NORTH,5,4,1,0,1,4,,0,20,0,0,0,0,0,4,4,13
,2016_13035,39.73284,-104.889402,4/23/2016 23:55,23:55,5,0,0,11TH AVENUE 8400 BLOCK EAST & WABASH STREET NORTH,1,4,0,7,3,4,,0,35,0,0,0,0,0,4,1,5
,2016_13036,39.76352666,-104.8724068,1/11/2016 7:00,7:00,12,0,0,32ND AVENUE EAST & 3500 BLOCK EAST,1,1,1,0,1,2,,0,35,0,0,0,0,0,4,2,7
,2016_13037,39.78234802,-104.9613455,5/31/2016 13:05,13:05,12,0,0,EVANS AVENUE & GAYLORD STREET,1,1,0,0,1,4,,0,30,0,0,0,0,0,4,2,13
,2016_13038,39.746169,-104.9775435,6/30/2016 12:50,12:50,3,0,0,CLARKSON STREET NORTH & 19TH AVENUE EAST,1,5,0,0,1,1,,0,30,0,0,0,0,0,4,2,13
,2016_13039,39.730473,-104.9161545,7/19/2016 8:01,8:01,3,0,0,KRAMERIA STREET NORTH & NINTH AVENUE EAST,1,1,0,0,1,1,,0,25,0,0,0,0,0,4,2,13