id,drcog_id,latitude,longitude,crashtime,time,crashtype,numbkilled,numbinjurd,drcoglocat,rdconditin,lightngcon,roadcntgrd,weatherco,location,roaddescrp,schoolzone,constrzone,splimit,bikeinv,pedinv,sctrinv,motoinv,svrty,rdsystem,ttlvehcls,hcf
,2016_13040,39.720456,-104.9791185,8/7/2016 14:00,14:00,12,0,0,WASHINGTON STREET NORTH & SPEER BOULEVARD EAST,1,1,0,0,1,1,,0,30,0,0,0,0,0,4,2,14
,2016_13041,39.774015,-104.9128335,8/22/2016 12:43,12:43,12,0,0,MONACO STREET NORTH & 42ND AVENUE EAST,1,1,0,0,1,4,,0,30,0,0,0,0,0,4,3,3
,2016_13042,39.682242,-105.0274935,8/24/2016 7:31,7:31,15,0,0,HAZEL COURT SOUTH & JEWELL AVENUE WEST,1,1,0,0,1,4,,0,25,0,0,0,0,0,4,2,7
,2016_13043,39.766446,-104.973381,8/25/2016 15:15,15:15,12,0,0,DOWNING STREET NORTH & LAWRENCE STREET,1,1,0,0,1,2,,0,30,0,0,0,0,0,4,2,3
,2016_13044,39.725658,-104.9908725,8/26/2016 16:40,16:40,3,0,0,SIXTH AVENUE WEST & BANNOCK STREET NORTH,1,1,0,0,1,1,,0,40,0,0,0,0,0,4,2,13
,2016_13045,39.70674,-105.027543,8/26/2016 18:20,18:20,3,0,0,CUSTER PLACE WEST & HAZEL COURT SOUTH,1,5,0,0,1,2,,0,20,0,0,0,0,0,4,2,1
,2016_13046,39.71115,-104.987592,8/29/2016 9:51,9:51,3,0,0,ALAMEDA AVENUE EAST & BROADWAY SOUTH,1,1,0,0,1,1,,0,30,0,0,0,0,0,4,2,13
,2016_13047,39.674898,-104.98284,8/31/2016 14:13,14:13,12,0,0,LOGAN STREET & ILIFF AVENUE EAST,1,1,0,0,1,3,,0,25,0,0,0,0,0,4,2,13
,2016_13048,39.765726,-104.9948415,9/4/2016 12:25,12:25,12,0,0,PARK AVENUE WEST & GLOBEVILLE ROAD,1,1,0,0,1,1,,0,5,0,0,0,0,1,4,2,1
,2016_13049,39.711897,-104.998761,5/3/2016 17:21,17:21,6,0,0,BYERS PLACE 900 BLOCK WEST & KALAMATH STREET SOUTH,1,3,0,0,1,4,,0,25,0,0,0,0,0,4,2,14
,2016_13050,39.743388,-104.9234355,9/6/2016 12:26,12:26,3,0,0,HUDSON STREET NORTH & 17TH AVENUE EAST,1,1,0,0,1,1,,0,25,0,0,0,0,0,4,2,3
,2016_13051,39.674844,-105.0006015,9/7/2016 10:20,10:20,3,0,0,KALAMATH STREET SOUTH & ILIFF AVENUE WEST,1,1,0,0,1,1,,0,25,0,0,0,0,1,4,2,13
,2016_13052,39.77621548,-104.917577,6/2/2016 3:45,3:45,5,0,0,KEARNEY STREET & 950 SOUTH,1,3,0,0,1,4,,0,25,0,0,0,0,0,4,2,14
,2016_13053,39.741957,-104.89401,9/8/2016 16:20,16:20,12,0,0,UINTA STREET / ULSTER ALLEY & 16TH AVENUE NORTH,1,1,0,0,1,5,,0,25,0,0,0,0,0,4,2,14
,2016_13054,39.757086,-104.990715,9/9/2016 7:23,7:23,15,0,0,PARK AVENUE WEST & BLAKE STREET,1,1,0,0,1,1,,0,30,0,0,0,0,0,4,2,13
,2016_13055,39.743955,-104.9954625,10/6/2016 22:10,22:10,15,0,0,14TH STREET & STOUT STREET,1,3,0,0,1,1,,0,25,0,0,0,0,0,4,2,7
,2016_13056,39.754197,-105.010101,9/9/2016 9:50,9:50,12,0,0,SPEER BOULEVARD NORTH & PLATTE STREET,1,1,0,0,1,4,,0,35,0,0,0,0,0,4,4,13
,2016_13057,39.729258,-104.915052,9/13/2016 15:24,15:24,12,0,0,EIGHTH AVENUE EAST & LEYDEN STREET NORTH,1,1,0,0,1,4,,0,30,0,0,0,0,0,4,2,13
,2016_13058,39.723705,-104.8837095,9/14/2016 7:46,7:46,12,0,0,LOWRY BOULEVARD EAST ROUNDABOUT & YOSEMITE WAY NORTH,1,1,0,0,1,6,,0,25,0,0,0,0,0,4,2,2
,2016_13059,39.678552,-105.0040935,9/14/2016 14:56,14:56,15,0,0,NAVAJO STREET SOUTH & EVANS AVENUE WEST,1,1,1,0,1,3,,0,25,0,0,0,0,0,4,2,7
,2016_13060,39.68757,-104.973444,9/15/2016 13:55,13:55,3,0,0,IOWA AVENUE EAST & DOWNING STREET SOUTH,1,1,0,0,1,1,,0,25,0,0,0,0,0,4,2,13
,2016_13061,39.752118,-104.9866605,9/15/2016 22:24,22:24,3,0,0,22ND STREET & CHAMPA STREET,1,3,0,0,1,1,,0,,0,0,0,0,0,4,2,13
,2016_13062,39.75444,-104.9598,9/25/2016 3:22,3:22,3,0,0,26TH AVENUE EAST & YORK STREET NORTH,1,3,0,0,1,1,,0,30,0,0,0,0,0,4,2,5
,2016_13063,39.711366,-104.9176665,9/28/2016 18:27,18:27,3,0,0,ALAMEDA AVENUE EAST & KEARNEY STREET SOUTH,1,3,0,0,1,1,,0,25,0,0,0,0,0,4,2,13
,2016_13064,39.71835,-104.9607225,9/2/2016 14:05,14:05,15,0,1,FIRST AVENUE 2100 BLOCK EAST & GAYLORD STREET NORTH,1,1,0,0,1,4,,0,30,0,0,0,0,2,4,4,2
,2016_13065,39.718332,-104.966784,12/10/2016 11:20,11:20,12,0,0,FIRST AVENUE 1700 BLOCK EAST & GILPIN STREET SOUTH,1,1,0,0,1,3,,0,30,0,0,0,0,0,4,2,13
,2016_13066,39.718386,-105.000192,10/21/2016 14:36,14:36,1,0,0,FIRST AVENUE WEST & KALAMATH STREET NORTH,1,1,0,0,1,1,,0,35,0,0,0,0,0,4,2,13
,2016_13067,39.718134,-105.034914,11/16/2016 18:07,18:07,1,0,0,FIRST AVENUE WEST & LOWELL BOULEVARD NORTH,1,3,0,0,1,2,,0,35,0,0,0,0,1,4,2,7
,2016_13068,39.717909,-104.951223,7/12/2016 6:41,6:41,10,0,0,FIRST AVENUE EAST & STREET PAUL STREET NORTH,1,1,0,0,1,2,,0,,0,0,0,0,0,4,2,13
,2016_13069,39.719349,-104.9862645,10/23/2016 23:45,23:45,6,0,0,SECOND AVENUE EAST & LINCOLN STREET NORTH,1,3,0,0,1,4,,0,25,0,0,0,0,0,4,2,13
,2016_13070,39.72249,-104.9758241,5/15/2016 9:56,9:56,6,0,0,FOURTH AVENUE & 600 BLOCK WEST,1,1,0,0,1,4,,0,20,0,0,0,0,0,4,2,13
,2016_13071,39.722427,-104.9799375,11/19/2016 10:54,10:54,6,0,0,FOURTH AVENUE EAST & PEARL STREET NORTH,1,1,0,0,1,4,,0,25,0,0,0,0,0,4,2,13
,2016_13072,39.724119,-104.990832,12/9/2016 17:24,17:24,3,0,0,FIFTH AVENUE WEST & BANNOCK STREET NORTH,1,3,0,7,1,1,,0,30,0,0,0,0,1,4,2,16
,2016_13073,39.725631,-104.9874435,12/10/2016 8:25,8:25,12,0,0,SIXTH AVENUE EAST & BROADWAY STREET NORTH,1,1,0,7,1,1,,0,0,0,0,0,0,0,4,2,16
,2016_13074,39.725631,-104.9874435,12/16/2016 21:35,21:35,3,0,0,SIXTH AVENUE EAST & BROADWAY STREET NORTH,5,3,0,2,1,1,,0,60,0,0,0,0,0,4,2,7
,2016_13075,39.725622,-104.977566,11/18/2016 20:47,20:47,10,0,0,SIXTH AVENUE EAST & CLARKSON STREET NORTH,1,3,0,0,1,3,,0,30,0,0,0,0,0,4,2,8
,2016_13076,39.725667,-104.99283,6/8/2016 8:16,8:16,10,0,0,SIXTH AVENUE WEST & DELAWARE STREET NORTH,1,1,0,0,1,1,,0,30,0,0,0,0,0,4,2,8
,2016_13077,39.725316,-104.922801,8/10/2016 18:10,18:10,3,0,0,SIXTH AVENUE EAST & HOLLY STREET NORTH,1,1,0,7,1,1,,0,30,0,0,0,0,0,4,2,16
,2016_13078,39.725604,-105.0325155,11/6/2016 12:49,12:49,12,0,0,SIXTH AVENUE WEST  & KNOX COURT NORTH,1,1,1,0,1,1,,0,45,0,0,0,0,0,4,2,13
,2016_13079,39.725379,-105.0074505,10/31/2016 8:30,8:30,15,0,0,SIXTH AVENUE WEST  & QUIVAS STREET NORTH,1,1,1,0,1,4,,0,55,0,0,0,0,0,4,2,7
,2016_13080,39.725586,-104.9636655,9/20/2016 18:48,18:48,15,0,0,SIXTH AVENUE EAST & RACE STREET NORTH,1,3,0,0,1,1,,0,30,0,0,0,0,1,4,2,3
,2016_13081,39.725604,-104.949783,4/13/2016 8:55,8:55,3,0,0,SIXTH AVENUE EAST & STEELE STREET NORTH,1,1,0,7,1,1,,0,25,0,0,0,0,1,4,2,16
,2016_13082,39.74001,-104.99202,8/12/2016 17:30,17:30,12,0,0,SIXTH AVENUE 3000 BLOCK EAST & STREET PAUL STREET NORTH,1,1,0,7,1,3,,0,30,0,0,0,0,0,4,2,16
,2016_13083,39.727287,-104.982381,7/19/2016 14:25,14:25,12,0,0,SEVENTH AVENUE & LOGAN,1,1,0,0,1,4,,0,30,0,0,0,0,0,4,2,13
,2016_13084,39.727314,-104.990283,11/11/2016 8:30,8:30,5,0,0,SEVENTH AVENUE WEST & BANNOCK STREET NORTH,1,1,0,7,3,1,,0,25,0,0,0,0,0,4,1,8
,2016_13085,39.729087,-104.987412,3/17/2016 21:50,21:50,10,0,0,EIGHTH AVENUE & BROADWAY STREET NORTH,2,3,0,2,1,1,,0,30,0,0,0,0,0,4,2,13
,2016_13086,39.729069,-104.97411,1/3/2016 14:25,14:25,3,0,0,EIGHTH AVENUE EAST & CORONA STREET NORTH,1,1,0,0,1,1,,0,30,0,0,0,0,0,4,2,12
,2016_13087,39.729222,-104.932782,3/28/2016 7:36,7:36,12,0,0,EIGHTH AVENUE EAST & DEXTER STREET NORTH,1,2,1,7,1,1,,0,30,0,0,0,0,0,4,2,16
,2016_13088,39.729276,-104.9128155,12/16/2016 16:03,16:03,12,0,0,EIGHTH AVENUE EAST & MONACO STREET NORTH,1,4,0,7,1,1,,0,30,0,0,0,0,0,4,2,1
,2016_13089,39.728907,-104.998644,12/1/2016 19:27,19:27,3,0,0,EIGHTH AVENUE WEST & SANTA FE DRIVE NORTH,1,3,0,7,1,1,,0,35,0,0,0,0,0,4,2,3
,2016_13090,39.7304442,-104.9731899,9/23/2016 21:28,21:28,6,0,0,NINTH AVENUE & 0 BLOCK WEST,1,3,0,0,1,4,,0,25,0,0,0,0,0,4,2,13
,2016_13091,39.730446,-104.984865,3/4/2016 7:15,7:15,3,0,0,NINTH AVENUE & SHERMAN STREET,1,1,0,7,1,5,,0,25,0,0,0,0,0,4,2,16
,2016_13092,39.733695,-104.9787135,11/14/2016 16:33,16:33,3,0,1,11TH AVENUE 600 BLOCK EAST & WASHINGTON STREET NORTH,1,1,0,0,1,5,,0,25,0,0,0,1,2,4,2,13
,2016_13093,39.735603,-104.8870215,12/17/2016 9:30,9:30,6,0,0,12TH AVENUE & XANTHIA STREET NORTH,4,1,0,0,1,3,,0,25,0,0,0,0,0,4,2,1
,2016_13094,39.736557,-105.0346035,4/7/2016 9:45,9:45,6,0,0,13TH AVENUE WEST & LOWELL BOULEVARD NORTH,1,1,0,7,1,1,,0,25,0,0,0,0,0,4,2,14
,2016_13095,39.737268,-104.9034645,2/1/2016 7:50,7:50,12,0,0,13TH AVENUE EAST & QUEBEC STREET NORTH,5,1,0,2,1,4,,0,20,0,0,0,0,0,4,2,16
,2016_13096,39.736854,-104.9787,8/12/2016 10:50,10:50,10,0,0,13TH AVENUE EAST & WASHINGTON STREET NORTH,1,1,0,0,1,1,,0,,0,0,0,0,0,4,2,13
,2016_13097,39.738267,-104.9383935,12/12/2016 16:33,16:33,15,0,0,14TH AVENUE EAST & ASH STREET NORTH,1,2,0,7,1,1,,0,30,0,0,0,0,0,4,2,3
,2016_13098,39.73842,-104.987394,6/9/2016 22:10,22:10,3,0,0,14TH AVENUE WEST & BROADWAY STREET NORTH,1,3,0,7,1,1,,0,30,0,0,0,0,0,4,2,8
,2016_13099,39.738357,-104.9573835,9/24/2016 22:29,22:29,10,0,1,14TH AVENUE EAST & COLUMBINE STREET NORTH,1,3,0,0,1,1,,0,5,0,0,0,1,2,4,2,7
,2016_13100,39.738357,-104.9573835,10/27/2016 11:54,11:54,3,0,0,14TH AVENUE & COLUMBINE STREET NORTH,1,1,0,0,1,1,,0,20,0,0,0,0,0,4,2,13
,2016_13101,39.738384,-104.974164,3/18/2016 18:19,18:19,12,0,0,14TH AVENUE 1100 BLOCK EAST & CORONA STREET NORTH,1,1,0,7,1,4,,0,30,0,0,0,0,0,4,3,3
,2016_13102,39.738285,-104.9268825,11/1/2016 14:09,14:09,12,0,0,14TH AVENUE EAST & FOREST STREET NORTH,1,1,0,7,1,1,,0,30,0,0,0,0,0,4,2,3
,2016_13103,39.738276,-104.922315,12/28/2016 10:45,10:45,3,0,0,14TH AVENUE EAST & HOLLY STREET NORTH,1,1,1,7,1,1,,0,25,0,0,0,0,0,4,2,8
,2016_13104,39.73869,-104.9034645,7/4/2016 7:20,7:20,3,0,0,14TH AVENUE EAST & QUEBEC STREET NORTH,1,1,1,7,1,1,,0,25,0,0,0,0,0,4,2,16
,2016_13105,39.738366,-104.963472,3/20/2016 11:50,11:50,6,0,0,14TH AVENUE 2200 BLOCK EAST & RACE STREET,1,1,0,0,1,4,,0,30,0,0,0,0,0,4,2,13
,2016_13106,39.738366,-104.963472,4/18/2016 6:40,6:40,6,0,0,14TH AVENUE EAST & RACE STREET NORTH,1,2,0,0,1,4,,0,30,0,0,0,0,0,4,3,14
,2016_13107,39.738375,-104.965992,7/14/2016 18:50,18:50,10,0,0,14TH AVENUE EAST & WILLIAMS STREET NORTH,1,1,0,0,1,1,,0,30,0,0,0,0,0,4,2,13
,2016_13108,39.74166,-104.981094,6/20/2016 7:30,7:30,3,0,0,16TH AVENUE EAST & PENNSYLVANIA STREET NORTH,1,1,0,7,1,1,,0,,0,0,0,0,0,4,3,16
,2016_13109,39.743226,-104.9711377,9/24/2016 3:30,3:30,6,0,1,17TH AVENUE EAST & 3300 BLOCK,1,3,0,0,3,4,,0,35,0,0,0,0,2,4,3,3
,2016_13110,39.743262,-104.9775525,12/31/2016 1:15,1:15,6,0,0,17TH AVENUE 700 BLOCK EAST & CLARKSON STREET NORTH,1,3,0,0,1,4,,0,30,0,0,0,0,0,4,2,13
,2016_13111,39.743244,-104.976171,5/28/2016 15:40,15:40,3,0,0,17TH AVENUE EAST & EMERSON STREET NORTH,1,1,0,7,1,1,,0,25,0,0,0,0,1,4,2,16
,2016_13112,39.743748,-104.941881,7/26/2016 9:58,9:58,6,0,0,17TH AVENUE & HARRISON STREET NORTH,1,1,0,0,1,1,,0,30,0,0,0,0,0,4,2,13
,2016_13113,39.743199,-104.963454,3/16/2016 17:05,17:05,3,0,0,17TH AVENUE EAST & RACE STREET NORTH,1,1,0,7,1,1,,0,30,0,0,0,0,0,4,2,14
,2016_13114,39.743244,-104.978736,4/29/2016 7:36,7:36,10,0,0,17TH AVENUE EAST & WASHINGTON STREET NORTH,2,1,0,1,1,1,,0,30,0,0,0,0,0,4,2,13
,2016_13115,39.743244,-104.978736,10/25/2016 18:54,18:54,6,0,0,17TH AVENUE EAST & WASHINGTON STREET NORTH,1,2,0,0,1,4,,0,30,0,0,0,0,0,4,2,7
,2016_13116,39.743775,-104.88816,12/16/2016 10:45,10:45,3,0,0,17TH AVENUE EAST & WILLOW STREET NORTH,1,1,0,7,1,1,,0,60,0,0,0,0,0,4,2,8
,2016_13117,39.745134,-105.0299145,5/24/2016 16:14,16:14,3,0,1,18TH AVENUE WEST & IRVING STREET NORTH,1,1,1,0,1,1,,0,30,0,0,0,0,2,4,2,14
,2016_13118,39.744801,-104.9861205,10/18/2016 15:12,15:12,10,0,0,18TH AVENUE EAST & LINCOLN STREET NORTH,1,1,0,0,1,1,,0,30,0,0,0,0,0,4,2,13
,2016_13119,39.746178,-104.9787225,6/24/2016 18:30,18:30,3,0,0,19TH AVENUE EAST & WASHINGTON STREET NORTH,1,1,0,7,1,1,,0,30,0,0,0,0,0,4,2,8
,2016_13120,39.752091,-105.040494,5/19/2016 13:52,13:52,3,0,0,24TH AVENUE WEST & QUITMAN STREET NORTH,1,1,1,0,1,1,,0,25,0,0,0,0,1,4,2,13
,2016_13121,39.756519,-104.865876,12/23/2016 11:02,11:02,3,0,0,28TH AVENUE EAST & HAVANA STREET NORTH,1,1,0,7,1,1,,0,25,0,0,0,0,0,4,2,3
,2016_13122,39.757986,-104.903451,3/12/2016 12:10,12:10,15,0,0,29TH AVENUE EAST & QUEBEC STREET NORTH,1,1,0,0,1,4,,0,20,0,0,0,0,0,4,3,13
,2016_13123,39.757986,-104.903451,7/12/2016 22:10,22:10,3,0,0,29TH AVENUE EAST & QUEBEC STREET NORTH,1,3,0,0,1,1,,0,45,0,0,0,0,0,4,2,13
,2016_13124,39.758355,-105.011802,2/8/2016 17:15,17:15,12,0,0,29TH AVENUE WEST & UMATILLA STREET NORTH,5,3,0,7,1,3,,0,30,0,0,0,0,0,4,2,16
,2016_13126,39.76074,-104.9585715,6/29/2016 18:37,18:37,15,0,0,31ST AVENUE EAST & JOSEPHINE STREET NORTH,1,1,0,0,1,4,,0,35,0,0,0,0,0,4,2,3
,2016_13127,39.762108,-105.032241,1/3/2016 1:10,1:10,6,0,0,32ND AVENUE 3400 BLOCK WEST & JULIAN STREET NORTH,5,3,0,7,1,4,,0,30,0,0,0,0,0,4,2,5
,2016_13128,39.762117,-105.034572,7/22/2016 16:54,16:54,1,0,0,32ND AVENUE 3500 BLOCK WEST & LOWELL BOULEVARD NORTH,1,1,0,0,1,1,,0,30,0,0,0,0,0,4,2,13
,2016_13129,39.763917,-105.046866,1/4/2016 10:40,10:40,6,0,0,33RD AVENUE 4600 BLOCK WEST & VRAIN STREET NORTH,1,1,0,7,1,4,,0,25,0,0,0,0,0,4,2,14
,2016_13130,39.765069,-104.8905405,7/18/2016 13:17,13:17,12,0,0,35TH AVENUE EAST & CENTRAL PARK BOULEVARD,1,1,0,7,1,3,,0,30,0,0,0,0,1,4,2,2
,2016_13131,39.767382,-104.90346,6/21/2016 6:45,6:45,12,0,0,36TH AVENUE EAST & QUEBEC STREET NORTH,1,1,0,7,1,1,,0,40,0,0,0,0,0,4,3,1
,2016_13132,39.768147,-104.963427,2/2/2016 13:03,13:03,3,0,0,37TH AVENUE EAST & RACE STREET NORTH,5,1,0,7,1,1,,0,25,0,0,0,0,0,4,2,16
,2016_13133,39.74001,-104.99202,5/31/2016 16:20,16:20,6,0,0,38TH AVENUE & 3000 BLOCK WEST,1,1,1,7,1,4,,0,30,0,0,0,0,0,4,2,16
,2016_13134,39.74001,-104.99202,3/15/2016 15:32,15:32,10,0,0,38TH AVENUE & 4300 BLOCK WEST,1,5,1,0,1,2,,0,30,0,0,0,0,0,4,2,16
,2016_13135,39.76929,-105.02289,4/20/2016 6:13,6:13,6,0,0,38TH AVENUE & ELIOT STREET,1,1,0,0,1,4,,0,35,0,0,0,0,0,4,3,14
,2016_13136,39.769605,-104.8474125,4/4/2016 21:13,21:13,1,0,0,38TH AVENUE EAST & PEORIA STREET NORTH,1,3,1,7,1,1,,0,25,0,0,0,0,0,4,2,16
,2016_13137,39.769263,-104.9058135,9/17/2016 18:03,18:03,1,0,1,38TH AVENUE EAST & PONTIAC STREET NORTH,1,1,0,0,1,1,,0,30,0,0,0,0,2,4,2,14
,2016_13138,39.769272,-105.0123825,3/19/2016 10:55,10:55,15,0,0,38TH AVENUE 2000 BLOCK WEST & UMATILLA STREET,1,1,0,7,1,4,,0,35,0,0,0,0,0,4,2,3
,2016_13140,39.770523,-105.0041925,7/24/2016 2:16,2:16,3,0,0,39TH AVENUE WEST & NAVAJO STREET NORTH,1,3,0,7,1,3,,0,25,0,0,0,0,0,4,2,14
,2016_13141,39.772863,-104.9406435,11/8/2016 8:15,8:15,3,0,0,40TH AVENUE & COLORADO BOULEVARD,1,1,0,0,1,2,,0,35,0,0,0,0,0,4,2,7
,2016_13142,39.772854,-104.941701,10/26/2016 14:47,14:47,15,0,0,40TH AVENUE EAST EAST & HARRISON STREET NORTH,1,1,0,7,1,4,,0,30,0,0,0,0,0,4,2,16
,2016_13143,39.772872,-104.8016205,7/11/2016 12:15,12:15,5,0,0,40TH AVENUE EAST & KITTREDGE STREET NORTH,1,1,1,0,1,1,,0,40,0,0,0,0,0,4,2,14
,2016_13144,39.777165,-104.833413,1/3/2016 19:23,19:23,12,0,0,CARSON STREET NORTH & ALBROOK DRIVE EAST,1,3,0,0,1,3,,0,25,0,0,0,0,0,4,2,13
,2016_13145,39.773025,-105.0041745,7/21/2016 15:22,15:22,6,0,0,41ST AVENUE WEST & NAVAJO STREET NORTH,1,1,0,0,1,1,,0,25,0,0,0,0,0,4,2,13
,2016_13146,39.772926,-105.0135345,1/8/2016 12:29,12:29,3,0,0,41ST AVENUE WEST & VALLEJO STREET NORTH,5,1,1,2,1,1,,0,25,0,0,0,0,0,4,2,13
,2016_13147,39.778902,-104.9498505,12/16/2016 17:44,17:44,1,0,0,45TH AVENUE EAST & STEELE STREET NORTH,1,3,0,7,1,1,,0,30,0,0,0,0,0,4,2,16
,2016_13148,39.777993,-104.7720735,10/8/2016 12:45,12:45,12,0,0,45TH AVENUE 18500 BLOCK EAST & TOWER ROAD NORTH,1,1,0,0,1,4,,0,25,0,0,0,0,0,4,2,13
,2016_13149,39.78018,-105.011154,4/2/2016 7:19,7:19,6,0,0,46TH AVENUE 2000 BLOCK WEST & TEJON STREET NORTH,1,1,0,0,1,4,,0,30,0,0,0,0,0,4,2,5
,2016_13150,39.782277,-104.863284,6/27/2016 16:36,16:36,10,0,0,47TH AVENUE EAST & IRONTON STREET NORTH,1,1,0,0,1,1,,0,35,0,0,0,0,0,4,2,8
,2016_13151,39.783411,-104.931603,8/10/2016 11:45,11:45,15,0,0,48TH AVENUE EAST & DAHLIA STREET NORTH,1,1,0,0,1,1,,0,30,0,0,0,0,0,4,2,14
,2016_13152,39.786228,-104.8488975,1/27/2016 16:25,16:25,3,0,0,49TH AVENUE EAST & PARIS STREET NORTH,1,1,0,7,1,1,,0,25,0,0,0,0,0,4,2,16
,2016_13153,39.785553,-104.9782905,8/24/2016 17:20,17:20,12,0,0,49TH AVENUE EAST & WASHINGTON STREET NORTH,1,1,0,0,1,4,,0,25,0,0,0,0,0,4,2,13
,2016_13154,39.70924906,-104.988852,1/23/2016 16:11,16:11,12,0,0,52ND AVENUE WEST & 4800 BLOCK,1,1,0,0,1,2,,0,30,0,0,0,0,0,4,2,3
,2016_13155,39.79311113,-104.8557963,8/26/2016 6:10,6:10,6,0,0,53RD AVENUE EAST & 11400 BLOCK,1,3,0,0,1,4,,0,25,0,0,0,0,0,4,2,13
,2016_13156,39.794544,-104.86602,1/26/2016 7:10,7:10,1,0,0,54TH AVENUE EAST & HAVANA STREET NORTH,1,1,0,0,1,1,,0,40,0,0,0,0,1,4,2,13
,2016_13157,39.798315,-104.8754655,6/16/2016 6:20,6:20,5,0,0,56TH AVENUE 9500 BLOCK EAST & DALLAS STREET NORTH,1,1,0,0,3,4,,0,45,0,0,0,0,0,4,1,1
,2016_13158,39.798396,-104.786415,2/5/2016 7:45,7:45,12,0,0,56TH AVENUE 17100 BLOCK EAST & PENA BOULEVARD,1,1,0,7,1,1,,0,45,0,0,0,0,0,4,2,16
,2016_13159,39.798162,-104.84235,5/13/2016 14:46,14:46,12,0,0,56TH AVENUE EAST & REVERE STREET NORTH,1,1,0,7,1,3,,0,45,0,0,0,0,1,4,2,12
,2016_13160,39.798162,-104.84235,10/17/2016 15:45,15:45,12,0,0,56TH AVENUE EAST & REVERE STREET NORTH,1,1,0,7,1,1,,0,45,0,0,0,0,0,4,3,1
,2016_13161,39.798234,-104.7721815,4/27/2016 16:59,16:59,1,0,2,56TH AVENUE EAST & TOWER ROAD NORTH,1,1,0,0,1,1,,0,45,0,0,0,0,2,4,2,13
,2016_13162,39.83553,-104.718411,12/22/2016 12:00,12:00,6,0,0,76TH AVENUE & WENATCHEE STREET,1,1,0,0,1,4,,0,25,0,0,0,0,0,4,2,13
,2016_13163,39.837537,-104.7195855,12/21/2016 14:47,14:47,12,0,0,77TH AVENUE 7700 BLOCK EAST & 78TH AVENUE EAST,1,1,0,7,1,1,,0,45,0,0,0,0,0,4,2,12
,2016_13164,39.837969,-104.6928825,10/1/2016 5:58,5:58,12,0,0,78TH AVENUE EAST & JACKSON GAP STREET NORTH,1,2,0,0,1,4,,0,45,0,0,0,0,0,4,2,13
,2016_13165,39.711141,-104.987592,10/28/2016 18:25,18:25,1,0,0,ALAMEDA AVENUE & BROADWAY STREET SOUTH,1,3,0,7,1,1,,0,35,0,0,0,0,0,4,2,5
,2016_13166,39.711168,-104.99238,1/23/2016 13:39,13:39,12,0,0,ALAMEDA AVENUE 200 BLOCK WEST & CHEROKEE STREET SOUTH,1,1,0,7,1,3,,0,30,0,0,0,0,1,4,2,16
,2016_13167,39.711186,-104.9482305,10/31/2016 9:50,9:50,12,0,0,ALAMEDA AVENUE EAST & CHERRY CREEK SOUTH DRIVE EAST,1,1,0,7,1,1,,0,,0,0,0,0,1,4,2,16
,2016_13168,39.7116,-104.9408055,1/15/2016 14:05,14:05,12,0,0,ALAMEDA AVENUE 4200 BLOCK EAST & COLORADO BOULEVARD SOUTH,1,1,0,7,1,3,,0,35,0,0,0,0,0,4,2,16
,2016_13169,39.711366,-104.9199525,3/16/2016 8:09,8:09,12,0,0,ALAMEDA AVENUE 5800 BLOCK EAST & JERSEY STREET,1,1,0,7,1,4,,0,35,0,0,0,0,0,4,2,3
,2016_13170,39.711141,-104.9863905,6/23/2016 8:03,8:03,15,0,0,ALAMEDA AVENUE EAST & LINCOLN STREET SOUTH,1,1,0,0,1,3,,0,30,0,0,0,0,0,4,2,1
,2016_13171,39.711186,-104.997132,11/23/2016 11:33,11:33,5,0,0,ALAMEDA AVENUE WEST & SANTA FE DRIVE SOUTH,1,1,0,7,2,1,,0,30,0,0,0,0,0,4,1,10
,2016_13172,39.733866,-105.018516,5/28/2016 22:43,22:43,6,0,1,ALCOTT WAY & 11TH AVENUE WEST,1,3,0,0,1,4,,0,25,0,0,0,0,2,4,2,5
,2016_13173,39.738384,-104.974164,10/8/2016 14:30,14:30,5,0,0,CORONA STREET ALLEY & 14TH AVENUE EAST,1,5,0,0,2,5,,0,15,0,0,0,0,0,4,1,13
,2016_13174,39.79099042,-104.9891094,7/21/2016 11:50,11:50,6,0,0,BANNOCK STREET & 1400 BLOCK NORTH,1,1,0,0,1,4,,0,30,0,0,0,0,0,4,2,1
,2016_13175,39.790602,-104.893191,12/2/2016 15:12,15:12,3,0,0,BEEKMAN PLACE EAST & UINTA STREET NORTH,1,1,0,0,1,1,,0,30,0,0,0,0,1,4,2,13
,2016_13176,39.678426,-104.9363145,6/30/2016 16:53,16:53,3,0,0,BIRCH STREET SOUTH  & EVANS AVENUE EAST,1,1,1,0,1,2,,0,25,0,0,0,0,0,4,2,13
,2016_13177,39.75130672,-104.9981625,6/15/2016 16:57,16:57,12,0,0,BLAKE STREET & 2900 BLOCK,1,1,0,0,1,4,,0,30,0,0,0,0,1,4,3,13
,2016_13178,39.775212,-104.987673,1/8/2016 13:40,13:40,5,0,0,BROADWAY STREET & BROADWAY STREET 1388 SOUTH,2,1,0,0,3,4,,0,,0,0,0,0,0,4,2,13
,2016_13179,39.77312829,-104.9892215,5/20/2016 16:45,16:45,15,0,0,BROADWAY & 2200 BLOCK NORTH,1,1,0,0,1,3,,0,30,0,0,0,0,0,4,2,14