id,drcog_id,latitude,longitude,crashtime,time,crashtype,numbkilled,numbinjurd,drcoglocat,rdconditin,lightngcon,roadcntgrd,weatherco,location,roaddescrp,schoolzone,constrzone,splimit,bikeinv,pedinv,sctrinv,motoinv,svrty,rdsystem,ttlvehcls,hcf
,2016_13180,39.725631,-104.9874435,2/16/2016 12:28,12:28,10,0,0,BROADWAY & SIXTH AVENUE EAST,1,1,0,0,1,2,,0,30,0,0,0,0,0,4,2,13
,2016_13181,39.729087,-104.987412,4/7/2016 6:35,6:35,3,0,0,BROADWAY NORTH & EIGHTH AVENUE WEST,1,2,0,7,1,1,,0,30,0,0,0,0,0,4,2,16
,2016_13182,39.744855,-104.987394,12/15/2016 16:50,16:50,15,0,0,BROADWAY & 18TH AVENUE EAST,1,1,1,7,1,4,,0,25,0,0,0,0,0,4,2,16
,2016_13183,39.694788,-104.9874615,6/13/2016 7:01,7:01,3,0,0,BROADWAY SOUTH & ARIZONA AVENUE EAST,1,1,0,0,1,1,,0,35,0,0,0,0,0,4,2,13
,2016_13184,39.748887,-104.9874525,4/4/2016 7:25,7:25,12,0,0,BROADWAY & 20TH STREET,1,1,0,7,1,4,,0,30,0,0,0,0,0,4,2,3
,2016_13185,39.707514,-104.98761,5/10/2016 10:35,10:35,12,0,0,BROADWAY & VIRGINIA AVENUE EAST,1,1,0,7,1,4,,0,30,0,0,0,0,0,4,3,1
,2016_13186,39.758247,-104.987457,12/1/2016 15:35,15:35,15,0,0,BROADWAY 2400 BLOCK & WALNUT STREET,1,1,0,7,1,4,,0,25,0,0,0,0,0,4,2,16
,2016_13187,39.754827,-105.0191775,11/5/2016 3:30,3:30,6,0,0,BRYANT STREET & 26TH AVENUE WEST,1,3,1,0,1,4,,0,30,0,0,0,0,0,4,2,13
,2016_13188,39.688875,-104.973435,3/14/2016 17:55,17:55,5,0,0,BUCHTEL BOULEVARD 1100 BLOCK EAST & DOWNING STREET SOUTH,1,1,0,0,2,4,,0,30,0,0,0,1,0,4,1,9
,2016_13189,39.712896,-104.9734035,2/28/2016 16:34,16:34,3,0,0,CEDAR AVENUE EAST & DOWNING STREET SOUTH,1,1,0,0,1,1,,0,30,0,0,0,0,1,4,3,5
,2016_13190,39.79026,-104.8097835,5/26/2016 14:25,14:25,12,0,0,CHAMBERS ROAD NORTH & 53RD AVENUE EAST,2,1,0,1,1,1,,0,40,0,0,0,0,0,4,2,14
,2016_13191,39.775032,-104.809923,6/1/2016 8:00,8:00,12,0,0,CHAMBERS ROAD NORTH & ANDREWS DRIVE EAST,2,1,0,1,1,4,,0,35,0,0,0,0,0,4,2,7
,2016_13192,39.780324,-104.8098645,2/16/2016 6:10,6:10,15,0,0,CHAMBERS ROAD NORTH & BOILING DRIVE EAST,1,1,0,7,1,4,,0,40,0,0,0,0,0,4,2,16
,2016_13193,39.698406,-104.9652045,3/3/2016 11:59,11:59,6,0,0,TENNESSEE AVENUE & HIGH STREET SOUTH,1,1,0,0,1,4,,0,25,0,0,0,0,0,4,2,3
,2016_13194,39.794787,-104.809761,7/13/2016 21:11,21:11,1,0,0,CHAMBERS ROAD NORTH & MAXWELL PLACE EAST,1,3,0,0,1,1,,0,35,0,0,0,0,0,4,2,13
,2016_13195,39.718377,-104.9921325,10/20/2016 7:45,7:45,6,0,0,CHEROKEE STREET NORTH & FIRST AVENUE WEST,1,1,0,0,1,3,,0,25,0,0,0,0,0,4,2,7
,2016_13196,39.740004,-104.9916645,10/13/2016 17:15,17:15,15,0,0,CHEROKEE STREET 1400 BLOCK NORTH & COLFAX AVENUE WEST,1,1,0,7,1,4,,0,30,0,0,0,0,0,4,2,16
,2016_13197,39.71466,-104.949972,3/1/2016 12:12,12:12,15,0,0,CHERRY CREEK NORTH DRIVE 3200 BLOCK EAST & BAYAUD AVENUE EAST,1,1,0,7,1,4,,0,25,0,0,0,0,0,4,2,14
,2016_13198,39.696597,-104.9219055,8/1/2016 11:23,11:23,3,0,0,CHERRY CREEK NORTH DRIVE & HOLLY STREET SOUTH,1,1,1,7,1,1,,0,30,0,0,0,0,0,4,2,3
,2016_13199,39.730437,-104.977602,6/7/2016 10:00,10:00,12,0,0,CLARKSON STREET 800 BLOCK NORTH & NINTH AVENUE EAST,1,1,0,7,1,4,,0,30,0,0,0,0,0,4,3,16
,2016_13200,39.733686,-104.977602,2/3/2016 7:58,7:58,6,0,0,CLARKSON STREET NORTH & 11TH AVENUE EAST,5,1,0,0,1,4,,0,30,0,0,0,0,0,4,4,13
,2016_13201,39.753711,-104.98635,7/24/2016 19:00,19:00,3,0,0,PARK AVENUE WEST & CURTIS STREET,1,1,0,7,1,1,,0,25,0,0,0,0,1,4,2,16
,2016_13202,39.756024,-105.020514,6/28/2016 8:35,8:35,3,0,0,CLAY STREET NORTH & 27TH AVENUE WEST,1,1,0,7,1,1,,0,25,0,0,0,0,0,4,2,7
,2016_13203,39.762009,-104.9548545,5/29/2016 10:48,10:48,12,0,0,CLAYTON STREET NORTH & MLK BOULEVARD,1,1,0,7,1,3,,0,35,0,0,0,0,1,4,4,16
,2016_13204,39.657168,-105.0532335,1/27/2016 3:00,3:00,6,0,0,COLGATE PLACE WEST & SHERIDAN BOULEVARD SOUTH,1,4,0,0,1,4,,0,30,0,0,0,0,0,4,2,2
,2016_13205,39.735306,-104.9572125,1/15/2016 16:25,16:25,6,0,0,COLUMBINE STREET 1200 BLOCK NORTH & 12TH AVENUE EAST,1,1,0,7,1,4,,0,25,0,0,0,0,0,4,2,16
,2016_13206,39.749022,-104.9802345,7/21/2016 15:04,15:04,9,0,0,COURT PLACE 2300 BLOCK & PARK AVENUE WEST,1,1,0,0,1,3,,0,30,0,0,0,0,0,4,2,3
,2016_13207,39.784158,-104.831307,5/1/2016 8:55,8:55,6,0,0,CROWN BOULEVARD NORTH & ANDREWS DRIVE EAST,2,1,0,0,1,4,,0,30,0,0,0,0,0,4,2,13
,2016_13208,39.705813,-105.0532515,3/8/2016 4:40,4:40,1,0,1,CUSTER PLACE WEST & SHERIDAN BOULEVARD SOUTH,1,3,0,0,1,2,,0,40,0,0,0,0,2,4,2,3
,2016_13209,39.77845079,-104.8283651,12/19/2016 0:01,0:01,6,0,0,47TH DRIVE & 14430 EAST,4,4,0,2,1,4,,0,25,0,0,0,0,0,4,2,5
,2016_13210,39.779757,-104.9317335,10/13/2016 23:16,23:16,10,0,0,DAHLIA STREET NORTH & 46TH AVENUE EAST,1,4,0,0,1,4,,0,35,0,0,0,0,1,4,2,13
,2016_13211,39.709116,-104.9315805,8/14/2016 12:41,12:41,12,0,0,DAHLIA STREET SOUTH & LEETSDALE DRIVE,1,1,1,7,1,4,,0,30,0,0,0,0,0,4,2,16
,2016_13212,39.718206,-104.954625,1/27/2016 8:20,8:20,12,0,0,DETROIT STREET NORTH & FIRST AVENUE EAST,1,1,0,7,1,4,,0,30,0,0,0,0,0,4,2,16
,2016_13213,39.720987,-104.9546475,11/11/2016 15:43,15:43,6,0,0,DETROIT STREET & THIRD AVENUE EAST,1,1,0,0,1,4,,0,25,0,0,0,0,0,4,2,13
,2016_13214,39.760758,-104.9733405,4/5/2016 16:37,16:37,1,0,0,DOWNING STREET NORTH & 31ST AVENUE EAST,1,1,0,0,1,1,,0,35,0,0,0,0,0,4,2,14
,2016_13215,39.712896,-104.9734035,9/28/2016 16:05,16:05,3,0,0,DOWNING STREET SOUTH & CEDAR AVENUE EAST,1,1,0,0,1,1,,0,30,0,0,0,0,0,4,2,13
,2016_13216,39.703842,-104.973372,5/25/2016 16:26,16:26,12,0,0,DOWNING STREET 600 BLOCK SOUTH & EXPOSITION AVENUE EAST,1,1,0,7,1,3,,0,30,0,0,0,0,1,4,2,14
,2016_13217,39.703842,-104.973372,11/8/2016 9:23,9:23,12,0,0,DOWNING STREET 700 BLOCK SOUTH & EXPOSITION AVENUE EAST,1,5,0,7,1,3,,0,,0,0,0,0,0,4,2,12
,2016_13218,39.68757,-104.973444,11/21/2016 19:22,19:22,6,0,0,DOWNING STREET SOUTH & IOWA AVENUE EAST,1,3,0,0,1,4,,0,30,0,0,0,0,0,4,3,5
,2016_13219,39.692988,-104.973417,1/4/2016 12:26,12:26,1,0,0,DOWNING STREET SOUTH & LOUISIANA AVENUE EAST,1,1,0,0,1,1,,0,30,0,0,0,0,0,4,2,13
,2016_13221,39.702006,-104.973381,11/9/2016 9:33,9:33,12,0,0,DOWNING STREET 800 BLOCK SOUTH & OHIO AVENUE EAST,1,1,0,7,1,3,,0,30,0,0,0,0,1,4,2,3
,2016_13222,39.631356,-104.8923,11/29/2016 6:29,6:29,1,0,0,DTC BOULEVARD SOUTH & UNION AVENUE EAST,1,3,0,0,1,1,,0,30,0,0,0,0,0,4,2,13
,2016_13223,39.631356,-104.8923,2/22/2016 0:15,0:15,15,0,0,DTC BOULEVARD SOUTH & UNION AVENUE EAST,1,4,0,0,1,4,,0,35,0,0,0,0,0,4,2,14
,2016_13224,39.79294004,-104.8146477,5/9/2016 21:30,21:30,14,0,1,EAGLE STREET NORTH & 5508,1,3,0,0,1,4,,0,25,0,0,0,1,2,4,3,5
,2016_13225,39.69081,-105.02316,2/6/2016 23:00,23:00,6,0,0,ELIOT STREET 1300 BLOCK SOUTH & ARKANSAS AVENUE WEST,5,4,0,0,1,4,,0,25,0,0,0,0,0,4,2,13
,2016_13226,39.752343,-105.007563,4/1/2016 2:14,2:14,5,0,0,ELITCH CIRCLE & SPEER BOULEVARD NORTH,1,3,0,0,2,4,,0,30,0,0,0,0,0,4,1,13
,2016_13227,39.71651421,-104.9803291,8/4/2016 13:45,13:45,5,0,0,ELLSWORTH AVENUE & 24 EAST,1,1,0,0,3,5,,0,30,0,0,0,0,0,4,1,13
,2016_13228,39.71655,-105.0300135,7/13/2016 7:30,7:30,6,0,0,ELLSWORTH AVENUE 3200 BLOCK WEST & IRVING STREET SOUTH,1,3,0,0,1,4,,0,25,0,0,0,0,0,4,3,13
,2016_13229,39.791115,-104.838453,2/22/2016 21:32,21:32,6,0,0,ELMENDORF PLACE EAST & 12922 EAST ELMENDORF PLACE,2,4,0,1,1,3,,0,25,0,0,0,0,1,4,2,5
,2016_13230,39.740004,-104.9764725,12/18/2016 23:40,23:40,3,0,0,EMERSON STREET 1500 BLOCK NORTH & COLFAX AVENUE EAST,6,3,0,0,1,2,,0,25,0,0,0,0,0,4,2,13
,2016_13231,39.678489,-104.9652315,7/13/2016 8:37,8:37,12,0,0,EVAN AVENUE EAST & HIGH STREET SOUTH,1,1,0,7,1,4,,0,30,0,0,0,0,0,4,2,16
,2016_13232,39.677454,-105.0171615,9/4/2016 23:13,23:13,12,0,0,EVANS BOULEVARD WEST & EVANS BOULEVARD 100 BLOCK WEST,1,3,0,0,1,4,,0,35,0,0,0,0,0,4,2,3
,2016_13233,39.74001,-104.99202,11/24/2016 18:30,18:30,3,0,0,EVANS AVENUE & 2900 BLOCK WEST,1,3,1,0,1,2,,0,25,0,0,0,0,0,4,2,12
,2016_13234,39.678417,-104.9642147,7/8/2016 15:30,15:30,3,0,0,EVANS AVENUE & 4101 EAST,1,1,0,0,1,2,,0,35,0,0,0,0,0,4,2,14
,2016_13235,39.678417,-104.9642147,7/13/2016 18:55,18:55,15,0,0,EVANS AVENUE EAST & 4600 BLOCK,1,1,0,0,1,4,,0,35,0,0,0,0,0,4,2,13
,2016_13236,39.678426,-104.9363145,4/25/2016 18:32,18:32,15,0,0,EVANS AVENUE EAST & BIRCH STREET SOUTH,1,1,0,0,1,1,,0,35,0,0,0,0,0,4,2,8
,2016_13237,39.678435,-104.9407425,1/29/2016 18:22,18:22,12,0,0,EVANS AVENUE EAST & COLORADO BOULEVARD SOUTH,1,3,0,7,1,4,,0,35,0,0,0,0,0,4,2,16
,2016_13238,39.678444,-104.931612,11/19/2016 13:23,13:23,15,0,0,EVANS AVENUE 5000 BLOCK EAST & DAHLIA STREET SOUTH,1,1,0,7,1,4,,0,35,0,0,0,0,0,4,2,16
,2016_13239,39.678435,-104.9251905,6/29/2016 17:50,17:50,12,0,0,EVANS AVENUE 5200 BLOCK EAST & GRAPE STREET SOUTH,1,1,0,7,1,4,,0,30,0,0,0,0,0,4,4,16
,2016_13240,39.678435,-104.922234,2/27/2016 16:28,16:28,3,0,0,EVANS AVENUE 5600 BLOCK EAST & HOLLY STREET SOUTH,1,1,1,0,1,2,,0,30,0,0,0,0,1,4,2,7
,2016_13241,39.678174,-105.029802,11/14/2016 7:35,7:35,1,0,0,EVANS AVENUE WEST & IRVING STREET SOUTH,1,1,1,7,1,1,,0,30,0,0,0,0,0,4,2,16
,2016_13242,39.678435,-104.912892,1/4/2016 17:10,17:10,3,0,0,EVANS AVENUE 6400 BLOCK EAST & MONACO STREET SOUTH,1,3,0,0,1,2,,0,15,0,0,0,0,0,4,2,3
,2016_13243,39.678435,-104.912892,2/27/2016 17:15,17:15,12,0,0,EVANS AVENUE EAST & MONACO STREET,1,1,0,7,1,1,,0,35,0,0,0,0,1,4,2,16
,2016_13244,39.680226,-104.953662,7/13/2016 8:04,8:04,3,0,0,FILLMORE STREET SOUTH & ASBURY AVENUE EAST,1,1,0,0,1,1,,0,25,0,0,0,0,0,4,2,13
,2016_13245,39.69657,-104.953455,8/2/2016 15:25,15:25,5,0,0,FILLMORE STREET 1105 SOUTH  & MISSISSIPPI AVENUE EAST,1,1,0,0,2,5,,0,25,0,0,0,0,0,4,1,7
,2016_13246,39.689388,-104.987511,11/12/2016 19:59,19:59,6,0,0,FLORIDA AVENUE 000 BLOCK EAST & BROADWAY STREET SOUTH,1,3,0,0,1,4,,0,25,0,0,0,0,0,4,2,13
,2016_13247,39.689523,-105.0156945,1/31/2016 9:55,9:55,12,0,0,FLORIDA AVENUE WEST & ZUNI STREET SOUTH,2,1,0,7,1,1,,0,35,0,0,0,0,1,4,2,14
,2016_13248,39.738393,-104.9684445,2/4/2016 8:30,8:30,12,0,2,FRANKLIN STREET & 14TH AVENUE EAST,5,1,0,0,1,4,,0,25,0,0,0,0,2,4,2,13
,2016_13249,39.725613,-104.9613435,8/3/2016 14:00,14:00,3,0,1,GAYLORD STREET NORTH & SIXTH AVENUE EAST,1,1,1,7,1,1,,0,25,0,0,0,0,2,4,2,16
,2016_13250,39.704949,-105.0350535,3/17/2016 19:25,19:25,6,0,0,GILL PLACE WEST & LOWELL BOULEVARD SOUTH,2,3,0,2,1,3,,0,25,0,0,0,0,0,4,2,14
,2016_13251,39.784473,-104.8069305,6/18/2016 15:14,15:14,6,0,0,IDALIA STREET NORTH & 48TH AVENUE EAST,1,1,0,0,1,2,,0,10,0,0,0,0,0,4,2,7
,2016_13252,39.655728,-104.9060205,5/1/2016 10:51,10:51,6,0,0,GIRARD AVENUE 6900 BLOCK EAST & HAMILTON PLACE,2,1,1,2,3,4,,0,25,0,0,0,0,0,4,4,7
,2016_13253,39.655296,-104.889393,4/13/2016 18:24,18:24,6,0,0,GIRARD AVENUE EAST & WABASH COURT SOUTH,1,1,1,0,1,1,,0,25,0,0,0,0,0,4,3,5
,2016_13254,39.765726,-104.9948415,5/16/2016 19:47,19:47,1,0,0,GLOBEVILLE ROAD NORTH & PARK AVENUE WEST,2,2,0,1,1,1,,0,35,0,0,0,0,0,4,2,3
,2016_13255,39.765726,-104.9948415,6/25/2016 2:09,2:09,12,0,0,GLOBEVILLE ROAD NORTH & PARK AVENUE WEST,1,3,0,7,1,1,,0,35,0,0,0,0,0,4,2,14
,2016_13256,39.74004,-104.983596,8/13/2016 16:40,16:40,10,0,0,GRANT STREET NORTH & COLFAX AVENUE EAST,1,1,0,0,1,2,,0,30,0,0,0,0,0,4,2,8
,2016_13257,39.74004,-104.983596,10/6/2016 13:15,13:15,6,0,0,GRANT STREET 1505 NORTH & COLFAX AVENUE EAST,2,1,0,0,1,4,,0,30,0,0,0,0,0,4,2,13
,2016_13258,39.783654,-104.7611925,3/17/2016 13:15,13:15,15,0,0,GREEN VALLEY RANCH BOULEVARD & FLANDERS WAY NORTH,1,1,0,0,1,4,,0,35,0,0,0,0,0,4,1,1
,2016_13259,39.783618,-104.777595,5/5/2016 8:35,8:35,12,0,0,GREEN VALLEY RANCH BOULEVARD EAST & WALDEN STREET NORTH,1,1,0,7,1,4,,0,45,0,0,0,0,0,4,2,7
,2016_13260,39.66073,-104.88567,5/31/2016 19:11,19:11,3,0,0,HAMPDEN AVENUE WEST  & 3481 DRIVEWAY SOUTHWEST ACCESS,1,2,1,0,1,2,,0,25,0,0,0,0,0,4,2,13
,2016_13261,39.77061301,-104.904522,11/24/2016 18:00,18:00,6,0,0,POPLAR STREET NORTH & 3900 BLOCK,1,3,0,0,1,4,,0,30,0,0,0,0,0,4,2,7
,2016_13262,39.790107,-104.8660335,11/18/2016 7:58,7:58,15,0,0,HAVANA STREET NORTH & 51ST AVENUE EAST,5,1,0,0,1,4,,0,25,0,0,0,0,0,4,2,14
,2016_13263,39.703113,-105.027534,4/27/2016 18:25,18:25,10,0,0,HAZEL COURT SOUTH & WALSH PLACE WEST,1,1,0,0,1,2,,0,30,0,0,0,0,0,4,2,7
,2016_13264,39.735279,-105.000165,7/27/2016 6:25,6:25,6,0,0,KALAMATH STREET WEST & 12TH AVENUE WEST,1,1,0,0,1,4,,0,30,0,0,0,0,0,4,2,2
,2016_13265,39.653073,-104.9228055,4/23/2016 7:55,7:55,3,0,0,HOLLY STREET SOUTH & HAMPDEN AVENUE EAST,1,1,1,0,1,2,,0,25,0,0,0,0,0,4,2,13
,2016_13266,39.650346,-104.9244255,1/8/2016 12:53,12:53,3,0,0,HUDSON STREET SOUTH & JEFFERSON AVENUE EAST,5,1,0,0,1,1,,0,30,0,0,0,0,0,4,2,13
,2016_13268,39.72886177,-104.9975817,10/19/2016 14:53,14:53,6,0,0,INCA STREET NORTH & 600 BLOCK NORTH,1,1,1,0,1,4,,0,25,0,0,0,0,0,4,3,13
,2016_13269,39.724119,-104.997564,5/6/2016 22:51,22:51,6,0,0,INCA STREET & FIFTH STREET WEST,1,3,0,0,1,4,,0,25,0,0,0,0,0,4,3,5
,2016_13270,39.6404181,-105.029964,4/8/2016 6:50,6:50,5,0,0,IRVING STREET SOUTH & 1801,1,2,1,0,2,4,,0,30,0,0,0,0,0,4,1,14
,2016_13271,39.743748,-104.943033,10/22/2016 8:57,8:57,3,0,0,JACKSON STREET NORTH & 17TH AVENUE EAST,1,1,0,0,1,2,,0,35,0,0,0,0,0,4,2,14
,2016_13272,39.83346903,-104.692932,4/16/2016 15:40,15:40,3,0,0,JACKSON GAP STREET NORTH & PENA BOULEVARD INBOUND OFF RAMP,2,1,0,2,1,3,,0,40,0,0,0,0,1,4,2,14
,2016_13273,39.696705,-104.9991345,11/11/2016 20:00,20:00,1,0,0,JASON STREET SOUTH & MISSISSIPPI AVENUE WEST,1,3,0,7,1,1,,0,30,0,0,0,0,1,4,2,16
,2016_13274,39.651102,-104.8848435,10/22/2016 2:30,2:30,6,0,0,JEFFERSON AVENUE EAST & YOSEMITE STREET SOUTH,1,3,0,0,1,4,,0,60,0,0,0,0,0,4,2,13
,2016_13275,39.682062,-104.922234,3/7/2016 21:53,21:53,6,0,0,JEWELL AVENUE 5500 BLOCK EAST & HOLLY STREET SOUTH,1,3,0,0,1,4,,0,25,0,0,0,0,0,4,2,3
,2016_13276,39.743415,-104.95926,8/2/2016 10:30,10:30,3,0,0,JOSEPHINE STREET NORTH & 17TH AVENUE EAST,1,1,0,0,1,1,,0,30,0,0,0,0,1,4,2,13
,2016_13277,39.778929,-104.958261,8/19/2016 14:13,14:13,12,0,0,JOSEPHINE STREET NORTH & 45TH AVENUE EAST,1,1,0,0,1,4,,0,30,0,0,0,0,0,4,4,3
,2016_13278,39.67659,-104.9579325,4/17/2016 15:05,15:05,3,0,0,JOSEPHINE STREET SOUTH & WARREN AVENUE EAST,2,1,0,7,1,1,,0,25,0,0,0,0,0,4,2,16
,2016_13279,39.700404,-105.0481305,5/5/2016 7:55,7:55,10,0,0,KENTUCKY AVENUE WEST & MORRISON ROAD,1,1,0,0,1,1,,0,30,0,0,0,0,0,4,2,7
,2016_13280,39.772872,-104.8016205,12/20/2016 15:23,15:23,3,0,0,KITTREDGE STREET NORTH & 40TH AVENUE EAST,1,1,0,7,1,1,,0,15,0,0,0,0,0,4,2,3
,2016_13281,39.74759444,-104.9976686,4/18/2016 11:03,11:03,6,0,0,LAWRENCE STREET 1500 BLOCK & 15TH STREET,1,1,0,7,1,2,,0,30,0,0,0,0,0,4,2,16
,2016_13282,39.716532,-104.9862825,9/2/2016 10:05,10:05,12,0,0,LINCOLN STREET NORTH & LINCOLN STREET 1500 BLOCK NORTH,1,1,0,0,1,3,,0,30,0,0,0,0,0,4,2,13
,2016_13283,39.735837,-104.98572,1/4/2016 8:28,8:28,6,0,0,LINCOLN STREET 1200 BLOCK NORTH & 13TH AVENUE EAST,1,1,0,7,1,4,,0,30,0,0,0,0,0,4,2,16
,2016_13284,39.725649,-104.986314,11/21/2016 14:44,14:44,12,0,0,LINCOLN STREET 500 BLOCK NORTH & SPEER BL EAST,1,1,1,7,1,3,,0,30,0,0,0,0,0,4,2,3
,2016_13285,39.693024,-104.9874615,4/14/2016 19:50,19:50,12,0,0,LOUISIANA AVENUE EAST & BROADWAY STREET SOUTH,1,3,1,7,1,1,,0,35,0,0,0,0,1,4,2,16
,2016_13286,39.692952,-104.9350905,7/25/2016 7:45,7:45,3,0,0,LOUISIANA AVENUE EAST & CLERMONT STREET SOUTH,1,1,0,0,1,1,,0,30,0,0,0,0,0,4,2,13
,2016_13287,39.76552276,-105.0346227,10/22/2016 20:00,20:00,6,0,0,LOWELL BOULEVARD & 2626 BLOCK SOUTH,1,3,0,0,1,4,,0,25,0,0,0,0,0,4,2,5
,2016_13288,39.762342,-105.034392,7/1/2016 23:25,23:25,6,0,0,LOWELL BOULEVARD 3200 BLOCK NORTH & 33RD AVENUE WEST,2,3,0,1,1,4,,0,25,0,0,0,0,0,4,2,14
,2016_13289,39.77171824,-104.90281,5/5/2016 0:15,0:15,5,0,0,QUEBEC STREET & 200 NORTH,1,3,0,0,3,4,,0,35,0,0,0,0,0,4,1,6
,2016_13290,39.769551,-105.034617,7/2/2016 2:26,2:26,3,0,0,LOWELL BOULEVARD NORTH & 38TH AVENUE WEST,1,3,0,0,1,2,,0,25,0,0,0,0,0,4,2,14
,2016_13291,39.7199385,-104.8909343,3/12/2016 21:39,21:39,5,0,0,LOWRY BOULEVARD & UINTA WAY NORTH,1,3,0,7,2,6,,0,35,0,0,0,0,0,4,1,5
,2016_13292,39.723705,-104.8837095,12/1/2016 7:48,7:48,3,0,0,LOWRY BOULEVARD & YOSEMITE WAY NORTH,1,1,0,0,1,6,,0,30,0,0,0,0,0,4,2,13
,2016_13293,39.758463,-104.971761,3/23/2016 23:55,23:55,6,0,0,MARION STREET 2900 BLOCK NORTH & 29TH AVENUE EAST,5,3,0,7,1,2,,0,25,0,0,0,0,0,4,2,16
,2016_13294,39.74893775,-104.9994373,7/18/2016 11:58,11:58,12,0,0,MARKET STREET 1500 BLOCK & 16TH STREET,1,1,0,7,1,2,,0,30,0,0,0,0,0,4,2,16
,2016_13295,39.761838,-104.922261,6/1/2016 9:43,9:43,12,0,0,MLK JR BOULEVARD & HOLLY STREET NORTH,1,1,0,7,1,1,,0,35,0,0,0,0,0,4,2,16
,2016_13296,39.794364,-104.814702,1/7/2016 21:03,21:03,6,0,0,MAXWELL PLACE 14800 BLOCK EAST & ELKHART STREET NORTH,5,3,0,2,1,4,,0,25,0,0,0,0,0,4,2,14
,2016_13297,39.642795,-105.0363585,5/1/2016 4:30,4:30,6,0,0,MEADE STREET SOUTH & 930,2,4,0,1,1,4,,0,25,0,0,0,0,0,4,3,13
,2016_13298,39.787425,-105.0357915,8/1/2016 9:10,9:10,6,0,0,MEADE STREET NORTH & 50TH AVENUE WEST,1,1,0,0,1,3,,0,25,0,0,0,0,0,4,2,14
,2016_13299,39.685662,-104.9394825,1/26/2016 16:02,16:02,3,0,0,MEXICO AVENUE 4100 BLOCK EAST & ALBION STREET SOUTH,1,1,0,7,1,2,,0,30,0,0,0,0,0,4,2,16
,2016_13300,39.696669,-104.995611,10/26/2016 13:16,13:16,15,0,0,MISSISSIPPI AVENUE WEST & GALAPAGO STREET SOUTH,1,1,0,7,1,3,,0,35,0,0,0,0,0,4,2,7
,2016_13301,39.696768,-105.0264,8/20/2016 18:55,18:55,3,0,0,MISSISSIPPI AVENUE WEST & GROVE STREET SOUTH,1,1,0,0,1,1,,0,,0,0,0,0,1,4,2,13
,2016_13302,39.696633,-104.865993,6/22/2016 14:03,14:03,12,0,0,MISSISSIPPI AVENUE 10400 BLOCK EAST & HAVANA STREET SOUTH,1,1,0,7,1,1,,0,40,0,0,0,0,0,4,2,16
,2016_13303,39.69666,-104.8917105,10/30/2016 9:15,9:15,3,0,0,MISSISSIPPI AVENUE EAST & VALENTIA STREET SOUTH,1,1,0,7,1,1,,0,25,0,0,0,0,0,4,2,1
,2016_13304,39.76090776,-104.9003048,8/3/2016 18:50,18:50,12,0,0,MLK BOULEVARD & 4000 BLOCK EAST,2,1,0,1,1,3,,0,30,0,0,0,0,0,4,2,13
,2016_13305,39.762,-104.915214,5/25/2016 13:16,13:16,3,0,0,MLK BOULEVARD & LEYDEN STREET NORTH,1,1,0,7,1,1,,0,25,0,0,0,0,0,4,2,9
,2016_13306,39.721959,-104.9127435,2/8/2016 10:09,10:09,12,0,0,MONACO STREET NORTH & FOURTH AVENUE EAST,1,1,0,0,1,1,,0,35,0,0,0,0,0,4,2,3
,2016_13307,39.65635687,-104.9127761,1/10/2016 13:04,13:04,6,0,2,MONACO STREET 3300 BLOCK NORTH & 33RD AVENUE EAST,1,1,0,7,1,4,,0,30,0,0,0,0,2,4,2,14
,2016_13308,39.691422,-104.912901,1/4/2016 14:29,14:29,10,0,0,MONACO STREET SOUTH & CHERRY CREEK NORTH DRIVE EAST,1,1,0,0,1,1,,0,35,0,0,0,0,0,4,2,3
,2016_13309,39.740085,-104.9128065,10/28/2016 9:15,9:15,12,0,0,MONACO STREET 1500 BLOCK NORTH & COLFAX AVENUE EAST,1,1,0,7,1,4,,0,30,0,0,0,0,0,4,2,16
,2016_13310,39.678435,-104.9127435,9/20/2016 14:15,14:15,1,0,0,MONACO STREET SOUTH & EVANS AVENUE EAST,1,1,0,0,1,1,,0,35,0,0,0,0,0,4,2,13
,2016_13311,39.653073,-104.9130225,9/21/2016 10:01,10:01,12,0,0,MONACO STREET 3500 BLOCK SOUTH & HAMPDEN AVENUE EAST,1,1,1,0,1,2,,0,30,0,0,0,0,0,4,2,13
,2016_13312,39.702942,-104.9129415,10/21/2016 15:58,15:58,12,0,0,MONACO STREET 700 BLOCK SOUTH & LEETSDALE DRIVE,1,1,1,7,1,4,,0,35,0,0,0,0,1,4,2,14
,2016_13313,39.762,-104.912865,7/23/2016 20:10,20:10,3,0,0,MONACO PARKWAY NORTH & MLK BOULEVARD EAST,1,1,0,0,1,1,,0,35,0,0,0,0,1,4,2,13
,2016_13314,39.747429,-104.9128245,3/14/2016 16:03,16:03,3,0,0,MONACO STREET NORTH & MONTVIEW BOULEVARD,1,1,0,7,1,1,,0,30,0,0,0,0,0,4,3,4
,2016_13315,39.777993,-104.912901,11/25/2016 9:45,9:45,15,0,0,MONACO STREET 4600 BLOCK NORTH & STAPLETON DRIVE SOUTH,1,1,0,7,1,3,,0,30,0,0,0,0,0,4,2,16
,2016_13316,39.740085,-104.9128065,3/1/2016 16:25,16:25,12,0,0,MONACO STREET NORTH & COLFAX AVENUE EAST,1,1,0,7,1,4,,0,30,0,0,0,0,1,4,2,3