id,drcog_id,latitude,longitude,crashtime,time,crashtype,numbkilled,numbinjurd,drcoglocat,rdconditin,lightngcon,roadcntgrd,weatherco,location,roaddescrp,schoolzone,constrzone,splimit,bikeinv,pedinv,sctrinv,motoinv,svrty,rdsystem,ttlvehcls,hcf
,2016_13317,39.74742,-104.901084,11/11/2016 15:47,15:47,12,0,0,MONTVIEW BOULEVARD EAST & ROSLYN STREET NORTH,1,1,0,7,1,4,,0,30,0,0,0,0,0,4,3,16
,2016_13318,39.747447,-104.8928445,7/13/2016 14:50,14:50,3,0,1,MONTVIEW BOULEVARD EAST & UINITA STREET NORTH,1,1,0,7,1,1,,0,25,0,0,0,0,2,4,2,7
,2016_13319,39.747447,-104.8905135,12/5/2016 8:10,8:10,12,0,0,MONTVIEW BOULEVARD 8400 BLOCK EAST & VERBENA STREET,1,1,0,7,1,4,,0,35,0,0,0,0,0,4,2,16
,2016_13320,39.732093,-105.00408,7/18/2016 16:39,16:39,6,0,0,NAVAJO STREET NORTH & 10TH AVENUE WEST,1,1,0,0,1,4,,0,25,0,0,0,0,0,4,2,2
,2016_13321,39.70215,-104.9875605,1/28/2016 15:01,15:01,3,0,0,OHIO AVENUE EAST & BROADWAY STREET SOUTH,1,1,0,7,1,1,,0,35,0,0,0,0,0,4,2,16
,2016_13322,39.701988,-104.982795,8/1/2016 12:12,12:12,12,0,0,OHIO AVENUE 400 BLOCK EAST & LOGAN STREET SOUTH,1,1,0,7,1,3,,0,25,0,0,0,0,0,4,2,1
,2016_13323,39.78740365,-105.0051105,4/22/2016 13:50,13:50,6,0,0,OSAGE STREET & 3300 BLOCK NORTH,1,1,1,0,1,4,,0,25,0,0,0,0,0,4,2,13
,2016_13324,39.780054,-104.9757525,7/25/2016 0:04,0:04,5,0,0,PACKING HOUSE ROAD & 46TH AVENUE EAST,1,3,1,0,2,4,,0,30,0,0,0,0,0,4,1,8
,2016_13325,39.765726,-104.9948415,4/9/2016 15:35,15:35,15,0,0,PARK AVENUE WEST & GLOBEVILLE ROAD,1,1,1,7,1,4,,0,35,0,0,0,0,0,4,2,12
,2016_13326,39.757887,-104.9917545,7/10/2016 0:50,0:50,15,0,0,PARK AVENUE WEST & WAZEE STREET,1,3,0,7,1,1,,0,45,0,0,0,0,0,4,2,16
,2016_13327,39.73536,-104.9795415,7/6/2016 7:50,7:50,15,0,0,PEARL STREET 1200 BLOCK NORTH & 13TH AVENUE EAST,1,1,0,0,1,4,,0,25,0,0,0,0,0,4,2,14
,2016_13328,39.711114,-104.980383,8/22/2016 17:40,17:40,15,0,0,PEARL STREET SOUTH & ALAMEDA AVENUE EAST,1,1,0,0,1,4,,0,25,0,0,0,0,0,4,2,13
,2016_13329,39.711114,-104.980383,10/27/2016 20:15,20:15,6,0,0,PEARL STREET 300 BLOCK SOUTH & ALAMEDA AVENUE EAST,1,3,0,0,1,4,,0,30,0,0,0,0,0,4,2,13
,2016_13330,39.745566,-104.995152,3/12/2016 0:59,0:59,3,0,0,15TH STREET & CHAMPA STREET,1,3,1,7,1,1,,0,30,0,0,0,0,1,4,2,3
,2016_13331,39.844602,-104.6809395,4/17/2016 5:54,5:54,12,0,0,PENA BOULEVARD & 8400 BLOCK,6,1,0,2,1,4,,0,15,0,0,0,0,0,4,3,10
,2016_13332,39.798396,-104.786415,5/16/2016 8:20,8:20,12,0,0,PENA BOULEVARD & 56TH AVENUE EAST,2,1,0,4,1,4,,0,45,0,0,0,0,0,4,2,3
,2016_13333,39.783609,-104.7913916,6/3/2016 10:05,10:05,12,0,0,PENA BOULEVARD EAST & GREEN VALLEY RANCH BOULEVARD EAST,1,1,0,7,1,4,,0,45,0,0,0,0,0,4,2,7
,2016_13334,39.83346903,-104.692932,5/19/2016 14:50,14:50,5,0,0,PENA BOULEVARD & JACKSON GAP STREET NORTH,1,1,1,0,3,4,,0,35,0,0,0,0,0,4,1,12
,2016_13335,39.83346903,-104.692932,12/11/2016 7:30,7:30,5,0,1,PENA BOULEVARD 7800 BLOCK & JACKSON GAP STREET NORTH,8,1,0,7,2,4,,0,55,0,0,0,0,2,4,1,14
,2016_13336,39.83338151,-104.771988,10/1/2016 17:53,17:53,15,0,0,PENA BOULEVARD & TOWER ROAD,1,1,0,0,1,4,,0,65,0,0,0,0,1,4,2,5
,2016_13337,39.77111967,-104.8469854,6/15/2016 19:10,19:10,12,0,0,PEORIA STREET 3900 BLOCK NORTH & 39TH AVENUE EAST,1,1,0,7,1,4,,0,35,0,0,0,0,0,4,2,16
,2016_13338,39.776427,-104.8469535,6/1/2016 7:55,7:55,15,0,0,PEORIA STREET NORTH & 44TH AVENUE EAST,1,1,0,0,1,1,,0,35,0,0,0,0,0,4,2,13
,2016_13339,39.776427,-104.8469535,10/10/2016 16:22,16:22,12,0,0,PEORIA STREET NORTH & 44TH AVENUE EAST,1,1,0,0,1,1,,0,35,0,0,0,0,0,4,2,3
,2016_13340,39.778047,-104.8471245,11/4/2016 7:30,7:30,15,0,0,PEORIA STREET NORTH & 45TH AVENUE EAST,1,1,0,7,1,3,,0,35,0,0,0,0,0,4,2,16
,2016_13341,39.782385,-104.847093,12/21/2016 13:54,13:54,1,0,0,PEORIA STREET NORTH & 47TH AVENUE EAST,1,1,0,0,1,1,,0,65,0,0,0,0,0,4,2,13
,2016_13342,39.774204,-104.84712,5/4/2016 15:02,15:02,12,0,0,PEORIA STREET NORTH & I70,1,1,0,0,1,4,,0,40,0,0,0,0,1,4,2,3
,2016_13343,39.75758416,-105.0078234,10/6/2016 19:22,19:22,6,0,0,PLATTE STREET & 1400 BLOCK,1,3,0,0,1,4,,0,25,0,0,0,0,0,4,2,13
,2016_13344,39.691683,-104.99679,4/9/2016 18:50,18:50,12,0,0,PLATTE RIVER DRIVE SOUTH & HURON STREET SOUTH,1,1,0,0,1,1,,0,40,0,0,0,0,0,4,2,3
,2016_13345,39.77171824,-104.90281,9/20/2016 12:26,12:26,12,0,0,QUEBEC STREET & 3200 BLOCK,1,1,0,0,1,4,,0,35,0,0,0,0,0,4,3,8
,2016_13346,39.748617,-104.903451,3/8/2016 13:20,13:20,3,0,0,QUEBEC STREET NORTH & 21ST AVENUE EAST,1,1,0,0,1,1,,0,30,0,0,0,0,0,4,2,14
,2016_13347,39.749796,-104.903433,6/2/2016 12:26,12:26,12,0,0,QUEBEC STREET NORTH & 22ND AVENUE EAST,1,1,0,7,1,1,,0,35,0,0,0,0,0,4,2,14
,2016_13348,39.767382,-104.90346,6/6/2016 14:23,14:23,15,0,0,QUEBEC STREET NORTH & 36TH AVENUE EAST,1,1,0,0,1,2,,0,45,0,0,0,0,0,4,2,8
,2016_13349,39.717045,-104.903793,11/23/2016 16:29,16:29,6,0,0,QUEBEC STREET NORTH & LOWRY BOULEVARD EAST,1,1,0,0,1,1,,0,15,0,0,0,0,0,4,2,13
,2016_13350,39.76537129,-105.040494,4/25/2016 15:34,15:34,6,0,0,QUITMAN STREET & 3400 BLOCK NORTH,1,1,0,0,1,4,,0,35,0,0,0,0,0,4,2,13
,2016_13351,39.740337,-105.0404805,1/11/2016 9:00,9:00,6,0,0,QUITMAN STREET 1500 BLOCK NORTH & COLFAX AVENUE WEST,5,1,0,7,1,4,,0,25,0,0,0,0,0,4,2,16
,2016_13352,39.797631,-104.812524,2/7/2016 21:00,21:00,6,0,0,RANDOLPH PLACE 15000 BLOCK EAST & FAIRPLAY STREET NORTH,1,3,0,0,1,4,,0,25,0,0,0,0,0,4,2,1
,2016_13353,39.737259,-104.8999725,8/10/2016 2:00,2:00,6,0,0,ROSEMARY STREET NORTH & 13TH AVENUE EAST,1,4,0,0,1,4,,0,25,0,0,0,0,0,4,2,12
,2016_13354,39.760551,-104.9001615,8/8/2016 23:20,23:20,3,0,1,ROSLYN STREET NORTH & MLK BOULEVARD,1,3,0,7,1,1,,0,35,0,0,0,0,2,4,2,3
,2016_13355,39.745206,-105.0095835,5/13/2016 15:53,15:53,3,0,0,SEVENTH STREET & AURARIA PARKWAY,1,1,0,7,1,1,,0,35,0,0,0,0,0,4,2,16
,2016_13356,39.740652,-104.9911335,11/9/2016 10:30,10:30,15,0,0,14TH STREET 200 BLOCK & COURT PLACE,1,1,0,7,1,4,,0,30,0,0,0,0,0,4,2,16
,2016_13357,39.74885078,-104.999416,2/22/2016 11:55,11:55,12,0,0,15TH STREET & 2500 BLOCK,1,1,1,0,1,4,,0,30,0,0,0,0,0,4,2,16
,2016_13358,39.746898,-104.996871,2/4/2016 8:55,8:55,12,0,0,15TH STREET & ARAPAHOE STREET,5,1,0,7,1,1,,0,30,0,0,0,0,0,4,2,16
,2016_13359,39.745431,-104.9901075,11/13/2016 21:45,21:45,12,0,0,17TH STREET & WELTON STREET,1,3,0,7,1,1,,0,35,0,0,0,0,0,4,2,3
,2016_13360,39.745044,-104.987394,4/7/2016 6:55,6:55,15,0,0,18TH STREET & BROADWAY STREET NORTH,1,1,0,7,1,1,,0,30,0,0,0,0,0,4,2,16
,2016_13361,39.750804,-104.98743,4/22/2016 17:30,17:30,1,0,0,21ST STREET & BROADWAY STREET NORTH,1,1,0,7,1,1,,0,30,0,0,0,0,1,4,2,7
,2016_13362,39.752667,-104.98743,1/3/2016 12:50,12:50,15,0,0,22ND STREET & BROADWAY STREET,1,1,0,0,1,1,,0,30,0,0,0,0,0,4,2,13
,2016_13363,39.75075,-104.984946,6/10/2016 11:40,11:40,3,0,0,22ND STREET & CALIFORNIA STREET,1,1,0,7,1,1,,0,25,0,0,0,0,0,4,2,16
,2016_13364,39.765744,-104.9777505,7/22/2016 8:45,8:45,3,0,0,33RD STREET & WALNUT STREET,1,1,0,7,1,1,,0,25,0,0,0,0,0,4,2,7
,2016_13365,39.774942,-104.9780205,4/29/2016 23:00,23:00,12,0,0,38TH STREET & ARKINS COURT,2,3,1,1,1,3,,0,25,0,0,0,0,0,4,2,5
,2016_13366,39.774942,-104.9780205,6/15/2016 21:18,21:18,12,0,0,38TH STREET & ARKINS COURT,1,3,0,7,1,1,,1,30,0,0,0,0,0,4,3,3
,2016_13367,39.770253,-104.9719725,3/24/2016 19:35,19:35,12,0,0,38TH STREET & WALNUT STREET,2,2,0,0,1,1,,0,30,0,0,0,0,0,4,2,1
,2016_13368,39.711186,-104.997132,1/13/2016 9:04,9:04,12,0,0,SANTA FE DRIVE & ALAMEDA AVENUE WEST,1,1,0,0,1,1,,0,25,0,0,0,0,0,4,2,13
,2016_13369,39.712266,-104.997654,2/13/2016 14:23,14:23,10,0,0,SANTA FE DRIVE SOUTH & BYERS PLACE WEST,1,1,0,0,1,1,,0,30,0,0,0,0,1,4,2,13
,2016_13370,39.841182,-104.6701395,3/9/2016 14:10,14:10,3,0,0,SHADY GROVE STREET & 80TH AVENUE EAST,1,1,0,0,1,2,,0,25,0,0,0,0,0,4,2,1
,2016_13371,39.694617,-104.9847705,10/5/2016 7:30,7:30,6,0,0,SHERMAN STREET 1200 BLOCK NORTH & 13TH AVENUE EAST,1,1,0,0,1,4,,0,30,0,0,0,0,0,4,2,13
,2016_13372,39.743235,-104.9848425,5/11/2016 17:05,17:05,6,0,0,SHERMAN STREET & 17TH AVENUE EAST,1,1,0,0,1,2,,0,25,0,0,0,0,0,4,2,3
,2016_13373,39.773142,-104.9127615,1/22/2016 21:38,21:38,12,0,0,SMITH ROAD EAST & MONACO STREET NORTH,1,3,0,7,1,3,,0,30,0,0,0,0,0,4,2,1
,2016_13374,39.73851768,-104.9969761,10/28/2016 7:50,7:50,6,0,0,SPEER BOULEVARD & 2800 BLOCK NORTH,1,1,0,0,1,4,,0,35,0,0,0,0,0,4,2,13
,2016_13375,39.720105,-104.9775525,2/19/2016 12:23,12:23,15,0,0,SPEER BOULEVARD 600 BLOCK EAST & THIRD AVENUE EAST,1,1,0,0,1,3,,0,35,0,0,0,0,0,4,2,13
,2016_13376,39.738456,-104.9976405,10/19/2016 19:07,19:07,15,0,0,SPEER BOULEVARD NORTH & 14TH AVENUE WEST,1,3,0,0,1,1,,0,35,0,0,0,0,1,4,2,14
,2016_13377,39.744468,-105.0000435,6/20/2016 19:10,19:10,12,0,0,SPEER BOULEVARD 1000 BLOCK NORTH & ARAPAHOE STREET,1,3,0,7,1,3,,0,35,0,0,0,0,0,4,2,16
,2016_13378,39.744468,-105.0000435,9/29/2016 16:00,16:00,15,0,0,SPEER BOULEVARD 1100 BLOCK NORTH & ARAPAHOE STREET,1,1,0,0,1,4,,0,30,0,0,0,0,1,4,2,13
,2016_13379,39.744468,-105.0000435,9/29/2016 18:00,18:00,15,0,0,SPEER BOULEVARD NORTH & ARAPAHOE STREET,1,1,1,0,1,1,,0,35,0,0,0,0,0,4,2,13
,2016_13380,39.748446,-105.0033735,3/17/2016 12:08,12:08,15,0,0,SPEER BOULEVARD & AURARIA STREET,1,1,0,0,1,1,,0,35,0,0,0,0,0,4,2,13
,2016_13381,39.740022,-104.998824,11/3/2016 17:00,17:00,12,0,0,SPEER BOULEVARD 1400 BLOCK NORTH & COLFAX AVENUE WEST,1,1,0,7,1,4,,0,35,0,0,0,0,0,4,2,3
,2016_13382,39.740022,-104.998824,12/16/2016 21:30,21:30,12,0,0,SPEER BOULEVARD NORTH & COLFAX AVENUE WEST,4,3,1,2,1,3,,0,35,0,0,0,0,0,4,2,16
,2016_13383,39.71835,-104.9745915,6/2/2016 10:17,10:17,3,0,0,SPEER BOULEVARD EAST & CORONA STREET NORTH,1,1,1,0,1,1,,0,35,0,0,0,0,1,4,2,8
,2016_13384,39.723435,-104.983794,6/30/2016 13:25,13:25,15,0,0,SPEER BOULEVARD 200 BLOCK EAST & GRANT STREET EAST,1,1,0,7,1,3,,0,30,0,0,0,0,0,4,2,16
,2016_13385,39.741426,-104.9988915,8/9/2016 14:52,14:52,15,0,0,SPEER BOULEVARD NORTH & STOUT STREET,1,1,0,7,1,1,,0,35,0,0,0,0,0,4,2,16
,2016_13386,39.750192,-105.0047415,1/24/2016 17:05,17:05,3,0,0,SPEER BOULEVARD NORTH & WEWATTA STREET,1,3,0,7,1,1,,0,30,0,0,0,0,0,4,2,16
,2016_13387,39.75633,-105.015852,11/15/2016 17:45,17:45,12,0,0,SPEER BOULEVARD NORTH & ZUNI STREET NORTH,1,3,1,7,1,1,,0,35,0,0,0,0,0,4,2,3
,2016_13388,39.779757,-104.9317335,3/30/2016 14:49,14:49,3,0,1,STAPLETON SOUTH DRIVE EAST & DAHLIA STREET NORTH,2,1,0,1,1,1,,0,30,0,0,0,0,2,4,2,16
,2016_13389,39.74676075,-104.99172,5/19/2016 22:58,22:58,12,0,0,STOUT STREET 1700 BLOCK & 18TH STREET,1,3,0,7,1,3,,0,30,0,0,0,0,0,4,1,14
,2016_13390,39.78261899,-105.0427634,4/7/2016 8:43,8:43,6,0,0,STUART STREET NORTH & 1360,1,1,0,0,1,4,,0,25,0,0,0,0,0,4,2,14
,2016_13391,39.717432,-105.0109335,6/30/2016 20:47,20:47,10,0,0,TEJON STREET NORTH & IRVINGTON PLACE WEST,1,2,0,0,1,1,,0,25,0,0,0,0,0,4,2,7
,2016_13392,39.694986,-105.043734,7/28/2016 20:05,20:05,15,0,0,TENNYSON STREET SOUTH & ARIZONA STREET WEST,1,2,0,0,1,4,,0,25,0,0,0,0,0,4,2,1
,2016_13393,39.778371,-105.0439635,3/25/2016 16:25,16:25,3,0,0,TENNYSON STREET NORTH & 45TH AVENUE WEST,1,1,0,7,1,1,,0,25,0,0,0,0,0,4,2,16
,2016_13394,39.74785512,-104.9834395,3/9/2016 8:23,8:23,6,0,0,TREMONT PLACE 2100 BLOCK & 21ST AVENUE EAST,1,1,1,0,1,4,,0,25,0,0,0,0,0,4,2,10
,2016_13395,39.741966,-104.8963725,3/30/2016 12:50,12:50,3,0,0,TRENTON STREET NORTH & 16TH AVENUE EAST,1,1,0,7,1,1,,0,25,0,0,0,0,0,4,2,7
,2016_13396,39.781179,-104.8414545,11/20/2016 18:15,18:15,3,0,0,TULSA COURT NORTH & ALBROOK DRIVE EAST,1,3,0,7,1,1,,0,40,0,0,0,0,1,4,2,3
,2016_13397,39.791043,-105.0123735,8/7/2016 0:09,0:09,6,0,0,UMATILLA STREET NORTH & 52ND AVENUE WEST,1,3,0,0,1,4,,0,25,0,0,0,0,0,4,4,5
,2016_13398,39.660363,-104.959431,3/1/2016 19:43,19:43,1,0,0,UNIVERSITY BOULEVARD SOUTH & DARTMOUTH AVENUE EAST,1,3,0,7,1,1,,0,35,0,0,0,0,0,4,2,16
,2016_13399,39.678363,-104.959404,7/20/2016 17:45,17:45,12,0,0,UNIVERSITY BOULEVARD SOUTH & EVANS AVENUE EAST,1,1,0,7,1,4,,0,35,0,0,0,0,0,4,3,16
,2016_13400,39.78458426,-104.884983,7/22/2016 23:39,23:39,5,0,0,YOSEMITE STREET & 1155 NORTH,1,3,0,0,2,4,,0,25,0,0,0,0,0,4,1,13
,2016_13401,39.703851,-104.95935,6/22/2016 19:10,19:10,6,0,0,UNIVERSITY BOULEVARD SOUTH & EXPOSITION AVENUE EAST,1,1,0,0,1,4,,0,30,0,0,0,0,0,4,2,13
,2016_13402,39.689289,-104.959341,12/18/2016 20:38,20:38,12,0,0,UNIVERSITY BOULEVARD 1400 BLOCK SOUTH & FLORIDA AVENUE EAST,5,3,0,7,1,4,,0,35,0,0,0,0,1,4,2,16
,2016_13403,39.674835,-104.9594175,3/3/2016 11:06,11:06,12,0,0,UNIVERSITY BOULEVARD 2200 BLOCK SOUTH & ILIFF AVENUE,1,1,0,7,1,4,,0,35,0,0,0,0,1,4,5,3
,2016_13404,39.702006,-104.959341,5/24/2016 17:32,17:32,12,0,0,UNIVERSITY BOULEVARD 800 BLOCK SOUTH & OHIO AVENUE EAST,1,1,0,7,1,4,,0,30,0,0,0,0,0,4,2,14
,2016_13405,39.669399,-104.9593905,12/23/2016 9:26,9:26,12,0,0,UNIVERSITY BOULEVARD 2500 BLOCK SOUTH & VASSAR AVENUE EAST,1,1,0,7,1,3,,0,30,0,0,0,0,0,4,2,1
,2016_13406,39.676581,-104.9437215,2/9/2016 16:15,16:15,3,0,0,WARREN AVENUE EAST & JACKSON STREET SOUTH,1,1,0,7,1,1,,0,25,0,0,0,0,0,4,2,16
,2016_13407,39.691161,-104.979285,4/8/2016 19:52,19:52,6,0,0,WASHINGTON STREET 1300 BLOCK SOUTH & ARKANSAS AVENUE EAST,1,2,0,0,1,4,,0,30,0,0,0,0,0,4,2,3
,2016_13408,39.738375,-104.965992,2/3/2016 19:24,19:24,12,0,0,WILLIAMS STREET & 14TH AVENUE EAST,5,3,1,0,1,1,,0,30,0,0,0,0,0,4,2,5
,2016_13409,39.76610063,-105.0487703,7/1/2016 10:11,10:11,6,0,0,WOLFF STREET & 600 BLOCK NORTH,1,1,1,7,1,4,,0,10,0,0,0,0,0,4,2,16
,2016_13410,39.76610063,-105.0487703,3/28/2016 7:15,7:15,12,0,0,WOLFF STREET & 2200 BLOCK SOUTH,1,1,1,0,1,4,,0,25,0,0,0,0,0,4,2,7
,2016_13411,39.667581,-104.9593905,6/20/2016 22:03,22:03,12,0,0,YALE AVENUE EAST & UNIVERSITY BOULEVARD SOUTH,1,3,0,7,1,4,,0,30,0,0,0,0,0,4,2,16
,2016_13412,39.7821206,-104.9592915,2/16/2016 10:05,10:05,15,0,0,YORK STREET & 1300 BLOCK NORTH,1,1,0,0,1,4,,0,30,0,0,0,0,0,4,2,7
,2016_13413,39.746916,-104.9598135,1/14/2016 16:22,16:22,12,0,0,YORK STREET NORTH & 20TH AVENUE EAST,1,3,0,0,1,1,,0,30,0,0,0,0,0,4,2,6
,2016_13414,39.763224,-104.959782,4/2/2016 20:34,20:34,5,0,0,YORK STREET NORTH & 33RD AVENUE EAST,1,3,0,7,3,4,,0,30,0,0,0,0,1,4,1,16
,2016_13415,39.78458426,-104.884983,2/1/2016 15:03,15:03,12,0,0,YOSEMITE STREET & 3500 BLOCK SOUTH,2,1,1,2,1,4,,0,35,0,0,0,0,0,4,2,3
,2016_13416,39.729141,-104.88672,7/15/2016 1:15,1:15,5,0,0,YOSEMITE STREET NORTH & AKRON WAY NORTH,1,3,0,7,2,4,,0,25,0,0,0,0,0,4,1,1
,2016_13419,39.628836,-104.885334,5/5/2016 15:20,15:20,12,0,0,YOSEMITE STREET 4800 BLOCK SOUTH & CAMPUS DRIVE,1,1,1,7,1,4,,0,35,0,0,0,0,1,4,3,16
,2016_13420,39.72393,-104.8839413,12/20/2016 8:26,8:26,12,0,0,YOSEMITE STREET & LOWRY BOULEVARD,5,1,0,0,1,4,,0,30,0,0,0,0,1,4,2,13
,2016_13421,39.754845,-105.0520725,10/19/2016 17:43,17:43,3,0,1,ZENOBIA STREET NORTH & 26TH AVENUE WEST,1,1,1,7,1,1,,0,25,0,0,0,0,2,4,2,16
,2016_13422,39.765636,-105.015843,2/14/2016 17:55,17:55,6,0,1,ZUNI STREET NORTH & 35TH AVENUE WEST,1,3,0,0,1,4,,0,30,0,0,0,0,2,4,4,8
,2016_13695,39.758238,-104.9671935,9/3/2016 14:00,14:00,6,0,0,GILPIN STREET NORTH & 29TH AVENUE EAST APPROXIMATELY,1,1,1,0,1,3,,0,,0,0,0,0,0,4,2,13
,2016_13752,39.761991,-105.025275,8/17/2016 7:40,7:40,12,0,0,FEDERAL BOULEVARD NORTH & 32ND AVENUE WEST,1,1,0,0,1,4,,0,35,0,0,0,0,0,2,2,14
,2016_13881,39.763836,-104.9105835,9/7/2016 17:38,17:38,6,0,0,NIAGARA STREET NORTH & 33RD AVENUE EAST,1,1,0,0,1,4,,0,25,0,0,0,0,0,4,2,14
,2016_14037,39.781863,-104.980104,5/13/2016 17:05,17:05,6,0,0,PEARL STREET NORTH & 47TH AVENUE EAST,1,1,0,0,1,4,,0,25,0,0,0,0,0,4,2,5
,2016_14039,39.756024,-105.020514,9/13/2016 1:00,1:00,6,0,0,CLAY STREET & 27TH AVENUE WEST,1,3,0,0,1,4,,0,30,0,0,0,0,0,4,2,14
,2016_14151,39.696696,-105.0003135,8/28/2016 11:30,11:30,5,0,0,MISSISSIPPI AVENUE WEST & KALAMATH STREET SOUTH,1,1,0,0,3,3,,0,25,0,0,0,0,0,4,1,3
,2016_14202,39.776859,-104.775966,10/7/2016 7:30,7:30,13,0,0,44TH AVENUE EAST & WALDEN WAY NORTH,1,1,0,0,1,4,,0,,0,0,0,0,1,4,2,13
,2016_14217,39.73190582,-104.9861681,4/10/2016 2:20,2:20,6,0,0,LINCOLN STREET & 800 BLOCK NORTH,1,3,1,0,1,4,,0,,0,0,0,0,0,4,2,13
,2016_14218,39.711186,-104.997132,8/21/2016 1:23,1:23,12,0,0,ALAMEDA AVENUE WEST & SANTA FE DRIVE SOUTH,1,3,0,0,1,1,,0,30,0,0,0,0,0,4,2,2
,2016_14220,39.725694,-104.9985945,8/22/2016 7:58,7:58,15,0,0,SIXTH AVENUE WEST & SANTA FE DRIVE NORTH,1,1,0,0,1,1,,0,35,0,0,0,0,0,4,2,13
,2016_14221,39.748887,-104.9874525,8/27/2016 12:26,12:26,12,0,0,CALIFORNIA STREET & BROADWAY NORTH,1,1,0,0,1,1,,0,25,0,0,0,0,0,4,2,13
,2016_14222,39.7839105,-105.0062513,9/8/2016 6:59,6:59,3,0,0,PECOS STREET NORTH & 48TH AVENUE WEST,1,1,0,0,1,6,,0,35,0,0,0,0,0,4,2,14
,2016_14223,39.779757,-104.9317335,9/9/2016 14:37,14:37,10,0,0,DAHLIA STREET & STAPLETON NORTH DRIVE EAST,1,1,0,0,1,4,,0,30,0,0,0,0,0,4,2,13
,2016_14224,39.716235,-104.949963,9/20/2016 7:35,7:35,1,0,0,STEELE STREET SOUTH & ELLSWORTH AVENUE EAST,1,1,0,0,1,1,,0,30,0,0,0,0,0,4,2,1
,2016_14225,39.768309,-104.851692,9/20/2016 9:11,9:11,12,0,0,NOME STREET NORTH & 37TH AVENUE EAST,1,1,0,0,1,2,,0,35,0,0,0,0,0,4,2,13
,2016_14226,39.742263,-104.9993505,9/22/2016 7:55,7:55,15,0,0,SPEER BOULEVARD & CHAMPA STREET,1,2,1,0,1,1,,0,35,0,0,0,0,0,4,2,13
,2016_14227,39.728925,-104.995224,9/26/2016 17:37,17:37,3,0,0,EIGHTH AVENUE WEST & FOX STREET NORTH,1,1,0,0,1,1,,0,30,0,0,0,0,0,4,2,13
,2016_14228,39.77794247,-104.95827,9/29/2016 17:42,17:42,15,0,0,JOSEPHINE STREET & 4000 BLOCK NORTH,1,1,0,0,1,4,,0,35,0,0,0,0,0,4,2,13
,2016_14229,39.725694,-104.996412,10/1/2016 22:25,22:25,10,0,0,SIXTH AVENUE WEST & GALAPAGO STREET NORTH,1,3,0,0,1,1,,0,,0,0,0,0,0,4,2,13
,2016_14230,39.783834,-105.005133,10/3/2016 12:11,12:11,15,0,0,48TH AVENUE WEST & OSAGE STREET NORTH,1,1,0,0,1,3,,0,30,0,0,0,0,0,4,2,13
,2016_14231,39.692997,-104.976963,10/4/2016 10:17,10:17,3,0,0,EMERSON STREET SOUTH & LOUISIANA AVENUE   EAST,1,1,0,0,1,1,,0,25,0,0,0,0,0,4,2,13
,2016_14232,39.616452,-105.096654,2/1/2016 20:00,20:00,6,0,0,BERRY AVENUE WEST & ESTES STREET SOUTH,4,3,0,2,1,4,,0,25,0,0,0,0,0,4,2,13
,2016_14233,39.783609,-104.7913916,10/7/2016 13:50,13:50,12,0,0,PENA BOULEVARD OFFRAMP & GREEN VALLEY RANCH BOULEVARD,1,1,0,0,1,14,,0,25,0,0,0,0,0,4,2,13
,2016_14234,39.708891,-104.9129505,10/7/2016 14:55,14:55,12,0,0,DAKOTA AVENUE & MONACO STREET SOUTH,1,1,1,0,1,3,,0,25,0,0,0,0,0,4,2,13
,2016_14235,39.736872,-104.970681,10/9/2016 10:19,10:19,15,0,0,13TH AVENUE EAST & LAFAYETTE STREET,1,1,0,0,1,4,,0,30,0,0,0,0,0,4,2,13
,2016_14236,39.635253,-105.082344,10/10/2016 11:13,11:13,6,0,0,WADSWORTH WAY SOUTH & STANFORD AVENUE WEST,10,1,0,0,1,4,,0,25,0,0,0,0,0,4,2,3
,2016_14237,39.722535,-104.987502,10/14/2016 12:20,12:20,10,0,0,FOURTH AVENUE & BROADWAY NORTH,1,1,0,0,1,1,,0,30,0,0,0,0,0,4,2,13
,2016_14238,39.718323,-104.9826015,10/26/2016 18:53,18:53,6,0,0,LOGAN STREET NORTH & FIRST AVENUE EAST,1,3,0,0,1,4,,0,30,0,0,0,0,0,4,2,13
,2016_14239,39.755457,-104.9910525,11/29/2016 10:40,10:40,3,0,0,22ND STREET & MARKET STREET,1,1,0,0,1,1,,0,30,0,0,0,0,0,4,2,7
,2016_14240,39.678543,-105.032142,12/3/2016 1:52,1:52,5,0,0,EVANS AVENUE & KNOX COURT ROAD NORTH,1,3,0,0,5,4,,0,,0,0,0,0,0,3,1,13
,2016_14241,39.772881,-104.9429205,12/4/2016 15:33,15:33,1,0,0,JACKSON STREET NORTH & 40TH AVENUE EAST,1,1,0,0,1,1,,0,25,0,0,0,0,0,4,2,13
,2016_14242,39.78527873,-104.7676622,12/19/2016 15:46,15:46,5,0,0,ARGONNE WAY NORTH & 4800 BLOCK,4,1,0,0,3,4,,0,30,0,0,0,0,0,4,1,14
,2016_14243,39.735108,-104.946174,7/11/2016 17:00,17:00,6,0,0,12TH AVENUE EAST & MADISON STREET NORTH,1,1,0,0,1,4,,0,25,0,0,0,0,0,4,2,3