id,drcog_id,latitude,longitude,crashtime,time,crashtype,numbkilled,numbinjurd,drcoglocat,rdconditin,lightngcon,roadcntgrd,weatherco,location,roaddescrp,schoolzone,constrzone,splimit,bikeinv,pedinv,sctrinv,motoinv,svrty,rdsystem,ttlvehcls,hcf
,2016_14244,39.718332,-104.9705775,10/21/2016 9:33,9:33,12,0,0,FIRST AVENUE EAST & LAFAYETTE STREET NORTH,1,1,0,0,1,4,,0,25,0,0,0,0,0,4,2,3
,2016_14245,39.718026,-104.9522265,3/1/2016 16:44,16:44,12,0,3,FIRST AVENUE EAST & MILWAUKEE STREET NORTH,1,1,0,0,1,1,,0,35,0,0,0,0,2,4,2,13
,2016_14246,39.718368,-104.9849865,4/16/2016 12:55,12:55,3,0,0,FIRST AVENUE 200 BLOCK EAST & SHERMAN STREET NORTH,2,1,0,2,1,5,,0,25,0,0,0,0,0,4,2,13
,2016_14247,39.718179,-104.959314,12/6/2016 9:25,9:25,15,0,0,FIRST AVENUE EAST & UNIVERSITY AVENUE NORTH,1,1,0,7,1,3,,0,30,0,0,0,0,0,4,2,16
,2016_14249,39.719394,-104.954625,9/2/2016 12:14,12:14,6,0,0,SECOND AVENUE 2800 BLOCK EAST & DETROIT STREET NORTH,1,1,1,0,1,4,,0,25,0,0,0,0,0,4,2,13
,2016_14250,39.719745,-105.032475,11/8/2016 9:55,9:55,3,0,0,SECOND AVENUE WEST & KNOX COURT NORTH,1,1,0,7,1,1,,0,25,0,0,0,0,0,4,2,7
,2016_14251,39.72042,-105.053274,12/14/2016 2:15,2:15,6,0,0,SECOND AVENUE WEST & SHERIDAN BOULEVARD NORTH,1,3,0,0,1,4,,0,25,0,0,0,0,0,4,2,13
,2016_14253,39.721329,-105.0397155,5/27/2016 6:20,6:20,3,0,1,THIRD AVENUE WEST & PERRY STREET NORTH,1,2,1,7,1,1,,0,25,0,0,0,0,2,4,2,7
,2016_14254,39.722535,-104.9862825,11/1/2016 9:35,9:35,1,0,0,FOURTH AVENUE EAST & LINCOLN STREET NORTH,1,1,0,0,1,1,,0,30,0,0,0,0,0,4,2,13
,2016_14255,39.724101,-104.978763,2/29/2016 20:01,20:01,12,0,0,FIFTH AVENUE 700 BLOCK EAST & WASHINGTON STREET NORTH,1,3,0,7,1,4,,0,35,0,0,0,0,0,4,3,3
,2016_14256,39.725667,-104.99283,2/1/2016 18:49,18:49,14,0,0,SIXTH AVENUE WEST & DELAWARE STREET NORTH,4,3,0,2,1,1,,0,5,0,0,0,0,0,4,2,13
,2016_14257,39.725586,-104.972922,5/22/2016 10:40,10:40,3,0,0,SIXTH AVENUE EAST & DOWNING STREET NORTH,1,1,0,0,1,1,,0,35,0,0,0,0,1,4,2,13
,2016_14258,39.725316,-104.922801,8/24/2016 13:13,13:13,12,0,0,SIXTH AVENUE EAST & HOLLY STREET NORTH,2,1,0,1,1,1,,0,30,0,0,0,0,0,4,2,13
,2016_14259,39.72627,-105.0002055,1/18/2016 14:42,14:42,15,0,0,SIXTH AVENUE WEST & KALAMATH STREET SOUTH,1,1,0,0,1,4,,0,35,0,0,0,0,0,4,3,14
,2016_14260,39.725604,-105.0325155,12/24/2016 22:22,22:22,3,0,0,SIXTH AVENUE WEST  & KNOX COURT NORTH,1,3,0,0,1,1,,0,25,0,0,0,0,1,4,2,13
,2016_14261,39.72564,-104.9811345,4/14/2016 9:55,9:55,12,0,1,SIXTH AVENUE 400 BLOCK EAST & PENNSYLVANIA AVENUE NORTH,1,1,0,7,1,3,,0,30,0,0,0,0,2,4,2,16
,2016_14262,39.727305,-104.9986125,1/17/2016 13:06,13:06,3,0,0,SEVENTH AVENUE WEST & SANTA FE DRIVE NORTH,1,1,0,0,1,5,,0,15,0,0,0,0,0,4,2,13
,2016_14263,39.727251,-104.9788035,7/23/2016 16:38,16:38,3,0,0,SEVENTH AVENUE EAST & WASHINGTON STREET NORTH,1,1,0,0,1,1,,0,30,0,0,0,0,0,4,2,13
,2016_14264,39.729321,-105.019803,10/28/2016 15:15,15:15,1,0,0,EIGHTH AVENUE WEST & CANOSA COURT NORTH,1,1,1,7,1,1,,0,30,0,0,0,0,1,4,3,16
,2016_14265,39.729078,-104.983614,4/22/2016 15:12,15:12,12,0,0,EIGHTH AVENUE EAST & GRANT STREET NORTH,1,1,0,0,1,1,,0,30,0,0,0,0,0,4,2,13
,2016_14266,39.729267,-104.913936,4/22/2016 17:10,17:10,3,0,0,EIGHTH AVENUE EAST & LOCUST STREET NORTH,1,1,0,7,1,1,,0,30,0,0,0,0,0,4,2,16
,2016_14267,39.731112,-105.0309855,9/18/2016 2:19,2:19,6,0,0,NINTH AVENUE WEST & JULIA STREET NORTH,1,3,0,0,1,4,,0,25,0,0,0,0,0,4,2,1
,2016_14268,39.732948,-105.027516,1/22/2016 18:53,18:53,3,0,0,10TH AVENUE WEST & HAZEL COURT NORTH,1,3,0,0,1,1,,0,25,0,0,0,0,0,4,2,13
,2016_14269,39.75130672,-104.9981625,5/28/2016 1:18,1:18,6,0,0,BLAKE STREET & 1434,1,3,0,0,1,4,,0,25,0,0,0,0,0,4,2,14
,2016_14270,39.73383,-104.986161,4/12/2016 23:10,23:10,12,0,0,11TH AVENUE 000 BLOCK EAST & LINCOLN STREET NORTH,1,3,0,0,1,4,,0,30,0,0,0,1,1,4,2,5
,2016_14271,39.733713,-104.971824,4/10/2016 13:09,13:09,3,0,0,11TH AVENUE EAST & MARION STREET NORTH,1,1,1,7,1,1,,0,25,0,0,0,0,0,4,2,16
,2016_14272,39.83338151,-104.771988,8/14/2016 7:00,7:00,5,0,0,PENA BOULEVARD 7500 BLOCK & TOWER ROAD NORTH,1,1,0,0,2,4,,0,55,0,0,0,0,0,4,1,1
,2016_14273,39.736863,-104.976432,3/24/2016 7:35,7:35,3,0,0,13TH AVENUE EAST & EMERSON STREET NORTH,5,1,0,7,1,1,,0,30,0,0,0,0,0,4,2,7
,2016_14274,39.736746,-104.9418225,6/6/2016 15:18,15:18,10,0,0,13TH AVENUE EAST & HARRISON STREET NORTH,1,1,0,0,1,1,,0,30,0,0,0,0,0,4,2,13
,2016_14275,39.736863,-104.9799015,10/30/2016 14:30,14:30,10,0,0,13TH AVENUE EAST & PEARL STREET NORTH,1,1,0,0,1,1,,0,35,0,0,0,0,0,4,2,8
,2016_14276,39.74752187,-104.9872997,12/6/2016 13:45,13:45,15,0,0,20TH AVENUE & BROADWAY,5,1,0,0,1,2,,0,30,0,0,0,0,0,4,2,13
,2016_14277,39.738384,-104.974164,3/23/2016 20:23,20:23,3,0,0,14TH AVENUE EAST & CORONA STREET NORTH,4,4,0,2,1,1,,0,25,0,0,0,0,0,4,3,13
,2016_14278,39.738357,-104.954157,9/20/2016 14:08,14:08,15,0,0,14TH AVENUE 2700 BLOCK EAST & DETROIT STREET NORTH,1,1,0,0,1,4,,0,35,0,0,0,0,0,4,2,14
,2016_14279,39.733839,-104.987394,12/16/2016 18:30,18:30,15,0,0,BROADWAY & 11TH AVENUE EAST,1,3,0,7,1,4,,0,30,0,0,0,0,0,4,2,16
,2016_14280,39.738393,-104.973048,2/3/2016 21:05,21:05,3,0,0,14TH AVENUE EAST & DOWNING STREET NORTH,5,3,0,7,1,1,,0,25,0,0,0,0,0,4,2,16
,2016_14281,39.738456,-104.995314,1/5/2016 16:45,16:45,3,0,0,14TH AVENUE & FOX STREET NORTH,1,1,0,0,1,1,,0,25,0,0,0,0,0,4,2,13
,2016_14282,39.738393,-104.9718645,6/21/2016 16:10,16:10,3,0,0,14TH AVENUE EAST & MARION STREET NORTH,1,1,0,7,1,1,,0,30,0,0,0,0,0,4,2,8
,2016_14283,39.738672,-104.91048,10/21/2016 19:55,19:55,15,0,0,14TH AVENUE EAST & NIAGARA STREET NORTH,1,3,0,0,1,1,,0,30,0,0,0,0,0,4,2,13
,2016_14284,39.741957,-104.89401,5/24/2016 5:15,5:15,5,0,0,16TH AVENUE EAST & ULSTER STREET,1,2,0,0,3,4,,0,25,0,0,0,0,0,4,1,6
,2016_14285,39.74001,-104.99202,10/31/2016 13:00,13:00,3,0,0,17TH AVENUE & 2200 BLOCK EAST,1,1,0,0,1,1,,0,15,0,0,0,0,0,4,2,1
,2016_14286,39.743244,-104.976171,10/25/2016 17:48,17:48,3,0,0,17TH AVENUE & EMERSON STREET NORTH,1,1,0,0,1,1,,0,,0,0,0,0,0,4,2,13
,2016_14287,39.743235,-104.967225,5/10/2016 22:02,22:02,6,0,0,17TH AVENUE & GILPIN STREET NORTH,1,3,0,0,1,4,,0,30,0,0,0,0,0,4,2,4
,2016_14288,39.743199,-104.963454,4/30/2016 12:40,12:40,3,0,0,17TH AVENUE EAST & RACE STREET NORTH,2,1,0,2,1,1,,0,30,0,0,0,0,1,4,2,16
,2016_14289,39.743244,-104.9598315,11/18/2016 19:04,19:04,3,0,0,17TH AVENUE EAST & YORK STREET NORTH,1,3,1,7,1,1,,0,30,0,0,0,0,0,4,2,16
,2016_14290,39.744837,-104.976144,6/4/2016 13:40,13:40,3,0,0,18TH AVENUE EAST & EMERSON STREET NORTH,1,1,0,7,1,1,,0,30,0,0,0,0,0,4,2,16
,2016_14291,39.747555,-104.981094,10/13/2016 12:15,12:15,3,0,0,20TH AVENUE EAST & PENNSYLVANIA STREET NORTH,1,1,0,0,1,1,,0,30,0,0,0,0,0,4,2,13
,2016_14292,39.74855236,-104.8957898,12/4/2016 12:13,12:13,10,0,0,21ST AVENUE EAST & 1200 BLOCK,1,1,0,0,1,5,,0,30,0,0,0,0,0,4,2,8
,2016_14293,39.7512,-105.023601,6/21/2016 12:25,12:25,15,0,0,23RD AVENUE WEST & ELIOT STREET NORTH,1,1,0,0,1,3,,0,30,0,0,0,0,0,4,2,7
,2016_14294,39.750714,-104.978133,6/13/2016 22:28,22:28,3,0,0,23RD AVENUE EAST & WASHINGTON STREET NORTH,2,3,0,1,1,1,,0,25,0,0,0,0,0,4,2,16
,2016_14295,39.74001,-104.99202,1/8/2016 12:26,12:26,5,0,0,24TH AVENUE & 8000 BLOCK EAST,4,1,0,2,1,4,,0,25,0,0,0,0,0,4,2,13
,2016_14296,39.754827,-105.025284,7/11/2016 8:52,8:52,12,0,0,26TH AVENUE & FEDERAL BOULEVARD NORTH,1,1,0,0,1,3,,0,30,0,0,0,0,0,4,3,13
,2016_14297,39.754827,-105.0268275,9/9/2016 7:33,7:33,12,0,0,26TH AVENUE WEST & GROVE STREET NORTH,1,1,0,7,1,3,,0,35,0,0,0,0,1,4,3,5
,2016_14298,39.78646593,-104.8523957,3/2/2016 18:50,18:50,5,0,0,NOME STREET 4900 BLOCK NORTH & 51ST AVENUE EAST,1,3,0,6,2,4,,0,25,0,0,0,0,0,4,1,5
,2016_14299,39.754629,-104.974533,1/26/2016 13:59,13:59,3,0,0,26TH AVENUE EAST & OGDEN STREET NORTH,1,1,0,7,1,1,,0,30,0,0,0,0,0,4,2,14
,2016_14300,39.754881,-105.015924,4/26/2016 10:25,10:25,10,0,0,26TH AVENUE WEST & ZUNI STREET NORTH,1,1,1,0,1,4,,0,25,0,0,0,0,0,4,2,13
,2016_14301,39.756987,-104.969664,7/29/2016 22:36,22:36,6,0,0,28TH AVENUE EAST & HUMBOLDT STREET NORTH,1,3,0,0,1,4,,0,30,0,0,0,0,0,4,2,13
,2016_14302,39.755988,-104.9033115,2/8/2016 15:55,15:55,3,0,0,28TH AVENUE & QUEBEC STREET NORTH,1,1,0,0,1,2,,0,25,0,0,0,0,0,4,2,13
,2016_14303,39.74001,-104.99202,1/20/2016 12:55,12:55,12,0,0,29TH AVENUE & 3000 BLOCK WEST,1,5,1,0,1,5,,0,30,0,0,0,0,0,4,2,16
,2016_14304,39.761964,-104.903451,3/1/2016 9:50,9:50,15,0,0,QUEBEC STREET NORTH & MLK BOULEVARD,1,1,0,7,1,1,,0,35,0,0,0,0,0,4,2,16
,2016_14305,39.671271,-104.9875335,9/25/2016 3:05,3:05,5,0,0,BROADWAY STREET SOUTH & HARVARD AVENUE WEST,1,3,0,0,3,4,,0,35,0,0,0,0,0,4,2,4
,2016_14306,39.75822,-104.973363,10/20/2016 7:10,7:10,12,0,0,29TH AVENUE EAST & DOWNING STREET,1,1,0,7,1,3,,0,30,0,0,0,0,0,4,2,16
,2016_14307,39.74001,-104.99202,11/3/2016 17:40,17:40,3,0,0,29TH AVENUE 2800 EAST & QUEBEC STREET POPLAR STREET ALLEY,1,1,0,0,1,5,,0,25,0,0,0,0,0,4,2,13
,2016_14308,39.762117,-105.034572,7/11/2016 20:54,20:54,6,0,0,32ND AVENUE WEST & LOWELL BOULEVARD NORTH,1,2,0,0,1,4,,0,25,0,0,0,0,0,4,2,13
,2016_14309,39.67780031,-104.9633193,5/21/2016 19:26,19:26,3,0,0,37TH AVENUE 2000 EAST & RACE STREET NORTH / VINE STREET NORTH ALLEY,1,1,0,0,1,5,,0,25,0,0,0,0,0,4,2,5
,2016_14310,39.768093,-104.9474745,3/22/2016 11:30,11:30,12,0,0,37TH AVENUE EAST & COOK STREET NORTH,1,1,1,7,1,3,,0,25,0,0,0,0,0,4,2,14
,2016_14311,39.74001,-104.99202,1/7/2016 16:29,16:29,12,0,0,38TH AVENUE & 3400 BLOCK WEST,1,1,1,0,1,4,,0,35,0,0,0,0,1,4,3,13
,2016_14312,39.724506,-105.032502,9/11/2016 7:28,7:28,6,0,0,KNOX COURT & FIFTH AVENUE,1,1,1,0,1,4,,0,30,0,0,0,0,0,4,3,1
,2016_14313,39.769407,-105.0440445,7/1/2016 10:20,10:20,1,0,0,38TH AVENUE WEST & TENNYSON STREET NORTH,1,1,0,7,1,1,,0,35,0,0,0,0,0,4,2,12
,2016_14314,39.772872,-104.7960135,5/3/2016 15:34,15:34,3,0,0,40TH AVENUE EAST & AIRPORT WAY NORTH,1,1,0,7,1,1,,0,30,0,0,0,0,0,4,2,16
,2016_14315,39.772854,-104.941701,11/1/2016 17:16,17:16,12,0,0,40TH AVENUE EAST EAST & HARRISON STREET NORTH,1,1,0,7,1,1,,0,35,0,0,0,0,0,4,3,3
,2016_14316,39.772854,-104.941701,12/10/2016 1:49,1:49,5,0,0,40TH AVENUE EAST EAST & HARRISON STREET NORTH,1,3,0,7,3,4,,0,20,0,0,0,0,0,4,1,5
,2016_14317,39.844602,-104.6809395,10/28/2016 17:55,17:55,12,0,0,40TH AVENUE 16900 BLOCK EAST & PENA BOULEVARD,1,1,0,0,1,3,,0,35,0,0,0,0,0,4,2,13
,2016_14318,39.792069,-104.8805505,11/23/2016 11:45,11:45,6,0,0,BEELER COURT NORTH & 51ST DRIVE EAST,1,1,0,0,1,5,,0,10,0,0,0,0,0,4,2,13
,2016_14319,39.772944,-105.027633,10/22/2016 20:36,20:36,6,0,0,41ST AVENUE & GROVE STREET,1,1,0,0,1,4,,0,25,0,0,0,0,1,4,3,5
,2016_14320,39.77667664,-104.8451997,2/20/2016 14:14,14:14,5,0,0,44TH AVENUE & 3545 WEST,1,1,0,0,2,4,,0,30,0,0,0,0,0,4,1,7
,2016_14321,39.776616,-105.0239745,11/11/2016 17:40,17:40,3,0,0,44TH AVENUE 2800 BLOCK WEST & ELIOTT STREET NORTH,1,3,0,0,1,2,,0,30,0,0,0,0,0,4,2,13
,2016_14322,39.777759,-105.015861,4/13/2016 10:50,10:50,6,0,0,45TH AVENUE 2400 BLOCK WEST & ZUNI STREET NORTH,1,1,0,0,1,4,,0,30,0,0,0,0,0,4,2,7
,2016_14323,39.780225,-105.049782,8/19/2016 17:09,17:09,1,0,0,46TH AVENUE WEST & XAVIER STREET NORTH,2,1,1,1,1,1,,0,30,0,0,0,0,0,4,2,13
,2016_14324,39.78252,-104.872095,2/1/2016 15:20,15:20,12,0,0,47TH AVENUE 10000 BLOCK EAST & FLORENCE STREET NORTH,2,1,0,2,1,4,,0,35,0,0,0,0,0,4,3,12
,2016_14325,39.782385,-104.847093,5/3/2016 19:05,19:05,5,0,2,47TH AVENUE EAST & PEORIA STREET NORTH,1,1,0,0,2,1,,0,40,0,0,0,0,2,4,1,13
,2016_14326,39.783834,-105.005133,7/12/2016 18:55,18:55,5,0,0,48TH AVENUE WEST & OSAGE STREET NORTH,1,1,0,7,2,3,,0,35,0,0,0,0,0,4,1,14
,2016_14327,39.83797287,-104.7013859,1/8/2016 16:00,16:00,3,0,0,78TH AVENUE EAST & 25730,2,1,0,2,5,1,,0,15,0,0,0,0,0,3,2,14
,2016_14328,39.837969,-104.6928825,4/24/2016 18:55,18:55,3,0,0,78TH AVENUE EAST & JACKSON GAP STREET,1,2,0,0,1,2,,0,35,0,0,0,0,0,4,2,14
,2016_14329,39.719322,-104.989185,8/8/2016 18:15,18:15,3,0,0,ACOMA STREET NORTH & SECOND AVENUE WEST,1,1,0,7,1,1,,0,25,0,0,0,0,0,4,2,16
,2016_14330,39.711114,-104.9679378,1/8/2016 7:02,7:02,5,0,0,ALAMEDA AVENUE EAST & 1209,4,2,0,2,3,4,,0,35,0,0,0,0,0,4,1,13
,2016_14331,39.711168,-104.99238,7/19/2016 14:23,14:23,12,0,0,ALAMEDA AVENUE WEST & CHEROKEE STREET SOUTH,1,1,0,7,1,4,,0,30,0,0,0,0,1,4,3,16
,2016_14332,39.711105,-104.97339,2/4/2016 23:15,23:15,5,0,0,ALAMEDA AVENUE EAST & DOWNING STREET SOUTH,2,3,0,0,3,4,,0,30,0,0,0,0,0,4,1,5
,2016_14333,39.711105,-104.9769135,12/13/2016 17:03,17:03,12,0,0,ALAMEDA AVENUE 800 BLOCK EAST & EMERSON STREET SOUTH,1,3,1,7,1,4,,0,30,0,0,0,0,0,4,3,16
,2016_14334,39.711186,-104.997132,7/23/2016 21:45,21:45,12,0,0,ALAMEDA AVENUE WEST & SANTA FE DRIVE SOUTH,1,3,0,7,1,1,,0,35,0,0,0,0,0,4,2,7
,2016_14335,39.687489,-104.9394825,4/14/2016 11:04,11:04,15,0,0,ALBION STREET 1500 BLOCK SOUTH & IOWA AVENUE EAST,1,1,0,0,1,4,,0,25,0,0,0,0,0,4,2,13
,2016_14336,39.78144,-104.842332,7/13/2016 14:25,14:25,12,0,0,ALBROOK DRIVE EAST & TULSA COURT NORTH,1,1,0,7,1,4,,0,25,0,0,0,0,1,4,2,8
,2016_14337,39.756987,-105.0178005,7/4/2016 20:00,20:00,6,0,0,ALCOTT STREET NORTH & SPEER BOULEVARD NORTH,1,2,1,0,1,4,,0,20,0,0,0,0,0,4,2,13
,2016_14338,39.780207,-104.8256235,12/26/2016 1:48,1:48,15,0,0,ANDREWS DRIVE 14400 BLOCK EAST & ELK DRIVE EAST,1,3,0,7,1,4,,0,25,0,0,0,0,0,4,2,14
,2016_14339,39.784896,-104.8408605,2/12/2016 13:15,13:15,3,0,0,ANDREWS DRIVE EAST & TULSA COURT NORTH,1,1,0,7,1,1,,0,30,0,0,0,0,0,4,2,7
,2016_14340,39.763746,-104.975154,7/29/2016 17:01,17:01,3,0,0,ARAPAHOE STREET & 33RD STREET,1,1,0,7,1,1,,0,30,0,0,0,0,0,4,2,16
,2016_14341,39.694734,-104.9500035,3/27/2016 12:47,12:47,3,0,0,ARIZONA AVENUE EAST & STEELE STREET SOUTH,1,1,0,7,1,1,,0,25,0,0,0,0,1,4,2,16
,2016_14342,39.691152,-104.9769675,1/17/2016 0:38,0:38,6,0,0,ARKANSAS AVENUE 80 BLOCK EAST & EMERSON STREET SOUTH,1,4,0,7,1,4,,0,25,0,0,0,0,0,4,2,14
,2016_14343,39.745206,-105.0095835,6/5/2016 1:52,1:52,15,0,0,AURARIA PARKWAY & SEVENTH STREET,1,3,0,0,1,3,,0,35,0,0,0,0,0,4,2,13
,2016_14344,39.748446,-105.0033735,12/3/2016 22:45,22:45,12,0,0,AURARIA PARKWAY & SPEER BOULEVARD NORTH,1,3,0,7,1,1,,0,35,0,0,0,0,0,4,2,3
,2016_14345,39.714732,-104.9863005,12/10/2016 1:27,1:27,3,0,0,BAYAUD AVENUE EAST & LINCOLN STREET SOUTH,1,3,0,7,1,1,,0,30,0,0,0,0,0,4,3,4
,2016_14346,39.704319,-105.048567,9/11/2016 20:15,20:15,6,0,0,EXPOSITION AVENUE WEST & WOLFF STREET SOUTH,1,3,1,0,1,4,,0,,0,0,0,0,0,4,2,13
,2016_14347,39.678426,-104.9363145,5/2/2016 14:03,14:03,12,0,0,BIRCH STREET 2100 BLOCK & EVANS AVENUE EAST,1,1,0,0,1,2,,0,25,0,0,0,0,0,4,2,13
,2016_14348,39.75130672,-104.9981625,1/1/2016 2:15,2:15,12,0,0,BLAKE STREET & 2400 BLOCK,1,3,0,0,1,4,,0,25,0,0,0,0,0,4,2,13
,2016_14349,39.75332175,-104.995428,8/12/2016 13:40,13:40,15,0,0,BLAKE STREET 1900 BLOCK & 19TH STREET,1,1,0,7,1,4,,0,25,0,0,0,0,0,4,2,16
,2016_14350,39.75332175,-104.995428,6/4/2016 23:05,23:05,6,0,0,BLAKE STREET 1900 BLOCK & 20TH STREET,1,3,0,0,1,4,,0,,0,0,0,0,0,4,2,13
,2016_14351,39.772962,-104.975442,10/26/2016 17:30,17:30,3,0,0,BRIGHTON BOULEVARD NORTH & 38TH STREET,1,5,0,7,1,1,,0,60,0,0,0,0,0,4,2,16
,2016_14352,39.778425,-104.968404,6/28/2016 16:57,16:57,1,0,0,BRIGHTON BOULEVARD NORTH & 44TH STREET,1,1,0,0,1,1,,0,35,0,0,0,0,0,4,2,14
,2016_14353,39.725631,-104.9874435,4/20/2016 17:34,17:34,12,0,0,BROADWAY NORTH & SIXTH AVENUE EAST,1,1,0,7,1,4,,0,35,0,0,0,0,0,4,2,16
,2016_14354,39.735243,-104.9873805,12/2/2016 22:00,22:00,12,0,0,BROADWAY NORTH & 12TH AVENUE,1,3,0,7,1,1,,0,60,0,0,0,0,0,4,2,16
,2016_14355,39.737142,-104.98689,1/15/2016 9:41,9:41,12,0,0,BROADWAY STREET 1300 BLOCK NORTH & 13TH AVENUE EAST,1,1,0,0,1,4,,0,30,0,0,0,0,0,4,3,14
,2016_14356,39.694788,-104.9874615,12/30/2016 5:24,5:24,14,0,0,BROADWAY SOUTH & ARIZONA AVENUE EAST,1,4,0,0,1,4,,1,35,0,0,0,0,1,4,2,13
,2016_14357,39.712995,-104.987574,1/18/2016 14:43,14:43,6,0,0,BROADWAY & CEDAR AVENUE EAST,1,1,0,0,1,4,,0,30,0,0,0,0,0,4,2,14
,2016_14358,39.716559,-104.987511,8/8/2016 17:00,17:00,12,0,0,BROADWAY NORTH & ELLSWORTH AVENUE EAST,1,1,0,7,1,4,,0,30,0,0,0,0,0,4,3,16
,2016_14359,39.687543,-104.9875245,5/7/2016 14:48,14:48,12,0,0,BROADWAY & IOWA AVENUE EAST,2,1,0,1,1,4,,0,35,0,0,0,0,0,4,2,16
,2016_14360,39.687543,-104.9875245,12/21/2016 13:45,13:45,15,0,0,BROADWAY SOUTH & IOWA AVENUE EAST,1,1,0,0,1,4,,0,,0,0,0,0,0,4,2,13
,2016_14361,39.696624,-104.9874525,10/18/2016 11:52,11:52,15,0,0,BROADWAY & MISSISSIPPI AVENUE WEST,1,1,1,0,1,3,,0,30,0,0,0,0,0,4,2,13
,2016_14362,39.741435,-104.9873715,8/18/2016 8:05,8:05,12,0,0,BROADWAY BOULEVARD & 16TH STREET,1,1,0,0,1,1,,0,30,0,0,0,0,0,4,2,13
,2016_14363,39.750237,-104.9874075,1/28/2016 12:15,12:15,9,0,0,BROADWAY & STOUT STREET,1,1,0,0,3,1,,0,30,0,0,0,0,0,4,2,13
,2016_14364,39.76447081,-104.9361796,3/12/2016 12:10,12:10,12,0,0,BRUCE RANDOLPH AVENUE & 3900 BLOCK,1,1,0,1,1,4,,0,25,0,0,0,0,0,4,2,14
,2016_14365,39.764475,-104.945013,4/27/2016 11:51,11:51,12,0,0,BRUCE RANDOLPH AVENUE EAST & MONROE STREET NORTH,1,1,0,7,1,1,,0,25,0,0,0,0,0,4,3,16
,2016_14366,39.757239,-105.0191415,5/10/2016 11:45,11:45,6,0,0,BRYANT STREET & 28TH AVENUE WEST,1,1,0,0,1,4,,0,25,0,0,0,0,0,4,2,14
,2016_14367,39.763206,-105.0189435,2/1/2016 8:27,8:27,3,0,0,BRYANT STREET NORTH & 33RD AVENUE WEST,5,1,0,2,1,3,,0,30,0,0,0,0,0,4,2,14
,2016_14368,39.76283001,-104.9733612,1/1/2016 3:15,3:15,6,0,0,DOWNING STREET & 123 SOUTH,1,3,0,7,1,4,,0,30,0,0,0,0,0,4,2,16
,2016_14369,39.772926,-105.018975,11/12/2016 4:26,4:26,6,0,0,BRYANT STREET NORTH & 41ST AVENUE WEST,1,3,0,0,1,4,,0,25,0,0,0,0,0,4,2,12
,2016_14370,39.838023,-104.7097305,12/3/2016 9:20,9:20,15,0,0,CALAWBA COURT NORTH & 78TH AVENUE EAST,1,1,0,0,1,4,,0,25,0,0,0,0,0,4,2,8
,2016_14371,39.74001,-104.99202,11/19/2016 21:39,21:39,6,0,0,CEDAR A VE & 176 WEST,1,4,0,0,1,4,,0,20,0,0,0,0,0,4,2,1
,2016_14372,39.712959,-104.98509,6/6/2016 13:18,13:18,12,0,0,CEDAR AVENUE EAST & SHERMAN STREET SOUTH,1,1,0,7,1,3,,0,25,0,0,0,0,0,4,2,16
,2016_14373,39.705696,-105.02037,5/31/2016 17:06,17:06,3,0,0,CENTER AVENUE WEST & CLAY STREET SOUTH,1,1,0,7,1,1,,0,25,0,0,0,0,0,4,2,7
,2016_14374,39.705678,-105.023844,9/30/2016 21:43,21:43,15,0,0,CENTER AVENUE WEST & ELIOT STREET SOUTH,1,3,0,0,1,1,,0,,0,0,0,0,0,4,2,13
,2016_14375,39.764142,-104.89014,3/10/2016 17:10,17:10,12,0,0,CENTRAL PARK BOULEVARD 3400 BLOCK NORTH & 35TH AVENUE EAST,1,1,0,7,1,4,,0,30,0,0,0,0,0,4,2,16
,2016_14376,39.759876,-104.890752,3/23/2016 16:26,16:26,3,0,1,CENTRAL PARK BOULEVARD NORTH & MLK BOULEVARD,4,1,1,2,1,1,,0,35,0,0,0,0,2,4,3,16
,2016_14377,39.785724,-104.883093,1/4/2016 8:40,8:40,15,0,0,CENTRAL PARK BOULEVARD NORTH & NORTHFIELD BOULEVARD,1,1,0,0,1,1,,0,35,0,0,0,0,0,4,2,13
,2016_14378,39.785724,-104.883093,6/22/2016 18:51,18:51,3,0,0,CENTRAL PARK BOULEVARD & NORTHFIELD BOULEVARD,1,1,0,7,1,1,,0,35,0,0,0,0,0,4,2,16
,2016_14379,39.760173,-105.0068835,10/30/2016 11:15,11:15,14,0,0,CENTRAL STREET & 18TH STREET,1,1,0,0,1,4,,0,30,0,0,0,0,0,4,2,14
,2016_14380,39.77015279,-104.8878169,12/1/2016 16:23,16:23,15,0,0,CENTRAL PARK BOULEVARD & SMITH ROAD EAST,1,1,1,7,1,4,,0,35,0,0,0,0,0,4,2,16
,2016_14381,39.778632,-104.7673215,3/5/2016 13:20,13:20,6,0,0,CHAFFEE PLACE 18900 BLOCK EAST & BISCAY STREET NORTH,1,1,0,0,1,4,,0,25,0,0,0,0,0,4,2,13
,2016_14382,39.711186,-104.9482305,10/24/2016 17:00,17:00,5,0,0,CHERRY CREEK DRIVE SOUTH & ALAMEDA AVENUE EAST,1,1,0,0,2,1,,0,35,0,0,0,0,0,4,1,8
,2016_14383,39.691422,-104.912901,6/28/2016 17:50,17:50,1,0,0,CHERRY CREEK NORTH DRIVE & MONACO STREET SOUTH,1,1,0,7,1,1,,0,35,0,0,0,0,0,4,2,14