id,drcog_id,latitude,longitude,crashtime,time,crashtype,numbkilled,numbinjurd,drcoglocat,rdconditin,lightngcon,roadcntgrd,weatherco,location,roaddescrp,schoolzone,constrzone,splimit,bikeinv,pedinv,sctrinv,motoinv,svrty,rdsystem,ttlvehcls,hcf
,2016_14384,39.724074,-104.97753,1/15/2016 11:30,11:30,15,0,0,CLARKSON STREET & FIFTH AVENUE EAST,1,1,0,0,1,4,,0,30,0,0,0,0,1,4,3,14
,2016_14385,39.746952,-104.9775525,6/30/2016 6:56,6:56,3,0,0,CLARKSON STREET NORTH & PARK AVENUE WEST,1,1,0,0,1,1,,0,,0,0,0,0,0,4,3,1
,2016_14386,39.682287,-105.020343,2/9/2016 15:35,15:35,3,0,0,CLAY STREET SOUTH & JEWELL AVENUE,1,1,0,7,1,1,,0,25,0,0,0,0,0,4,2,1
,2016_14387,39.696732,-105.02037,10/11/2016 16:54,16:54,12,0,0,CLAY STREET SOUTH & MISSISSIPPI AVENUE WEST,1,1,0,7,1,3,,0,25,0,0,0,0,0,4,2,1
,2016_14388,39.738357,-104.955084,4/6/2016 11:15,11:15,15,0,0,CLAYTON STREET & 14TH AVENUE,1,1,0,0,1,4,,0,25,0,0,0,0,0,4,2,13
,2016_14389,39.719394,-104.957064,2/29/2016 20:50,20:50,6,0,0,COLUMBINE STREET & SECOND AVENUE EAST,1,3,0,0,1,4,,0,25,0,0,0,0,0,4,2,13
,2016_14390,39.748095,-104.9931135,1/15/2016 14:15,14:15,6,0,0,CURTIS STREET 1700 BLOCK & 17TH STREET,1,1,0,7,1,4,,0,25,0,0,0,0,0,4,3,3
,2016_14391,39.678444,-104.931612,11/21/2016 14:29,14:29,12,0,0,DAHLIA STREET 2008 BLOCK SOUTH & EVANS AVENUE EAST,1,1,0,7,1,2,,0,30,0,0,0,0,1,4,2,14
,2016_14392,39.709305,-104.9863905,1/29/2016 8:09,8:09,3,0,0,DAKORA AVENUE EAST & LINCOLN STREET SOUTH,1,1,0,7,1,1,,0,25,0,0,0,0,0,4,4,14
,2016_14393,39.70667731,-105.0226871,8/6/2016 1:02,1:02,6,0,0,DECATUR STREET SOUTH & 1700 BLOCK,1,3,0,0,1,4,,0,,0,0,0,0,0,4,2,13
,2016_14394,39.716514,-104.980302,6/17/2016 10:12,10:12,6,0,0,PEARL STREET & ELLSWORTH AVENUE,1,1,0,0,1,4,,0,25,0,0,0,0,0,4,2,13
,2016_14395,39.77661467,-104.9922896,4/18/2016 15:33,15:33,6,0,0,DELAWARE STREET & 600 BLOCK NORTH,1,1,1,7,1,4,,0,25,0,0,0,0,0,4,2,16
,2016_14396,39.659985,-104.953194,3/5/2016 8:30,8:30,6,0,0,DETROIT STREET SOUTH & DARTMOUTH AVENUE EAST,1,1,1,0,1,4,,0,25,0,0,0,0,0,4,2,13
,2016_14397,39.730446,-104.9729625,3/17/2016 15:15,15:15,15,0,0,DOWNING STREET NORTH & NINTH AVENUE EAST,2,1,0,2,1,1,,0,25,0,0,0,0,0,4,2,13
,2016_14398,39.751956,-104.973354,7/18/2016 6:45,6:45,12,0,0,DOWNING STREET NORTH & 24TH AVENUE EAST,1,1,0,0,1,4,,0,30,0,0,0,0,0,4,2,7
,2016_14399,39.714714,-104.973444,2/9/2016 7:40,7:40,12,0,0,DOWNING STREET SOUTH & BAYAUD AVENUE EAST,1,1,0,7,1,1,,0,30,0,0,0,0,0,4,2,16
,2016_14400,39.678507,-104.973444,7/8/2016 8:31,8:31,6,0,0,DOWNING STREET SOUTH & EVANS AVENUE EAST,1,1,0,0,1,4,,0,35,0,0,0,0,0,4,4,3
,2016_14401,39.671271,-104.9734845,5/26/2016 6:29,6:29,12,0,0,DOWNING STREET 2400 BLOCK SOUTH & HARVARD AVENUE EAST,1,1,0,7,1,3,,0,30,0,0,0,0,0,4,2,1
,2016_14402,39.692988,-104.973417,1/26/2016 10:54,10:54,12,0,0,DOWNING STREET 1300 BLOCK SOUTH & LOUISIANA AVENUE EAST,1,1,0,7,1,4,,0,30,0,0,0,0,1,4,2,16
,2016_14403,39.692988,-104.973417,6/2/2016 8:03,8:03,12,0,0,DOWNING STREET SOUTH & LOUISIANA AVENUE EAST,1,1,0,7,1,1,,0,30,0,0,0,0,1,4,3,16
,2016_14404,39.762054,-104.973345,9/27/2016 15:13,15:13,12,0,0,DOWNING STREET 3200 BLOCK NORTH & MLK BOULEVARD,1,1,0,7,1,4,,0,30,0,0,0,0,0,4,2,16
,2016_14405,39.787425,-105.023943,4/26/2016 16:54,16:54,3,0,0,ELIOT STREET NORTH & 50TH AVENUE WEST,2,1,1,2,1,1,,0,25,0,0,0,0,1,4,2,13
,2016_14406,39.752946,-104.992614,12/3/2016 23:39,23:39,5,0,0,LARIMER STREET & 20TH STREET,1,3,0,0,2,1,,0,30,0,0,0,0,0,4,1,5
,2016_14407,39.703887,-105.023853,6/19/2016 17:49,17:49,6,0,0,ELIOT STREET SOUTH & EXPOSITION AVENUE WEST,1,1,0,0,1,4,,0,25,0,0,0,0,0,4,3,7
,2016_14408,39.698595,-105.023844,5/16/2016 0:50,0:50,6,0,0,ELIOT STREET & TENNESSEE AVENUE WEST,2,3,0,0,1,4,,0,,0,0,0,0,0,4,2,13
,2016_14409,39.678426,-104.9395905,7/12/2016 12:15,12:15,1,0,0,EVANS AVENUE EAST & ALBION STREET SOUTH,1,1,0,0,1,1,,0,35,0,0,0,0,1,4,2,13
,2016_14410,39.678444,-104.931612,3/1/2016 20:40,20:40,12,0,0,EVANS AVENUE EAST & DAHLIA STREET SOUTH,1,3,0,7,1,1,,0,,0,0,0,0,0,4,2,16
,2016_14411,39.678579,-105.027867,6/23/2016 16:40,16:40,12,0,1,EVANS AVENUE WEST & HAZEL COURT SOUTH,2,1,0,1,1,1,,0,25,0,0,0,0,2,4,2,7
,2016_14412,39.678435,-104.912892,2/4/2016 6:39,6:39,12,0,0,EVANS AVENUE 6500 BLOCK EAST & MONACO STREET SOUTH,5,2,0,7,1,3,,0,35,0,0,0,0,0,4,2,1
,2016_14413,39.73293,-105.032151,11/9/2016 5:09,5:09,6,0,0,KNOX COURT NORTH & 10TH AVENUE WEST,1,3,1,0,1,4,,0,5,0,0,0,0,0,4,2,1
,2016_14414,39.678363,-104.959404,9/19/2016 14:33,14:33,15,0,0,EVANS AVENUE 2200 BLOCK EAST & UNIVERSITY BOULEVARD SOUTH,1,1,0,0,1,4,,0,30,0,0,0,0,0,4,2,14
,2016_14415,39.79069248,-104.9534325,1/8/2016 11:20,11:20,3,0,0,FILLMORE STREET & 1600 BLOCK NORTH,5,1,1,2,1,2,,0,25,0,0,0,0,0,4,2,7
,2016_14416,39.689343,-104.9223105,8/1/2016 17:00,17:00,12,0,0,FLORIDA AVENUE 5500 BLOCK EAST & HOLLY STREET SOUTH,1,1,0,7,1,3,,0,30,0,0,0,0,0,4,2,14
,2016_14417,39.689442,-105.034365,11/23/2016 18:52,18:52,12,0,0,FLORIDA AVENUE WEST & LOWELL BOULEVARD SOUTH,1,3,0,7,1,3,,0,35,0,0,0,0,1,4,2,7
,2016_14418,39.689217,-105.0003,7/15/2016 8:15,8:15,12,0,0,FLORIDA AVENUE 1050 BLOCK WEST & PLATTE RIVER DRIVE SOUTH,1,1,0,7,1,4,,0,30,0,0,0,0,0,4,2,12
,2016_14419,39.689487,-105.0421545,5/16/2016 17:55,17:55,3,0,0,FLORIDA AVENUE WEST & RALEIGH STREET SOUTH,2,1,0,1,1,2,,0,30,0,0,0,0,0,4,2,7
,2016_14420,39.689532,-105.048972,5/22/2016 19:02,19:02,3,0,0,FLORIDA AVENUE WEST & WOLCOTT COURT SOUTH,1,1,0,7,1,1,,0,30,0,0,0,0,1,4,2,5
,2016_14421,39.689523,-105.0156945,10/19/2016 18:54,18:54,12,0,0,FLORIDA AVENUE WEST & ZUNI STREET SOUTH,1,3,1,7,1,4,,0,35,0,0,0,0,0,4,2,3
,2016_14422,39.74125135,-104.9684597,11/25/2016 9:40,9:40,6,0,0,FRANKLIN STREET NORTH & 2045 NORTH,1,1,0,0,1,4,,0,25,0,0,0,0,0,4,2,13
,2016_14423,39.736845,-104.9835825,7/3/2016 8:34,8:34,3,0,0,GRANT STREET NORTH & 13TH AVENUE EAST,1,1,0,7,1,1,,0,30,0,0,0,0,0,4,2,16
,2016_14424,39.738438,-104.983623,8/3/2016 11:30,11:30,10,0,0,GRANT STREET NORTH & 14TH AVENUE EAST,1,1,0,0,1,2,,0,30,0,0,0,0,0,4,2,13
,2016_14425,39.838059,-104.7154635,7/18/2016 21:35,21:35,1,0,0,GUN CLUB ROAD & 78TH PLACE EAST,1,3,0,0,1,1,,0,25,0,0,0,0,0,4,2,12
,2016_14426,39.783654,-104.764914,12/12/2016 12:55,12:55,12,0,0,GREEN VALLEY RANCH BOULEVARD 18650 EAST & ARGONNE STREET NORTH,1,1,0,0,1,4,,0,35,0,0,0,0,0,4,2,13
,2016_14427,39.721329,-105.0312645,11/21/2016 19:20,19:20,5,0,0,JULIAN STREET NORTH & THIRD AVENUE WEST,1,5,0,7,4,4,,0,25,0,0,0,0,0,4,1,16
,2016_14428,39.76361737,-105.0300315,2/25/2016 8:10,8:10,6,0,0,IRVING STREET & 6831,1,1,1,0,5,2,,0,25,0,0,0,0,0,3,2,9
,2016_14429,39.783609,-104.7913916,9/12/2016 15:31,15:31,12,0,0,GREEN VALLEY RANCH BOULEVARD EAST & PENA BOULEVARD NORTH,1,1,0,0,1,1,,0,40,0,0,0,0,0,4,3,13
,2016_14430,39.783609,-104.772222,3/2/2016 16:00,16:00,1,0,0,GREEN VALLEY RANCH BOULEVARD 18600 BLOCK EAST & TOWER ROAD NORTH,1,1,0,7,1,2,,0,35,0,0,0,0,0,4,2,14
,2016_14431,39.733803,-104.937291,9/15/2016 12:40,12:40,3,0,0,HALE PARKWAY EAST & BELLAIRE STREET NORTH,1,1,0,0,1,1,,0,30,0,0,0,0,0,4,2,13
,2016_14432,39.782277,-104.8659255,12/10/2016 8:50,8:50,3,0,0,HAVANA STREET NORTH & 47TH AVENUE,1,1,0,0,1,1,,0,35,0,0,0,0,0,4,2,13
,2016_14433,39.768489,-104.86575,1/10/2016 15:27,15:27,8,0,1,HAVANA STREET 3600 BLOCK NORTH & SMITH ROAD EAST,1,1,0,0,1,4,,0,40,0,0,0,0,2,4,2,1
,2016_14434,39.75488566,-105.0275274,7/10/2016 21:03,21:03,6,0,0,HAZEL COURT 2600 BLOCK NORTH & 26TH AVENUE WEST,1,3,0,0,1,4,,0,25,0,0,0,0,0,4,2,13
,2016_14435,39.716568,-105.027552,2/11/2016 15:10,15:10,12,0,0,HAZEL STREET NORTH & ELLSWORTH AVENUE WEST,1,1,0,7,1,1,,0,25,0,0,0,0,0,4,2,3
,2016_14436,39.707667,-105.027534,5/26/2016 12:53,12:53,1,0,0,HAZEL COURT SOUTH & VIRGINIA AVENUE WEST,1,1,0,7,1,1,,0,25,0,0,0,0,1,4,2,7
,2016_14437,39.67999842,-104.922252,8/2/2016 21:53,21:53,12,0,0,HOLLY STREET SOUTH & 500 BLOCK,1,3,0,0,1,4,,0,30,0,0,0,0,1,4,3,5
,2016_14438,39.76610063,-105.0487703,10/20/2016 11:00,11:00,5,0,0,WOLFF STREET & 90 NORTH,1,1,1,0,2,4,,0,35,0,0,0,0,0,4,1,3
,2016_14439,39.711204,-104.9222835,1/19/2016 3:41,3:41,12,0,0,HOLLY STREET SOUTH & ALAMEDA AVENUE EAST,4,3,0,2,1,1,,0,35,0,0,0,0,0,4,2,14
,2016_14440,39.711204,-104.9222835,3/9/2016 17:44,17:44,12,0,0,HOLLY STREET 300 BLOCK SOUTH & ALAMEDA AVENUE EAST,1,1,1,7,1,4,,0,30,0,0,0,0,1,4,2,14
,2016_14441,39.674997,-105.022728,5/1/2016 10:50,10:50,12,0,0,ILIFF AVENUE 2800 BLOCK WEST & DECATUR STREET SOUTH,1,1,0,2,1,2,,0,25,0,0,0,0,0,4,2,13
,2016_14442,39.674898,-104.98284,1/5/2016 16:39,16:39,6,0,0,ILIFF AVENUE 400 BLOCK EAST & LOGAN STREET SOUTH,1,2,0,7,1,4,,0,25,0,0,0,0,0,4,2,3
,2016_14443,39.739221,-105.029838,2/20/2016 18:54,18:54,6,0,0,IRVING STREET NORTH & 14TH AVENUE WEST,1,3,0,0,1,4,,0,35,0,0,0,0,0,4,2,13
,2016_14444,39.729258,-104.9216445,9/20/2016 7:56,7:56,3,0,0,IVANHOE STREET & EIGHTH STREET,1,1,0,0,1,1,,0,25,0,0,0,0,0,4,2,13
,2016_14445,39.831858,-104.6929545,4/7/2016 15:35,15:35,12,0,0,JACKSON GAP STREET & 75TH AVENUE EAST,1,1,0,0,1,3,,0,30,0,0,0,0,0,4,2,3
,2016_14446,39.831858,-104.6929545,11/20/2016 23:46,23:46,12,0,0,JACKSON GAP ROAD 7500 BLOCK & 75TH AVENUE,1,3,0,0,1,1,,0,35,0,0,0,0,0,4,3,2
,2016_14447,39.837969,-104.6928825,2/17/2016 4:38,4:38,12,0,1,JACKSON GAP & 78TH AVENUE EAST,1,3,0,7,1,3,,0,40,0,0,0,0,2,4,2,14
,2016_14448,39.83346903,-104.692932,11/8/2016 6:05,6:05,12,0,0,JACKSON GAP STREET 7500 BLOCK NORTH & PENA BOULEVARD NORTH,1,2,0,7,1,4,,0,35,0,0,0,0,0,4,2,2
,2016_14449,39.682215,-105.0402735,2/25/2016 20:10,20:10,3,0,0,JEWELL AVENUE WEST & PERRY STREET SOUTH,1,3,0,7,1,1,,0,30,0,0,0,0,0,4,2,16
,2016_14450,39.7368,-104.9586435,12/3/2016 7:42,7:42,10,0,0,JOSEPHINE STREET NORTH & 13TH AVENUE EAST,1,1,1,0,1,1,,0,25,0,0,0,0,0,4,2,13
,2016_14452,39.728943,-105.000183,5/20/2016 8:34,8:34,12,0,0,KALAMATH 800 BLOCK & EIGHTH AVENUE WEST,1,1,0,7,1,3,,0,35,0,0,0,0,0,4,2,14
,2016_14453,39.700224,-104.9195835,4/22/2016 16:52,16:52,3,0,0,KENTUCKY AVENUE EAST & JERSEY STREET SOUTH,1,1,0,0,1,1,,0,25,0,0,0,0,1,4,2,10
,2016_14454,39.700269,-104.9827815,1/29/2016 8:35,8:35,3,0,0,KENTUCKY AVENUE EAST & LOGAN STREET SOUTH,1,1,0,7,1,1,,0,25,0,0,0,0,0,4,2,16
,2016_14455,39.734757,-105.032151,8/11/2016 15:46,15:46,12,0,0,KNOX COURT NORTH & 12TH AVENUE WEST,1,1,1,7,1,4,,0,30,0,0,0,0,1,4,2,12
,2016_14456,39.729087,-104.9706045,11/4/2016 17:32,17:32,3,0,0,LAFAYETTE STREET NORTH & EIGHTH AVENUE EAST,1,1,0,7,1,1,,0,35,0,0,0,0,0,4,2,16
,2016_14458,39.73190582,-104.9861681,3/30/2016 17:38,17:38,3,0,1,LINCOLN STREET & 500 BLOCK,2,1,0,1,1,2,,0,15,0,0,0,0,2,4,3,3
,2016_14459,39.73190582,-104.9861681,3/6/2016 18:20,18:20,15,0,0,LINCOLN STREET & 1300 BLOCK NORTH,1,1,0,0,1,4,,0,30,0,0,0,0,0,4,2,13
,2016_14460,39.724137,-104.986314,2/2/2016 14:06,14:06,12,0,0,LINCOLN STREET NORTH & FIFTH AVENUE EAST,5,1,0,1,1,1,,0,30,0,0,0,0,0,4,2,16
,2016_14461,39.738447,-104.986143,4/6/2016 9:05,9:05,15,0,0,LINCOLN STREET NORTH & 14TH AVENUE EAST,1,1,0,7,1,4,,0,30,0,0,0,0,0,4,2,16
,2016_14462,39.744801,-104.9861205,3/3/2016 17:40,17:40,15,0,0,LINCOLN STREET NORTH & 18TH AVENUE EAST,1,1,1,0,1,1,,0,30,0,0,0,0,0,4,2,13
,2016_14463,39.711141,-104.9863905,7/30/2016 13:50,13:50,12,0,0,LINCOLN STREET 200 BLOCK SOUTH & ALAMEDA AVENUE EAST,1,1,0,7,1,4,,0,25,0,0,0,0,0,4,4,16
,2016_14464,39.696615,-104.986242,10/10/2016 7:45,7:45,6,0,0,LINCOLN STREET 1100 BLOCK SOUTH & MISSISSIPPI AVENUE EAST,1,1,0,0,1,2,,0,25,0,0,0,0,0,4,2,1
,2016_14465,39.738456,-105.001605,11/14/2016 10:59,10:59,3,0,0,LIPAN STREET NORTH & 14TH AVENUE WEST,1,1,1,0,1,1,,0,30,0,0,0,0,0,4,2,13
,2016_14466,39.771738,-105.0017805,4/29/2016 10:09,10:09,3,0,0,LIPAN STREET NORTH & 40TH AVENUE WEST,2,1,0,2,1,1,,0,25,0,0,0,0,1,4,2,14
,2016_14467,39.733893,-104.982102,7/1/2016 19:00,19:00,6,0,0,LOGAN STREET 1100 BLOCK NORTH & 11TH AVENUE EAST,1,1,0,0,1,4,,0,,0,0,0,0,0,4,2,13
,2016_14468,39.735216,-104.981733,3/5/2016 16:30,16:30,12,0,0,LOGAN STREET 1200 BLOCK NORTH & 12TH AVENUE EAST,1,1,0,7,1,4,,0,30,0,0,0,0,1,4,3,1
,2016_14469,39.782484,-104.8403925,1/8/2016 7:55,7:55,5,0,0,TULSA COURT NORTH & ELK PLACE,4,1,1,2,4,1,,0,25,0,0,0,0,0,4,1,8
,2016_14470,39.743424,-104.9820435,7/3/2016 19:06,19:06,6,0,0,LOGAN STREET 1700 BLOCK NORTH & 17TH AVENUE EAST,1,1,0,0,1,1,,0,30,0,0,0,0,0,4,2,13
,2016_14471,39.746547,-105.0076035,10/8/2016 18:20,18:20,5,0,0,AURARIA PARKWAY & NINTH STREET,1,1,0,0,3,4,,0,35,0,0,0,0,0,4,1,5
,2016_14472,39.709629,-105.0350355,10/28/2016 17:13,17:13,15,0,0,LOWELL BOULEVARD 350 BLOCK SOUTH & MORRISON ROAD,1,1,0,0,1,4,,0,30,0,0,0,0,0,4,2,14
,2016_14473,39.7170765,-104.8955513,6/9/2016 10:06,10:06,15,0,0,LOWRY BOULEVARD & FAIRMOUNT DRIVE EAST,1,1,0,0,1,6,,0,15,0,0,0,0,0,4,2,13
,2016_14474,39.7172835,-104.8960418,5/20/2016 7:35,7:35,15,0,0,LOWRY BOULEVARD & RAMPART WAY NORTH,1,1,0,0,1,6,,0,20,0,0,0,0,0,4,2,3
,2016_14475,39.72393,-104.8839413,4/14/2016 14:48,14:48,10,0,0,LOWRY BOULEVARD & YOSEMITE STREET SOUTH,1,1,0,0,1,6,,0,30,0,0,0,0,0,4,2,8
,2016_14476,39.73203092,-104.9718015,10/14/2016 19:20,19:20,14,0,0,MARION STREET NORTH & 3400 BLOCK,1,3,0,0,1,4,,0,25,0,0,0,0,0,4,2,5
,2016_14477,39.73214138,-105.0027626,3/27/2016 13:58,13:58,6,0,0,MARIPOSA STREET 1000 BLOCK NORTH & 10TH AVENUE WEST,1,1,0,0,3,4,,0,35,0,0,0,0,0,4,2,14
,2016_14478,39.753207,-104.993451,1/24/2016 15:36,15:36,6,0,0,MARKET STREET 1900 BLOCK & 20TH STREET,1,1,0,0,1,4,,0,25,0,0,0,0,0,4,2,13
,2016_14479,39.78392708,-105.0357563,10/15/2016 23:29,23:29,6,0,0,MEADE STREET 4800 BLOCK NORTH & 48TH AVENUE WEST,1,3,1,0,1,4,,0,25,0,0,0,0,0,4,2,2
,2016_14480,39.696624,-104.9827815,6/14/2016 16:10,16:10,12,0,0,MISSISSIPPI AVENUE 300 BLOCK EAST & LOGAN STREET SOUTH,1,1,0,7,1,3,,0,30,0,0,0,0,0,4,2,16
,2016_14481,39.69657,-104.9500035,7/14/2016 9:54,9:54,12,0,0,MISSISSIPPI AVENUE EAST & STEELE STREET SOUTH,1,1,1,7,1,4,,0,30,0,0,0,0,0,4,2,7
,2016_14482,39.696579,-104.959323,7/16/2016 11:00,11:00,3,0,0,MISSISSIPPI AVENUE EAST & UNIVERSITY BOULEVARD SOUTH,1,1,0,7,1,1,,0,30,0,0,0,0,0,4,2,14
,2016_14483,39.761838,-104.929371,12/9/2016 13:39,13:39,3,0,0,MLK BOULEVARD & ELM STREET NORTH,1,1,0,7,1,1,,0,25,0,0,0,0,0,4,2,3
,2016_14484,39.762,-104.912865,2/10/2016 15:52,15:52,15,0,0,MLK BOULEVARD & MONACO STREET NORTH,1,1,0,7,1,4,,0,35,0,0,0,0,0,4,2,14
,2016_14485,39.63799513,-104.9126831,10/5/2016 12:19,12:19,12,0,0,MONACO STREET & 2300 BLOCK SOUTH,1,1,0,0,1,1,,0,35,0,0,0,0,1,4,4,5
,2016_14486,39.624219,-104.9118373,7/14/2016 16:25,16:25,12,0,0,MONACO STREET SOUTH & 4000 BLOCK NORTH,1,1,0,0,1,3,,0,30,0,0,0,0,0,4,2,1
,2016_14487,39.713094,-104.9129415,5/31/2016 15:28,15:28,1,0,0,MONACO STREET SOUTH & CEDAR AVENUE EAST,1,1,0,7,1,3,,0,35,0,0,0,0,0,4,2,14
,2016_14488,39.691422,-104.912901,12/20/2016 17:26,17:26,3,0,0,MONACO STREET SOUTH & CHERRY CREEK DRIVE NORTH,2,3,0,0,1,1,,0,35,0,0,0,0,0,4,2,8
,2016_14490,39.689334,-104.912901,1/8/2016 19:29,19:29,1,0,0,MONACO STREET SOUTH & FLORIDA AVENUE EAST,4,3,0,2,1,1,,0,35,0,0,0,0,0,4,2,3
,2016_14491,39.667626,-104.912964,12/11/2016 9:50,9:50,15,0,0,MONACO STREET SOUTH & YALE AVENUE EAST,4,1,0,2,1,4,,0,35,0,0,0,0,0,4,2,7
,2016_14492,39.76300032,-105.0486345,2/11/2016 14:55,14:55,5,0,0,MONCRIEFF PLACE & 5000 BLOCK WEST,1,1,1,0,3,3,,0,25,0,0,0,0,0,4,1,16
,2016_14493,39.747438,-104.90346,11/10/2016 16:24,16:24,15,0,0,MONTVIEW BOULEVARD EAST & QUEBEC STREET NORTH,1,1,0,0,1,4,,0,60,0,0,0,0,0,4,2,14
,2016_14494,39.70215,-104.9875605,4/28/2016 10:10,10:10,12,0,0,OHIO AVENUE 000 BLOCK EAST & BROADWAY SOUTH,2,1,0,2,1,3,,0,30,0,0,0,0,0,4,2,1
,2016_14495,39.698424,-104.908212,8/26/2016 13:23,13:23,12,0,0,ONEIDA STREET 900 BLOCK SOUTH & TENNESSEE AVENUE EAST,1,1,0,0,1,3,,0,25,0,0,0,0,0,4,2,13
,2016_14496,39.76788931,-104.9948145,12/21/2016 14:02,14:02,12,0,0,PARK AVENUE WEST & 3300 BLOCK,1,1,1,0,1,4,,0,35,0,0,0,0,0,4,2,13
,2016_14497,39.780828,-105.0058125,3/24/2016 15:50,15:50,12,0,0,PECOS STREET 4600 BLOCK NORTH & 46TH AVENUE WEST,1,1,0,7,1,3,,0,35,0,0,0,0,0,4,2,3
,2016_14498,39.844602,-104.6809395,2/24/2016 20:00,20:00,12,0,0,PENA BOULEVARD 5600 BLOCK & MM 3,1,3,0,7,1,4,,0,65,0,0,0,0,0,4,2,1
,2016_14499,39.844602,-104.6809395,2/15/2016 9:05,9:05,15,0,0,PENA BOULEVARD & 7700 BLOCK,1,1,0,0,1,4,,0,,0,0,0,0,0,4,2,7
,2016_14500,39.798396,-104.786415,9/2/2016 6:50,6:50,12,0,0,PENA BOULEVARD & 56TH AVENUE EAST,1,1,1,0,1,1,,0,30,0,0,0,0,0,4,2,13
,2016_14501,39.844602,-104.6809395,5/21/2016 10:10,10:10,5,0,0,PENA BOULEVARD 8000 BLOCK & 80TH AVENUE EAST,1,1,1,0,2,4,,0,35,0,0,0,0,0,4,1,14
,2016_14502,39.77614197,-104.8469535,12/1/2016 12:00,12:00,1,0,0,PEORIA STREET & 4600 BLOCK NORTH,1,1,0,0,1,1,,0,35,0,0,0,0,0,4,2,13
,2016_14503,39.768318,-104.846382,4/13/2016 16:17,16:17,15,0,0,PEORIA STREET 3700 BLOCK NORTH & 38TH AVENUE EAST,1,1,1,7,1,4,,0,45,0,0,0,0,1,4,2,4
,2016_14504,39.777255,-104.8460535,8/11/2016 15:16,15:16,1,0,0,PEORIA STREET 4400 BLOCK NORTH & 45TH AVENUE EAST,1,1,0,0,1,2,,0,35,0,0,0,0,0,4,2,13
,2016_14505,39.782385,-104.847093,4/29/2016 9:45,9:45,1,0,0,PEORIA STREET NORTH & 47TH AVENUE EAST,2,1,0,2,1,1,,0,35,0,0,0,0,0,4,2,13
,2016_14506,39.78244238,-104.8468826,7/2/2016 7:30,7:30,15,0,0,PEORIA STREET 4700 BLOCK NORTH & 47TH AVENUE EAST,2,1,0,1,1,4,,0,40,0,0,0,0,0,4,2,13
,2016_14508,39.782385,-104.847093,11/3/2016 11:30,11:30,1,0,1,PEORIA STREET NORTH & 47TH AVENUE EAST,1,1,0,0,1,1,,0,30,0,0,0,0,2,4,3,1
,2016_14509,39.69015699,-104.9500297,5/19/2016 18:05,18:05,6,0,0,STEELE STREET SOUTH & 1559 BLOCK SOUTH,1,1,1,0,1,4,,0,25,0,0,0,0,0,4,2,14
,2016_14510,39.773997,-104.8469535,6/21/2016 16:55,16:55,6,0,1,PEORIA STREET NORTH & I70 EASTBOUND SLIP ON RAMP,1,1,1,0,3,4,,0,35,0,0,0,0,2,4,2,13
,2016_14511,39.689217,-105.0003,5/6/2016 14:00,14:00,1,0,0,PLATTE RIVER DRIVE SOUTH & FLORIDA AVENUE WEST,1,1,0,0,1,1,,0,30,0,0,0,0,1,4,2,7
,2016_14512,39.725424,-104.903793,8/9/2016 8:08,8:08,1,0,0,QUEBEC STREET NORTH & SIXTH AVENUE EAST,1,1,0,0,1,1,,0,35,0,0,0,0,0,4,2,13
,2016_14513,39.725424,-104.903793,9/26/2016 17:10,17:10,1,0,0,QUEBEC STREET NORTH & SIXTH AVENUE EAST,1,1,1,0,1,1,,0,,0,0,0,0,0,4,2,13
,2016_14514,39.725424,-104.903793,10/22/2016 13:19,13:19,12,0,0,QUEBEC STREET NORTH & SIXTH AVENUE EAST,1,1,0,7,1,1,,0,35,0,0,0,0,0,4,3,16
,2016_14515,39.751002,-104.903442,12/10/2016 2:19,2:19,1,0,0,QUEBEC STREET NORTH & 23RD AVENUE EAST,1,3,0,0,1,1,,0,30,0,0,0,0,0,4,2,1
,2016_14516,39.761964,-104.903451,5/14/2016 12:00,12:00,12,0,0,QUEBEC STREET NORTH & MLK BOULEVARD,1,1,0,0,1,1,,0,35,0,0,0,0,0,4,2,4
,2016_14517,39.698523,-104.903541,10/16/2016 16:41,16:41,3,0,0,QUEBEC STREET SOUTH & HIGHWAY 83,1,1,0,0,1,2,,0,45,0,0,0,0,0,4,2,13
,2016_14518,39.707478,-104.903514,3/9/2016 7:58,7:58,12,0,0,QUEBEC STREET 500 BLOCK SOUTH & VIRGINIA AVENUE EAST,1,1,0,7,1,4,,0,30,0,0,0,0,0,4,2,3
,2016_14519,39.669426,-104.964111,10/20/2016 7:55,7:55,3,0,0,RACE STREET SOUTH & VASSAR AVENUE EAST,1,1,0,7,1,1,,0,25,0,0,0,0,0,4,2,16
,2016_14520,39.79585349,-104.9015307,4/22/2016 17:30,17:30,6,0,0,ROSLYN STREET & 1400 BLOCK NORTH,1,1,0,0,1,4,,0,30,0,0,0,0,0,4,3,13
,2016_14521,39.743955,-105.0086925,1/28/2016 21:08,21:08,3,0,0,SEVENTH STREET & WALNUT STREET,1,3,0,0,1,1,,0,25,0,0,0,0,0,4,2,13
,2016_14522,39.741318,-104.9919615,10/26/2016 11:40,11:40,6,0,0,14TH STREET & TREMONT PLACE,1,1,0,0,1,4,,0,30,0,0,0,0,0,4,2,13
,2016_14523,39.744882,-104.99427,8/13/2016 12:05,12:05,12,0,0,15TH STREET & STOUT STREET,1,1,0,0,1,3,,0,30,0,0,0,0,0,4,2,13
,2016_14524,39.756456,-105.0093135,12/3/2016 2:18,2:18,3,0,0,15TH STREET & PLATTE STREET,1,3,1,7,1,1,,0,30,0,0,0,0,0,4,2,16