id,drcog_id,latitude,longitude,crashtime,time,crashtype,numbkilled,numbinjurd,drcoglocat,rdconditin,lightngcon,roadcntgrd,weatherco,location,roaddescrp,schoolzone,constrzone,splimit,bikeinv,pedinv,sctrinv,motoinv,svrty,rdsystem,ttlvehcls,hcf
,2016_14525,39.751578,-104.990841,3/9/2016 10:10,10:10,3,0,0,20TH STREET & ARAPAHOE STREET,1,1,0,7,1,1,,0,25,0,0,0,0,0,4,2,16
,2016_14526,39.754305,-104.9942745,2/5/2016 1:45,1:45,6,0,0,20TH STREET & BLAKE STREET,2,3,0,0,1,4,,0,25,0,0,0,0,0,4,2,13
,2016_14527,39.759579,-105.0017805,1/27/2016 14:20,14:20,12,0,0,20TH STREET 2000 BLOCK & LITTLERAVEN STREET,1,1,1,7,1,4,,0,35,0,0,0,0,0,4,2,2
,2016_14528,39.756672,-104.997276,2/18/2016 12:05,12:05,3,0,0,20TH STREET & WEWATTA STREET,1,1,1,0,1,3,,0,35,0,0,0,0,0,4,2,14
,2016_14529,39.753882,-104.99139,1/31/2016 0:29,0:29,6,0,0,21ST STREET & LARIMER STREET,2,3,0,2,1,4,,0,25,0,0,0,0,0,4,2,14
,2016_14530,39.750525,-104.9870205,1/26/2016 16:10,16:10,3,0,0,21ST STREET & STOUT STREET,1,1,0,7,1,1,,0,25,0,0,0,0,0,4,2,8
,2016_14531,39.756141,-104.991912,9/26/2016 0:00,0:00,12,0,0,22ND STREET & BLAKE STREET,1,1,0,0,1,3,,0,,0,0,0,0,1,4,2,2
,2016_14532,39.751578,-104.9787225,11/27/2016 11:30,11:30,3,0,0,25TH STREET & TREMONT PLACE,1,1,0,7,1,1,,0,25,0,0,0,0,1,4,2,16
,2016_14533,39.757068,-104.978574,3/4/2016 22:06,22:06,3,0,0,28TH STREET & STOUT STREET,1,3,0,0,1,1,,0,35,0,0,0,0,1,4,3,14
,2016_14534,39.765843,-104.988492,2/1/2016 12:30,12:30,14,0,0,29TH STREET & ARKINS COURT,4,1,0,2,1,1,,0,30,0,0,0,0,0,4,2,1
,2016_14535,39.761496,-104.974641,4/13/2016 12:26,12:26,3,0,0,32ND STREET & CHAMPA STREET,1,1,0,7,1,1,,0,25,0,0,0,0,0,4,2,14
,2016_14536,39.833361,-104.6714265,12/11/2016 5:33,5:33,3,0,0,75TH CIRCLE 7400 BLOCK EAST & 75TH AVENUE EAST,5,3,0,2,1,3,,0,45,0,0,0,0,0,4,2,13
,2016_14537,39.705795,-104.995161,9/17/2016 12:34,12:34,12,0,0,SANTA FE DRIVE 600 BLOCK SOUTH & CENTER AVENUE,1,1,0,7,1,1,,0,30,0,0,0,0,1,4,3,16
,2016_14538,39.696624,-104.9850855,8/8/2016 16:10,16:10,14,0,0,SHERMAN STREET SOUTH & MISSISSIPPI AVENUE EAST,1,1,0,0,1,4,,0,25,0,0,0,0,0,4,2,13
,2016_14539,39.771774,-104.903442,6/21/2016 14:25,14:25,3,0,0,SMITH ROAD & QUEBEC STREET,1,1,0,7,1,1,,0,30,0,0,0,0,0,4,2,16
,2016_14540,39.771774,-104.903442,11/18/2016 8:50,8:50,12,0,0,SMITH ROAD EAST & QUEBEC STREET NORTH,5,1,0,0,1,4,,0,35,0,0,0,0,0,4,2,13
,2016_14541,39.73851768,-104.9969761,10/3/2016 8:55,8:55,6,0,0,SPEER BOULEVARD & 1100 BLOCK EAST,1,1,0,0,1,4,,0,35,0,0,0,0,0,4,2,13
,2016_14542,39.728934,-104.9906115,11/14/2016 22:00,22:00,3,0,0,SPEER BOULEVARD NORTH & EIGHTH AVENUE WEST,1,3,0,7,1,1,,0,30,0,0,0,0,1,4,2,16
,2016_14543,39.744468,-105.0000435,10/8/2016 5:36,5:36,3,0,1,SPEER BOULEVARD NORTH & ARAPAHOE STREET,1,3,1,7,1,1,,0,,0,0,0,1,2,4,2,16
,2016_14544,39.728304,-104.9899815,11/7/2016 11:37,11:37,3,0,0,SPEER BOULEVARD EASTBOUND & BANNOCK STREET,1,1,0,0,1,1,,0,35,0,0,0,0,1,4,2,14
,2016_14545,39.720222,-105.0151905,10/7/2016 5:44,5:44,9,0,0,YUMA STREET NORTH & SECOND AVENUE WEST,1,4,0,0,3,4,,0,25,0,0,0,1,1,4,1,7
,2016_14546,39.72726,-104.9873985,6/28/2016 22:58,22:58,15,0,0,SPEER BOULEVARD EAST & BROADWAY AVENUE NORTH,1,3,0,0,1,1,,0,30,0,0,0,0,0,4,2,1
,2016_14547,39.71835,-104.9745915,11/30/2016 11:14,11:14,15,0,0,SPEER BOULEVARD 1000 BLOCK EAST & CORONA STREET NORTH,1,1,0,7,1,4,,0,20,0,0,0,0,0,4,2,16
,2016_14548,39.71933,-104.97998,2/1/2016 6:58,6:58,5,0,0,SPEER BOULEVARD 1200 BLOCK EAST & MARION STREET NORTH,5,2,0,2,3,4,,0,30,0,0,0,0,0,4,1,1
,2016_14549,39.747672,-105.002334,6/17/2016 17:40,17:40,12,0,0,SPEER BOULEVARD 1300 BLOCK NORTH & MARKET STREET,1,1,0,7,1,4,,0,30,0,0,0,0,0,4,2,7
,2016_14550,39.750192,-105.0047415,3/24/2016 9:15,9:15,1,0,0,SPEER BOULEVARD NORTH & WEWATTA STREET,2,1,0,0,1,1,,0,35,0,0,0,0,1,4,2,13
,2016_14551,39.750192,-105.0047415,12/31/2016 10:52,10:52,5,0,0,SPEER BOULEVARD NORTHBOUND & WEWATTA STREET,1,1,1,0,3,4,,0,35,0,0,0,0,0,4,2,3
,2016_14552,39.75633,-105.015852,11/3/2016 13:07,13:07,1,0,0,SPEER BOULEVARD NORTH & ZUNI STREET NORTH,1,1,1,7,1,1,,0,30,0,0,0,0,1,4,2,16
,2016_14553,39.75237,-104.984631,5/5/2016 10:15,10:15,6,0,0,STOUT STREET 2200 BLOCK & PARK AVENUE WEST,1,1,0,0,1,4,,0,25,0,0,0,0,0,4,2,13
,2016_14554,39.70575,-105.04323,6/3/2016 16:03,16:03,3,0,0,STUART STREET SOUTH & CENTER AVENUE WEST,1,1,0,0,1,1,,0,25,0,0,0,0,0,4,2,7
,2016_14555,39.740085,-104.896413,9/26/2016 12:33,12:33,3,0,0,TRENTON STREET 1500 BLOCK NORTH & COLFAX AVENUE EAST,1,1,0,0,1,2,,0,25,0,0,0,0,0,4,2,7
,2016_14556,39.71295,-104.959332,6/21/2016 16:11,16:11,12,0,0,UNIVERSITY BOULEVARD SOUTH & CEDAR AVENUE EAST,1,1,0,7,1,3,,0,35,0,0,0,0,0,4,2,16
,2016_14557,39.70566,-104.959323,11/9/2016 8:00,8:00,12,0,0,UNIVERSITY BOULEVARD 600 BLOCK SOUTH & CENTER AVENUE EAST,1,1,0,7,1,4,,0,30,0,0,0,0,0,4,2,16
,2016_14558,39.674835,-104.9594175,10/29/2016 15:12,15:12,12,0,0,UNIVERSITY BOULEVARD 2300 BLOCK SOUTH & ILIFF AVENUE EAST,1,1,0,7,1,4,,0,35,0,0,0,0,1,4,2,16
,2016_14561,39.698388,-104.959332,5/11/2016 19:40,19:40,1,0,0,UNIVERSITY BOULEVARD SOUTH & TENNESSEE AVENUE EAST,1,2,0,7,1,1,,0,35,0,0,0,0,0,4,2,3
,2016_14562,39.698388,-104.959332,7/10/2016 16:28,16:28,12,0,0,UNIVERSITY BOULEVARD SOUTH & TENNESSEE AVENUE EAST,1,1,0,7,1,4,,0,30,0,0,0,0,0,4,2,3
,2016_14563,39.698388,-104.959332,9/15/2016 18:09,18:09,1,0,0,UNIVERSITY BOULEVARD SOUTH & TENNESSEE AVENUE EAST,1,1,0,0,1,3,,0,30,0,0,0,0,0,4,2,14
,2016_14564,39.669462,-104.987682,6/18/2016 14:20,14:20,12,0,0,VASSAR AVENUE WEST & BROADWAY STREET SOUTH,1,1,0,7,1,1,,0,25,0,0,0,0,0,4,2,3
,2016_14565,39.707532,-105.00156,7/14/2016 8:09,8:09,5,0,0,VIRGINIA AVENUE WEST & LIPAN STREET SOUTH,1,1,0,7,3,5,,0,25,0,0,0,0,0,4,1,10
,2016_14566,39.676752,-105.0250545,12/25/2016 18:27,18:27,6,0,0,WARREN AVENUE & FEDERAL BOULEVARD,1,3,0,0,1,4,,0,25,0,0,0,0,0,4,2,5
,2016_14567,39.781854,-104.9786325,6/17/2016 16:10,16:10,1,0,0,WASHINGTON STREET NORTH & 47TH AVENUE EAST,1,1,1,0,1,1,,0,30,0,0,0,0,0,4,2,13
,2016_14568,39.74076,-104.9960925,12/7/2016 5:52,5:52,5,0,0,WELTON STREET 1209 & 12TH STREET,5,2,1,2,3,4,,0,30,0,0,0,0,0,4,1,7
,2016_14569,39.721131,-105.014205,11/22/2016 13:46,13:46,6,0,0,WYANDOT STREET & 3400 BLOCK NORTH,1,1,1,0,1,4,,0,25,0,0,0,0,0,4,2,13
,2016_14570,39.716586,-105.04935,6/5/2016 1:33,1:33,6,0,0,XAVIER STREET NORTH & ELLSWORTH AVENUE WEST,1,3,1,0,1,4,,0,30,0,0,0,0,0,4,3,3
,2016_14571,39.729114,-104.960232,4/29/2016 19:16,19:16,6,0,0,YORK STREET & EIGHTH AVENUE,2,2,0,1,3,4,,0,,0,0,0,0,0,4,3,13
,2016_14572,39.739995,-104.9598135,3/5/2016 16:46,16:46,10,0,0,YORK STREET NORTH & COLFAX AVENUE EAST,1,1,0,0,1,2,,0,30,0,0,0,0,0,4,2,14
,2016_14573,39.72393,-104.8839413,3/21/2016 9:25,9:25,10,0,0,YOSEMITE STREET NORTH & LOWRY BOULEVARD EAST,1,1,0,0,1,6,,0,15,0,0,0,0,0,4,2,13
,2016_14574,39.731265,-105.0521805,6/28/2016 7:21,7:21,3,0,0,ZENOBIA STREET NORTH & NINTH AVENUE WEST,1,1,0,7,1,1,,0,25,0,0,0,0,0,4,2,16
,2016_14575,39.696759,-105.0156675,4/14/2016 15:05,15:05,6,0,0,ZUNI STREET SOUTH & MISSISSIPPI AVENUE WEST,1,1,0,0,1,2,,0,25,0,0,0,0,0,4,2,7
,2016_14892,39.725649,-105.005763,4/27/2016 14:38,14:38,12,0,0,SIXTH AVENUE WEST WB ON RAMP & SEMINOLE ROAD,1,1,0,0,1,14,,0,45,0,0,0,0,0,2,2,13
,2016_14893,39.740553,-105.023583,5/19/2016 8:00,8:00,12,0,0,COLFAX AVENUE WEST & ELIOT STREET NORTH,1,1,1,0,1,3,,0,40,0,0,0,0,0,2,2,3
,2016_14894,39.777084,-104.882499,9/28/2016 5:15,5:15,15,0,0,I70 & CENTRAL PARK BOULEVARD NORTH,1,2,1,0,1,4,,0,55,0,0,0,0,0,1,2,13
,2016_14895,39.756456,-105.0093135,11/21/2016 7:00,7:00,6,0,0,15TH STREET & PLATTE STREET,1,2,0,0,1,4,,0,25,0,0,0,0,0,4,2,13
,2016_15043,39.729285,-105.0251625,5/15/2016 19:13,19:13,5,0,1,EIGHTH AVENUE WEST & FEDERAL BOULEVARD NORTH,1,1,0,0,2,4,,0,30,0,0,0,0,2,4,1,5
,2016_15069,39.61832987,-105.0618503,10/9/2016 1:00,1:00,6,0,0,CRESTLINE AVENUE & 8000 WEST,1,3,0,0,1,7,,0,15,0,0,0,0,0,4,2,14
,2016_15162,39.674754,-104.870862,4/16/2016 2:25,2:25,3,0,0,ILIFF AVENUE EAST & PARKER ROAD SOUTH,4,3,1,2,1,2,,0,40,0,0,0,0,0,4,2,13
,2016_15171,39.736872,-104.9952825,8/31/2016 16:30,16:30,5,0,0,FOX STREET & 13TH AVENUE WEST,1,1,0,0,2,3,,0,30,0,0,0,0,0,4,1,13
,2016_15215,39.74001,-104.99202,1/21/2016 22:00,22:00,6,0,0,28TH AVENUE & 6400 BLOCK EAST,1,3,0,0,1,3,,0,30,0,0,0,0,0,4,2,14
,2016_15219,39.838059,-104.7154635,1/7/2016 19:50,19:50,5,0,0,GUN CLUB ROAD NORTH & 78TH AVENUE EAST,2,3,0,2,4,1,,0,45,0,0,0,0,0,4,1,8
,2016_15269,39.680307,-104.972274,9/26/2016 16:30,16:30,6,0,0,MARION STREET 1900 BLOCK SOUTH & ASBURY AVENUE EAST,1,1,0,0,1,3,,0,25,0,0,0,0,0,4,2,1
,2016_15284,39.719394,-104.954625,8/22/2016 19:30,19:30,6,0,0,SECOND AVENUE EAST & DETROIT STREET NORTH,1,1,0,0,1,4,,0,,0,0,0,0,0,4,2,13
,2016_15303,39.717045,-104.903793,1/6/2016 9:25,9:25,12,0,0,QUEBEC STREET & LOWRY BOULEVARD EAST,1,1,1,0,1,3,,0,35,0,0,0,0,0,4,2,3
,2016_15304,39.782538,-104.7648825,1/6/2016 14:07,14:07,15,0,0,ARGONNE STREET NORTH & 47TH DRIVE EAST,1,1,1,0,1,4,,0,30,0,0,0,0,0,4,2,13
,2016_15305,39.762054,-104.973345,1/6/2016 15:26,15:26,12,0,0,DOWNING STREET NORTH & MLK BOULEVARD,1,1,1,0,1,4,,0,30,0,0,0,0,0,4,2,3
,2016_15306,39.71025,-104.989995,1/7/2016 18:00,18:00,3,0,0,BANNOCK STREET SOUTH & NEVADA PLACE WEST,2,2,0,0,1,3,,0,25,0,0,0,0,0,4,2,13
,2016_15307,39.673008,-104.915205,1/8/2016 15:13,15:13,6,0,0,LINDEN COURT SOUTH & WESLEY AVENUE EAST,5,1,0,2,1,3,,0,25,0,0,0,0,0,4,2,14
,2016_15308,39.737259,-104.902335,1/19/2016 8:01,8:01,3,0,0,13TH AVENUE EAST & QUINCE STREET NORTH,2,1,0,0,1,1,,0,30,0,0,0,0,0,4,2,1
,2016_15309,39.718197,-104.955831,7/1/2016 23:40,23:40,6,0,0,CLAYTON STREET & FIRST AVENUE EAST,1,3,0,0,1,4,,0,25,0,0,0,0,0,4,2,5
,2016_15310,39.615678,-105.0627825,8/4/2016 4:00,4:00,6,0,0,ALAMO DRIVE WEST & HARLAN STREET SOUTH,1,1,0,0,1,4,,0,25,0,0,0,0,0,4,2,7
,2016_15311,39.7546748,-104.8948031,8/13/2016 16:42,16:42,10,0,0,26TH AVENUE & 1231 EAST,1,1,0,0,1,4,,0,30,0,0,0,0,1,4,2,13
,2016_15312,39.75498,-104.995143,8/16/2016 0:56,0:56,12,0,0,20TH STREET & WAZEE STREET,3,3,0,0,1,4,,0,30,0,0,0,0,0,4,2,14
,2016_15313,39.74164506,-104.9609528,9/18/2016 18:15,18:15,6,0,0,GAYLORD STREET 1600 BLOCK NORTH & 17TH AVENUE EAST,1,1,0,0,1,4,,0,30,0,0,0,0,0,4,3,5
,2016_15314,39.723732,-104.974083,8/24/2016 12:03,12:03,3,0,0,FIFTH AVENUE EAST & CORONA STREET NORTH,2,1,0,1,1,1,,0,25,0,0,0,0,0,4,2,13
,2016_15315,39.776085,-104.938011,8/26/2016 9:32,9:32,5,0,0,SMITH ROAD & ALBION STREET NORTH APPROXIMATELY,1,1,0,0,3,4,,0,25,0,0,0,0,0,4,1,3
,2016_15316,39.78668412,-104.9887195,8/26/2016 12:35,12:35,6,0,0,ACOMA STREET & 1100 BLOCK NORTH,1,1,0,0,1,4,,0,30,0,0,0,0,0,4,2,13
,2016_15317,39.770514,-105.0112035,8/26/2016 16:16,16:16,3,0,0,39TH AVENUE WEST & TEJON STREET NORTH,1,1,0,0,1,1,,0,25,0,0,0,0,0,4,2,3
,2016_15318,39.783609,-104.7913916,8/29/2016 7:40,7:40,12,0,0,PENA BOULEVARD IB RAMP OFF & GREEN VALLEY RANCH BOULEVARD EAST,1,1,0,0,1,1,,0,40,0,0,0,0,0,4,2,13
,2016_15319,39.70215,-104.9875605,8/29/2016 14:20,14:20,12,0,3,BROADWAY SOUTH & OHIO AVENUE EAST,2,1,0,1,1,3,,0,35,0,0,0,0,2,4,3,13
,2016_15320,39.674745,-104.8740345,9/1/2016 1:10,1:10,15,0,0,ILIFF AVENUE EAST & EMPORIA STREET SOUTH,1,3,0,0,1,4,,0,35,0,0,0,0,0,4,2,13
,2016_15321,39.725604,-105.0325155,9/1/2016 11:30,11:30,12,0,0,SIXTH AVENUE WEST FRONTAGE NOT CDOT & KNOX COURT NORTH,1,1,0,0,1,1,,0,,0,0,0,0,0,4,2,13
,2016_15322,39.711159,-104.9900175,9/7/2016 7:45,7:45,1,0,0,ALAMEDA AVENUE WEST & BANNOCK STREET SOUTH,1,1,0,0,1,1,,0,35,0,0,0,0,0,4,2,13
,2016_15323,39.774681,-104.9732415,9/7/2016 8:42,8:42,6,0,0,BRIGHTON BOULEVARD NORTH & 40TH STREET,1,1,0,0,1,4,,1,35,0,0,0,0,0,4,2,13
,2016_15324,39.624219,-104.91192,9/7/2016 8:50,8:50,1,0,1,BELLEVIEW AVENUE EAST & MONACO STREET SOUTH,1,1,0,0,1,1,,0,35,0,0,0,0,2,4,2,13
,2016_15325,39.749463,-104.973381,9/7/2016 15:30,15:30,12,0,0,DOWNING STREET & 22ND AVENUE,1,1,0,0,1,3,,0,30,0,0,0,0,0,4,2,13
,2016_15326,39.71115,-104.9851845,9/8/2016 15:16,15:16,15,0,0,ALAMEDA AVENUE EAST & SHERMAN STREET SOUTH,1,1,0,0,1,1,,0,20,0,0,0,0,0,4,2,13
,2016_15327,39.715983,-104.959314,9/13/2016 17:10,17:10,12,0,0,UNIVERSITY BOULEVARD & CHERRY CREEK NORTH DRIVE,2,1,0,0,1,3,,0,30,0,0,0,0,0,4,2,4
,2016_15328,39.737259,-104.902335,9/15/2016 19:01,19:01,6,0,0,QUINCE STREET & 13TH AVENUE EAST,1,4,0,0,1,4,,0,25,0,0,0,0,0,4,2,14
,2016_15329,39.72906,-104.978754,9/15/2016 23:42,23:42,6,0,0,WASHINGTON STREET NORTH & EIGHTH AVENUE EAST,1,3,1,0,3,4,,0,25,0,0,0,0,0,4,2,12
,2016_15330,39.709026,-104.875443,9/19/2016 9:07,9:07,3,0,0,ALAMEDA AVENUE EAST & DAYTON STREET SOUTH,1,1,0,0,1,1,,0,45,0,0,0,0,0,4,2,1
,2016_15331,39.683952,-104.988798,9/19/2016 13:00,13:00,6,0,1,BROADWAY SOUTH / ACOMA ALLEY & COLORADO AVENUE EAST,1,1,0,0,1,5,,0,25,0,0,0,0,2,4,2,5
,2016_15332,39.744855,-104.987394,9/22/2016 6:50,6:50,15,0,0,18TH AVENUE EAST & BROADWAY NORTH,1,1,0,0,1,3,,0,30,0,0,0,0,0,4,2,9
,2016_15333,39.738681,-104.88582,9/25/2016 22:00,22:00,6,0,0,XENIA STREET & 14TH AVENUE EAST,1,2,0,0,1,4,,0,25,0,0,0,0,0,4,2,14
,2016_15334,39.728907,-104.998644,9/26/2016 15:00,15:00,3,0,0,EIGHTH AVENUE WEST & SANTE FE DRIVE NORTH,1,1,0,0,1,1,,0,30,0,0,0,1,0,4,2,7
,2016_15335,39.651102,-104.8848435,9/27/2016 10:27,10:27,1,0,0,YOSEMITE STREET SOUTH & JEFFERSON AVENUE EAST,1,1,0,0,1,1,,0,35,0,0,0,0,1,4,2,13
,2016_15336,39.760794,-105.013152,9/30/2016 18:39,18:39,3,0,0,VALLEJO STREET NORTH & 31ST AVENUE WEST,1,2,1,0,1,1,,0,25,0,0,0,0,1,4,2,1
,2016_15337,39.754305,-104.9942745,10/1/2016 2:00,2:00,12,0,0,20TH STREET & BLAKE STREET,1,3,0,0,1,4,,0,30,0,0,0,0,0,4,2,14
,2016_15338,39.765636,-104.9034645,10/5/2016 8:05,8:05,12,0,0,QUEBEC STREET SOUTHBOUND & 35TH AVENUE EAST,1,1,0,0,1,4,,0,40,0,0,0,0,1,4,2,7
,2016_15340,39.657474,-104.900085,10/5/2016 8:45,8:45,12,0,0,TAMARAC STREET SOUTH & EASTMAN AVENUE EAST,1,1,0,0,1,4,,0,35,0,0,0,0,1,4,2,13
,2016_15341,39.729276,-104.9093505,10/5/2016 17:00,17:00,12,0,0,EIGHTH AVENUE EAST & NEWPORT STREET NORTH,1,1,0,0,1,3,,0,30,0,0,0,0,0,4,2,13
,2016_15342,39.684987,-104.9035905,10/6/2016 6:55,6:55,12,0,0,QUEBEC STREET SOUTH & CHERRY CREEK DRIVE SOUTH,2,2,0,1,1,1,,0,30,0,0,0,0,0,4,2,13
,2016_15343,39.678552,-104.9828715,10/7/2016 22:05,22:05,3,0,0,EVANS AVENUE EAST & LOGAN STREET SOUTH,1,3,0,0,1,1,,0,35,0,0,0,0,1,4,2,4
,2016_15344,39.781017,-104.749245,10/10/2016 17:00,17:00,12,0,1,GREEN VALLEY RANCH BOULEVARD & JEBEL STREET NORTH,1,1,0,0,1,4,,0,40,0,0,0,0,2,4,2,7
,2016_15345,39.735144,-104.9823225,10/11/2016 8:27,8:27,6,0,0,12TH AVENUE & LOGAN STREET NORTH,1,1,0,0,2,4,,0,30,0,0,0,0,0,4,2,8
,2016_15346,39.774114,-105.0220305,10/12/2016 15:53,15:53,3,0,0,DECATUR STREET NORTH & 42ND AVENUE WEST,1,1,0,0,1,1,,0,25,0,0,0,0,0,4,2,13
,2016_15347,39.689316,-104.950035,10/13/2016 9:30,9:30,15,0,0,FLORIDA AVENUE & STEELE STREET SOUTH,1,1,0,0,1,4,,0,20,0,0,0,0,0,4,2,1
,2016_15348,39.751209,-105.0000435,10/13/2016 21:30,21:30,12,0,0,WAZEE STREET & 16TH STREET,1,3,0,0,1,3,,0,30,0,0,0,0,0,4,2,12
,2016_15349,39.678489,-104.9652315,11/29/2016 15:20,15:20,12,0,0,HIGH STREET SOUTH & EVANS AVENUE EAST,1,1,0,0,1,2,,0,25,0,0,0,0,0,4,2,13
,2016_15350,39.727323,-104.9483835,12/11/2016 1:00,1:00,8,0,0,SEVENTH AVENUE EAST & ADAMS STREET NORTH,1,3,0,0,6,1,,0,,0,0,0,0,1,4,2,13
,2016_15351,39.763782,-104.9240115,12/16/2016 10:05,10:05,6,0,0,33RD AVENUE EAST & HUDSON STREET NORTH,1,1,0,0,1,4,,0,30,0,0,0,0,0,4,2,2
,2016_15352,39.718197,-104.9558355,6/20/2016 16:03,16:03,12,0,0,FIRST AVENUE 2700 BLOCK EAST & CLAYTON LANE NORTH,1,1,0,0,1,4,,0,30,0,0,0,0,0,4,2,3
,2016_15353,39.718206,-104.954625,6/13/2016 2:30,2:30,15,0,0,FIRST AVENUE 2700 BLOCK EAST & DETROIT STREET NORTH,1,3,0,0,1,4,,0,30,0,0,0,0,0,4,2,1
,2016_15354,39.718332,-104.9705775,10/10/2016 9:53,9:53,15,0,0,FIRST AVENUE EAST & LAFAYETTE STREET NORTH,1,1,0,0,1,4,,0,30,0,0,0,0,0,4,2,13
,2016_15355,39.717819,-104.946165,3/15/2016 16:50,16:50,15,0,0,FIRST AVENUE 3500 BLOCK EAST & MADISON STREET NORTH,1,1,0,0,1,5,,0,30,0,0,0,0,0,4,2,13
,2016_15356,39.718026,-104.9522265,6/10/2016 14:38,14:38,15,0,0,FIRST AVENUE EAST & MILWAUKEE STREET NORTH,1,1,0,0,1,4,,0,35,0,0,0,0,0,4,2,14
,2016_15357,39.718134,-105.0396975,11/3/2016 6:59,6:59,3,0,0,FIRST AVENUE WEST & PERRY STREET NORTH,1,3,0,0,1,1,,0,30,0,0,0,0,1,4,2,7
,2016_15358,39.74001,-104.99202,12/15/2016 15:11,15:11,15,0,0,FIRST AVENUE 2100 BLOCK EAST & STREET PAUL STREET NORTH,1,1,0,0,1,4,,0,30,0,0,0,0,0,4,2,13
,2016_15359,39.719412,-104.952222,12/9/2016 8:29,8:29,5,0,0,SECOND AVENUE EAST & MILWAUKEE STREET NORTH,1,1,0,0,2,1,,0,25,0,0,0,0,0,4,1,13
,2016_15360,39.71934,-104.981454,10/31/2016 16:15,16:15,3,0,0,SECOND AVENUE EAST & PENNSYLVANIA STREET NORTH,1,1,0,7,1,1,,0,25,0,0,0,0,0,4,2,4
,2016_15361,39.720933,-105.000192,10/27/2016 10:42,10:42,3,0,0,THIRD AVENUE WEST & KALAMATH STREET NORTH,1,1,1,7,1,1,,0,25,0,0,0,0,1,4,2,3
,2016_15362,39.725631,-104.9874435,3/30/2016 7:27,7:27,12,0,0,SIXTH AVENUE 000 BLOCK WEST & BROADWAY STREET NORTH,1,1,0,7,1,3,,0,30,0,0,0,0,0,4,2,14
,2016_15363,39.725532,-104.940801,6/3/2016 18:53,18:53,15,0,0,SIXTH AVENUE 4000 BLOCK EAST & COLORADO BOULEVARD NORTH,1,1,1,0,1,3,,0,35,0,0,0,0,0,4,2,13
,2016_15364,39.725622,-104.983605,5/20/2016 15:16,15:16,3,0,0,SIXTH AVENUE EAST & GRANT STREET NORTH,1,1,1,7,1,1,,0,30,0,0,0,0,1,4,2,12
,2016_15365,39.725649,-104.986314,6/10/2016 14:42,14:42,15,0,0,SIXTH AVENUE EAST & LINCOLN STREET NORTH,1,1,0,0,1,1,,0,30,0,0,0,0,0,4,2,3
,2016_15366,39.725586,-104.965857,7/16/2016 22:28,22:28,3,0,0,SIXTH AVENUE EAST & WILLIAMS STREET NORTH,1,3,0,7,1,1,,0,25,0,0,0,0,0,4,2,16
,2016_15367,39.725604,-104.9602005,4/8/2016 11:04,11:04,12,0,0,SIXTH AVENUE 2300 BLOCK EAST & YORK STREET NORTH,1,1,0,7,1,4,,0,30,0,0,0,0,1,4,2,3
,2016_15368,39.727287,-104.983596,1/10/2016 14:15,14:15,3,0,0,SEVENTH AVENUE EAST & GRANT STREET NORTH,1,1,0,0,1,1,,0,35,0,0,0,0,0,4,2,13
,2016_15369,39.728907,-104.9964435,2/23/2016 2:23,2:23,10,0,0,EIGHTH AVENUE WEST & GALAPAGO STREET NORTH,1,1,1,0,1,1,,0,30,0,0,0,0,0,4,2,16
,2016_15370,39.728907,-104.9964435,3/14/2016 17:56,17:56,12,0,0,EIGHTH AVENUE 600 BLOCK WEST & GALAPAGO STREET NORTH,1,1,0,7,1,3,,0,30,0,0,0,0,1,4,2,3
,2016_15371,39.729078,-104.983614,8/9/2016 10:56,10:56,12,0,0,EIGHTH AVENUE 300 BLOCK EAST & GRANT STREET NORTH,1,1,1,7,1,3,,0,30,0,0,0,0,0,4,2,3
,2016_15372,39.72924,-104.9239035,12/14/2016 17:03,17:03,3,0,0,EIGHTH AVENUE EAST & HUDSON STREET NORTH,1,3,0,0,1,1,,0,60,0,0,0,0,0,4,2,3
,2016_15373,39.728943,-105.000183,11/3/2016 14:46,14:46,12,0,0,EIGHTH AVENUE WEST & KALAMATH STREET NORTH,1,1,1,7,1,1,,0,30,0,0,0,0,0,4,2,16
,2016_15374,39.74001,-104.99202,1/7/2016 10:25,10:25,12,0,0,NINTH AVENUE & 4100 BLOCK EAST,2,1,0,2,1,4,,0,25,0,0,0,0,0,4,2,7
,2016_15375,39.74606507,-104.991029,6/25/2016 3:00,3:00,6,0,0,CALIFORNIA STREET & 3000 BLOCK,1,3,0,0,3,4,,0,25,0,0,0,0,0,4,2,13
,2016_15376,39.731031,-104.9339835,11/28/2016 13:45,13:45,12,0,0,NINTH AVENUE EAST & CHERRY STREET NORTH,1,1,0,0,1,4,,0,60,0,0,0,0,0,4,2,13
,2016_15377,39.730446,-104.984865,1/7/2016 15:00,15:00,3,0,0,NINTH AVENUE 200 BLOCK EAST & SHERMAN STREET NORTH,1,1,0,0,1,5,,0,25,0,0,0,0,0,4,2,7
,2016_15378,39.732039,-104.983605,12/2/2016 6:20,6:20,3,0,0,10TH AVENUE EAST & GRANT STREET NORTH,1,2,0,7,1,1,,0,25,0,0,0,0,0,4,2,16
,2016_15379,39.73529332,-105.0526021,8/3/2016 11:10,11:10,15,0,0,12TH AVENUE WEST & 100 BLOCK WEST,1,1,0,0,1,4,,0,25,0,0,0,0,0,4,2,13