id,drcog_id,latitude,longitude,crashtime,time,crashtype,numbkilled,numbinjurd,drcoglocat,rdconditin,lightngcon,roadcntgrd,weatherco,location,roaddescrp,schoolzone,constrzone,splimit,bikeinv,pedinv,sctrinv,motoinv,svrty,rdsystem,ttlvehcls,hcf
,2016_15380,39.736746,-104.9483835,1/7/2016 12:00,12:00,10,0,0,13TH AVENUE EAST & ADAMS STREET NORTH,2,1,0,2,1,1,,0,25,0,0,0,0,0,4,2,14
,2016_15381,39.736476,-104.931531,2/6/2016 15:34,15:34,10,0,0,13TH AVENUE EAST & DAHLIA STREET NORTH,1,1,0,0,1,1,,0,30,0,0,0,0,0,4,2,14
,2016_15382,39.736755,-104.9161545,1/13/2016 7:40,7:40,3,0,0,13TH AVENUE EAST & KRAMERIA STREET NORTH,1,1,0,0,1,1,,0,30,0,0,0,0,0,4,2,7
,2016_15383,39.736863,-104.981085,6/10/2016 8:10,8:10,12,0,0,13TH AVENUE 500 BLOCK EAST & PENNSYLVANIA STREET NORTH,1,1,0,7,1,4,,0,30,0,0,0,0,0,4,2,16
,2016_15384,39.737259,-104.8999725,8/11/2016 18:47,18:47,15,0,0,13TH AVENUE EAST & ROSEMARY STREET NORTH,2,1,0,0,1,1,,0,30,0,0,0,0,0,4,2,8
,2016_15385,39.737241,-104.894037,1/27/2016 15:39,15:39,3,0,0,13TH AVENUE EAST & ULSTER STREET NORTH,1,1,0,7,1,1,,0,25,0,0,0,0,1,4,2,5
,2016_15386,39.74001,-104.99202,4/20/2016 7:50,7:50,12,0,0,14TH AVENUE & 4500 BLOCK EAST,1,1,0,0,1,4,,0,30,0,0,0,0,0,4,2,13
,2016_15387,39.745044,-104.987394,5/3/2016 21:37,21:37,12,0,0,BROADWAY & 18TH STREET,1,3,0,7,1,3,,0,35,0,0,0,0,0,4,2,5
,2016_15388,39.704679,-105.0317235,10/1/2016 1:00,1:00,6,0,0,GILL PLACE WEST & GILL PLACE 3424 WEST,1,1,0,0,1,4,,0,25,0,0,0,0,0,4,2,5
,2016_15389,39.738384,-104.974164,3/25/2016 7:28,7:28,12,0,0,14TH AVENUE 1000 BLOCK EAST & CORONA STREET NORTH,2,1,1,7,1,3,,0,30,0,0,0,0,0,4,2,16
,2016_15390,39.738402,-104.912802,8/22/2016 18:06,18:06,3,0,0,14TH AVENUE EAST & MONACO STREET NORTH,1,1,0,0,1,1,,0,30,0,0,0,0,0,4,2,1
,2016_15391,39.738456,-104.984847,11/15/2016 18:40,18:40,15,0,0,14TH AVENUE 100 BLOCK EAST & SHERMAN STREET NORTH,1,3,0,7,1,4,,0,30,0,0,0,0,0,4,2,16
,2016_15392,39.738348,-104.9494545,12/7/2016 6:15,6:15,15,0,0,14TH AVENUE EAST & STEELE STREET NORTH,4,3,0,2,1,1,,0,30,0,0,0,0,0,4,2,7
,2016_15393,39.738375,-104.9622525,6/23/2016 17:01,17:01,3,0,0,14TH AVENUE EAST & VINE STREET NORTH,1,1,0,0,1,1,,0,30,0,0,0,0,1,4,3,13
,2016_15394,39.743388,-104.930154,7/12/2016 17:12,17:12,15,0,0,17TH AVENUE EAST & ELM STREET,1,1,0,7,1,1,,0,35,0,0,0,0,0,4,2,16
,2016_15395,39.743712,-104.9286645,11/30/2016 17:18,17:18,12,0,0,17TH AVENUE EAST & FAIRFAX STREET NORTH,1,3,0,7,1,4,,0,30,0,0,0,0,0,4,2,16
,2016_15397,39.743217,-104.96475,3/18/2016 18:45,18:45,10,0,0,17TH AVENUE EAST & HIGH STREET NORTH,1,2,0,0,1,1,,0,30,0,0,0,0,0,4,2,13
,2016_15398,39.743757,-104.906952,11/2/2016 16:43,16:43,12,0,0,17TH AVENUE 7000 BLOCK EAST & OLIVE STREET NORTH,1,1,0,7,1,4,,0,30,0,0,0,0,0,4,2,3
,2016_15399,39.744846,-104.9734035,7/15/2016 12:15,12:15,3,0,0,18TH AVENUE EAST & DOWNING STREET NORTH,2,1,0,7,1,1,,0,30,0,0,0,0,0,4,2,16
,2016_15400,39.744801,-104.9861205,2/24/2016 11:50,11:50,3,0,0,18TH AVENUE EAST & LINCOLN STREET NORTH,1,1,0,7,1,1,,0,30,0,0,0,0,0,4,2,16
,2016_15401,39.746097,-104.933763,4/19/2016 8:00,8:00,3,0,0,19TH AVENUE EAST & CHERRY STREET NORTH,2,1,0,1,1,1,,0,25,0,0,0,0,0,4,2,16
,2016_15402,39.748797,-105.0236235,3/11/2016 7:56,7:56,14,0,0,21ST AVENUE WEST & ELIOT STREET NORTH,1,1,0,0,1,1,,0,30,0,0,0,0,1,4,2,14
,2016_15403,39.749481,-104.978151,12/21/2016 11:58,11:58,3,0,0,22ND AVENUE EAST & WASHINGTON STREET NORTH,1,1,0,7,1,1,,0,25,0,0,0,0,0,4,2,16
,2016_15404,39.7512,-105.023601,11/27/2016 23:24,23:24,3,0,0,23RD AVENUE WEST & ELIOT STREET NORTH,1,3,0,7,1,1,,0,30,0,0,0,0,0,4,2,16
,2016_15405,39.750705,-104.968413,3/30/2016 7:15,7:15,3,0,0,23RD AVENUE EAST & FRANKLIN STREET NORTH,1,1,0,7,1,1,,0,20,0,0,0,0,0,4,2,1
,2016_15406,39.74001,-104.99202,10/16/2016 15:36,15:36,6,0,0,26TH AVENUE & 4400 BLOCK WEST,1,1,0,0,1,4,,0,25,0,0,0,0,0,4,2,13
,2016_15407,39.756132,-104.8907115,6/24/2016 11:10,11:10,1,0,0,28TH AVENUE EAST & CENTRAL PARK BOULEVARD NORTH,1,1,0,7,1,1,,0,30,0,0,0,0,0,4,2,16
,2016_15408,39.757248,-105.020514,10/17/2016 12:20,12:20,3,0,0,28TH AVENUE WEST & CLAY STREET,1,1,0,7,1,1,,0,35,0,0,0,0,0,4,2,14
,2016_15409,39.74001,-104.99202,1/20/2016 16:10,16:10,6,0,0,29TH AVENUE & 1800 BLOCK EAST,1,1,0,7,1,4,,0,25,0,0,0,0,0,4,4,16
,2016_15410,39.758058,-104.9010525,9/16/2016 10:55,10:55,15,0,0,29TH AVENUE WEST & 29TH AVENUE 2800 WEST,1,1,0,0,1,4,,0,25,0,0,0,0,0,4,2,13
,2016_15411,39.76210062,-105.0503468,7/22/2016 16:54,16:54,1,0,0,32ND AVENUE WEST & 3500 BLOCK,1,1,0,0,1,2,,0,30,0,0,0,0,0,4,2,13
,2016_15412,39.762117,-105.034572,12/20/2016 17:11,17:11,12,0,0,32ND AVENUE WEST & LOWELL BOULEVARD NORTH,1,3,1,7,1,4,,0,25,0,0,0,0,0,4,2,16
,2016_15413,39.763215,-105.0096105,3/15/2016 19:53,19:53,6,0,0,33RD AVENUE 1800 BLOCK WEST & SHOSHONE STREET NORTH,1,3,1,0,1,4,,0,25,0,0,0,0,0,4,3,12
,2016_15414,39.767346,-104.8905135,9/13/2016 15:42,15:42,12,0,1,36TH AVENUE EAST & CENTRAL PARK BOULEVARD NORTH,1,1,0,0,1,3,,0,30,0,0,0,0,2,4,2,13
,2016_15415,39.768048,-105.0005745,12/12/2016 19:33,19:33,14,0,0,37TH AVENUE WEST & KALAMATH STREET NORTH,1,4,0,7,1,4,,0,25,0,0,0,0,0,4,2,16
,2016_15416,39.769398,-105.0299505,2/28/2016 4:13,4:13,12,0,0,38TH AVENUE WEST & IRVING STREET NORTH,1,3,0,0,1,1,,0,30,0,0,0,0,1,4,2,13
,2016_15417,39.769272,-105.0080355,1/30/2016 12:16,12:16,12,0,0,38TH AVENUE WEST & QUIVAS STREET NORTH,1,1,0,7,1,1,,0,35,0,0,0,0,1,4,2,7
,2016_15418,39.770505,-105.018984,4/16/2016 14:45,14:45,6,0,0,39TH AVENUE 2600 BLOCK WEST & BRYANT STREET NORTH,6,1,0,2,1,3,,0,35,0,0,0,0,0,4,2,1
,2016_15419,39.752262,-104.991804,2/6/2016 23:00,23:00,12,0,0,LAWRENCE STREET & 20TH STREET,1,3,0,0,1,4,,0,30,0,0,0,0,0,4,2,13
,2016_15420,39.771063,-104.8470435,10/13/2016 8:55,8:55,12,0,0,39TH AVENUE EAST & PEORIA STREET NORTH,1,1,0,0,1,1,,0,25,0,0,0,0,0,4,2,13
,2016_15421,39.771126,-105.0451425,2/8/2016 8:15,8:15,3,0,0,39TH AVENUE WEST & UTICA STREET NORTH,5,1,0,7,1,1,,0,30,0,0,0,0,0,4,2,16
,2016_15422,39.773097,-104.8079115,2/29/2016 16:48,16:48,3,0,0,40TH AVENUE EAST & ANDREWS DRIVE EAST,1,1,0,0,1,1,,0,30,0,0,0,0,0,4,2,3
,2016_15423,39.771126,-104.7391425,12/18/2016 0:45,0:45,5,0,0,40TH AVENUE EAST EAST & ODESSA STREET NORTH,5,3,0,7,2,1,,0,25,0,0,0,0,0,4,1,7
,2016_15424,39.771765,-105.0054345,9/18/2016 0:40,0:40,6,0,0,40TH AVENUE WEST & OSAGE STREET NORTH,1,4,0,0,1,4,,0,25,0,0,0,0,0,4,2,12
,2016_15425,39.774123,-105.009984,8/16/2016 10:38,10:38,6,0,0,42ND AVENUE WEST & SHOSHONE STREET NORTH,1,1,1,0,1,4,,0,25,0,0,0,0,0,4,2,13
,2016_15426,39.776607,-105.020523,10/27/2016 7:00,7:00,3,0,0,44TH AVENUE WEST & CLAY STREET NORTH,1,3,1,7,1,1,,0,25,0,0,0,0,0,4,2,16
,2016_15427,39.777642,-104.9541435,2/19/2016 23:34,23:34,6,0,0,44TH AVENUE EAST & CLAYTON STREET NORTH,1,3,0,0,1,4,,0,25,0,0,0,0,0,4,2,5
,2016_15428,39.74001,-104.99202,1/18/2016 8:36,8:36,3,0,0,44TH AVENUE & 4100 BLOCK WEST,1,1,0,0,1,5,,0,35,0,0,0,0,0,4,2,5
,2016_15429,39.777669,-104.959413,6/19/2016 14:53,14:53,3,0,0,44TH AVENUE EAST & YORK STREET NORTH,1,1,0,0,1,1,,0,30,0,0,0,0,0,4,2,13
,2016_15430,39.777993,-104.7720735,6/26/2016 21:00,21:00,12,0,0,45TH AVENUE EAST & TOWER ROAD NORTH,1,1,0,7,1,4,,0,30,0,0,0,0,0,4,2,16
,2016_15431,39.751542,-104.9874255,11/1/2016 8:11,8:11,15,0,0,BROADWAY NORTH & CHAMPA STREET,1,1,0,7,1,4,,0,,0,0,0,0,0,4,2,16
,2016_15432,39.787866,-104.810553,5/16/2016 14:54,14:54,12,0,0,52ND AVENUE 15200 BLOCK EAST & GRANBY STREET NORTH,2,1,0,1,1,4,,0,25,0,0,0,0,1,4,2,14
,2016_15433,39.798396,-104.786415,9/23/2016 14:30,14:30,12,0,0,56TH AVENUE EAST & PENA BOULEVARD NORTH,1,1,0,0,1,4,,0,45,0,0,0,0,0,4,4,13
,2016_15434,39.837969,-104.6928825,2/21/2016 8:41,8:41,12,0,0,78TH AVENUE 25300 BLOCK EAST & JACKSON GAP,1,1,0,7,1,3,,0,45,0,0,0,0,0,4,2,1
,2016_15435,39.837969,-104.6928825,5/9/2016 6:05,6:05,12,0,0,78TH AVENUE 25500 EAST & JACKSON GAP ROAD NORTH,1,2,0,7,1,4,,0,45,0,0,0,0,1,4,3,3
,2016_15436,39.711141,-104.987592,6/24/2016 18:13,18:13,12,0,0,ALAMEDA AVENUE EAST & BROADWAY STREET SOUTH,1,1,0,7,1,4,,0,35,0,0,0,0,0,4,2,3
,2016_15437,39.711186,-104.892912,6/20/2016 16:56,16:56,1,0,1,ALAMEDA AVENUE EAST & FAIRMOUNT DRIVE EAST,1,1,1,7,1,1,,0,30,0,0,0,0,2,4,2,16
,2016_15438,39.711186,-104.892912,11/9/2016 7:57,7:57,12,0,0,ALAMEDA AVENUE 8500 BLOCK EAST & FAIRMOUNT DRIVE EAST,1,1,0,7,1,4,,0,35,0,0,0,0,0,4,2,16
,2016_15439,39.711114,-104.967495,7/14/2016 8:33,8:33,12,0,0,ALAMEDA AVENUE 1600 BLOCK EAST & GILPIN STREET SOUTH,1,1,1,7,1,4,,0,25,0,0,0,0,0,4,3,3
,2016_15440,39.711114,-104.9710455,1/26/2016 14:50,14:50,15,0,0,ALAMEDA AVENUE 1400 BLOCK EAST & LAFAYETTE STREET SOUTH,1,1,0,7,1,3,,0,30,0,0,0,0,0,4,3,16
,2016_15441,39.711366,-104.912964,10/21/2016 16:10,16:10,12,0,0,ALAMEDA AVENUE EAST & MONACO STREET SOUTH,1,1,1,7,1,1,,0,30,0,0,0,0,0,4,2,3
,2016_15442,39.711114,-104.980383,6/14/2016 12:05,12:05,6,0,0,ALAMEDA AVENUE EAST & PEARL STREET SOUTH,1,1,0,0,3,4,,0,30,0,0,0,0,0,4,2,8
,2016_15443,39.711348,-104.9035005,5/16/2016 9:29,9:29,12,0,0,ALAMEDA AVENUE 7300 BLOCK EAST & QUEBEC STREET SOUTH,1,1,0,7,1,3,,0,35,0,0,0,0,1,4,2,1
,2016_15444,39.783645,-104.7675465,12/26/2016 9:20,9:20,3,0,0,ANDES COURT NORTH & GREEN VALLEY RANCH BOULEVARD EAST,1,1,0,7,1,2,,0,25,0,0,0,0,0,4,2,16
,2016_15445,39.694896,-105.0297525,12/4/2016 17:54,17:54,3,0,0,ARIZONA AVENUE WEST & IRVING STREET SOUTH,1,3,0,7,1,1,,0,35,0,0,0,0,0,4,2,7
,2016_15446,39.746547,-105.0076035,2/3/2016 11:41,11:41,12,0,0,AURARIA PARKWAY & NINTH STREET,2,1,0,7,1,3,,0,35,0,0,0,0,0,4,2,14
,2016_15447,39.729717,-104.9912235,3/20/2016 0:55,0:55,3,0,0,BANNOCK STREET & SPEER BOULEVARD NORTH,1,3,1,7,1,1,,0,,0,0,0,0,0,4,2,7
,2016_15448,39.742569,-104.9081445,1/27/2016 11:19,11:19,5,0,0,BATAVIA PLACE EAST & ONEIDA STREET NORTH,1,1,0,7,3,1,,0,35,0,0,0,0,1,4,1,9
,2016_15449,39.714822,-105.02505,1/30/2016 19:30,19:30,6,0,0,BAYAUD AVENUE WEST & FEDERAL BOULEVARD,1,3,0,0,1,2,,0,20,0,0,0,0,0,4,2,14
,2016_15450,39.754305,-104.9942745,7/9/2016 23:10,23:10,15,0,0,BLAKE STREET & 20TH STREET,1,3,0,0,1,1,,0,25,0,0,0,0,0,4,2,8
,2016_15451,39.76011887,-105.0093678,8/4/2016 14:00,14:00,6,0,0,BOULDER STREET & 1600 BLOCK,1,1,0,0,1,4,,0,25,0,0,0,0,0,4,2,13
,2016_15452,39.687525,-104.9223105,1/8/2016 17:01,17:01,5,0,0,HOLLY STREET 1600 BLOCK SOUTH & IOWA AVENUE EAST,5,2,1,4,3,1,,0,30,0,0,0,0,0,4,1,14
,2016_15453,39.70653203,-104.9875954,11/15/2016 7:35,7:35,12,0,0,BROADWAY SOUTH & 500 BLOCK,1,1,0,0,1,4,,0,35,0,0,0,0,1,4,2,1
,2016_15454,39.77312829,-104.9892215,9/27/2016 8:17,8:17,12,0,0,BROADWAY & 1100 BLOCK SOUTH,1,1,0,0,1,3,,0,20,0,0,0,0,0,4,2,14
,2016_15455,39.71934,-104.987502,12/5/2016 15:04,15:04,12,0,0,BROADWAY & SECOND AVENUE WEST,1,1,0,7,1,3,,0,30,0,0,0,0,1,4,2,16
,2016_15456,39.752667,-104.98743,6/30/2016 9:25,9:25,10,0,0,BROADWAY BOULEVARD & 22ND AVENUE,1,1,0,0,1,1,,0,30,0,0,0,0,0,4,2,13
,2016_15457,39.750619,-105.0195615,7/1/2016 9:45,9:45,5,0,0,PLATTE RIVER DRIVE & 1400 BLOCK SOUTH,1,3,0,0,3,4,,0,35,0,0,0,0,0,4,1,13
,2016_15458,39.709314,-104.98761,2/22/2016 16:12,16:12,10,0,0,BROADWAY SOUTH & DAKOTA AVENUE WEST,1,1,0,0,1,1,,0,35,0,0,0,0,0,4,2,7
,2016_15459,39.74609415,-104.9908784,1/6/2016 17:00,17:00,6,0,0,CALIFORNIA STREET 1700 BLOCK & 18TH STREET,1,3,1,7,1,3,,0,30,0,0,0,0,0,4,2,7
,2016_15460,39.757896,-104.8906935,6/23/2016 13:00,13:00,12,0,0,CENTRAL PARK BOULEVARD & 29TH AVENUE EAST,1,1,0,7,1,1,,0,30,0,0,0,0,1,4,2,16
,2016_15462,39.747456,-104.884695,6/18/2016 16:13,16:13,12,0,0,CENTRAL PARK BOULEVARD & MONTVIEW BOULEVARD,1,1,0,7,1,4,,0,30,0,0,0,0,0,4,2,7
,2016_15463,39.785724,-104.883093,7/21/2016 14:43,14:43,15,0,0,CENTRAL PARK BOULEVARD & NORTHFIELD BOULEVARD,1,1,0,7,1,1,,0,35,0,0,0,0,0,4,2,16
,2016_15464,39.753054,-104.9854905,12/7/2016 18:03,18:03,10,0,0,CHAMPA STREET & PARK AVENUE WEST,4,3,0,0,1,1,,0,35,0,0,0,0,0,4,2,3
,2016_15465,39.75786,-104.9982615,4/2/2016 2:17,2:17,6,0,0,CHESTNUT PLACE 2000 BLOCK & 29TH AVENUE WEST,1,3,0,0,1,1,,0,25,0,0,0,0,0,4,2,5
,2016_15466,39.789999,-104.9771115,10/18/2016 14:19,14:19,6,0,0,CLARKSON STREET & 700 BLOCK NORTH,1,1,1,0,1,4,,0,25,0,0,0,0,0,4,2,8
,2016_15467,39.657168,-105.0532335,11/27/2016 1:00,1:00,6,0,0,COLGATE PLACE WEST & SHERIDAN BOULEVARD SOUTH,1,4,0,0,1,4,,0,25,0,0,0,0,0,4,2,13
,2016_15468,39.680109,-104.9407605,3/31/2016 14:00,14:00,12,0,0,COLORADO CENTER DRIVE EAST & COLORADO BOULEVARD SOUTH,2,1,0,2,1,4,,0,25,0,0,0,0,0,4,2,16
,2016_15469,39.68397,-104.973453,1/22/2016 7:35,7:35,3,0,0,COLORADO AVENUE EAST & DOWNING STREET SOUTH,1,1,0,7,1,1,,0,25,0,0,0,0,0,4,2,16
,2016_15470,39.682152,-104.9565015,2/5/2016 17:52,17:52,3,0,0,COLUMBINE STREET SOUTH & BUCHTEL BOULEVARD EAST,5,3,0,0,1,1,,0,25,0,0,0,0,1,4,3,13
,2016_15471,39.618297,-105.0913845,12/11/2016 16:00,16:00,8,0,0,CRESTLINE AVENUE WEST & WADSWORTH BOULEVARD SOUTH,1,1,0,0,1,2,,0,30,0,0,0,0,0,4,2,7
,2016_15472,39.790665,-104.82462,6/4/2016 10:00,10:00,6,0,0,CROWN BOULEVARD NORTH & 52ND AVENUE EAST,1,1,0,0,1,3,,0,25,0,0,0,0,0,4,2,3
,2016_15473,39.748122,-104.993595,7/16/2016 13:44,13:44,6,0,0,CURTIS STREET & 17TH STREET,1,1,0,7,1,4,,0,30,0,0,0,0,0,4,3,16
,2016_15474,39.753801,-104.890734,6/22/2016 18:11,18:11,1,0,0,25TH DRIVE EAST & CENTRAL PARK BOULEVARD NORTH,1,1,0,7,1,1,,0,25,0,0,0,0,0,4,2,8
,2016_15475,39.741957,-104.945364,7/16/2016 21:00,21:00,6,0,0,MONROE STREET & 16TH AVENUE EAST,1,3,0,0,1,4,,0,25,0,0,0,0,0,4,2,3
,2016_15476,39.758805,-104.86305,6/25/2016 10:04,10:04,3,0,0,29TH DRIVE EAST & HAVANA STREET NORTH,1,1,0,0,1,1,,0,35,0,0,0,0,0,4,2,13
,2016_15477,39.692925,-104.931702,2/4/2016 17:06,17:06,12,0,0,DAHLIA STREET 1300 SOUTH & LOUISIANA AVENUE EAST,4,3,0,2,1,3,,0,30,0,0,0,0,0,4,2,14
,2016_15478,39.685698,-104.9316705,9/22/2016 20:40,20:40,3,0,0,DAHLIA STREET SOUTH & MEXICO AVENUE EAST,1,3,0,0,1,1,,0,25,0,0,0,0,0,4,2,5
,2016_15479,39.709269,-104.973372,4/14/2016 14:55,14:55,15,0,0,DAKOTA AVENUE EAST & DOWNING STREET SOUTH,1,1,0,0,1,1,,0,30,0,0,0,0,0,4,2,1
,2016_15480,39.661875,-105.035121,1/7/2016 18:20,18:20,15,0,0,DARTMOUTH AVENUE WEST & LOWELL BOULEVARD SOUTH,2,3,0,0,1,1,,0,30,0,0,0,0,0,4,2,7
,2016_15481,39.732975,-105.0217335,10/13/2016 17:00,17:00,6,0,0,DECATUR STREET 952 & 10TH AVENUE WEST,1,2,0,0,1,4,,0,30,0,0,0,0,0,4,2,14
,2016_15483,39.712995,-105.022674,8/5/2016 20:25,20:25,10,0,0,DECATUR STREET SOUTH & CEDAR AVENUE WEST,1,2,0,0,1,2,,0,25,0,0,0,0,0,4,2,13
,2016_15484,39.74107753,-104.9939967,7/13/2016 13:05,13:05,6,0,0,GLENARM PLACE & 2800 BLOCK,1,1,0,0,1,4,,0,20,0,0,0,0,0,4,2,13
,2016_15485,39.76283001,-104.9733612,11/1/2016 11:05,11:05,15,0,0,DOWNING STREET & 2900 BLOCK NORTH,1,1,0,0,1,4,,0,30,0,0,0,0,0,4,2,7
,2016_15486,39.680316,-104.9734215,9/15/2016 16:44,16:44,5,0,0,DOWNING 2000 BLOCK SOUTH & ASBURY AVENUE EAST,1,1,0,0,2,3,,0,25,0,0,0,0,0,4,1,1
,2016_15487,39.743793,-104.9734035,11/26/2016 14:25,14:25,12,0,0,DOWNING STREET NORTH & PARK AVENUE WEST,1,1,0,7,1,3,,0,30,0,0,0,0,0,4,2,16
,2016_15488,39.718278,-104.973777,12/23/2016 12:05,12:05,15,0,0,DOWNING STREET NORTH & SPEER BOULEVARD EAST,1,1,0,7,1,1,,0,30,0,0,0,0,0,4,2,16
,2016_15489,39.633417,-104.893272,10/27/2016 15:11,15:11,12,0,0,DTC BOULEVARD SOUTH & TUFTS AVENUE EAST,1,1,1,7,1,3,,0,35,0,0,0,0,1,4,2,3
,2016_15490,39.744801,-104.9861205,12/5/2016 10:34,10:34,3,0,0,18TH AVENUE EAST & LINCOLN STREET NORTH,1,1,0,7,1,1,,0,30,0,0,0,0,0,4,2,16
,2016_15491,39.75849,-105.023601,4/23/2016 20:00,20:00,3,0,0,ELIOT STREET NORTH & 29TH AVENUE WEST,1,3,0,7,1,1,,0,25,0,0,0,0,0,4,2,16
,2016_15492,39.790773,-104.814,8/20/2016 21:45,21:45,12,0,0,ELKHART STREET NORTH & 53RD AVENUE EAST,1,3,1,0,1,1,,0,20,0,0,0,0,0,4,2,1
,2016_15493,39.71651421,-104.9803291,1/2/2016 18:26,18:26,6,0,0,ELLSWORTH AVENUE & 3800 BLOCK EAST,1,3,1,7,1,4,,0,25,0,0,0,0,0,4,2,16
,2016_15494,39.71655,-105.032493,4/23/2016 22:15,22:15,3,0,0,ELLSWORTH AVENUE WEST & KNOX COURT SOUTH,1,3,1,7,1,1,,0,25,0,0,0,0,1,4,2,9
,2016_15495,39.751992,-104.9757435,2/16/2016 15:47,15:47,3,0,1,EMERSON STREET NORTH & 24TH AVENUE EAST,1,1,0,7,1,1,,0,25,0,0,0,0,2,4,2,3
,2016_15496,39.687579,-104.976963,6/14/2016 10:24,10:24,6,0,0,EMERSON STREET 1500 BLOCK SOUTH & IOWA AVENUE EAST,1,1,0,0,1,4,,0,10,0,0,0,0,0,4,2,13
,2016_15497,39.774294,-104.8193505,6/23/2016 17:10,17:10,3,0,0,EUGENE WAY NORTH & ANDREWS DRIVE EAST,2,1,0,1,1,1,,0,30,0,0,0,0,0,4,2,14
,2016_15498,39.67866,-105.020352,8/1/2016 8:55,8:55,12,0,0,EVANS AVENUE WEST & CLAY STREET SOUTH,1,1,0,7,1,4,,0,40,0,0,0,0,0,4,2,7
,2016_15499,39.678435,-104.9407425,11/8/2016 16:30,16:30,3,0,0,EVANS AVENUE 3900 BLOCK EAST & COLORADO BOULEVARD SOUTH,1,1,0,7,1,3,,0,35,0,0,0,0,1,4,2,16
,2016_15500,39.743379,-104.9257935,4/25/2016 12:09,12:09,3,0,0,GLENCOE STREET NORTH & 17TH AVENUE EAST,1,1,0,7,1,1,,0,30,0,0,0,0,0,4,2,16
,2016_15501,39.678444,-104.931612,12/13/2016 13:25,13:25,12,0,0,EVANS AVENUE 4800 BLOCK EAST & DAHLIA STREET SOUTH,1,5,0,7,1,1,,0,35,0,0,0,0,1,4,4,14
,2016_15502,39.678408,-104.976684,3/26/2016 16:30,16:30,12,0,0,EVANS AVENUE 900 EAST & EMERSON 2100 SOUTH,1,1,0,7,1,4,,0,35,0,0,0,0,1,4,3,3
,2016_15503,39.678489,-104.967585,3/20/2016 13:28,13:28,15,0,1,EVANS AVENUE 1600 BLOCK EAST & GILPIN STREET SOUTH,1,1,0,0,1,2,,0,30,0,0,0,0,2,4,2,14
,2016_15504,39.678534,-104.9863635,7/13/2016 14:50,14:50,15,0,0,EVANS AVENUE EAST & LINCOLN STREET SOUTH,1,1,0,0,1,1,,0,30,0,0,0,0,0,4,2,13
,2016_15505,39.678516,-105.0017625,1/1/2016 12:00,12:00,5,0,0,EVANS AVENUE WEST & LIPAN STREET SOUTH,1,5,0,0,3,4,,0,,0,0,0,0,0,4,1,1
,2016_15506,39.678435,-104.912892,4/21/2016 19:20,19:20,8,0,1,EVANS AVENUE 6500 BLOCK EAST & MONACO STREET SOUTH,1,1,0,0,1,4,,0,10,0,0,0,0,2,4,2,5
,2016_15507,39.678435,-104.912892,7/26/2016 15:51,15:51,12,0,0,EVANS AVENUE 6300 BLOCK EAST & MONACO STREET SOUTH,1,1,1,7,1,2,,0,30,0,0,0,0,0,4,2,3
,2016_15508,39.678444,-104.908194,3/21/2016 16:05,16:05,15,0,0,EVANS AVENUE 6600 BLOCK EAST & ONEIDA STREET SOUTH,1,1,1,7,1,4,,0,35,0,0,0,0,0,4,2,16
,2016_15509,39.703878,-104.9875425,7/15/2016 15:55,15:55,3,0,1,EXPOSITION AVENUE EAST & BROADWAY,1,1,0,0,1,1,,0,30,0,0,0,0,2,4,2,13
,2016_15510,39.703869,-104.9863005,5/18/2016 18:25,18:25,3,0,0,EXPOSITION AVENUE 100 BLOCK EAST & LINCOLN STREET SOUTH,1,1,0,7,1,5,,0,20,0,0,0,0,0,4,2,16
,2016_15511,39.703851,-104.95935,11/21/2016 19:42,19:42,3,0,0,EXPOSITION AVENUE EAST & UNIVERSITY BOULEVARD SOUTH,1,3,0,7,1,1,,0,25,0,0,0,0,0,4,2,16
,2016_15512,39.652965,-105.066693,10/17/2016 16:21,16:21,3,0,0,HAMPDEN AVENUE FRONTAGE ROAD SOUTH  & KENDALL STREET SOUTH,1,1,0,0,1,1,,0,25,0,0,0,0,0,4,2,7
,2016_15513,39.741102,-104.9936535,12/18/2016 11:00,11:00,14,0,0,GLENARM PLACE 1300 BLOCK & 14TH STREET,4,1,0,0,1,4,,0,,0,0,0,0,0,4,4,13
,2016_15514,39.790764,-104.984721,10/21/2016 21:40,21:40,15,0,0,GRANT STREET & 1400 BLOCK NORTH,1,1,0,0,1,3,,0,25,0,0,0,0,0,4,2,13
,2016_15515,39.736845,-104.9835825,11/25/2016 20:00,20:00,3,0,0,GRANT STREET NORTH & 13TH AVENUE EAST,1,3,0,7,1,1,,0,30,0,0,0,0,1,4,2,4
,2016_15516,39.783609,-104.7913916,9/16/2016 8:00,8:00,12,0,0,GREEN VALLEY RANCH BOULEVARD & PENA BOULEVARD,1,1,0,7,1,2,,0,35,0,0,0,0,0,4,2,16
,2016_15517,39.693024,-104.9862735,12/29/2016 13:15,13:15,6,0,0,LINCOLN STREET SOUTH & LOUISIANA AVENUE EAST,1,1,0,0,1,4,,0,25,0,0,0,0,0,4,2,1
,2016_15518,39.653487,-104.8684725,5/13/2016 6:50,6:50,12,0,0,HAMPDEN AVENUE EAST & GALENA STREET SOUTH,1,1,0,0,1,7,,0,35,0,0,0,0,0,4,2,13