id,drcog_id,latitude,longitude,crashtime,time,crashtype,numbkilled,numbinjurd,drcoglocat,rdconditin,lightngcon,roadcntgrd,weatherco,location,roaddescrp,schoolzone,constrzone,splimit,bikeinv,pedinv,sctrinv,motoinv,svrty,rdsystem,ttlvehcls,hcf
,2016_15519,39.661425,-105.0618735,4/6/2016 9:37,9:37,6,0,0,HARLAN STREET SOUTH & BATES AVENUE WEST,1,1,1,0,1,3,,0,25,0,0,0,0,0,4,2,7
,2016_15520,39.70548,-104.922063,12/13/2016 22:42,22:42,5,0,1,HOLLY STREET SOUTH & CENTER AVENUE EAST,1,3,0,7,3,1,,0,30,0,0,0,0,2,4,1,16
,2016_15521,39.678435,-104.922234,5/16/2016 17:58,17:58,12,0,0,HOLLY STREET SOUTH & EVANS AVENUE EAST,2,1,0,1,1,1,,0,30,0,0,0,0,0,4,2,3
,2016_15522,39.678435,-104.922234,6/28/2016 17:36,17:36,1,0,0,HOLLY STREET SOUTH & EVANS AVENUE EAST,1,1,0,7,1,1,,0,30,0,0,0,0,1,4,2,3
,2016_15523,39.686157,-104.9222925,2/11/2016 7:51,7:51,12,0,0,HOLLY STREET 1700 BLOCK SOUTH & MEXICO AVENUE EAST,1,1,0,7,1,2,,0,20,0,0,0,0,0,4,2,16
,2016_15524,39.778722,-104.9222925,3/21/2016 10:43,10:43,3,0,0,HOLLY STREET NORTH & STAPLETON NORTH DRIVE,1,1,0,7,1,1,,0,35,0,0,0,0,0,4,2,16
,2016_15525,39.698739,-104.921613,10/13/2016 17:10,17:10,12,0,0,HOLLY STREET 900 BLOCK SOUTH & TENNESSEE AVENUE EAST,1,1,0,0,1,4,,0,30,0,0,0,0,0,4,4,14
,2016_15526,39.674889,-104.973471,6/30/2016 6:47,6:47,3,0,0,ILIFF AVENUE EAST & DOWNING STREET SOUTH,1,1,0,7,1,1,,0,30,0,0,0,0,0,4,2,16
,2016_15527,39.674754,-104.870862,10/18/2016 12:41,12:41,12,0,0,ILIFF AVENUE 9800 BLOCK EAST & PARKER ROAD SOUTH,1,1,0,7,1,4,,0,40,0,0,0,0,0,4,2,16
,2016_15528,39.72886177,-104.9975817,1/4/2016 8:25,8:25,3,0,0,INCA STREET & 1300 BLOCK SOUTH,1,1,1,0,1,2,,0,30,0,0,0,0,0,4,2,3
,2016_15529,39.687372,-104.903604,10/15/2016 17:20,17:20,8,0,2,IOWA AVENUE 7300 BLOCK EAST & QUEBEC STREET SOUTH,1,1,0,7,1,4,,0,30,0,0,0,0,2,4,2,14
,2016_15530,39.696705,-104.9991345,4/19/2016 12:00,12:00,1,0,0,JASON STREET & MISSISSIPPI AVENUE,1,1,0,7,1,1,,0,30,0,0,0,0,0,4,2,16
,2016_15531,39.682278,-105.022692,5/3/2016 18:46,18:46,1,0,0,JEWELL AVENUE WEST & DECATUR STREET SOUTH,1,1,0,7,1,1,,0,30,0,0,0,0,0,4,2,1
,2016_15532,39.682233,-105.029793,9/18/2016 21:20,21:20,1,0,0,JEWELL AVENUE & IRVING STREET,1,3,0,7,1,1,,0,35,0,0,0,0,1,4,2,16
,2016_15533,39.682287,-105.053202,12/8/2016 12:29,12:29,15,0,0,JEWELL AVENUE WEST & SHERIDAN BOULEVARD SOUTH,1,1,0,7,1,4,,0,35,0,0,0,0,0,4,2,7
,2016_15534,39.735072,-104.9586525,5/21/2016 13:09,13:09,3,0,0,JOSEPHINE STREET NORTH & 12TH AVENUE EAST,1,1,0,0,1,1,,0,25,0,0,0,0,0,4,2,13
,2016_15535,39.78774739,-105.0004787,1/20/2016 15:15,15:15,15,0,0,KALAMATH STREET NORTH & 1500 BLOCK,1,1,1,0,1,4,,0,30,0,0,0,0,1,4,2,13
,2016_15537,39.727692,-105.032484,5/19/2016 7:19,7:19,12,0,0,KNOX COURT 600 BLOCK & SEVENTH AVENUE WEST,1,1,0,7,1,1,,0,35,0,0,0,0,1,4,2,14
,2016_15538,39.744936,-105.0047123,11/22/2016 12:33,12:33,6,0,0,LARIMER STREET & 1625 LARIMER STREET,1,1,0,0,1,4,,0,30,0,0,0,0,0,4,2,13
,2016_15539,39.76695,-104.9745015,10/19/2016 8:40,8:40,6,0,0,LARIMER STREET & 35TH STREET,1,1,0,0,1,4,,0,30,0,0,0,0,0,4,2,13
,2016_15540,39.73190582,-104.9861681,5/12/2016 17:45,17:45,6,0,0,LINCOLN STREET & 1200 BLOCK SOUTH,1,1,0,0,1,4,,0,15,0,0,0,0,0,4,2,14
,2016_15541,39.73190582,-104.9861681,8/5/2016 20:00,20:00,5,0,0,LINCOLN STREET & 4710 NORTH,1,3,0,0,2,4,,0,30,0,0,0,0,0,4,1,13
,2016_15542,39.768039,-105.0064605,6/16/2016 19:50,19:50,6,0,0,PECOS STREET NORTH & 37TH AVENUE WEST,1,4,0,0,1,4,,0,25,0,0,0,0,0,4,2,14
,2016_15543,39.725649,-104.986314,2/22/2016 19:45,19:45,15,0,0,LINCOLN STREET NORTH & SIXTH AVENUE EAST,2,3,0,1,1,1,,0,35,0,0,0,0,0,4,2,13
,2016_15544,39.75237,-104.984631,3/29/2016 16:00,16:00,12,0,0,STOUT STREET & PARK AVENUE WEST,2,1,0,2,1,3,,0,30,0,0,0,0,0,4,2,16
,2016_15545,39.729087,-104.986152,8/14/2016 2:05,2:05,3,0,0,LINCOLN STREET NORTH & EIGHTH AVENUE,1,3,0,7,1,1,,0,30,0,0,0,0,0,4,2,16
,2016_15546,39.73388775,-104.986104,6/24/2016 8:05,8:05,12,0,0,LINCOLN STREET 1100 BLOCK NORTH & 11TH AVENUE EAST,1,1,0,7,1,4,,0,30,0,0,0,0,1,4,3,14
,2016_15547,39.743244,-104.986107,10/25/2016 15:50,15:50,15,0,0,LINCOLN STREET NORTH & 17TH AVENUE EAST,1,1,0,7,1,1,,0,30,0,0,0,0,0,4,2,16
,2016_15549,39.746187,-104.9861025,11/11/2016 11:25,11:25,3,0,0,LINCOLN STREET NORTH & 19TH AVENUE EAST,1,1,1,7,1,1,,0,30,0,0,0,0,0,4,2,16
,2016_15550,39.71957953,-105.0015936,11/16/2016 8:22,8:22,13,0,0,LIPAN STREET NORTH & 1150,1,5,0,0,1,4,,0,,0,0,0,0,1,4,3,13
,2016_15551,39.73195332,-104.9822755,11/15/2016 14:30,14:30,6,0,0,LOGAN STREET NORTH & 800 BLOCK,1,1,0,0,1,4,,0,25,0,0,0,0,0,4,2,13
,2016_15552,39.72564,-104.982381,9/30/2016 14:05,14:05,10,0,0,LOGAN STREET NORTH & SIXTH AVENUE EAST,1,1,0,0,1,2,,0,30,0,0,0,0,1,4,2,8
,2016_15553,39.714714,-104.982723,3/25/2016 13:44,13:44,1,0,0,LOGAN STREET SOUTH & BAYAUD AVENUE EAST,1,1,0,7,1,1,,0,30,0,0,0,0,0,4,2,16
,2016_15554,39.714714,-104.982723,12/17/2016 19:59,19:59,3,0,0,LOGAN STREET SOUTH & BAYAUD AVENUE EAST,5,5,0,0,1,2,,0,,0,0,0,0,0,4,2,13
,2016_15555,39.693024,-104.9874615,7/26/2016 12:38,12:38,12,0,0,LOUISIANA AVENUE EAST & BROADWAY STREET SOUTH,1,1,0,7,1,3,,0,25,0,0,0,0,0,4,2,16
,2016_15556,39.692943,-104.93406,6/18/2016 1:59,1:59,6,0,0,LOUISIANA AVENUE 4600 BLOCK EAST & CHERRY STREET SOUTH,1,4,0,0,1,4,,0,25,0,0,0,0,0,4,2,12
,2016_15557,39.693123,-105.0250725,4/24/2016 3:04,3:04,6,0,0,LOUISIANA AVENUE WEST & FEDERAL BOULEVARD SOUTH,1,3,0,0,1,4,,0,25,0,0,0,0,0,4,3,5
,2016_15558,39.657231,-105.033735,12/13/2016 8:40,8:40,12,0,0,LOWELL BOULEVARD SOUTH & GRAMBLING DRIVE WEST,1,1,1,7,1,1,,0,25,0,0,0,0,0,4,2,16
,2016_15560,39.7172835,-104.8960418,3/10/2016 14:49,14:49,15,0,0,LOWRY BOULEVARD & RAMPART WAY NORTH,1,1,0,0,1,6,,0,25,0,0,0,0,0,4,2,13
,2016_15561,39.733713,-104.971824,5/28/2016 21:15,21:15,6,0,0,MARION STREET & 11TH AVENUE EAST,1,3,0,0,1,4,,0,,0,0,0,0,0,4,2,13
,2016_15562,39.73374338,-105.0027626,10/7/2016 0:50,0:50,6,0,0,MARIPOSA STREET 1100 BLOCK & 11TH AVENUE WEST,1,3,0,0,1,4,,0,30,0,0,0,0,0,4,3,5
,2016_15563,39.750786,-104.9970735,6/27/2016 18:10,18:10,15,0,0,MARKET STREET & 17TH STREET,1,1,0,6,1,2,,0,30,0,0,0,0,0,4,2,13
,2016_15564,39.753207,-104.993451,11/10/2016 21:58,21:58,15,0,0,MARKET STREET 1900 BLOCK & 20TH STREET,1,3,0,0,1,4,,0,,0,0,0,0,0,4,2,7
,2016_15565,39.79266059,-104.8230742,4/3/2016 12:13,12:13,6,0,0,MAXWELL PLACE & 15000 BLOCK EAST,1,1,0,0,1,4,,0,25,0,0,0,0,0,4,2,13
,2016_15566,39.685752,-104.980473,2/29/2016 16:18,16:18,15,0,0,MEXICO AVENUE 500 BLOCK EAST & PEARL STREET SOUTH,1,1,0,0,1,1,,0,25,0,0,0,0,0,4,2,14
,2016_15567,39.69657,-104.9547488,2/17/2016 17:36,17:36,12,0,0,MISSISSIPPI AVENUE & 7800 BLOCK EAST,1,2,0,0,1,4,,0,35,0,0,0,0,0,4,2,13
,2016_15568,39.761964,-104.903451,12/10/2016 9:40,9:40,12,0,0,MLK BOULEVARD & QUEBEC STREET NORTH,1,1,0,7,1,3,,0,35,0,0,0,0,0,4,2,1
,2016_15569,39.762018,-104.9258115,11/15/2016 14:32,14:32,3,0,1,MLK BOULEVARD & GLENCOE STREET NORTH,1,1,0,7,1,1,,0,25,0,0,0,0,2,4,2,8
,2016_15570,39.762,-104.919966,2/19/2016 8:30,8:30,12,0,0,MLK BOULEVARD & IVY STREET NORTH,1,1,0,0,1,4,,0,35,0,0,0,0,1,4,2,13
,2016_15571,39.762,-104.912865,7/15/2016 13:16,13:16,3,0,0,MLK BOULEVARD & MONACO STREET NORTH,1,1,0,7,1,1,,0,35,0,0,0,0,0,4,2,14
,2016_15572,39.78634058,-104.8548719,2/5/2016 10:35,10:35,6,0,0,MOLINE STREET & 4945 NORTH,6,1,0,0,1,2,,0,25,0,0,0,0,0,4,2,13
,2016_15573,39.670047,-104.912973,2/2/2016 5:55,5:55,15,0,0,MONACO STREET & LASALLE PLACE EAST,4,3,0,2,1,4,,0,35,0,0,0,0,0,4,2,7
,2016_15574,39.714642,-104.9449635,7/7/2016 9:01,9:01,12,0,0,MONROE STREET 100 BLOCK SOUTH & BAYAUD AVENUE,1,1,0,7,1,4,,0,25,0,0,0,0,0,4,3,3
,2016_15575,39.747456,-104.888214,1/6/2016 8:00,8:00,3,0,0,MONTVIEW BOULEVARD EAST & WILLOW STREET NORTH,1,1,0,0,1,1,,0,30,0,0,0,0,0,4,3,7
,2016_15576,39.73925455,-105.0213076,8/30/2016 10:50,10:50,12,0,0,MORRISON ROAD & 4400 BLOCK,1,1,0,0,1,4,,0,35,0,0,0,0,0,4,2,7
,2016_15577,39.756456,-105.0093135,10/14/2016 7:10,7:10,5,0,0,15TH STREET & PLATTE STREET,1,1,0,0,3,1,,0,30,0,0,0,0,0,4,1,12
,2016_15578,39.708,-105.037371,9/15/2016 7:04,7:04,12,0,2,MORRISON ROAD & NEWTON STREET,1,1,0,0,1,1,,0,35,0,0,0,0,2,4,4,14
,2016_15579,39.75383876,-104.9791779,2/18/2016 18:09,18:09,12,0,0,WELTON STREET 2600 BLOCK & 27TH STREET,1,3,0,7,1,1,,0,30,0,0,0,0,0,4,2,3
,2016_15580,39.707451,-105.0381225,11/12/2016 9:15,9:15,12,0,0,MORRISON ROAD & OSEOLA STREET SOUTH,1,1,0,7,1,1,,0,35,0,0,0,0,0,4,2,16
,2016_15581,39.708,-105.037371,7/12/2016 12:28,12:28,6,0,0,MORRISON ROAD & VIRGINIA AVENUE WEST,1,1,0,0,1,1,,0,35,0,0,0,0,1,4,2,2
,2016_15582,39.711186,-104.9087025,3/16/2016 17:59,17:59,3,0,0,NEWPORT WAY SOUTH & ALAMEDA AVENUE EAST,1,1,0,7,1,3,,0,35,0,0,0,0,0,4,2,14
,2016_15583,39.765726,-104.9948415,2/2/2016 21:52,21:52,1,0,1,PARK AVENUE WEST & BROADWAY STREET NORTH,5,3,0,7,1,1,,0,30,0,0,0,0,2,4,2,7
,2016_15584,39.757887,-104.9917545,6/2/2016 18:48,18:48,15,0,0,PARK AVENUE WEST & WAZEE STREET,1,1,1,7,1,1,,0,30,0,0,0,0,0,4,2,4
,2016_15585,39.702177,-105.039126,11/11/2016 21:24,21:24,6,0,0,PATTON COURT 700 BLOCK SOUTH & OHIO AVENUE WEST,1,4,0,0,1,4,,0,25,0,0,0,0,0,4,2,13
,2016_15586,39.7859126,-104.9800304,2/7/2016 23:59,23:59,6,0,0,PEARL STREET & 1200 BLOCK NORTH,1,3,0,0,1,4,,0,25,0,0,0,0,0,4,3,13
,2016_15587,39.736863,-104.9799015,10/16/2016 9:34,9:34,15,0,0,PEARL STREET NORTH & 13TH AVENUE EAST,1,1,0,0,1,1,,0,30,0,0,0,0,0,4,2,13
,2016_15588,39.710232,-105.0062625,5/10/2016 17:25,17:25,1,0,0,PECOS STREET SOUTH & NEVADA PLACE WEST,2,1,1,1,1,1,,0,25,0,0,0,0,0,4,2,8
,2016_15589,39.783609,-104.7913916,11/6/2016 22:03,22:03,15,0,0,PENA BOULEVARD NORTH & GREEN VALLEY RANCH BOULEVARD,1,3,0,7,1,4,,0,65,0,0,0,0,0,4,2,5
,2016_15590,39.83346903,-104.692932,6/1/2016 13:30,13:30,12,0,0,PENA BOULEVARD 7600 BLOCK & JACKSON GAP STREET,1,1,1,7,1,1,,0,35,0,0,0,0,1,4,3,14
,2016_15591,39.83338151,-104.771988,3/23/2016 7:05,7:05,12,0,0,PENA BOULEVARD 7300 BLOCK & TOWER ROAD NORTH,4,1,0,2,1,4,,0,65,0,0,0,0,0,4,2,14
,2016_15592,39.683844,-104.9813235,3/12/2016 10:40,10:40,15,0,0,PENNSYLVANIA STREET 1800 BLOCK NORTH & 18TH AVENUE EAST,1,1,0,0,1,4,,0,30,0,0,0,0,0,4,2,13
,2016_15594,39.77111967,-104.8469854,7/29/2016 15:00,15:00,15,0,0,PEORIA STREET 3900 BLOCK NORTH & 39TH AVENUE EAST,1,1,0,7,1,4,,0,35,0,0,0,0,0,4,2,14
,2016_15595,39.778047,-104.8471245,3/4/2016 14:44,14:44,3,0,0,PEORIA STREET & 45TH AVENUE EAST,1,1,0,0,1,2,,0,35,0,0,0,0,1,4,2,13
,2016_15596,39.778047,-104.8471245,9/23/2016 21:15,21:15,15,0,0,PEORIA STREET NORTH & 45TH AVENUE EAST,1,3,0,0,1,4,,0,35,0,0,0,0,0,4,2,13
,2016_15597,39.782385,-104.847093,11/4/2016 13:44,13:44,1,0,0,PEORIA STREET NORTH & 47TH AVENUE EAST,1,1,0,0,1,2,,0,10,0,0,0,0,0,4,2,13
,2016_15598,39.71655,-105.039693,10/10/2016 11:41,11:41,9,0,0,PERRY STREET & PERRY STREET 300 SOUTH,2,1,0,0,1,4,,0,25,0,0,0,1,0,4,1,7
,2016_15599,39.63264746,-105.0415614,3/14/2016 18:00,18:00,6,0,0,PERRY STREET SOUTH & 2409,1,1,0,0,1,4,,0,25,0,0,0,0,0,4,2,14
,2016_15600,39.732984,-105.0394815,5/16/2016 14:35,14:35,5,0,1,PERRY STREET NORTH & 10TH AVENUE WEST,2,1,1,1,2,1,,0,30,0,0,0,0,2,4,2,13
,2016_15601,39.756456,-105.0093135,4/5/2016 19:05,19:05,3,0,0,PLATTE STREET & 15TH STREET,1,1,0,7,1,1,,0,30,0,0,0,0,0,4,2,16
,2016_15602,39.673008,-104.998221,1/8/2016 8:15,8:15,8,0,0,PLATTE RIVER DRIVE WEST & WESLEY AVENUE WEST,4,1,0,2,1,1,,0,35,0,0,0,0,0,4,2,1
,2016_15603,39.653127,-104.9047335,11/18/2016 11:06,11:06,5,0,0,POPLAR STREET 3400 BLOCK SOUTH & HAMPDEN AVENUE EAST,5,1,1,0,3,4,,0,25,0,0,0,0,0,4,1,7
,2016_15604,39.646692,-104.904765,1/8/2016 15:45,15:45,6,0,0,POPLAR STREET 3700 BLOCK SOUTH & ONEIDA WAY SOUTH,5,2,1,7,1,4,,0,25,0,0,0,0,0,4,2,1
,2016_15605,39.721419,-104.9034825,1/9/2016 12:06,12:06,12,0,0,QUEBEC STREET NORTH & THIRD AVENUE EAST,1,1,0,0,1,1,,0,30,0,0,0,0,0,4,2,7
,2016_15606,39.725424,-104.903793,3/9/2016 18:15,18:15,1,0,1,QUEBEC STREET NORTH & SIXTH AVENUE EAST,1,3,0,0,1,1,,0,35,0,0,0,0,2,4,3,13
,2016_15607,39.729267,-104.9034735,7/15/2016 1:43,1:43,12,0,0,QUEBEC STREET 800 BLOCK NORTH & EIGHTH AVENUE EAST,1,3,0,7,1,3,,0,30,0,0,0,0,0,4,2,1
,2016_15608,39.729267,-104.9034735,12/6/2016 17:14,17:14,15,0,0,QUEBEC STREET NORTH & EIGHTH AVENUE EAST,1,3,0,7,1,4,,0,35,0,0,0,0,0,4,2,3
,2016_15609,39.738843,-104.9031225,1/22/2016 12:45,12:45,12,0,0,QUEBEC STREET 1400 BLOCK NORTH & 14TH AVENUE,1,1,1,0,1,3,,0,30,0,0,0,0,0,4,2,13
,2016_15610,39.757986,-104.903451,6/1/2016 7:40,7:40,12,0,0,QUEBEC STREET NORTH & 29TH AVENUE EAST,2,1,0,7,1,4,,0,40,0,0,0,0,0,4,3,16
,2016_15611,39.767382,-104.90346,10/20/2016 5:40,5:40,15,0,0,QUEBEC STREET NORTH & 36TH AVENUE EAST,1,5,0,0,1,4,,0,45,0,0,0,0,0,4,2,13
,2016_15612,39.740085,-104.9034735,2/4/2016 14:14,14:14,3,0,0,QUEBEC STREET & COLFAX AVENUE EAST,1,1,0,0,1,2,,0,30,0,0,0,0,0,4,2,7
,2016_15613,39.745431,-104.9901075,3/24/2016 10:48,10:48,3,0,0,17TH STREET & WELTON STREET,2,1,0,2,1,1,,0,35,0,0,0,0,0,4,2,14
,2016_15614,39.695652,-104.903595,9/28/2016 16:35,16:35,3,0,1,QUEBEC STREET SOUTH & MISSISSIPPI AVENUE EAST,1,1,0,0,1,1,,0,35,0,0,0,0,2,4,2,13
,2016_15615,39.715452,-104.9035073,2/10/2016 8:20,8:20,12,0,0,QUEBEC WAY 1100 BLOCK SOUTH & QUEBEC STREET SOUTH,1,1,0,0,1,3,,0,,0,0,0,0,0,4,2,13
,2016_15616,39.71715983,-105.0086025,7/21/2016 16:26,16:26,6,0,0,RARITAN STREET & 1090 SOUTH,1,1,1,0,1,4,,0,25,0,0,0,0,0,4,2,7
,2016_15617,39.787425,-105.034563,7/23/2016 18:32,18:32,3,0,0,REGIS BOULEVARD WEST & LOWELL BOULEVARD NORTH,1,1,0,7,1,1,,0,30,0,0,0,0,0,4,2,1
,2016_15618,39.759327,-104.9005125,7/4/2016 10:50,10:50,12,0,0,ROSLYN STREET NORTH & 29TH DRIVE EAST,1,1,0,7,1,3,,0,30,0,0,0,0,1,4,2,14
,2016_15619,39.741318,-104.9919615,6/30/2016 14:43,14:43,6,0,0,14TH STREET & TREMONT PLACE,1,1,0,0,1,4,,0,30,0,0,0,0,0,4,2,1
,2016_15620,39.749616,-105.0003405,4/13/2016 19:47,19:47,15,0,0,15TH STREET & BLAKE STREET,1,2,1,7,1,3,,0,30,0,0,0,0,0,4,2,7
,2016_15622,39.746241,-104.9959755,5/12/2016 7:59,7:59,15,0,0,15TH STREET 1000 BLOCK & CURTIS STREET,1,1,0,0,1,4,,0,35,0,0,0,0,0,4,2,14
,2016_15623,39.748257,-104.998662,7/14/2016 18:30,18:30,10,0,0,15TH STREET & LARIMER STREET,1,1,0,0,1,1,,0,30,0,0,0,0,0,4,3,7
,2016_15624,39.751209,-105.0000435,7/5/2016 11:26,11:26,12,0,1,16TH STREET 1600 BLOCK & WAZEE STREET,1,1,0,0,1,5,,0,25,0,0,0,0,2,4,2,13
,2016_15625,39.749445,-104.995323,8/10/2016 9:50,9:50,10,0,0,17TH STREET & LAWRENCE STREET,1,1,0,0,1,1,,0,30,0,0,0,0,0,4,2,8
,2016_15626,39.750786,-104.9970735,5/21/2016 0:28,0:28,12,0,0,17TH STREET 1400 BLOCK & MARKET STREET,1,3,0,7,1,3,,0,30,0,0,0,0,0,4,2,5
,2016_15627,39.753774,-104.9985135,2/16/2016 8:00,8:00,15,0,0,18TH STREET & WYNKOOP STREET,1,1,0,0,1,1,,0,25,0,0,0,0,0,4,2,13
,2016_15628,39.753774,-104.9985135,3/12/2016 20:30,20:30,3,0,0,18TH STREET & WYNKOOP STREET,1,3,0,7,1,1,,0,30,0,0,0,0,0,4,2,16
,2016_15629,39.751578,-104.990841,5/27/2016 16:34,16:34,3,0,0,20TH STREET & ARAPAHOE STREET,1,1,0,7,1,1,,0,25,0,0,0,0,0,4,2,16
,2016_15630,39.759579,-105.0017805,1/6/2016 15:45,15:45,12,0,0,20TH STREET & LITTLE RAVEN STREET,1,1,1,0,1,1,,0,35,0,0,0,0,1,4,2,16
,2016_15631,39.759579,-105.0017805,3/17/2016 23:40,23:40,15,0,0,20TH STREET & LITTLE RAVEN STREET,4,3,1,2,1,4,,0,35,0,0,0,0,0,4,2,14
,2016_15632,39.753612,-104.993451,4/27/2016 17:02,17:02,12,0,0,20TH STREET & MARKET STREET,1,1,0,7,1,3,,0,30,0,0,0,0,0,4,2,3
,2016_15633,39.749571,-104.9882535,2/7/2016 19:30,19:30,15,0,0,20TH STREET 700 BLOCK & STOUT STREET,1,3,0,7,1,4,,0,30,0,0,0,0,0,4,2,16
,2016_15634,39.756141,-104.991912,3/18/2016 5:11,5:11,5,0,0,22ND STREET 1500 BLOCK & BLAKE STREET,6,2,0,2,3,1,,0,35,0,0,0,0,1,4,1,13
,2016_15635,39.756141,-104.991912,10/7/2016 14:05,14:05,3,0,0,22ND STREET & BLAKE STREET,1,1,0,0,1,1,,0,35,0,0,0,0,0,4,2,1
,2016_15636,39.75417,-104.9893335,5/26/2016 12:14,12:14,3,0,0,22ND STREET & LAWRENCE STREET,1,1,0,0,1,1,,0,30,0,0,0,0,0,4,2,1
,2016_15637,39.759885,-104.9870835,4/11/2016 6:30,6:30,5,0,0,26TH STREET & BLAKES STREET,1,1,0,0,1,5,,0,30,0,0,0,0,0,4,2,1
,2016_15638,39.761343,-104.981733,12/20/2016 13:58,13:58,1,0,0,29TH STREET & LARIMER STREET,1,1,0,7,1,1,,0,25,0,0,0,0,0,4,2,3
,2016_15639,39.763827,-104.903451,12/5/2016 16:37,16:37,3,0,0,33RD AVENUE EAST & QUEBEC STREET NORTH,1,1,0,7,1,1,,0,60,0,0,0,0,1,4,2,16
,2016_15641,39.712266,-104.997654,10/15/2016 13:50,13:50,15,0,0,SANTA FE DRIVE SOUTH & BYERS AVENUE,1,1,0,7,1,4,,0,30,0,0,0,0,0,4,2,16
,2016_15642,39.64752,-105.0532515,8/15/2016 20:33,20:33,3,0,0,SHERIDAN BOULEVARD SOUTH  & LEHIGH AVENUE WEST,1,4,0,0,1,1,,0,40,0,0,0,0,0,4,2,13
,2016_15643,39.771198,-104.899644,2/23/2016 17:07,17:07,12,0,0,SMITH ROAD 7700 BLOCK EAST & SYRACUSE STREET NORTH,1,1,0,7,1,4,,0,25,0,0,0,0,0,4,2,1
,2016_15644,39.73851768,-104.9969761,6/7/2016 12:48,12:48,12,0,0,SPEER BOULEVARD & 2000 BLOCK NORTH,1,1,1,0,1,4,,0,30,0,0,0,0,0,4,3,14
,2016_15645,39.729717,-104.9912235,1/5/2016 7:32,7:32,12,0,0,SPEER BOULEVARD NORTH & BANNOCK STREET,1,1,0,0,1,1,,0,35,0,0,0,0,1,4,2,14
,2016_15646,39.71835,-104.9745915,2/28/2016 22:04,22:04,3,0,0,SPEER BOULEVARD EAST & CORONA STREET NORTH,1,3,0,7,1,1,,0,35,0,0,0,0,0,4,2,8
,2016_15647,39.760299,-105.025293,3/31/2016 17:50,17:50,12,0,0,SPEER BOULEVARD 2900 BLOCK NORTH & FEDERAL BOULEVARD NORTH,1,1,0,0,1,3,,0,35,0,0,0,0,0,4,2,12
,2016_15648,39.720456,-104.9791185,11/7/2016 14:00,14:00,15,0,0,SPEER BOULEVARD EAST & WASHINGTON STREET NORTH,1,1,0,7,1,1,,0,30,0,0,0,0,0,4,2,16
,2016_15649,39.750192,-105.0047415,1/23/2016 8:00,8:00,12,0,0,SPEER BOULEVARD NORTH & WEWATTA STREET,1,1,0,7,1,4,,0,35,0,0,0,0,0,4,2,16
,2016_15650,39.750192,-105.0047415,3/16/2016 6:45,6:45,15,0,0,SPEER BOULEVARD & WEWATTA STREET,1,1,0,0,1,1,,0,35,0,0,0,0,0,4,2,13
,2016_15651,39.778722,-104.9222925,12/29/2016 14:14,14:14,3,0,0,STAPLETON NORTH DRIVE EAST & HOLLY STREET NORTH,1,1,0,7,1,1,,0,30,0,0,0,0,0,4,3,3
,2016_15652,39.777993,-104.912901,12/13/2016 9:57,9:57,14,0,0,STAPLETON DRIVE EAST & MONACO STREET NORTH,2,1,0,0,1,1,,0,35,0,0,0,0,0,4,2,13
,2016_15653,39.78875689,-104.9499343,10/22/2016 0:22,0:22,6,0,0,STEELE STREET & 3200 BLOCK NORTH,1,3,0,0,1,4,,0,35,0,0,0,0,0,4,2,13
,2016_15654,39.717792,-104.9508225,11/2/2016 16:35,16:35,15,0,0,STEELE STREET SOUTH & FIRST AVENUE EAST,1,1,0,7,1,4,,0,35,0,0,0,0,0,4,2,16
,2016_15655,39.714651,-104.949972,12/29/2016 13:46,13:46,12,0,0,STEELE STREET SOUTH & BAYAUD AVENUE EAST,1,5,1,7,1,1,,0,30,0,0,0,0,0,4,2,16
,2016_15657,39.741354,-104.998473,5/18/2016 7:02,7:02,5,0,0,STOUT STREET 1100 BLOCK & STOUT STREET,1,1,0,0,1,4,,0,25,0,0,0,0,1,4,2,1
,2016_15658,39.741984,-104.9512725,1/9/2016 9:14,9:14,6,0,0,STREET PAUL STREET NORTH & 16TH AVENUE EAST,5,1,0,2,1,1,,0,25,0,0,0,0,0,4,2,14
,2016_15659,39.657474,-104.900085,1/30/2016 12:28,12:28,15,0,0,TAMARAC DRIVE 3100 BLOCK SOUTH & EASTMAN AVENUE EAST,1,1,1,7,1,4,,0,30,0,0,0,0,0,4,2,16
,2016_15661,39.78954,-104.772231,11/3/2016 17:10,17:10,3,0,0,TOWER ROAD NORTH & 51ST AVENUE EAST,1,2,0,0,1,1,,0,25,0,0,0,0,0,4,2,8
,2016_15662,39.700296,-104.979267,2/19/2016 18:20,18:20,15,0,0,WASHINGTON STREET SOUTH & KENTUCKY AVENUE EAST,1,3,0,0,1,4,,0,25,0,0,0,0,0,4,2,13
,2016_15663,39.744072,-104.9882805,12/16/2016 11:11,11:11,3,0,0,TREMONT STREET & 17TH STREET,1,1,0,0,1,1,,0,,0,0,0,0,0,4,4,1
,2016_15664,39.631356,-104.8923,7/12/2016 8:50,8:50,12,0,0,UNION AVENUE EAST & DTC BOULEVARD SOUTH,1,1,0,0,1,1,,0,30,0,0,0,0,0,4,2,13
,2016_15665,39.629457,-104.895333,12/8/2016 17:11,17:11,3,0,0,UNION AVENUE & ULSTER STREET SOUTH,5,3,0,0,1,1,,0,25,0,0,0,0,0,4,2,13