id,drcog_id,latitude,longitude,crashtime,time,crashtype,numbkilled,numbinjurd,drcoglocat,rdconditin,lightngcon,roadcntgrd,weatherco,location,roaddescrp,schoolzone,constrzone,splimit,bikeinv,pedinv,sctrinv,motoinv,svrty,rdsystem,ttlvehcls,hcf
,2016_15666,39.631329,-104.885316,6/25/2016 8:45,8:45,3,0,0,UNION AVENUE EAST & YOSEMITE STREET SOUTH,1,1,0,0,1,1,,0,35,0,0,0,0,0,4,2,13
,2016_15667,39.718179,-104.959314,8/20/2016 18:00,18:00,15,0,0,UNIVERSITY BOULEVARD NORTH & FIRST AVENUE EAST,1,1,0,0,1,3,,0,30,0,0,0,0,0,4,2,13
,2016_15668,39.682755,-104.959332,6/10/2016 19:15,19:15,12,0,0,UNIVERSITY BOULEVARD SOUTH & BUCHTEL BOULEVARD EAST,1,1,0,7,1,1,,0,30,0,0,0,0,0,4,2,14
,2016_15669,39.703851,-104.95935,7/16/2016 15:41,15:41,12,0,0,UNIVERSITY BOULEVARD SOUTH & EXPOSITION AVENUE EAST,1,1,0,7,1,1,,0,35,0,0,0,0,1,4,3,3
,2016_15671,39.798099,-104.8353975,10/21/2016 19:15,19:15,6,0,0,UVALDA STREET NORTH & 56TH AVENUE EAST,1,2,0,0,1,1,,0,35,0,0,0,0,0,4,4,13
,2016_15672,39.669408,-104.960574,2/3/2016 5:30,5:30,6,0,0,VASSAR AVENUE EAST & YORK STREET SOUTH,4,4,0,0,1,1,,0,25,0,0,0,0,0,4,2,14
,2016_15673,39.644172,-104.891472,11/18/2016 15:19,15:19,6,0,0,VINCENNES COURT 3900 BLOCK SOUTH & MANSFIELD AVENUE EAST,5,1,1,0,1,4,,0,20,0,0,0,0,0,4,2,14
,2016_15674,39.760128,-104.9850315,2/27/2016 8:47,8:47,3,0,0,WALNUT STREET & 27TH STREET,1,1,0,7,1,1,,0,25,0,0,0,0,0,4,2,16
,2016_15675,39.7611,-104.983794,6/9/2016 18:31,18:31,12,0,0,WALNUT STREET & 28TH STREET,1,1,0,7,1,4,,0,30,0,0,0,1,0,4,2,16
,2016_15676,39.70251,-104.9048505,4/8/2016 7:24,7:24,15,0,0,WALSH PLACE EAST & OHIO AVENUE EAST,1,1,0,7,1,4,,0,20,0,0,0,0,0,4,2,16
,2016_15677,39.74006169,-104.9786654,2/19/2016 19:30,19:30,6,0,0,WASHINGTON STREET 1500 BLOCK NORTH & 16TH AVENUE EAST,1,3,0,7,1,4,,0,25,0,0,0,0,0,4,2,16
,2016_15679,39.74001,-104.99202,4/12/2016 16:25,16:25,6,0,0,WINONA WAY & 1400 BLOCK SOUTH,1,1,0,0,1,4,,0,25,0,0,0,0,0,4,2,13
,2016_15680,39.767895,-105.048603,8/7/2016 15:00,15:00,6,0,0,WOLFF STREET 3700 BLOCK & 37TH AVENUE WEST,1,1,0,0,1,4,,0,25,0,0,0,0,0,4,2,2
,2016_15681,39.667473,-104.9272425,3/19/2016 14:30,14:30,15,0,0,YALE AVENUE EAST & GLENCOE STREET SOUTH,1,1,0,0,1,4,,0,30,0,0,0,0,0,4,2,14
,2016_15682,39.7368,-104.9598225,3/6/2016 12:26,12:26,12,0,0,YORK STREET NORTH & 13TH AVENUE EAST,1,1,0,7,1,1,,0,35,0,0,0,0,0,4,2,3
,2016_15683,39.644739,-104.8851225,7/8/2016 16:05,16:05,15,0,0,YOSEMITE STREET 3900 BLOCK SOUTH & MANSFIELD AVENUE EAST,1,1,0,7,1,4,,0,35,0,0,0,0,0,4,2,16
,2016_15684,39.725244,-104.885541,12/2/2016 13:25,13:25,15,0,0,YOSEMITE STREET NORTH & SEVERN PLACE EAST,1,5,0,0,1,1,,0,30,0,0,0,0,0,4,2,13
,2016_15685,39.764421,-105.015834,3/26/2016 17:15,17:15,3,0,0,ZUNI STREET NORTH & 34TH AVENUE WEST,1,1,0,7,1,1,,0,30,0,0,0,0,0,4,2,16
,2016_16319,39.678543,-105.032142,8/17/2016 2:10,2:10,5,0,0,EVANS AVENUE WEST & KNOX COURT SOUTH,1,3,0,0,3,1,,0,30,0,0,0,0,0,4,1,5
,2016_16381,39.788973,-104.9782815,6/16/2016 12:46,12:46,3,0,0,WASHINGTON STREET NORTH & 51ST AVENUE EAST,1,1,0,0,1,3,,0,35,0,0,0,0,0,4,2,14
,2016_16382,39.72627,-105.0002055,6/19/2016 7:41,7:41,3,0,0,SIXTH AVENUE WEST & KALAMATH STREET NORTH,1,1,1,0,1,1,,0,35,0,0,0,0,0,4,2,8
,2016_16383,39.75654304,-104.8697196,7/27/2016 18:00,18:00,6,0,0,28TH AVENUE & 2331 EAST,1,1,0,0,1,5,,0,20,0,0,0,0,0,4,2,1
,2016_16384,39.7546748,-104.8948031,8/4/2016 21:00,21:00,6,0,0,26TH AVENUE & 1300 EAST,1,2,0,0,1,4,,0,30,0,0,0,0,0,4,2,13
,2016_16385,39.729249,-104.919453,8/16/2016 15:18,15:18,10,0,0,EIGHTH AVENUE EAST & JERSEY STREET NORTH,1,1,0,0,1,1,,0,25,0,0,0,0,0,4,2,13
,2016_16386,39.74440949,-104.9960551,8/18/2016 13:25,13:25,12,0,0,14TH STREET & 400 BLOCK,1,1,0,0,1,4,,0,30,0,0,0,0,0,4,2,13
,2016_16387,39.73869,-104.9034645,8/19/2016 18:54,18:54,12,0,0,QUEBEC STREET NORTH & 14TH AVENUE EAST,2,1,0,1,1,4,,0,30,0,0,0,0,0,4,2,14
,2016_16388,39.793329,-104.826465,8/25/2016 8:40,8:40,15,0,0,ATCHISON WAY & MAXWELL PLACE EAST,1,1,0,0,1,2,,0,25,0,0,0,0,0,4,2,1
,2016_16389,39.768156,-104.9671755,9/30/2016 19:15,19:15,6,0,0,GILPIN STREET NORTH & 37TH AVENUE EAST,1,1,0,0,1,4,,0,,0,0,0,0,0,4,2,13
,2016_16390,39.783807,-104.809833,8/27/2016 12:19,12:19,12,0,0,CHAMBERS ROAD NORTH & GATEWAY AVENUE EAST,1,1,1,0,1,4,,0,40,0,0,0,0,0,4,2,1
,2016_16391,39.736863,-104.996484,8/29/2016 20:13,20:13,15,0,0,13TH AVENUE WEST & SPEER BOULEVARD,2,2,0,1,1,4,,0,35,0,0,0,0,0,4,2,13
,2016_16392,39.736845,-104.9873715,8/31/2016 13:57,13:57,6,0,0,BROADWAY NORTH & 13TH AVENUE WEST,1,1,0,0,1,4,,0,30,0,0,0,0,0,4,2,13
,2016_16393,39.789999,-104.9771115,10/25/2016 12:30,12:30,6,0,0,CLARKSON STREET & 2100 BLOCK NORTH,1,1,1,0,1,4,,0,25,0,0,0,0,0,4,2,13
,2016_16394,39.724119,-104.990832,8/31/2016 14:37,14:37,6,0,0,BANNOCK STREET & FIFTH AVENUE WEST,1,1,0,0,1,2,,0,25,0,0,0,0,0,4,2,1
,2016_16395,39.754629,-104.975748,9/5/2016 12:42,12:42,3,0,0,26TH STREET & EMERSON STREET,1,1,0,0,1,1,,0,25,0,0,0,0,0,4,2,13
,2016_16396,39.732039,-104.972994,9/7/2016 11:00,11:00,3,0,0,10TH AVENUE & DOWNING STREET,1,1,0,0,1,1,,0,30,0,0,0,0,0,4,2,13
,2016_16397,39.754548,-104.9919705,8/25/2016 8:15,8:15,12,0,0,MARKET STREET 2100 BLOCK & 22ND STREET,1,2,0,1,1,4,,0,30,0,0,0,0,0,4,2,13
,2016_16398,39.76182,-104.939406,9/7/2016 18:06,18:06,15,0,0,MLK BOULEVARD EAST & ALBION STREET NORTH,1,1,0,0,1,4,,0,30,0,0,0,0,0,4,2,1
,2016_16399,39.757986,-104.903451,9/12/2016 12:57,12:57,10,0,0,QUEBEC STREET NORTH & 29TH AVENUE EAST,1,1,1,0,1,1,,0,40,0,0,0,0,0,4,2,13
,2016_16400,39.728943,-105.000183,9/12/2016 14:12,14:12,15,0,0,EIGHTH AVENUE & KALAMATH STREET NORTH,1,1,0,0,1,4,,0,35,0,0,0,0,0,4,2,13
,2016_16401,39.72627,-105.0002055,9/16/2016 14:55,14:55,15,0,0,SIXTH AVENUE WEST & KALAMATH STREET NORTH,1,1,0,0,1,1,,0,0,0,0,0,0,0,4,2,13
,2016_16402,39.736836,-104.912811,9/18/2016 9:15,9:15,3,0,1,MONACO PARKWAY NORTH & 13TH AVENUE EAST,1,1,0,0,1,1,,0,30,0,0,0,0,2,4,2,14
,2016_16403,39.692943,-104.93406,9/20/2016 17:35,17:35,10,0,0,LOUISIANA AVENUE & CHERRY STREET SOUTH,1,1,0,0,1,4,,0,30,0,0,0,0,0,4,2,13
,2016_16404,39.747618,-105.0053805,9/30/2016 22:33,22:33,1,0,0,AURARIA PARKWAY & 11TH STREET,1,3,0,0,1,1,,0,35,0,0,0,0,0,4,2,13
,2016_16405,39.729078,-104.975244,10/3/2016 18:03,18:03,6,0,0,OGDEN STREET & EIGHTH AVENUE EAST,1,2,1,0,1,4,,0,25,0,0,0,0,0,4,5,5
,2016_16406,39.73895282,-105.041673,11/5/2016 3:19,3:19,5,0,0,RALEIGH STREET & 400 BLOCK SOUTH,1,4,0,0,2,5,,0,15,0,0,0,0,0,4,1,13
,2016_16407,39.724119,-104.990832,10/5/2016 8:35,8:35,6,0,0,FIFTH AVENUE & BANNOCK STREET NORTH,1,1,0,0,1,3,,0,25,0,0,0,0,0,4,2,13
,2016_16408,39.700242,-104.987511,10/7/2016 1:49,1:49,12,0,0,KENTUCKY AVENUE EAST & BROADWAY SOUTH,1,3,0,0,1,4,,0,30,0,0,0,0,1,4,2,13
,2016_16409,39.743748,-104.943033,10/7/2016 14:58,14:58,12,0,0,17TH AVENUE & JACKSON STREET NORTH,1,1,0,0,1,5,,0,30,0,0,0,0,0,4,2,3
,2016_16410,39.738393,-104.9695605,11/25/2016 22:22,22:22,10,0,0,14TH AVENUE EAST & HUMBOLDT STREET NORTH,1,3,0,0,1,1,,0,30,0,0,0,0,0,4,2,8
,2016_16411,39.74001,-104.99202,11/29/2016 17:30,17:30,1,0,0,ALAMEDA AVENUE & 4200 EAST SHOPPING ENTRANCE,1,2,0,0,1,1,,0,30,0,0,0,0,0,4,2,13
,2016_16412,39.718332,-104.9591025,2/9/2016 7:38,7:38,15,0,0,FIRST AVENUE & JOSEPHINE STREET NORTH,1,1,0,0,1,3,,0,30,0,0,0,0,0,4,2,1
,2016_16414,39.722508,-104.99634,7/14/2016 17:40,17:40,6,0,0,FOURTH AVENUE WEST & GALAPAGO STREET NORTH,1,1,0,0,1,4,,0,25,0,0,0,0,0,4,2,3
,2016_16415,39.724533,-105.0394635,4/29/2016 21:34,21:34,3,0,0,FIFTH AVENUE WEST & PERRY STREET NORTH,2,3,0,1,1,1,,0,25,0,0,0,0,0,4,2,16
,2016_16416,39.725658,-104.9891625,7/27/2016 12:30,12:30,12,0,0,SIXTH AVENUE WEST & ACOMA STREET NORTH,1,1,0,0,1,3,,0,35,0,0,0,0,0,4,3,13
,2016_16417,39.725595,-104.953428,7/2/2016 14:14,14:14,5,0,0,SIXTH AVENUE EAST & FILLMORE STREET NORTH,1,1,0,0,2,1,,0,30,0,0,0,0,0,4,2,3
,2016_16418,39.74001,-104.99202,1/26/2016 10:50,10:50,15,0,0,11TH AVENUE & 4100 BLOCK EAST,1,1,0,0,1,4,,0,25,0,0,0,0,0,4,2,7
,2016_16419,39.72627,-105.0002055,2/5/2016 11:13,11:13,12,0,0,SIXTH AVENUE 1100 BLOCK WEST & KALAMATH STREET NORTH,1,1,0,7,1,3,,0,35,0,0,0,0,0,4,3,3
,2016_16420,39.72627,-105.0002055,2/23/2016 7:32,7:32,12,0,0,SIXTH AVENUE PARKWAY EAST WB & KALAMATH STREET NORTH,5,1,0,2,1,4,,0,35,0,0,0,0,0,4,2,14
,2016_16421,39.72627,-105.0002055,12/29/2016 11:20,11:20,12,0,0,SIXTH AVENUE WEST & KALAMATH STREET NORTH,1,1,0,0,1,3,,0,45,0,0,0,0,1,4,2,1
,2016_16422,39.72564,-104.982381,11/7/2016 17:37,17:37,6,0,0,SIXTH AVENUE EAST & LOGAN/PENNSYLVANIA ALLEY,1,2,0,0,1,5,,0,60,0,0,0,1,0,4,2,13
,2016_16423,39.725487,-105.039414,7/6/2016 17:11,17:11,3,0,0,SIXTH AVENUE WEST  & PERRY STREET NORTH,1,1,0,0,1,1,,0,30,0,0,0,0,0,4,2,1
,2016_16424,39.725622,-104.978754,12/16/2016 22:44,22:44,3,0,0,SIXTH AVENUE EAST & WASHINGTON STREET NORTH,4,3,0,2,1,1,,0,25,0,0,0,0,0,4,2,16
,2016_16425,39.729087,-104.987412,5/8/2016 11:08,11:08,3,0,0,EIGHTH AVENUE EAST & BROADWAY STREET NORTH,1,1,1,7,1,1,,0,30,0,0,0,0,1,4,2,2
,2016_16426,39.729258,-104.920551,4/6/2016 0:51,0:51,6,0,0,EIGHTH AVENUE 5700 BLOCK EAST & IVY STREET NORTH,1,3,0,7,1,4,,0,30,0,0,0,0,0,4,2,14
,2016_16427,39.729087,-104.986152,4/19/2016 8:58,8:58,12,0,0,EIGHTH AVENUE 100 BLOCK EAST & LINCOLN STREET NORTH,2,1,0,7,1,3,,0,30,0,0,0,0,0,4,2,16
,2016_16429,39.728934,-104.9906115,2/23/2016 14:32,14:32,3,0,0,EIGHTH AVENUE WEST & SPEER BOULEVARD NORTH,1,1,0,7,1,1,,0,30,0,0,0,0,0,4,3,16
,2016_16430,39.731013,-104.9351445,12/27/2016 10:05,10:05,12,0,0,NINTH AVENUE & CLERMONT STREET NORTH,1,1,0,0,1,4,,0,25,0,0,0,0,0,4,2,4
,2016_16431,39.732084,-105.000174,10/4/2016 12:14,12:14,3,0,0,10TH AVENUE WEST & KALAMATH STREET NORTH,1,1,1,0,1,1,,0,25,0,0,0,0,0,4,2,13
,2016_16432,39.7351514,-104.9732032,5/2/2016 13:00,13:00,3,0,0,12TH AVENUE & 251 EAST,1,1,0,0,1,2,,0,30,0,0,0,0,0,4,2,13
,2016_16433,39.736845,-104.9873715,1/18/2016 21:46,21:46,3,0,0,13TH AVENUE & BROADWAY STREET NORTH,1,3,0,0,1,1,,0,30,0,0,0,0,0,4,2,13
,2016_16434,39.736746,-104.9428935,4/6/2016 15:28,15:28,3,0,0,13TH AVENUE EAST & JACKSON STREET NORTH,1,1,0,7,1,1,,0,30,0,0,0,0,0,4,2,14
,2016_16435,39.736863,-104.982336,11/15/2016 17:15,17:15,12,0,0,13TH AVENUE 300 BLOCK EAST & LOGAN STREET NORTH,1,2,0,7,1,4,,0,30,0,0,0,0,1,4,2,16
,2016_16436,39.738393,-104.973048,9/17/2016 17:13,17:13,3,0,1,14TH AVENUE EAST & DOWNING STREET NORTH,1,1,0,0,1,1,,0,30,0,0,0,0,2,4,2,13
,2016_16437,39.738447,-104.9941125,8/12/2016 22:14,22:14,6,0,0,14TH AVENUE & ELATI STREET NORTH,1,3,0,0,1,3,,0,30,0,0,0,0,0,4,2,13
,2016_16438,39.738366,-104.9562765,11/16/2016 18:16,18:16,10,0,0,14TH AVENUE EAST & ELIZABETH STREET NORTH,1,3,0,0,1,1,,0,30,0,0,0,0,0,4,2,14
,2016_16439,39.738438,-104.979915,6/21/2016 21:55,21:55,3,0,0,14TH AVENUE EAST & PEARL STREET NORTH,1,3,0,7,1,1,,0,25,0,0,0,0,0,4,2,16
,2016_16440,39.738429,-104.981112,2/20/2016 5:25,5:25,10,0,0,14TH AVENUE 500 BLOCK EAST & PENNSYLVANIA STREET NORTH,1,1,0,0,1,4,,0,30,0,0,0,0,0,4,2,13
,2016_16441,39.741642,-104.986134,3/19/2016 13:00,13:00,12,0,0,LINCOLN STREET NORTH & 16TH AVENUE EAST,1,1,0,7,1,1,,0,30,0,0,0,0,0,4,2,16
,2016_16442,39.738474,-105.048684,8/3/2016 1:26,1:26,6,0,1,14TH AVENUE WEST & WOLFF STREET NORTH,1,4,0,0,1,4,,0,30,0,0,0,0,2,4,2,5
,2016_16443,39.741624,-104.9634765,10/12/2016 10:30,10:30,6,0,0,16TH AVENUE 2000 EAST & RACE STREET,2,1,0,0,1,4,,0,25,0,0,0,0,0,4,2,13
,2016_16444,39.743784,-104.9476635,12/12/2016 7:30,7:30,1,0,0,17TH AVENUE EAST & COOK STREET NORTH,1,1,0,0,1,1,,0,30,0,0,0,0,0,4,2,13
,2016_16445,39.743217,-104.96475,10/7/2016 17:02,17:02,3,0,0,17TH AVENUE EAST & HIGH STREET NORTH,1,1,0,0,1,1,,0,30,0,0,0,0,0,4,2,13
,2016_16446,39.743757,-104.90814,1/30/2016 21:17,21:17,3,0,0,17TH AVENUE EAST & ONEIDA STREET NORTH,2,3,0,2,1,1,,0,25,0,0,0,0,0,4,2,1
,2016_16447,39.743757,-104.90814,8/3/2016 8:30,8:30,6,0,0,17TH AVENUE EAST & ONEIDA STREET NORTH,1,5,0,0,1,3,,0,25,0,0,0,0,0,4,2,7
,2016_16448,39.744801,-104.9861205,2/4/2016 13:35,13:35,3,0,0,18TH AVENUE EAST & LINCOLN STREET NORTH,1,1,0,7,1,1,,0,30,0,0,0,0,0,4,2,16
,2016_16449,39.746376,-105.0357735,3/11/2016 16:25,16:25,12,0,1,19TH AVENUE WEST & MEADE STREET NORTH,1,1,1,7,1,1,,0,20,0,0,0,0,2,4,2,16
,2016_16450,39.749445,-104.9696325,7/18/2016 9:40,9:40,3,0,0,22ND AVENUE EAST & HUMBOLDT STREET NORTH,1,1,0,7,1,1,,0,25,0,0,0,0,0,4,2,16
,2016_16451,39.750705,-104.968413,5/15/2016 14:49,14:49,3,0,0,23RD AVENUE EAST & FRANKLIN STREET NORTH,1,1,0,0,1,1,,0,25,0,0,0,0,0,4,2,13
,2016_16452,39.752406,-105.020532,6/5/2016 15:49,15:49,3,0,0,24TH AVENUE WEST & CLAY STREET NORTH,1,1,0,0,1,1,,0,25,0,0,0,0,0,4,2,7
,2016_16453,39.753198,-104.96223,4/2/2016 12:28,12:28,3,0,0,25TH AVENUE EAST & VINE STREET NORTH,1,1,0,7,1,1,,0,25,0,0,0,0,0,4,2,1
,2016_16454,39.754485,-104.9683905,1/28/2016 8:00,8:00,6,0,0,26TH AVENUE 1500 BLOCK EAST & FRANKLIN STREET NORTH,1,1,0,0,1,4,,0,25,0,0,0,0,0,4,2,14
,2016_16455,39.74001,-104.99202,2/17/2016 19:00,19:00,3,0,0,28TH AVENUE & 1500 BLOCK EAST,1,1,0,0,1,5,,0,25,0,0,0,0,0,4,2,5
,2016_16456,39.758976,-104.8684905,9/30/2016 7:21,7:21,5,0,0,29TH AVENUE EAST & GENEVA STREET NORTH,1,1,1,0,2,1,,0,30,0,0,0,0,0,4,1,7
,2016_16457,39.758373,-104.924601,3/3/2016 15:47,15:47,3,0,0,29TH AVENUE EAST & GRAPE STREET NORTH,1,1,0,7,1,1,,0,25,0,0,0,0,1,4,2,16
,2016_16458,39.758499,-105.034617,4/22/2016 20:10,20:10,1,0,0,29TH AVENUE WEST & LOWELL BOULEVARD NORTH,1,3,0,0,1,1,,0,30,0,0,0,0,0,4,2,13
,2016_16459,39.758238,-104.9721345,1/10/2016 22:04,22:04,6,0,0,29TH AVENUE EAST & MARION STREET NORTH,1,3,0,7,1,4,,0,25,0,0,0,0,0,4,2,16
,2016_16460,39.74001,-104.99202,11/14/2016 8:08,8:08,3,0,0,29TH AVENUE WEST & UPAN STREET NORTH,1,5,0,7,1,1,,0,60,0,0,0,0,1,4,2,14
,2016_16461,39.760749,-104.959782,5/2/2016 9:31,9:31,3,0,0,31ST AVENUE EAST & YORK STREET NORTH,1,1,0,7,1,1,,0,35,0,0,0,0,0,4,2,16
,2016_16462,39.763215,-104.953644,6/9/2016 13:56,13:56,10,0,0,33RD AVENUE EAST & FILLMORE STREET NORTH,1,1,0,0,1,1,,0,25,0,0,0,0,0,4,2,14
,2016_16463,39.765564,-104.9305815,2/14/2016 20:46,20:46,3,0,0,35TH AVENUE EAST & EUDORA STREET NORTH,1,3,0,0,1,1,,0,25,0,0,0,0,0,4,2,1
,2016_16464,39.765636,-104.9117535,8/22/2016 16:45,16:45,3,0,0,35TH AVENUE EAST & MAGNOLIA STREET NORTH,1,1,0,0,1,1,,0,25,0,0,0,0,0,4,2,14
,2016_16465,39.765636,-104.9034645,12/7/2016 15:55,15:55,12,0,0,35TH AVENUE 7300 BLOCK EAST & QUEBEC STREET NORTH,4,1,0,7,1,4,,0,30,0,0,0,0,1,4,2,16
,2016_16466,39.769272,-104.9140935,5/25/2016 19:20,19:20,3,0,0,38TH AVENUE EAST & LOCUST STREET NORTH,1,1,0,0,1,1,,0,25,0,0,0,0,1,4,2,13
,2016_16467,39.769272,-105.006456,10/27/2016 16:19,16:19,1,0,0,38TH AVENUE WEST & PECOS STREET NORTH,1,1,0,7,1,1,,0,30,0,0,0,0,0,4,2,16
,2016_16468,39.771126,-105.0451425,4/9/2016 9:25,9:25,6,0,0,39TH AVENUE 4500 BLOCK WEST & UTICA STREET,1,1,0,0,1,4,,0,25,0,0,0,0,0,4,2,7
,2016_16469,39.773178,-104.809932,2/3/2016 11:30,11:30,12,0,0,40TH AVENUE EAST & CHAMBERS ROAD NORTH,1,1,0,7,1,3,,0,40,0,0,0,0,0,4,2,16
,2016_16470,39.772755,-104.9593815,3/16/2016 18:14,18:14,12,0,0,40TH AVENUE EAST & YORK STREET NORTH,1,1,0,7,1,1,,0,30,0,0,0,0,0,4,2,16
,2016_16471,39.778335,-104.9793615,4/10/2016 20:43,20:43,3,0,0,45TH AVENUE EAST & WASHINGTON STREET NORTH,2,3,0,1,1,1,,0,30,0,0,0,0,0,4,2,13
,2016_16472,39.781143,-104.9246168,10/30/2016 19:25,19:25,6,0,0,47TH AVENUE & 14424 EAST,1,3,0,0,1,4,,0,30,0,0,0,0,0,4,2,13
,2016_16473,39.78216,-105.026364,1/8/2016 4:20,4:20,3,0,0,47TH AVENUE WEST & GROVE STREET NORTH,4,3,0,2,1,1,,0,25,0,0,0,0,1,4,2,9
,2016_16474,39.782277,-104.863284,8/9/2016 17:44,17:44,15,0,0,47TH AVENUE 10600 BLOCK EAST & IRONTON STREET NORTH,1,1,0,7,1,4,,0,30,0,0,0,0,0,4,2,16
,2016_16475,39.781854,-104.9786325,8/13/2016 1:10,1:10,3,0,0,47TH AVENUE EAST & WASHINGTON STREET NORTH,1,3,0,7,1,1,,0,35,0,0,0,0,0,4,2,2
,2016_16476,39.782376,-104.8879935,8/13/2016 18:18,18:18,3,0,0,47TH AVENUE EAST & WILLOW STREET NORTH,1,1,0,7,1,1,,0,30,0,0,0,0,1,4,2,16
,2016_16477,39.786228,-104.8488975,4/4/2016 14:10,14:10,12,0,0,49TH AVENUE EAST & PARIS STREET NORTH,1,1,0,7,1,3,,0,25,0,0,0,0,0,4,2,16
,2016_16478,39.787893,-104.809806,10/24/2016 8:00,8:00,12,0,0,52ND AVENUE EAST & CHAMBERS ROAD NORTH,1,1,0,7,1,1,,0,40,0,0,0,0,0,4,2,16
,2016_16479,39.789108,-104.8190715,2/5/2016 7:50,7:50,12,0,0,52ND AVENUE EAST & DEEPHAVEN COURT NORTH,5,1,0,7,1,1,,0,25,0,0,0,0,0,4,2,7
,2016_16480,39.79026,-104.8097835,4/21/2016 11:45,11:45,1,0,0,53RD AVENUE EAST & CHAMBERS ROAD NORTH,1,1,0,0,1,1,,0,35,0,0,0,0,0,4,2,13
,2016_16481,39.798324,-104.753322,11/19/2016 1:00,1:00,3,0,0,56TH AVENUE EAST & IRELAND STREET NORTH,1,4,0,0,1,1,,0,,0,0,0,0,0,4,2,13
,2016_16482,39.798234,-104.7721815,12/11/2016 8:25,8:25,15,0,0,56TH AVENUE EAST & TOWER ROAD NORTH,5,1,0,2,1,1,,0,15,0,0,0,0,0,4,2,13
,2016_16483,39.74001,-104.99202,7/1/2016 10:55,10:55,12,0,1,78TH AVENUE EAST & 24500 BLOCK EAST,1,1,0,0,1,3,,0,45,0,0,0,0,2,4,2,13
,2016_16484,39.838059,-104.7154635,11/28/2016 22:00,22:00,5,0,0,78TH AVENUE 23300 EAST & GUN CLUB ROAD,1,3,0,7,1,4,,0,35,0,0,0,0,1,4,1,7
,2016_16485,39.837969,-104.6928825,5/28/2016 17:10,17:10,15,0,0,78TH AVENUE & JACKSON GAP,1,1,0,0,1,3,,0,35,0,0,0,0,0,4,2,13
,2016_16486,39.904317,-104.6753235,1/13/2016 6:00,6:00,3,0,0,114TH AVENUE EAST & QUEENSBURG STREET NORTH,1,3,0,0,1,2,,0,45,0,0,0,0,1,4,2,8
,2016_16487,39.78668412,-104.9887195,3/25/2016 10:55,10:55,6,0,0,ACOMA STREET & 1000 BLOCK NORTH,8,1,0,7,1,4,,0,30,0,0,0,0,0,4,2,1
,2016_16488,39.717819,-104.9485815,12/5/2016 10:48,10:48,3,0,0,ADAMS STREET NORTH & FIRST AVENUE EAST,1,1,0,0,1,1,,0,25,0,0,0,0,0,4,2,14
,2016_16489,39.711168,-104.99238,10/6/2016 8:15,8:15,5,0,0,ALAMEDA AVENUE WEST & CHEROKEE STREET SOUTH,2,1,0,1,2,3,,0,25,0,0,0,0,0,4,2,13
,2016_16490,39.711186,-104.892912,3/7/2016 11:27,11:27,1,0,0,ALAMEDA AVENUE EAST & FAIRMOUNT DRIVE EAST,2,1,0,1,1,1,,0,40,0,0,0,0,1,4,2,1
,2016_16491,39.711366,-104.9153445,4/13/2016 15:40,15:40,12,0,0,ALAMEDA AVENUE 6200 BLOCK EAST & LEYDEN STREET SOUTH,1,1,0,7,1,4,,0,35,0,0,0,0,1,4,4,2
,2016_16492,39.711348,-104.9035005,1/19/2016 8:30,8:30,12,0,0,ALAMEDA AVENUE EAST & QUEBEC STREET SOUTH,2,1,0,7,1,1,,0,25,0,0,0,0,0,4,2,16
,2016_16493,39.711186,-104.997132,7/23/2016 23:04,23:04,3,0,3,ALAMEDA AVENUE WEST & SANTA FE DRIVE SOUTH,1,3,0,0,1,1,,1,25,0,0,0,0,2,4,3,8
,2016_16494,39.701916,-104.8763925,3/19/2016 17:15,17:15,6,0,0,ALTON WAY 600 BLOCK SOUTH & CLINTON STREET SOUTH,1,1,0,7,1,4,,0,25,0,0,0,0,0,4,2,14
,2016_16496,39.781305,-104.8268025,11/26/2016 5:08,5:08,3,0,0,ANDREWS DRIVE 14400 BLOCK EAST & DILLON STREET NORTH,1,3,0,0,1,1,,0,25,0,0,0,0,0,4,2,14
,2016_16497,39.775023,-104.810697,10/19/2016 7:28,7:28,10,0,0,ANDREWS DRIVE EAST & GRANBY WAY NORTH,1,1,1,0,1,1,,0,25,0,0,0,0,0,4,2,13
,2016_16498,39.747618,-105.0053805,6/28/2016 9:25,9:25,15,0,1,AURARIA PARKWAY & 11TH STREET,1,1,0,0,1,1,,0,35,0,0,0,0,2,4,2,13
,2016_16499,39.714642,-104.9437575,4/5/2016 13:07,13:07,3,0,0,BAYAUD AVENUE EAST & GARFIELD STREET SOUTH,1,1,0,0,1,1,,0,25,0,0,0,0,0,4,2,13
,2016_16500,39.714804,-105.0109515,12/22/2016 9:15,9:15,3,0,0,BAYAUD AVENUE WEST & TEJON STREET SOUTH,1,1,0,7,1,1,,0,25,0,0,0,0,0,4,2,3
,2016_16501,39.624219,-104.8898565,10/17/2016 8:15,8:15,1,0,0,BELLEVIEW AVENUE EAST & DTC BOULEVARD SOUTH,1,1,0,7,1,1,,0,35,0,0,0,0,0,4,2,1
,2016_16502,39.624219,-104.8898565,12/11/2016 0:16,0:16,3,0,0,BELLEVIEW AVENUE EAST & DTC BOULEVARD,1,3,0,7,1,1,,0,40,0,0,0,0,0,4,2,3