id,drcog_id,latitude,longitude,crashtime,time,crashtype,numbkilled,numbinjurd,drcoglocat,rdconditin,lightngcon,roadcntgrd,weatherco,location,roaddescrp,schoolzone,constrzone,splimit,bikeinv,pedinv,sctrinv,motoinv,svrty,rdsystem,ttlvehcls,hcf
,2016_16503,39.678426,-104.9363145,1/4/2016 13:23,13:23,12,0,0,BIRCH STREET 2000 BLOCK SOUTH & EVANS AVENUE EAST,1,1,0,0,1,4,,0,25,0,0,0,0,0,4,2,3
,2016_16504,39.75130672,-104.9981625,2/3/2016 12:00,12:00,6,0,0,BLAKE STREET & 2400 BLOCK,5,1,0,0,3,4,,0,30,0,0,0,0,0,4,4,7
,2016_16505,39.766572,-104.983713,4/14/2016 17:25,17:25,15,0,0,BRIGHTON BOULEVARD NORTH & 31ST STREET,1,1,0,7,1,4,,0,25,0,0,0,0,0,4,2,1
,2016_16506,39.729087,-104.987412,4/19/2016 13:25,13:25,10,0,0,BROADWAY NORTH & EIGHTH AVENUE EAST,1,1,0,0,1,1,,0,30,0,0,0,0,0,4,2,13
,2016_16507,39.736845,-104.9873715,3/19/2016 16:36,16:36,12,0,0,BROADWAY NORTH & 13TH AVENUE EAST,1,1,3,7,1,3,,0,35,0,0,0,0,0,4,2,16
,2016_16508,39.73842,-104.987394,8/13/2016 13:18,13:18,3,0,0,BROADWAY NORTH & 14TH AVENUE EAST,1,1,0,7,1,1,,0,35,0,0,0,0,1,4,2,14
,2016_16509,39.748392,-104.991516,5/22/2016 12:17,12:17,6,0,0,CHAMPA STREET & 18TH STREET,1,1,0,0,1,4,,0,35,0,0,0,0,0,4,2,14
,2016_16510,39.71115,-104.987592,2/5/2016 14:18,14:18,3,0,0,BROADWAY SOUTH & ALAMEDA AVENUE EAST,1,1,0,7,1,1,,0,30,0,0,0,0,0,4,3,16
,2016_16511,39.683961,-104.987565,10/19/2016 17:25,17:25,12,0,0,BROADWAY & COLORADO AVENUE WEST,1,1,0,0,1,4,,0,30,0,0,0,0,0,4,3,3
,2016_16512,39.678498,-104.987565,5/11/2016 10:44,10:44,12,0,0,BROADWAY & EVANS AVENUE EAST,1,1,1,7,1,3,,0,30,0,0,0,0,0,4,2,3
,2016_16513,39.744846,-104.987394,4/14/2016 16:55,16:55,15,0,0,BROADWAY & TREMONT STREET  18TH AVENUE EAST,1,1,0,0,1,4,,0,30,0,0,0,0,0,4,2,14
,2016_16514,39.707514,-104.98761,4/16/2016 1:39,1:39,12,0,0,BROADWAY SOUTH & VIRGINIA AVENUE WEST,2,3,0,2,1,1,,0,35,0,0,0,0,0,4,2,5
,2016_16515,39.757239,-105.0191415,5/14/2016 17:20,17:20,6,0,0,BRYANT STREET & 28TH AVENUE,1,1,1,0,1,4,,0,25,0,0,0,0,0,4,2,13
,2016_16517,39.74001,-104.99202,1/28/2016 23:52,23:52,12,0,0,BUCHTEL BOULEVARD EAST & STREET PUAL STREET SOUTH,1,3,0,7,1,1,,0,30,0,0,0,0,0,4,2,16
,2016_16518,39.745188,-104.992164,9/12/2016 16:03,16:03,15,0,0,CALIFORNIA STREET & 16TH STREET,1,1,0,0,1,4,,0,25,0,0,0,0,0,4,2,13
,2016_16520,39.74606507,-104.991029,5/27/2016 15:45,15:45,15,0,0,CALIFORNIA STREET & WELTON STREET,1,1,0,0,1,5,,0,15,0,0,0,0,0,4,2,7
,2016_16521,39.729321,-105.019803,4/12/2016 15:03,15:03,3,0,0,CANOSA COURT NORTH & EIGHTH AVENUE WEST,1,1,1,0,1,1,,0,30,0,0,0,0,0,4,2,13
,2016_16522,39.713373,-105.036093,4/14/2016 11:08,11:08,12,0,0,CEDAR AVENUE WEST & MEADE STREET SOUTH,1,1,0,0,1,4,,0,25,0,0,0,0,0,4,2,13
,2016_16523,39.7432688,-104.9981263,6/7/2016 6:05,6:05,15,0,0,CHAMPA STREET & 1200 BLOCK,1,1,0,0,1,4,,0,30,0,0,0,0,0,4,2,13
,2016_16524,39.742263,-104.9993505,11/2/2016 7:00,7:00,3,0,1,CHAMPA STREET & SPEER BOULEVARD,1,1,1,7,1,1,,0,30,0,0,0,0,2,4,2,7
,2016_16525,39.732093,-104.9916026,3/26/2016 23:10,23:10,6,0,0,CHEROKEE STREET 1000 BLOCK NORTH & 11TH AVENUE WEST,1,4,0,0,1,4,,0,25,0,0,0,0,1,4,2,5
,2016_16526,39.73842,-104.977674,2/18/2016 11:45,11:45,6,0,0,CLARKSON STREET NORTH & 14TH AVENUE EAST,1,1,0,0,1,4,,0,30,0,0,0,0,0,4,2,13
,2016_16527,39.67866,-105.020352,6/26/2016 9:50,9:50,10,0,0,CLAY STREET 2000 BLOCK SOUTH & EVANS AVENUE WEST,1,1,0,0,1,4,,0,30,0,0,0,0,0,4,2,3
,2016_16528,39.692943,-104.9546745,6/9/2016 10:09,10:09,6,0,0,CLAYTON STREET 1200 BLOCK SOUTH & LOUISIANA AVENUE,1,1,0,0,1,4,,0,25,0,0,0,0,0,4,2,13
,2016_16529,39.731013,-104.9351445,6/8/2016 17:29,17:29,3,0,0,CLERMONT STREET NORTH & NINTH AVENUE EAST,1,1,0,7,1,1,,0,25,0,0,0,0,0,4,2,14
,2016_16530,39.683979,-104.9828265,12/25/2016 15:29,15:29,8,0,0,COLORADO AVENUE EAST & LOGAN STREET SOUTH,1,1,0,0,1,4,,0,25,0,0,0,0,0,4,3,13
,2016_16531,39.727287,-104.974101,10/21/2016 8:31,8:31,3,0,0,CORONA STREET NORTH & SEVENTH AVENUE EAST,1,1,0,7,1,1,,0,30,0,0,0,0,0,4,2,16
,2016_16532,39.7452195,-104.997303,1/22/2016 18:40,18:40,6,0,0,CURTIS STREET & 1500 BLOCK,1,3,0,0,1,4,,0,25,0,0,0,0,0,4,2,13
,2016_16533,39.75885,-104.864562,3/21/2016 6:45,6:45,3,0,0,29TH DRIVE EAST & IOLA STREET,1,1,0,7,1,1,,0,30,0,0,0,0,1,4,2,1
,2016_16534,39.783555,-104.816079,1/9/2016 12:29,12:29,6,0,0,50TH DRIVE 14900 BLOCK EAST & ENID WAY NORTH,5,1,0,7,1,4,,0,25,0,0,0,0,0,4,2,16
,2016_16535,39.701943,-104.8753215,5/15/2016 15:35,15:35,5,0,0,DAYTON STREET 700 BLOCK SOUTH & ALTON WAY SOUTH,1,1,0,7,2,4,,0,30,0,0,0,0,1,4,1,5
,2016_16536,39.665322,-105.022773,3/4/2016 16:00,16:00,6,0,0,DECATUR STREET 2700 BLOCK SOUTH & AMHERST AVENUE WEST,1,1,0,0,1,4,,0,25,0,0,0,0,0,4,2,14
,2016_16537,39.775068,-104.820831,11/30/2016 20:10,20:10,6,0,0,EAGLE STREET NORTH & ANDREWS DRIVE EAST,1,4,0,0,1,4,,0,25,0,0,0,0,0,4,2,13
,2016_16538,39.657042,-104.8848255,1/2/2016 10:22,10:22,12,0,0,EASTMAN PLACE EAST & YOSEMITE STREET SOUTH,5,1,1,0,1,1,,0,25,0,0,0,0,0,4,2,13
,2016_16539,39.78308903,-104.992623,6/8/2016 11:15,11:15,6,0,0,ELATI STREET & 1200 BLOCK NORTH,1,1,0,0,1,4,,0,30,0,0,0,0,0,4,2,14
,2016_16540,39.76929,-105.02289,8/5/2016 15:45,15:45,12,0,1,ELIOT STREET NORTH & 38TH AVENUE WEST,1,1,0,0,1,4,,0,35,0,0,0,0,2,4,4,13
,2016_16541,39.78221814,-104.7583149,12/7/2016 12:45,12:45,6,0,0,ELK PLACE & 600 BLOCK EAST,1,1,1,0,1,4,,0,25,0,0,0,0,0,4,2,13
,2016_16542,39.678435,-104.9407425,4/12/2016 14:04,14:04,12,0,0,EVANS AVENUE 3900 BLOCK EAST & COLORADO BOULEVARD SOUTH,1,1,0,7,1,2,,0,30,0,0,0,0,1,4,3,3
,2016_16543,39.678435,-104.9251905,2/2/2016 11:00,11:00,12,0,0,EVANS AVENUE 5400 BLOCK EAST & GRAPE STREET,3,1,0,2,1,4,,0,35,0,0,0,0,0,4,2,14
,2016_16544,39.678435,-104.9251905,4/19/2016 18:16,18:16,12,0,0,EVANS AVENUE 5300 BLOCK EAST & GRAPE STREET SOUTH,1,1,0,7,1,1,,0,35,0,0,0,0,1,4,3,16
,2016_16545,39.678435,-104.9251905,10/19/2016 9:49,9:49,12,0,0,EVANS AVENUE 5100 BLOCK EAST & GRAPE STREET SOUTH,1,1,0,7,1,4,,0,35,0,0,0,0,0,4,2,1
,2016_16546,39.678435,-104.9234265,9/15/2016 10:21,10:21,1,0,0,EVANS AVENUE 5400 BLOCK EAST & HUDSON STREET SOUTH,1,1,1,0,1,2,,0,30,0,0,0,0,0,4,2,7
,2016_16547,39.678435,-104.912892,11/3/2016 16:30,16:30,3,0,0,EVANS AVENUE 6400 BLOCK EAST & MONACO STREET SOUTH,1,1,0,0,1,2,,0,35,0,0,0,0,0,4,2,13
,2016_16549,39.74001,-104.99202,10/20/2016 7:31,7:31,12,0,0,EVANS AVENUE 4600 BLOCK EAST & I25 NORTHBOUND ON RAMP,1,1,0,0,1,3,,0,30,0,0,0,0,1,4,2,3
,2016_16550,39.678363,-104.959404,5/25/2016 17:50,17:50,12,0,0,EVANS AVENUE EAST & UNIVERSITY BOULEVARD SOUTH,1,1,0,7,1,1,,0,35,0,0,0,0,0,4,2,14
,2016_16551,39.678696,-105.015681,5/31/2016 18:54,18:54,12,0,0,EVANS AVENUE WEST & ZUNI STREET SOUTH,1,1,0,7,1,4,,0,35,0,0,0,0,0,4,2,3
,2016_16552,39.787344,-104.8713705,3/18/2016 16:10,16:10,6,0,0,FLORENCE STREET 4900 BLOCK NORTH & 47TH AVENUE EAST,5,1,0,2,1,4,,0,25,0,0,0,0,0,4,2,1
,2016_16553,39.78166604,-104.9269824,2/16/2016 7:00,7:00,6,0,0,FOREST STREET & 300 BLOCK SOUTH,1,1,1,0,1,4,,0,25,0,0,0,0,0,4,2,13
,2016_16554,39.7702305,-104.9960565,5/3/2016 10:05,10:05,10,0,0,GALAPAGO STREET & 1400 BLOCK NORTH,1,1,0,0,1,2,,0,30,0,0,0,0,0,4,2,13
,2016_16555,39.654414,-104.872302,1/14/2016 23:23,23:23,6,0,0,GIRARD AVENUE 10000 EAST & FLORENCE STREET SOUTH,1,3,0,7,1,4,,0,30,0,0,0,0,0,4,2,16
,2016_16556,39.74291706,-104.9915489,5/16/2016 13:21,13:21,14,0,0,GLENARM PLACE 1500 BLOCK & 15TH STREET,2,1,0,1,1,5,,0,30,0,0,0,0,0,4,2,14
,2016_16557,39.71295,-104.9839245,6/6/2016 13:54,13:54,3,0,0,GRANT STREET SOUTH & CEDAR AVENUE EAST,1,1,1,7,1,1,,0,25,0,0,0,0,0,4,2,3
,2016_16558,39.716523,-104.9837805,2/25/2016 17:20,17:20,3,0,0,GRANT STREET SOUTH & ELLSWORTH AVENUE EAST,1,1,0,7,1,1,,0,30,0,0,0,0,0,4,2,16
,2016_16559,39.78013499,-104.9246415,1/2/2016 23:36,23:36,5,0,0,GRAPE STREET NORTH & 3001,5,3,0,0,3,4,,0,25,0,0,0,0,0,4,1,5
,2016_16560,39.68226,-105.026202,11/10/2016 7:39,7:39,3,0,0,GROVE STREET & JEWELL AVENUE,1,1,0,0,1,1,,0,35,0,0,0,0,0,4,2,13
,2016_16561,39.783609,-104.7913916,4/6/2016 7:45,7:45,12,0,0,GREEN VALLEY RANCH BOULEVARD EAST & PENA BOULEVARD,1,1,0,7,1,4,,0,40,0,0,0,0,0,4,2,16
,2016_16562,39.783609,-104.7913916,7/4/2016 22:14,22:14,12,0,0,GREEN VALLEY RANCH BOULEVARD EAST & PENA BOULEVARD,1,3,0,7,1,1,,0,40,0,0,0,0,0,4,2,7
,2016_16563,39.783609,-104.772222,3/5/2016 20:00,20:00,12,0,0,GREEN VALLEY RANCH BOULEVARD EAST & TOWER ROAD NORTH,1,3,0,7,1,1,,0,35,0,0,0,0,0,4,2,14
,2016_16564,39.758805,-104.86305,7/27/2016 7:12,7:12,3,0,1,HAVANA STREET NORTH & 29TH DRIVE EAST,1,1,1,7,1,1,,0,30,0,0,0,0,2,4,2,16
,2016_16565,39.760038,-104.865813,4/6/2016 20:30,20:30,12,0,1,HAVANA STREET NORTH & MLK BOULEVARD,1,3,1,7,1,1,,0,35,0,0,0,0,2,4,2,16
,2016_16566,39.75665395,-105.0276151,10/23/2016 18:55,18:55,6,0,0,HAZEL COURT NORTH & 800 BLOCK,1,3,0,0,1,4,,0,25,0,0,0,0,0,4,2,14
,2016_16567,39.671172,-105.0279345,12/6/2016 15:51,15:51,6,0,0,HAZEL COURT SOUTH & VASSAR AVENUE WEST,1,1,0,0,1,4,,0,25,0,0,0,0,0,4,2,7
,2016_16568,39.705669,-104.965173,7/19/2016 23:58,23:58,6,0,0,HIGH STREET 600 BLOCK SOUTH & CENTER AVENUE EAST,1,4,0,0,1,4,,0,25,0,0,0,0,1,4,5,13
,2016_16569,39.78288,-104.7555,6/30/2016 19:42,19:42,1,0,0,HIMALAYA ROAD NORTH & GREEN VALLEY RANCH BOULEVARD EAST,1,1,0,7,1,1,,0,35,0,0,0,0,0,4,2,16
,2016_16570,39.689343,-104.9223105,10/13/2016 15:04,15:04,12,0,0,HOLLY STREET SOUTH & FLORIDA AVENUE EAST,1,1,0,7,1,3,,0,30,0,0,0,0,0,4,2,1
,2016_16571,39.778722,-104.9222925,7/20/2016 10:40,10:40,3,0,0,HOLLY STREET & STAPLETON DRIVE NORTH,1,1,0,7,1,1,,0,30,0,0,0,0,0,4,2,16
,2016_16572,39.778722,-104.9222925,12/8/2016 15:11,15:11,1,0,0,HOLLY STREET & STAPLETON NORTH DRIVE EAST,1,1,0,0,1,1,,0,5,0,0,0,0,0,4,2,3
,2016_16573,39.762018,-104.9240115,9/1/2016 21:13,21:13,6,0,0,HUDSON STREET 3000 BLOCK NORTH & MLK BOULEVARD,1,3,0,0,1,4,,0,30,0,0,0,0,1,4,2,5
,2016_16574,39.729078,-104.9694525,4/13/2016 15:13,15:13,3,0,0,HUMBOLDT STREET NORTH & EIGHTH AVENUE EAST,1,1,1,7,1,1,,0,25,0,0,0,0,0,4,2,3
,2016_16576,39.767058,-104.9425425,7/18/2016 20:28,20:28,6,0,0,JACKSON STREET 3600 BLOCK NORTH & 36TH AVENUE EAST,1,3,0,0,1,3,,0,30,0,0,0,0,0,4,3,1
,2016_16577,39.696705,-104.9991345,6/16/2016 15:58,15:58,1,0,0,JASON STREET SOUTH & MISSISSIPPI AVENUE WEST,1,1,0,7,1,1,,0,30,0,0,0,0,0,4,2,16
,2016_16578,39.682062,-104.926842,10/17/2016 6:55,6:55,6,0,0,JEWELL AVENUE 5200 EAST & FOREST STREET SOUTH,1,2,2,0,3,4,,0,25,0,0,0,0,0,4,2,3
,2016_16579,39.77662894,-105.03108,7/17/2016 19:46,19:46,10,0,0,JULIAN STREET & 300 BLOCK NORTH,1,2,0,0,1,4,,0,25,0,0,0,0,0,4,2,13
,2016_16580,39.700395,-105.0454035,7/15/2016 3:40,3:40,6,0,0,KENTUCKY AVENUE WEST & UTICA STREET SOUTH,1,3,0,0,1,4,,0,30,0,0,0,0,0,4,2,13
,2016_16581,39.699963,-105.015681,5/27/2016 19:07,19:07,5,0,0,KENTUCKY AVENUE WEST & ZUNI STREET SOUTH,1,1,0,7,2,1,,0,25,0,0,0,0,0,4,1,1
,2016_16582,39.753819,-105.032691,12/19/2016 16:20,16:20,6,0,0,KING STREET 2500 BLOCK NORTH & 25TH AVENUE WEST,4,1,0,0,1,4,,0,25,0,0,0,0,0,4,2,1
,2016_16583,39.629898,-105.10983,7/6/2016 19:40,19:40,5,0,0,KIPLING STREET SOUTH & SARATOGA PLACE WEST,1,1,0,0,3,4,,0,40,0,0,0,0,0,4,1,14
,2016_16584,39.718152,-105.032484,4/7/2016 15:52,15:52,15,0,0,KNOX COURT NORTH & FIRST AVENUE WEST,1,1,0,0,1,4,,0,25,0,0,0,0,0,4,2,13
,2016_16585,39.74603268,-105.0022112,2/26/2016 16:00,16:00,6,0,0,LARIMER STREET & 1400 BLOCK,1,1,0,0,1,4,,0,5,0,0,0,0,0,4,2,13
,2016_16586,39.722535,-104.9862825,6/4/2016 18:28,18:28,3,0,0,LINCOLN STREET NORTH & FOURTH AVENUE EAST,1,1,0,7,1,1,,0,35,0,0,0,0,0,4,2,1
,2016_16587,39.725649,-104.986314,2/7/2016 18:02,18:02,15,0,0,LINCOLN STREET NORTH & SIXTH AVENUE EAST,1,3,0,7,1,1,,0,35,0,0,0,0,0,4,2,16
,2016_16588,39.73041,-104.986143,3/13/2016 0:00,0:00,6,0,0,LINCOLN STREET NORTH & NINTH AVENUE EAST,1,3,1,0,1,1,,0,35,0,0,0,0,0,4,2,13
,2016_16589,39.73041,-104.986143,3/17/2016 21:43,21:43,12,0,0,LINCOLN STREET 800 BLOCK NORTH & NINTH AVENUE EAST,2,3,1,2,1,4,,0,30,0,0,0,0,0,4,2,1
,2016_16590,39.736845,-104.98617,12/11/2016 1:40,1:40,15,0,0,LINCOLN STREET NORTH & 13TH AVENUE EAST,1,3,0,0,1,3,,0,60,0,0,0,0,0,4,2,14
,2016_16591,39.743244,-104.986107,12/21/2016 17:05,17:05,15,0,0,LINCOLN STREET NORTH & 17TH AVENUE EAST,1,3,0,7,1,1,,0,60,0,0,0,0,0,4,2,16
,2016_16592,39.776085,-104.938011,2/14/2016 12:37,12:37,5,0,0,SMITH ROAD EAST & ALBION STREET NORTH,1,1,0,7,3,4,,0,35,0,0,0,0,0,4,1,5
,2016_16593,39.711141,-104.9863905,12/4/2016 7:53,7:53,3,0,0,LINCOLN STREET SOUTH & ALAMEDA AVENUE EAST,1,1,0,0,1,1,,0,30,0,0,0,0,0,4,2,8
,2016_16594,39.7895539,-104.9828997,2/22/2016 4:56,4:56,5,0,0,LOGAN STREET & 300 BLOCK SOUTH,1,3,0,0,3,3,,0,30,0,0,0,0,0,4,1,14
,2016_16595,39.7895539,-104.9828997,4/5/2016 18:05,18:05,6,0,0,LOGAN STREET & 500 BLOCK SOUTH,1,1,0,0,1,4,,0,25,0,0,0,0,0,4,2,13
,2016_16596,39.7895539,-104.9828997,2/25/2016 17:54,17:54,14,0,0,LOGAN STREET & 800 BLOCK SOUTH,1,1,0,0,1,4,,0,30,0,0,0,0,0,4,2,14
,2016_16597,39.716514,-104.982633,8/5/2016 1:01,1:01,6,0,0,LOGAN STREET NORTH & 1225 NORTH LOGAN STREET,1,3,0,0,1,4,,0,30,0,0,0,0,0,4,3,5
,2016_16598,39.712932,-104.9827815,11/17/2016 15:11,15:11,15,0,0,LOGAN STREET SOUTH & CEDAR AVENUE EAST,2,1,1,2,1,4,,0,30,0,0,0,0,0,4,2,1
,2016_16599,39.716514,-104.982633,7/19/2016 16:14,16:14,6,0,0,LOGAN STREET & ELLSWORTH AVENUE,1,1,1,0,1,4,,0,30,0,0,0,0,0,4,2,3
,2016_16600,39.701988,-104.982795,7/17/2016 10:45,10:45,1,0,0,LOGAN STREET SOUTH & OHIO AVENUE EAST,1,1,0,0,1,1,,0,30,0,0,0,0,0,4,2,8
,2016_16601,39.693087,-105.034383,4/2/2016 0:01,0:01,6,0,0,LOUISIANA AVENUE 3500 BLOCK WEST & LOWELL BOULEVARD SOUTH,1,4,0,0,1,4,,0,30,0,0,0,0,0,4,2,13
,2016_16602,39.693123,-105.0155955,7/18/2016 14:25,14:25,3,0,0,LOUISIANA AVENUE WEST & ZUNI STREET SOUTH,1,1,0,7,1,1,,0,25,0,0,0,0,0,4,2,16
,2016_16603,39.76552276,-105.0346227,1/2/2016 2:06,2:06,6,0,0,LOWELL BOULEVARD & 4800 BLOCK NORTH,1,3,0,7,1,4,,0,30,0,0,0,0,0,4,4,5
,2016_16604,39.638583,-105.0347025,6/2/2016 9:45,9:45,1,0,0,LOWELL BOULEVARD SOUTH & QUINCY AVENUE WEST,1,3,0,0,1,1,,0,35,0,0,0,0,0,4,2,5
,2016_16605,39.69855,-105.0344505,1/14/2016 9:29,9:29,6,0,0,LOWELL BOULEVARD SOUTH & TENNESSEE AVENUE WEST,1,1,0,0,1,4,,0,35,0,0,0,0,0,4,2,13
,2016_16606,39.776814,-105.002802,6/1/2016 15:37,15:37,12,0,0,MARIPOSA WAY 4400 BLOCK NORTH & 44TH AVENUE WEST,1,1,0,7,1,4,,0,25,0,0,0,0,0,4,2,16
,2016_16607,39.75031845,-104.9977268,4/12/2016 13:51,13:51,12,0,0,MARKET STREET & 1500 BLOCK,1,1,0,0,1,1,,0,25,0,0,0,0,0,4,2,13
,2016_16608,39.762018,-104.9258115,12/19/2016 15:30,15:30,3,0,0,MLK BOULEVARD & GLENCOE STREET,5,1,0,0,1,1,,0,25,0,0,0,0,0,4,2,13
,2016_16609,39.782619,-105.0357915,12/22/2016 14:45,14:45,6,0,0,MEADE STREET & 600 SOUTH,2,3,0,0,1,4,,0,25,0,0,0,0,0,4,2,13
,2016_16610,39.782619,-105.0357915,5/18/2016 13:14,13:14,12,0,0,MEADE STREET & 2800 BLOCK NORTH,1,1,1,0,1,4,,0,25,0,0,0,0,1,4,2,13
,2016_16611,39.795579,-104.7963105,11/5/2016 13:51,13:51,6,0,0,MEMPHIS STREET NORTH & MAXWELL PLACE EAST,1,1,0,0,1,4,,0,25,0,0,0,0,0,4,2,13
,2016_16612,39.685878,-105.0274035,4/5/2016 11:29,11:29,6,0,0,MEXICO AVENUE WEST & HAZEL COURT SOUTH,1,1,0,0,1,4,,0,30,0,0,0,0,0,4,2,7
,2016_16613,39.696561,-104.94189,4/15/2016 17:23,17:23,3,0,0,MISSISSIPPI AVENUE EAST & HARRISON STREET SOUTH,1,1,0,0,1,5,,0,30,0,0,0,0,0,4,2,13
,2016_16614,39.69666,-104.8917105,1/29/2016 12:43,12:43,12,0,0,MISSISSIPPI AVENUE 8300 BLOCK EAST & VALENTIA STREET SOUTH,1,1,0,7,1,4,,0,30,0,0,0,0,1,4,2,16
,2016_16615,39.761964,-104.903451,1/19/2016 12:43,12:43,12,0,0,MLK BOULEVARD & QUEBEC STREET NORTH,1,1,0,0,1,1,,0,45,0,0,0,0,0,4,2,13
,2016_16616,39.762009,-104.9548545,10/8/2016 22:13,22:13,5,0,0,MLK BOULEVARD & CLAYTON STREET NORTH,1,3,0,0,3,1,,0,35,0,0,0,0,0,4,1,13
,2016_16617,39.761838,-104.922261,5/10/2016 16:22,16:22,15,0,0,MLK BOULEVARD & HOLLY STREET NORTH,1,1,0,1,1,4,,0,25,0,0,0,0,0,4,2,14
,2016_16618,39.678435,-104.9127435,3/17/2016 18:14,18:14,12,0,0,MONACO STREET SOUTH & EVANS AVENUE EAST,4,2,0,0,1,1,,0,35,0,0,0,0,1,4,3,13
,2016_16619,39.703887,-104.912964,10/10/2016 17:30,17:30,12,0,0,MONACO STREET SOUTH & EXPOSITION AVENUE EAST,1,1,1,0,1,3,,0,30,0,0,0,0,0,4,2,13
,2016_16620,39.700233,-104.91291,7/12/2016 15:00,15:00,10,0,1,MONACO STREET SOUTH & KENTUCKY AVENUE EAST,1,1,0,0,1,2,,0,35,0,0,0,1,2,4,2,13
,2016_16621,39.778686,-104.912874,4/21/2016 14:32,14:32,1,0,0,MONACO STREET NORTH & STAPLETON NORTH DRIVE EAST,1,1,0,0,1,1,,0,35,0,0,0,0,0,4,2,3
,2016_16622,39.703968,-105.0430905,7/15/2016 7:10,7:10,3,0,0,MORRISON ROAD & STUART STREET SOUTH,1,1,0,7,1,1,,0,25,0,0,0,0,0,4,2,16
,2016_16623,39.678444,-104.908194,10/8/2016 4:35,4:35,6,0,0,ONEIDA STREET 2100 BLOCK SOUTH & EVANS AVENUE EAST,1,3,1,0,1,4,,0,25,0,0,0,0,0,4,4,2
,2016_16624,39.76536244,-105.0381491,3/9/2016 20:20,20:20,6,0,0,OSCEOLA STREET & 2700 BLOCK NORTH,1,3,0,0,1,4,,0,25,0,0,0,0,0,4,2,13
,2016_16625,39.757086,-104.990715,6/28/2016 19:26,19:26,12,0,0,PARK AVENUE WEST & BLAKE STREET,2,1,0,1,1,3,,0,35,0,0,0,0,0,4,2,14
,2016_16626,39.750363,-104.981985,10/27/2016 22:45,22:45,3,0,0,PARK AVENUE WEST & GLENARM PLACE,1,3,0,7,1,1,,0,25,0,0,0,0,1,4,2,9
,2016_16627,39.742848,-104.9721615,12/31/2016 18:50,18:50,3,0,0,PARK AVENUE WEST & MARION STREET NORTH,1,3,0,0,1,1,,0,30,0,0,0,0,1,4,2,13
,2016_16628,39.744837,-104.974803,2/18/2016 22:27,22:27,12,0,0,PARK AVENUE WEST & OGDEN STREET NORTH,1,4,0,7,1,3,,0,35,0,0,0,0,0,4,2,16
,2016_16629,39.7859126,-104.9800304,12/4/2016 14:18,14:18,6,0,0,PEARL STREET & 1000 BLOCK NORTH,1,3,0,0,1,4,,0,25,0,0,0,0,0,4,2,5
,2016_16630,39.696723,-105.0061725,10/6/2016 10:15,10:15,6,0,0,PECOS STREET SOUTH & MISSISSIPPI AVENUE WEST,2,1,1,1,1,4,,0,25,0,0,0,0,0,4,2,7
,2016_16631,39.844602,-104.6809395,12/18/2016 5:30,5:30,5,0,0,PENA BOULEVARD & MM 11,5,3,0,2,3,4,,0,15,0,0,0,0,0,4,1,1
,2016_16632,39.844602,-104.6809395,2/17/2016 19:40,19:40,12,0,0,PENA BOULEVARD 7600 BLOCK & MM 11,1,3,0,7,1,4,,0,55,0,0,0,0,0,4,2,1
,2016_16633,39.844602,-104.6809395,1/3/2016 13:31,13:31,12,0,0,PENA BOULEVARD & 19500 BLOCK EAST,1,1,0,0,1,4,,0,65,0,0,0,0,0,4,2,3
,2016_16635,39.798396,-104.7873105,12/6/2016 7:30,7:30,6,0,0,PENA BOULEVARD OUTBOUND & 56TH AVENUE EAST,1,1,0,0,3,4,,0,35,0,0,0,0,1,4,2,2
,2016_16636,39.844602,-104.6809395,9/4/2016 15:15,15:15,5,0,0,PENA BOULEVARD & 70TH AVENUE EAST,1,1,0,0,2,4,,0,65,0,0,0,0,1,4,1,2
,2016_16637,39.844602,-104.6809395,7/7/2016 13:45,13:45,15,0,0,PENA BOULEVARD SOUTHBOUND & SNAKES ROAD,1,1,1,0,1,4,,0,45,0,0,0,0,0,4,2,13
,2016_16638,39.733704,-104.9810535,4/9/2016 17:36,17:36,12,0,0,PENNSYLVANIA STREET NORTH & 11TH AVENUE EAST,2,1,0,7,1,1,,0,35,0,0,0,0,0,4,2,3
,2016_16639,39.778047,-104.8471245,11/4/2016 17:12,17:12,1,0,0,PEORIA STREET NORTH & 45TH AVENUE,1,1,0,0,1,2,,0,35,0,0,0,0,0,4,2,13
,2016_16640,39.778047,-104.8471245,12/6/2016 16:02,16:02,1,0,0,PEORIA STREET NORTH & 45TH AVENUE EAST,1,3,0,0,1,1,,0,35,0,0,0,0,0,4,2,13
,2016_16641,39.796299,-104.847264,2/2/2016 11:15,11:15,15,0,0,PEORIA STREET NORTH & 55TH AVENUE EAST,4,1,0,2,1,1,,0,35,0,0,0,0,0,4,2,1
,2016_16642,39.76583836,-105.0392271,1/25/2016 8:48,8:48,6,0,0,PERRY STREET 3500 BLOCK & 35TH AVENUE WEST,1,1,0,7,1,4,,0,25,0,0,0,0,0,4,2,14
,2016_16643,39.743775,-104.9034825,4/6/2016 15:10,15:10,12,0,0,QUEBEC STREET NORTH & 17TH AVENUE EAST,1,1,0,7,1,3,,0,35,0,0,0,0,0,4,2,3
,2016_16644,39.79571674,-104.9032445,4/25/2016 19:30,19:30,12,0,0,QUEBEC STREET 5500 BLOCK NORTH & 56TH AVENUE EAST,2,3,0,7,1,3,,0,45,0,0,0,0,0,4,2,3