id,drcog_id,latitude,longitude,crashtime,time,crashtype,numbkilled,numbinjurd,drcoglocat,rdconditin,lightngcon,roadcntgrd,weatherco,location,roaddescrp,schoolzone,constrzone,splimit,bikeinv,pedinv,sctrinv,motoinv,svrty,rdsystem,ttlvehcls,hcf
,2016_16645,39.761964,-104.903451,1/13/2016 8:31,8:31,15,0,0,QUEBEC STREET NORTH & MLK BOULEVARD,1,1,0,0,1,1,,0,35,0,0,0,0,0,4,2,13
,2016_16646,39.698523,-104.903541,4/20/2016 16:06,16:06,12,0,0,QUEBEC STREET 1000 BLOCK SOUTH & PARKER ROAD SOUTH,1,1,1,7,1,3,,0,30,0,0,0,0,0,4,2,3
,2016_16647,39.77829,-104.903604,3/23/2016 23:00,23:00,5,0,0,QUEBEC STREET NORTH & I70,5,3,1,2,2,4,,0,35,0,0,0,0,0,4,1,7
,2016_16648,39.667626,-104.9036175,1/8/2016 13:04,13:04,1,0,0,QUEBEC STREET SOUTH & YALE AVENUE EAST,4,1,1,2,1,1,,0,35,0,0,0,0,1,4,2,13
,2016_16650,39.639762,-105.05331,11/28/2016 7:50,7:50,15,0,0,QUINCY AVENUE WEST & SHERIDAN BOULEVARD SOUTH,1,1,0,7,1,4,,0,40,0,0,0,0,0,4,2,16
,2016_16651,39.753882,-104.99139,10/29/2016 0:45,0:45,12,0,0,21ST STREET 1300 BLOCK & LARIMER STREET,1,3,0,7,1,4,,0,25,0,0,0,0,0,4,2,16
,2016_16652,39.638664,-104.89266,2/1/2016 7:50,7:50,12,0,0,QUINCY AVENUE EAST & TAMARAC STREET SOUTH,5,1,0,2,1,3,,0,35,0,0,0,0,0,4,3,16
,2016_16653,39.76537129,-105.040494,3/8/2016 15:40,15:40,15,0,0,QUITMAN STREET & 5000 BLOCK NORTH,1,1,1,0,1,4,,0,25,0,0,0,0,0,4,2,13
,2016_16654,39.705525,-105.040863,11/27/2016 5:26,5:26,6,0,0,QUITMAN STREET SOUTH & MORRISON ROAD,1,1,0,0,1,4,,0,25,0,0,0,0,0,4,2,3
,2016_16655,39.667725,-105.041763,11/13/2016 15:45,15:45,3,0,0,RALEIGH STREET SOUTH & YALE AVENUE WEST,1,1,0,7,1,1,,0,25,0,0,0,0,1,4,2,16
,2016_16656,39.7172835,-104.8960418,8/2/2016 9:42,9:42,10,0,0,RAMPART WAY NORTH & LOWRY BOULEVARD EAST,1,1,0,0,1,6,,0,15,0,0,0,0,0,4,2,7
,2016_16657,39.797775,-104.7541005,2/11/2016 22:00,22:00,6,0,0,RANDOLPH PLACE 20000 BLOCK EAST & HIMALAYA ROAD NORTH,1,3,1,0,1,3,,0,25,0,0,0,0,0,4,2,13
,2016_16658,39.722517,-104.990832,1/8/2016 15:17,15:17,3,0,0,FOURTH AVENUE 100 BLOCK WEST & ACOMA BANNOCK ALLEY,5,1,1,4,1,1,,0,15,0,0,0,0,0,4,3,7
,2016_16659,39.759192,-105.0104835,2/7/2016 22:30,22:30,6,0,0,16TH STREET & BOULDER STREET,1,3,1,0,1,4,,0,25,0,0,0,0,0,4,2,5
,2016_16660,39.748797,-104.9944635,2/23/2016 12:45,12:45,12,0,0,17TH STREET & ARAPAHOE STREET,1,1,0,7,1,1,,0,30,0,0,0,0,0,4,2,8
,2016_16661,39.754053,-105.001524,12/12/2016 8:08,8:08,10,0,0,17TH STREET & WEWATTA STREET,1,1,0,0,1,3,,0,,0,0,0,0,0,4,2,1
,2016_16662,39.790242,-105.010191,11/21/2016 12:00,12:00,6,0,0,SHOSHONE STREET & 1200 BLOCK NORTH,1,1,0,0,1,4,,0,20,0,0,0,0,0,4,2,13
,2016_16663,39.753333,-104.995521,7/22/2016 17:36,17:36,3,0,0,19TH STREET 1400 BLOCK & BLAKE STREET,1,1,1,0,1,5,,0,5,0,0,0,1,1,4,2,13
,2016_16664,39.748878,-104.987448,12/15/2016 16:57,16:57,15,0,0,20TH STREET & BROADWAY STREET NORTH,1,2,0,0,1,1,,0,30,0,0,0,0,0,4,2,13
,2016_16665,39.757653,-104.998635,3/1/2016 12:30,12:30,1,0,0,20TH STREET & CHESTNUT STREET,1,1,1,0,1,1,,0,35,0,0,0,0,0,4,2,13
,2016_16666,39.75305368,-104.9879372,4/30/2016 15:03,15:03,12,0,0,22ND STREET & 1000 BLOCK,2,1,0,0,1,4,,0,35,0,0,0,0,0,4,2,14
,2016_16667,39.75075,-104.984946,7/21/2016 17:03,17:03,3,0,0,22ND STREET & CALIFORNIA STREET,1,1,0,7,1,1,,0,30,0,0,0,0,0,4,2,16
,2016_16668,39.75417,-104.9893335,1/4/2016 15:38,15:38,12,0,0,22ND STREET 1200 BLOCK & LAWRENCE STREET,1,1,0,0,1,4,,0,30,0,0,0,0,0,4,2,13
,2016_16669,39.75417,-104.9893335,1/15/2016 10:17,10:17,3,0,0,22ND STREET & LAWRENCE STREET,1,1,0,0,1,1,,0,35,0,0,0,0,1,4,2,14
,2016_16670,39.75417,-104.9893335,6/11/2016 13:07,13:07,3,0,0,22ND STREET & LAWRENCE STREET,1,1,0,0,1,1,,0,30,0,0,0,0,1,4,2,13
,2016_16671,39.750129,-104.9841,10/21/2016 9:05,9:05,12,0,0,22ND STREET 600 BLOCK & WELTON STREET,1,1,0,7,1,4,,0,30,0,0,0,0,1,4,2,12
,2016_16672,39.76695,-104.9745015,8/10/2016 14:01,14:01,6,0,0,35TH STREET 1300 BLOCK & LARIMER STREET,1,1,0,0,1,4,,0,25,0,0,0,0,0,4,3,3
,2016_16673,39.772962,-104.975442,3/30/2016 15:42,15:42,15,0,0,38TH STREET EAST & BRIGHTON BOULEVARD,2,1,0,0,1,4,,0,30,0,0,0,0,0,4,2,13
,2016_16674,39.772962,-104.975442,12/21/2016 15:03,15:03,12,0,0,38TH STREET & BRIGHTON BOULEVARD NORTH,1,1,0,7,1,4,,0,60,0,0,0,0,0,4,2,16
,2016_16675,39.711186,-104.997132,4/22/2016 14:24,14:24,10,0,0,SANTA FE DRIVE SOUTH & ALAMEDA AVENUE WEST,1,1,1,0,1,1,,0,30,0,0,0,0,0,4,2,13
,2016_16676,39.701979,-104.9851125,4/20/2016 12:48,12:48,3,0,0,SHERMAN STREET SOUTH & OHIO AVENUE EAST,1,1,1,7,1,1,,0,25,0,0,0,0,0,4,2,8
,2016_16677,39.73851768,-104.9969761,3/21/2016 15:39,15:39,12,0,0,SPEER BOULEVARD & 1000 BLOCK NORTH,1,1,0,0,1,4,,0,30,0,0,0,0,0,4,2,1
,2016_16678,39.729717,-104.9912235,1/22/2016 18:22,18:22,15,0,0,SPEER BOULEVARD NORTH & BANNOCK STREET NORTH,1,3,0,0,1,1,,0,30,0,0,0,0,0,4,2,7
,2016_16679,39.760299,-105.025293,12/31/2016 14:45,14:45,1,0,0,SPEER BOULEVARD & FEDERAL BOULEVARD NORTH,1,1,1,0,1,2,,0,35,0,0,0,0,0,4,2,13
,2016_16680,39.74193,-104.99985,3/29/2016 16:48,16:48,3,0,0,SOUTHBOUND SPEER BOULEVARD & KALAMATH STREET NORTH,1,1,0,7,1,1,,0,30,0,0,0,0,0,4,2,16
,2016_16681,39.725649,-104.986314,7/28/2016 22:03,22:03,10,0,0,SPEER BOULEVARD EAST & LINCOLN STREET NORTH,1,3,0,0,1,4,,0,35,0,0,0,0,0,4,2,8
,2016_16682,39.741426,-104.9988915,10/15/2016 20:05,20:05,12,0,0,SPEER BOULEVARD NORTH & STOUT STREET,1,3,1,0,1,1,,0,30,0,0,0,0,0,4,2,7
,2016_16683,39.75633,-105.015852,3/19/2016 14:40,14:40,1,0,0,SPEER BOULEVARD 2700 BLOCK NORTH & ZUNI STREET NORTH,1,1,0,0,1,2,,0,35,0,0,0,0,0,4,2,8
,2016_16684,39.737268,-104.897547,4/22/2016 17:14,17:14,6,0,0,SPRUCE STREET NORTH & 13TH AVENUE EAST,1,1,0,0,1,4,,0,30,0,0,0,0,0,4,2,13
,2016_16685,39.780513,-104.9582025,7/6/2016 15:48,15:48,3,0,1,STEVENSON PLACE & JOSEPHINE STREET NORTH,1,1,0,0,1,1,,0,30,0,0,0,0,2,4,2,13
,2016_16686,39.729132,-104.949504,4/30/2016 13:00,13:00,6,0,0,STEELE STREET 800 BLOCK NORTH & EIGHTH AVENUE EAST,2,1,0,1,1,4,,0,25,0,0,0,0,0,4,2,13
,2016_16687,39.714651,-104.949972,2/19/2016 16:30,16:30,1,0,0,STEELE STREET SOUTH & BAYAUD AVENUE EAST,1,1,0,0,1,1,,0,30,0,0,0,0,1,4,2,13
,2016_16688,39.716235,-104.949963,11/8/2016 16:50,16:50,1,0,0,STEELE STREET NORTH & ELLSWORTH AVENUE EAST,1,2,0,7,1,1,,0,30,0,0,0,0,0,4,2,1
,2016_16689,39.7598764,-104.9748274,12/15/2016 18:53,18:53,6,0,0,STOUT STREET 3100 BLOCK & 32ND STREET,1,3,0,0,1,4,,0,30,0,0,0,0,0,4,3,3
,2016_16690,39.758382,-104.8989825,8/11/2016 11:45,11:45,3,0,0,SYRACUSE STREET NORTH & 29TH PLACE EAST,1,1,0,7,1,1,,0,30,0,0,0,0,0,4,2,16
,2016_16691,39.651327,-104.8987935,5/16/2016 17:43,17:43,1,0,0,TAMARAC DRIVE SOUTH & HAMPDEN CIRCLE EAST,2,1,1,1,1,3,,0,30,0,0,0,0,0,4,2,16
,2016_16692,39.638232,-104.8948605,11/9/2016 12:36,12:36,1,0,0,TAMARAC PARKWAY SOUTH & QUINCY AVENUE EAST,1,1,1,7,1,1,,0,35,0,0,0,0,0,4,2,16
,2016_16693,39.78667214,-104.8391349,5/10/2016 8:09,8:09,6,0,0,TITAN COURT & 5200 BLOCK NORTH,1,1,0,0,1,2,,0,15,0,0,0,0,0,4,2,7
,2016_16694,39.772242,-104.771952,5/9/2016 16:45,16:45,12,0,0,TOWER ROAD 4100 BLOCK NORTH & 43RD AVENUE EAST,1,1,0,7,1,4,,0,40,0,0,0,0,1,4,2,14
,2016_16696,39.798234,-104.7721815,6/28/2016 10:48,10:48,12,0,0,TOWER ROAD NORTH & 56TH AVENUE EAST,1,1,1,7,1,3,,0,35,0,0,0,0,0,4,3,16
,2016_16697,39.798234,-104.7721815,12/24/2016 17:30,17:30,1,0,0,TOWER ROAD & 56TH AVENUE EAST,1,3,0,1,1,1,,0,45,0,0,0,0,0,4,2,13
,2016_16698,39.76163987,-104.8963776,11/17/2016 9:30,9:30,6,0,0,TRENTON STREET & 1200 BLOCK,1,4,0,0,1,4,,0,25,0,0,0,0,0,4,2,13
,2016_16699,39.76268826,-104.8925546,10/28/2016 14:29,14:29,6,0,0,UINTA STREET & 1701 NORTH,1,1,0,0,1,4,,0,25,0,0,0,0,0,4,2,14
,2016_16700,39.632904,-104.900391,3/15/2016 14:17,14:17,12,0,0,ULSTER STREET 4550 BLOCK SOUTH & TECHNOLOGY WAY EAST,1,1,1,7,1,3,,0,30,0,0,0,0,0,4,2,3
,2016_16701,39.718179,-104.959314,1/9/2016 18:27,18:27,15,0,0,UNIVERSITY BOULEVARD NORTH & FIRST AVENUE EAST,1,3,0,0,1,3,,0,30,0,0,0,0,0,4,2,13
,2016_16702,39.678363,-104.959404,9/22/2016 7:30,7:30,15,0,0,UNIVERSITY BOULEVARD 2000 BLOCK SOUTH & EVANS AVENUE EAST,1,1,0,7,1,4,,0,30,0,0,0,0,0,4,2,16
,2016_16703,39.689289,-104.959341,2/3/2016 17:59,17:59,12,0,0,UNIVERSITY BOULEVARD 1400 BLOCK SOUTH & FLORIDA AVENUE EAST,1,3,0,7,1,4,,0,30,0,0,0,0,1,4,2,16
,2016_16705,39.674835,-104.9594175,2/8/2016 14:53,14:53,12,0,0,UNIVERSITY BOULEVARD 2200 BLOCK SOUTH & ILIFF AVENUE EAST,1,1,0,7,1,3,,0,30,0,0,0,0,1,4,4,3
,2016_16706,39.687516,-104.9593725,6/1/2016 9:13,9:13,12,0,0,UNIVERSITY BOULEVARD SOUTH & IOWA AVENUE EAST,1,1,0,0,1,14,,0,40,0,0,0,0,0,4,3,13
,2016_16707,39.673008,-104.9593905,1/14/2016 0:35,0:35,5,0,0,UNIVERSITY BOULEVARD SOUTH & WESLEY AVENUE EAST,1,4,0,0,2,1,,0,35,0,0,0,0,0,4,1,14
,2016_16708,39.673008,-104.9593905,11/21/2016 13:34,13:34,1,0,0,UNIVERSITY BOULEVARD SOUTH & WESLEY AVENUE EAST,1,1,1,7,1,1,,0,30,0,0,0,0,1,4,2,16
,2016_16709,39.738375,-104.9622525,12/28/2016 12:00,12:00,12,0,0,VINE STREET 1300 & 14TH AVENUE EAST,1,1,0,7,1,4,,0,25,0,0,0,0,0,4,2,16
,2016_16710,39.743199,-104.962248,8/11/2016 6:00,6:00,6,0,0,VINE STREET NORTH & 17TH AVENUE EAST,1,2,0,0,1,4,,0,25,0,0,0,0,0,4,3,13
,2016_16712,39.74629044,-105.0052057,12/29/2016 1:23,1:23,5,0,0,WALNUT STREET & 3000 BLOCK,5,3,1,0,3,4,,0,25,0,0,0,0,0,4,3,9
,2016_16713,39.676581,-104.947983,2/2/2016 12:10,12:10,5,0,0,WARREN AVENUE 3300 BLOCK EAST & COOK STREET SOUTH,4,1,0,2,2,4,,0,25,0,0,0,0,0,4,1,1
,2016_16714,39.78129351,-104.978893,10/17/2016 16:53,16:53,6,0,0,WASHINGTON STREET & 148 SOUTH,1,1,0,0,1,4,,0,25,0,0,0,0,0,4,2,5
,2016_16715,39.78129351,-104.978893,4/29/2016 21:56,21:56,3,0,0,WASHINGTON STREET & 1500 BLOCK NORTH,2,3,0,1,1,2,,0,30,0,0,0,0,0,4,3,1
,2016_16716,39.692997,-104.9792715,5/15/2016 9:53,9:53,3,0,0,WASHINGTON STREET SOUTH & LOUISIANA AVENUE EAST,1,1,0,7,1,1,,0,25,0,0,0,0,0,4,2,16
,2016_16717,39.753054,-105.0017625,2/7/2016 10:08,10:08,15,0,0,WEWATTA STREET 1600 BLOCK & 16TH STREET,1,1,0,7,1,4,,0,30,0,0,0,0,0,4,2,16
,2016_16718,39.725946,-104.8883228,7/5/2016 18:44,18:44,6,0,0,WILLOW CIRCLE & 500 BLOCK NORTH,1,1,0,0,1,4,,0,15,0,0,0,0,0,4,2,4
,2016_16719,39.667635,-104.9058675,5/25/2016 7:16,7:16,12,0,0,YALE AVENUE 6800 BLOCK EAST & ONEIDA STREET SOUTH,1,1,0,7,1,4,,0,30,0,0,0,0,0,4,2,1
,2016_16720,39.73222149,-104.9598047,3/7/2016 12:37,12:37,10,0,0,YORK STREET 1000 BLOCK NORTH & 10TH AVENUE EAST,2,1,0,1,1,2,,0,25,0,0,0,0,0,4,2,8
,2016_16721,39.735027,-104.9598315,5/12/2016 22:08,22:08,12,0,0,YORK STREET NORTH & 12TH AVENUE EAST,1,3,0,7,1,3,,0,25,0,0,0,0,0,4,2,16
,2016_17053,39.725649,-105.005763,8/10/2016 7:37,7:37,12,0,0,SIXTH AVENUE WEST & OSAGE STREET NORTH,1,1,1,0,1,4,,0,45,0,0,0,0,0,2,3,7
,2016_17130,39.674835,-104.912973,8/22/2016 10:45,10:45,6,0,0,LIFF AVENUE EAST & MONACO STREET,1,1,0,0,1,4,,0,,0,0,0,0,0,4,2,13
,2016_17166,39.69414,-104.9176935,11/17/2016 23:41,23:41,5,0,0,CHERRY CREEK NORTH DRIVE 6300 BLOCK & KEARNEY STREET SOUTH,5,3,0,7,2,4,,0,,0,0,0,0,0,4,1,16
,2016_17245,39.725478,-105.039414,1/21/2016 8:35,8:35,5,0,1,PERRY STREET NORTH & SIXTH AVENUE SOUTH FRONTAGE ROAD,1,1,0,0,3,1,,0,25,0,0,0,0,2,4,1,7
,2016_17469,39.753054,-104.9854905,1/6/2016 14:03,14:03,15,0,1,PARK AVENUE WEST & CHAMPA STREET,1,3,1,0,1,3,,0,30,0,0,0,0,2,4,2,13
,2016_17470,39.706515,-105.043203,1/11/2016 8:09,8:09,3,0,0,STUART STREET SOUTH & CUSTER PLACE WEST,1,1,1,0,1,1,,0,25,0,0,0,0,0,4,2,14
,2016_17471,39.709026,-104.875443,1/11/2016 14:40,14:40,3,0,0,ALAMEDA AVENUE EAST & DAYTON STREET SOUTH,1,1,1,0,1,1,,0,40,0,0,0,0,0,4,2,13
,2016_17472,39.724326,-104.9052015,1/11/2016 18:15,18:15,6,0,0,FIFTH AVENUE EAST & POPLAR STREET NORTH,5,3,1,0,1,3,,0,25,0,0,0,0,0,4,2,1
,2016_17473,39.717486,-104.993973,1/31/2016 17:50,17:50,6,0,0,IRVINGTON PLACE WEST & ELATI STREET SOUTH,2,3,0,2,1,4,,0,35,0,0,0,0,0,4,3,13
,2016_17474,39.798162,-104.84235,7/28/2016 11:45,11:45,12,0,0,56TH AVENUE EAST & REVERE STREET NORTH,1,1,0,0,1,1,,0,45,0,0,0,0,0,4,2,7
,2016_17475,39.711186,-104.997132,8/10/2016 7:22,7:22,1,0,1,ALAMEDA AVENUE WEST & SANTA FE DRIVE SOUTH,1,1,0,0,1,1,,0,,0,0,0,0,2,4,2,13
,2016_17476,39.760929,-104.978763,8/16/2016 12:25,12:25,3,0,0,30TH STREET & ARAPAHOE STREET,1,1,0,0,1,1,,0,30,0,0,0,0,0,4,2,13
,2016_17477,39.653046,-104.8719735,8/18/2016 8:10,8:10,12,0,0,FLORENCE STREET SOUTH & HAMPDEN AVENUE EAST,1,1,0,0,1,3,,0,40,0,0,0,0,0,4,4,13
,2016_17478,39.743982,-105.0252435,9/24/2016 4:59,4:59,6,0,0,17TH AVENUE & 17TH AVENUE 1500 BLOCK EAST,1,3,0,0,1,4,,0,30,0,0,0,0,0,4,2,5
,2016_17479,39.698559,-104.987484,8/20/2016 17:08,17:08,12,0,0,BROADWAY SOUTH & TENNESSEE AVENUE EAST,1,1,0,0,1,3,,0,30,0,0,0,0,0,4,2,13
,2016_17480,39.725379,-105.0074505,8/22/2016 1:06,1:06,8,0,0,QUIVAS STREET NORTH & SIXTH AVENUE WEST,1,3,0,0,6,1,,0,30,0,0,0,0,0,4,2,14
,2016_17481,39.743478,-104.9128155,8/24/2016 7:20,7:20,15,0,0,17TH AVENUE EAST & MONACO STREET NORTH,1,1,0,0,1,1,,0,30,0,0,0,0,0,4,2,7
,2016_17482,39.672297,-105.0377265,8/25/2016 9:44,9:44,8,0,1,OSCEOLA STREET & HARVARD AVENUE WEST,1,1,0,0,1,4,,0,25,0,0,0,0,2,4,2,13
,2016_17483,39.718278,-104.973777,8/25/2016 16:52,16:52,12,0,0,SPEER BOULEVARD EAST & DOWNING STREET SOUTH,2,1,0,1,1,1,,0,30,0,0,0,0,0,4,2,13
,2016_17484,39.711186,-104.997132,8/26/2016 14:45,14:45,15,0,0,ALAMEDA AVENUE & SANTA FE DRIVE,1,1,0,0,1,3,,0,30,0,0,0,0,0,4,2,1
,2016_17485,39.700242,-104.987511,8/27/2016 14:30,14:30,5,0,0,BROADWAY SOUTH & KENTUCKY AVENUE EAST,1,1,0,0,1,4,,0,30,0,0,0,1,1,4,1,13
,2016_17487,39.79026,-104.8097835,8/28/2016 6:09,6:09,1,0,1,53RD AVENUE EAST & CHAMBERS ROAD NORTH,1,1,0,0,1,1,,0,,0,0,0,0,2,4,2,13
,2016_17488,39.678462,-104.9976135,8/31/2016 15:50,15:50,15,0,0,PLATTE RIVER DRIVE SOUTH & EVANS AVENUE WEST,1,1,0,0,1,3,,0,30,0,0,0,0,0,4,2,13
,2016_17489,39.689325,-104.931702,9/7/2016 7:38,7:38,3,0,0,FLORIDA AVENUE EAST & DAHLIA STREET SOUTH,1,1,0,0,1,1,,0,30,0,0,0,0,1,4,2,14
,2016_17490,39.73298935,-105.00282,9/8/2016 11:02,11:02,15,0,0,MARIPOSA STREET & 1400 BLOCK NORTH,1,1,1,0,1,4,,0,30,0,0,0,0,0,4,2,13
,2016_17491,39.76693,-104.95051,9/8/2016 16:15,16:15,3,0,0,CLAYTON STREET SOUTH & BUTCHELL BOULEVARD EAST,1,1,0,0,1,3,,0,30,0,0,0,0,1,4,2,14
,2016_17492,39.711186,-104.997132,9/8/2016 17:00,17:00,12,0,0,ALAMEDA AVENUE & SANTA FE DRIVE SOUTH APPROXIMATELY,1,1,0,0,1,3,,0,25,0,0,0,0,0,4,2,14
,2016_17493,39.713877,-104.9899815,9/9/2016 2:43,2:43,6,0,0,BANNOCK STREET & MAPLE AVENUE WEST,1,3,0,0,1,4,,0,,0,0,0,0,0,4,2,13
,2016_17494,39.771063,-104.8470435,9/9/2016 13:10,13:10,12,0,0,PEORIA STREET & 39TH AVENUE EAST,1,1,0,0,1,4,,0,35,0,0,0,0,0,4,2,1
,2016_17495,39.746241,-104.9959755,9/9/2016 19:21,19:21,6,0,0,CURTIS STREET & 15TH STREET,1,3,0,0,1,4,,0,30,0,0,0,0,0,4,2,1
,2016_17496,39.743217,-104.9684265,9/12/2016 7:25,7:25,3,0,0,17TH AVENUE EAST & FRANKLIN STREET NORTH,1,1,0,0,1,1,,0,30,0,0,0,0,0,4,2,13
,2016_17497,39.743253,-104.9823225,9/12/2016 12:10,12:10,12,0,0,17TH AVENUE EAST & LOGAN / GRANT STREET NORTH ALLEY,1,1,0,0,1,5,,0,30,0,0,0,0,0,4,2,13
,2016_17498,39.78740365,-105.0051105,9/14/2016 15:20,15:20,6,0,0,OSAGE STREET & 1200 BLOCK NORTH,1,1,1,0,1,1,,0,,0,0,0,0,0,4,2,13
,2016_17499,39.72906,-104.977584,9/16/2016 11:37,11:37,10,0,0,EIGHTH AVENUE EAST & CLARKSON STREET NORTH,1,1,0,0,1,1,,0,,0,0,0,1,0,4,2,7
,2016_17500,39.709629,-105.0350355,9/16/2016 22:45,22:45,1,0,0,MORRISON ROAD & LOWELL BOULEVARD SOUTH,2,3,0,1,1,1,,0,35,0,0,0,0,0,4,2,13
,2016_17501,39.75453,-104.987421,9/18/2016 7:00,7:00,1,0,0,BROADWAY NORTH & PARK AVENUE WEST,1,1,0,0,1,1,,0,30,0,0,0,0,0,4,2,13
,2016_17502,39.789279,-104.8471785,9/19/2016 1:51,1:51,6,0,0,51ST AVENUE & PEORIA STREET NORTH,1,3,0,0,1,4,,0,35,0,0,0,0,0,4,2,13
,2016_17503,39.781782,-104.772267,9/22/2016 17:02,17:02,1,0,0,47TH AVENUE EAST & TOWER ROAD NORTH,1,1,0,0,1,1,,0,40,0,0,0,0,0,4,2,13
,2016_17504,39.765636,-104.9046435,9/23/2016 8:35,8:35,1,0,0,35TH AVENUE EAST & POPLAR STREET NORTH,1,1,0,0,1,1,,0,30,0,0,0,0,0,4,2,7
,2016_17505,39.791628,-104.762781,9/26/2016 13:00,13:00,5,0,0,53TH AVENUE & DUNKIRK STREET NORTH,1,1,0,0,3,4,,0,35,0,0,0,0,0,4,1,4
,2016_17506,39.728907,-104.998644,9/26/2016 15:00,15:00,3,0,0,EIGHTH AVENUE WEST & SANTE FE DRIVE NORTH,1,1,0,0,1,1,,0,30,0,0,0,1,0,4,2,7
,2016_17507,39.678498,-104.9664015,9/27/2016 16:20,16:20,3,0,0,WILLIAMS STREET SOUTH & EVANS AVENUE EAST,1,1,0,0,1,1,,0,35,0,0,0,0,0,4,2,13
,2016_17508,39.783834,-105.005133,9/28/2016 7:35,7:35,5,0,0,OSAGE STREET NORTH & 48TH AVENUE WEST,1,2,0,0,3,4,,0,35,0,0,0,0,0,4,1,14
,2016_17509,39.743253,-104.981103,9/28/2016 16:20,16:20,14,0,0,17TH AVENUE EAST & PENNSYLVANIA STREET NORTH,1,1,0,0,1,1,,0,30,0,0,0,0,0,4,2,8
,2016_17510,39.83338151,-104.771988,1/8/2016 5:40,5:40,5,0,0,PENA BOULEVARD 6800 BLOCK & TOWER ROAD,4,3,1,2,3,4,,0,65,0,0,0,0,0,4,1,13
,2016_17511,39.72726,-104.9861565,9/30/2016 8:28,8:28,15,0,0,LINCOLN STREET NORTH & SEVENTH AVENUE EAST,1,1,0,0,1,4,,0,30,0,0,0,0,0,4,2,13
,2016_17512,39.776715,-105.034644,10/3/2016 16:32,16:32,1,0,0,44TH AVENUE WEST & LOWELL BOULEVARD NORTH,1,1,1,0,1,1,,0,30,0,0,0,0,1,4,2,13
,2016_17513,39.760299,-105.0457234,10/7/2016 21:34,21:34,6,0,0,30TH AVENUE & 2030 WEST,1,3,1,0,1,4,,0,25,0,0,0,0,0,4,2,13
,2016_17514,39.785553,-104.9782905,10/8/2016 14:03,14:03,12,0,0,49TH AVENUE EAST & WASHINGTON STREET NORTH,1,1,0,0,1,3,,0,35,0,0,0,0,1,4,3,3
,2016_17515,39.805533,-104.783382,10/9/2016 3:00,3:00,6,0,0,60TH AVENUE EAST & RICHFIELD STREET NORTH,1,3,0,0,1,4,,0,25,0,0,0,0,0,4,3,2
,2016_17516,39.747528,-104.978304,5/9/2016 20:50,20:50,5,0,0,20TH AVENUE EAST & PARK AVENUE WEST,1,3,0,0,3,1,,0,30,0,0,0,0,0,4,1,13
,2016_17517,39.709026,-104.875443,10/9/2016 14:49,14:49,3,0,0,ALAMEDA AVENUE EAST & DAYTON STREET SOUTH,1,1,0,0,1,2,,0,35,0,0,0,0,1,4,2,13
,2016_17518,39.743793,-104.9734035,11/29/2016 8:35,8:35,12,0,0,PARK AVENUE WEST & DOWNING STREET NORTH,1,1,0,0,1,1,,0,30,0,0,0,0,0,4,3,13
,2016_17519,39.743397,-104.987394,12/20/2016 19:31,19:31,15,0,0,17TH STREET & BROADWAY,8,3,0,0,1,1,,0,30,0,0,0,0,0,4,2,13
,2016_17520,39.718332,-104.987502,8/2/2016 18:55,18:55,3,0,0,FIRST AVENUE EAST & BROADWAY NORTH,1,1,0,0,1,5,,0,30,0,0,0,0,0,4,2,13
,2016_17521,39.718206,-104.954625,12/14/2016 17:07,17:07,12,0,0,FIRST AVENUE 2800 BLOCK EAST & DETROIT STREET SOUTH,1,3,0,0,1,4,,0,35,0,0,0,0,0,4,2,14
,2016_17522,39.718404,-104.9985855,11/8/2016 11:09,11:09,3,0,0,FIRST AVENUE WEST & SANTA FE DRIVE NORTH,1,1,1,7,1,1,,0,25,0,0,0,0,1,4,2,16
,2016_17523,39.717792,-104.9508225,3/29/2016 14:43,14:43,12,0,0,FIRST AVENUE 3100 BLOCK EAST & STEELE STREET NORTH,1,1,0,7,1,4,,0,30,0,0,0,0,0,4,2,14
,2016_17524,39.70206,-105.023844,4/9/2016 20:20,20:20,6,0,0,ELIOT STREET SOUTH & OHIO AVENUE WEST,1,2,0,0,1,4,,0,,0,0,0,0,0,4,2,13
,2016_17525,39.718143,-105.0432705,7/5/2016 17:45,17:45,12,0,0,FIRST AVENUE WEST & STUART STREET NORTH,1,1,0,7,1,1,,0,35,0,0,0,0,0,4,2,1
,2016_17526,39.719394,-104.957064,7/6/2016 15:40,15:40,15,0,0,SECOND AVENUE 2500 BLOCK EAST & COLUMBINE STREET NORTH,1,1,0,0,1,3,,0,25,0,0,0,0,0,4,2,13
,2016_17527,39.72540292,-105.0310751,10/26/2016 8:40,8:40,12,0,0,SIXTH AVENUE WEST & 1100 BLOCK WEST,1,1,0,0,1,4,,0,35,0,0,0,0,0,4,2,1
,2016_17528,39.725667,-104.99283,2/9/2016 11:45,11:45,12,0,0,SIXTH AVENUE WEST & DELAWARE STREET,1,1,0,0,1,4,,0,35,0,0,0,0,0,4,2,13
,2016_17529,39.725667,-104.99283,10/7/2016 10:40,10:40,15,0,0,SIXTH AVENUE WEST & DELAWARE STREET NORTH,1,1,0,0,1,1,,0,35,0,0,0,0,0,4,2,13
,2016_17530,39.72627,-105.0002055,2/23/2016 7:45,7:45,5,0,0,SIXTH AVENUE PARKWAY EAST WB & KALAMATH STREET NORTH,5,1,0,0,3,4,,0,45,0,0,0,0,0,4,1,13