id,drcog_id,latitude,longitude,crashtime,time,crashtype,numbkilled,numbinjurd,drcoglocat,rdconditin,lightngcon,roadcntgrd,weatherco,location,roaddescrp,schoolzone,constrzone,splimit,bikeinv,pedinv,sctrinv,motoinv,svrty,rdsystem,ttlvehcls,hcf
,2016_17531,39.727287,-104.983596,12/14/2016 22:28,22:28,6,0,0,SEVENTH AVENUE & GRANT STREET NORTH,4,3,0,0,1,4,,0,25,0,0,0,0,0,4,2,14
,2016_17532,39.727314,-105.0002235,1/13/2016 12:20,12:20,6,0,0,SEVENTH AVENUE 900 BLOCK WEST & KALAMATH SANTA FE,1,1,0,7,1,4,,0,30,0,0,0,0,0,4,2,14
,2016_17533,39.727314,-105.002847,8/9/2016 15:28,15:28,6,0,0,SEVENTH AVENUE WEST & MARIPOSA STREET NORTH,1,1,0,0,1,4,,0,30,0,0,0,0,0,4,2,14
,2016_17534,39.729114,-104.9439825,2/8/2016 11:50,11:50,1,0,0,EIGHTH AVENUE & GARFIELD STREET,1,1,0,0,1,1,,0,25,0,0,0,0,0,4,2,13
,2016_17535,39.729249,-104.9250105,4/28/2016 15:39,15:39,12,0,0,EIGHTH AVENUE EAST & GRAPE STREET NORTH,1,1,0,7,1,4,,0,30,0,0,0,0,0,4,2,14
,2016_17536,39.72924,-104.9239035,10/31/2016 15:49,15:49,12,0,0,EIGHTH AVENUE EAST & HUDSON STREET NORTH,1,1,0,7,1,4,,0,30,0,0,0,0,0,4,2,12
,2016_17537,39.729249,-104.919453,4/25/2016 16:48,16:48,3,0,0,EIGHTH AVENUE EAST & JERSEY STREET NORTH,1,1,0,7,1,1,,0,25,0,0,0,0,0,4,2,14
,2016_17538,39.729087,-104.986152,4/29/2016 16:19,16:19,3,0,0,EIGHTH AVENUE 100 BLOCK EAST & LINCOLN STREET NORTH,2,3,0,1,1,5,,0,30,0,0,0,0,0,4,2,16
,2016_17539,39.729078,-104.9848605,6/6/2016 17:55,17:55,3,0,0,EIGHTH AVENUE EAST & SHERMAN STREET NORTH,2,1,1,1,1,1,,0,25,0,0,0,0,0,4,2,16
,2016_17540,39.729249,-105.012072,6/7/2016 9:31,9:31,14,0,0,EIGHTH AVENUE WEST & UMATILLA STREET NORTH,1,1,0,0,1,4,,0,35,0,0,0,0,1,4,2,14
,2016_17541,39.730509,-104.99643,2/5/2016 8:57,8:57,13,0,0,NINTH AVENUE WEST 700 BLOCK & INCA  GALAPAGO ALLEY,2,1,0,0,1,5,,0,15,0,0,0,0,0,4,2,14
,2016_17542,39.730437,-104.974101,7/11/2016 19:35,19:35,3,0,0,NINTH AVENUE EAST & CORONA STREET NORTH,1,3,0,7,1,1,,0,30,0,0,0,0,0,4,2,16
,2016_17543,39.730437,-104.9763825,5/11/2016 7:50,7:50,3,0,0,NINTH AVENUE EAST & EMERSON STREET NORTH,1,1,0,7,1,1,,0,25,0,0,0,0,1,4,2,16
,2016_17544,39.73059,-105.03513,4/9/2016 1:30,1:30,6,0,0,NINTH AVENUE WEST & LOWELL BOULEVARD NORTH,1,4,0,0,1,4,,0,10,0,0,0,0,0,4,2,13
,2016_17545,39.732039,-104.971806,7/4/2016 14:00,14:00,3,0,0,10TH AVENUE EAST & MARION STREET NORTH,1,1,0,7,1,1,,0,25,0,0,0,0,0,4,2,16
,2016_17546,39.732003,-104.978682,5/18/2016 7:40,7:40,3,0,0,10TH AVENUE EAST & WASHINGTON STREET NORTH,1,1,0,7,1,1,,0,25,0,0,0,0,1,4,2,16
,2016_17547,39.733839,-104.9873895,3/17/2016 19:02,19:02,3,0,0,11TH AVENUE EAST & BROADWAY STREET NORTH,2,3,1,2,1,1,,0,30,0,0,0,0,0,4,2,13
,2016_17548,39.733839,-104.9873895,4/27/2016 7:45,7:45,3,0,0,11TH AVENUE EAST & BROADWAY BOULEVARD NORTH,1,1,1,0,1,1,,0,25,0,0,0,0,0,4,2,13
,2016_17549,39.733677,-105.0001605,11/6/2016 1:08,1:08,3,0,0,11TH AVENUE WEST & KALAMATH STREET NORTH,1,3,0,7,1,1,,0,25,0,0,0,0,0,4,2,16
,2016_17550,39.734748,-105.0286815,1/12/2016 8:28,8:28,5,0,0,12TH AVENUE WEST & HOOKER IRVING ALLEY NORTH,1,1,0,0,3,5,,0,25,0,0,0,0,0,4,1,14
,2016_17551,39.736476,-104.935014,6/30/2016 14:14,14:14,10,0,0,13TH AVENUE EAST & CLERMONT STREET NORTH,1,1,0,0,1,1,,0,30,0,0,0,0,0,4,2,8
,2016_17552,39.736773,-104.956272,8/19/2016 19:37,19:37,3,0,0,13TH AVENUE EAST & ELIZABETH STREET NORTH,2,1,0,1,1,1,,0,25,0,0,0,0,0,4,2,13
,2016_17553,39.736827,-104.9672115,7/27/2016 6:30,6:30,6,0,0,13TH AVENUE EAST & GILPIN STREET,1,1,0,0,1,4,,0,30,0,0,0,0,0,4,3,13
,2016_17554,39.7383978,-104.9712315,5/28/2016 4:08,4:08,6,0,0,14TH AVENUE EAST & 1800 BLOCK,1,3,0,0,1,4,,0,30,0,0,0,0,0,4,3,5
,2016_17555,39.738357,-104.9573835,4/7/2016 17:52,17:52,3,0,0,14TH AVENUE EAST & COLUMBINE STREET NORTH,1,1,0,7,1,1,,0,30,0,0,0,0,1,4,2,14
,2016_17556,39.738357,-104.954157,11/2/2016 22:20,22:20,12,0,1,14TH AVENUE EAST & DETROIT STREET NORTH,1,3,0,7,1,4,,0,60,0,0,0,1,2,4,2,14
,2016_17557,39.738321,-104.9205555,10/12/2016 12:30,12:30,10,0,0,14TH AVENUE EAST & IVY STREET NORTH,1,1,0,1,1,1,,0,35,0,0,0,0,0,4,2,7
,2016_17558,39.741669,-104.9873715,6/15/2016 11:08,11:08,10,0,0,16TH AVENUE & BROADWAY STREET NORTH,1,1,0,0,1,1,,0,30,0,0,0,0,0,4,2,8
,2016_17559,39.743226,-104.9711377,3/14/2016 22:10,22:10,6,0,0,17TH AVENUE EAST & 719,1,3,0,0,1,4,,0,30,0,0,0,0,0,4,2,14
,2016_17560,39.743712,-104.921136,1/7/2016 23:00,23:00,15,0,0,17TH AVENUE EAST & IVANHOE STREET NORTH,5,3,0,2,1,1,,0,30,0,0,0,0,0,4,2,14
,2016_17561,39.743748,-104.943033,1/19/2016 17:53,17:53,12,0,0,17TH AVENUE EAST & JACKSON STREET NORTH,1,3,0,0,1,1,,0,30,0,0,0,0,0,4,3,3
,2016_17562,39.743937,-105.03306,9/28/2016 8:00,8:00,3,0,0,17TH AVENUE WEST & KING STREET NORTH,1,1,0,7,1,1,,0,25,0,0,0,0,0,4,2,16
,2016_17563,39.743253,-104.9823225,6/16/2016 6:04,6:04,3,0,0,17TH AVENUE EAST & LOGAN STREET NORTH,1,1,0,7,1,1,,0,35,0,0,0,0,0,4,2,8
,2016_17564,39.743253,-104.981103,3/4/2016 17:53,17:53,3,0,0,17TH AVENUE EAST & PENNSYLVANIA STREET NORTH,1,3,0,7,1,1,,0,25,0,0,0,0,0,4,2,16
,2016_17565,39.743775,-104.902263,5/26/2016 14:15,14:15,3,0,0,17TH AVENUE EAST & QUINCE STREET NORTH,2,1,0,1,1,1,,0,25,0,0,0,0,0,4,2,14
,2016_17566,39.744828,-104.9711785,12/18/2016 20:31,20:31,12,0,0,18TH AVENUE EAST & 500 BLOCK,6,3,0,0,1,4,,0,30,0,0,0,0,0,4,2,13
,2016_17567,39.744855,-104.987394,3/21/2016 16:15,16:15,15,0,0,18TH AVENUE WEST & BROADWAY STREET NORTH,1,1,0,0,1,1,,0,25,0,0,0,0,0,4,2,13
,2016_17568,39.744846,-104.9734035,1/1/2016 10:40,10:40,3,0,0,18TH AVENUE EAST & DOWNING STREET NORTH,1,1,0,0,1,1,,0,30,0,0,0,0,0,4,2,13
,2016_17569,39.744819,-104.968422,3/11/2016 9:40,9:40,10,0,0,18TH AVENUE & FRANKLIN STREET,1,1,0,0,1,1,,0,30,0,0,0,0,0,4,2,13
,2016_17570,39.744828,-104.9708925,9/4/2016 18:55,18:55,10,0,0,18TH AVENUE EAST & LAFAYETTE STREET NORTH,1,2,0,0,1,1,,0,30,0,0,0,0,0,4,2,8
,2016_17571,39.744828,-104.9708925,11/1/2016 21:15,21:15,15,0,0,18TH AVENUE EAST & LAFAYETTE STREET NORTH,1,3,0,7,1,1,,0,30,0,0,0,0,0,4,2,16
,2016_17572,39.74481,-104.9810715,7/8/2016 12:41,12:41,15,0,0,18TH AVENUE EAST & PENNSYLVANIA STREET NORTH,1,1,0,0,1,3,,0,30,0,0,0,0,0,4,2,13
,2016_17573,39.77028,-104.7587625,5/6/2016 6:00,6:00,5,0,0,40TH AVENUE EAST & FLANDERS COURT NORTH,1,1,0,7,3,3,,0,25,0,0,0,0,0,4,1,2
,2016_17574,39.74616,-104.987385,5/18/2016 17:20,17:20,12,0,0,19TH AVENUE EAST & BROADWAY STREET NORTH,1,1,1,7,1,4,,0,35,0,0,0,0,0,4,2,16
,2016_17575,39.746214,-104.90814,11/17/2016 16:05,16:05,6,0,0,19TH AVENUE EAST & ONEIDA STREET NORTH,2,1,0,2,1,4,,0,25,0,0,0,0,0,4,2,13
,2016_17576,39.747537,-104.9823,5/10/2016 4:00,4:00,5,0,0,20TH AVENUE EAST & LOGAN STREET,1,3,0,0,4,1,,0,25,0,0,0,0,0,4,1,13
,2016_17577,39.74752187,-104.9872997,12/6/2016 18:24,18:24,15,0,0,20TH AVENUE & BROADWAY STREET,2,3,0,1,1,3,,0,30,0,0,0,0,0,4,2,16
,2016_17578,39.750723,-104.9745735,5/16/2016 16:36,16:36,3,0,0,23RD AVENUE EAST & OGDEN STREET NORTH,2,1,0,1,1,1,,0,30,0,0,0,0,0,4,2,3
,2016_17579,39.75363,-105.0299505,12/16/2016 12:25,12:25,3,0,0,25TH AVENUE & IRVING STREET,1,1,1,0,1,1,,0,25,0,0,0,0,0,4,2,3
,2016_17580,39.712896,-104.9734035,10/5/2016 17:00,17:00,6,0,0,DOWNING STREET SOUTH & CEDAR AVENUE EAST,1,1,0,0,1,4,,0,25,0,0,0,0,0,4,2,13
,2016_17582,39.754854,-105.034626,4/26/2016 17:27,17:27,3,0,0,26TH AVENUE WEST & LOWELL BOULEVARD NORTH,1,1,0,7,1,1,,0,25,0,0,0,0,0,4,3,16
,2016_17583,39.754854,-105.035805,9/2/2016 11:03,11:03,3,0,0,26TH AVENUE WEST & MEADE STREET NORTH,1,1,0,0,1,1,,0,25,0,0,0,0,0,4,2,1
,2016_17584,39.758499,-105.0268455,10/26/2016 7:05,7:05,12,0,0,29TH AVENUE WEST & GROVE STREET NORTH,1,1,0,7,1,4,,0,35,0,0,0,0,0,4,2,14
,2016_17585,39.760749,-104.959782,11/19/2016 20:27,20:27,12,0,0,31ST AVENUE EAST & YORK STREET NORTH,1,1,0,7,1,3,,0,60,0,0,0,0,0,4,2,14
,2016_17586,39.762,-105.0236055,5/16/2016 15:38,15:38,12,0,0,32ND AVENUE WEST & ELIOT STREET NORTH,2,1,0,1,1,4,,0,30,0,0,0,0,1,4,3,16
,2016_17587,39.765015,-104.888313,6/6/2016 1:20,1:20,6,0,0,35TH AVENUE EAST & WILLOW STREET NORTH,1,3,0,0,1,4,,0,25,0,0,0,0,0,4,2,1
,2016_17588,39.767328,-104.8916925,12/9/2016 17:05,17:05,3,0,0,36TH AVENUE EAST & 7797 EAST 36TH AVENUE,1,3,0,0,1,2,,0,30,0,0,0,0,0,4,2,13
,2016_17589,39.75793483,-104.8989825,3/25/2016 7:50,7:50,3,0,0,36TH AVENUE 7700 BLOCK EAST & SYRACUSE STREET,1,1,0,7,1,1,,0,5,0,0,0,0,1,4,2,16
,2016_17590,39.767985,-104.8469625,1/8/2016 11:35,11:35,1,0,0,37TH AVENUE EAST & PEORIA STREET NORTH,4,1,0,2,1,1,,0,25,0,0,0,0,0,4,2,13
,2016_17592,39.768057,-105.0095835,7/26/2016 12:01,12:01,6,0,0,37TH AVENUE WEST & SHOSHONE STREET NORTH,1,1,0,0,1,4,,0,25,0,0,0,0,0,4,2,1
,2016_17593,39.76926361,-104.9960844,11/24/2016 17:39,17:39,5,0,0,38TH AVENUE WEST & 4700 BLOCK WEST,1,3,1,0,3,4,,0,30,0,0,0,0,0,4,1,13
,2016_17594,39.769272,-105.0174225,12/7/2016 18:58,18:58,1,0,0,38TH AVENUE WEST & ALCOTT STREET NORTH,5,3,0,0,1,1,,0,35,0,0,0,0,0,4,3,14
,2016_17596,39.76929,-105.0252435,12/2/2016 11:27,11:27,15,0,0,38TH AVENUE WEST & FEDERAL BOULEVARD NORTH,1,1,0,0,1,2,,0,35,0,0,0,0,0,4,2,14
,2016_17597,39.769551,-105.034617,1/14/2016 15:43,15:43,12,0,0,38TH AVENUE 3500 BLOCK WEST & LOWELL BOULEVARD NORTH,1,1,0,0,1,4,,0,35,0,0,0,0,0,4,3,3
,2016_17598,39.769407,-105.04629,4/13/2016 9:07,9:07,3,0,0,38TH AVENUE WEST & VRAIN STREET NORTH,1,1,0,7,1,1,,0,35,0,0,0,0,0,4,2,16
,2016_17599,39.771063,-104.8470435,4/10/2016 22:37,22:37,1,0,0,39TH AVENUE EAST & PEORIA STREET NORTH,2,3,0,1,1,1,,0,35,0,0,0,0,0,4,2,16
,2016_17600,39.774105,-104.882778,6/3/2016 11:30,11:30,15,0,0,40TH AVENUE EAST & CENTRAL PARK BOULEVARD,1,1,0,0,1,1,,0,35,0,0,0,0,0,4,4,3
,2016_17601,39.776382,-104.9508225,12/20/2016 18:22,18:22,6,0,0,43RD AVENUE EAST & STREET PAUL STREET NORTH,6,4,0,0,1,4,,0,25,0,0,0,0,0,4,2,13
,2016_17602,39.776634,-104.9878373,1/29/2016 13:39,13:39,6,0,0,44TH AVENUE WEST & 44TH AVENUE 2700 BLOCK WEST,1,1,1,0,1,4,,0,30,0,0,0,0,0,4,2,13
,2016_17603,39.776517,-104.9901174,2/2/2016 14:16,14:16,1,0,0,44TH AVENUE WEST & 2900 BLOCK,2,1,1,0,1,2,,0,25,0,0,0,0,0,4,2,13
,2016_17604,39.74001,-104.99202,11/9/2016 16:11,16:11,6,0,0,44TH AVENUE & 3500 BLOCK WEST,1,1,1,0,1,4,,0,30,0,0,0,0,0,4,2,13
,2016_17605,39.790998,-104.94513,1/15/2016 3:15,3:15,9,0,0,52ND AVENUE EAST & MONROE STREET NORTH,1,3,1,0,1,4,,0,30,0,0,0,0,0,4,1,7
,2016_17606,39.788973,-104.9782815,1/26/2016 8:50,8:50,1,0,0,51ST AVENUE EAST & WASHINGTON STREET NORTH,1,1,0,7,1,1,,0,35,0,0,0,0,1,4,2,14
,2016_17607,39.776616,-105.0239745,2/12/2016 7:52,7:52,12,0,0,44TH AVENUE WEST & ELIOT STREET NORTH,1,1,0,7,1,3,,0,35,0,0,0,0,0,4,3,14
,2016_17608,39.776562,-105.004152,12/14/2016 20:05,20:05,6,0,0,44TH AVENUE 1300 BLOCK WEST & NAVAJO STREET NORTH,1,3,0,0,1,4,,0,25,0,0,0,0,0,4,2,7
,2016_17609,39.74001,-104.99202,2/12/2016 17:19,17:19,3,0,0,45TH AVENUE & 11900 BLOCK EAST,1,1,0,0,1,2,,0,,0,0,0,0,0,4,1,13
,2016_17610,39.77793,-104.850675,3/18/2016 9:15,9:15,5,0,0,45TH AVENUE EAST & PARIS STREET NORTH,5,1,0,2,3,4,,0,30,0,0,0,0,0,4,1,8
,2016_17611,39.778047,-104.8471245,5/25/2016 6:40,6:40,12,0,0,45TH AVENUE EAST & PEORIA STREET NORTH,1,1,0,7,1,3,,0,40,0,0,0,0,0,4,4,16
,2016_17613,39.778047,-104.8471245,12/2/2016 12:41,12:41,3,0,0,45TH AVENUE EAST & PEORIA STREET NORTH,1,1,0,0,1,2,,0,35,0,0,0,0,0,4,2,13
,2016_17614,39.777993,-104.7720735,9/26/2016 13:08,13:08,15,0,0,45TH AVENUE EAST & TOWER ROAD NORTH,1,1,0,0,1,3,,0,40,0,0,0,0,0,4,2,13
,2016_17615,39.777759,-105.013494,4/10/2016 4:27,4:27,6,0,0,45TH AVENUE WEST & VALLEJO STREET NORTH,1,4,0,0,1,1,,0,25,0,0,0,0,0,4,2,14
,2016_17616,39.780162,-105.0064425,5/20/2016 18:26,18:26,1,0,0,46TH AVENUE WEST & PECOS STREET NORTH,1,1,0,7,1,1,,0,35,0,0,0,0,1,4,2,16
,2016_17617,39.782385,-104.847093,2/10/2016 8:10,8:10,12,0,0,47TH AVENUE EAST & PEORIA STREET NORTH,1,1,0,7,1,1,,0,40,0,0,0,0,0,4,2,14
,2016_17618,39.71950109,-104.95944,11/4/2016 14:03,14:03,15,0,0,50TH AVENUE & UNIVERSITY BOULEVARD,1,1,0,0,1,4,,0,25,0,0,0,0,0,4,2,1
,2016_17619,39.787425,-105.031053,5/6/2016 8:51,8:51,12,0,0,50TH AVENUE WEST & JULIAN STREET NORTH,1,1,0,7,1,3,,0,35,0,0,0,0,0,4,2,14
,2016_17620,39.794211,-104.8472235,4/27/2016 15:45,15:45,10,0,0,54TH AVENUE EAST & PEORIA STREET NORTH,1,1,0,0,1,1,,0,30,0,0,0,0,1,4,2,8
,2016_17621,39.798162,-104.84235,4/12/2016 10:18,10:18,12,0,0,56TH AVENUE EAST & REVERE STREET NORTH,1,1,0,7,1,1,,0,35,0,0,0,0,1,4,2,16
,2016_17622,39.691422,-104.912901,12/16/2016 14:15,14:15,12,0,0,CHERRY CREEK DRIVE EAST & MONACO STREET SOUTH,1,1,0,7,1,1,,0,,0,0,0,0,0,4,2,16
,2016_17623,39.798234,-104.7721815,1/19/2016 14:04,14:04,12,0,0,56TH AVENUE 18200 BLOCK EAST & TOWER ROAD NORTH,1,1,0,7,1,4,,0,40,0,0,0,0,0,4,3,16
,2016_17624,39.711114,-104.9679378,5/5/2016 16:28,16:28,1,0,0,ALAMEDA AVENUE & 4200 BLOCK EAST,1,1,0,0,1,2,,0,35,0,0,0,0,0,4,2,3
,2016_17625,39.711375,-104.9362605,8/3/2016 16:50,16:50,12,0,0,ALAMEDA AVENUE 4400 BLOCK EAST & BIRCH STREET SOUTH,1,1,0,7,1,3,,0,35,0,0,0,0,1,4,3,1
,2016_17626,39.711141,-104.987592,6/9/2016 15:45,15:45,12,0,0,ALAMEDA AVENUE 000 BLOCK WEST & BROADWAY STREET SOUTH,1,1,0,7,1,1,,0,30,0,0,0,0,0,4,2,3
,2016_17627,39.711186,-104.892912,1/8/2016 0:18,0:18,5,0,0,ALAMEDA AVENUE 8500 BLOCK EAST & FAIRMOUNT DRIVE SOUTH,4,3,0,2,3,4,,0,40,0,0,0,0,1,4,1,13
,2016_17628,39.711123,-104.981544,10/13/2016 12:25,12:25,15,0,0,ALAMEDA AVENUE 500 BLOCK & PENNSYLVANIA STREET SOUTH,1,1,0,0,1,4,,0,30,0,0,0,0,0,4,2,13
,2016_17629,39.707064,-104.8854105,7/19/2016 16:55,16:55,12,0,1,ALAMEDA AVENUE 8800 BLOCK EAST & XENIA STREET SOUTH,1,1,0,7,1,3,,0,45,0,0,0,1,2,4,2,1
,2016_17630,39.708477,-105.0015015,2/10/2016 15:49,15:49,3,0,0,ALASKA PLACE WEST & LIPAN STREET SOUTH,1,1,2,7,1,1,,0,30,0,0,0,0,0,4,2,7
,2016_17631,39.777165,-104.833413,12/13/2016 8:25,8:25,3,0,0,ALBROOK DRIVE EAST & CARSON STREET NORTH,1,1,0,0,1,1,,0,25,0,0,0,0,0,4,2,13
,2016_17632,39.697956,-104.8823235,2/5/2016 7:39,7:39,1,0,0,ALTON STREET SOUTH & MISSISSIPPI AVENUE EAST,2,1,0,7,1,1,,0,30,0,0,0,0,0,4,2,1
,2016_17633,39.635748,-105.087312,6/29/2016 13:57,13:57,5,0,0,AMMONS STREET SOUTH & STANFORD AVENUE WEST,1,1,0,0,3,4,,0,30,0,0,0,0,0,4,1,7
,2016_17634,39.775032,-104.809923,1/9/2016 14:42,14:42,3,0,0,ANDREWS DRIVE EAST & CHAMBERS ROAD NORTH,1,1,0,0,1,1,,0,35,0,0,0,0,0,4,2,13
,2016_17635,39.81177383,-104.7693303,6/8/2016 23:25,23:25,6,0,0,ARGONNE STREET & 5700 BLOCK NORTH,1,4,1,0,1,4,,0,30,0,0,0,0,0,4,2,5
,2016_17636,39.798225,-104.769765,11/9/2016 7:40,7:40,12,0,0,ARGONNE STREET NORTH & 56TH AVENUE EAST,1,1,0,7,1,3,,0,15,0,0,0,0,0,4,2,16
,2016_17637,39.759489,-104.9671935,11/13/2016 0:20,0:20,5,0,0,30TH AVENUE EAST & GILPIN STREET NORTH,1,3,0,7,3,1,,0,25,0,0,0,0,0,4,1,5
,2016_17638,39.695283,-104.912973,12/7/2016 15:30,15:30,3,0,0,ARIZONA AVENUE EAST & MONACO STREET SOUTH,4,1,0,0,1,1,,0,30,0,0,0,0,1,4,2,13
,2016_17639,39.745206,-105.0095835,11/30/2016 7:58,7:58,15,0,0,AURARIA PARKWAY & SEVENTH STREET,1,1,0,7,1,3,,0,35,0,0,0,0,0,4,2,14
,2016_17640,39.748446,-105.0033735,6/11/2016 15:45,15:45,12,0,0,AURARIA PARKWAY & SPEER BOULEVARD NORTH,1,1,0,7,1,1,,0,35,0,0,0,0,0,4,2,16
,2016_17641,39.79099042,-104.9891094,8/8/2016 17:55,17:55,6,0,1,BANNOCK STREET & 2543 SOUTH,1,1,0,0,1,4,,0,25,0,0,0,0,2,4,2,7
,2016_17642,39.678426,-104.9899545,10/17/2016 8:46,8:46,3,0,0,BANNOCK STREET SOUTH & EVANS AVENUE EAST,1,1,0,0,1,1,,0,25,0,0,0,0,0,4,2,13
,2016_17643,39.676689,-104.989941,10/21/2016 15:46,15:46,6,0,0,BANNOCK STREET 2100 BLOCK SOUTH & WARREN AVENUE WEST,1,1,1,0,1,4,,0,25,0,0,0,1,0,4,2,13
,2016_17644,39.777957,-104.7673305,11/7/2016 14:50,14:50,8,0,0,BISCAY STREET NORTH & 45TH AVENUE EAST,1,1,0,7,1,4,,0,25,0,0,0,0,0,4,2,7
,2016_17645,39.751452,-104.9979645,7/27/2016 13:00,13:00,6,0,0,BLAKE STREET & 17TH STREET,1,1,1,0,1,4,,0,30,0,0,0,0,0,4,2,13
,2016_17646,39.752397,-104.996745,4/20/2016 13:30,13:30,6,0,0,BLAKE STREET & 18TH STREET,1,1,0,0,1,1,,0,30,0,0,0,0,0,4,2,1
,2016_17647,39.73203,-104.987403,1/23/2016 18:58,18:58,12,0,0,BROADWAY & 10TH AVENUE EAST,1,3,0,7,1,4,,0,30,0,0,0,0,0,4,2,3
,2016_17648,39.680289,-104.987583,11/3/2016 12:46,12:46,12,0,0,BROADWAY & ASBURY AVENUE EAST,1,1,0,7,1,3,,0,35,0,0,0,0,0,4,2,1
,2016_17649,39.743784,-104.954742,5/9/2016 23:29,23:29,6,0,0,DETROIT STREET NORTH & 17TH AVENUE EAST,1,3,0,0,1,4,,0,25,0,0,0,0,0,4,2,14
,2016_17650,39.739986,-104.987421,6/7/2016 7:05,7:05,15,0,0,BROADWAY & COLFAX AVENUE EAST,1,1,0,7,1,4,,0,30,0,0,0,0,0,4,2,16
,2016_17651,39.678498,-104.987565,8/15/2016 16:20,16:20,12,0,1,BROADWAY & EVANS AVENUE EAST,1,1,0,7,1,3,,0,30,0,0,0,0,2,4,3,5
,2016_17652,39.701025,-104.9875425,10/19/2016 9:54,9:54,12,0,0,BROADWAY & LINCOLN ALLEY SOUTH,1,1,1,0,1,5,,0,15,0,0,0,0,0,4,2,13
,2016_17653,39.76509772,-104.9875357,4/22/2016 10:08,10:08,15,0,0,BROADWAY & 29TH STREET,1,1,0,7,1,4,,0,30,0,0,0,0,0,4,2,6
,2016_17654,39.750237,-104.9874075,11/9/2016 9:19,9:19,12,0,0,BROADWAY NORTH & STOUT STREET,1,1,0,7,1,1,,0,35,0,0,0,0,0,4,2,7
,2016_17655,39.707514,-104.98761,2/3/2016 14:06,14:06,3,0,0,BROADWAY SOUTH & VIRGINIA AVENUE EAST,2,1,0,7,1,1,,0,30,0,0,0,0,0,4,2,16
,2016_17656,39.757239,-105.0191415,11/15/2016 1:09,1:09,6,0,0,BRYANT STREET NORTH & 28TH AVENUE WEST,1,3,1,0,2,4,,0,25,0,0,0,0,0,4,2,13
,2016_17657,39.682152,-104.9565015,2/5/2016 18:15,18:15,12,0,0,BUCHTEL BOULEVARD EAST & COLUMBINE STREET SOUTH,2,3,0,7,1,1,,0,30,0,0,0,0,0,4,2,16
,2016_17658,39.692997,-104.9772645,12/26/2016 11:02,11:02,10,0,0,BUCHTEL BOULEVARD SOUTH & LOUISIANA AVENUE EAST,1,1,0,0,1,1,,0,30,0,0,0,0,0,4,2,8
,2016_17659,39.749832,-104.986152,4/24/2016 17:10,17:10,10,0,0,CALIFORNIA STREET & 21ST STREET,1,1,0,0,1,1,,0,30,0,0,0,0,1,4,2,13
,2016_17660,39.706911,-104.8778145,2/9/2016 14:30,14:30,3,0,0,CENTER AVENUE & CLINTON STREET SOUTH,1,1,1,0,1,3,,0,15,0,0,0,0,1,4,2,13
,2016_17661,39.762999,-104.890545,2/4/2016 16:09,16:09,9,0,0,CENTRAL PARK BOULEVARD & 33RD AVENUE EAST,1,1,0,0,2,1,,0,30,0,0,0,0,0,4,2,14
,2016_17662,39.747501,-104.9775615,7/12/2016 15:24,15:24,3,0,0,CLARKSON STREET NORTH & 20TH AVENUE EAST,1,1,0,0,1,2,,0,30,0,0,0,0,0,4,2,13
,2016_17663,39.725316,-104.9348655,6/16/2016 16:56,16:56,12,0,0,CLERMONT STREET NORTH & SIXTH AVENUE EAST,1,1,0,7,1,1,,0,25,0,0,0,0,0,4,2,3
,2016_17664,39.725316,-104.9348655,7/15/2016 7:06,7:06,3,0,0,CLERMONT STREET NORTH & SIXTH AVENUE EAST,1,1,0,0,1,1,,0,30,0,0,0,0,0,4,2,13
,2016_17665,39.668535,-105.022764,10/25/2016 17:02,17:02,15,0,0,COLLEGE AVENUE & DECATUR STREET SOUTH,1,1,0,0,1,3,,0,35,0,0,0,0,0,4,2,7
,2016_17666,39.683961,-104.987565,6/7/2016 11:13,11:13,12,0,0,COLORADO AVENUE 0000 BLOCK EAST  & BROADWAY STREET,1,1,0,7,1,3,,0,25,0,0,0,0,0,4,2,16
,2016_17667,39.793311,-104.957019,8/10/2016 12:44,12:44,9,0,0,COLUMBINE STREET NORTH & BRIGHTON BOULEVARD NORTH,1,1,1,7,1,4,,0,25,0,0,0,1,0,4,1,14
,2016_17668,39.740148,-104.9476815,4/14/2016 22:43,22:43,6,0,0,COOK STREET 1500 BLOCK NORTH & COLFAX AVENUE EAST,1,4,1,0,1,4,,0,25,0,0,0,0,0,4,3,3
,2016_17669,39.662127,-105.0179805,2/28/2016 2:35,2:35,6,0,0,CORNELL AVENUE 2598 WEST & BRYANT STREET SOUTH,1,3,0,0,1,4,,0,25,0,0,0,0,0,4,2,13
,2016_17670,39.61832987,-105.0618503,4/9/2016 14:08,14:08,1,0,0,CRESTLINE AVENUE & 8000 BLOCK WEST,1,1,0,0,1,1,,0,25,0,0,0,0,0,4,2,7
,2016_17671,39.689325,-104.931702,1/17/2016 7:48,7:48,3,0,0,DAHLIA STREET SOUTH & FLORIDA AVENUE EAST,1,2,0,7,1,1,,0,35,0,0,0,0,0,4,2,16
,2016_17672,39.689325,-104.931702,12/19/2016 20:18,20:18,12,0,0,DAHLIA STREET 1500 BLOCK SOUTH & FLORIDA AVENUE EAST,5,3,1,7,1,3,,0,25,0,0,0,0,0,4,2,16