id,drcog_id,latitude,longitude,crashtime,time,crashtype,numbkilled,numbinjurd,drcoglocat,rdconditin,lightngcon,roadcntgrd,weatherco,location,roaddescrp,schoolzone,constrzone,splimit,bikeinv,pedinv,sctrinv,motoinv,svrty,rdsystem,ttlvehcls,hcf
,2016_17673,39.655863,-105.058692,12/23/2016 20:55,20:55,3,0,0,DARTMOUTH AVENUE WEST & GOLDEN WAY SOUTH,1,3,0,0,1,2,,0,40,0,0,0,0,0,4,2,3
,2016_17674,39.66669,-104.872617,2/1/2016 7:16,7:16,12,0,0,DAYTON WAY SOUTH & ELMIRA STREET SOUTH,5,1,0,2,1,1,,0,25,0,0,0,0,0,4,2,16
,2016_17675,39.761883,-104.990994,11/14/2016 7:41,7:41,3,0,0,DENARGO STREET NORTH & WEWATTA STREET,1,1,0,0,1,1,,0,30,0,0,0,0,0,4,2,13
,2016_17676,39.75823396,-104.9328052,2/17/2016 16:12,16:12,15,0,0,DEXTER STREET & 3300 BLOCK SOUTH,1,1,0,0,1,4,,0,25,0,0,0,0,0,4,2,1
,2016_17677,39.76283001,-104.9733612,6/3/2016 12:00,12:00,6,0,0,DOWNING STREET & 1100 BLOCK NORTH,1,1,0,0,1,4,,0,25,0,0,0,0,0,4,2,13
,2016_17678,39.694689,-104.9707125,1/3/2016 10:09,10:09,12,0,0,DOWNING STREET 1100 BLOCK NORTH & 11TH AVENUE EAST,1,1,0,0,1,2,,0,30,0,0,0,0,0,4,2,13
,2016_17679,39.800259,-104.762862,1/26/2016 7:25,7:25,15,0,0,DUNKIRK STREET NORTH & 57TH AVENUE EAST,1,1,0,0,1,4,,0,25,0,0,0,0,0,4,2,7
,2016_17680,39.674745,-104.8740345,5/6/2016 12:32,12:32,3,0,0,EMPORIA STREET SOUTH & ILIFF AVENUE EAST,1,1,1,0,1,1,,0,35,0,0,0,0,1,4,2,13
,2016_17681,39.67866,-105.020352,7/15/2016 16:10,16:10,5,0,0,EVANS AVENUE WEST & CLAY STREET SOUTH,1,1,0,6,1,1,,0,30,0,0,0,0,0,4,1,13
,2016_17682,39.678444,-104.931612,3/10/2016 15:30,15:30,15,0,0,EVANS AVENUE EAST & DAHLIA STREET SOUTH,1,1,0,0,1,1,,0,,0,0,0,0,0,4,2,13
,2016_17683,39.678507,-104.973444,5/8/2016 8:40,8:40,12,0,0,EVANS AVENUE EAST & DOWNING STREET SOUTH,1,1,0,7,1,1,,0,35,0,0,0,0,0,4,3,16
,2016_17684,39.74001,-104.99202,2/3/2016 18:51,18:51,12,0,0,EVANS AVENUE 2000 BLOCK EAST & GAYLORD STREET SOUTH,5,3,1,7,1,4,,0,30,0,0,0,0,0,4,2,16
,2016_17685,39.678435,-104.922234,11/10/2016 11:53,11:53,3,0,0,EVANS AVENUE & HOLLY STREET SOUTH,1,1,1,0,1,2,,0,30,0,0,0,0,0,4,2,13
,2016_17686,39.678453,-104.946561,3/16/2016 12:31,12:31,12,0,0,EVANS AVENUE 3500 BLOCK EAST & MADISON STREET SOUTH,1,1,0,7,1,3,,0,35,0,0,0,0,1,4,2,1
,2016_17687,39.678435,-104.912892,6/28/2016 14:28,14:28,3,0,0,EVANS AVENUE 6400 BLOCK EAST & MONACO STREET SOUTH,1,1,0,7,1,1,,0,10,0,0,0,0,0,4,2,3
,2016_17688,39.678444,-104.908194,4/1/2016 12:26,12:26,1,0,0,EVANS AVENUE EAST & ONEIDA STREET SOUTH,1,1,0,0,1,1,,0,30,0,0,0,0,0,4,2,13
,2016_17689,39.678372,-104.9508135,12/31/2016 12:34,12:34,3,0,0,EVANS AVENUE EAST & STREET PAUL STREET SOUTH,1,1,0,7,1,1,,0,35,0,0,0,0,0,4,2,16
,2016_17690,39.678696,-105.015681,12/10/2016 1:00,1:00,12,0,0,EVANS AVENUE WEST & ZUNI STREET SOUTH,1,3,0,7,1,1,,0,40,0,0,0,0,0,4,2,5
,2016_17691,39.7170765,-104.8955513,2/10/2016 8:00,8:00,10,0,0,FAIRMOUNT DRIVE EAST & LOWRY BOULEVARD EAST,1,1,0,0,1,6,,0,25,0,0,0,0,0,4,2,7
,2016_17692,39.7170765,-104.8955513,11/2/2016 15:02,15:02,15,0,0,FAIRMOUNT DRIVE EAST & LOWRY BOULEVARD EAST,1,1,1,0,1,6,,0,15,0,0,0,0,0,4,3,13
,2016_17693,39.750619,-105.0195615,1/8/2016 7:45,7:45,5,0,0,PLATTE RIVER DRIVE & 2200 BLOCK SOUTH,4,1,1,2,2,4,,0,35,0,0,0,0,0,4,1,7
,2016_17694,39.653757,-105.0598035,11/6/2016 21:30,21:30,6,0,0,FENTON STREET SOUTH & HAMPDEN SERVICE ROAD NORTH,1,3,1,0,1,4,,0,25,0,0,0,0,0,4,2,5
,2016_17695,39.79069248,-104.9534325,9/28/2016 2:06,2:06,6,0,0,FILLMORE STREET & 1000 BLOCK NORTH,1,3,0,0,3,4,,0,25,0,0,0,0,0,4,3,5
,2016_17696,39.689217,-105.0003,2/29/2016 11:22,11:22,3,0,0,FLORIDA AVENUE WEST & PLATTE RIVER DRIVE SOUTH,1,1,0,0,1,1,,0,30,0,0,0,0,0,4,2,8
,2016_17697,39.728907,-104.9964435,11/28/2016 7:24,7:24,15,0,0,GALAPAGO STREET NORTH & EIGHTH AVENUE WEST,1,1,0,0,1,1,,0,30,0,0,0,0,0,4,2,14
,2016_17698,39.713058,-104.943762,9/4/2016 17:43,17:43,6,0,0,GARFIELD STREET 200 BLOCK SOUTH & CEDAR AVENUE EAST,1,1,0,0,1,4,,0,25,0,0,0,0,0,4,3,1
,2016_17699,39.692952,-104.961744,9/27/2016 15:05,15:05,3,0,0,GAYLORD STREET SOUTH & LOUISIANA AVENUE EAST,1,1,0,0,1,1,,0,25,0,0,0,0,0,4,2,13
,2016_17700,39.753225,-104.978151,1/28/2016 8:07,8:07,1,0,0,GLENARM PLACE & WASHINGTON STREET NORTH,1,1,0,0,1,1,,0,25,0,0,0,0,0,4,2,13
,2016_17701,39.76940055,-104.9915387,12/1/2016 3:15,3:15,5,0,1,GLOBEVILLE ROAD NORTH & 3700 BLOCK,1,3,0,0,3,4,,0,35,0,0,0,0,2,4,1,5
,2016_17702,39.83338151,-104.771988,2/9/2016 6:43,6:43,5,0,0,PENA BOULEVARD 6400 BLOCK & TOWER ROAD NORTH,1,2,0,0,2,4,,0,65,0,0,0,0,0,4,1,14
,2016_17703,39.732039,-104.983605,4/29/2016 13:00,13:00,3,0,0,GRANT STREET NORTH & 10TH AVENUE EAST,2,1,0,2,1,1,,0,30,0,0,0,0,0,4,2,16
,2016_17704,39.78378,-104.809653,5/15/2016 11:50,11:50,1,0,0,GREEN VALLEY RANCH BOULEVARD EAST & CHAMBERS ROAD NORTH,1,1,0,0,1,2,,0,,0,0,0,0,0,4,2,13
,2016_17705,39.783609,-104.7913916,1/20/2016 8:00,8:00,12,0,0,GREEN VALLEY RANCH BOULEVARD EAST & PENA BOULEVARD,1,1,0,7,1,1,,0,40,0,0,0,0,0,4,2,16
,2016_17706,39.783609,-104.7913916,12/15/2016 7:19,7:19,1,0,0,GREEN VALLEY RANCH BOULEVARD EAST & PENA BOULEVARD,1,1,0,7,1,1,,0,10,0,0,0,0,0,4,2,7
,2016_17707,39.783609,-104.772222,3/22/2016 12:20,12:20,12,0,0,GREEN VALLEY RANCH BOULEVARD EAST & TOWER ROAD NORTH,1,1,0,7,1,1,,0,35,0,0,0,0,0,4,2,7
,2016_17708,39.783609,-104.772222,4/15/2016 21:51,21:51,15,0,0,GREEN VALLEY RANCH BOULEVARD EAST & TOWER ROAD NORTH,2,3,0,1,1,1,,0,,0,0,0,0,0,4,2,14
,2016_17709,39.652965,-105.066693,12/14/2016 17:55,17:55,12,0,0,HAMPDEN AVENUE WEST FRONTAGE NOT CDOT & KENDALL STREET SOUTH,1,3,0,0,1,1,,0,40,0,0,0,0,0,4,2,3
,2016_17710,39.768489,-104.86575,1/5/2016 7:50,7:50,12,0,0,HAVANA STREET 3600 BLOCK NORTH & SMITH ROAD EAST,1,1,0,0,1,4,,0,35,0,0,0,0,1,4,2,3
,2016_17711,39.736827,-104.964723,11/10/2016 9:45,9:45,3,0,0,HIGH STREET & 13TH AVENUE EAST,1,1,1,0,1,2,,0,25,0,0,0,1,0,4,2,13
,2016_17712,39.680271,-104.9652315,2/25/2016 18:37,18:37,3,0,0,HIGH STREET SOUTH & ASBURY AVENUE EAST,1,3,0,7,1,1,,0,30,0,0,0,0,0,4,2,16
,2016_17713,39.678489,-104.9652315,3/5/2016 17:30,17:30,15,0,0,HIGH STREET 2100 BLOCK SOUTH & EVANS AVENUE EAST,1,1,0,0,1,1,,0,25,0,0,0,0,0,4,2,5
,2016_17714,39.646008,-104.9153535,9/3/2016 1:41,1:41,6,0,0,HILLCREST DRIVE SOUTH & HILLCREST DRIVE 3810 SOUTH,1,3,0,0,1,4,,0,25,0,0,0,0,0,4,3,5
,2016_17715,39.78378,-104.922234,5/10/2016 16:27,16:27,15,0,0,HOLLY STREET NORTH & 48TH AVENUE EAST,1,1,0,0,1,2,,0,30,0,0,0,0,0,4,2,14
,2016_17716,39.777984,-104.9223105,4/26/2016 17:02,17:02,10,0,0,HOLLY STREET NORTH & STAPLETON SOUTH DRIVE EAST,1,1,0,0,1,1,,0,30,0,0,0,0,0,4,2,14
,2016_17717,39.697569,-104.921604,5/10/2016 15:45,15:45,12,0,0,HOLLY STREET 1000 BLOCK SOUTH & VALE DRIVE EAST,1,1,0,7,1,4,,0,30,0,0,0,0,0,4,2,16
,2016_17718,39.674835,-104.908896,8/17/2016 20:56,20:56,6,0,0,ILIFF AVENUE EAST & ONEIDA STREET SOUTH,1,3,0,0,1,3,,0,35,0,0,0,0,0,4,2,1
,2016_17719,39.687579,-104.9887845,5/19/2016 6:49,6:49,1,0,0,IOWA AVENUE WEST & ACOMA STREET SOUTH,1,1,0,0,1,1,,0,30,0,0,0,0,0,4,2,14
,2016_17720,39.684942,-105.029811,4/2/2016 23:35,23:35,6,0,0,IRVING STREET SOUTH & COLORADO AVENUE WEST,1,3,1,0,1,1,,0,25,0,0,0,0,0,4,2,1
,2016_17721,39.704013,-105.0298335,5/1/2016 3:46,3:46,5,0,0,IRVING STREET SOUTH & EXPOSITION AVENUE WEST,1,3,0,7,3,3,,0,,0,0,0,0,0,4,1,9
,2016_17722,39.704931,-105.0298245,11/18/2016 10:00,10:00,1,0,0,IRVING STREET SOUTH & GILL PLACE WEST,2,1,1,0,1,1,,0,25,0,0,0,0,0,4,2,13
,2016_17723,39.687642,-105.0297435,3/25/2016 10:45,10:45,3,0,0,IRVING STREET SOUTH & IOWA AVENUE WEST,1,1,1,0,1,1,,0,35,0,0,0,0,0,4,2,7
,2016_17724,39.831858,-104.6929545,10/3/2016 15:21,15:21,12,0,0,JACKSON GAP STREET 7500 BLOCK NORTH & 75TH AVENUE,1,1,0,0,1,1,,0,35,0,0,0,0,1,4,2,8
,2016_17725,39.76185884,-104.9187495,2/27/2016 8:50,8:50,5,0,0,JASMINE STREET NORTH & 3265,1,1,0,0,3,5,,0,10,0,0,0,0,0,4,1,14
,2016_17726,39.682224,-105.041286,5/2/2016 3:45,3:45,5,0,0,JEWELL AVENUE 4100 BLOCK WEST & QUITMAN STREET SOUTH,1,3,0,0,3,4,,0,30,0,0,0,0,0,4,1,12
,2016_17727,39.78774739,-105.0004787,12/27/2016 13:06,13:06,12,0,0,KALAMATH STREET NORTH & 700 BLOCK,1,1,1,0,1,4,,0,30,0,0,0,0,0,4,2,13
,2016_17728,39.72627,-105.0002055,7/29/2016 8:43,8:43,15,0,0,KALAMATH STREET & SIXTH AVENUE WEST,1,1,0,0,1,1,,0,30,0,0,0,0,0,4,2,12
,2016_17729,39.674844,-105.0006015,12/8/2016 13:00,13:00,3,0,0,KALAMATH STREET SOUTH & ILIFF AVENUE WEST,5,1,0,7,1,1,,0,25,0,0,0,0,0,4,2,7
,2016_17730,39.700386,-105.042591,10/28/2016 17:17,17:17,12,0,0,KENTUCKY AVENUE WEST & RALEIGH STREET SOUTH,1,1,0,7,1,1,,0,35,0,0,0,0,1,4,2,16
,2016_17731,39.731112,-105.032124,10/31/2016 14:47,14:47,12,0,0,KNOX COURT NORTH & NINTH AVENUE WEST,1,1,0,0,1,4,,0,30,0,0,0,0,0,4,2,13
,2016_17732,39.75487798,-104.9708835,4/19/2016 21:00,21:00,6,0,0,LAFAYETTE STREET & 1300 BLOCK NORTH,1,3,0,0,1,4,,0,25,0,0,0,0,0,4,2,13
,2016_17733,39.73210476,-104.970614,10/21/2016 12:00,12:00,6,0,0,LAFAYETTE STREET 1000 BLOCK NORTH & 11TH AVENUE EAST,1,1,0,0,1,4,,0,25,0,0,0,1,0,4,2,13
,2016_17734,39.735162,-104.9706675,7/1/2016 9:40,9:40,3,0,0,LAFAYETTE STREET NORTH & 12TH AVENUE EAST,1,1,0,0,1,1,,0,25,0,0,0,0,0,4,2,13
,2016_17735,39.844602,-104.6809395,1/1/2016 7:25,7:25,5,0,0,PENA BOULEVARD & 6700 BLOCK,8,1,0,0,3,4,,0,65,0,0,0,0,0,4,1,13
,2016_17737,39.74809,-104.99909,1/17/2016 1:10,1:10,12,0,0,LARIMER STREET & MARKET STREET,1,3,0,0,1,1,,0,30,0,0,0,0,0,4,2,5
,2016_17738,39.755745,-104.989014,4/7/2016 19:50,19:50,10,0,0,LARIMER STREET 2200 BLOCK & PARK AVENUE WEST,1,3,0,0,1,1,,0,35,0,0,0,0,0,4,2,13
,2016_17739,39.751056,-104.995026,8/14/2016 16:08,16:08,12,0,0,LARIMER STREET & 18TH STREET,1,1,1,7,1,4,,0,30,0,0,0,0,0,4,2,7
,2016_17740,39.752946,-104.992614,5/1/2016 14:05,14:05,6,0,0,LARIMER STREET 2009 & 20TH STREET,2,1,0,0,1,4,,0,30,0,0,0,0,0,4,2,8
,2016_17741,39.74598613,-104.9998826,6/25/2016 23:59,23:59,10,0,0,LAWRENCE STREET & 2200 BLOCK,1,3,0,0,1,2,,0,30,0,0,0,0,0,4,2,13
,2016_17742,39.757887,-104.9844735,4/15/2016 0:54,0:54,3,0,0,LAWRENCE STREET & 26TH STREET,1,3,0,7,1,1,,0,30,0,0,0,0,1,4,2,14
,2016_17743,39.740085,-104.915043,12/19/2016 15:25,15:25,15,0,0,LEYDEN STREET 1500 BLOCK NORTH & COLFAX AVENUE EAST,4,1,0,0,1,4,,0,25,0,0,0,0,0,4,2,3
,2016_17744,39.720915,-104.98626,2/5/2016 15:55,15:55,6,0,0,LINCOLN STREET & THIRD AVENUE EAST,1,1,0,0,1,4,,0,30,0,0,0,0,0,4,2,13
,2016_17745,39.716532,-104.9862825,10/14/2016 14:31,14:31,3,0,0,LINCOLN STREET NORTH & 555 NORTH LINCOLN STREET,1,1,0,0,1,2,,0,30,0,0,0,0,0,4,2,14
,2016_17746,39.730608,-104.985963,11/27/2016 17:20,17:20,12,0,0,LINCOLN STREET 900 BLOCK NORTH & 10TH AVENUE EAST,1,3,0,0,1,2,,0,60,0,0,0,0,0,4,2,13
,2016_17747,39.711141,-104.9863905,6/15/2016 16:01,16:01,12,0,0,LINCOLN STREET 300 BLOCK SOUTH & ALAMEDA AVENUE EAST,1,1,1,7,1,3,,0,30,0,0,0,0,0,4,2,16
,2016_17748,39.720933,-105.001614,4/20/2016 10:41,10:41,12,0,0,LIPAN STREET NORTH & THIRD AVENUE WEST,1,1,0,7,1,1,,0,25,0,0,0,0,0,4,2,16
,2016_17749,39.696696,-105.001533,3/15/2016 16:40,16:40,12,0,0,LIPAN STREET SOUTH & MISSISSIPPI AVENUE WEST,1,1,1,7,1,3,,0,30,0,0,0,0,0,4,2,1
,2016_17750,39.798396,-104.7873105,2/5/2016 15:31,15:31,5,0,0,PENA BOULEVARD 5600 BLOCK & 56TH AVENUE EAST,1,1,0,7,2,4,,0,65,0,0,0,0,0,4,1,3
,2016_17751,39.712932,-104.9827815,2/24/2016 10:18,10:18,12,0,0,LOGAN STREET 200 SOUTH & CEDAR AVENUE EAST,1,1,0,7,1,4,,0,30,0,0,0,0,0,4,3,1
,2016_17752,39.693015,-104.9827815,7/29/2016 12:56,12:56,15,0,0,LOUISIANA AVENUE 300 BLOCK EAST & LOGAN STREET SOUTH,1,1,1,7,1,3,,0,30,0,0,0,0,0,4,2,3
,2016_17753,39.693006,-104.9804415,7/6/2016 13:07,13:07,5,0,0,LOUISIANA AVENUE EAST & PEARL STREET SOUTH,1,1,0,0,1,4,,0,30,0,0,0,0,0,4,1,13
,2016_17755,39.670308,-105.0349455,6/20/2016 18:05,18:05,3,0,0,LOWELL BOULEVARD SOUTH & VASSAR AVENUE WEST,1,1,0,7,1,1,,0,30,0,0,0,0,1,4,2,14
,2016_17756,39.7172835,-104.8960418,8/23/2016 15:15,15:15,15,0,0,LOWRY BOULEVARD EAST & RAMPART WAY NORTH,1,1,0,0,1,6,,0,35,0,0,0,0,0,4,2,13
,2016_17757,39.72393,-104.8839413,2/9/2016 9:00,9:00,15,0,0,LOWRY BOULEVARD & YOSEMITE STREET NORTH,1,1,0,0,1,1,,0,30,0,0,0,0,0,4,2,8
,2016_17758,39.717819,-104.946165,6/10/2016 21:57,21:57,3,0,0,MADISON STREET NORTH & FIRST AVENUE EAST,1,4,1,7,1,1,,0,25,0,0,0,0,1,4,2,16
,2016_17760,39.672972,-104.946534,12/11/2016 23:57,23:57,6,0,0,MADISON STREET 2456 SOUTH & WESLEY AVENUE EAST,1,4,1,0,1,4,,0,25,0,0,0,0,0,4,3,2
,2016_17761,39.762027,-104.97213,11/26/2016 23:26,23:26,3,0,0,MARION STREET NORTH & MLK BOULEVARD,1,5,0,0,1,1,,0,35,0,0,0,0,0,4,2,5
,2016_17762,39.794823,-104.762781,5/23/2016 7:35,7:35,3,0,0,MAXWELL PLACE EAST & DUNKIRK STREET NORTH,1,1,0,7,1,1,,0,25,0,0,0,0,1,4,2,16
,2016_17763,39.730608,-105.0362145,8/14/2016 4:30,4:30,6,0,0,MEADE STREET NORTH & NINTH AVENUE WEST,3,3,0,0,1,4,,0,25,0,0,0,0,0,4,2,13
,2016_17764,39.685689,-104.940846,5/21/2016 10:55,10:55,10,0,0,MEXICO AVENUE EAST & COLORADO BOULEVARD SOUTH,1,1,0,0,1,3,,0,25,0,0,0,0,0,4,2,13
,2016_17765,39.696678,-104.9944545,4/7/2016 9:15,9:15,15,0,0,MISSISSIPPI AVENUE WEST & FOX STREET SOUTH,1,1,1,0,1,4,,1,25,0,0,0,0,0,4,2,13
,2016_17766,39.696606,-104.980392,8/13/2016 9:58,9:58,6,0,0,MISSISSIPPI AVENUE EAST & PEARL STREET SOUTH,1,1,0,0,1,2,,0,25,0,0,0,0,0,4,2,10
,2016_17767,39.695652,-104.903595,10/26/2016 15:48,15:48,12,0,0,MISSISSIPPI AVENUE EAST & QUEBEC STREET SOUTH,1,1,0,7,1,4,,0,35,0,0,0,0,0,4,2,16
,2016_17768,39.761964,-104.903451,5/12/2016 9:40,9:40,15,0,0,MLK BOULEVARD & QUEBEC STREET NORTH,1,1,0,0,1,1,,0,35,0,0,0,0,0,4,2,8
,2016_17769,39.762018,-104.9240115,5/15/2016 2:05,2:05,12,0,0,MLK BOULEVARD 5500 BLOCK EAST & HUDSON STREET NORTH,1,3,0,0,1,4,,0,35,0,0,0,0,0,4,3,2
,2016_17770,39.71835,-104.912784,1/21/2016 15:10,15:10,3,0,0,MONACO STREET NORTH & FIRST AVENUE EAST,1,1,0,7,1,1,,0,30,0,0,0,0,0,4,2,1
,2016_17771,39.678435,-104.9127435,4/2/2016 11:05,11:05,3,0,0,MONACO STREET 2000 BLOCK SOUTH & EVANS AVENUE EAST,1,1,0,0,1,2,,0,35,0,0,0,0,0,4,2,1
,2016_17773,39.674835,-104.912973,12/5/2016 17:30,17:30,3,0,0,MONACO STREET SOUTH & ILIFF AVENUE EAST,1,3,0,0,1,2,,0,35,0,0,0,0,0,4,2,1
,2016_17774,39.747429,-104.9128245,2/3/2016 16:55,16:55,3,0,0,MONTVIEW BOULEVARD EAST & MONACO STREET NORTH,5,2,0,0,1,1,,0,30,0,0,0,0,0,4,2,14
,2016_17775,39.711177,-105.0039045,5/13/2016 15:00,15:00,12,0,0,NAVAJO STREET SOUTH & ALAMEDA AVENUE WEST,1,1,0,7,1,3,,0,35,0,0,0,0,0,4,2,16
,2016_17776,39.76210062,-105.0503468,4/19/2016 8:00,8:00,6,0,0,ODYSSEY WAY & 32ND AVENUE WEST,1,1,0,0,1,4,,0,25,0,0,0,0,0,4,3,14
,2016_17777,39.755745,-104.989014,12/28/2016 23:48,23:48,12,0,0,PARK AVENUE WEST & LARIMER STREET,1,3,0,7,1,1,,0,35,0,0,0,0,0,4,2,16
,2016_17778,39.782385,-104.847093,10/21/2016 18:53,18:53,1,0,0,PEORIA STREET NORTH & 47TH AVENUE EAST,1,3,0,7,1,1,,0,40,0,0,0,0,1,4,2,16
,2016_17779,39.742848,-104.9721615,10/18/2016 19:31,19:31,3,0,0,PARK AVENUE WEST & MARION STREET NORTH,1,3,0,0,1,1,,0,25,0,0,0,0,0,4,2,13
,2016_17780,39.75237,-104.984631,5/18/2016 16:35,16:35,12,0,0,PARK AVENUE WEST & STOUT STREET,1,1,1,7,1,4,,0,30,0,0,0,0,0,4,2,16
,2016_17781,39.75642,-104.989833,12/8/2016 12:08,12:08,3,0,0,PARK AVENUE WEST & WALNUT STREET,1,3,0,7,1,1,,0,25,0,0,0,0,1,4,3,3
,2016_17782,39.7859126,-104.9800304,4/15/2016 7:55,7:55,12,0,0,PEARL STREET & 1400 BLOCK NORTH,1,1,0,0,1,4,,0,30,0,0,0,0,0,4,2,3
,2016_17783,39.689379,-104.9804415,10/5/2016 17:18,17:18,6,0,0,PEARL STREET SOUTH & FLORIDA AVENUE EAST,1,3,0,0,1,4,,0,25,0,0,0,0,0,4,2,13
,2016_17784,39.798396,-104.7873105,5/5/2016 16:22,16:22,12,0,0,PENA BOULEVARD INBOUND & 56TH AVENUE EAST,1,1,0,0,1,1,,0,35,0,0,0,0,0,4,2,1
,2016_17785,39.783609,-104.7913916,12/6/2016 17:26,17:26,12,0,0,PENA BOULEVARD 4600 BLOCK & GREEN VALLEY RANCH BOULEVARD,1,3,0,7,1,4,,0,45,0,0,0,0,0,4,2,1
,2016_17786,39.783609,-104.7913916,12/18/2016 20:07,20:07,6,0,0,PENA BOULEVARD & GREEN VALLEY RANCH BOULEVARD,10,3,0,0,1,4,,0,35,0,0,0,0,0,4,2,7
,2016_17787,39.74481,-104.9810715,1/8/2016 10:41,10:41,12,0,0,PENNSYLVANIA STREET NORTH & 18TH AVENUE EAST,3,1,0,2,1,1,,0,25,0,0,0,0,0,4,2,13
,2016_17788,39.740022,-104.9810715,4/15/2016 9:35,9:35,6,0,0,PENNSYLVANIA STREET NORTH & COLFAX AVENUE EAST,1,1,0,0,1,4,,0,25,0,0,0,1,0,4,2,13
,2016_17789,39.747708,-104.990616,9/16/2016 22:40,22:40,6,0,0,18TH STREET & STOUT STREET,2,3,0,1,2,4,,0,30,0,0,0,0,0,4,3,2
,2016_17790,39.77614197,-104.8469535,4/11/2016 14:23,14:23,12,0,0,PEORIA STREET & 3600 BLOCK NORTH,1,1,1,0,1,4,,0,35,0,0,0,0,1,4,2,13
,2016_17791,39.744882,-104.99427,12/6/2016 11:34,11:34,15,0,0,15TH STREET & STOUT STREET,1,1,0,7,1,1,,0,30,0,0,0,0,0,4,2,16
,2016_17792,39.782385,-104.847093,11/3/2016 13:15,13:15,1,0,0,PEORIA STREET NORTH & 47TH AVENUE EAST,1,1,0,0,1,1,,0,30,0,0,0,0,1,4,2,1
,2016_17793,39.785364,-104.7353445,12/24/2016 23:30,23:30,6,0,0,PERTH COURT & 50TH AVENUE EAST,1,3,0,0,1,4,,0,25,0,0,0,0,0,4,2,13
,2016_17794,39.639672,-104.887251,7/27/2016 8:34,8:34,5,0,1,PRINCETON AVENUE EAST & OXFORD DRIVE EAST,1,1,1,7,3,4,,0,25,0,0,0,0,2,4,1,5
,2016_17795,39.77171824,-104.90281,1/15/2016 10:30,10:30,12,0,0,QUEBEC STREET & 1600 BLOCK NORTH,1,1,0,0,1,4,,0,35,0,0,0,0,1,4,3,7
,2016_17796,39.737268,-104.9034645,10/31/2016 9:10,9:10,12,0,0,QUEBEC STREET NORTH & 13TH AVENUE EAST,1,1,0,7,1,1,,0,35,0,0,0,0,0,4,2,1
,2016_17797,39.74562,-104.9034825,7/7/2016 17:48,17:48,12,0,0,QUEBEC STREET NORTH & 19TH AVENUE EAST,1,1,0,7,1,4,,0,35,0,0,0,0,0,4,4,14
,2016_17798,39.767382,-104.90346,11/19/2016 8:39,8:39,3,0,0,QUEBEC STREET NORTH & 36TH AVENUE EAST,1,1,0,7,1,1,,0,45,0,0,0,0,1,4,2,16
,2016_17799,39.70386,-104.903496,8/12/2016 7:32,7:32,3,0,0,QUEBEC STREET 800 BLOCK SOUTH & EXPOSITION AVENUE EAST,1,1,1,0,1,2,,0,35,0,0,0,0,0,4,2,13
,2016_17800,39.689325,-104.8967235,11/12/2016 14:05,14:05,3,0,0,QUEBEC WAY SOUTH & FLORIDA AVENUE EAST,1,1,1,0,1,1,,0,60,0,0,0,0,0,4,2,13
,2016_17801,39.717045,-104.903793,9/29/2016 20:30,20:30,12,0,0,QUEBEC STREET NORTH & LOWRY BOULEVARD EAST,1,3,0,7,1,3,,0,40,0,0,0,0,0,4,3,16
,2016_17803,39.747438,-104.90346,11/8/2016 17:12,17:12,12,0,0,QUEBEC STREET NORTH & MONTVIEW BOULEVARD,1,2,0,7,1,4,,0,30,0,0,0,0,0,4,2,3
,2016_17804,39.734163,-104.90346,9/30/2016 16:15,16:15,12,0,0,QUEBEC STREET NORTH & RICHTHOFEN PLACE EAST,1,1,0,0,1,4,,0,30,0,0,0,0,0,4,3,13
,2016_17805,39.782034,-104.9018445,9/13/2016 17:43,17:43,15,0,1,QUEBEC STREET NORTH & SAND CREEK ROAD NORTH,1,1,0,0,1,1,,0,35,0,0,0,0,2,4,2,13
,2016_17806,39.63522315,-105.04225,3/5/2016 16:40,16:40,12,0,0,QUITMAN STREET SOUTH & 857,1,2,0,0,1,2,,0,25,0,0,0,0,0,4,2,13
,2016_17807,39.700377,-105.041421,12/21/2016 8:34,8:34,12,0,0,QUITMAN STREET SOUTH & KENTUCKY AVENUE 4100 BLOCK WEST,5,1,0,7,1,1,,0,30,0,0,0,0,0,4,2,16
,2016_17808,39.725379,-105.0074505,3/27/2016 3:30,3:30,6,0,0,QUIVAS STREET NORTH & SIXTH AVENUE WEST,1,3,0,0,1,4,,0,25,0,0,0,0,0,4,3,13
,2016_17809,39.768048,-105.008013,12/2/2016 14:30,14:30,6,0,0,QUIVAS STREET NORTH & 37TH AVENUE WEST,1,1,0,0,1,4,,0,10,0,0,0,0,0,4,2,13
,2016_17810,39.656412,-105.0418305,2/28/2016 13:24,13:24,3,0,0,RALEIGH STREET SOUTH & FLOYD AVENUE WEST,1,1,1,7,1,1,,0,25,0,0,0,0,0,4,2,16
,2016_17811,39.758391,-104.9005125,2/4/2016 10:45,10:45,6,0,0,ROSLYN STREET NORTH & 29TH PLACE EAST,2,1,0,0,1,4,,0,25,0,0,0,0,0,4,2,13
,2016_17812,39.74885078,-104.999416,1/22/2016 15:20,15:20,15,0,0,15TH STREET NORTHBOUND & 700 BLOCK,1,1,0,0,1,4,,0,25,0,0,0,0,0,4,2,13
,2016_17813,39.744225,-104.9933835,7/22/2016 8:15,8:15,15,0,0,15TH STREET & CALIFORNIA STREET,1,1,0,0,1,1,,0,25,0,0,0,0,0,4,2,13