id,drcog_id,latitude,longitude,crashtime,time,crashtype,numbkilled,numbinjurd,drcoglocat,rdconditin,lightngcon,roadcntgrd,weatherco,location,roaddescrp,schoolzone,constrzone,splimit,bikeinv,pedinv,sctrinv,motoinv,svrty,rdsystem,ttlvehcls,hcf
,2016_17814,39.756456,-105.0093135,7/15/2016 18:26,18:26,1,0,1,15TH STREET & PLATTE STREET,1,1,0,0,1,1,,0,25,0,0,0,1,2,4,2,8
,2016_17815,39.746961,-104.987412,11/6/2016 9:35,9:35,15,0,0,19TH STREET & BROADWAY STREET NORTH,1,1,0,7,1,1,,0,30,0,0,0,0,0,4,2,16
,2016_17816,39.752262,-104.991804,2/3/2016 21:55,21:55,3,0,0,20TH STREET & LAWRENCE STREET,5,3,0,7,1,1,,0,30,0,0,0,0,0,4,2,16
,2016_17817,39.759579,-105.0017805,1/15/2016 12:07,12:07,12,0,0,20TH STREET & LITTLE RAVEN STREET,1,1,0,0,1,1,,0,35,0,0,0,0,0,4,2,14
,2016_17818,39.753612,-104.993451,3/17/2016 18:40,18:40,15,0,0,20TH STREET & MARKET STREET,1,1,0,0,1,4,,0,25,0,0,0,0,0,4,2,14
,2016_17819,39.75415626,-104.9894269,8/24/2016 9:15,9:15,15,0,0,22ND STREET & 1200 BLOCK 22ND STREET,1,1,0,0,1,3,,0,30,0,0,0,0,0,4,2,13
,2016_17820,39.754629,-104.9781915,12/27/2016 13:21,13:21,6,0,0,26TH AVENUE & WELTON STREET,1,1,0,0,1,5,,0,30,0,0,0,0,0,4,2,7
,2016_17821,39.759885,-104.97492,10/24/2016 18:50,18:50,10,0,0,31ST STREET & STOUT STREET,1,3,0,0,1,1,,0,30,0,0,0,0,0,4,2,13
,2016_17822,39.783033,-105.03459,4/27/2016 13:17,13:17,12,0,0,48TH SOUTH DRIVE WEST & LOWELL BOULEVARD NORTH,1,1,1,0,1,1,,0,25,0,0,0,0,0,4,2,13
,2016_17823,39.728907,-104.998644,7/10/2016 17:17,17:17,12,0,0,SANTA FE DRIVE NORTH & EIGHTH AVENUE WEST,1,1,0,7,1,3,,0,30,0,0,0,0,0,4,2,12
,2016_17824,39.711186,-104.997132,3/14/2016 16:55,16:55,15,0,0,SANTE FE DRIVE SOUTH & ALAMEDA AVENUE WEST,1,1,0,0,1,1,,0,30,0,0,0,0,0,4,2,13
,2016_17825,39.711186,-104.997132,12/3/2016 16:27,16:27,15,0,0,SANTA FE DRIVE SOUTH & ALAMEDA AVENUE WEST,1,2,0,0,1,4,,0,25,0,0,0,0,0,4,2,13
,2016_17826,39.748446,-105.0033735,10/26/2016 16:30,16:30,12,0,0,SPEER BOULEVARD NORTH & AURARIA PARKWAY,1,2,1,7,1,1,,0,35,0,0,0,0,1,4,2,16
,2016_17827,39.723435,-104.983794,1/24/2016 17:21,17:21,15,0,0,SPEER BOULEVARD EAST & GRANT STREET NORTH,1,3,0,7,1,1,,0,30,0,0,0,0,0,4,2,16
,2016_17828,39.723435,-104.983794,4/18/2016 17:47,17:47,15,0,0,SPEER BOULEVARD EAST & GRANT STREET NORTH,1,1,0,7,1,4,,0,35,0,0,0,0,0,4,2,1
,2016_17829,39.745755,-105.000174,2/20/2016 18:21,18:21,12,0,0,SPEER BOULEVARD NORTH & LAWRENCE STREET,1,3,0,7,1,3,,0,35,0,0,0,0,0,4,2,16
,2016_17830,39.787056,-104.8979835,6/14/2016 18:31,18:31,1,0,2,SPRUCE STREET NORTH & 49TH PLACE EAST,1,1,0,7,1,1,,0,35,0,0,0,0,2,4,2,8
,2016_17831,39.779757,-104.9317335,11/25/2016 14:37,14:37,3,0,0,STAPLETON NORTH DRIVE EAST & DAHLIA STREET NORTH,1,1,0,7,1,1,,0,35,0,0,0,0,1,4,2,16
,2016_17832,39.777975,-104.917599,11/18/2016 9:00,9:00,5,0,0,STAPLETON SOUTH DRIVE EAST & KEARNEY STREET NORTH,5,1,0,2,2,4,,0,45,0,0,0,0,0,4,1,13
,2016_17833,39.78875689,-104.9499343,11/27/2016 15:31,15:31,6,0,0,STEELE STREET NORTH & 400 BLOCK,1,1,0,0,1,4,,0,25,0,0,0,0,0,4,2,3
,2016_17834,39.78875689,-104.9499343,4/1/2016 19:33,19:33,15,0,0,STEELE STREET & 2800 BLOCK NORTH,1,3,1,0,1,4,,0,25,0,0,0,0,0,4,2,13
,2016_17835,39.716235,-104.949963,8/2/2016 17:50,17:50,1,0,0,STEELE STREET NORTH & ELLSWORTH AVENUE EAST,1,1,0,7,1,1,,0,30,0,0,0,0,0,4,2,3
,2016_17836,39.753306,-104.9834205,2/25/2016 16:46,16:46,10,0,0,STOUT STREET & 24TH STREET,1,1,0,0,1,1,,0,25,0,0,0,0,0,4,2,13
,2016_17837,39.73725,-104.898753,8/4/2016 8:40,8:40,12,0,0,SYRACUSE STREET & 13TH AVENUE EAST,1,1,0,0,1,1,,0,30,0,0,0,0,0,4,2,7
,2016_17838,39.657474,-104.900085,10/24/2016 12:50,12:50,12,0,0,TAMARAC DRIVE 3200 BLOCK SOUTH & EASTMAN AVENUE EAST,1,1,0,7,1,4,,0,30,0,0,0,0,0,4,2,14
,2016_17839,39.773016,-105.0111,6/2/2016 18:39,18:39,12,0,0,TEJON STREET 4100 BLOCK NORTH & 41ST AVENUE WEST,1,1,0,7,1,4,,0,25,0,0,0,0,0,4,2,1
,2016_17840,39.762864,-104.92758,10/26/2016 15:31,15:31,6,0,0,THRILL PLACE 5100 BLOCK EAST & FOREST STREET NORTH,1,1,0,0,1,4,,0,25,0,0,0,0,0,4,2,13
,2016_17841,39.798234,-104.7721815,3/23/2016 7:08,7:08,3,0,0,TOWER ROAD NORTH & 56TH AVENUE EAST,4,2,1,2,1,1,,0,40,0,0,0,0,0,4,2,14
,2016_17842,39.83338151,-104.771988,5/16/2016 17:50,17:50,12,0,0,TOWER ROAD 7500 BLOCK NORTH & PENA BOULEVARD,2,1,0,1,1,4,,0,45,0,0,0,0,0,4,2,1
,2016_17843,39.740085,-104.896413,5/6/2016 16:09,16:09,15,0,0,TRENTON STREET NORTH & COLFAX AVENUE EAST,1,1,0,0,1,4,,0,25,0,0,0,0,0,4,2,3
,2016_17844,39.624192,-104.89473,4/29/2016 17:05,17:05,15,0,0,ULSTER STREET 5000 BLOCK SOUTH & BELLEVIEW AVENUE EAST,2,1,0,2,1,2,,0,40,0,0,0,0,0,4,2,13
,2016_17845,39.711114,-104.959305,1/7/2016 18:26,18:26,12,0,0,UNIVERSITY BOULEVARD 200 BLOCK SOUTH & ALAMEDA AVENUE EAST,2,3,1,2,1,4,,0,30,0,0,0,0,1,4,2,3
,2016_17846,39.682755,-104.959332,1/6/2016 19:31,19:31,12,0,0,UNIVERSITY BOULEVARD SOUTH & BUCHTEL BOULEVARD EAST,1,3,0,0,1,1,,0,35,0,0,0,0,0,4,2,3
,2016_17848,39.715263,-104.959323,8/20/2016 14:56,14:56,15,0,0,UNIVERSITY BOULEVARD SOUTH & CHERRY CREEK SOUTH DRIVE,1,1,0,0,1,4,,0,30,0,0,0,0,0,4,2,14
,2016_17849,39.715263,-104.959323,11/30/2016 14:55,14:55,12,0,0,UNIVERSITY BOULEVARD SOUTH & CHERRY CREEK SOUTH DRIVE EAST,1,1,0,7,1,1,,0,30,0,0,0,0,0,4,3,16
,2016_17850,39.715263,-104.959323,12/15/2016 7:55,7:55,12,0,0,UNIVERSITY BOULEVARD SOUTH & CHERRY CREEK SOUTH DRIVE EAST,1,1,0,7,1,3,,0,30,0,0,0,0,0,4,2,16
,2016_17851,39.703851,-104.95935,11/12/2016 3:54,3:54,5,0,0,UNIVERSITY BOULEVARD 700 BLOCK SOUTH & EXPOSITION AVENUE EAST,1,3,0,0,3,4,,0,30,0,0,0,0,1,4,1,5
,2016_17852,39.692952,-104.9593455,9/25/2016 11:19,11:19,5,0,0,UNIVERSITY BOULEVARD SOUTH & LOUISIANA AVENUE EAST,1,1,0,0,3,1,,0,25,0,0,0,0,1,4,1,5
,2016_17854,39.702006,-104.959341,7/21/2016 18:30,18:30,12,0,0,UNIVERSITY BOULEVARD 700 BLOCK SOUTH & OHIO AVENUE EAST,1,1,0,7,1,2,,0,30,0,0,0,0,0,4,2,5
,2016_17855,39.673008,-104.9593905,7/11/2016 15:44,15:44,12,0,0,UNIVERSITY BOULEVARD 2400 BLOCK SOUTH & WESLEY AVENUE EAST,1,1,1,7,1,4,,0,30,0,0,0,0,1,4,3,16
,2016_17856,39.78777587,-104.8379191,11/7/2016 20:55,20:55,6,0,0,URSULA STREET NORTH & 5074 NORTH,1,3,0,0,1,4,,0,25,0,0,0,0,0,4,3,10
,2016_17857,39.77097893,-105.0451493,4/22/2016 15:30,15:30,6,0,0,UTICA STREET & 3200 BLOCK NORTH,1,1,0,0,1,4,,0,25,0,0,0,0,0,4,2,14
,2016_17858,39.774744,-105.045147,2/26/2016 7:45,7:45,6,0,0,UTICA STREET NORTH & 43RD AVENUE WEST,1,1,0,0,1,4,,0,25,0,0,0,0,0,4,2,13
,2016_17859,39.78129351,-104.978893,4/29/2016 15:46,15:46,15,0,0,WASHINGTON STREET & 4700 BLOCK NORTH,2,1,1,2,1,4,,0,35,0,0,0,0,0,4,2,13
,2016_17860,39.733857,-104.978511,5/15/2016 14:03,14:03,12,0,0,WASHINGTON STREET 1100 BLOCK NORTH & 12TH AVENUE EAST,1,1,0,7,1,1,,0,30,0,0,0,0,0,4,2,3
,2016_17861,39.700296,-104.979267,2/6/2016 10:20,10:20,6,0,0,WASHINGTON STREET SOUTH & KENTUCKY AVENUE EAST,6,1,0,0,1,4,,0,25,0,0,0,0,0,4,2,7
,2016_17862,39.751956,-105.014772,2/7/2016 16:15,16:15,15,0,0,WATER STREET 700 & SEVENTH STREET,1,1,0,0,1,3,,0,,0,0,0,0,0,4,2,13
,2016_17863,39.750255,-105.001182,7/14/2016 18:30,18:30,6,0,0,WAZEE STREET & 15TH STREET,1,1,0,0,1,4,,0,25,0,0,0,0,0,4,2,5
,2016_17864,39.673008,-104.9593905,10/15/2016 18:45,18:45,3,0,0,WESTLEY AVENUE EAST & UNIVERSITY BOULEVARD SOUTH,1,1,1,0,1,1,,0,40,0,0,0,0,0,4,2,7
,2016_17865,39.7516125,-105.0028998,10/19/2016 12:20,12:20,6,0,0,WEWATTA STREET 1500 BLOCK & 15TH STREET,1,1,0,0,1,4,,0,30,0,0,0,0,0,4,2,13
,2016_17866,39.753918,-105.001101,7/3/2016 18:35,18:35,15,0,0,WEWATTA STREET 1700 BLOCK & 18TH STREET,1,1,0,7,1,4,,0,30,0,0,0,0,0,4,2,7
,2016_17867,39.676653,-104.9664015,5/14/2016 8:30,8:30,3,0,0,WILLIAMS STREET SOUTH & WARREN AVENUE EAST,1,1,0,0,1,1,,0,25,0,0,0,0,0,4,3,13
,2016_17868,39.667464,-104.931603,3/18/2016 7:00,7:00,5,0,0,YALE AVENUE EAST & DAHLIA STREET SOUTH,5,4,0,2,3,1,,0,30,0,0,0,0,0,4,1,13
,2016_17869,39.666933,-105.022764,3/12/2016 3:00,3:00,6,0,0,YALE AVENUE WEST & DECATUR STREET SOUTH,1,4,0,0,1,1,,0,20,0,0,0,0,0,4,2,13
,2016_17870,39.667464,-104.9283405,10/17/2016 7:20,7:20,12,0,0,YALE AVENUE EAST & FOREST STREET SOUTH,1,1,0,7,1,1,,0,40,0,0,0,0,0,4,2,16
,2016_17871,39.667473,-104.9272425,3/8/2016 7:23,7:23,5,0,0,YALE AVENUE 5300 BLOCK EAST & GLENCOE STREET SOUTH,1,1,0,0,2,1,,0,30,0,0,0,0,0,4,1,15
,2016_17872,39.7821206,-104.9592915,6/3/2016 15:05,15:05,15,0,0,YORK STREET & 1000 BLOCK NORTH,1,1,1,0,1,4,,0,30,0,0,0,0,0,4,2,1
,2016_17873,39.74483072,-104.9597645,11/21/2016 14:30,14:30,12,0,0,YORK STREET 1800 BLOCK NORTH & 18TH AVENUE EAST,1,1,0,0,1,3,,0,30,0,0,0,1,0,4,2,7
,2016_17874,39.769272,-104.9597415,11/30/2016 17:54,17:54,3,0,0,YORK STREET & 38TH AVENUE,1,3,0,0,1,2,,0,35,0,0,0,0,0,4,2,13
,2016_17875,39.729312,-105.015933,3/22/2016 10:40,10:40,3,0,0,ZUNI STREET 800 BLOCK NORTH & EIGHTH AVENUE WEST,1,1,0,0,1,2,,0,35,0,0,0,0,0,4,2,13
,2016_18187,39.725496,-104.878611,6/27/2016 18:46,18:46,1,0,0,LOWRY BOULEVARD & ALTON WAY NORTH,1,1,0,0,1,1,,0,30,0,0,0,0,0,4,1,13
,2016_18211,39.742191,-104.9873715,11/18/2016 9:00,9:00,15,0,0,BROADWAY NORTH & CLEVELAND PLACE,2,1,0,7,1,1,,0,30,0,0,0,0,0,4,2,16
,2016_18212,39.77523,-104.9269815,5/3/2016 8:40,8:40,3,0,0,SMITH ROAD EAST & FOREST STREET NORTH,1,1,0,7,1,1,,0,25,0,0,0,0,0,4,2,16
,2016_18354,39.725316,-104.922801,9/13/2016 22:00,22:00,6,0,0,HOLLY STREET & SIXTH AVENUE EAST,1,3,0,0,1,4,,0,25,0,0,0,0,0,4,2,7
,2016_18384,39.776625,-105.025221,2/1/2016 23:42,23:42,5,0,0,44TH AVENUE WEST & FEDERAL BOULEVARD NORTH,5,3,1,2,3,4,,0,30,0,0,0,0,0,4,1,16
,2016_18411,39.7452195,-104.997303,6/11/2016 0:00,0:00,15,0,0,CURTIS STREET & 1700 BLOCK,1,3,0,0,1,4,,0,30,0,0,0,0,0,4,2,13
,2016_18428,39.791862,-104.84019,10/8/2016 16:35,16:35,9,0,1,ELMENDORF PLACE & TUCSON STREET NORTH,1,1,0,0,2,1,,0,25,0,0,0,1,2,4,1,13
,2016_18540,39.69839645,-104.9611181,11/16/2016 19:55,19:55,5,0,0,ELLIOTT STREET & TENNESSEE AVENUE,1,4,0,0,1,4,,0,,0,0,0,0,0,4,1,13
,2016_18550,39.7515147,-104.9883216,10/8/2016 11:30,11:30,15,0,0,21ST STREET & 800 BLOCK,1,1,0,0,1,4,,0,30,0,0,0,0,0,4,2,13
,2016_18563,39.77145,-104.847426,9/10/2016 1:20,1:20,5,0,0,39TH AVENUE EAST & PEORIA WAY,1,3,0,0,2,2,,0,25,0,0,0,0,0,4,1,5
,2016_18568,39.774636,-104.768064,6/4/2016 14:00,14:00,5,0,0,MITCHELL PLACE EAST & 43RD AVENUE EAST,1,1,0,7,2,1,,0,25,0,0,0,0,0,4,1,5
,2016_18629,39.718197,-105.0506235,9/8/2016 15:16,15:16,6,0,0,YATES STREET NORTH & FIRST AVENUE WEST,1,1,0,0,1,4,,0,25,0,0,0,0,1,4,2,14
,2016_18663,39.729087,-104.987412,9/12/2016 14:50,14:50,10,0,0,EIGHTH AVENUE EAST & BROADWAY NORTH,1,1,1,0,1,1,,0,30,0,0,0,0,0,4,2,13
,2016_18666,39.729042,-104.98113,12/12/2016 17:40,17:40,6,0,0,PENNSYLVANIA STREET & EIGHTH AVENUE,1,3,0,0,1,4,,0,25,0,0,0,0,0,4,2,13
,2016_18676,39.738438,-104.983623,8/11/2016 16:11,16:11,15,0,0,GRANT STREET NORTH & 14TH AVENUE EAST,1,1,0,0,1,3,,0,30,0,0,0,0,0,4,2,1
,2016_18677,39.74001,-104.99202,8/17/2016 18:55,18:55,5,0,0,48TH AVENUE & 4000 BLOCK EAST,1,1,0,0,3,4,,0,30,0,0,0,0,0,4,1,14
,2016_18678,39.718179,-104.959314,8/19/2016 10:21,10:21,15,0,0,FIRST AVENUE EAST & UNIVERSITY BOULEVARD NORTH,1,1,0,0,1,4,,0,30,0,0,0,0,0,4,2,13
,2016_18679,39.78252,-104.872095,8/19/2016 11:30,11:30,1,0,0,FLORENCE STREET NORTH & 47TH AVENUE EAST,1,1,0,0,1,2,,0,30,0,0,0,0,0,4,2,7
,2016_18680,39.736863,-104.996484,8/21/2016 11:12,11:12,3,0,0,13TH AVENUE WEST & SPEER BOULEVARD,1,1,0,0,1,1,,0,25,0,0,0,0,1,4,2,8
,2016_18681,39.78,-104.958252,8/22/2016 10:10,10:10,1,0,0,46TH AVENUE EAST & JOSEPHINE STREET NORTH,1,1,0,0,1,1,,0,30,0,0,0,0,0,4,2,13
,2016_18682,39.725622,-104.983605,8/22/2016 17:35,17:35,12,0,0,SIXTH AVENUE EAST & GRANT STREET NORTH,1,1,0,0,1,1,,0,30,0,0,0,0,0,4,3,4
,2016_18683,39.775086,-104.9222925,8/23/2016 12:42,12:42,14,0,0,HOLLY STREET & 42ND AVENUE EAST,1,1,0,0,1,4,,0,25,0,0,0,0,0,4,2,14
,2016_18684,39.738699,-104.888178,8/28/2016 16:35,16:35,6,0,0,WILLOW STREET NORTH & 14TH AVENUE EAST,1,1,0,0,3,4,,0,25,0,0,0,0,1,4,2,5
,2016_18685,39.725586,-104.965857,9/1/2016 9:10,9:10,3,0,0,WILLIAMS STREET NORTH & SIXTH AVENUE EAST,1,1,0,0,1,1,,0,25,0,0,0,0,0,4,2,1
,2016_18687,39.725604,-105.0325155,9/4/2016 20:03,20:03,10,0,0,SIXTH AVENUE WEST NORTH FRONTAGE  & KNOX COURT NORTH,1,1,0,1,1,1,,0,35,0,0,0,0,0,4,2,1
,2016_18688,39.741606,-104.98995,9/4/2016 20:50,20:50,10,0,0,15TH STREET & COURT PLACE,1,3,0,0,1,1,,0,30,0,0,0,0,1,4,2,12
,2016_18689,39.738357,-104.9573835,9/7/2016 17:02,17:02,3,0,0,COLUMBINE STREET NORTH & 14TH AVENUE EAST,1,1,0,0,1,2,,0,25,0,0,0,0,0,4,2,14
,2016_18690,39.73293,-105.032151,9/7/2016 18:25,18:25,12,0,0,10TH AVENUE WEST & KNOX COURT NORTH,1,1,0,0,1,1,,0,35,0,0,0,1,0,4,2,13
,2016_18691,39.70746,-104.865993,9/9/2016 12:58,12:58,3,0,0,HAVANA STREET SOUTH & VIRGINIA AVENUE EAST,1,1,0,0,1,1,,0,25,0,0,0,0,0,4,2,8
,2016_18692,39.7218105,-104.9093123,9/9/2016 16:45,16:45,5,0,0,NEWPORT STREET / ONEIDA ALLEY & 36TH AVENUE NORTH,1,1,0,0,2,5,,0,,0,0,0,0,0,4,1,13
,2016_18693,39.698739,-104.921613,9/15/2016 9:20,9:20,10,0,0,TENNESSEE AVENUE EAST & HOLLY STREET SOUTH,1,1,0,0,1,1,,0,20,0,0,0,0,0,4,2,13
,2016_18694,39.728934,-104.992866,9/22/2016 16:41,16:41,3,0,0,DELAWARE STREET NORTH & EIGHTH AVENUE WEST,1,1,0,0,1,1,,0,25,0,0,0,0,0,4,2,13
,2016_18695,39.756942,-104.985693,9/23/2016 17:05,17:05,3,0,0,25TH STREET & LAWRENCE STREET,1,1,0,0,1,1,,0,25,0,0,0,0,0,4,2,1
,2016_18696,39.656808,-105.025203,9/24/2016 23:35,23:35,6,0,0,FLOYD AVENUE & FEDERAL BOULEVARD SOUTH,1,3,0,0,1,2,,0,25,0,0,0,0,0,4,2,5
,2016_18697,39.678453,-104.915952,9/27/2016 8:19,8:19,12,0,0,EVANS AVENUE EAST & LEYDEN STREET SOUTH,1,1,0,0,1,1,,0,,0,0,0,0,0,4,3,13
,2016_18698,39.691422,-104.912901,9/27/2016 13:27,13:27,12,0,0,CHERRY CREEK NORTH DRIVE & MONACO STREET PARKWAY SOUTH,1,1,1,0,1,1,,0,30,0,0,0,0,0,4,2,3
,2016_18699,39.764403,-104.976054,9/30/2016 13:23,13:23,15,0,0,33RD STREET & LAWRENCE STREET,1,1,0,0,1,4,,0,25,0,0,0,0,0,4,3,3
,2016_18700,39.78273885,-104.7630561,1/7/2016 14:58,14:58,6,0,0,CEYLON STREET 4700 BLOCK NORTH & 47TH AVENUE EAST,4,1,0,7,1,4,,0,30,0,0,0,0,0,4,2,16
,2016_18701,39.794616,-104.73615,10/2/2016 11:43,11:43,6,0,0,54ST AVENUE & PERTH STREET NORTH,1,1,0,0,1,4,,0,25,0,0,0,0,0,4,2,13
,2016_18702,39.728934,-104.9906115,10/4/2016 9:13,9:13,10,0,0,EIGHTH AVENUE WEST & SPEER BOULEVARD,1,1,0,0,1,1,,0,30,0,0,0,0,0,4,2,8
,2016_18703,39.785652,-104.893254,10/4/2016 13:56,13:56,1,0,0,UINTA STREET NORTH & NORTHFIELD BOULEVARD EAST,1,1,1,0,1,1,,0,25,0,0,0,0,0,4,2,13
,2016_18704,39.728907,-104.9964435,10/5/2016 7:41,7:41,12,0,0,EIGHTH AVENUE WEST & GALAPAGO STREET NORTH,1,1,0,0,1,4,,0,30,0,0,0,0,1,4,3,13
,2016_18705,39.7116,-104.9408055,10/5/2016 18:10,18:10,1,0,0,ALAMEDA AVENUE & COLORADO BOULEVARD SOUTH,1,2,0,0,1,2,,0,30,0,0,0,0,1,4,2,13
,2016_18706,39.763206,-105.020496,10/8/2016 3:24,3:24,6,0,0,33RD AVENUE WEST & CLAY STREET NORTH,1,3,0,0,1,4,,0,30,0,0,0,0,0,4,2,13
,2016_18707,39.685662,-104.9394825,10/8/2016 14:08,14:08,1,0,0,MEXICO AVENUE EAST & ALBION STREET SOUTH,1,1,0,0,1,1,,0,35,0,0,0,0,0,4,2,13
,2016_18708,39.75003,-105.0049305,10/10/2016 11:55,11:55,12,0,0,SPEER BOULEVARD & CHOPPER CIRCLE,1,1,1,0,1,3,,0,35,0,0,0,0,1,4,2,13
,2016_18709,39.709278,-104.92227,10/10/2016 15:50,15:50,12,0,0,HOLLY STREET & DAKOTA AVENUE EAST,1,1,1,0,1,4,,0,25,0,0,0,0,0,4,2,13
,2016_18710,39.747672,-105.002334,10/13/2016 10:57,10:57,12,0,0,SPEER BOULEVARD EASTBOUND & MARKET STREET,1,1,0,0,1,1,,0,35,0,0,0,0,1,4,2,14
,2016_18711,39.741426,-104.9988915,10/13/2016 12:22,12:22,15,0,0,SPEER BOULEVARD & STOUT STREET,1,1,0,0,1,3,,0,30,0,0,0,0,0,4,2,13
,2016_18712,39.748185,-104.9864445,11/29/2016 8:44,8:44,15,0,0,20TH STREET & WELTON STREET,1,1,0,0,1,3,,0,30,0,0,0,0,0,4,2,13
,2016_18713,39.718206,-104.954625,8/16/2016 16:25,16:25,12,0,0,FIRST AVENUE EAST & DETROIT STREET NORTH,1,1,0,0,1,1,,0,30,0,0,0,0,0,4,2,13
,2016_18714,39.718323,-104.9826015,9/6/2016 16:00,16:00,12,0,0,FIRST AVENUE EAST & LOGAN STREET NORTH,1,1,0,0,1,5,,0,25,0,0,0,0,0,4,2,14
,2016_18715,39.71835,-104.9633505,5/21/2016 12:05,12:05,15,0,0,FIRST AVENUE & RACE STREET NORTH,1,1,0,0,1,4,,0,30,0,0,0,0,0,4,2,8
,2016_18716,39.71835,-104.9633505,6/26/2016 7:14,7:14,5,0,0,FIRST AVENUE EAST & RACE STREET NORTH,1,1,0,0,1,4,,0,35,0,0,0,1,1,4,2,13
,2016_18717,39.717909,-104.951223,4/22/2016 17:07,17:07,1,0,0,FIRST AVENUE EAST & STREET PAUL STREET NORTH,1,1,0,0,1,1,,0,30,0,0,0,0,1,4,2,13
,2016_18718,39.718179,-104.959314,1/21/2016 16:30,16:30,15,0,0,FIRST AVENUE EAST & UNIVERSITY BOULEVARD NORTH,1,1,0,7,1,1,,0,25,0,0,0,0,0,4,2,16
,2016_18719,39.718179,-104.959314,10/26/2016 9:00,9:00,1,0,1,FIRST AVENUE EAST & UNIVERSITY BOULEVARD NORTH,1,1,0,7,1,1,,0,30,0,0,0,0,2,4,2,16
,2016_18720,39.727485,-105.0175305,7/7/2016 15:57,15:57,6,0,0,SEVENTH AVENUE WEST & ALCOTT STREET NORTH,1,1,0,0,1,4,,0,35,0,0,0,0,0,4,2,13
,2016_18721,39.72024,-105.018651,7/13/2016 17:33,17:33,12,0,0,SECOND AVENUE WEST & BRYANT STREET NORTH,1,1,0,7,1,2,,0,25,0,0,0,0,1,4,3,7
,2016_18722,39.720969,-105.007113,5/17/2016 7:00,7:00,6,0,0,THIRD AVENUE WEST & QUIVAS STREET SOUTH,1,1,0,0,1,1,,0,25,0,0,0,0,0,4,2,13
,2016_18723,39.722913,-105.0324705,4/22/2016 22:05,22:05,3,0,0,FOURTH AVENUE WEST & KNOX COURT NORTH,1,3,1,7,1,1,,0,25,0,0,0,0,0,4,2,16
,2016_18724,39.722535,-104.9862825,11/18/2016 13:40,13:40,3,0,0,FOURTH AVENUE EAST & LINCOLN STREET NORTH,1,1,0,7,1,1,,0,20,0,0,0,0,1,4,2,16
,2016_18725,39.722427,-104.9799375,5/30/2016 16:50,16:50,3,0,0,FOURTH AVENUE EAST & PEARL STREET NORTH,2,1,0,1,1,1,,0,25,0,0,0,0,0,4,2,13
,2016_18726,39.724119,-104.990832,1/13/2016 15:45,15:45,6,0,0,FIFTH AVENUE 100 BLOCK WEST & BANNOCK STREET SOUTH,1,1,0,7,1,4,,0,25,0,0,0,0,0,4,2,14
,2016_18727,39.724137,-104.9875065,5/17/2016 17:13,17:13,12,0,0,FIFTH AVENUE 000 BLOCK WEST & BROADWAY STREET NORTH,1,1,0,7,1,1,,0,25,0,0,0,0,0,4,2,16
,2016_18728,39.725298,-104.931612,4/21/2016 4:01,4:01,6,0,0,SIXTH AVENUE EAST & DAHLIA STREET NORTH,1,3,0,0,1,4,,0,35,0,0,0,0,0,4,2,3
,2016_18729,39.72627,-105.0002055,6/20/2016 7:37,7:37,15,0,0,SIXTH AVENUE 1100 BLOCK WEST & KALAMATH STREET NORTH,1,1,0,7,1,4,,0,35,0,0,0,0,0,4,2,16
,2016_18730,39.738699,-104.888178,12/10/2016 0:03,0:03,3,0,0,14TH AVENUE EAST & WILLOW STREET NORTH,1,3,0,0,1,1,,0,30,0,0,0,0,0,4,2,13
,2016_18731,39.728934,-104.9906115,7/22/2016 10:05,10:05,3,0,0,EIGHTH AVENUE & SPEER BOULEVARD,1,1,0,7,1,1,,0,35,0,0,0,0,0,4,2,16
,2016_18732,39.72627,-105.0002055,6/24/2016 15:00,15:00,12,0,0,SIXTH AVENUE WEST & KALAMATH STREET NORTH,1,1,0,7,1,4,,0,40,0,0,0,0,1,4,2,3
,2016_18733,39.72627,-105.0002055,12/5/2016 17:50,17:50,3,0,0,SIXTH AVENUE WEST & KALAMATH STREET NORTH,1,3,0,7,1,1,,0,30,0,0,0,0,0,4,2,3
,2016_18734,39.725649,-104.986314,1/5/2016 13:25,13:25,15,0,0,SIXTH AVENUE EAST & LINCOLN STREET NORTH,1,1,0,0,1,1,,0,30,0,0,0,0,1,4,2,13
,2016_18735,39.727278,-104.977557,11/25/2016 15:12,15:12,3,0,1,SEVENTH AVENUE EAST & CLARKSON STREET NORTH,1,1,0,7,1,1,,0,30,0,0,0,0,2,4,2,16
,2016_18736,39.727107,-104.9590665,3/1/2016 19:45,19:45,3,0,0,SEVENTH AVENUE EAST & JOSEPHINE STREET NORTH,1,3,0,7,1,3,,0,30,0,0,0,0,0,4,2,16
,2016_18737,39.729213,-104.935167,5/21/2016 21:13,21:13,1,0,0,EIGHTH AVENUE EAST & CLERMONT STREET NORTH,1,3,0,7,1,1,,0,30,0,0,0,0,1,4,2,1
,2016_18738,39.729303,-105.0217245,2/9/2016 16:53,16:53,12,0,0,EIGHTH AVENUE WEST & DECATUR STREET NORTH,1,1,1,7,1,3,,0,35,0,0,0,0,1,4,3,16
,2016_18739,39.743262,-104.9835915,12/1/2016 21:30,21:30,15,0,0,17TH AVENUE & GRANT STREET NORTH,1,3,0,0,1,3,,0,35,0,0,0,0,0,4,2,13