id,drcog_id,latitude,longitude,crashtime,time,crashtype,numbkilled,numbinjurd,drcoglocat,rdconditin,lightngcon,roadcntgrd,weatherco,location,roaddescrp,schoolzone,constrzone,splimit,bikeinv,pedinv,sctrinv,motoinv,svrty,rdsystem,ttlvehcls,hcf
,2016_18740,39.728934,-104.992866,10/18/2016 17:21,17:21,3,0,0,EIGHTH AVENUE WEST & DELAWARE STREET NORTH,1,1,0,7,1,1,,0,25,0,0,0,0,0,4,2,16
,2016_18741,39.729276,-104.9128155,4/4/2016 10:53,10:53,3,0,0,EIGHTH AVENUE EAST & MONACO STREET NORTH,1,1,0,7,1,1,,0,30,0,0,0,0,1,4,2,3
,2016_18742,39.728934,-104.9906115,3/11/2016 17:25,17:25,3,0,0,EIGHTH AVENUE WEST & SPEER BOULEVARD NORTH,1,2,0,7,1,1,,0,30,0,0,0,0,0,4,2,8
,2016_18743,39.730437,-104.974101,1/21/2016 21:12,21:12,3,0,0,NINTH AVENUE EAST & CORONA STREET NORTH,1,3,1,0,1,1,,0,30,0,0,0,0,0,4,2,1
,2016_18744,39.756519,-104.945301,10/24/2016 16:42,16:42,5,0,0,28TH AVENUE EAST & MONROE STREET NORTH,1,1,0,0,4,1,,0,25,0,0,0,0,0,4,1,5
,2016_18745,39.730446,-104.9729625,6/21/2016 18:00,18:00,15,0,0,NINTH AVENUE EAST & DOWNING STREET NORTH,1,1,0,0,1,1,,0,30,0,0,0,0,0,4,2,13
,2016_18746,39.730464,-104.970636,1/31/2016 17:52,17:52,3,0,0,NINTH AVENUE EAST & LAFAYETTE STREET NORTH,4,3,0,2,1,1,,0,25,0,0,0,0,0,4,2,8
,2016_18747,39.732039,-104.9902425,1/14/2016 8:15,8:15,3,0,0,10TH AVENUE WEST & BANNOCK STREET NORTH,1,1,0,0,1,1,,0,30,0,0,0,0,0,4,2,13
,2016_18748,39.732012,-104.9776155,1/6/2016 20:14,20:14,8,0,0,10TH AVENUE 700 BLOCK EAST & CLARKSON STREET NORTH,1,3,0,0,1,1,,0,35,0,0,0,0,0,4,3,5
,2016_18749,39.733029,-105.0440445,6/1/2016 14:32,14:32,12,0,0,10TH AVENUE WEST & TENNYSON STREET NORTH,1,1,1,0,1,4,,0,25,0,0,0,0,0,4,2,13
,2016_18750,39.73383,-104.9902515,2/20/2016 14:35,14:35,12,0,0,11TH AVENUE WEST & BANNOCK STREET NORTH,1,1,0,7,1,3,,0,30,0,0,0,0,0,4,2,14
,2016_18751,39.73383,-104.99166,12/9/2016 11:15,11:15,15,0,0,11TH AVENUE 200 BLOCK WEST & CHEROKEE STREET NORTH,1,1,0,7,1,4,,0,30,0,0,0,0,0,4,2,16
,2016_18752,39.732867,-104.905791,5/4/2016 17:20,17:20,3,0,0,11TH AVENUE EAST & PONTIAC STREET,1,1,0,7,1,1,,0,25,0,0,0,0,0,4,2,16
,2016_18753,39.735153,-104.973003,9/28/2016 17:05,17:05,1,0,0,12TH AVENUE EAST & DOWNING STREET NORTH,1,1,0,0,1,1,,0,25,0,0,0,0,1,4,2,8
,2016_18754,39.765735,-105.048774,3/17/2016 16:47,16:47,3,0,0,35TH AVENUE WEST & WOLFF STREET NORTH,1,1,1,0,1,1,,0,25,0,0,0,0,0,4,2,16
,2016_18755,39.735252,-104.9848605,5/15/2016 1:55,1:55,6,0,0,12TH AVENUE & SHERMAN STREET,1,3,0,0,1,4,,0,25,0,0,0,0,1,4,3,6
,2016_18756,39.736593,-105.0369615,12/7/2016 8:30,8:30,6,0,0,13TH AVENUE & NEWTON STREET,4,1,0,2,1,4,,0,25,0,0,0,0,0,4,3,13
,2016_18757,39.736827,-104.9672115,5/11/2016 13:05,13:05,10,0,0,13TH AVENUE EAST & GILPIN STREET NORTH,1,1,0,0,1,1,,0,30,0,0,0,0,0,4,2,13
,2016_18758,39.736845,-104.9835825,4/15/2016 23:29,23:29,3,0,0,13TH AVENUE EAST & GRANT STREET NORTH,2,3,0,1,1,1,,0,30,0,0,0,0,0,4,2,13
,2016_18759,39.737268,-104.8846815,4/29/2016 10:30,10:30,3,0,0,13TH AVENUE EAST & YOSEMITE STREET NORTH,2,1,0,2,1,1,,0,30,0,0,0,0,1,4,2,8
,2016_18760,39.74001,-104.99202,4/4/2016 6:59,6:59,6,0,0,14TH AVENUE & 200 BLOCK EAST,1,1,0,0,3,4,,0,30,0,0,0,0,0,4,4,13
,2016_18762,39.738276,-104.933844,6/23/2016 17:22,17:22,12,0,0,14TH AVENUE EAST & CHERRY STREET,2,1,0,7,1,4,,0,30,0,0,0,0,0,4,2,16
,2016_18763,39.738276,-104.933844,11/26/2016 13:02,13:02,3,0,0,14TH AVENUE EAST & CHERRY STREET NORTH,1,1,0,7,1,1,,0,25,0,0,0,0,0,4,2,16
,2016_18764,39.738267,-104.940774,6/28/2016 18:55,18:55,12,0,0,14TH AVENUE EAST & COLORDO BOULEVARD NORTH,2,1,0,1,1,4,,0,35,0,0,0,0,0,4,2,14
,2016_18765,39.738339,-104.947272,1/30/2016 13:01,13:01,9,0,0,14TH AVENUE EAST & COOK STREET NORTH,1,1,0,0,1,1,,0,30,0,0,0,0,0,4,3,13
,2016_18766,39.77938356,-105.0267865,3/11/2016 11:05,11:05,3,0,0,14TH AVENUE & GROVE STREET NORTH,1,1,0,0,1,1,,0,35,0,0,0,0,0,4,2,14
,2016_18767,39.738447,-104.986143,6/13/2016 16:00,16:00,3,0,0,14TH AVENUE EAST & LINCOLN STREET NORTH,2,1,0,1,1,1,,0,35,0,0,0,0,0,4,2,13
,2016_18768,39.738447,-104.986143,9/1/2016 18:39,18:39,15,0,0,14TH AVENUE EAST & LINCOLN STREET NORTH,1,1,0,0,1,3,,0,25,0,0,0,0,0,4,2,13
,2016_18769,39.738456,-105.001605,5/13/2016 7:47,7:47,1,0,0,14TH AVENUE WEST & LIPAN STREET NORTH,1,1,0,0,1,1,,0,30,0,0,0,0,1,4,2,14
,2016_18770,39.73869,-104.9023215,5/19/2016 18:52,18:52,10,0,0,14TH AVENUE EAST & QUINCE STREET NORTH,1,1,0,0,1,1,,0,30,0,0,0,0,0,4,2,8
,2016_18771,39.73869,-104.9011515,4/6/2016 7:55,7:55,15,0,0,14TH AVENUE EAST & ROSLYN STREET NORTH,1,1,0,7,1,1,,0,30,0,0,0,0,0,4,2,7
,2016_18772,39.73869,-104.889384,12/22/2016 19:39,19:39,3,0,0,14TH AVENUE EAST & WABASH STREET NORTH,1,3,0,7,1,1,,0,20,0,0,0,0,0,4,2,14
,2016_18773,39.738483,-105.0509655,1/28/2016 15:56,15:56,3,0,0,14TH AVENUE WEST & YATES STREET NORTH,1,5,1,0,1,1,,0,25,0,0,0,0,0,4,2,13
,2016_18774,39.741957,-104.903451,11/8/2016 9:30,9:30,3,0,0,16TH AVENUE EAST & QUEBEC STREET NORTH,1,1,0,0,1,1,,0,30,0,0,0,0,0,4,2,13
,2016_18776,39.743739,-104.9408145,6/25/2016 2:00,2:00,15,0,0,17TH AVENUE 4000 BLOCK EAST & COLORADO BOULEVARD,1,3,0,7,1,4,,0,35,0,0,0,0,0,4,2,1
,2016_18777,39.743388,-104.930154,11/25/2016 19:39,19:39,3,0,0,17TH AVENUE EAST & ELM STREET NORTH,1,3,0,7,1,1,,0,30,0,0,0,0,1,4,2,7
,2016_18778,39.743226,-104.961006,2/11/2016 17:05,17:05,3,0,0,17TH AVENUE EAST & GAYLORD STREET NORTH,1,1,0,0,1,1,,0,20,0,0,0,0,0,4,2,13
,2016_18779,39.743739,-104.9163255,2/10/2016 8:03,8:03,3,0,0,17TH AVENUE EAST & KRAMERIA STREET NORTH,1,1,0,7,1,1,,0,30,0,0,0,0,0,4,2,16
,2016_18780,39.743253,-104.981103,2/7/2016 20:55,20:55,3,0,0,17TH AVENUE EAST & PENNSYLVANIA STREET NORTH,1,3,0,7,1,1,,0,25,0,0,0,0,0,4,2,1
,2016_18781,39.743199,-104.962248,1/20/2016 18:50,18:50,15,0,0,17TH AVENUE EAST & VINE STREET NORTH,1,2,0,0,1,1,,0,30,0,0,0,0,0,4,2,16
,2016_18782,39.74481,-104.9610015,10/27/2016 12:15,12:15,10,0,0,18TH AVENUE EAST & GAYLORD STREET,1,1,0,0,1,1,,0,30,0,0,0,0,0,4,2,13
,2016_18783,39.746196,-104.9835825,6/8/2016 12:04,12:04,12,0,0,19TH AVENUE 200 BLOCK EAST & GRANT STREET NORTH,1,1,0,7,1,4,,0,30,0,0,0,0,0,4,2,14
,2016_18784,39.751209,-105.025284,4/12/2016 0:01,0:01,6,0,0,23RD AVENUE 2900 BLOCK WEST & FEDERAL BOULEVARD NORTH,1,3,0,0,1,4,,0,30,0,0,0,0,0,4,2,5
,2016_18785,39.751002,-104.903442,12/26/2016 20:44,20:44,15,0,0,23RD AVENUE & QUEBEC STREET NORTH,1,3,0,0,1,2,,0,35,0,0,0,0,0,4,2,14
,2016_18786,39.75486026,-105.0457389,1/10/2016 15:03,15:03,5,0,0,26TH AVENUE WEST & 2732,5,1,1,2,2,5,,0,25,0,0,0,0,0,4,1,13
,2016_18787,39.754827,-105.0191775,12/28/2016 14:27,14:27,3,0,1,26TH AVENUE WEST & BRYANT STREET NORTH,1,1,0,7,1,1,,0,25,0,0,0,0,2,4,3,1
,2016_18788,39.758499,-105.036975,3/16/2016 17:49,17:49,12,0,0,29TH AVENUE WEST & NEWTON STREET NORTH,1,1,0,0,1,3,,0,25,0,0,0,0,0,4,3,1
,2016_18789,39.758445,-105.0213735,3/14/2016 9:35,9:35,3,0,0,29TH AVENUE WEST & SPEER BOULEVARD NORTH,1,1,0,0,1,1,,0,35,0,0,0,0,0,4,2,14
,2016_18790,39.760749,-104.959782,9/23/2016 12:05,12:05,3,0,3,31ST AVENUE EAST & YORK STREET NORTH,1,1,0,0,1,1,,0,30,0,0,0,0,2,4,3,7
,2016_18791,39.76185884,-104.9187495,4/16/2016 3:36,3:36,5,0,0,JASMINE STREET & 907 SOUTH,4,3,0,2,2,4,,0,25,0,0,0,0,0,4,1,7
,2016_18792,39.76380944,-104.9175218,10/21/2016 4:30,4:30,12,0,0,33RD AVENUE & 2600 BLOCK,1,2,0,0,1,5,,0,30,0,0,0,0,0,4,2,6
,2016_18793,39.763827,-104.903451,5/27/2016 17:00,17:00,3,0,0,33RD AVENUE EAST & QUEBEC STREET NORTH,1,1,0,7,1,1,,0,35,0,0,0,0,0,4,2,16
,2016_18794,39.767454,-104.9105925,6/2/2016 18:00,18:00,1,0,0,36TH AVENUE EAST & NIAGARA STREET NORTH,1,1,0,0,1,1,,0,20,0,0,0,0,0,4,2,13
,2016_18795,39.767382,-104.90346,6/19/2016 18:32,18:32,12,0,1,36TH AVENUE EAST & QUEBEC STREET NORTH,1,2,0,7,1,4,,0,40,0,0,0,0,2,4,2,3
,2016_18796,39.76929,-105.0252435,8/8/2016 7:53,7:53,12,0,0,38TH AVENUE WEST & FEDERAL BOULEVARD NORTH,1,1,0,0,1,3,,0,35,0,0,0,0,0,4,2,14
,2016_18797,39.769506,-105.0381315,5/10/2016 7:58,7:58,12,0,0,38TH AVENUE WEST & OSCEOLA STREET NORTH,1,1,0,7,1,4,,0,35,0,0,0,0,0,4,2,14
,2016_18798,39.771063,-104.8470435,4/5/2016 8:20,8:20,1,0,3,39TH AVENUE EAST & PEORIA STREET NORTH,1,1,0,0,1,1,,0,35,0,0,0,0,2,4,2,13
,2016_18799,39.771063,-104.8470435,12/29/2016 15:09,15:09,12,0,0,39TH AVENUE EAST & PEORIA STREET NORTH,1,1,0,7,1,3,,0,35,0,0,0,0,0,4,2,16
,2016_18800,39.837969,-104.6928825,6/6/2016 9:00,9:00,10,0,0,78TH AVENUE & JACKSON GAP STREET NORTH,1,1,0,0,1,2,,0,45,0,0,0,0,0,4,2,13
,2016_18801,39.773178,-104.809932,4/13/2016 7:00,7:00,12,0,0,40TH AVENUE EAST & CHAMBERS ROAD NORTH,1,1,0,7,1,3,,0,40,0,0,0,0,0,4,3,14
,2016_18802,39.74001,-104.99202,1/22/2016 18:10,18:10,3,0,0,40TH AVENUE EAST EAST & QUEBEC STREET NORTH,1,3,0,7,1,1,,0,35,0,0,0,0,0,4,2,7
,2016_18804,39.77667,-105.027606,10/20/2016 6:30,6:30,6,0,0,44TH AVENUE EASTBOUND 3100 BLOCK WEST & GROVE STREET,1,2,0,0,1,4,,0,35,0,0,0,0,0,4,2,14
,2016_18805,39.780225,-105.046281,9/28/2016 14:08,14:08,12,0,0,46TH AVENUE 4600 BLOCK WEST & VRAIN STREET NORTH,1,1,0,0,1,3,,0,35,0,0,0,0,0,4,3,13
,2016_18806,39.781944,-104.958162,9/22/2016 10:22,10:22,6,0,0,47TH AVENUE EAST & JOSEPHINE STREET NORTH,1,1,1,0,1,1,,0,25,0,0,0,0,0,4,2,13
,2016_18807,39.781935,-104.9688225,1/10/2016 3:00,3:00,5,0,0,47TH AVENUE & FRANKLIN STREET,1,3,0,0,2,4,,0,30,0,0,0,0,0,4,1,13
,2016_18808,39.785607,-105.0275835,1/31/2016 17:08,17:08,10,0,0,49TH AVENUE WEST & GROVE STREET NORTH,4,4,0,2,1,1,,0,25,0,0,0,0,0,4,2,8
,2016_18809,39.787425,-105.023943,12/5/2016 9:12,9:12,3,0,0,50TH AVENUE WEST & ELIOT STREET NORTH,1,1,0,7,1,1,,0,25,0,0,0,0,1,4,2,14
,2016_18810,39.787002,-104.8248135,1/2/2016 23:30,23:30,3,0,0,51ST AVENUE EAST & BOLLING DRIVE EAST,1,3,0,0,1,1,,0,35,0,0,0,0,0,4,2,13
,2016_18811,39.78954,-104.772231,10/3/2016 19:38,19:38,3,0,0,51ST AVENUE EAST & TOWER ROAD NORTH,1,4,0,0,1,1,,0,45,0,0,0,0,0,4,2,14
,2016_18812,39.798387,-104.8659705,7/8/2016 18:30,18:30,15,0,0,56TH AVENUE 10400 BLOCK EAST & HAVANA STREET NORTH,1,1,0,7,1,4,,0,35,0,0,0,0,0,4,2,7
,2016_18813,39.798396,-104.786415,3/17/2016 16:28,16:28,12,0,0,56TH AVENUE EAST & PENA BOULEVARD INBOUND,2,1,0,2,1,1,,0,40,0,0,0,0,0,4,2,16
,2016_18814,39.798234,-104.7721815,12/29/2016 14:26,14:26,12,0,0,56TH AVENUE EAST & TOWER ROAD NORTH,1,1,0,7,1,1,,0,45,0,0,0,0,0,4,2,16
,2016_18815,39.837969,-104.6928825,5/9/2016 5:35,5:35,10,0,0,78TH AVENUE & JACKSON GAP ROAD NORTH,1,2,0,0,1,2,,0,45,0,0,0,0,0,4,2,10
,2016_18816,39.78668412,-104.9887195,6/15/2016 11:50,11:50,12,0,0,ACOMA STREET & 800 BLOCK NORTH,1,1,0,0,1,3,,1,30,0,0,0,0,0,4,2,13
,2016_18817,39.790989,-104.948712,3/20/2016 22:20,22:20,6,0,0,ADAMS STREET & 52ND AVENUE,1,3,0,0,1,1,,0,25,0,0,0,0,0,4,5,5
,2016_18818,39.789927,-104.8838625,12/7/2016 7:45,7:45,10,0,0,AKRON STREET NORTH & 50TH DRIVE EAST,4,1,0,2,1,1,,0,25,0,0,0,0,0,4,2,14
,2016_18819,39.711168,-104.99238,10/18/2016 11:20,11:20,15,0,0,ALAMEDA AVENUE 300 BLOCK WEST & CHEROKEE STREET SOUTH,1,1,1,7,1,4,,0,25,0,0,0,0,0,4,2,16
,2016_18820,39.775266,-104.7714705,4/9/2016 20:55,20:55,15,0,0,ANDES STREET NORTH & MITCHELL PLACE EAST,1,3,0,7,1,3,,0,,0,0,0,0,0,4,2,14
,2016_18821,39.7116,-104.9408055,2/19/2016 16:45,16:45,1,0,0,ALAMEDA AVENUE 4200 BLOCK EAST & COLORADO BOULEVARD SOUTH,1,1,0,0,1,2,,0,35,0,0,0,0,0,4,2,14
,2016_18822,39.7116,-104.9408055,6/4/2016 12:16,12:16,15,0,0,ALAMEDA AVENUE EAST & COLORADO BOULEVARD SOUTH,1,1,0,7,1,4,,0,35,0,0,0,0,0,4,3,3
,2016_18823,39.711105,-104.9745645,11/11/2016 19:40,19:40,12,0,0,ALAMEDA AVENUE 1000 BLOCK EAST & CORONA STREET,1,3,1,7,1,4,,0,30,0,0,0,0,0,4,2,16
,2016_18824,39.711105,-104.97339,11/25/2016 17:16,17:16,3,0,0,ALAMEDA AVENUE EAST & DOWNING STREET SOUTH,1,3,0,7,1,1,,0,30,0,0,0,0,0,4,2,3
,2016_18825,39.710151,-104.870754,4/8/2016 20:50,20:50,1,0,1,ALAMEDA AVENUE EAST & GALENA WAY SOUTH,1,3,0,7,1,1,,0,40,0,0,0,0,2,4,2,3
,2016_18826,39.711141,-104.9840235,7/19/2016 16:45,16:45,3,0,0,ALAMEDA AVENUE EAST & GRANT STREET SOUTH,1,1,0,7,1,1,,0,30,0,0,0,0,0,4,4,16
,2016_18827,39.711141,-104.9863905,8/3/2016 13:08,13:08,15,0,0,ALAMEDA AVENUE EAST & LINCOLN STREET SOUTH,1,1,1,7,1,1,,0,30,0,0,0,0,0,4,2,16
,2016_18828,39.711105,-104.972427,7/15/2016 15:20,15:20,15,0,0,ALAMEDA AVENUE EAST & MARION STREET SOUTH,1,1,0,0,1,4,,0,30,0,0,0,0,0,4,2,13
,2016_18829,39.711015,-104.952321,4/20/2016 8:48,8:48,12,0,0,ALAMEDA AVENUE EAST & MILWAUKEE STREET SOUTH,1,1,0,7,1,1,,0,30,0,0,0,0,1,4,2,16
,2016_18830,39.711366,-104.912964,8/8/2016 17:30,17:30,12,0,0,ALAMEDA AVENUE EAST & MONACO STREET SOUTH,1,1,0,7,1,3,,0,35,0,0,0,0,0,4,2,16
,2016_18831,39.711366,-104.912964,11/15/2016 16:50,16:50,10,0,0,ALAMEDA AVENUE EAST & MONACO STREET SOUTH,1,2,0,0,1,1,,0,35,0,0,0,0,0,4,2,14
,2016_18832,39.711114,-104.980383,5/17/2016 16:32,16:32,15,0,0,ALAMEDA AVENUE EAST & PEARL STREET SOUTH,1,1,0,7,1,4,,0,35,0,0,0,0,0,4,2,3
,2016_18833,39.711348,-104.9035005,11/23/2016 9:58,9:58,1,0,0,ALAMEDA AVENUE EAST & QUEBEC STREET SOUTH,1,1,0,7,1,1,,0,30,0,0,0,0,0,4,2,16
,2016_18834,39.711114,-104.959305,2/2/2016 10:25,10:25,12,0,0,ALAMEDA AVENUE 2300 BLOCK EAST & UNIVERSITY BOULEVARD,4,1,1,2,1,3,,0,30,0,0,0,0,0,4,2,16
,2016_18835,39.773097,-104.8079115,7/20/2016 17:00,17:00,1,0,0,ANDREWS DRIVE EAST & 40TH AVENUE EAST,1,1,0,0,1,1,,0,35,0,0,0,0,0,4,3,13
,2016_18836,39.786264,-104.8358925,3/18/2016 6:00,6:00,5,0,0,ANDREWS DRIVE EAST & WHEELING STREET NORTH,10,2,0,2,4,1,,0,25,0,0,0,0,0,4,1,14
,2016_18837,39.722517,-104.990832,4/16/2016 16:00,16:00,3,0,0,BANNOCK STREET NORTH & FOURTH AVENUE WEST,2,1,0,2,1,1,,0,30,0,0,0,0,0,4,2,14
,2016_18838,39.736836,-104.9902335,12/9/2016 21:14,21:14,1,0,0,BANNOCK STREET NORTH & 13TH AVENUE WEST,1,3,0,0,1,1,,0,60,0,0,0,0,1,4,2,13
,2016_18839,39.709332,-104.990004,1/27/2016 13:14,13:14,3,0,0,BANNOCK STREET SOUTH & DAKOTA AVENUE WEST,1,1,0,7,1,1,,0,20,0,0,0,0,0,4,2,3
,2016_18840,39.714714,-104.9757435,11/10/2016 8:13,8:13,6,0,0,BAYAUD AVENUE 900 BLOCK EAST & OGDEN STREET SOUTH,1,1,0,0,1,4,,0,25,0,0,0,0,0,4,2,13
,2016_18841,39.646053,-104.92272,2/24/2016 7:34,7:34,15,0,0,HOLLY STREET SOUTH & HAPPY CANYON ROAD,1,1,0,0,1,4,,0,20,0,0,0,0,0,4,2,13
,2016_18842,39.77312829,-104.9892215,11/25/2016 23:32,23:32,6,0,0,BROADWAY & 500 BLOCK SOUTH,1,3,0,0,1,4,,0,30,0,0,0,0,0,4,2,13
,2016_18843,39.720924,-104.9875065,5/3/2016 16:33,16:33,15,0,0,BROADWAY & THIRD AVENUE EAST,1,1,0,0,1,4,,0,35,0,0,0,0,0,4,2,13
,2016_18844,39.722535,-104.987502,12/8/2016 19:19,19:19,12,0,0,BROADWAY NORTH & FOURTH AVENUE EAST,5,3,0,0,1,4,,0,30,0,0,0,0,0,4,2,8
,2016_18845,39.751542,-104.9874255,7/2/2016 7:16,7:16,12,0,0,BROADWAY & CHAMPA STREET,2,1,0,1,1,2,,0,30,0,0,0,0,0,4,2,13
,2016_18846,39.674889,-104.9875335,6/23/2016 9:33,9:33,12,0,0,BROADWAY & ILIFF AVENUE WEST,1,1,0,7,1,2,,0,35,0,0,0,0,0,4,2,14
,2016_18847,39.687543,-104.9875245,4/24/2016 3:25,3:25,12,0,0,BROADWAY SOUTH & IOWA AVENUE EAST,1,3,0,7,1,1,,0,30,0,0,0,0,0,4,2,5
,2016_18848,39.756951,-104.98743,7/30/2016 18:51,18:51,15,0,0,BROADWAY NORTH & LARIMER STREET,1,2,0,0,1,1,,0,25,0,0,0,0,0,4,2,13
,2016_18849,39.75453,-104.987421,2/27/2016 16:00,16:00,15,0,0,BROADWAY NORTH & PARK AVENUE WEST,1,2,0,7,1,1,,0,35,0,0,0,0,0,4,2,16
,2016_18850,39.764457,-104.9393115,3/11/2016 17:12,17:12,3,0,0,BRUCE RANDOLPH AVENUE & ALBION STREET NORTH,1,2,0,7,1,1,,0,25,0,0,0,0,1,4,2,14
,2016_18851,39.764466,-104.936832,12/20/2016 8:40,8:40,3,0,0,BRUCE RANDOLPH AVENUE & BELLAIRE STREET,1,2,0,0,1,1,,0,30,0,0,0,0,1,4,3,13
,2016_18852,39.71115,-104.9851845,9/28/2016 18:59,18:59,6,0,0,SHERMAN STREET SOUTH & ALAMEDA AVENUE EAST,1,2,0,0,1,1,,0,35,0,0,0,0,0,4,2,13
,2016_18853,39.764475,-104.9356125,10/26/2016 14:27,14:27,6,0,0,BRUCE RANDOLPH AVENUE EAST & BIRCH STREET NORTH,1,1,0,0,1,4,,0,30,0,0,0,0,0,4,2,13
,2016_18854,39.76452,-104.964687,3/27/2016 0:59,0:59,15,0,0,BRUCE RANDOLPH AVENUE EAST & HIGH STREET NORTH,1,3,0,0,1,1,,0,25,0,0,0,0,0,4,2,13
,2016_18855,39.72044179,-105.018651,4/16/2016 6:50,6:50,6,0,0,BRYANT STREET & 1000 BLOCK NORTH,4,1,0,2,1,4,,0,25,0,0,0,0,0,4,2,13
,2016_18856,39.77330738,-104.8096856,10/30/2016 10:33,10:33,15,0,0,CHAMBERS ROAD 4000 BLOCK NORTH & 40TH AVENUE EAST,1,1,0,7,1,4,,0,40,0,0,0,0,1,4,2,7
,2016_18857,39.780324,-104.8098645,2/16/2016 7:30,7:30,15,0,0,CHAMBERS ROAD NORTH & BOLLING DRIVE EAST,1,1,0,0,1,4,,0,40,0,0,0,0,0,4,2,13
,2016_18858,39.783807,-104.809833,1/26/2016 19:00,19:00,1,0,0,CHAMBERS ROAD NORTH & GATEWAY AVENUE EAST,1,3,0,0,1,1,,0,35,0,0,0,0,1,4,2,8
,2016_18859,39.713067,-104.942556,3/9/2016 18:22,18:22,6,0,0,JACKSON STREET 200 BLOCK SOUTH & CEDAR AVENUE,1,3,0,0,1,4,,0,25,0,0,0,0,0,4,2,3
,2016_18860,39.745755,-104.994423,11/20/2016 8:28,8:28,15,0,0,CHAMPA STREET 1500 BLOCK & 15TH STREET,1,1,0,7,1,4,,0,30,0,0,0,0,0,4,2,16
,2016_18861,39.711168,-104.99238,12/3/2016 10:03,10:03,15,0,0,CHEROKEE STREET & ALAMEDA AVENUE WEST,1,1,0,0,1,4,,0,30,0,0,0,0,0,4,2,13
,2016_18862,39.712329,-104.9495715,12/31/2016 18:20,18:20,5,0,0,CHERRY CREEK SOUTH DRIVE 3000 BLOCK EAST & STEELE STREET SOUTH,1,3,0,7,3,4,,0,30,0,0,0,0,0,4,1,10
,2016_18863,39.690927,-104.9762205,4/21/2016 16:10,16:10,12,0,0,CLARKSON STREET 1300 BLOCK NORTH & 13TH AVENUE EAST,1,1,0,7,1,3,,0,30,0,0,0,0,0,4,2,16
,2016_18864,39.74001,-104.99202,4/13/2016 18:06,18:06,12,0,0,CLAY STREET 3800 BLOCK ALLEY NORTH & ELIOT STREET NORTH,1,1,1,0,1,5,,0,,0,0,0,0,1,4,2,13
,2016_18865,39.768345,-105.0276015,10/8/2016 11:00,11:00,6,0,0,CLYDE PLACE WEST & GROVE STREET NORTH,1,1,0,0,1,4,,0,,0,0,0,0,0,4,2,13
,2016_18866,39.684267,-104.9348925,8/4/2016 14:00,14:00,6,0,0,COLORADO AVENUE EAST  & CLERMONT STREET SOUTH,1,1,1,0,1,4,,0,25,0,0,0,0,0,4,3,14
,2016_18867,39.682152,-104.9565015,2/4/2016 7:42,7:42,3,0,0,COLUMBINE STREET & BUCHTEL BOULEVARD EAST ASBURY STREET EAST,4,1,0,0,1,5,,0,15,0,0,0,0,0,4,2,13
,2016_18868,39.661416,-104.9083335,1/11/2016 8:10,8:10,15,0,0,CORNELL AVENUE EAST & NEWPORT STREET SOUTH,5,1,1,0,1,1,,0,25,0,0,0,0,0,4,2,7
,2016_18869,39.61832987,-105.0618503,4/9/2016 14:00,14:00,1,0,0,CRESTLINE AVENUE & 8000 BLOCK WEST,1,1,0,0,1,1,,0,25,0,0,0,0,0,4,2,7
,2016_18870,39.709269,-104.978061,9/15/2016 2:05,2:05,6,0,0,DAKOTA AVENUE 800 BLOCK EAST & CLARKSON STREET SOUTH,1,4,1,0,1,4,,0,25,0,0,0,0,0,4,2,13
,2016_18871,39.77661467,-104.9922896,2/3/2016 14:17,14:17,6,0,0,DELAWARE STREET & 500 BLOCK NORTH,4,1,0,0,1,4,,0,25,0,0,0,0,0,4,2,14
,2016_18872,39.760389,-104.9733405,6/11/2016 12:20,12:20,12,0,1,DOWNING STREET NORTH & 32ND AVENUE EAST,1,1,0,7,1,4,,0,30,0,0,0,0,2,4,2,1
,2016_18873,39.711105,-104.97339,5/30/2016 22:10,22:10,12,0,0,DOWNING STREET 200 BLOCK SOUTH & ALAMEDA AVENUE EAST,1,3,0,7,1,3,,0,30,0,0,0,0,1,4,3,16
,2016_18874,39.711105,-104.97339,9/16/2016 7:38,7:38,12,0,0,DOWNING STREET SOUTH & ALAMEDA AVENUE EAST,1,1,0,0,1,4,,0,30,0,0,0,0,1,4,2,13
,2016_18875,39.714714,-104.973444,2/8/2016 15:09,15:09,12,0,0,DOWNING STREET 000 SOUTH & BAYAUD AVENUE EAST,1,1,1,7,1,4,,0,30,0,0,0,0,0,4,3,3
,2016_18877,39.678507,-104.973444,8/17/2016 15:15,15:15,3,0,0,DOWNING STREET SOUTH & EVANS AVENUE EAST,1,1,0,0,1,2,,0,30,0,0,0,0,0,4,2,13
,2016_18878,39.685743,-104.973453,1/9/2016 22:31,22:31,3,0,0,DOWNING STREET SOUTH & MEXICO AVENUE EAST,4,3,0,0,1,1,,0,35,0,0,0,0,0,4,2,13
,2016_18879,39.685743,-104.973453,4/6/2016 1:12,1:12,6,0,0,DOWNING STREET & MEXICO AVENUE EAST,1,4,0,0,1,2,,0,30,0,0,0,0,0,4,3,14
,2016_18880,39.762054,-104.973345,5/26/2016 13:26,13:26,12,0,0,DOWNING STREET NORTH & MLK BOULEVARD,2,1,0,7,1,4,,0,30,0,0,0,0,0,4,2,14