id,drcog_id,latitude,longitude,crashtime,time,crashtype,numbkilled,numbinjurd,drcoglocat,rdconditin,lightngcon,roadcntgrd,weatherco,location,roaddescrp,schoolzone,constrzone,splimit,bikeinv,pedinv,sctrinv,motoinv,svrty,rdsystem,ttlvehcls,hcf
,2016_19022,39.762306,-104.9805405,11/15/2016 7:05,7:05,3,0,0,30TH STREET & LARIMER STREET,1,1,0,7,1,1,,0,15,0,0,0,0,0,4,2,16
,2016_19023,39.76695,-104.9745015,3/13/2016 3:14,3:14,3,0,0,35TH STREET & LARIMER STREET,1,3,0,7,1,1,,0,25,0,0,0,0,1,4,2,8
,2016_19024,39.725694,-104.9985945,2/1/2016 6:32,6:32,6,0,0,SANTA FE DRIVE & SIXTH AVENUE WEST,2,2,0,2,1,4,,0,35,0,0,0,0,1,4,3,10
,2016_19025,39.728907,-104.998644,7/11/2016 10:32,10:32,12,0,0,SANTA FE DRIVE NORTH & EIGHTH AVENUE WEST,1,1,0,7,1,4,,0,30,0,0,0,0,0,4,2,16
,2016_19026,39.693006,-104.9925105,11/6/2016 9:01,9:01,8,0,0,SANTE FE DRIVE 1300 BLOCK SOUTH & LOUISIANA AVENUE WEST,1,1,0,0,1,4,,0,40,0,0,0,0,0,4,2,8
,2016_19027,39.73383,-104.984874,6/4/2016 19:29,19:29,15,0,0,SHERMAN STREET 1000 NORTH & 11TH AVENUE EAST,1,1,0,0,1,4,,0,25,0,0,0,0,0,4,2,13
,2016_19028,39.776526,-105.0099525,6/14/2016 21:15,21:15,14,0,0,SHOSHONE STREET NORTH & 44TH AVENUE WEST,1,3,0,0,6,4,,0,25,0,0,0,0,0,4,2,1
,2016_19029,39.73851768,-104.9969761,4/27/2016 13:45,13:45,12,0,0,SPEER BOULEVARD & 700 BLOCK NORTH,1,1,0,0,1,4,,0,35,0,0,0,0,0,4,2,13
,2016_19030,39.736863,-104.996484,5/10/2016 18:44,18:44,15,0,0,SPEER BOULEVARD NORTH & 13TH AVENUE WEST,1,1,0,0,1,4,,0,35,0,0,0,0,0,4,2,3
,2016_19031,39.748446,-105.0033735,6/15/2016 7:45,7:45,12,0,0,SPEER BOULEVARD NORTH & AURARIA PARKWAY,1,1,0,7,1,3,,0,30,0,0,0,0,0,4,3,16
,2016_19032,39.742263,-104.9993505,7/13/2016 12:52,12:52,3,0,0,SPEER BOULEVARD NORTH & CHAMPA STREET,1,1,1,0,1,1,,0,30,0,0,0,0,0,4,2,13
,2016_19033,39.71835,-104.9745915,4/13/2016 13:20,13:20,1,0,0,SPEER BOULEVARD EAST & CORONA STREET NORTH,1,1,0,7,1,1,,0,30,0,0,0,0,0,4,2,1
,2016_19034,39.682269,-105.0489675,8/8/2016 2:40,2:40,6,0,0,WOLCOTT COURT & JEWELL AVENUE WEST,1,3,0,0,1,4,,0,15,0,0,0,0,0,4,2,13
,2016_19036,39.71835,-104.9745915,7/8/2016 9:20,9:20,3,0,0,SPEER BOULEVARD EAST & CORONA STREET NORTH,1,1,0,7,1,1,,0,35,0,0,0,0,0,4,2,16
,2016_19037,39.746403,-105.0014385,10/4/2016 18:50,18:50,15,0,0,SPEER BOULEVARD NORTH & LARIMER STREET,1,3,0,0,1,1,,0,30,0,0,0,0,0,4,2,14
,2016_19038,39.754197,-105.010101,2/23/2016 15:33,15:33,12,0,0,SPEER BOULEVARD NORTH & PLATTE STREET,1,1,1,0,1,4,,0,35,0,0,0,0,0,4,2,16
,2016_19039,39.741426,-104.9988915,8/17/2016 8:35,8:35,15,0,0,SPEER BOULEVARD NORTH SOUTHBOUND & STOUT STREET,1,1,0,0,1,1,,0,30,0,0,0,0,0,4,2,13
,2016_19040,39.778722,-104.9222925,1/15/2016 16:20,16:20,5,0,0,STAPLETON DRIVE NORTH & HOLLY STREET NORTH,1,1,0,0,3,1,,0,30,0,0,0,0,0,4,1,1
,2016_19041,39.744882,-104.99427,5/14/2016 21:28,21:28,15,0,0,STOUT STREET & 15TH STREET,1,3,0,0,1,4,,0,30,0,0,0,0,0,4,2,8
,2016_19042,39.74486995,-104.9941769,11/3/2016 12:00,12:00,6,0,0,STOUT STREET 1500 BLOCK & 16TH STREET,1,1,0,0,1,4,,0,25,0,0,0,0,0,4,2,13
,2016_19043,39.680226,-104.9508,6/14/2016 17:38,17:38,3,0,0,STREET PAUL STREET SOUTH & ASBURY AVENUE EAST,1,1,0,7,1,1,,0,30,0,0,0,0,0,4,2,16
,2016_19044,39.643425,-104.893929,9/28/2016 7:48,7:48,15,0,0,TAMARAC DRIVE 3900 BLOCK SOUTH & PRINCETON AVENUE EAST,1,1,0,0,1,4,,0,,0,0,0,0,0,4,2,13
,2016_19045,39.765636,-105.01119,10/14/2016 22:27,22:27,14,0,0,TEJON STREET NORTH & 35TH AVENUE WEST,1,3,1,0,1,4,,0,30,0,0,0,0,0,4,3,5
,2016_19046,39.73104,-105.041943,12/19/2016 14:00,14:00,6,0,0,TENNYSON STREET 900 BLOCK NORTH & 10TH AVENUE WEST,4,1,1,2,1,4,,0,25,0,0,0,0,0,4,2,7
,2016_19047,39.771135,-105.0440355,7/28/2016 13:55,13:55,6,0,1,TENNYSON STREET NORTH & 39TH AVENUE WEST,1,1,0,0,1,4,,0,25,0,0,0,0,2,4,2,14
,2016_19048,39.783609,-104.772222,8/16/2016 17:50,17:50,12,0,0,TOWER ROAD NORTH & GREEN VALLEY RANCH BOULEVARD EAST,1,1,0,7,1,4,,0,45,0,0,0,0,0,4,3,4
,2016_19049,39.624192,-104.89473,2/28/2016 18:10,18:10,3,0,0,ULSTER PARKWAY & BELLEVIEW AVENUE EAST,1,3,1,0,1,2,,0,35,0,0,0,0,0,4,2,13
,2016_19050,39.629457,-104.895333,3/7/2016 8:30,8:30,12,0,0,ULSTER STREET SOUTH & UNION AVENUE 8100 BLOCK EAST,1,1,2,0,1,1,,0,35,0,0,0,0,1,4,2,14
,2016_19051,39.629457,-104.895333,10/21/2016 13:18,13:18,12,0,0,ULSTER STREET 4600 BLOCK SOUTH & UNION AVENUE EAST,1,1,1,0,1,4,,0,30,0,0,0,0,0,4,2,3
,2016_19052,39.701736,-104.95971,6/30/2016 15:00,15:00,6,0,0,UNIVERSITY BOULEVARD 811 SOUTH & ALLEY,1,1,0,0,1,5,,0,,0,0,0,0,0,4,2,13
,2016_19053,39.691125,-104.959332,4/29/2016 14:50,14:50,12,0,0,UNIVERSITY BOULEVARD 1400 BLOCK SOUTH & ARKANSAS AVENUE EAST,2,1,0,2,1,4,,0,30,0,0,0,0,0,4,3,14
,2016_19054,39.715263,-104.959323,3/10/2016 12:43,12:43,1,0,0,UNIVERSITY BOULEVARD SOUTH & CHERRY CREEK SOUTH DRIVE,1,1,0,7,1,2,,0,30,0,0,0,0,0,4,2,14
,2016_19055,39.700224,-104.959323,5/6/2016 16:28,16:28,12,0,0,UNIVERSITY BOULEVARD SOUTH & KENTUCKY AVENUE EAST,1,1,0,7,1,3,,0,35,0,0,0,0,0,4,2,3
,2016_19056,39.673008,-104.9593905,1/11/2016 12:37,12:37,1,0,0,UNIVERSITY BOULEVARD SOUTH & WESLEY AVENUE EAST,1,1,1,0,1,1,,0,30,0,0,0,0,0,4,2,16
,2016_19057,39.7057275,-104.8904798,5/4/2016 6:55,6:55,12,0,0,VALENTIA STREET SOUTH & FAIRMOUNT DRIVE EAST,1,1,0,7,1,4,,0,30,0,0,0,0,0,4,2,16
,2016_19058,39.754458,-104.962221,4/5/2016 7:43,7:43,10,0,0,VINE STREET NORTH & 26TH AVENUE EAST,1,1,0,0,1,1,,0,25,0,0,0,1,1,4,2,13
,2016_19059,39.77440197,-105.0462973,5/21/2016 14:00,14:00,6,0,0,VRAIN STREET & 240 SOUTH,1,1,1,0,1,4,,0,25,0,0,0,0,0,4,2,7
,2016_19060,39.70431,-105.0472215,12/7/2016 16:00,16:00,6,0,0,VRAIN STREET SOUTH & EXPOSITION AVENUE WEST,4,5,0,2,1,3,,0,25,0,0,0,0,0,4,2,8
,2016_19061,39.760128,-104.9850315,7/10/2016 16:00,16:00,15,0,0,WALNUT STREET & 27TH STREET,1,1,0,7,1,1,,0,30,0,0,0,0,0,4,2,16
,2016_19062,39.75498,-104.995143,7/22/2016 9:46,9:46,15,0,0,WAZEE & 20TH STREET,1,1,1,0,1,1,,0,20,0,0,0,0,0,4,2,14
,2016_19063,39.74133235,-104.9953824,3/31/2016 13:14,13:14,15,0,0,WELTON STREET & 1600 BLOCK,2,1,0,2,1,2,,0,30,0,0,0,0,0,4,2,1
,2016_19064,39.667626,-104.912964,7/25/2016 7:32,7:32,12,0,0,YALE AVENUE EAST & MONACO STREET SOUTH,1,1,0,7,1,4,,0,30,0,0,0,0,0,4,2,16
,2016_19065,39.769272,-104.9597415,6/9/2016 16:47,16:47,15,0,0,YORK STREET NORTH & 38TH AVENUE EAST,1,1,0,7,1,4,,0,35,0,0,0,0,0,4,2,14
,2016_19066,39.75721912,-105.015767,5/21/2016 13:48,13:48,12,0,0,ZUNI STREET 2800 BLOCK NORTH & 29TH AVENUE WEST,1,1,0,7,1,4,,0,30,0,0,0,0,0,4,2,7
,2016_19067,39.760758,-105.015816,12/15/2016 8:19,8:19,3,0,0,ZUNI STREET NORTH & 31ST AVENUE WEST,1,1,0,0,1,1,,0,35,0,0,0,0,0,4,2,14
,2016_19068,39.787407,-105.015834,8/16/2016 10:45,10:45,6,0,0,ZUNI STREET & 50TH AVENUE,1,1,0,0,1,4,,0,30,0,0,0,0,0,4,2,13
,2016_19128,39.729141,-104.8867245,11/15/2016 20:00,20:00,5,0,0,YOSEMITE STREET NORTH & 1521 NORTH YOSEMITE STREET,1,3,0,0,2,4,,0,35,0,0,0,0,0,4,1,14
,2016_19276,39.772917,-105.01587,7/27/2016 13:00,13:00,6,0,0,41ST AVENUE & ZUNI STREET,1,1,0,0,1,4,,0,25,0,0,0,0,0,4,2,13
,2016_19369,39.714651,-104.949972,8/21/2016 3:05,3:05,5,0,0,STEELE STREET & BAYAUD AVENUE EAST,1,3,0,0,2,4,,0,30,0,0,0,0,0,4,1,5
,2016_19478,39.689379,-104.9804415,1/5/2016 21:31,21:31,6,0,0,FLORIDA AVENUE 500 BLOCK EAST & PEARL STREET SOUTH,1,3,0,7,1,4,,0,25,0,0,0,0,0,4,2,5
,2016_19523,39.73192913,-104.978682,8/23/2016 10:10,10:10,6,0,0,WASHINGTON STREET NORTH & 1800 BLOCK,1,1,0,0,1,2,,0,30,0,0,0,0,0,4,2,13
,2016_19537,39.778729,-104.924682,1/2/2016 5:20,5:20,5,0,0,I70 & GRAPE STREET NORTH,1,4,0,0,3,4,,0,55,0,0,0,0,0,1,1,13
,2016_19563,39.778341,-104.92238,12/2/2016 22:10,22:10,5,0,0,I70 & HOLLY STREET,1,4,0,0,2,4,,0,55,0,0,0,0,1,1,1,5
,2016_19712,39.68955,-105.051051,3/27/2016 2:00,2:00,6,0,0,YATES STREET 1500 BLOCK SOUTH & FLORIDA AVENUE WEST,2,4,0,2,1,4,,0,,0,0,0,0,0,4,2,13
,2016_19773,39.776715,-105.034644,9/8/2016 14:43,14:43,5,0,0,LOWELL BOULEVARD NORTH & 44TH AVENUE WEST,1,1,1,0,3,1,,0,30,0,0,0,0,0,4,1,13
,2016_19795,39.727287,-104.967126,8/20/2016 8:15,8:15,6,0,0,GILPIN STREET NORTH & SEVENTH AVENUE EAST,1,1,0,0,1,4,,0,25,0,0,0,0,0,4,2,13
,2016_19817,39.790962,-104.8391505,11/19/2016 20:00,20:00,6,0,0,ELMENDORF PLACE EAST & TITAN COURT NORTH,1,3,0,0,1,1,,0,25,0,0,0,0,0,4,2,1
,2016_19825,39.678552,-104.9816925,12/3/2016 11:00,11:00,6,0,0,PENNSYLVANIA SOUTH & EVANS AVENUE EAST,1,1,0,0,1,4,,0,,0,0,0,0,0,4,2,13
,2016_19848,39.689523,-105.0156945,1/11/2016 12:35,12:35,12,0,0,FLORIDA AVENUE WEST & ZUNI STREET SOUTH,1,1,1,0,1,4,,0,30,0,0,0,0,0,4,2,2
,2016_19849,39.749715,-104.9932665,6/20/2016 17:20,17:20,12,0,0,ARAPAHOE STREET & 18TH STREET,1,1,0,0,1,3,,0,,0,0,0,0,0,4,2,13
,2016_19850,39.700395,-105.0454035,7/10/2016 21:15,21:15,6,0,0,KENTUCKY AVENUE WEST & UTICA STREET SOUTH,1,3,0,0,1,1,,0,30,0,0,0,0,0,4,2,13
,2016_19851,39.754395,-104.987241,8/16/2016 19:50,19:50,12,0,0,PARK AVENUE WEST & ARAPAHOE STREET,14,2,1,0,1,4,,0,25,0,0,0,0,0,4,2,3
,2016_19852,39.678435,-104.9352615,8/19/2016 9:10,9:10,10,0,0,CLERMONT STREET SOUTH & EVANS AVENUE,1,1,0,0,1,4,,0,25,0,0,0,0,0,4,2,13
,2016_19853,39.738438,-104.9929335,8/19/2016 12:40,12:40,3,0,0,14TH AVENUE WEST & DELAWARE STREET NORTH,1,1,0,0,1,1,,0,30,0,0,0,0,0,4,2,13
,2016_19854,39.663036,-104.959431,8/24/2016 7:20,7:20,12,0,0,UNIVERSITY BOULEVARD SOUTH & CORNELL AVENUE EAST,1,1,0,0,1,4,,0,35,0,0,0,0,0,4,2,13
,2016_19855,39.650499,-105.053085,8/26/2016 15:50,15:50,1,0,0,SHERIDAN BOULEVARD SOUTH & KENYON AVENUE WEST,1,1,0,0,1,1,,0,45,0,0,0,0,0,4,2,3
,2016_19856,39.782358,-104.8589955,8/27/2016 2:12,2:12,12,0,0,47TH AVENUE EAST & KINGSTON STREET NORTH,1,3,0,0,1,1,,0,25,0,0,0,0,1,4,2,5
,2016_19857,39.718332,-104.9591025,8/27/2016 16:45,16:45,15,0,0,JOSEPHINE STREET & FIRST AVENUE EAST,1,1,0,0,1,4,,0,30,0,0,0,0,0,4,2,8
,2016_19858,39.837969,-104.6928825,8/27/2016 22:35,22:35,10,0,0,78TH AVENUE EAST 24890 & JACKSON GAP,1,3,0,0,1,1,,0,35,0,0,0,0,0,4,2,13
,2016_19859,39.832011,-104.71554,8/28/2016 12:45,12:45,15,0,0,75TH AVENUE EAST & GUN CLUB ROAD NORTH,1,1,0,0,1,1,,0,35,0,0,0,0,0,4,2,13
,2016_19860,39.736872,-104.9952825,8/31/2016 12:00,12:00,12,0,0,13TH AVENUE & FOX STREET NORTH,1,1,0,0,1,1,,0,30,0,0,0,0,1,4,2,13
,2016_19861,39.773178,-104.809932,9/2/2016 10:30,10:30,5,0,0,CHAMBERS ROAD NORTH & 40TH AVENUE EAST,1,1,0,0,3,1,,0,5,0,0,0,0,0,4,1,7
,2016_19862,39.745152,-105.026805,9/2/2016 18:15,18:15,3,0,0,18TH AVENUE WEST & GROVE STREET NORTH,1,1,0,0,1,1,,0,25,0,0,0,0,0,4,2,13
,2016_19863,39.746187,-104.9861025,9/3/2016 11:08,11:08,12,0,0,19TH AVENUE & LINCOLN STREET NORTH,1,1,1,0,1,4,,0,30,0,0,0,0,1,4,2,13
,2016_19864,39.77575718,-105.0439759,9/3/2016 19:50,19:50,6,0,0,TENNYSON STREET & 4267 NORTH,1,2,0,0,1,4,,0,25,0,0,0,0,0,4,2,3
,2016_19865,39.718404,-104.903784,9/8/2016 7:55,7:55,15,0,0,QUEBEC STREET & FIRST AVENUE EAST,1,1,0,0,1,4,,0,35,0,0,0,0,0,4,2,13
,2016_19866,39.743766,-104.9116545,9/8/2016 12:45,12:45,3,0,0,17TH AVENUE EAST & MAGNOLIA STREET NORTH,1,1,0,0,1,1,,0,30,0,0,0,0,0,4,2,13
,2016_19867,39.753423,-104.988402,9/9/2016 19:42,19:42,15,0,0,22ND STREET & ARAPAHOE STREET,1,3,0,0,1,1,,0,25,0,0,0,0,0,4,2,13
,2016_19868,39.769263,-105.020523,9/19/2016 17:15,17:15,12,0,0,CLAY STREET NORTH & 38TH AVENUE WEST,1,1,0,0,1,4,,0,25,0,0,0,0,0,4,2,13
,2016_19869,39.743775,-104.9034825,9/20/2016 8:13,8:13,12,0,0,QUEBEC STREET NORTH & 17TH AVENUE EAST,1,1,0,0,1,4,,0,30,0,0,0,0,0,4,3,3
,2016_19870,39.711285,-105.0348915,9/26/2016 7:55,7:55,3,0,0,ALAMEDA AVENUE WEST & LOWELL BOULEVARD SOUTH,1,1,0,0,1,1,,0,30,0,0,0,0,0,4,2,14
,2016_19871,39.783771,-104.8096575,9/26/2016 16:49,16:49,3,0,0,CHAMBERS & GREEN VALLEY RANCH BOULEVARD,1,1,0,0,1,1,,0,40,0,0,0,0,0,4,2,7
,2016_19872,39.79677166,-104.8245075,9/27/2016 19:15,19:15,6,0,0,BALTIMORE COURT & 5561 NORTH,1,1,0,0,1,4,,0,,0,0,0,0,0,4,2,13
,2016_19873,39.777993,-104.7720735,9/29/2016 12:45,12:45,12,0,0,TOWER ROAD NORTH & 45TH AVENUE EAST,1,1,0,0,1,3,,0,40,0,0,0,0,0,4,3,1
,2016_19874,39.77312829,-104.9892215,10/5/2016 20:15,20:15,6,0,0,BROADWAY & 550 NORTH,1,3,0,0,1,2,,0,35,0,0,0,0,0,4,2,14
,2016_19875,39.629457,-104.895333,10/6/2016 19:54,19:54,3,0,0,ULSTER STREET SOUTH & UNION AVENUE EAST,1,3,0,0,1,1,,0,35,0,0,0,0,0,4,2,2
,2016_19876,39.715452,-104.896521,10/12/2016 19:11,19:11,9,0,0,TAMARAC STREET NORTH / ULSTER WEST ALLEY & 26TH AVENUE EAST,1,3,1,0,1,5,,0,,0,0,0,0,0,4,1,13
,2016_19877,39.680316,-104.9888115,10/13/2016 15:04,15:04,8,0,0,ASBURY AVENUE & ACOMA STREET SOUTH APPROXIMATELY,1,1,0,0,1,4,,0,,0,0,0,0,0,4,2,13
,2016_19878,39.770505,-104.9948325,10/21/2016 15:53,15:53,3,0,0,FOX STREET & 39TH AVENUE WEST,1,1,0,0,1,1,,0,25,0,0,0,0,1,4,3,8
,2016_19879,39.691125,-104.959332,10/29/2016 8:40,8:40,12,0,0,UNIVERSITY BOULEVARD SOUTH & ARKANSAS AVENUE EAST,1,1,1,0,1,4,,0,30,0,0,0,0,0,4,2,13
,2016_19880,39.65193,-104.913054,12/26/2016 18:41,18:41,3,0,0,MONACO STREET SOUTH & ITHACA PLACE EAST,1,3,0,0,1,3,,0,30,0,0,0,0,0,4,2,13
,2016_19881,39.703887,-104.9827905,12/30/2016 2:10,2:10,6,0,0,LOGAN STREET & EXPOSITION AVENUE EAST,1,4,0,0,1,4,,0,30,0,0,0,0,0,4,3,5
,2016_19882,39.718152,-105.032484,8/9/2016 13:58,13:58,6,0,0,FIRST AVENUE WEST & KNOX COURT NORTH,1,1,0,0,1,3,,0,35,0,0,0,0,0,4,2,13
,2016_19884,39.718026,-104.9522265,2/4/2016 17:24,17:24,12,0,0,FIRST AVENUE EAST & MILWAUKEE STREET NORTH,1,2,0,0,1,1,,0,30,0,0,0,0,0,4,2,5
,2016_19885,39.720924,-104.989194,10/13/2016 11:56,11:56,3,0,0,THIRD AVENUE WEST & ACOMA STREET NORTH,1,1,0,0,1,1,,0,25,0,0,0,0,0,4,2,13
,2016_19886,39.72096,-104.941323,8/16/2016 14:00,14:00,3,0,0,THIRD AVENUE EAST & HARRISON STREET NORTH,1,1,0,7,1,1,,0,25,0,0,0,0,0,4,2,16
,2016_19888,39.720933,-105.0055695,11/17/2016 14:13,14:13,3,0,0,THIRD AVENUE WEST & RIO GRANDE BOULEVARD NORTH,2,1,0,2,1,1,,0,25,0,0,0,0,0,4,2,16
,2016_19889,39.722913,-105.0324705,11/26/2016 9:22,9:22,9,0,0,FOURTH AVENUE WEST & KNOX COURT NORTH,1,1,1,7,2,1,,0,35,0,0,0,0,0,4,1,1
,2016_19890,39.74001,-104.99202,4/25/2016 9:34,9:34,15,0,0,FOURTH AVENUE EAST & PEORIA STREET NORTH,1,1,0,7,1,1,,0,35,0,0,0,0,0,4,2,1
,2016_19891,39.72411,-104.9985945,10/21/2016 17:20,17:20,10,0,0,FIFTH AVENUE WEST & SANTA FE DRIVE NORTH,1,1,0,0,1,1,,0,35,0,0,0,0,0,4,2,8
,2016_19892,39.725595,-104.9429115,7/8/2016 16:49,16:49,15,0,0,SIXTH AVENUE EAST & JACKSON STREET NORTH,1,1,0,7,1,4,,0,35,0,0,0,0,0,4,2,3
,2016_19893,39.798396,-104.786415,4/23/2016 21:31,21:31,5,0,0,56TH AVENUE EAST & PENA BOULEVARD,1,3,0,0,2,1,,0,45,0,0,0,0,1,4,1,10
,2016_19894,39.72627,-105.0002055,7/11/2016 7:12,7:12,12,0,0,SIXTH AVENUE 1000 BLOCK WEST & KALAMATH STREET NORTH,1,1,0,7,1,3,,0,35,0,0,0,0,0,4,2,1
,2016_19895,39.725649,-104.986314,3/31/2016 6:29,6:29,3,0,0,SIXTH AVENUE EAST & LINCOLN STREET NORTH,1,1,0,7,1,1,,0,35,0,0,0,0,0,4,2,16
,2016_19896,39.725775,-105.03837,6/9/2016 1:49,1:49,5,0,0,SIXTH AVENUE NORTH DRIVE WEST & OSCEOLA STREET NORTH,1,3,0,0,3,1,,0,25,0,0,0,0,0,4,1,8
,2016_19897,39.725334,-104.904594,2/29/2016 17:00,17:00,15,0,0,SIXTH AVENUE EAST & POPLAR STREET NORTH,1,1,0,0,1,4,,0,35,0,0,0,0,0,4,2,16
,2016_19898,39.725343,-105.0092415,8/4/2016 8:25,8:25,12,0,0,SIXTH AVENUE FRNT ROAD 1800 BLOCK WEST & RARITAN WAY NORTH,1,1,1,7,1,4,,0,45,0,0,0,0,1,4,3,16
,2016_19899,39.725829,-104.8920818,2/25/2016 8:10,8:10,3,0,0,SIXTH AVENUE EAST & UINITA STREET NORTH,1,1,0,0,1,6,,0,15,0,0,0,0,0,4,2,13
,2016_19900,39.727287,-104.976423,6/13/2016 13:43,13:43,3,0,0,SEVENTH AVENUE EAST & EMERSON STREET NORTH,1,1,1,7,1,1,,0,25,0,0,0,0,0,4,2,16
,2016_19901,39.729303,-105.0223531,12/6/2016 15:19,15:19,12,0,0,EIGHTH AVENUE WEST & 2900 BLOCK,1,1,1,0,1,4,,0,35,0,0,0,0,1,4,2,13
,2016_19902,39.729132,-104.9484015,5/5/2016 8:00,8:00,12,0,0,EIGHTH AVENUE EAST & ADAMS STREET NORTH,1,1,0,7,1,1,,0,30,0,0,0,0,0,4,2,12
,2016_19903,39.729321,-105.019803,11/19/2016 15:17,15:17,3,0,0,EIGHTH AVENUE WEST & CANOSA COURT NORTH,1,1,0,0,1,3,,0,25,0,0,0,0,0,4,2,3
,2016_19904,39.729222,-104.931612,12/11/2016 15:17,15:17,8,0,0,EIGHTH AVENUE 4700 BLOCK EAST & DAHLIA STREET,1,1,0,0,1,4,,0,30,0,0,0,0,0,4,2,13
,2016_19905,39.729087,-104.9706045,1/22/2016 17:32,17:32,3,0,0,EIGHTH AVENUE EAST & LAFAYETTE STREET NORTH,1,3,0,0,1,1,,0,30,0,0,0,0,1,4,2,13
,2016_19906,39.73113,-105.0251445,12/9/2016 15:45,15:45,6,0,0,NINTH AVENUE WEST & FEDERAL BOULEVARD NORTH,1,2,0,0,1,4,,0,,0,0,0,0,0,4,2,13
,2016_19907,39.732039,-104.9902425,8/6/2016 16:54,16:54,3,0,0,10TH AVENUE WEST & BANNOCK STREET NORTH,1,1,0,0,1,1,,0,25,0,0,0,0,1,4,2,1
,2016_19908,39.732093,-104.9439825,3/25/2016 17:39,17:39,3,0,0,10TH AVENUE EAST & GARFIELD STREET NORTH,1,1,0,7,1,1,,0,25,0,0,0,0,0,4,2,16
,2016_19909,39.732984,-105.0394815,11/3/2016 8:25,8:25,12,0,0,10TH AVENUE 4000 BLOCK WEST & PERRY STREET NORTH,1,1,1,0,1,3,,0,25,0,0,0,0,1,4,2,13
,2016_19910,39.733686,-104.9741325,12/26/2016 15:30,15:30,6,0,0,11TH AVENUE & CORONA STREET,1,1,0,0,1,4,,0,25,0,0,0,0,0,4,2,13
,2016_19912,39.733416,-104.9586435,4/25/2016 13:21,13:21,6,0,0,11TH AVENUE EAST & JOSEPHINE STREET NORTH,1,1,0,0,1,4,,0,30,0,0,0,0,0,4,4,13
,2016_19913,39.733695,-104.9787135,1/14/2016 22:57,22:57,3,0,0,11TH AVENUE EAST & WASHINGTON STREET NORTH,1,3,0,0,1,1,,0,30,0,0,0,0,0,4,2,13
,2016_19914,39.735279,-105.000165,3/26/2016 17:48,17:48,6,0,0,12TH AVENUE 1000 BLOCK WEST & KALAMATH STREET NORTH,1,1,0,0,1,4,,0,25,0,0,0,0,1,4,2,3
,2016_19915,39.735144,-104.9823225,1/28/2016 18:20,18:20,10,0,0,12TH AVENUE EAST & LOGAN STREET NORTH,1,3,0,0,1,1,,0,30,0,0,0,0,0,4,2,13
,2016_19916,39.735144,-104.9823225,11/6/2016 13:33,13:33,15,0,0,12TH AVENUE 400 BLOCK EAST & LOGAN STREET NORTH,1,1,0,0,1,3,,0,30,0,0,0,0,0,4,3,13
,2016_19917,39.735144,-104.9823225,11/28/2016 16:58,16:58,3,0,0,12TH AVENUE EAST & LOGAN STREET NORTH,1,3,0,0,1,1,,0,35,0,0,0,0,0,4,3,12
,2016_19918,39.736836,-104.9902335,5/26/2016 7:11,7:11,3,0,0,13TH AVENUE WEST & BANNOCK STREET NORTH,1,1,0,0,1,1,,0,35,0,0,0,0,1,4,2,14
,2016_19919,39.736665,-104.9223105,6/4/2016 21:37,21:37,3,0,0,13TH AVENUE EAST & HOLLY STREET NORTH,1,3,0,7,1,1,,0,25,0,0,0,0,1,4,2,16
,2016_19920,39.736863,-104.982336,1/8/2016 2:00,2:00,14,0,0,13TH AVENUE EAST & LOGAN STREET NORTH,4,3,1,2,1,1,,0,30,0,0,0,0,0,4,2,14
,2016_19921,39.737268,-104.8846815,11/12/2016 9:15,9:15,3,0,0,13TH AVENUE EAST & YOSEMITE STREET NORTH,1,1,0,7,1,1,,0,30,0,0,0,0,0,4,2,7
,2016_19922,39.738339,-104.947272,5/4/2016 20:52,20:52,12,0,2,14TH AVENUE EAST & COOK STREET NORTH,1,3,1,7,1,1,,0,30,0,0,0,0,2,4,2,5
,2016_19923,39.73833,-104.9439825,2/12/2016 17:05,17:05,3,0,1,14TH AVENUE EAST & GARFIELD STREET NORTH,1,1,0,7,1,1,,0,30,0,0,0,0,2,4,2,14
,2016_19925,39.738438,-104.983623,5/18/2016 17:48,17:48,12,0,0,14TH AVENUE EAST & GRANT STREET NORTH,1,1,0,7,1,1,,0,25,0,0,0,0,0,4,2,16
,2016_19926,39.738474,-105.039324,11/15/2016 16:13,16:13,3,0,0,14TH AVENUE WEST & PERRY STREET NORTH,1,1,1,7,1,1,,0,30,0,0,0,0,0,4,2,16
,2016_19927,39.738366,-104.9598225,1/24/2016 2:30,2:30,12,0,0,14TH AVENUE 2200 BLOCK EAST & YORK STREET NORTH,1,3,0,7,1,1,,0,30,0,0,0,0,0,4,2,5
,2016_19929,39.741597,-104.9622435,2/3/2016 12:30,12:30,3,0,0,16TH AVENUE EAST & VINE STREET NORTH,5,1,0,7,1,1,,0,25,0,0,0,0,1,4,2,16
,2016_19930,39.74001,-104.99202,6/4/2016 17:00,17:00,12,0,0,2800 NORTH ESPLANADE PARKWAY & 17TH AVENUE BLOCK EAST,1,1,0,0,1,4,,0,30,0,0,0,0,0,4,2,13
,2016_19931,39.743757,-104.944194,10/17/2016 20:15,20:15,3,0,0,17TH AVENUE EAST & GARFIELD STREET NORTH,1,3,0,0,1,1,,0,30,0,0,0,0,0,4,2,7