id,drcog_id,latitude,longitude,crashtime,time,crashtype,numbkilled,numbinjurd,drcoglocat,rdconditin,lightngcon,roadcntgrd,weatherco,location,roaddescrp,schoolzone,constrzone,splimit,bikeinv,pedinv,sctrinv,motoinv,svrty,rdsystem,ttlvehcls,hcf
,2016_19932,39.743262,-104.9835915,7/31/2016 22:36,22:36,3,0,0,17TH AVENUE EAST & GRANT STREET NORTH,1,3,0,0,1,1,,0,30,0,0,0,0,1,4,2,3
,2016_19933,39.743226,-104.970906,4/24/2016 14:00,14:00,6,0,0,17TH AVENUE 1300 BLOCK EAST & LAFAYETTE STREET NORTH,1,1,0,7,1,4,,0,30,0,0,0,1,0,4,2,14
,2016_19934,39.743766,-104.9116545,11/14/2016 17:12,17:12,3,0,0,17TH AVENUE EAST & MAGNOLIA STREET NORTH,1,3,0,7,1,1,,0,25,0,0,0,0,1,4,2,3
,2016_19935,39.743226,-104.9721525,2/20/2016 8:10,8:10,3,0,0,17TH AVENUE EAST & MARION STREET NORTH,1,1,0,7,1,1,,0,30,0,0,0,0,0,4,2,16
,2016_19936,39.743253,-104.981103,1/14/2016 23:02,23:02,12,0,0,17TH AVENUE EAST & PENNSYLVANIA STREET NORTH,1,3,0,0,1,4,,0,30,0,0,0,0,0,4,7,5
,2016_19937,39.74481,-104.977566,1/30/2016 14:00,14:00,3,0,0,18TH AVENUE EAST & CLARKSON STREET NORTH,1,1,0,7,1,1,,0,30,0,0,0,0,0,4,2,3
,2016_19938,39.744828,-104.967225,1/27/2016 15:35,15:35,10,0,0,18TH AVENUE EAST & GILPIN STREET NORTH,1,1,0,0,1,1,,0,30,0,0,0,0,0,4,2,13
,2016_19939,39.744819,-104.9823765,2/12/2016 14:12,14:12,3,0,0,18TH AVENUE EAST & LOGAN STREET NORTH,1,1,0,0,1,1,,0,35,0,0,0,0,0,4,2,14
,2016_19940,39.74616,-104.987385,9/6/2016 8:15,8:15,15,0,0,19TH AVENUE EAST & BROADWAY STREET NORTH,1,1,0,0,1,1,,0,30,0,0,0,0,0,4,2,13
,2016_19941,39.746952,-104.973354,3/25/2016 8:00,8:00,3,0,0,20TH AVENUE EAST & DOWNING STREET NORTH,1,1,0,0,1,1,,0,30,0,0,0,0,1,4,2,13
,2016_19942,39.754647,-104.893695,3/15/2016 18:09,18:09,6,0,0,26TH AVENUE & ULSTER STREET,1,1,0,0,1,4,,0,30,0,0,0,0,1,4,2,14
,2016_19943,39.756024,-105.020514,8/2/2016 12:52,12:52,3,0,0,27TH AVENUE WEST & CLAY STREET NORTH,1,1,0,7,1,1,,0,25,0,0,0,0,1,4,2,14
,2016_19944,39.758481,-105.0299325,4/4/2016 23:00,23:00,6,0,0,29TH AVENUE WEST & IRVING STREET NORTH,1,3,1,0,1,4,,0,30,0,0,0,0,0,4,2,14
,2016_19945,39.74001,-104.99202,12/13/2016 17:08,17:08,12,0,0,29TH AVENUE & ALLEY IN 2300 BLOCK WEST,1,1,1,0,1,5,,0,30,0,0,0,0,0,4,2,13
,2016_19946,39.758499,-105.034617,2/22/2016 20:30,20:30,3,0,0,29TH AVENUE WEST & LOWELL BOULEVARD NORTH,2,3,1,2,1,1,,0,25,0,0,0,0,0,4,2,16
,2016_19947,39.758247,-104.9660055,7/16/2016 11:53,11:53,6,0,0,29TH AVENUE EAST & WILLIAMS STREET NORTH,1,1,0,0,1,4,,0,25,0,0,0,0,0,4,2,13
,2016_19948,39.763224,-104.9318415,6/2/2016 18:00,18:00,1,0,0,33RD AVENUE EAST & DAHLIA STREET NORTH,1,1,0,7,1,1,,0,25,0,0,0,0,1,4,2,7
,2016_19949,39.763881,-105.0300315,7/23/2016 20:00,20:00,6,0,0,33RD AVENUE 3300 BLOCK WEST & IRVING STREET NORTH,1,3,0,0,1,4,,0,30,0,0,0,0,0,4,3,13
,2016_19950,39.763233,-104.963418,2/23/2016 17:06,17:06,6,0,0,33RD AVENUE EAST & RACE STREET NORTH,1,2,0,0,1,4,,0,25,0,0,0,0,0,4,2,10
,2016_19951,39.765069,-104.8905405,3/24/2016 8:20,8:20,3,0,0,35TH AVENUE EAST & CENTRAL PARK BOULEVARD,4,1,0,0,1,1,,0,30,0,0,0,0,0,4,2,13
,2016_19952,39.7665,-105.0253065,3/16/2016 18:10,18:10,12,0,0,36TH AVENUE WEST & FEDERAL BOULEVARD NORTH,1,1,0,7,1,4,,0,35,0,0,0,0,0,4,2,16
,2016_19953,39.767436,-104.900841,4/15/2016 13:38,13:38,3,0,0,36TH AVENUE EAST & ROSLYN STREET NORTH,1,1,0,7,1,1,,0,25,0,0,0,0,0,4,2,14
,2016_19954,39.74001,-104.99202,10/22/2016 16:50,16:50,12,0,0,38TH AVENUE & 2900 BLOCK WEST,1,1,0,0,1,3,,0,35,0,0,0,0,0,4,2,14
,2016_19955,39.769263,-105.020523,7/13/2016 13:55,13:55,6,0,0,38TH AVENUE WEST & CLAY STREET NORTH,1,1,0,0,1,4,,0,35,0,0,0,0,0,4,2,13
,2016_19956,39.76929,-105.02289,4/29/2016 13:14,13:14,1,0,0,38TH AVENUE WEST & ELIOT STREET NORTH,4,1,0,2,1,3,,0,35,0,0,0,0,0,4,2,14
,2016_19957,39.76929,-105.02289,5/13/2016 12:31,12:31,1,0,0,38TH AVENUE WEST & ELIOT STREET,1,1,0,7,1,1,,0,35,0,0,0,0,1,4,2,14
,2016_19958,39.74001,-104.99202,2/17/2016 17:28,17:28,3,0,0,38TH AVENUE & 2900 BLOCK WEST,1,1,0,0,1,2,,0,35,0,0,0,0,0,4,2,13
,2016_19959,39.770046,-104.9647005,3/21/2016 10:41,10:41,6,0,0,38TH AVENUE & HIGH STREET NORTH,1,1,0,0,1,1,,0,25,0,0,0,0,0,4,3,13
,2016_19960,39.769272,-105.006456,2/20/2016 14:15,14:15,1,0,0,38TH AVENUE WEST & PECOS STREET NORTH,1,1,0,7,1,1,,0,35,0,0,0,0,0,4,3,1
,2016_19961,39.769272,-105.0111945,6/26/2016 14:45,14:45,3,0,0,38TH AVENUE WEST & TEJON STREET NORTH,1,1,0,7,1,1,,0,35,0,0,0,0,0,4,2,7
,2016_19962,39.771054,-104.8429035,4/7/2016 7:15,7:15,14,0,0,39TH AVENUE EAST & REVERE STREET NORTH,1,1,0,0,1,1,,0,30,0,0,0,0,0,4,3,13
,2016_19963,39.772872,-104.7960135,5/17/2016 22:05,22:05,5,0,0,40TH AVENUE EAST & AIRPORT WAY NORTH,2,3,0,1,3,4,,0,40,0,0,0,0,0,4,1,4
,2016_19964,39.774105,-104.882778,7/26/2016 17:35,17:35,12,0,0,40TH AVENUE EAST EAST & CENTRAL PARK BOULEVARD NORTH,1,1,0,7,1,1,,0,35,0,0,0,0,1,4,2,14
,2016_19965,39.775167,-104.9923305,12/7/2016 14:48,14:48,3,0,0,43RD AVENUE WEST & DELAWARE STREET NORTH,4,1,2,2,1,1,,0,25,0,0,0,0,1,4,2,16
,2016_19966,39.778389,-105.050943,7/12/2016 18:26,18:26,3,0,0,45TH AVENUE WEST & YATES STREET NORTH,1,1,0,7,1,1,,0,25,0,0,0,0,0,4,2,16
,2016_19967,39.779577,-104.8471335,8/5/2016 16:39,16:39,15,0,0,46TH AVENUE 12100 BLOCK EAST & PEORIA STREET NORTH,1,1,0,7,1,4,,0,25,0,0,0,0,0,4,2,16
,2016_19968,39.782385,-104.8526325,2/2/2016 7:45,7:45,12,0,0,47TH AVENUE EAST & NOME STREET,4,1,0,2,1,2,,0,35,0,0,0,0,0,4,2,13
,2016_19969,39.782385,-104.8526325,3/18/2016 5:50,5:50,14,0,0,47TH AVENUE 11700 BLOCK EAST & NOME STREET,5,3,0,2,1,4,,0,35,0,0,0,0,0,4,2,1
,2016_19970,39.680235,-104.9565105,1/20/2016 11:50,11:50,6,0,0,ASBURY AVENUE EAST & COLUMBINE STREET SOUTH,1,1,0,0,1,1,,0,25,0,0,0,0,0,4,2,13
,2016_19971,39.785607,-105.034581,5/1/2016 13:45,13:45,1,0,0,49TH AVENUE WEST & LOWELL BOULEVARD NORTH,1,1,0,7,1,1,,0,30,0,0,0,0,0,4,2,3
,2016_19972,39.838059,-104.7154635,11/18/2016 11:20,11:20,15,0,0,78TH AVENUE 23700 BLOCK EAST & GUN CLUB ROAD,1,1,0,0,1,4,,0,40,0,0,0,0,0,4,2,8
,2016_19973,39.838014,-104.678964,11/12/2016 21:25,21:25,12,0,0,78TH AVENUE EAST & NEWCASTLE DRIVE,1,4,0,7,1,3,,0,35,0,0,0,0,0,4,2,3
,2016_19974,39.740148,-104.94837,1/16/2016 12:00,12:00,6,0,0,ADAMS STREET 1500 BLOCK & COLFAX AVENUE,1,1,0,7,1,4,,0,20,0,0,0,0,0,4,2,16
,2016_19975,39.710151,-104.870754,3/25/2016 12:25,12:25,3,0,0,ALAMEDA AVENUE 10000 BLOCK EAST & GALENA STREET,1,1,0,0,1,2,,0,35,0,0,0,0,0,4,2,13
,2016_19976,39.711204,-104.9222835,2/6/2016 22:50,22:50,12,0,0,ALAMEDA AVENUE EAST & HOLLY STREET SOUTH,2,3,2,7,1,3,,0,35,0,0,0,0,0,4,2,3
,2016_19977,39.711141,-104.9863905,12/14/2016 23:25,23:25,3,0,0,ALAMEDA AVENUE EAST & LINCOLN STREET SOUTH,1,3,0,7,1,1,,0,30,0,0,0,0,0,4,2,16
,2016_19978,39.711366,-104.912964,1/24/2016 1:30,1:30,12,0,0,ALAMEDA AVENUE 6400 BLOCK EAST & MONACO STREET SOUTH,1,3,0,7,1,4,,0,35,0,0,0,0,0,4,2,1
,2016_19979,39.711348,-104.9035005,2/11/2016 13:15,13:15,1,0,0,ALAMEDA AVENUE EAST & QUEBEC STREET SOUTH,1,1,0,0,1,1,,0,35,0,0,0,0,1,4,2,13
,2016_19980,39.720924,-104.9875065,11/5/2016 10:30,10:30,10,0,0,BROADWAY NORTH & THIRD AVENUE EAST,1,1,0,0,1,1,,0,60,0,0,0,0,0,4,2,13
,2016_19981,39.708459,-105.003864,12/7/2016 16:14,16:14,3,0,0,ALASKA PLACE WEST & NAVAJO STREET SOUTH,4,1,0,2,1,1,,0,35,0,0,0,0,0,4,2,7
,2016_19982,39.781305,-104.8268025,11/30/2016 1:25,1:25,9,0,0,ANDREWS DRIVE & DILLON STREET NORTH,1,4,0,0,1,4,,0,35,0,0,0,0,0,4,1,5
,2016_19983,39.760767,-105.0158115,4/14/2016 10:15,10:15,6,0,0,ARGYLE PLACE 2400 BLOCK WEST & ZUNI STREET NORTH,1,1,0,0,1,5,,0,25,0,0,0,0,0,4,2,14
,2016_19984,39.680226,-104.9508,6/3/2016 18:04,18:04,3,0,0,ASBURY AVENUE EAST & STREET PAUL STREET SOUTH,1,1,0,7,1,1,,0,25,0,0,0,0,1,4,2,3
,2016_19985,39.745206,-105.0095835,6/9/2016 12:30,12:30,15,0,0,AURARIA PARKWAY & SEVENTH STREET,1,1,0,0,1,4,,0,35,0,0,0,0,0,4,2,1
,2016_19986,39.747618,-105.0053805,8/12/2016 11:51,11:51,12,0,0,AURARIA PARKWAY & 11TH STREET,1,1,0,7,1,3,,0,35,0,0,0,0,0,4,2,14
,2016_19987,39.748446,-105.0033735,4/22/2016 16:15,16:15,10,0,0,AURARIA PARKWAY & SPEER BOULEVARD NORTH,1,1,0,0,1,1,,0,35,0,0,0,0,0,4,2,13
,2016_19988,39.735252,-104.9902425,6/24/2016 11:25,11:25,3,0,0,BANNOCK STREET NORTH & 12TH AVENUE WEST,1,1,0,7,1,1,,0,30,0,0,0,0,0,4,2,16
,2016_19989,39.765627,-104.936832,3/28/2016 7:38,7:38,8,0,0,BELLAIRE STREET NORTH & 35TH AVENUE EAST,1,1,0,7,1,4,,0,25,0,0,0,0,0,4,2,3
,2016_19990,39.678426,-104.9363145,6/5/2016 11:58,11:58,12,0,0,BIRCH STREET SOUTH & EVANS AVENUE EAST,1,1,0,7,1,3,,0,25,0,0,0,0,0,4,2,3
,2016_19991,39.750732,-104.9983515,5/4/2016 14:20,14:20,15,0,0,BLAKE STREET 1600 BLOCK & 16TH STREET,1,1,0,0,1,4,,0,30,0,0,0,0,1,4,2,1
,2016_19992,39.743577,-104.9869215,4/14/2016 16:07,16:07,12,0,0,BROADWAY 1700 BLOCK NORTH & 17TH AVENUE EAST,1,1,0,0,1,4,,0,30,0,0,0,0,0,4,2,13
,2016_19993,39.71115,-104.987592,4/24/2016 1:20,1:20,12,0,0,BROADWAY SOUTH & ALAMEDA AVENUE EAST,1,3,0,7,1,4,,0,30,0,0,0,0,0,4,3,5
,2016_19994,39.694788,-104.9874615,3/2/2016 1:20,1:20,5,0,1,BROADWAY SOUTH & ARIZONA AVENUE WEST,1,3,0,0,2,4,,0,40,0,0,0,0,2,4,1,5
,2016_19995,39.712995,-104.987574,6/6/2016 17:45,17:45,3,0,0,BROADWAY SOUTH & CEDAR AVENUE WEST,2,1,0,1,1,1,,0,30,0,0,0,0,0,4,2,7
,2016_19996,39.712995,-104.987574,11/19/2016 13:20,13:20,3,0,0,BROADWAY SOUTH & CEDAR AVENUE EAST,1,1,0,7,1,1,,0,30,0,0,0,0,0,4,2,16
,2016_19997,39.696624,-104.9874525,11/2/2016 14:30,14:30,15,0,0,BROADWAY SOUTH & MISSISSIPPI AVENUE WEST,1,1,0,7,1,4,,0,30,0,0,0,0,0,4,2,16
,2016_19998,39.750237,-104.9874075,4/11/2016 17:43,17:43,12,0,0,BROADWAY NORTH & STOUT STREET,1,1,0,7,1,1,,0,30,0,0,0,0,0,4,2,16
,2016_19999,39.76447081,-104.9361796,3/13/2016 13:11,13:11,6,0,0,BRUCE RANDOLPH AVENUE EAST & 3231,1,3,0,0,1,4,,0,,0,0,0,0,0,4,2,13
,2016_20000,39.681909,-104.955093,1/5/2016 16:36,16:36,12,0,0,BUCHTEL BOULEVARD EAST & CLAYTON STREET SOUTH,1,1,0,0,1,1,,0,35,0,0,0,0,0,4,3,3
,2016_20001,39.713013,-104.9899815,8/5/2016 13:23,13:23,6,0,0,CEDAR AVENUE 100 BLOCK WEST & BANNOCK STREET SOUTH,1,1,0,0,2,4,,0,25,0,0,0,0,0,4,2,5
,2016_20002,39.712995,-105.022674,5/25/2016 15:52,15:52,3,0,0,CEDAR AVENUE WEST & DECATUR STREET SOUTH,1,1,1,7,1,1,,0,25,0,0,0,0,1,4,2,1
,2016_20003,39.713319,-104.893254,5/18/2016 7:25,7:25,3,0,0,CEDAR PLACE EAST & FAIRMOUNT DRIVE EAST,1,1,0,0,1,2,,0,30,0,0,0,0,0,4,2,1
,2016_20004,39.705705,-104.9839605,6/15/2016 17:00,17:00,3,0,0,CENTER AVENUE EAST & GRANT STREET SOUTH,1,1,0,0,1,1,,0,25,0,0,0,0,1,4,3,13
,2016_20005,39.794769,-104.8089015,10/8/2016 10:00,10:00,6,0,0,HANNIBAL STREET 5500 BLOCK & MAXWELL PLACE EAST,1,2,0,0,1,4,,0,25,0,0,0,0,0,4,2,13
,2016_20006,39.754665,-104.890725,11/12/2016 6:33,6:33,12,0,0,CENTRAL PARK BOULEVARD & 26TH AVENUE EAST,1,2,0,7,1,3,,0,30,0,0,0,0,1,4,2,16
,2016_20007,39.713859,-104.987565,12/29/2016 22:08,22:08,6,0,0,MAPLE AVENUE WEST & BROADWAY STREET SOUTH,1,3,0,0,1,4,,0,25,0,0,0,0,0,4,2,1
,2016_20008,39.79026,-104.8097835,3/23/2016 6:30,6:30,3,0,0,CHAMBERS ROAD NORTH & 53RD AVENUE EAST,4,3,0,2,1,1,,0,25,0,0,0,0,0,4,2,16
,2016_20009,39.720906,-104.992137,7/18/2016 18:07,18:07,3,0,0,CHEROKEE STREET NORTH & THIRD AVENUE WEST,2,1,0,1,1,1,,0,25,0,0,0,0,1,4,2,16
,2016_20010,39.706056,-104.940873,9/12/2016 17:36,17:36,12,0,0,CHERRY CREEK DRIVE NORTH & COLORADO BOULEVARD SOUTH,1,1,1,0,1,4,,0,30,0,0,0,0,0,4,2,1
,2016_20011,39.753738,-105.020361,7/31/2016 16:31,16:31,9,0,0,CLAY STREET 2500 BLOCK NORTH & 26TH AVENUE WEST,1,1,0,7,2,3,,0,30,0,0,0,0,0,4,1,5
,2016_20012,39.729078,-104.976396,7/8/2016 8:58,8:58,15,0,0,EMERSON STREET NORTH & EIGHTH AVENUE EAST,1,1,0,0,1,1,,0,,0,0,0,1,0,4,2,14
,2016_20013,39.680109,-104.9407605,3/7/2016 17:27,17:27,15,0,0,COLORADO CENTER DRIVE 4000 BLOCK EAST & COLORADO BOULEVARD SOUTH,1,1,0,7,1,4,,0,25,0,0,0,0,0,4,2,3
,2016_20014,39.740184,-104.9574015,6/24/2016 10:59,10:59,3,0,0,COLUMBINE STREET NORTH & COLFAX AVENUE EAST,1,1,0,7,1,2,,0,25,0,0,0,0,1,4,2,16
,2016_20015,39.732039,-104.9741055,10/24/2016 20:25,20:25,12,0,0,CORONA STREET NORTH & 10TH AVENUE EAST,1,3,0,7,1,1,,0,30,0,0,0,0,0,4,2,2
,2016_20016,39.741606,-104.98995,2/3/2016 7:40,7:40,6,0,0,COURT PLACE & 15TH STREET,6,1,0,0,1,4,,0,25,0,0,0,0,0,4,3,8
,2016_20017,39.618297,-105.0913845,6/11/2016 12:04,12:04,1,0,0,CRESTLINE AVENUE & WADSWORTH BOULEVARD SOUTH,1,1,0,0,1,2,,0,30,0,0,0,0,0,4,2,13
,2016_20018,39.706758,-105.0324525,4/15/2016 11:00,11:00,12,0,0,CUSTER PLACE WEST & KNOX COURT SOUTH,1,1,0,7,1,4,,0,25,0,0,0,0,0,4,2,16
,2016_20019,39.660219,-104.864481,10/20/2016 16:30,16:30,3,0,0,DARTMOUTH AVENUE EAST & BETHANY DRIVE EAST,1,1,1,0,1,1,,0,35,0,0,0,0,0,4,2,13
,2016_20020,39.757653,-104.9966415,6/4/2016 15:00,15:00,6,0,0,DELGANY STREET 2100 BLOCK & 29TH STREET,1,1,0,0,1,4,,0,30,0,0,0,0,0,4,2,3
,2016_20021,39.624219,-104.8898565,1/12/2016 14:43,14:43,3,0,0,DTC BOULEVARD SOUTH & BELLEVIEW AVENUE EAST,1,1,1,0,1,1,,0,35,0,0,0,0,0,4,2,13
,2016_20022,39.711105,-104.97339,1/22/2016 18:11,18:11,1,0,0,DOWNING STREET SOUTH & ALAMEDA AVENUE EAST,1,3,0,7,1,1,,0,30,0,0,0,0,0,4,2,3
,2016_20023,39.692988,-104.973417,4/22/2016 15:55,15:55,15,0,0,DOWNING STREET 1200 BLOCK SOUTH & LOUISIANA AVENUE EAST,1,1,0,0,1,3,,0,30,0,0,0,0,0,4,2,1
,2016_20024,39.673098,-104.973462,5/12/2016 13:35,13:35,10,0,0,DOWNING STREET SOUTH & WESLEY AVENUE EAST,1,1,0,0,1,1,,0,30,0,0,0,0,0,4,2,13
,2016_20025,39.624219,-104.8898565,10/26/2016 11:06,11:06,12,0,0,DTC BOULEVARD SOUTH & BELLEVIEW AVENUE EAST,1,1,1,7,1,1,,0,35,0,0,0,0,0,4,2,14
,2016_20026,39.733659,-104.976423,5/17/2016 19:25,19:25,3,0,0,EMERSON STREET NORTH & 11TH AVENUE EAST,2,3,0,1,1,1,,0,25,0,0,0,0,0,4,2,16
,2016_20027,39.678435,-104.922234,7/7/2016 10:00,10:00,15,0,0,EVANS AVENUE EAST & HOLLY STREET SOUTH,1,1,0,0,1,4,,0,35,0,0,0,0,0,4,2,13
,2016_20028,39.703968,-105.001524,10/19/2016 16:23,16:23,5,0,0,EXPOSITION AVENUE WEST & LIPAN STREET SOUTH,1,1,0,7,4,1,,0,25,0,0,0,0,0,4,1,9
,2016_20029,39.74001,-104.99202,5/13/2016 17:35,17:35,1,0,0,EVANS AVENUE & 6200 BLOCK EAST,1,1,0,0,1,2,,0,30,0,0,0,0,0,4,3,14
,2016_20030,39.678426,-104.9385015,3/27/2016 13:03,13:03,15,0,0,EVANS AVENUE 4200 BLOCK EAST & ASH STREET SOUTH,1,1,0,7,1,4,,0,35,0,0,0,0,0,4,2,16
,2016_20031,39.678435,-104.9407425,11/19/2016 10:40,10:40,12,0,0,EVANS AVENUE 3900 BLOCK EAST & COLORADO BOULEVARD SOUTH,1,1,0,7,1,3,,0,30,0,0,0,0,0,4,3,16
,2016_20032,39.678489,-104.9652315,1/24/2016 12:04,12:04,15,0,0,EVANS AVENUE EAST & HIGH STREET SOUTH,1,1,0,0,1,3,,0,35,0,0,0,0,0,4,9,10
,2016_20033,39.678435,-104.922234,7/13/2016 7:43,7:43,15,0,0,EVANS AVENUE EAST & HOLLY STREET SOUTH,1,1,0,0,1,1,,0,35,0,0,0,0,0,4,2,13
,2016_20034,39.678498,-104.9699115,9/30/2016 11:55,11:55,10,0,0,EVANS AVENUE 1400 BLOCK EAST & HUMBOLDT STREET SOUTH,1,1,0,0,1,4,,0,30,0,0,0,0,1,4,2,13
,2016_20035,39.678435,-104.9187915,6/17/2016 15:35,15:35,12,0,0,EVANS AVENUE 6000 BLOCK EAST & JASMINE STREET SOUTH,1,1,1,0,1,3,,0,35,0,0,0,0,0,4,2,13
,2016_20036,39.678444,-104.9579415,1/18/2016 15:37,15:37,3,0,1,EVANS AVENUE EAST & JOSEPHINE STREET SOUTH,1,1,0,7,1,1,,0,25,0,0,0,0,2,4,2,16
,2016_20037,39.678435,-104.912892,7/7/2016 15:06,15:06,15,0,0,EVANS AVENUE EAST & MONACO STREET SOUTH,1,1,0,7,1,3,,0,40,0,0,0,0,0,4,2,16
,2016_20038,39.678444,-104.908194,5/3/2016 16:16,16:16,15,0,0,EVANS AVENUE 7000 BLOCK EAST & ONEIDA STREET SOUTH,1,1,1,0,1,2,,0,30,0,0,0,0,0,4,2,13
,2016_20039,39.678444,-104.908194,3/23/2016 7:28,7:28,12,0,0,EVANS AVENUE 6800 BLOCK EAST & ONEIDA STREET,4,1,1,2,1,4,,0,35,0,0,0,0,0,4,2,16
,2016_20040,39.678462,-104.9976135,1/21/2016 21:41,21:41,12,0,0,EVANS AVENUE 800 BLOCK WEST & PLATTE RIVER DRIVE SOUTH,1,3,0,7,1,4,,0,40,0,0,0,0,0,4,2,3
,2016_20041,39.678363,-104.959404,7/14/2016 13:23,13:23,14,0,0,EVANS AVENUE EAST & UNIVERSITY BOULEVARD SOUTH,1,1,0,0,1,1,,0,30,0,0,0,0,0,4,2,13
,2016_20042,39.79069248,-104.9534325,11/12/2016 5:00,5:00,6,0,0,FILLMORE STREET & 4461 NORTH,1,3,0,0,1,4,,0,25,0,0,0,0,0,4,2,13
,2016_20043,39.758418,-105.018147,9/30/2016 12:08,12:08,6,0,0,FIRTH COURT & 29TH AVENUE WEST,1,1,0,0,1,4,,0,30,0,0,0,0,0,4,3,14
,2016_20044,39.689307,-104.9384115,12/28/2016 10:20,10:20,3,0,0,FLORIDA AVENUE EAST & ASH STREET / BELLAIRE STREET ALLEY,1,1,0,0,1,2,,0,30,0,0,0,0,0,4,2,13
,2016_20045,39.689325,-104.931702,9/15/2016 16:55,16:55,12,0,1,FLORIDA AVENUE EAST & DAHLIA STREET SOUTH,1,1,0,0,1,1,,0,30,0,0,0,0,2,4,4,4
,2016_20046,39.689316,-104.932593,12/17/2016 13:54,13:54,15,0,0,FLORIDA AVENUE 4600 BLOCK EAST & DEXTER WAY SOUTH,11,1,0,2,1,4,,0,65,0,0,0,0,0,4,3,6
,2016_20047,39.689334,-104.9254515,11/14/2016 17:20,17:20,12,0,0,FLORIDA AVENUE 5400 BLOCK EAST & GRAPE STREET SOUTH,1,2,0,7,1,3,,0,35,0,0,0,0,0,4,3,4
,2016_20048,39.685716,-104.968737,6/12/2016 17:18,17:18,6,0,0,FRANKLIN STREET & MEXICO AVENUE EAST,1,1,0,0,1,4,,0,25,0,0,0,0,0,4,2,3
,2016_20049,39.673008,-104.995962,12/22/2016 7:48,7:48,6,0,0,GALAPAGO STREET & WESLEY AVENUE WEST,1,4,0,0,1,4,,0,25,0,0,0,0,0,4,2,13
,2016_20050,39.69476548,-104.967513,8/26/2016 18:00,18:00,6,0,0,GILPIN STREET SOUTH & 2000 BLOCK,1,1,0,0,1,4,,0,25,0,0,0,0,0,4,2,13
,2016_20051,39.653793,-104.881392,10/25/2016 15:05,15:05,3,0,0,GIRARD AVENUE & AKRON STREET SOUTH,1,1,1,0,1,2,,0,25,0,0,0,0,0,4,2,13
,2016_20052,39.654432,-104.8946625,8/3/2016 13:25,13:25,6,0,0,GIRARD AVENUE & TULARE COURT SOUTH,1,1,1,0,1,3,,0,30,0,0,0,0,0,4,2,15
,2016_20053,39.74004,-104.983596,10/30/2016 23:00,23:00,15,0,0,GRANT STREET NORTH & COLFAX AVENUE EAST,1,3,0,7,1,4,,0,25,0,0,0,0,0,4,2,16
,2016_20054,39.723435,-104.983794,6/4/2016 23:40,23:40,15,0,0,GRANT STREET NORTH & SPEER BOULEVARD EAST,1,1,0,7,1,1,,0,30,0,0,0,0,0,4,2,16
,2016_20055,39.69839645,-104.9611181,11/6/2016 6:03,6:03,6,0,0,TENNESSEE AVENUE & 4800 BLOCK WEST,1,1,0,0,1,4,,0,25,0,0,0,0,0,4,2,13
,2016_20056,39.783609,-104.7913916,7/1/2016 13:57,13:57,3,0,0,GREEN VALLEY RANCH BOULEVARD EAST & PENA BOULEVARD,1,1,0,7,1,1,,0,40,0,0,0,0,0,4,2,8
,2016_20057,39.783609,-104.772222,2/7/2016 18:50,18:50,12,0,0,GREEN VALLEY RANCH BOULEVARD EAST & TOWER ROAD NORTH,1,3,0,7,1,4,,0,35,0,0,0,0,0,4,2,1
,2016_20058,39.7116,-104.9413635,7/12/2016 9:29,9:29,10,0,0,HARRISON STREET SOUTH & ALAMEDA AVENUE EAST,1,1,0,0,1,4,,0,25,0,0,0,0,0,4,2,1
,2016_20059,39.782277,-104.8659255,12/11/2016 7:02,7:02,15,0,0,HAVANA STREET NORTH & 47TH AVENUE EAST,12,1,0,2,1,1,,0,20,0,0,0,0,0,4,2,16
,2016_20060,39.717828,-104.922243,2/23/2016 14:13,14:13,3,0,0,HOLLY STREET NORTH & FIRST AVENUE EAST,1,1,1,7,1,1,,0,30,0,0,0,0,0,4,2,8
,2016_20061,39.711204,-104.9222835,4/8/2016 0:21,0:21,12,0,0,HOLLY STREET SOUTH & ALAMEDA AVENUE EAST,1,3,0,7,1,1,,0,35,0,0,0,0,0,4,2,1
,2016_20062,39.777984,-104.9223105,3/28/2016 11:10,11:10,1,0,0,HOLLY STREET NORTH & STAPLETON DRIVE EAST,1,1,0,0,1,1,,0,30,0,0,0,0,0,4,2,13
,2016_20063,39.678435,-104.9234265,3/9/2016 13:32,13:32,3,0,0,HUDSON STREET SOUTH & EVANS AVENUE EAST,1,1,1,0,1,1,,0,25,0,0,0,0,1,4,2,3
,2016_20064,39.674754,-104.870862,1/21/2016 11:37,11:37,12,0,0,ILIFF AVENUE 9900 BLOCK EAST & PARKER ROAD SOUTH,1,1,0,7,1,3,,0,40,0,0,0,0,0,4,2,1
,2016_20067,39.74598613,-104.9998826,3/27/2016 19:52,19:52,12,0,0,LAWRENCE STREET & 2300 BLOCK,1,3,0,0,1,4,,0,30,0,0,0,0,0,4,2,14
,2016_20068,39.790305,-104.863302,6/13/2016 7:44,7:44,1,0,1,IRONTON STREET NORTH & 51ST AVENUE EAST,1,1,1,0,1,1,,0,30,0,0,0,0,2,4,2,13
,2016_20069,39.756042,-105.0299415,9/5/2016 21:38,21:38,6,0,0,IRVING STREET NORTH & 27TH AVENUE WEST,1,3,0,0,1,4,,0,30,0,0,0,0,0,4,2,13