id,drcog_id,latitude,longitude,crashtime,time,crashtype,numbkilled,numbinjurd,drcoglocat,rdconditin,lightngcon,roadcntgrd,weatherco,location,roaddescrp,schoolzone,constrzone,splimit,bikeinv,pedinv,sctrinv,motoinv,svrty,rdsystem,ttlvehcls,hcf
,2016_20211,39.694797,-104.9792625,8/18/2016 10:42,10:42,6,0,0,WASHINGTON STREET 1200 BLOCK SOUTH & ARIZONA AVENUE EAST,1,1,1,0,1,4,,0,25,0,0,0,0,0,4,2,3
,2016_20212,39.720456,-104.9791185,6/6/2016 12:30,12:30,3,0,0,WASHINGTON STREET NORTH & SPEER BOULEVARD EAST,1,1,0,7,1,1,,0,35,0,0,0,0,0,4,2,16
,2016_20213,39.745431,-104.9901075,5/30/2016 22:30,22:30,3,0,0,WELTON STREET & 17TH STREET,1,3,0,7,1,1,,0,35,0,0,0,0,0,4,2,16
,2016_20214,39.667455,-104.9344155,10/17/2016 9:12,9:12,6,0,0,YALE AVENUE EAST & CHERRY STREET SOUTH,1,1,0,0,1,3,,0,30,0,0,0,0,0,4,2,13
,2016_20215,39.667626,-104.912964,4/12/2016 11:35,11:35,1,0,0,YALE AVENUE EAST & MONACO STREET SOUTH,1,1,0,0,1,1,,0,35,0,0,0,0,0,4,2,1
,2016_20216,39.667626,-104.912964,7/25/2016 8:36,8:36,12,0,0,YALE AVENUE EAST & MONACO STREET SOUTH,1,1,0,7,1,1,,0,30,0,0,0,0,0,4,2,1
,2016_20217,39.651102,-104.8848435,2/23/2016 7:23,7:23,3,0,1,YOSEMITE STREET SOUTH & JEFFERSON AVENUE EAST,2,1,0,0,1,1,,0,35,0,0,0,0,2,4,2,14
,2016_20218,39.678696,-105.015681,1/30/2016 13:30,13:30,15,0,0,ZUNI STREET SOUTH & EVANS AVENUE WEST,1,1,1,7,1,3,,0,30,0,0,0,0,0,4,2,7
,2016_20389,39.729042,-104.98113,9/13/2016 20:15,20:15,5,0,0,LOGAN / PENNSYLVANIA ALLEY & EIGHTH AVENUE EAST,1,3,0,0,2,4,,0,,0,0,0,0,0,4,1,13
,2016_20533,39.725379,-105.0074505,10/26/2016 7:54,7:54,12,0,0,SIXTH AVENUE WEST & QUIVAS STREET NORTH,1,1,1,0,1,4,,0,45,0,0,0,1,1,2,2,3
,2016_20536,39.74001,-104.99202,12/7/2016 17:35,17:35,15,0,0,SANTE FE STREET DRIVE SOUTH & TENNESSEE AVENUE WEST,4,3,0,2,1,1,,0,45,0,0,0,0,0,2,2,7
,2016_20540,39.761991,-105.025275,8/17/2016 7:40,7:40,12,0,0,FEDERAL BOULEVARD NORTH & 32ND AVENUE WEST,1,1,0,0,1,4,,0,35,0,0,0,0,0,2,2,14
,2016_20591,39.78838451,-104.8526783,9/2/2016 14:55,14:55,6,0,0,NOME STREET NORTH & 4700 BLOCK,1,1,1,0,1,4,,0,30,0,0,0,0,0,4,2,7
,2016_20670,39.74166,-104.981094,12/26/2016 22:00,22:00,6,0,0,PENNSYLVANIA STREET & 16TH AVENUE EAST,2,4,0,1,1,4,,0,,0,0,0,0,0,4,2,13
,2016_20833,39.717081,-105.0172425,8/9/2016 6:29,6:29,5,0,0,ELLSWORTH AVENUE & ALCOTT STREET,1,1,0,0,5,4,,0,25,0,0,0,0,0,3,1,13
,2016_20836,39.616776,-105.065802,4/5/2016 21:05,21:05,5,0,0,GRANT RANCH BOULEVARD WEST & JAY CIRCLE SOUTH,1,3,1,0,3,4,,0,30,0,0,0,0,0,4,1,5
,2016_20847,39.70134,-105.027534,1/9/2016 9:00,9:00,6,0,0,HAZEL COURT SOUTH & ADA PLACE WEST,5,1,0,7,1,1,,0,25,0,0,0,0,0,4,2,16
,2016_20858,39.678444,-104.931612,3/19/2016 7:43,7:43,5,0,0,EVANS AVENUE EAST & DAHLIA STREET SOUTH,5,1,0,2,3,1,,0,35,0,0,0,0,0,4,1,13
,2016_20872,39.724326,-104.8827735,11/18/2016 10:52,10:52,5,0,0,GOLFERS WAY NORTH & LOWRY BOULEVARD EAST,5,1,0,7,2,1,,0,30,0,0,0,0,0,4,1,2
,2016_20943,39.743226,-104.9734125,11/19/2016 20:30,20:30,5,0,0,DOWNING STREET NORTH & 17TH AVENUE EAST,1,3,0,0,2,4,,0,25,0,0,0,0,0,4,1,14
,2016_20991,39.78281111,-104.9645476,7/30/2016 3:35,3:35,6,0,0,HIGH STREET & 4786 NORTH,1,3,1,0,1,3,,0,25,0,0,0,0,0,4,2,13
,2016_21002,39.749454,-104.974551,8/17/2016 6:50,6:50,6,0,0,OGDEN STREET & 22ND AVENUE EAST,1,1,0,0,1,4,,0,,0,0,0,1,0,4,2,13
,2016_21003,39.729321,-105.019803,7/7/2016 19:38,19:38,14,0,0,EIGHTH AVENUE & CANOSA COURT NORTH,1,1,0,0,6,2,,0,25,0,0,0,0,0,4,2,13
,2016_21004,39.733443,-104.963472,7/20/2016 23:15,23:15,5,0,0,11TH AVENUE EAST & RACE STREET NORTH,1,3,0,0,3,3,,0,,0,0,0,0,0,4,3,13
,2016_21005,39.78228152,-104.9655968,8/13/2016 17:36,17:36,6,0,0,WILLIAMS STREET & 3400 BLOCK NORTH,1,1,0,0,1,4,,0,,0,0,0,0,0,4,2,13
,2016_21006,39.738321,-104.917248,8/18/2016 16:11,16:11,3,0,0,14TH AVENUE EAST & KEARNEY STREET NORTH,2,1,0,1,1,1,,0,25,0,0,0,0,0,4,2,13
,2016_21007,39.767553,-105.044013,8/20/2016 8:30,8:30,12,0,0,37TH AVENUE WEST & TENNYSON STREET NORTH,1,1,0,0,1,2,,0,30,0,0,0,0,0,4,2,13
,2016_21008,39.747618,-105.0053805,8/25/2016 12:09,12:09,12,0,0,AURARIA PARKWAY & 11TH STREET,1,1,0,0,1,4,,0,35,0,0,0,0,0,4,3,13
,2016_21009,39.689487,-105.025086,8/31/2016 19:35,19:35,12,0,0,FLORIDA AVENUE WEST & FEDERAL BOULEVARD SOUTH,1,2,0,0,1,3,,0,25,0,0,0,0,0,4,3,3
,2016_21010,39.791016,-104.9475645,2/1/2016 21:52,21:52,5,0,0,52ND AVENUE EAST & COOK STREET NORTH,5,3,0,2,3,1,,0,25,0,0,0,0,0,4,1,5
,2016_21011,39.743217,-104.9684265,9/2/2016 6:50,6:50,12,0,0,17TH AVENUE EAST & FRANKLIN STREET NORTH,1,2,0,0,1,3,,0,30,0,0,0,0,0,4,2,13
,2016_21012,39.743388,-104.987394,9/2/2016 18:26,18:26,15,0,0,COURT PLACE & BROADWAY NORTH,1,1,0,0,1,3,,0,,0,0,0,0,0,4,2,13
,2016_21013,39.711105,-104.97807,9/4/2016 17:57,17:57,12,0,0,ALAMEDA AVENUE EAST & CLARKSON STREET SOUTH,1,2,0,0,1,1,,0,30,0,0,0,0,0,4,2,13
,2016_21014,39.718206,-104.953554,9/4/2016 18:25,18:25,6,0,0,FILLMORE STREET & FIRST AVENUE EAST,1,1,0,0,1,4,,0,25,0,0,0,0,0,4,2,13
,2016_21015,39.74001,-104.99202,9/6/2016 16:34,16:34,6,0,0,32ND AVENUE & 3600 BLOCK WEST,1,1,1,0,1,4,,0,30,0,0,0,0,0,4,2,13
,2016_21016,39.740094,-104.9081355,9/6/2016 17:30,17:30,6,0,0,ONEIDA STREET SOUTH & COLFAX AVENUE EAST APPROXIMATELY,1,1,1,0,1,7,,0,30,0,0,0,0,0,4,2,7
,2016_21017,39.744801,-104.9861205,9/7/2016 14:40,14:40,10,0,0,LINCOLN STREET NORTH & 18TH AVENUE EAST,1,1,0,0,1,1,,0,30,0,0,0,0,0,4,2,3
,2016_21018,39.678417,-104.9642147,9/7/2016 17:50,17:50,10,0,0,EVANS AVENUE EAST & 1400 BLOCK WEST,1,1,0,0,1,2,,0,35,0,0,0,0,0,4,2,14
,2016_21019,39.725424,-104.903793,9/9/2016 21:00,21:00,1,0,0,QUEBEC STREET NORTH & SIXTH AVENUE EAST,1,3,1,0,1,3,,0,35,0,0,0,0,0,4,2,14
,2016_21020,39.783609,-104.772222,9/13/2016 6:40,6:40,12,0,0,GREEN VALLEY RANCH BOULEVARD & TOWER ROAD NORTH,1,1,0,0,1,1,,0,35,0,0,0,0,0,4,2,14
,2016_21021,39.74001,-104.99202,9/13/2016 11:32,11:32,15,0,0,40TH AVENUE & 1700 BLOCK WEST,1,1,1,0,1,4,,0,25,0,0,0,0,0,4,3,13
,2016_21022,39.783816,-104.7816855,9/14/2016 7:05,7:05,12,0,0,GREEN VALLEY RANCH BOULEVARD & TELLURIDE STREET NORTH,1,1,0,0,1,4,,0,30,0,0,0,0,0,4,2,13
,2016_21023,39.635811,-105.0422355,9/14/2016 7:21,7:21,6,0,0,QUITMAN STREET SOUTH & RICE PLACE WEST,1,1,0,0,1,4,,0,25,0,0,0,0,0,4,2,1
,2016_21024,39.667473,-104.9272425,9/15/2016 13:44,13:44,12,0,0,YALE AVENUE & GLENCOE STREET SOUTH,1,1,1,0,1,4,,0,30,0,0,0,0,1,4,2,3
,2016_21025,39.752298,-105.003873,9/16/2016 23:04,23:04,15,0,0,15TH STREET & DELGANY STREET,1,3,0,0,1,4,,0,25,0,0,0,0,0,4,2,1
,2016_21026,39.669399,-104.957964,9/20/2016 8:42,8:42,6,0,0,JOSEPHINE STREET SOUTH & VASSAR AVENUE,1,2,0,1,1,4,,0,25,0,0,0,0,0,4,2,3
,2016_21027,39.691125,-104.959332,9/25/2016 13:41,13:41,1,0,0,UNIVERSITY BOULEVARD SOUTH & ARKANSAS AVENUE EAST,1,1,0,0,1,1,,0,35,0,0,0,0,0,4,2,13
,2016_21028,39.728907,-104.9964435,9/26/2016 7:38,7:38,12,0,0,EIGHTH AVENUE WEST WB & GALAPAGO STREET,1,1,0,0,1,3,,0,35,0,0,0,0,0,4,3,14
,2016_21029,39.776427,-104.8469535,9/28/2016 11:50,11:50,1,0,0,44TH AVENUE EAST & PEORIA STREET NORTH,1,1,0,0,1,1,,0,40,0,0,0,0,0,4,2,13
,2016_21030,39.687552,-104.982813,9/28/2016 22:50,22:50,5,0,0,LOGAN STREET & IOWA STREET EAST,1,3,0,0,2,4,,0,30,0,0,0,0,0,4,1,13
,2016_21031,39.758265,-104.9752665,9/29/2016 13:51,13:51,3,0,0,30TH STREET & CALFORNIA STREET,1,1,0,0,1,1,,0,30,0,0,0,0,0,4,2,13
,2016_21032,39.78144,-104.842332,9/29/2016 16:00,16:00,15,0,0,ALBROOK DRIVE EAST & TULSA COURT NORTH,1,1,0,0,1,3,,0,25,0,0,0,0,0,4,2,13
,2016_21033,39.68226,-105.026202,10/3/2016 19:14,19:14,3,0,0,JEWELL AVENUE WEST & GROVE STREET SOUTH,1,3,0,0,1,3,,0,30,0,0,0,0,0,4,2,7
,2016_21034,39.743226,-104.961006,10/4/2016 9:37,9:37,10,0,0,GAYLORD STREET NORTH & 17TH AVENUE EAST,1,1,0,0,1,1,,0,,0,0,0,0,0,4,2,8
,2016_21035,39.709314,-105.015681,10/5/2016 9:11,9:11,5,0,0,DAKOTA AVENUE WEST & ZUNI STREET SOUTH,1,1,0,0,3,3,,0,25,0,0,0,0,0,4,2,1
,2016_21036,39.759255,-105.008112,10/6/2016 12:50,12:50,1,0,0,CENTRAL STREET & 17TH STREET,1,1,0,0,1,1,,0,25,0,0,0,0,0,4,2,13
,2016_21037,39.733416,-104.9586435,10/11/2016 14:23,14:23,15,0,0,JOSEPHINE STREET & 11TH AVENUE EAST,1,1,0,0,1,4,,0,25,0,0,0,0,0,4,2,8
,2016_21038,39.748536,-104.99652,10/11/2016 14:57,14:57,15,0,0,LAWRENCE STREET & 16TH STREET,1,1,0,0,1,4,,0,30,0,0,0,0,0,4,2,13
,2016_21039,39.678462,-104.956515,10/13/2016 16:35,16:35,12,0,0,EVANS AVENUE 2500 BLOCK EAST & COLUMBINE STREET SOUTH,1,1,0,0,1,4,,0,35,0,0,0,0,0,4,3,13
,2016_21040,39.678435,-104.922234,10/14/2016 7:39,7:39,10,0,0,HOLLY STREET SOUTH & EVANS AVENUE EAST,1,1,0,0,1,2,,0,30,0,0,0,0,0,4,2,1
,2016_21041,39.763827,-104.903451,12/9/2016 14:39,14:39,3,0,0,33RD AVENUE EAST & QUEBEC STREET NORTH,1,1,0,0,1,1,,0,30,0,0,0,0,0,4,2,13
,2016_21042,39.718197,-104.955831,7/28/2016 16:07,16:07,12,0,0,FIRST AVENUE 2500 BLOCK EAST & CLAYTON STREET SOUTH,1,1,0,0,1,1,,0,35,0,0,0,0,0,4,2,14
,2016_21043,39.718152,-105.032484,11/5/2016 0:35,0:35,12,0,0,FIRST AVENUE WEST & KNOX COURT NORTH,1,3,0,0,1,1,,0,25,0,0,0,0,0,4,2,1
,2016_21044,39.718134,-105.0396975,6/19/2016 11:30,11:30,3,0,0,FIRST AVENUE WEST & PERRY STREET NORTH,1,1,0,0,1,1,,0,25,0,0,0,0,0,4,2,13
,2016_21045,39.717792,-104.9508225,4/20/2016 16:30,16:30,15,0,0,FIRST AVENUE EAST & STEELE STREET NORTH,1,1,0,0,1,3,,0,30,0,0,0,0,0,4,2,7
,2016_21046,39.719403,-104.958576,6/28/2016 16:15,16:15,3,0,0,SECOND AVENUE EAST & JOSEPHINE STREET NORTH,1,1,0,7,1,1,,0,30,0,0,0,0,0,4,2,16
,2016_21047,39.719349,-104.9862645,4/21/2016 10:48,10:48,6,0,0,SECOND AVENUE & LINCOLN STREET NORTH,1,1,1,0,1,5,,0,25,0,0,0,0,0,4,2,13
,2016_21048,39.720924,-104.9874975,5/29/2016 7:29,7:29,3,0,0,THIRD AVENUE EAST & BROADWAY STREET NORTH,1,1,0,7,1,1,,0,30,0,0,0,0,1,4,2,16
,2016_21049,39.74001,-104.99202,4/20/2016 21:20,21:20,6,0,0,FOURTH AVENUE & 2900 BLOCK WEST,1,4,0,0,1,4,,0,25,0,0,0,0,0,4,2,1
,2016_21050,39.724128,-104.9582655,9/17/2016 17:25,17:25,15,0,0,FIFTH AVENUE EAST & JOSEPHINE STREET NORTH,1,1,0,0,1,1,,0,30,0,0,0,1,0,4,2,14
,2016_21051,39.724542,-105.0416325,10/24/2016 18:40,18:40,6,0,0,FIFTH AVENUE WEST & RALEIGH STREET NORTH,1,3,0,0,1,3,,0,25,0,0,0,0,0,4,2,13
,2016_21052,39.72627,-105.0002055,4/14/2016 4:50,4:50,3,0,0,SIXTH AVENUE WEST & KALAMATH STREET NORTH,1,3,0,7,1,1,,0,30,0,0,0,0,0,4,2,16
,2016_21053,39.725658,-104.9863095,10/28/2016 7:30,7:30,10,0,0,SIXTH AVENUE EAST & SPEER BOULEVARD,1,1,0,0,1,1,,0,30,0,0,0,0,0,4,2,1
,2016_21054,39.736845,-104.9684625,9/11/2016 4:30,4:30,6,0,0,13TH AVENUE 1600 BLOCK EAST & FRANKLIN STREET NORTH,1,1,0,0,1,4,,0,30,0,0,0,0,0,4,3,13
,2016_21055,39.728934,-104.992866,6/1/2016 16:18,16:18,3,0,1,EIGHTH AVENUE WEST & DELAWARE STREET NORTH,1,1,0,0,1,1,,0,30,0,0,0,0,2,4,2,14
,2016_21056,39.729078,-104.982408,12/6/2016 7:23,7:23,12,0,0,EIGHTH AVENUE 500 BLOCK EAST & LOGAN STREET,1,1,0,7,1,4,,0,80,0,0,0,0,0,4,3,14
,2016_21057,39.728934,-105.0028425,6/16/2016 20:55,20:55,3,0,0,EIGHTH AVENUE WEST & MARIPOSA STREET NORTH,1,2,0,7,1,1,,0,25,0,0,0,0,0,4,2,8
,2016_21058,39.729078,-104.9848605,6/2/2016 11:51,11:51,12,0,0,EIGHTH AVENUE EAST & SHERMAN STREET NORTH,1,1,0,7,1,4,,0,30,0,0,0,0,0,4,2,16
,2016_21059,39.728934,-104.9906115,2/6/2016 21:12,21:12,15,0,0,EIGHTH AVENUE WEST & SPEER BOULEVARD NORTH,1,3,0,0,1,1,,0,30,0,0,0,0,0,4,2,3
,2016_21060,39.7305,-104.959215,6/7/2016 14:34,14:34,1,0,0,NINTH AVENUE EAST & JOSEPHINE STREET NORTH,1,1,0,7,1,1,,0,25,0,0,0,0,0,4,2,14
,2016_21061,39.73842,-104.977674,6/10/2016 17:56,17:56,3,0,0,14TH AVENUE EAST & CLARKSON STREET NORTH,1,1,0,7,1,1,,0,25,0,0,0,0,0,4,2,16
,2016_21062,39.730446,-104.982336,10/28/2016 1:44,1:44,6,0,0,NINTH AVENUE EAST & LOGAN STREET NORTH,1,3,1,0,1,4,,0,35,0,0,0,0,0,4,4,5
,2016_21063,39.730527,-105.0028335,6/27/2016 9:45,9:45,3,0,0,NINTH AVENUE WEST & MARIPOSA STREET,1,1,0,0,1,1,,0,25,0,0,0,0,0,4,2,13
,2016_21064,39.732039,-104.9741055,4/24/2016 20:04,20:04,9,0,1,10TH AVENUE EAST & CORONA STREET NORTH,1,1,0,0,1,1,,0,25,0,0,0,1,2,4,1,5
,2016_21065,39.733029,-105.0440445,10/26/2016 15:10,15:10,12,0,0,10TH AVENUE WEST & TENNYSON STREET NORTH,1,1,0,7,1,1,,0,30,0,0,0,0,0,4,2,16
,2016_21066,39.732867,-104.893443,9/21/2016 18:46,18:46,12,0,0,11TH AVENUE EAST & UINTA STREET,1,1,0,7,1,1,,0,35,0,0,0,0,0,4,2,16
,2016_21067,39.73686833,-104.9711579,6/19/2016 22:07,22:07,12,0,1,13TH AVENUE EAST & 3900 BLOCK,1,3,0,0,1,5,,0,30,0,0,0,0,2,4,2,13
,2016_21068,39.736746,-104.9439735,8/13/2016 12:17,12:17,12,0,0,13TH AVENUE EAST & GARFIELD STREET NORTH,1,1,0,7,1,1,,0,30,0,0,0,0,0,4,2,14
,2016_21069,39.736746,-104.9418225,4/22/2016 13:23,13:23,5,0,1,13TH AVENUE EAST & HARRISON STREET NORTH,1,1,0,0,2,1,,0,30,0,0,0,0,2,4,2,13
,2016_21070,39.736872,-105.000183,3/31/2016 16:25,16:25,15,0,0,13TH AVENUE WEST & KALAMATH STREET NORTH,1,1,1,0,1,1,,0,30,0,0,0,0,0,4,2,13
,2016_21071,39.736872,-105.000183,12/19/2016 11:40,11:40,3,0,0,13TH AVENUE WEST & KALAMATH STREET NORTH,6,1,0,7,1,1,,0,30,0,0,0,0,1,4,2,16
,2016_21072,39.736872,-104.970681,4/28/2016 21:45,21:45,3,0,0,13TH AVENUE EAST & LAFAYETTE STREET NORTH,2,3,0,7,1,1,,0,30,0,0,0,0,0,4,3,8
,2016_21073,39.736872,-105.0015825,3/17/2016 19:21,19:21,3,0,0,13TH AVENUE 1100 BLOCK WEST & LIPAN STREET NORTH,4,3,0,2,1,5,,0,25,0,0,0,0,1,4,2,13
,2016_21074,39.736863,-104.9718555,12/4/2016 14:20,14:20,12,0,0,13TH AVENUE EAST & MARION STREET NORTH,1,1,0,0,1,4,,0,35,0,0,0,0,1,4,2,13
,2016_21075,39.736746,-105.053211,3/1/2016 19:07,19:07,3,0,0,13TH AVENUE WEST & SHERIDAN BOULEVARD NORTH,1,3,0,0,1,5,,0,15,0,0,0,0,0,4,2,13
,2016_21076,39.738357,-104.9573835,4/11/2016 15:32,15:32,15,0,0,14TH AVENUE EAST & COLUMBINE STREET NORTH,1,1,0,0,1,1,,0,30,0,0,0,0,0,4,3,13
,2016_21077,39.756942,-104.985693,8/9/2016 0:50,0:50,5,0,0,LARIMER STREET / LAWRENCE ALLEY & 25TH STREET,1,3,0,0,3,5,,0,,0,0,0,0,0,4,1,13
,2016_21078,39.738357,-104.954157,11/23/2016 14:45,14:45,3,0,0,14TH AVENUE EAST & DETROIT STREET NORTH,1,1,0,0,1,1,,0,60,0,0,0,0,1,4,2,13
,2016_21079,39.74001,-104.99202,4/8/2016 9:00,9:00,6,0,0,17TH AVENUE & 5100 BLOCK WEST,1,1,0,0,5,7,,0,10,0,0,0,0,0,3,2,13
,2016_21080,39.743253,-104.9823225,4/14/2016 8:52,8:52,15,0,0,17TH AVENUE EAST & LOGAN STREET NORTH,1,1,0,0,1,3,,0,30,0,0,0,0,0,4,2,5
,2016_21081,39.744855,-104.987394,1/11/2016 12:59,12:59,15,0,0,18TH AVENUE & BROADWAY STREET NORTH,1,1,0,0,1,1,,0,30,0,0,0,0,0,4,2,13
,2016_21082,39.74481,-104.977566,12/19/2016 13:29,13:29,3,0,0,18TH AVENUE EAST & CLARKSON STREET NORTH,5,1,0,7,1,1,,0,30,0,0,0,0,1,4,3,16
,2016_21083,39.744801,-104.9861205,1/25/2016 15:13,15:13,12,0,0,18TH AVENUE EAST & LINCOLN STREET NORTH,1,1,0,0,1,1,,0,30,0,0,0,0,0,4,2,13
,2016_21084,39.746214,-104.911686,12/24/2016 20:50,20:50,6,0,0,19TH AVENUE 6600 EAST & MAGNOLIA STREET,2,3,0,0,1,4,,0,15,0,0,0,0,0,4,2,13
,2016_21085,39.7512,-105.0191865,8/11/2016 16:04,16:04,6,0,0,23RD AVENUE WEST & BRYANT STREET NORTH,1,1,1,0,1,4,,0,35,0,0,0,0,0,4,4,13
,2016_21086,39.7512,-105.023601,4/13/2016 7:00,7:00,1,0,0,23RD AVENUE WEST & ELIOT STREET NORTH,1,1,0,7,1,1,,0,35,0,0,0,0,1,4,2,14
,2016_21087,39.750705,-104.9634315,10/26/2016 8:19,8:19,3,0,0,23RD AVENUE EAST & RACE STREET NORTH,1,1,0,7,1,1,,0,25,0,0,0,0,0,4,2,16
,2016_21088,39.751011,-104.8987305,1/31/2016 9:42,9:42,5,0,1,23RD AVENUE & SYRACUSE STREET NORTH,5,1,0,0,3,4,,0,25,0,0,0,0,2,4,1,14
,2016_21089,39.754818,-105.020514,7/21/2016 19:41,19:41,3,0,0,26TH AVENUE WEST & CLAY STREET NORTH,1,1,0,7,1,1,,0,30,0,0,0,0,0,4,2,16
,2016_21090,39.75471,-104.9128335,10/16/2016 10:00,10:00,15,0,0,26TH AVENUE EAST & MONACO STREET NORTH,1,1,0,0,1,1,,0,35,0,0,0,0,0,4,2,13
,2016_21091,39.754863,-105.042834,6/19/2016 10:45,10:45,6,0,0,26TH AVENUE WEST & STUART STREET NORTH,1,1,0,0,1,4,,0,30,0,0,0,0,0,4,2,14
,2016_21092,39.757986,-104.903451,12/6/2016 16:58,16:58,15,0,0,29TH AVENUE EAST & QUEBEC STREET NORTH,1,3,0,0,1,1,,0,35,0,0,0,0,0,4,2,14
,2016_21093,39.74001,-104.99202,7/19/2016 13:31,13:31,6,0,0,32ND AVENUE & 2000 BLOCK WEST,1,1,1,7,1,4,,0,30,0,0,0,0,0,4,2,16
,2016_21094,39.76210062,-105.0503468,2/4/2016 14:43,14:43,15,0,0,32ND AVENUE WEST & 2800 BLOCK,1,1,1,0,1,4,,0,25,0,0,0,0,0,4,2,13
,2016_21095,39.76210062,-105.0503468,2/1/2016 17:31,17:31,6,0,0,32ND AVENUE WEST & 3900 BLOCK,5,2,1,2,1,4,,0,30,0,0,0,0,0,4,2,13
,2016_21096,39.763215,-104.953644,4/23/2016 1:30,1:30,6,0,0,33RD AVENUE EAST & FILLMORE STREET NORTH,1,3,1,0,1,4,,0,25,0,0,0,0,0,4,2,13
,2016_21097,39.769407,-105.0474645,3/23/2016 11:00,11:00,3,0,0,38TH AVENUE WEST & WINONA COURT NORTH,4,1,0,2,1,1,,0,35,0,0,0,0,0,4,2,16
,2016_21098,39.771306,-104.968413,6/29/2016 12:03,12:03,3,0,0,39TH AVENUE EAST & FRANKLIN STREET NORTH,1,1,0,7,1,1,,0,25,0,0,0,0,0,4,2,16
,2016_21099,39.774105,-104.882778,12/20/2016 11:34,11:34,5,0,0,40TH AVENUE EAST & CENTRAL PARK BOULEVARD NORTH,4,1,0,0,2,4,,0,35,0,0,0,0,0,4,1,14
,2016_21100,39.776607,-105.020523,4/19/2016 17:18,17:18,12,0,0,44TH AVENUE WEST & CLAY STREET NORTH,1,1,0,7,1,1,,0,30,0,0,0,0,1,4,2,16
,2016_21101,39.777642,-104.957172,1/23/2016 9:32,9:32,5,0,0,44TH AVENUE EAST & COLUMBINE STREET NORTH,1,1,0,0,3,1,,0,25,0,0,0,0,0,4,1,13
,2016_21102,39.776553,-105.0486165,4/2/2016 15:44,15:44,3,0,0,44TH AVENUE WEST & WOLFF STREET NORTH,1,1,0,7,1,1,,0,25,0,0,0,0,0,4,2,8
,2016_21103,39.778335,-104.992036,7/15/2016 12:33,12:33,15,0,0,45TH AVENUE WEST & 0 BLOCK EAST,1,1,1,0,1,4,,0,30,0,0,0,0,0,4,2,14
,2016_21104,39.778047,-104.8471245,6/30/2016 6:53,6:53,12,0,0,45TH AVENUE EAST & PEORIA STREET NORTH,1,1,0,7,1,1,,0,35,0,0,0,0,0,4,2,1
,2016_21105,39.780135,-104.985783,2/4/2016 10:48,10:48,12,0,0,46TH AVENUE EAST & LINCOLN STREET NORTH,5,1,1,0,1,1,,0,25,0,0,0,0,0,4,2,13
,2016_21106,39.783735,-105.0345945,6/26/2016 19:15,19:15,3,0,0,48TH AVENUE WEST & LOWELL BOULEVARD NORTH,1,2,0,0,1,1,,0,35,0,0,0,0,0,4,2,1
,2016_21107,39.787425,-105.0123735,6/11/2016 2:30,2:30,6,0,0,50TH AVENUE WEST & UMATILLA STREET NORTH,1,3,0,0,1,4,,0,30,0,0,0,0,0,4,2,2
,2016_21108,39.789504,-104.76963,2/23/2016 11:30,11:30,6,0,0,51ST AVENUE EAST & ARGONNE STREET NORTH,1,1,0,0,1,4,,0,25,0,0,0,0,0,4,2,13
,2016_21109,39.79629781,-104.7376475,2/22/2016 19:30,19:30,6,0,0,55TH AVENUE & 12530 EAST,2,4,0,2,1,4,,0,25,0,0,0,0,0,4,3,2
,2016_21111,39.79818,-104.845023,1/13/2016 19:45,19:45,3,0,0,56TH AVENUE EAST & QUENTIN STREET NORTH,1,3,0,0,1,1,,0,40,0,0,0,0,0,4,2,14
,2016_21112,39.798063,-104.83074,10/12/2016 7:45,7:45,12,0,0,56TH AVENUE EAST & WORCHESTER STREET NORTH,2,1,0,0,1,4,,0,40,0,0,0,0,0,4,2,7
,2016_21113,39.836484,-104.715522,4/22/2016 13:15,13:15,10,0,0,77TH AVENUE & GUN CLUB ROAD NORTH,1,1,0,0,1,2,,0,25,0,0,0,0,0,4,2,8
,2016_21114,39.837969,-104.6928825,11/5/2016 13:15,13:15,12,0,0,78TH AVENUE 25700 BLOCK EAST & JACKSON GAP ROAD,1,1,1,0,1,3,,0,25,0,0,0,0,0,4,3,3
,2016_21115,39.772872,-104.7960135,3/29/2016 14:31,14:31,1,0,0,AIRPORT WAY NORTH & 40TH AVENUE EAST,1,1,0,0,1,1,,0,35,0,0,0,0,0,4,2,13
,2016_21116,39.653793,-104.881392,12/5/2016 1:16,1:16,6,0,0,AKRON STREET 2400 BLOCK SOUTH & GIRARD AVENUE EAST,1,3,0,0,1,4,,0,25,0,0,0,0,0,4,3,4
,2016_21117,39.711141,-104.987592,5/6/2016 0:02,0:02,3,0,0,ALAMEDA AVENUE EAST & BROADWAY STREET SOUTH,1,3,0,7,1,1,,0,35,0,0,0,0,1,4,2,14
,2016_21118,39.7116,-104.9408055,11/11/2016 17:23,17:23,3,0,0,ALAMEDA AVENUE 4200 BLOCK EAST & COLORADO BOULEVARD SOUTH,1,3,1,0,1,2,,0,35,0,0,0,0,0,4,4,13
,2016_21119,39.711204,-104.9222835,2/26/2016 18:35,18:35,1,0,0,ALAMEDA AVENUE EAST & HOLLY STREET SOUTH,1,3,0,0,1,1,,0,35,0,0,0,0,1,4,2,12