id,drcog_id,latitude,longitude,crashtime,time,crashtype,numbkilled,numbinjurd,drcoglocat,rdconditin,lightngcon,roadcntgrd,weatherco,location,roaddescrp,schoolzone,constrzone,splimit,bikeinv,pedinv,sctrinv,motoinv,svrty,rdsystem,ttlvehcls,hcf
,2016_21120,39.730509,-104.998671,9/2/2016 11:00,11:00,6,0,0,SANTA FE DRIVE & NINTH AVENUE WEST,1,1,0,0,1,4,,0,35,0,0,0,0,0,4,2,14
,2016_21121,39.711366,-104.918823,11/20/2016 11:00,11:00,12,0,0,ALAMEDA AVENUE 6000 BLOCK EAST & JASMINE STREET SOUTH,1,1,1,7,1,3,,0,30,0,0,0,0,0,4,2,16
,2016_21122,39.711114,-104.9710455,11/11/2016 9:02,9:02,3,0,0,ALAMEDA AVENUE EAST & LAFAYETTE STREET SOUTH,1,1,0,7,1,1,,0,25,0,0,0,0,1,4,2,8
,2016_21123,39.74001,-104.99202,4/25/2016 8:18,8:18,6,0,0,MEXICO & 3200 BLOCK EAST,1,1,0,0,1,2,,0,30,0,0,0,0,0,4,2,13
,2016_21124,39.71142,-104.9366835,12/14/2016 16:00,16:00,1,0,0,ALAMEDA AVENUE 4200 BLOCK EAST & LEETSDALE DRIVE,1,1,1,0,1,2,,0,35,0,0,0,0,0,4,2,13
,2016_21125,39.71115,-104.982795,6/30/2016 11:27,11:27,15,0,0,ALAMEDA AVENUE 300 BLOCK EAST & LOGAN STREET SOUTH,1,1,0,7,1,3,,0,30,0,0,0,0,0,4,2,16
,2016_21126,39.711348,-104.9035005,12/24/2016 3:00,3:00,4,0,0,ALAMEDA AVENUE EAST & QUEBEC STREET SOUTH,1,3,0,0,1,1,,0,35,0,0,0,0,0,4,1,13
,2016_21127,39.711186,-104.997132,3/31/2016 13:10,13:10,3,0,0,ALAMEDA AVENUE WEST & SANTA FE DRIVE SOUTH,1,1,0,2,1,1,,0,30,0,0,0,0,0,4,2,13
,2016_21128,39.711105,-104.97924,5/29/2016 18:24,18:24,3,0,0,ALAMEDA AVENUE EAST & WASHINGTON STREET SOUTH,1,1,0,7,1,1,,0,35,0,0,0,0,1,4,2,8
,2016_21129,39.711105,-104.97924,12/13/2016 13:55,13:55,3,0,0,ALAMEDA AVENUE EAST & WASHINGTON STREET SOUTH,1,1,1,7,1,1,,0,30,0,0,0,0,0,4,3,16
,2016_21130,39.779244,-104.8339035,12/14/2016 18:05,18:05,5,0,0,ANAHEIM COURT NORTH  & 46TH AVENUE,1,2,1,0,2,4,,0,25,0,0,0,0,0,4,2,13
,2016_21131,39.785733,-104.8385025,2/10/2016 14:50,14:50,3,0,0,ANDREWS DRIVE EAST & TITAN COURT NORTH,14,1,0,7,1,3,,0,25,0,0,0,0,0,4,2,16
,2016_21132,39.694734,-104.9500035,1/16/2016 18:05,18:05,3,0,0,ARIZONA AVENUE EAST & STEELE STREET SOUTH,1,3,0,0,1,1,,0,25,0,0,0,0,1,4,2,13
,2016_21133,39.748122,-105.0042735,6/15/2016 19:12,19:12,15,0,0,AURARIA PARKWAY & 12TH STREET,1,1,0,7,1,1,,0,35,0,0,0,0,0,4,2,16
,2016_21134,39.79099042,-104.9891094,7/5/2016 8:50,8:50,6,0,0,BANNOCK STREET & 1100 BLOCK NORTH,1,1,0,0,1,4,,0,25,0,0,0,0,0,4,2,2
,2016_21135,39.711159,-104.9900175,3/10/2016 16:00,16:00,15,0,0,BANNOCK STREET SOUTH & ALAMEDA AVENUE WEST,1,1,0,0,1,1,,0,25,0,0,0,0,0,4,2,3
,2016_21136,39.748932,-105.001254,2/1/2016 7:58,7:58,12,0,0,BLAKE STREET & 14TH STREET,4,1,0,1,1,1,,0,30,0,0,0,0,0,4,2,16
,2016_21137,39.752397,-104.996745,6/14/2016 14:52,14:52,15,0,0,BLAKE STREET & 18TH STREET,1,1,0,0,1,4,,0,30,0,0,0,0,1,4,2,13
,2016_21138,39.761118,-105.008094,3/2/2016 8:20,8:20,3,0,0,BOULDER STREET & 18TH STREET,1,1,1,7,1,1,,0,25,0,0,0,0,0,4,2,16
,2016_21139,39.766572,-104.983713,12/9/2016 17:42,17:42,1,0,0,BRIGHTON BOULEVARD NORTH & 31ST STREET,1,3,1,7,1,1,,0,30,0,0,0,0,0,4,2,16
,2016_21140,39.736845,-104.9873715,12/22/2016 10:20,10:20,12,0,0,BROADWAY & 13TH AVENUE,1,1,0,0,1,4,,0,30,0,0,0,0,1,4,4,10
,2016_21141,39.729087,-104.987412,4/29/2016 12:15,12:15,10,0,0,BROADWAY NORTH & EIGHTH AVENUE EAST,2,1,0,2,1,1,,0,30,0,0,0,0,0,4,2,1
,2016_21142,39.735243,-104.9873805,8/9/2016 20:00,20:00,6,0,0,BROADWAY NORTH & 12TH AVENUE WEST,1,3,0,0,1,2,,0,35,0,0,0,0,0,4,2,15
,2016_21143,39.724137,-104.9875065,4/9/2016 14:49,14:49,6,0,0,BROADWAY NORTH & FIFTH AVENUE WEST,1,1,0,0,1,2,,0,30,0,0,0,0,0,4,2,13
,2016_21144,39.694788,-104.9874615,1/17/2016 2:48,2:48,6,0,0,BROADWAY SOUTH & ARIZONA AVENUE WEST,1,3,0,7,1,4,,0,35,0,0,0,0,1,4,2,3
,2016_21145,39.740688,-104.987385,8/12/2016 16:40,16:40,12,0,0,BROADWAY NORTH & CHEYENNE PLACE,1,1,0,0,1,4,,0,30,0,0,0,0,0,4,2,1
,2016_21146,39.678498,-104.987565,12/5/2016 17:26,17:26,15,0,0,BROADWAY & EVANS AVENUE EAST,1,3,0,7,1,4,,0,30,0,0,0,0,0,4,2,14
,2016_21147,39.671271,-104.9875335,5/19/2016 7:40,7:40,15,0,0,BROADWAY & HARVARD AVENUE EAST,1,1,0,0,1,1,,0,35,0,0,0,0,0,4,2,13
,2016_21148,39.687543,-104.9875245,7/9/2016 22:00,22:00,1,0,0,BROADWAY SOUTH & IOWA AVENUE WEST,1,3,0,0,1,1,,0,35,0,0,0,1,0,4,2,13
,2016_21149,39.700242,-104.987511,2/10/2016 8:20,8:20,15,0,0,BROADWAY SOUTH & KENTUCKY AVENUE,1,1,0,0,1,4,,0,30,0,0,0,0,0,4,2,13
,2016_21150,39.700242,-104.987511,10/26/2016 11:35,11:35,15,0,0,BROADWAY & KENTUCKY AVENUE WEST,1,1,0,7,1,3,,0,25,0,0,0,0,0,4,2,16
,2016_21151,39.764475,-104.9331555,1/9/2016 14:54,14:54,12,0,0,BRUCE RANDOLPH AVENUE EAST & DEXTER STREET NORTH,1,1,0,0,1,1,,0,25,0,0,0,0,0,4,2,13
,2016_21152,39.764502,-104.97087,10/20/2016 13:40,13:40,3,0,0,BRUCE RANDOLPH AVENUE EAST & LAFAYETTE STREET NORTH,1,1,0,7,1,1,,0,30,0,0,0,0,0,4,2,1
,2016_21153,39.712149,-105.0128324,1/14/2016 15:30,15:30,6,0,0,BYERS DRIVE & 2325 WEST,1,5,0,7,1,4,,0,20,0,0,0,0,0,4,2,16
,2016_21154,39.705696,-104.986323,12/13/2016 12:53,12:53,3,0,0,CENTER AVENUE & LINCOLN STREET SOUTH,1,1,0,0,1,5,,0,15,0,0,0,0,0,4,2,14
,2016_21155,39.705696,-104.982804,2/18/2016 10:36,10:36,3,0,0,CENTER AVENUE EAST & LOGAN STREET SOUTH,1,1,0,0,1,1,,0,25,0,0,0,0,0,4,2,13
,2016_21156,39.774105,-104.882778,3/21/2016 8:10,8:10,12,0,0,CENTRAL PARK BOULEVARD 3900 BLOCK NORTH & 40TH AVENUE EAST,1,1,1,7,1,4,,0,35,0,0,0,0,0,4,2,16
,2016_21157,39.753801,-104.890734,1/26/2016 16:50,16:50,3,0,0,CENTRAL PARK BOULEVARD & 25TH DRIVE EAST,1,1,0,7,1,1,,0,30,0,0,0,0,0,4,2,16
,2016_21158,39.759876,-104.890752,3/24/2016 9:15,9:15,3,0,0,CENTRAL PARK BOULEVARD & MLK BOULEVARD,4,1,0,2,1,1,,0,35,0,0,0,0,0,4,2,16
,2016_21159,39.750678,-104.88852,2/20/2016 11:10,11:10,3,0,0,CENTRAL PARK BOULEVARD & XANTHIA WAY NORTH,1,1,0,0,1,1,,0,25,0,0,0,0,1,4,2,7
,2016_21160,39.77666713,-104.9911518,1/8/2016 1:20,1:20,6,0,0,CHEROKEE STREET & 1148 SOUTH,4,3,0,2,1,4,,0,25,0,0,0,0,0,4,3,16
,2016_21161,39.746952,-104.9775525,11/21/2016 11:40,11:40,15,0,0,CLARKSON STREET NORTH & PARK AVENUE WEST,1,1,1,0,1,1,,0,,0,0,0,0,0,4,2,13
,2016_21162,39.719358,-105.020415,1/27/2016 12:56,12:56,6,0,0,CLAY STREET SOUTH & PARK PLACE WEST,1,1,0,0,1,2,,0,30,0,0,0,0,0,4,2,12
,2016_21163,39.78947618,-104.94756,3/8/2016 14:40,14:40,6,0,0,COOK STREET & 500 BLOCK NORTH,1,1,0,0,1,4,,0,25,0,0,0,0,0,4,3,5
,2016_21164,39.723732,-104.974083,6/15/2016 22:02,22:02,3,0,0,CORONA STREET NORTH & FIFTH AVENUE EAST,1,3,1,0,1,1,,0,25,0,0,0,0,0,4,2,5
,2016_21165,39.746196,-104.995593,5/27/2016 3:00,3:00,12,0,0,CURTIS STREET 1500 BLOCK & 16TH STREET,1,1,0,0,1,2,,0,25,0,0,0,0,0,4,2,13
,2016_21166,39.671568,-104.8753035,12/8/2016 19:21,19:21,3,0,0,DAYTON WAY SOUTH & HARVARD AVENUE EAST,5,4,1,0,1,1,,0,25,0,0,0,0,0,4,2,5
,2016_21167,39.735567,-105.0217425,12/11/2016 5:30,5:30,5,0,0,DECATUR STREET 1100 BLOCK & WEST HOLDEN PLACE,2,2,0,0,2,3,,0,30,0,0,0,0,0,4,1,14
,2016_21168,39.74001,-104.99202,7/19/2016 9:15,9:15,15,0,0,DEPEW & 2100 BLOCK SOUTH,1,1,0,0,1,4,,0,25,0,0,0,0,0,4,2,13
,2016_21169,39.750714,-104.973354,2/3/2016 14:25,14:25,15,0,0,DOWNING STREET NORTH & 23RD AVENUE EAST,2,1,0,0,1,1,,0,25,0,0,0,0,0,4,2,13
,2016_21170,39.760758,-104.9733405,10/28/2016 15:22,15:22,12,0,0,DOWNING STREET NORTH & 31ST AVENUE EAST,1,1,0,7,1,1,,0,35,0,0,0,0,1,4,3,12
,2016_21171,39.714714,-104.973444,5/30/2016 21:25,21:25,5,0,0,DOWNING STREET SOUTH & BAYAUD AVENUE EAST,1,3,0,7,2,1,,0,25,0,0,0,0,0,4,1,12
,2016_21172,39.707469,-104.973381,10/24/2016 11:03,11:03,3,0,0,DOWNING STREET SOUTH & VIRGINIA AVENUE EAST,1,1,1,7,1,1,,0,30,0,0,0,0,1,4,2,3
,2016_21173,39.631356,-104.8923,1/5/2016 8:00,8:00,1,0,0,DTC BOULEVARD SOUTH & UNION AVENUE EAST,1,1,0,0,1,1,,0,35,0,0,0,0,0,4,2,3
,2016_21174,39.689208,-104.976612,3/17/2016 19:45,19:45,12,0,0,EMERSON STREET 1500 BLOCK NORTH & 16TH AVENUE,2,3,0,2,1,2,,0,20,0,0,0,0,0,4,2,13
,2016_21175,39.678489,-104.9875605,5/16/2016 20:40,20:40,3,0,0,EVANS AVENUE & BROADWAY STREET SOUTH,2,4,0,1,1,1,,0,35,0,0,0,0,0,4,2,14
,2016_21176,39.678444,-104.931612,8/14/2016 11:50,11:50,15,0,0,EVANS AVENUE EAST & DAHLIA STREET SOUTH,1,1,0,0,1,3,,0,20,0,0,0,0,0,4,2,13
,2016_21177,39.678507,-104.973444,5/23/2016 7:04,7:04,15,0,0,EVANS AVENUE & DOWNING STREET SOUTH,1,1,0,0,1,4,,0,30,0,0,0,0,0,4,2,1
,2016_21178,39.678624,-105.0250365,12/23/2016 15:05,15:05,12,0,0,EVANS AVENUE WEST & FEDERAL BOULEVARD SOUTH,1,1,0,7,1,4,,0,35,0,0,0,0,1,4,2,3
,2016_21179,39.678444,-104.9579415,6/6/2016 15:20,15:20,12,0,0,EVANS AVENUE EAST & JOSEPHINE STREET SOUTH,1,1,0,7,1,1,,0,30,0,0,0,0,0,4,2,16
,2016_21180,39.678453,-104.915952,10/23/2016 17:20,17:20,12,0,0,EVANS AVENUE 6100 BLOCK EAST & LEYDEN STREET SOUTH,1,1,1,7,1,4,,0,35,0,0,0,0,0,4,2,3
,2016_21181,39.678435,-104.912892,5/3/2016 9:43,9:43,12,0,0,EVANS AVENUE 6400 BLOCK EAST & MONACO STREET SOUTH,1,1,0,7,1,4,,0,35,0,0,0,0,1,4,3,14
,2016_21182,39.678363,-104.959404,1/14/2016 13:28,13:28,6,0,0,EVANS AVENUE 2300 BLOCK EAST & UNIVERSITY BOULEVARD SOUTH,1,1,0,0,1,4,,0,30,0,0,0,0,0,4,2,13
,2016_21183,39.79069248,-104.9534325,2/1/2016 6:15,6:15,6,0,0,FILLMORE STREET & 3500 BLOCK NORTH,5,3,0,2,1,4,,0,25,0,0,0,0,0,4,2,13
,2016_21184,39.689343,-104.9223105,5/27/2016 21:34,21:34,12,0,0,FLORIDA AVENUE EAST & HOLLY STREET SOUTH,1,3,0,0,1,4,,0,30,0,0,0,0,0,4,2,5
,2016_21185,39.689451,-105.0355305,11/1/2016 17:37,17:37,12,0,0,FLORIDA AVENUE WEST & MEADE STREET SOUTH,1,1,0,7,1,1,,0,40,0,0,0,0,1,4,2,7
,2016_21186,39.689334,-104.903604,5/14/2016 13:55,13:55,12,0,0,FLORIDA AVENUE 7300 BLOCK EAST & QUEBEC STREET SOUTH,1,1,0,7,1,4,,0,30,0,0,0,0,1,4,2,14
,2016_21187,39.707217,-104.8683015,1/19/2016 10:40,10:40,15,0,0,GALENA WAY SOUTH & VIRGINIA AVENUE EAST,1,1,0,0,1,4,,0,30,0,0,0,0,0,4,2,1
,2016_21188,39.78234802,-104.9613455,2/27/2016 7:00,7:00,6,0,0,GAYLORD STREET & 1131 NORTH,1,1,0,0,1,4,,0,25,0,0,0,0,0,4,2,13
,2016_21189,39.725622,-104.983605,11/9/2016 19:15,19:15,12,0,0,GRANT STREET NORTH & SIXTH AVENUE EAST,1,3,0,7,1,4,,0,30,0,0,0,0,0,4,2,16
,2016_21190,39.73691268,-104.9835264,11/11/2016 17:23,17:23,12,0,1,GRANT STREET 1300 BLOCK NORTH & 13TH AVENUE EAST,1,3,0,0,1,4,,0,35,0,0,0,0,2,4,3,14
,2016_21191,39.73299581,-105.0263061,9/23/2016 2:02,2:02,6,0,0,GROVE STREET 1000 BLOCK NORTH & 10TH AVENUE WEST,1,3,0,0,1,4,,0,25,0,0,0,0,1,4,2,14
,2016_21192,39.781287,-104.742378,5/31/2016 14:41,14:41,12,0,0,GREEN VALLEY RANCH BOULEVARD EAST & MALAYA STREET NORTH,1,1,0,7,1,4,,0,25,0,0,0,0,0,4,2,7
,2016_21193,39.74001,-104.99202,7/28/2016 16:50,16:50,14,0,1,IOWA AVENUE & 400 BLOCK EAST,1,1,0,0,6,4,,0,25,0,0,0,0,2,4,2,13
,2016_21194,39.783609,-104.7913916,5/16/2016 17:49,17:49,12,0,0,GREEN VALLEY RANCH BOULEVARD EAST & PENA BOULEVARD,2,1,0,1,1,1,,0,40,0,0,0,0,0,4,3,16
,2016_21195,39.783816,-104.7816855,12/15/2016 16:45,16:45,1,0,1,GREEN VALLEY RANCH BOULEVARD EAST & TELLURIDE STREET NORTH,1,2,0,7,1,3,,0,40,0,0,0,0,2,4,2,1
,2016_21196,39.783609,-104.772222,10/1/2016 14:38,14:38,8,0,0,GREEN VALLEY RANCH BOULEVARD 18500 BLOCK EAST & TOWER ROAD NORTH,1,1,0,0,1,1,,0,40,0,0,0,0,1,4,2,14
,2016_21197,39.783618,-104.774463,11/12/2016 16:58,16:58,3,0,0,GREEN VALLEY RANCH BOULEVARD EAST & YAMPA STREET NORTH,1,1,1,7,1,1,,0,40,0,0,0,0,0,4,2,14
,2016_21198,39.685671,-104.941818,1/7/2016 8:30,8:30,12,0,0,HARRISON STREET SOUTH & MEXICO AVENUE EAST,1,1,0,0,1,2,,0,25,0,0,0,0,0,4,2,13
,2016_21199,39.698406,-104.9652045,5/24/2016 11:31,11:31,3,0,0,HIGH STREET SOUTH & TENNESSEE AVENUE EAST,1,1,0,7,1,1,,0,25,0,0,0,0,0,4,2,12
,2016_21200,39.788604,-104.7591855,1/26/2016 9:15,9:15,15,0,0,HIMALAYA WAY NORTH & 50TH AVENUE EAST,1,1,0,7,1,1,,0,35,0,0,0,0,0,4,2,14
,2016_21201,39.689343,-104.9223105,12/7/2016 10:06,10:06,1,0,0,HOLLY STREET SOUTH & FLORIDA AVENUE EAST,4,1,0,2,1,2,,0,30,0,0,0,0,0,4,2,13
,2016_21202,39.688461,-104.9223105,1/21/2016 0:25,0:25,6,0,0,HOLLY STREET SOUTH & GUNNISON PLACE EAST,1,3,0,0,1,4,,0,30,0,0,0,0,0,4,4,5
,2016_21203,39.682062,-104.922234,5/25/2016 17:30,17:30,12,0,0,HOLLY STREET 1900 BLOCK SOUTH & JEWELL AVENUE EAST,1,1,0,7,1,4,,0,25,0,0,0,0,0,4,2,12
,2016_21204,39.763782,-104.9240115,12/16/2016 10:05,10:05,6,0,0,HUDSON STREET 3355 & 33RD STREET EAST,1,1,0,0,1,4,,0,20,0,0,0,0,0,4,2,2
,2016_21205,39.675285,-105.0278625,1/28/2016 10:59,10:59,3,0,0,ILIFF AVENUE WEST & HAZEL WAY SOUTH,1,1,0,0,1,1,,0,30,0,0,0,0,0,4,2,7
,2016_21206,39.675924,-104.922261,4/20/2016 8:30,8:30,15,0,0,ILIFF AVENUE & HOLLY STREET SOUTH,1,1,0,0,1,1,,0,30,0,0,0,0,0,4,2,7
,2016_21207,39.769407,-104.9994225,5/14/2016 20:00,20:00,6,0,0,JASON STREET & 38TH AVENUE WEST,1,4,0,0,1,4,,0,25,0,0,0,0,0,4,2,13
,2016_21208,39.68226,-105.025032,1/2/2016 9:35,9:35,3,0,0,JEWELL AVENUE 3000 BLOCK WEST & FEDERAL BOULEVARD SOUTH,1,1,0,0,1,2,,0,30,0,0,0,0,0,4,2,13
,2016_21209,39.745143,-105.031503,9/21/2016 10:51,10:51,6,0,0,JULIAN STREET & 18TH AVENUE WEST,1,1,0,0,1,2,,1,25,0,0,0,0,0,4,2,14
,2016_21210,39.72627,-105.0002055,12/16/2016 21:43,21:43,14,0,0,KALAMATH STREET & SIXTH AVENUE WEST,4,3,0,2,1,4,,0,35,0,0,0,0,0,4,3,5
,2016_21211,39.728943,-105.000183,3/21/2016 12:03,12:03,12,0,1,KALAMATH STREET NORTH & EIGHTH AVENUE WEST,1,1,1,0,1,1,,0,30,0,0,0,0,2,4,2,13
,2016_21212,39.776049,-104.749704,4/28/2016 7:00,7:00,6,0,0,KELLY PLACE 20420 EAST & JEBEL STREET NORTH,1,1,0,0,1,4,,0,25,0,0,0,0,0,4,2,14
,2016_21213,39.700404,-105.0226965,6/3/2016 13:19,13:19,10,0,0,KENTUCKY AVENUE WEST & DECATUR STREET SOUTH,1,1,0,0,1,1,,0,25,0,0,0,0,0,4,2,1
,2016_21214,39.734757,-105.032151,11/21/2016 16:54,16:54,3,0,0,KNOX COURT NORTH & 12TH AVENUE WEST,1,3,0,0,1,1,,0,25,0,0,0,0,0,4,2,13
,2016_21215,39.738402,-104.970681,5/25/2016 2:30,2:30,6,0,0,LAFAYETTE STREET & 14TH AVENUE EAST,1,3,0,0,1,4,,0,25,0,0,0,0,0,4,3,14
,2016_21216,39.740013,-104.970915,1/8/2016 13:10,13:10,3,0,0,LAFAYETTE STREET 1500 BLOCK NORTH & COLFAX AVENUE EAST,4,1,0,2,1,2,,0,30,0,0,0,0,0,4,2,13
,2016_21217,39.744936,-105.0047123,8/12/2016 19:06,19:06,1,0,0,LARIMER STREET & 2500 LARIMER STREET,1,1,0,0,1,4,,0,30,0,0,0,0,0,4,2,13
,2016_21218,39.75417,-104.9893335,4/15/2016 18:40,18:40,15,0,0,LAWRENCE STREET & 22ND STREET,1,1,0,0,1,1,,0,35,0,0,0,0,0,4,2,13
,2016_21219,39.73190582,-104.9861681,10/23/2016 1:52,1:52,12,0,0,LINCOLN STREET & 1200 NORTH,1,3,0,0,1,4,,0,30,0,0,0,0,0,4,2,14
,2016_21220,39.68577,-104.975775,1/4/2016 11:00,11:00,6,0,0,OGDEN STREET 1600 BLOCK SOUTH & MEXICO AVENUE EAST,4,1,0,7,1,4,,0,25,0,0,0,0,0,4,2,1
,2016_21221,39.735837,-104.98572,7/1/2016 18:50,18:50,6,0,0,LINCOLN STREET 1200 BLOCK NORTH & 12TH AVENUE EAST,1,1,0,0,1,4,,0,30,0,0,0,0,0,4,2,13
,2016_21222,39.741642,-104.986134,6/18/2016 8:53,8:53,3,0,0,LINCOLN STREET NORTH & 16TH AVENUE EAST,1,1,0,7,1,1,,0,30,0,0,0,0,1,4,2,14
,2016_21223,39.701025,-104.9875425,3/4/2016 13:07,13:07,15,0,0,LINCOLN STREET 500 BLOCK NORTH & BROADWAY STREET NORTH,1,1,1,0,1,1,,0,15,0,0,0,0,0,4,2,1
,2016_21224,39.693024,-104.9862735,5/3/2016 13:00,13:00,3,0,0,LINCOLN STREET SOUTH & LOUISIANA AVENUE EAST,1,1,1,7,1,1,,0,25,0,0,0,0,1,4,3,3
,2016_21225,39.754701,-105.005988,1/31/2016 19:28,19:28,5,0,0,LITTLE RAVEN STREET & BASSETT CIRCLE,4,3,0,2,3,4,,0,25,0,0,0,0,0,4,1,7
,2016_21226,39.7895539,-104.9828997,10/18/2016 16:08,16:08,12,0,0,LOGAN STREET & 500 BLOCK SOUTH,1,1,0,0,1,4,,0,30,0,0,0,0,0,4,2,13
,2016_21227,39.7895539,-104.9828997,8/28/2016 8:00,8:00,6,0,0,LOGAN STREET & 1900 BLOCK NORTH,1,1,0,0,1,4,,0,30,0,0,0,0,0,4,3,13
,2016_21228,39.70188,-104.982561,6/3/2016 8:35,8:35,12,0,1,LOGAN STREET 800 BLOCK NORTH & 10TH AVENUE EAST,1,1,0,0,1,4,,0,30,0,0,0,0,2,4,2,13
,2016_21229,39.709296,-104.9827815,12/15/2016 17:11,17:11,5,0,0,LOGAN STREET SOUTH & DAKOTA AVENUE EAST,1,3,0,7,3,2,,0,25,0,0,0,0,0,4,1,16
,2016_21230,39.76552276,-105.0346227,9/14/2016 20:54,20:54,6,0,0,LOWELL BOULEVARD NORTH & 2000 BLOCK,1,4,0,0,1,4,,0,25,0,0,0,0,0,4,2,3
,2016_21231,39.723705,-104.8837095,12/20/2016 7:54,7:54,12,0,0,LOWRY BOULEVARD & YOSEMITE WAY NORTH,5,1,0,7,1,1,,0,30,0,0,0,0,0,4,2,16
,2016_21232,39.77824411,-104.946422,5/4/2016 11:00,11:00,6,0,0,MADISON STREET & 1200 BLOCK NORTH,1,1,0,0,1,4,,0,30,0,0,0,0,0,4,2,7
,2016_21233,39.740013,-104.9721435,6/11/2016 1:20,1:20,6,0,0,MARION STREET NORTH & COLFAX AVENUE EAST,1,3,0,0,1,4,,0,25,0,0,0,0,0,4,3,5
,2016_21234,39.707487,-104.9724045,7/8/2016 8:40,8:40,3,0,0,MARION STREET SOUTH & VIRGINIA AVENUE EAST,1,1,0,7,1,1,,0,30,0,0,0,0,0,4,2,7
,2016_21235,39.768183,-105.002604,7/16/2016 18:10,18:10,6,0,0,MARIPOSA STREET 3700 BLOCK NORTH & 38TH AVENUE NORTH,1,1,0,0,1,1,,0,25,0,0,0,0,0,4,2,13
,2016_21236,39.75031845,-104.9977268,5/14/2016 1:30,1:30,12,0,0,MARKET STREET & 1700 BLOCK,1,3,0,0,1,4,,0,30,0,0,0,0,0,4,2,5
,2016_21237,39.753612,-104.993451,3/30/2016 21:50,21:50,6,0,0,MARKET STREET & 20TH STREET,1,3,0,0,1,4,,0,25,0,0,0,0,0,4,2,13
,2016_21238,39.794085,-104.8303305,4/21/2016 20:10,20:10,6,0,0,MAXWELL PLACE 13600 EAST & XANADU STREET NORTH,1,3,0,0,1,4,,0,25,0,0,0,0,1,4,3,1
,2016_21239,39.73066582,-105.0361531,12/31/2016 19:40,19:40,6,0,0,MEADE STREET 900 BLOCK NORTH & 10TH AVENUE WEST,2,3,1,0,3,4,,0,25,0,0,0,0,0,4,2,14
,2016_21240,39.685698,-104.9500935,3/29/2016 10:25,10:25,12,0,0,MEXICO AVENUE 3200 BLOCK EAST & STEELE STREET SOUTH,1,1,0,7,1,3,,0,30,0,0,0,0,0,4,2,1
,2016_21241,39.78577374,-104.9518964,7/31/2016 11:28,11:28,6,0,0,MILWAUKEE STREET & 1400 BLOCK NORTH,1,1,0,7,1,4,,0,25,0,0,0,0,0,4,2,7
,2016_21242,39.718026,-104.9522265,12/28/2016 8:00,8:00,12,0,0,MILWAUKEE STREET NORTH & FIRST AVENUE EAST,1,1,0,7,1,3,,0,30,0,0,0,0,0,4,2,3
,2016_21243,39.7645238,-104.952345,4/20/2016 7:40,7:40,6,0,0,MILWAUKEE STREET 3400 BLOCK NORTH & 35TH AVENUE SOUTH,1,5,0,0,1,4,,0,25,0,0,0,0,0,4,2,13
,2016_21244,39.69657,-104.9547488,7/4/2016 15:33,15:33,12,0,0,MISSISSIPPI AVENUE & 6900 BLOCK EAST,1,1,0,0,1,2,,0,25,0,0,0,0,0,4,2,12
,2016_21245,39.696732,-105.02037,10/29/2016 17:02,17:02,3,0,0,MISSISSIPPI AVENUE WEST & CLAY STREET SOUTH,1,1,0,0,1,1,,0,25,0,0,0,0,1,4,2,1
,2016_21246,39.696705,-104.9991345,6/15/2016 17:07,17:07,1,0,0,MISSISSIPPI AVENUE WEST & JASON STREET SOUTH,1,1,0,0,1,1,,0,30,0,0,0,0,0,4,2,1
,2016_21247,39.700188,-104.908185,10/31/2016 8:45,8:45,3,0,0,ONEIDA STREET SOUTH & LEETSDALE DRIVE,1,1,0,0,1,2,,0,25,0,0,0,0,0,4,2,14
,2016_21248,39.76090776,-104.9003048,8/4/2016 9:06,9:06,3,0,0,MLK BOULEVARD & 2300 BLOCK,1,1,0,0,1,3,,0,25,0,0,0,0,0,4,4,14
,2016_21249,39.76090776,-104.9003048,7/30/2016 14:23,14:23,12,0,0,MLK BOULEVARD & 2600 BLOCK EAST,1,1,0,0,1,3,,0,35,0,0,0,0,0,4,2,13
,2016_21250,39.725334,-104.912793,5/23/2016 9:00,9:00,12,0,0,MONACO STREET SOUTHBOUND & SIXTH AVENUE EAST,1,1,0,0,1,4,,0,30,0,0,0,0,0,4,3,7
,2016_21251,39.731652,-104.91282,11/9/2016 15:16,15:16,3,0,0,MONACO STREET NORTH & 10TH AVENUE EAST,1,1,0,7,1,1,,0,25,0,0,0,0,0,4,2,3
,2016_21252,39.757887,-104.9917545,6/14/2016 18:45,18:45,10,0,0,PARK AVENUE WEST & WAZEE STREET,1,1,0,0,1,1,,0,30,0,0,0,0,0,4,2,8
,2016_21253,39.741912,-104.912793,5/18/2016 17:33,17:33,12,0,0,MONACO STREET NORTH & 16TH AVENUE EAST,1,1,0,7,1,4,,0,35,0,0,0,0,0,4,3,14
,2016_21254,39.678435,-104.9127435,6/1/2016 18:40,18:40,12,0,0,MONACO STREET SOUTH & EVANS AVENUE EAST,1,1,0,7,1,4,,0,30,0,0,0,0,0,4,2,4
,2016_21255,39.667563,-104.9453505,3/4/2016 10:15,10:15,3,0,0,MONROE STREET SOUTH & YALE AVENUE EAST,1,1,0,0,1,1,,0,25,0,0,0,0,1,4,2,1
,2016_21256,39.703968,-105.0430905,1/5/2016 17:54,17:54,6,0,0,MORRISON ROAD & STUART STREET SOUTH,2,3,0,0,3,1,,0,30,0,0,0,0,0,4,3,1