id,drcog_id,latitude,longitude,crashtime,time,crashtype,numbkilled,numbinjurd,drcoglocat,rdconditin,lightngcon,roadcntgrd,weatherco,location,roaddescrp,schoolzone,constrzone,splimit,bikeinv,pedinv,sctrinv,motoinv,svrty,rdsystem,ttlvehcls,hcf
,2016_21257,39.703968,-105.0430905,5/28/2016 1:00,1:00,3,0,0,MORRISON ROAD & STUART STREET SOUTH,1,3,0,0,1,1,,0,35,0,0,0,0,0,4,2,13
,2016_21258,39.785652,-104.893254,3/6/2016 15:04,15:04,12,0,0,NORTHFIELD BOULEVARD & UINTA STREET NORTH,1,1,0,7,1,4,,0,35,0,0,0,0,0,4,2,14
,2016_21259,39.785652,-104.893254,5/10/2016 13:25,13:25,15,0,0,NORTHFIELD BOULEVARD & UINTA STREET NORTH,1,1,0,7,1,1,,0,35,0,0,0,0,0,4,2,16
,2016_21260,39.722481,-104.9752215,7/25/2016 14:20,14:20,3,0,0,OGDEN STREET NORTH & FOURTH AVENUE EAST,1,1,0,7,1,1,,0,25,0,0,0,0,0,4,2,16
,2016_21261,39.77568454,-104.9082236,1/10/2016 12:40,12:40,6,0,0,ONEIDA STREET & 4125 SOUTH,4,1,1,7,1,4,,0,30,0,0,0,0,0,4,2,16
,2016_21262,39.789108,-104.73624,5/23/2016 15:04,15:04,6,0,0,51ST PLACE EAST & PERTH STREET NORTH,1,1,0,0,1,1,,0,25,0,0,0,0,0,4,2,13
,2016_21263,39.753711,-104.98635,1/9/2016 12:14,12:14,12,0,0,PARK AVENUE WEST 1000 BLOCK & CURTIS STREET,1,1,0,0,1,4,,0,30,0,0,0,0,0,4,2,13
,2016_21264,39.755745,-104.989014,8/11/2016 17:16,17:16,12,0,0,PARK AVENUE WEST & LARIMER STREET,1,1,0,7,1,4,,0,30,0,0,0,0,0,4,2,16
,2016_21265,39.742848,-104.9721615,12/28/2016 14:50,14:50,3,0,0,PARK AVENUE WEST & MARION STREET NORTH,1,1,0,0,1,1,,0,30,0,0,0,0,1,4,2,13
,2016_21266,39.678588,-105.006402,12/31/2016 4:00,4:00,6,0,0,PECOS STREET SOUTH & EVANS AVENUE WEST,1,3,0,0,1,4,,0,,0,0,0,0,0,4,2,13
,2016_21267,39.844602,-104.6809395,7/15/2016 18:20,18:20,15,0,0,PENA BOULEVARD IB & 8000 BLOCK,1,1,1,0,1,1,,0,25,0,0,0,0,0,4,2,8
,2016_21268,39.844602,-104.6809395,4/22/2016 14:20,14:20,12,0,0,PENA BOULEVARD & 8400 BLOCK,1,1,0,7,1,4,,0,15,0,0,0,0,0,4,2,8
,2016_21269,39.783609,-104.7913916,12/17/2016 2:50,2:50,12,0,0,PENA BOULEVARD 4700 BLOCK & 48TH AVENUE,5,3,0,2,1,4,,0,65,0,0,0,0,0,4,2,7
,2016_21270,39.834405,-104.715504,12/30/2016 14:45,14:45,15,0,1,PENA BOULEVARD OUTBOUND & GUN CLUB ROAD NORTH,1,1,0,0,1,4,,0,65,0,0,0,0,2,4,3,8
,2016_21271,39.83346903,-104.692932,6/19/2016 12:31,12:31,5,0,0,PENA BOULEVARD & JACKSON GAP STREET NORTH,1,1,0,0,3,4,,0,55,0,0,0,0,0,4,1,2
,2016_21272,39.83346903,-104.692932,7/18/2016 9:45,9:45,5,0,0,PENA BOULEVARD 7500 BLOCK & JACKSON GAP ROAD,1,1,0,7,1,4,,0,55,0,0,0,0,0,4,1,16
,2016_21273,39.743253,-104.981103,12/14/2016 15:40,15:40,1,0,0,PENNSYLVANIA STREET NORTH & 17TH AVENUE EAST,1,1,0,0,1,1,,0,25,0,0,0,0,0,4,2,13
,2016_21274,39.779919,-104.846454,3/10/2016 7:05,7:05,3,0,0,PEORIA STREET 4600 BLOCK NORTH & 47TH AVENUE EAST,1,1,0,0,1,2,,0,40,0,0,0,0,0,4,2,13
,2016_21275,39.786408,-104.847156,8/15/2016 15:37,15:37,12,0,0,PEORIA STREET NORTH & 49TH AVENUE EAST,1,1,0,0,1,3,,1,40,0,0,0,0,0,4,2,3
,2016_21276,39.784005,-104.84712,10/24/2016 5:50,5:50,1,0,0,PEORIA STREET NORTH & ALBROOK DRIVE EAST,1,3,0,0,1,1,,0,40,0,0,0,0,0,4,2,13
,2016_21277,39.76533298,-105.03929,7/23/2016 23:12,23:12,6,0,0,PERRY STREET & 2500 BLOCK SOUTH,1,3,0,0,1,4,,0,25,0,0,0,0,0,4,3,5
,2016_21278,39.718134,-105.0396975,4/4/2016 3:30,3:30,12,0,0,PERRY STREET NORTH & FIRST AVENUE WEST,1,3,1,0,1,1,,0,25,0,0,0,0,0,4,2,13
,2016_21279,39.713364,-105.039693,6/28/2016 14:09,14:09,6,0,0,PERRY STREET SOUTH & CEDAR AVENUE WEST,1,1,0,0,1,4,,0,25,0,0,0,0,0,4,2,2
,2016_21280,39.707559,-104.999193,12/1/2016 17:44,17:44,1,0,0,PLATTE RIVER DRIVE SOUTH & JASON STREET SOUTH,1,1,0,0,1,1,,0,30,0,0,0,0,0,4,2,7
,2016_21281,39.713049,-105.001542,6/21/2016 11:15,11:15,1,0,0,PLATTE RIVER DRIVE SOUTH & LIPAN STREET SOUTH,1,1,0,0,1,1,,0,35,0,0,0,0,0,4,2,13
,2016_21282,39.77171824,-104.90281,1/20/2016 18:59,18:59,12,0,0,QUEBEC STREET & 800 BLOCK NORTH,1,3,0,0,1,1,,0,35,0,0,0,0,0,4,3,3
,2016_21283,39.74562,-104.9034825,12/13/2016 6:57,6:57,3,0,0,QUEBEC STREET NORTH & 19TH AVENUE EAST,1,1,0,0,1,1,,0,25,0,0,0,0,0,4,3,13
,2016_21284,39.7919385,-104.9033053,2/3/2016 16:00,16:00,12,0,0,QUEBEC STREET 5300 BLOCK NORTH & 54TH AVENUE EAST,1,1,0,7,1,4,,0,40,0,0,0,0,1,4,2,16
,2016_21285,39.711222,-104.903505,4/6/2016 16:35,16:35,15,0,0,QUEBEC STREET SOUTH & ALAMEDA AVENUE EAST,1,1,0,7,1,1,,0,35,0,0,0,0,0,4,2,3
,2016_21286,39.761964,-104.903451,1/4/2016 7:12,7:12,12,0,0,QUEBEC STREET & MLK BOULEVARD,1,1,0,0,1,1,,0,35,0,0,0,0,0,4,2,13
,2016_21287,39.761964,-104.903451,5/28/2016 15:40,15:40,15,0,0,QUEBEC STREET 3200 BLOCK NORTH & MLK BOULEVARD,1,1,0,7,1,4,,0,50,0,0,0,0,0,4,2,7
,2016_21288,39.747438,-104.90346,2/19/2016 9:25,9:25,12,0,0,QUEBEC STREET NORTH & MONTVIEW BOULEVARD,1,1,0,7,1,3,,0,30,0,0,0,0,0,4,2,16
,2016_21289,39.771774,-104.903442,9/16/2016 10:05,10:05,15,0,0,QUEBEC STREET 4000 BLOCK NORTH & SMITH ROAD,1,1,1,0,1,4,,0,45,0,0,0,0,0,4,2,1
,2016_21290,39.710493,-105.040881,7/3/2016 22:14,22:14,3,0,0,QUITMAN STREET SOUTH & NEVADA PLACE WEST,1,4,0,0,1,1,,0,25,0,0,0,0,0,4,2,14
,2016_21291,39.754008,-104.996412,3/21/2016 20:17,20:17,3,0,0,19TH STREET & WAZEE STREET,1,3,0,7,1,1,,0,30,0,0,0,0,0,4,2,16
,2016_21292,39.774267,-105.007284,11/4/2016 17:30,17:30,12,0,0,QUIVAS STREET 4200 BLOCK NORTH & 43RD AVENUE WEST,1,1,0,7,1,4,,0,25,0,0,0,0,0,4,2,8
,2016_21293,39.781926,-104.963454,1/17/2016 12:00,12:00,6,0,0,RACE STREET NORTH & 47TH AVENUE EAST,1,1,0,7,1,1,,0,25,0,0,0,0,0,4,2,16
,2016_21294,39.670092,-105.041754,3/18/2016 8:45,8:45,3,0,0,RALEIGH STREET SOUTH & VASSAR AVENUE WEST,5,1,0,2,1,1,,0,25,0,0,0,0,0,4,2,16
,2016_21295,39.696741,-105.009381,6/15/2016 13:05,13:05,6,0,1,RARITAN STREET 1000 BLOCK SOUTH & MISSISSIPPI AVENUE WEST,1,1,0,0,1,4,,0,25,0,0,0,0,2,4,2,7
,2016_21296,39.72242039,-104.8985672,9/12/2016 8:50,8:50,6,0,0,RED CROSS WAY NORTH & 200 BLOCK,1,1,0,0,1,4,,0,,0,0,0,0,0,4,2,13
,2016_21297,39.735252,-104.9941305,11/9/2016 19:04,19:04,3,0,0,12TH STREET & ELATI STREET,1,3,0,7,1,1,,0,30,0,0,0,0,0,4,2,16
,2016_21298,39.74885078,-104.999416,2/3/2016 22:54,22:54,12,0,0,15TH STREET & 1300 BLOCK,5,3,0,0,1,3,,0,30,0,0,0,0,0,4,2,1
,2016_21299,39.748257,-104.998662,4/29/2016 20:33,20:33,10,0,0,15TH STREET & LARIMER STREET,2,3,0,1,1,1,,0,30,0,0,0,0,0,4,2,13
,2016_21300,39.747609,-104.997762,10/29/2016 19:40,19:40,10,0,0,15TH STREET & LAWRENCE STREET,1,1,1,0,1,1,,0,30,0,0,0,0,0,4,2,8
,2016_21301,39.742245,-104.99076,11/17/2016 12:00,12:00,3,0,0,15TH STREET & TREMONT PLACE,2,1,0,0,1,1,,0,,0,0,0,0,0,4,3,13
,2016_21302,39.743397,-104.987394,12/14/2016 23:14,23:14,15,0,0,17TH STREET & BROADWAY STREET NORTH,1,4,0,0,1,1,,0,,0,0,0,0,0,4,2,13
,2016_21303,39.744792,-104.989203,4/23/2016 22:28,22:28,12,0,0,17TH STREET 400 BLOCK & GLENARM PLACE,1,3,0,7,1,4,,0,30,0,0,0,0,0,4,3,5
,2016_21304,39.752001,-104.9938155,5/15/2016 1:14,1:14,12,0,0,19TH STREET 1200 BLOCK & LARIMER STREET,1,3,0,7,1,4,,0,30,0,0,0,0,0,4,2,14
,2016_21305,39.75762822,-104.9985991,10/14/2016 8:00,8:00,12,0,0,20TH STREET & 000 BLOCK,1,1,0,0,1,4,,0,30,0,0,0,0,0,4,2,13
,2016_21306,39.747933,-104.986134,4/9/2016 10:52,10:52,15,0,0,20TH STREET & LINCOLN STREET NORTH,1,1,0,0,1,1,,0,30,0,0,0,0,0,4,2,13
,2016_21307,39.751182,-104.9878935,2/24/2016 7:15,7:15,12,0,0,21ST STREET & CHAMPA STREET NORTH,1,1,0,7,1,4,,0,30,0,0,0,0,0,4,2,16
,2016_21308,39.753198,-104.9905665,10/9/2016 3:42,3:42,1,0,0,21ST STREET & LAWRENCE STREET,1,4,0,0,1,1,,0,,0,0,0,0,0,4,2,13
,2016_21309,39.749985,-105.0299505,7/5/2016 19:11,19:11,3,0,0,22ND AVENUE WEST & IRVING STREET NORTH,1,1,0,0,1,2,,0,25,0,0,0,0,0,4,2,13
,2016_21310,39.75417,-104.9893335,8/2/2016 13:10,13:10,3,0,1,22ND STREET & LAWRENCE STREET,1,1,0,7,1,1,,0,30,0,0,0,0,2,4,2,16
,2016_21311,39.762027,-104.9826015,6/24/2016 22:31,22:31,10,0,0,29TH STREET & WALNUT STREET,1,3,0,0,1,1,,0,30,0,0,0,0,0,4,3,12
,2016_21312,39.760551,-104.97582,8/12/2016 4:00,4:00,6,0,0,31ST STREET & CHAMPA STREET,1,3,0,0,1,4,,0,25,0,0,0,0,0,4,2,5
,2016_21313,39.76281,-104.97636,4/24/2016 15:10,15:10,3,0,0,32ND STREET & ARAPAHOE STREET,1,1,0,0,1,1,,0,25,0,0,0,0,0,4,2,8
,2016_21314,39.764403,-104.976054,1/7/2016 16:15,16:15,3,0,0,33RD STREET & LAWRENCE STREET,1,1,0,0,1,1,,0,30,0,0,0,0,1,4,2,8
,2016_21315,39.768543,-104.974173,4/5/2016 9:05,9:05,15,0,0,36TH STREET & WALNUT STREET,1,1,0,0,1,3,,0,30,0,0,0,0,0,4,3,14
,2016_21316,39.774942,-104.9780205,2/20/2016 21:22,21:22,12,0,0,38TH STREET & ARKINS COURT,1,3,1,7,1,4,,0,35,0,0,0,0,0,4,3,12
,2016_21317,39.770253,-104.9719725,12/22/2016 14:31,14:31,12,0,0,38TH STREET & WALNUT STREET,1,1,0,7,1,1,,0,80,0,0,0,0,0,4,2,3
,2016_21318,39.750264,-104.9891625,4/15/2016 14:55,14:55,12,0,0,20TH STREET 800 BLOCK & CHAMPA STREET,1,1,0,0,1,1,,0,35,0,0,0,0,0,4,2,14
,2016_21319,39.783159,-104.9022225,8/25/2016 9:17,9:17,15,0,0,SAND CREEK ROAD & 47TH AVENUE,1,1,0,0,1,1,,0,35,0,0,0,0,0,4,2,13
,2016_21320,39.772764,-104.903811,4/26/2016 12:10,12:10,15,0,0,SANDOWN EAST & QUEBEC STREET NORTH,1,1,0,0,1,4,,0,45,0,0,0,0,0,4,2,1
,2016_21321,39.770505,-105.0096105,1/20/2016 13:00,13:00,6,0,0,SHOSHONE STREET 3840 NORTH & 39TH AVENUE WEST,1,2,0,7,1,4,,0,30,0,0,0,0,0,4,2,14
,2016_21322,39.748446,-105.0033735,2/17/2016 10:10,10:10,15,0,0,SPEER BOULEVARD & AURARIA PARKWAY,1,1,0,0,1,1,,0,35,0,0,0,0,0,4,2,13
,2016_21323,39.748446,-105.0033735,11/25/2016 22:14,22:14,15,0,0,SPEER BOULEVARD NORTH & AURARIA PARKWAY,1,3,0,0,1,3,,0,35,0,0,0,0,0,4,2,14
,2016_21324,39.726594,-104.9874165,12/5/2016 17:36,17:36,10,0,0,SPEER BOULEVARD NORTH & BROADWAY STREET,1,3,0,0,1,1,,0,35,0,0,0,0,0,4,2,13
,2016_21325,39.742263,-104.9993505,11/10/2016 19:13,19:13,15,0,0,SPEER BOULEVARD & CHAMPA STREET,1,3,0,0,1,1,,0,35,0,0,0,0,0,4,2,13
,2016_21326,39.742263,-104.9993505,11/17/2016 10:50,10:50,12,0,0,SPEER BOULEVARD & CHAMPA STREET,2,1,0,7,1,1,,0,35,0,0,0,0,0,4,2,16
,2016_21327,39.720105,-104.9775525,12/14/2016 12:45,12:45,15,0,0,SPEER BOULEVARD 700 BLOCK EAST & CLARKSON STREET NORTH,1,1,1,7,1,4,,0,30,0,0,0,0,0,4,2,16
,2016_21328,39.746403,-105.0014385,1/4/2016 12:09,12:09,15,0,0,SPEER BOULEVARD & LARIMER STREET,1,1,0,0,1,1,,0,30,0,0,0,0,0,4,2,13
,2016_21329,39.725649,-104.986314,9/12/2016 16:34,16:34,15,0,0,SPEER BOULEVARD EAST & LINCOLN STREET NORTH,1,1,1,0,1,3,,0,30,0,0,0,0,0,4,2,14
,2016_21330,39.748752,-105.003324,1/3/2016 22:07,22:07,12,0,0,SPEER BOULEVARD 1600 BLOCK NORTH & WAZEE STREET,1,3,0,0,1,4,,0,30,0,0,0,0,0,4,2,1
,2016_21331,39.75633,-105.015852,6/28/2016 9:00,9:00,12,0,0,SPEER BOULEVARD & ZUNI STREET NORTH,1,1,0,7,1,4,,0,35,0,0,0,0,0,4,4,14
,2016_21332,39.725604,-104.949783,9/3/2016 8:59,8:59,3,0,0,STEELE STREET NORTH & SIXTH AVENUE EAST,1,1,0,7,1,1,,0,35,0,0,0,0,0,4,2,16
,2016_21333,39.74384859,-104.9955888,11/21/2016 17:00,17:00,12,0,0,STOUT STREET & 1700 BLOCK,1,2,0,0,1,3,,0,25,0,0,0,0,1,4,2,13
,2016_21334,39.660111,-104.902416,5/30/2016 19:29,19:29,1,0,0,TAMARA C DRIVE SOUTH & CORNELL AVENUE EAST,1,1,0,7,1,1,,0,30,0,0,0,0,0,4,2,14
,2016_21335,39.71878396,-105.0108325,12/11/2016 0:25,0:25,6,0,0,TEJON STREET & 700 BLOCK SOUTH,1,4,1,0,1,4,,0,25,0,0,0,0,0,4,3,14
,2016_21336,39.714804,-105.0109515,8/17/2016 14:53,14:53,3,0,0,TEJON STREET SOUTH & BAYAUD AVENUE WEST,1,1,0,0,1,1,,0,25,0,0,0,0,0,4,2,13
,2016_21337,39.69846,-104.9129235,2/23/2016 7:05,7:05,12,0,0,TENNESSEE AVENUE 6500 BLOCK EAST & MONACO STREET SOUTH,5,1,0,7,1,3,,0,30,0,0,0,0,0,4,2,1
,2016_21339,39.781782,-104.772267,10/1/2016 11:45,11:45,12,0,0,TOWER ROAD NORTH & 47TH AVENUE EAST,1,1,0,0,1,4,,0,40,0,0,0,0,0,4,2,13
,2016_21340,39.825486,-104.7719655,4/6/2016 16:20,16:20,15,0,0,TOWER ROAD NORTH & 71ST AVENUE EAST,1,1,1,0,1,4,,0,40,0,0,0,0,0,4,2,14
,2016_21341,39.78458426,-104.884983,6/6/2016 1:59,1:59,5,0,0,YOSEMITE STREET & 1591 NORTH,1,3,0,0,2,4,,0,25,0,0,0,0,0,4,1,5
,2016_21342,39.83338151,-104.771988,9/3/2016 10:28,10:28,12,0,0,TOWER ROAD NORTH & PENA BOULEVARD,1,1,1,0,1,3,,0,40,0,0,0,0,1,4,4,12
,2016_21343,39.74075314,-104.9926813,10/7/2016 8:25,8:25,6,0,0,TREMONT PLACE & 2100 BLOCK,1,1,1,0,1,4,,0,25,0,0,0,0,0,4,2,13
,2016_21344,39.624192,-104.89473,12/28/2016 17:21,17:21,12,0,0,ULSTER STREET 5000 BLOCK SOUTH & BELLEVIEW AVENUE EAST,1,3,1,7,1,4,,0,35,0,0,0,0,0,4,2,16
,2016_21345,39.632904,-104.900391,1/8/2016 16:55,16:55,1,0,0,ULSTER STREET 4500 BLOCK SOUTH & TECHNOLOGY WAY EAST,5,3,1,0,1,2,,0,30,0,0,0,0,0,4,2,8
,2016_21346,39.678363,-104.959404,2/26/2016 11:58,11:58,3,0,0,UNIVERSITY BOULEVARD 2000 BLOCK SOUTH & EVANS AVENUE EAST,1,1,0,7,1,2,,0,30,0,0,0,0,0,4,2,3
,2016_21347,39.678363,-104.959404,5/14/2016 20:10,20:10,1,0,0,UNIVERSITY BOULEVARD SOUTH & EVANS AVENUE EAST,1,2,0,7,1,1,,0,30,0,0,0,0,1,4,2,1
,2016_21348,39.703851,-104.95935,3/31/2016 10:50,10:50,15,0,0,UNIVERSITY BOULEVARD 700 BLOCK SOUTH & EXPOSITION AVENUE EAST,2,1,0,7,1,4,,0,30,0,0,0,0,0,4,2,12
,2016_21349,39.674835,-104.9594175,5/17/2016 13:45,13:45,12,0,0,UNIVERSITY BOULEVARD SOUTH & ILIFF AVENUE EAST,1,1,0,7,1,3,,0,35,0,0,0,0,0,4,2,3
,2016_21350,39.702006,-104.959341,9/27/2016 15:00,15:00,12,0,0,UNIVERSITY BOULEVARD SOUTH & OHIO AVENUE EAST,1,1,0,0,1,4,,0,30,0,0,0,0,1,4,2,13
,2016_21351,39.707487,-104.9804325,4/7/2016 10:31,10:31,3,0,0,VIRGINIA AVENUE EAST & PEARL STREET SOUTH,1,1,0,7,1,1,,0,25,0,0,0,0,0,4,2,16
,2016_21352,39.77440197,-105.0462973,12/1/2016 1:59,1:59,6,0,0,VRAIN STREET & 900 BLOCK SOUTH,1,4,0,0,1,4,,0,25,0,0,0,0,1,4,3,5
,2016_21353,39.742128,-104.889033,11/30/2016 16:30,16:30,8,0,0,WABASH STREET 1600 BLOCK SOUTH & 17TH AVENUE,1,1,0,0,1,4,,0,25,0,0,0,0,1,4,2,14
,2016_21354,39.628746,-105.101523,8/20/2016 7:00,7:00,6,0,0,WAGONTRAIL DRIVE WEST & SARATOGA PLACE WEST,1,1,0,0,1,4,,0,25,0,0,0,0,0,4,2,7
,2016_21355,39.7611,-104.983794,8/10/2016 7:10,7:10,10,0,0,WALNUT STREET WEST & 28TH STREET,1,1,0,0,1,1,,0,30,0,0,0,0,1,4,2,13
,2016_21357,39.703356,-105.030882,12/25/2016 21:35,21:35,5,0,0,WALSH PLACE WEST & 3379 WEST WALSH PLACE,5,4,0,0,2,5,,0,15,0,0,0,0,0,4,2,5
,2016_21358,39.70197049,-104.8736381,1/14/2016 19:40,19:40,6,0,0,WALSH PLACE & 3571 WEST,1,3,0,7,1,4,,0,25,0,0,0,0,0,4,2,16
,2016_21359,39.67669386,-104.9764031,2/5/2016 14:39,14:39,15,0,0,WARREN AVENUE EAST & 1800 BLOCK,4,1,0,0,1,4,,0,25,0,0,0,0,0,4,2,13
,2016_21361,39.676635,-104.931612,6/29/2016 17:05,17:05,3,0,1,WARREN AVENUE EAST & DAHLIA STREET SOUTH,1,1,0,0,1,2,,0,30,0,0,0,1,2,4,2,13
,2016_21362,39.742209,-104.97825,10/21/2016 17:15,17:15,12,0,0,WASHINGTON STREET 1600 BLOCK NORTH & 16TH AVENUE EAST,1,1,1,7,1,4,,0,30,0,0,0,0,0,4,2,16
,2016_21363,39.698406,-104.979222,7/18/2016 12:06,12:06,6,0,0,WASHINGTON STREET SOUTH & TENNESSEE AVENUE EAST,1,1,1,0,1,4,,0,25,0,0,0,0,0,4,2,13
,2016_21364,39.74133235,-104.9953824,8/15/2016 8:55,8:55,6,0,0,WELTON STREET & 2900 BLOCK,1,1,0,0,1,4,,0,30,0,0,0,0,0,4,2,7
,2016_21365,39.742704,-104.9931405,2/27/2016 18:18,18:18,12,0,0,WELTON STREET 1400 BLOCK & 14TH STREET,1,3,0,7,1,4,,0,30,0,0,0,0,1,4,3,16
,2016_21366,39.744819,-104.965992,3/18/2016 11:55,11:55,3,0,0,WILLIAMS STREET NORTH & 18TH AVENUE EAST,2,1,0,7,1,2,,0,,0,0,0,0,0,4,2,16
,2016_21367,39.678498,-104.9664015,4/29/2016 14:16,14:16,12,0,0,WILLIAMS STREET 2100 BLOCK SOUTH & EVANS AVENUE EAST,2,1,1,2,1,2,,0,25,0,0,0,0,0,4,2,13
,2016_21368,39.740346,-105.048675,11/12/2016 13:15,13:15,12,0,0,WOLFF STREET NORTH & COLFAX AVENUE WEST,1,1,0,0,1,4,,0,25,0,0,0,0,0,4,2,3
,2016_21369,39.73284,-104.887044,2/15/2016 17:59,17:59,6,0,0,XANTHIA STREET NORTH & 11TH AVENUE EAST,1,3,0,0,1,4,,0,25,0,0,0,0,0,4,2,1
,2016_21370,39.72393,-104.8839413,3/28/2016 19:14,19:14,5,0,0,YOSEMITE STREET 500 BLOCK NORTH & LOWRY BOULEVARD EAST,4,2,0,7,2,4,,0,30,0,0,0,0,1,4,1,3
,2016_21371,39.6432,-104.885154,2/26/2016 18:20,18:20,12,0,0,YOSEMITE STREET SOUTH & NASSAU AVENUE EAST,1,2,0,7,1,4,,0,45,0,0,0,0,0,4,2,16
,2016_21495,39.760146,-104.9128605,3/23/2016 7:25,7:25,5,0,0,MONACO STREET & 30TH AVENUE EAST,10,1,0,2,2,1,,0,30,0,0,0,0,0,4,1,7
,2016_21577,39.771432,-104.7522015,8/29/2016 15:28,15:28,15,0,0,40TH PLACE EAST & IRELAND STREET NORTH,1,1,0,0,1,4,,0,25,0,0,0,0,0,4,2,13
,2016_21711,39.725775,-105.035112,9/2/2016 13:36,13:36,12,0,3,SIXTH AVENUE WEST & LOWELL BOULEVARD NORTH,1,1,0,0,1,4,,0,45,0,0,0,0,1,2,4,14
,2016_21717,39.76929,-105.0252435,8/17/2016 10:41,10:41,12,0,0,38TH AVENUE 2900 BLOCK WEST & FEDERAL BOULEVARD NORTH,1,1,0,0,1,3,,0,35,0,0,0,0,0,2,2,14
,2016_21861,39.777759,-105.013494,9/27/2016 8:20,8:20,6,0,0,45TH AVENUE WEST & VALLEJO STREET,1,1,0,0,1,3,,0,30,0,0,0,0,0,4,2,14
,2016_21919,39.711141,-104.9863905,1/8/2016 7:30,7:30,5,0,0,ALAMEDA AVENUE EAST & LINCOLN STREET SOUTH,6,1,0,2,3,1,,0,30,0,0,0,0,0,4,1,7
,2016_21923,39.77385734,-105.052086,4/14/2016 12:35,12:35,5,0,0,ZENOBIA STREET & 4163 SOUTH,1,1,1,0,2,4,,0,25,0,0,0,0,0,4,1,14
,2016_21975,39.71934,-104.9825205,11/17/2016 14:00,14:00,5,0,0,SECOND AVENUE EAST & 2350 BLOCK,1,1,1,0,3,4,,0,25,0,0,0,0,0,4,1,13
,2016_22030,39.730446,-104.9729625,9/19/2016 15:55,15:55,6,0,0,NINTH AVENUE 1200 BLOCK EAST & DOWNING STREET NORTH,1,1,0,2,1,4,,0,,0,0,0,0,0,4,2,13
,2016_22152,39.783357,-104.8466025,1/6/2016 15:40,15:40,10,0,0,ALBROOK DRIVE EAST & PEORIA STREET NORTH,1,1,1,0,1,2,,0,30,0,0,0,0,0,4,2,1
,2016_22153,39.737259,-104.8905405,1/11/2016 7:46,7:46,3,0,0,VERBENA STREET NORTH & 13TH AVENUE EAST,1,1,1,0,1,1,,0,25,0,0,0,0,0,4,2,1
,2016_22154,39.738393,-104.9695605,4/15/2016 21:29,21:29,10,0,0,14TH AVENUE EAST & HUMBOLDT STREET NORTH,2,3,1,1,1,1,,0,30,0,0,0,0,0,4,2,13
,2016_22155,39.778047,-104.8471245,5/3/2016 15:45,15:45,1,0,0,PEORIA STREET NORTH & 45TH AVENUE EAST,1,1,0,0,1,1,,0,40,0,0,0,0,0,4,2,13
,2016_22156,39.752928,-104.980473,7/14/2016 23:30,23:30,6,0,0,25TH STREET & WELTON STREET,1,3,0,0,1,4,,0,25,0,0,0,0,0,4,2,1
,2016_22158,39.765726,-104.9948415,8/5/2016 21:30,21:30,15,0,0,PARK AVENUE WEST & GLOBEVILLE ROAD,1,3,0,0,1,1,,0,,0,0,0,0,0,4,2,13
,2016_22159,39.685743,-104.973453,8/17/2016 17:16,17:16,12,0,0,DOWNING STREET SOUTH & MEXICO AVENUE EAST,1,1,1,0,1,1,,0,35,0,0,0,0,0,4,3,3
,2016_22160,39.797577,-104.8218435,8/19/2016 16:30,16:30,5,0,0,RANDOLPH PLACE EAST & CRYSTAL WAY NORTH,1,1,0,6,1,3,,0,25,0,0,0,0,0,4,1,13
,2016_22161,39.716523,-104.9837805,8/23/2016 5:45,5:45,6,0,0,GRANT STREET NORTH & ELLSWORTH AVENUE EAST,1,3,0,0,1,4,,0,,0,0,0,0,0,4,2,13
,2016_22162,39.726594,-104.987412,8/27/2016 0:54,0:54,15,0,0,SPEER BOULEVARD & BROADWAY NORTH,1,3,1,0,1,1,,0,35,0,0,0,0,0,4,2,7
,2016_22163,39.772881,-104.9429205,8/28/2016 14:47,14:47,1,0,0,40TH AVENUE EAST & JACKSON STREET NORTH,1,1,1,0,1,1,,0,35,0,0,0,0,0,4,2,13
,2016_22164,39.693114,-105.0231735,8/28/2016 23:06,23:06,14,0,0,LOUISIANA AVENUE WEST & ELIOT STREET SOUTH,1,4,0,0,1,1,,0,,0,0,0,0,0,4,2,13
,2016_22165,39.741642,-104.9799015,8/29/2016 20:50,20:50,3,0,0,16TH AVENUE & PEARL STREET NORTH,1,3,0,0,1,1,,0,30,0,0,0,0,0,4,2,13
,2016_22166,39.63816,-104.912532,9/1/2016 11:54,11:54,1,0,1,HAPPY CANYON ROAD & QUINCY AVENUE EAST,1,1,1,0,1,1,,0,35,0,0,0,0,2,4,2,13
,2016_22167,39.743775,-104.902263,9/1/2016 16:02,16:02,3,0,1,17TH AVENUE EAST & QUINCE STREET NORTH,1,1,0,0,1,1,,0,25,0,0,0,0,2,4,2,14
,2016_22168,39.72820138,-104.9874076,1/18/2016 12:20,12:20,15,0,0,BROADWAY NORTH & 2800 BLOCK,1,1,1,0,1,4,,0,30,0,0,0,0,0,4,2,13
,2016_22169,39.741651,-104.9787315,9/2/2016 18:06,18:06,3,0,1,16TH AVENUE EAST & WASHINGTON STREET NORTH,1,1,1,0,1,1,,0,30,0,0,0,0,2,4,2,1
,2016_22170,39.641067,-104.88888,9/3/2016 5:21,5:21,6,0,0,OXFORD DRIVE EAST & WABASH STREET SOUTH,1,4,0,0,1,4,,0,25,0,0,0,0,0,4,2,7