id,drcog_id,latitude,longitude,crashtime,time,crashtype,numbkilled,numbinjurd,drcoglocat,rdconditin,lightngcon,roadcntgrd,weatherco,location,roaddescrp,schoolzone,constrzone,splimit,bikeinv,pedinv,sctrinv,motoinv,svrty,rdsystem,ttlvehcls,hcf
,2016_22311,39.711105,-104.97807,1/30/2016 16:05,16:05,6,0,0,CLARKSON STREET & ALAMEDA AVENUE EAST,1,2,1,0,1,4,,0,30,0,0,0,0,0,4,2,13
,2016_22312,39.716622,-105.0203835,9/26/2016 8:00,8:00,10,0,0,CLAY STREET SOUTH & 2200 SOUTH CLAY STREET,1,1,0,0,1,4,,0,25,0,0,0,0,0,4,2,13
,2016_22313,39.771072,-104.745213,7/29/2016 6:00,6:00,5,0,0,LISBON STREET NORTH & 40TH AVENUE EAST,1,2,0,7,2,2,,0,25,0,0,0,0,0,4,1,5
,2016_22314,39.689334,-104.9546835,10/22/2016 14:25,14:25,3,0,0,CLAYTON STREET SOUTH & FLORIDA AVENUE EAST,1,1,0,7,1,1,,0,25,0,0,0,0,0,4,2,3
,2016_22315,39.74076,-104.956974,7/10/2016 9:30,9:30,6,0,0,COLUMBINE STREET NORTH & COLUMBINE STREET 250 NORTH,1,1,0,0,1,7,,0,15,0,0,0,0,0,4,2,13
,2016_22316,39.79067593,-104.9570017,2/19/2016 17:24,17:24,14,0,0,COLUMBINE STREET & 1400 BLOCK NORTH,1,2,0,0,1,4,,0,25,0,0,0,0,0,4,2,14
,2016_22317,39.720978,-104.9570415,7/23/2016 12:45,12:45,15,0,0,COLUMBINE STREET NORTH & THIRD AVENUE EAST,1,1,0,0,1,4,,0,25,0,0,0,0,0,4,2,3
,2016_22318,39.711105,-104.9745645,5/2/2016 13:00,13:00,1,0,1,CORONA STREET SOUTH & ALAMEDA AVENUE EAST,1,1,0,7,1,1,,0,30,0,0,0,0,2,4,2,16
,2016_22319,39.77658,-104.8315005,10/1/2016 0:01,0:01,12,0,0,CRYSTAL STREET NORTH & ALBROOK DRIVE EAST,1,3,0,0,1,1,,0,25,0,0,0,0,0,4,2,14
,2016_22320,39.659211,-105.043383,3/3/2016 15:55,15:55,1,0,0,DARTMOUTH AVENUE WEST & RALEIGH STREET SOUTH,1,1,0,0,1,1,,0,30,0,0,0,0,0,4,2,2
,2016_22321,39.761442,-104.991003,6/23/2016 18:17,18:17,12,0,0,DENARGO STREET & DELGANY STREET,1,1,0,7,1,4,,0,30,0,0,0,1,0,4,2,3
,2016_22322,39.73271486,-104.972994,11/29/2016 8:38,8:38,6,0,0,DOWNING STREET NORTH & 1600 BLOCK,1,1,1,0,1,4,,0,25,0,0,0,0,0,4,2,8
,2016_22323,39.723723,-104.9729535,8/8/2016 12:41,12:41,6,0,0,DOWNING STREET NORTH & FIFTH AVENUE EAST,1,1,1,0,1,4,,0,25,0,0,0,0,0,4,2,13
,2016_22324,39.759498,-104.973372,7/29/2016 13:13,13:13,12,0,0,DOWNING STREET NORTH & 30TH AVENUE EAST,1,1,0,7,1,3,,0,30,0,0,0,0,0,4,2,14
,2016_22325,39.674889,-104.973471,4/18/2016 7:45,7:45,12,0,0,DOWNING STREET 2200 BLOCK SOUTH & ILIFF AVENUE EAST,5,1,0,7,1,4,,0,30,0,0,0,0,0,4,2,1
,2016_22326,39.692988,-104.973417,2/20/2016 9:51,9:51,12,0,0,DOWNING STREET 1300 SOUTH & LOUISIANA AVENUE EAST,1,1,0,7,1,4,,0,30,0,0,0,0,0,4,2,16
,2016_22327,39.692988,-104.973417,12/3/2016 0:02,0:02,12,0,0,DOWNING STREET SOUTH & LOUISIANA AVENUE EAST,1,3,0,7,1,4,,0,30,0,0,0,0,0,4,2,5
,2016_22328,39.678552,-104.9828715,5/21/2016 23:23,23:23,3,0,0,EVANS AVENUE EAST & LOGAN STREET SOUTH,1,3,0,7,1,1,,0,30,0,0,0,0,1,4,2,16
,2016_22329,39.678435,-104.9187915,12/8/2016 11:44,11:44,3,0,1,EVANS AVENUE EAST & JASMINE STREET SOUTH,2,1,0,0,1,1,,0,35,0,0,0,0,2,4,2,3
,2016_22330,39.766032,-104.973354,4/18/2016 20:10,20:10,8,0,1,DOWNING STREET NORTH & 35TH STREET,1,1,0,0,6,1,,0,35,0,0,0,0,2,4,3,13
,2016_22332,39.698406,-104.9734035,1/6/2016 18:20,18:20,6,0,0,DOWNING STREET 1000 BLOCK SOUTH & TENNESSEE AVENUE EAST,1,3,0,7,1,3,,0,30,0,0,0,0,0,4,2,5
,2016_22333,39.75825866,-104.9140069,11/30/2016 10:38,10:38,5,0,0,QUINCY AVENUE & LOCUST STREET,1,1,0,0,3,4,,0,30,0,0,0,0,0,4,1,3
,2016_22334,39.716559,-104.9875155,11/10/2016 14:41,14:41,6,0,0,ELLSWORTH AVENUE EAST & BROADWAY STREET SOUTH,1,1,1,0,1,4,,0,25,0,0,0,0,0,4,2,13
,2016_22335,39.678417,-104.9642147,6/20/2016 17:06,17:06,12,0,0,EVANS AVENUE & 400 BLOCK WEST,1,1,0,0,1,4,,0,35,0,0,0,0,0,4,2,3
,2016_22336,39.74001,-104.99202,1/15/2016 18:50,18:50,15,0,0,EVANS AVENUE & 4800 BLOCK EAST,1,3,0,0,1,4,,0,35,0,0,0,0,0,4,2,13
,2016_22337,39.678426,-104.9395905,7/11/2016 10:55,10:55,1,0,0,EVANS AVENUE EAST & ALBION STREET SOUTH,1,1,0,7,1,1,,0,35,0,0,0,0,0,4,2,16
,2016_22338,39.678489,-104.9875605,7/29/2016 15:57,15:57,15,0,0,EVANS AVENUE WEST & BROADWAY STREET SOUTH,1,1,0,7,1,4,,0,35,0,0,0,0,0,4,2,3
,2016_22339,39.67866,-105.020352,2/27/2016 6:45,6:45,3,0,0,EVANS AVENUE 2700 BLOCK WEST & CLAY STREET SOUTH,1,2,0,7,1,2,,0,,0,0,0,0,0,4,2,16
,2016_22340,39.678435,-104.9407425,2/27/2016 7:50,7:50,3,0,0,EVANS AVENUE EAST & COLORADO BOULEVARD SOUTH,1,1,0,0,1,2,,0,35,0,0,0,0,0,4,2,13
,2016_22341,39.678498,-104.987565,1/13/2016 18:21,18:21,1,0,0,EVANS AVENUE 6900 BLOCK EAST & EVANS AVENUE EAST,1,3,1,0,1,1,,0,35,0,0,0,0,0,4,2,13
,2016_22342,39.678489,-104.9687415,6/30/2016 13:14,13:14,15,0,0,EVANS AVENUE EAST & FRANKLIN STREET SOUTH,1,1,0,0,1,4,,0,35,0,0,0,0,0,4,2,13
,2016_22343,39.678435,-104.912892,1/24/2016 17:40,17:40,12,0,0,EVANS AVENUE 6300 BLOCK EAST & MONACO STREET SOUTH,1,3,0,7,1,3,,0,35,0,0,0,0,1,4,3,16
,2016_22344,39.678435,-104.912892,10/2/2016 15:00,15:00,12,0,0,EVANS AVENUE EAST & MONACO STREET SOUTH,1,1,0,0,1,3,,0,35,0,0,0,0,0,4,3,14
,2016_22345,39.678372,-104.9508135,10/17/2016 11:30,11:30,3,0,0,EVANS AVENUE EAST & STREET PAUL STREET SOUTH,1,1,0,7,1,1,,0,30,0,0,0,0,0,4,2,3
,2016_22346,39.721167,-105.0250725,10/17/2016 15:26,15:26,3,0,0,FEDERAL BOULEVARD NORTH  & THIRD AVENUE WEST,1,1,0,0,1,5,,0,15,0,0,0,0,1,4,3,7
,2016_22347,39.689325,-104.931702,12/1/2016 10:27,10:27,3,0,0,FLORIDA AVENUE EAST & DAHLIA STREET SOUTH,1,1,1,7,1,1,,0,30,0,0,0,0,0,4,2,3
,2016_22348,39.678489,-104.9687415,1/29/2016 17:36,17:36,6,0,0,FRANKLIN STREET SOUTH & EVANS AVENUE EAST,1,4,0,0,1,4,,0,25,0,0,0,0,0,4,2,5
,2016_22349,39.707217,-104.8683015,12/16/2016 9:43,9:43,3,0,0,GALENA WAY 400 SOUTH & VIRGINIA AVENUE EAST,1,1,0,0,1,2,,0,25,0,0,0,0,1,4,2,13
,2016_22350,39.78441,-104.813532,1/24/2016 17:20,17:20,3,0,0,GATEWAY AVENUE EAST & FONTANA COURT NORTH,1,1,0,0,1,1,,0,30,0,0,0,0,0,4,2,1
,2016_22351,39.744828,-104.967225,4/1/2016 21:30,21:30,10,0,0,GILPIN STREET NORTH & 18TH AVENUE EAST,1,3,0,0,1,1,,0,30,0,0,0,0,0,4,2,13
,2016_22352,39.720915,-104.983803,6/28/2016 0:40,0:40,3,0,0,GRANT STREET NORTH & THIRD AVENUE EAST,1,3,0,7,1,1,,0,25,0,0,0,0,0,4,2,16
,2016_22353,39.685626,-104.9838705,5/6/2016 17:00,17:00,6,0,0,GRANT STREET 1700 BLOCK NORTH & 18TH AVENUE EAST,1,1,0,0,1,4,,0,30,0,0,0,0,0,4,2,7
,2016_22354,39.671181,-105.026085,7/16/2016 22:50,22:50,6,0,0,GREEN COURT 2610 SOUTH & VASSAR AVENUE,1,4,0,0,1,4,,0,25,0,0,0,0,0,4,2,13
,2016_22355,39.78261899,-105.0427634,4/26/2016 11:42,11:42,5,0,0,STUART STREET & 595,1,1,0,0,3,4,,0,25,0,0,0,0,0,4,1,13
,2016_22356,39.783654,-104.7611925,6/28/2016 22:11,22:11,12,0,0,GREEN VALLEY RANCH BOULEVARD EAST & FLANDERS STREET NORTH,12,5,0,4,1,1,,0,35,0,0,0,0,0,4,2,12
,2016_22357,39.783609,-104.7913916,7/1/2016 16:16,16:16,12,0,0,GREEN VALLEY RANCH BOULEVARD EAST & PENA BOULEVARD,1,1,0,7,1,1,,0,40,0,0,0,0,0,4,2,14
,2016_22358,39.783609,-104.7913916,11/19/2016 17:21,17:21,3,0,0,GREEN VALLEY RANCH BOULEVARD EAST & PENA BOULEVARD,1,2,0,7,1,1,,0,35,0,0,0,0,0,4,2,14
,2016_22359,39.783618,-104.774463,11/18/2016 22:18,22:18,3,0,0,GREEN VALLEY RANCH BOULEVARD EAST & YAMPA STREET NORTH,1,3,0,0,1,1,,0,,0,0,0,0,1,4,2,13
,2016_22360,39.653757,-105.0598035,12/19/2016 15:45,15:45,8,0,0,HAMPDEN AVENUE NORTH SERVICE ROAD  & FENTON STREET,4,1,1,2,1,3,,0,25,0,0,0,0,0,4,2,14
,2016_22361,39.721338,-105.0275925,1/11/2016 12:57,12:57,5,0,0,HAZEL COURT & THIRD AVENUE,5,1,0,0,3,2,,0,15,0,0,0,0,0,4,1,16
,2016_22362,39.705822,-105.027543,2/1/2016 12:16,12:16,1,0,0,HAZEL COURT SOUTH & CENTER AVENUE WEST,6,1,0,2,1,1,,0,30,0,0,0,0,0,4,2,7
,2016_22363,39.704922,-105.027534,11/1/2016 13:44,13:44,3,0,0,HAZEL COURT SOUTH & GILL PLACE WEST,1,1,0,7,1,1,,0,35,0,0,0,0,1,4,2,7
,2016_22364,39.78281111,-104.9645476,1/11/2016 8:55,8:55,6,0,0,HIGH STREET & 357 SOUTH,5,1,0,7,1,4,,0,25,0,0,0,0,0,4,2,3
,2016_22365,39.689343,-104.9223105,6/29/2016 14:09,14:09,12,0,0,HOLLY STREET & FLORIDA,1,1,1,0,1,4,,0,30,0,0,0,0,0,4,2,3
,2016_22366,39.777984,-104.9223105,2/22/2016 17:17,17:17,3,0,0,HOLLY STREET NORTH & STAPLETON SOUTH DRIVE EAST,1,1,0,0,1,1,,0,30,0,0,0,0,0,4,2,13
,2016_22367,39.724839,-105.050781,11/12/2016 7:00,7:00,6,0,0,HURST PLACE WEST & YATES STREET NORTH,1,3,0,0,1,4,,0,15,0,0,0,0,0,4,2,13
,2016_22368,39.687516,-104.9593725,4/21/2016 13:58,13:58,3,0,0,IOWA AVENUE EAST & UNIVERSITY BOULEVARD SOUTH,1,1,1,0,1,1,,0,25,0,0,0,0,1,4,3,3
,2016_22369,39.687579,-104.979294,5/18/2016 12:45,12:45,6,0,0,IOWA AVENUE EAST & WASHINGTON STREET NORTH,1,1,1,0,1,4,,0,25,0,0,0,0,0,4,2,3
,2016_22370,39.691296,-105.02973,9/13/2016 17:13,17:13,3,0,0,IRVING STREET SOUTH & ARKANSAS AVENUE WEST,2,1,0,1,1,1,,0,25,0,0,0,0,0,4,2,7
,2016_22371,39.693105,-105.0297345,3/27/2016 12:15,12:15,15,0,0,IRVING STREET 1300 BLOCK SOUTH & LOUISIANA AVENUE WEST,1,1,0,0,1,2,,0,30,0,0,0,0,0,4,2,10
,2016_22372,39.781017,-104.749245,5/8/2016 11:13,11:13,14,0,0,JEBEL STREET NORTH & GREEN VALLEY RANCH BOULEVARD EAST,1,1,0,0,1,1,,0,35,0,0,0,0,0,4,2,1
,2016_22373,39.682224,-105.0422625,5/4/2016 14:11,14:11,5,0,0,JEWELL AVENUE WEST & RALEIGH STREET SOUTH,1,1,0,7,3,1,,0,30,0,0,0,0,1,4,1,1
,2016_22374,39.682287,-105.0110235,4/16/2016 10:20,10:20,3,0,0,JEWELL AVENUE WEST & TEJON STREET SOUTH,2,1,0,2,1,1,,0,25,0,0,0,0,0,4,3,14
,2016_22375,39.74818975,-105.0323399,1/8/2016 12:18,12:18,6,0,0,JULIAN WAY & 1600 BLOCK SOUTH,4,1,1,2,2,2,,0,25,0,0,0,0,0,4,2,13
,2016_22376,39.714966,-105.034905,2/28/2016 0:01,0:01,6,0,0,LOWELL BOULEVARD NORTH & BAYAUD AVENUE WEST,1,3,0,0,1,4,,0,30,0,0,0,0,0,4,2,13
,2016_22377,39.72627,-105.0002055,8/8/2016 13:00,13:00,10,0,0,KALAMATH STREET NORTH & SIXTH AVENUE WEST,1,1,0,0,1,2,,0,30,0,0,0,0,1,4,2,13
,2016_22378,39.727314,-105.0002235,5/25/2016 13:22,13:22,3,0,0,KALAMATH STREET NORTH & SEVENTH AVENUE WEST,1,1,1,0,1,1,,0,30,0,0,0,0,0,4,2,13
,2016_22379,39.700404,-105.021522,1/8/2016 19:09,19:09,3,0,0,KENTUCKY AVENUE WEST & DALE COURT SOUTH,5,3,0,0,1,1,,0,25,0,0,0,0,1,4,2,13
,2016_22380,39.789018,-104.8022955,8/15/2016 19:00,19:00,6,0,0,KITTREDGE STREET NORTH & 53RD AVENUE EAST,1,1,0,0,1,4,,0,25,0,0,0,0,0,4,2,3
,2016_22382,39.734757,-105.032151,1/17/2016 12:15,12:15,12,0,0,KNOX COURT NORTH & 12TH AVENUE WEST,1,1,0,0,1,4,,0,25,0,0,0,0,1,4,3,16
,2016_22383,39.741642,-104.970924,4/10/2016 12:00,12:00,6,0,0,LAFAYETTE STREET NORTH & 16TH AVENUE EAST,1,1,0,0,1,4,,0,30,0,0,0,0,0,4,2,13
,2016_22384,39.74603268,-105.0022112,12/6/2016 23:41,23:41,6,0,0,LARIMER STREET & 1500 BLOCK,4,3,0,2,1,4,,0,30,0,0,0,0,0,4,2,1
,2016_22385,39.746403,-105.0014385,4/12/2016 15:41,15:41,15,0,0,LARIMER STREET 1300 BLOCK & SPEER BOULEVARD NORTHBOUND,1,1,0,0,1,4,,0,25,0,0,0,0,0,4,2,13
,2016_22386,39.754935,-105.0047055,7/29/2016 9:00,9:00,6,0,0,LITTLE RAVEN STREET & 16TH STREET,1,1,0,0,1,4,,0,25,0,0,0,0,0,4,2,13
,2016_22387,39.701988,-104.982795,7/22/2016 1:53,1:53,3,0,0,LOGAN STREET SOUTH & OHIO AVENUE EAST,1,3,0,7,1,1,,0,25,0,0,0,0,0,4,2,16
,2016_22388,39.76552276,-105.0346227,4/25/2016 7:45,7:45,10,0,0,LOWELL BOULEVARD & 2000 SOUTH,1,1,0,0,1,4,,0,25,0,0,0,0,0,4,2,13
,2016_22389,39.76552276,-105.0346227,5/27/2016 15:27,15:27,12,0,0,LOWELL BOULEVARD & 3800 BLOCK NORTH,1,1,1,0,1,4,,0,30,0,0,0,0,0,4,2,13
,2016_22390,39.75758885,-105.034573,7/16/2016 23:32,23:32,6,0,1,LOWELL BOULEVARD 2800 BLOCK NORTH & 29TH AVENUE WEST,1,3,0,0,1,4,,0,25,0,0,0,0,2,4,2,3
,2016_22391,39.760326,-105.0346035,11/24/2016 3:43,3:43,6,0,0,LOWELL BOULEVARD NORTH & 30TH AVENUE WEST,1,3,0,0,1,4,,0,60,0,0,0,0,0,4,6,2
,2016_22392,39.72393,-104.8839413,5/23/2016 13:05,13:05,15,0,0,LOWRY BOULEVARD & YOSEMITE STREET NORTH,1,1,0,7,1,6,,0,30,0,0,0,0,0,4,2,8
,2016_22393,39.729069,-104.971761,11/10/2016 19:00,19:00,3,0,0,MARION STREET NORTH & EIGHTH AVENUE EAST,1,1,0,0,1,1,,0,25,0,0,0,0,1,4,2,13
,2016_22394,39.748014,-105.000462,1/9/2016 2:20,2:20,6,0,0,MARKET STREET 1400 BLOCK & 14TH STREET,5,3,0,0,1,4,,0,30,0,0,0,0,0,4,2,5
,2016_22395,39.79269008,-104.7965557,1/28/2016 19:27,19:27,15,0,0,MEMPHIS STREET NORTH & 5200 BLOCK,1,3,0,1,1,4,,0,35,0,0,0,0,0,4,3,14
,2016_22396,39.696669,-104.991255,1/5/2016 14:12,14:12,12,0,0,MISSISSIPPI AVENUE 300 BLOCK WEST & CHEROKEE STREET SOUTH,1,1,1,0,1,4,,0,30,0,0,0,0,0,4,2,14
,2016_22397,39.696732,-105.02037,6/10/2016 10:26,10:26,12,0,0,MISSISSIPPI AVENUE WEST & CLAY STREET SOUTH,1,1,0,0,1,1,,0,30,0,0,0,0,1,4,2,13
,2016_22398,39.69657,-104.9407425,5/26/2016 17:41,17:41,12,0,0,MISSISSIPPI AVENUE 3900 BLOCK EAST & COLORADO BOULEVARD SOUTH,2,1,0,1,1,4,,0,25,0,0,0,0,0,4,2,14
,2016_22399,39.69675,-105.010713,2/29/2016 9:05,9:05,12,0,0,MISSISSIPPI & SHOSHONE,1,1,0,7,1,2,,0,35,0,0,0,0,0,4,2,16
,2016_22400,39.76119,-104.90274,9/16/2016 8:35,8:35,12,0,0,MLK BOULEVARD EAST & MLK BOULEVARD 1800 BLOCK EAST,1,1,0,0,1,1,,0,30,0,0,0,0,0,4,2,7
,2016_22401,39.762,-104.912865,10/28/2016 13:12,13:12,3,0,0,MLK BOULEVARD & MONACO STREET NORTH,1,1,1,0,1,1,,0,35,0,0,0,0,0,4,2,7
,2016_22402,39.762,-104.912865,4/21/2016 18:05,18:05,15,0,0,MLK BOULEVARD & MONACO PARKWAY NORTH,1,1,0,7,1,1,,0,35,0,0,0,1,0,4,2,14
,2016_22403,39.725334,-104.912793,7/6/2016 19:01,19:01,15,0,0,MONACO STREET NORTH & SIXTH AVENUE EAST,1,1,0,0,1,1,,0,35,0,0,0,0,0,4,2,8
,2016_22405,39.711366,-104.912964,2/8/2016 18:10,18:10,1,0,0,MONACO STREET SOUTH & ALAMEDA AVENUE EAST,1,3,0,7,1,1,,0,35,0,0,0,0,0,4,2,16
,2016_22406,39.711366,-104.912964,2/14/2016 14:01,14:01,12,0,0,MONACO STREET 300 BLOCK SOUTH & ALAMEDA AVENUE EAST,1,1,0,0,1,4,,0,30,0,0,0,0,0,4,2,13
,2016_22407,39.691422,-104.912901,12/10/2016 23:35,23:35,12,0,0,MONACO STREET SOUTH & CHERRY CREEK NORTH DRIVE EAST,1,3,0,7,1,1,,0,35,0,0,0,0,0,4,2,1
,2016_22408,39.658734,-104.912991,2/20/2016 8:00,8:00,12,0,0,MONACO PARKWAY SOUTH & EASTMAN AVENUE EAST,1,1,0,7,1,1,,0,35,0,0,0,0,0,4,2,14
,2016_22409,39.678435,-104.9127435,3/31/2016 16:05,16:05,15,0,0,MONACO STREET 2100 BLOCK SOUTH & EVANS AVENUE EAST,2,1,0,2,1,4,,0,35,0,0,0,0,0,4,2,13
,2016_22410,39.765726,-104.9948415,8/6/2016 0:04,0:04,15,0,0,PARK AVENUE WEST & GLOBEVILLE ROAD,1,3,1,0,1,4,,0,30,0,0,0,0,0,4,2,14
,2016_22411,39.670047,-104.912973,5/23/2016 18:45,18:45,12,0,0,MONACO STREET 2500 BLOCK SOUTH & LASALLE PLACE EAST,1,1,0,7,1,1,,0,35,0,0,0,0,1,4,3,14
,2016_22412,39.708315,-104.912793,5/12/2016 8:30,8:30,12,0,0,MONACO STREET SOUTH & ALASKA DRIVE EAST,1,1,0,7,1,4,,0,30,0,0,0,0,0,4,2,16
,2016_22413,39.77440197,-105.0462973,3/1/2016 23:00,23:00,6,0,0,VRAIN STREET & 1400 BLOCK NORTH,1,3,0,0,1,4,,0,30,0,0,0,0,0,4,2,14
,2016_22414,39.747429,-104.897574,9/19/2016 18:42,18:42,12,0,0,MONTVIEW BOULEVARD 7800 BLOCK EAST & SPRUCE STREET NORTH,1,1,0,0,1,4,,0,30,0,0,0,0,0,4,2,14
,2016_22415,39.793797,-104.73867,12/25/2016 1:30,1:30,6,0,0,NETHERLAND STREET NORTH & 53RD PLACE EAST,1,4,0,0,1,4,,0,20,0,0,0,0,0,4,2,2
,2016_22416,39.710457,-105.034995,5/14/2016 1:55,1:55,5,0,0,NEVADA PLACE WEST & LOWELL BOULEVARD SOUTH,1,3,0,0,2,1,,0,,0,0,0,0,1,4,1,5
,2016_22417,39.785724,-104.883093,11/2/2016 14:25,14:25,1,0,0,NORTHFIELD BOULEVARD & CENTRAL PARK BOULEVARD NORTH,1,1,0,7,1,1,,0,35,0,0,0,0,0,4,2,16
,2016_22418,39.785652,-104.893254,2/1/2016 19:14,19:14,5,0,0,NORTHFIELD BOULEVARD & UINTA STREET NORTH,5,3,0,2,3,1,,0,40,0,0,0,0,0,4,1,13
,2016_22419,39.785652,-104.893254,12/31/2016 20:05,20:05,12,0,0,NORTHFIELD BOULEVARD & UINTA STREET NORTH,1,3,0,7,1,4,,0,35,0,0,0,0,0,4,2,4
,2016_22420,39.79704456,-104.738823,2/13/2016 20:00,20:00,6,0,0,ODESSA STREET & 4600 BLOCK NORTH,1,3,0,0,1,4,,0,25,0,0,0,0,0,4,2,14
,2016_22421,39.70251,-104.9048505,12/7/2016 12:54,12:54,12,0,0,OHIO AVENUE 000 BLOCK EAST & WALSH PLACE EAST,2,1,0,2,1,1,,0,25,0,0,0,0,0,4,2,14
,2016_22422,39.696615,-104.908203,5/16/2016 0:55,0:55,6,0,0,ONEIDA STREET SOUTH & MISSISSIPPI AVENUE EAST,2,3,0,0,1,1,,0,5,0,0,0,0,0,4,2,6
,2016_22423,39.782385,-104.737032,11/25/2016 9:00,9:00,6,0,0,48TH PLACE EAST & ORLEANS STREET NORTH,1,1,0,0,1,4,,0,25,0,0,0,0,0,4,2,13
,2016_22424,39.743793,-104.9734035,3/2/2016 17:10,17:10,12,0,0,PARK AVENUE WEST & DOWNING STREET NORTH,1,1,0,7,1,3,,0,30,0,0,0,0,0,4,2,16
,2016_22425,39.740976,-104.9697315,6/26/2016 22:40,22:40,5,0,1,PARK AVENUE WEST & HUMBOLDT STREET NORTH,1,3,0,0,1,1,,0,,0,0,0,0,2,4,2,13
,2016_22426,39.755745,-104.989014,12/28/2016 14:00,14:00,5,0,0,PARK AVENUE WEST & LARIMER STREET 2262,1,1,0,0,2,4,,0,30,0,0,0,0,0,4,1,13
,2016_22427,39.755088,-104.988114,7/19/2016 17:37,17:37,12,0,0,PARK AVENUE WEST & LAWRENCE STREET,1,1,0,7,1,3,,0,30,0,0,0,0,1,4,2,8
,2016_22428,39.751056,-104.9828805,2/16/2016 19:00,19:00,3,0,0,PARK AVENUE WEST & WELTON STREET,1,3,0,7,1,1,,0,30,0,0,0,0,0,4,2,16
,2016_22429,39.759282,-104.993892,8/18/2016 6:35,6:35,15,0,0,PARK AVENUE WEST & WEWATTA STREET,1,1,0,0,1,3,,0,25,0,0,0,0,0,4,3,13
,2016_22430,39.7859126,-104.9800304,5/20/2016 21:03,21:03,6,0,0,PEARL STREET & 1700 BLOCK NORTH,1,3,0,0,1,4,,0,30,0,0,0,0,0,4,2,5
,2016_22431,39.695787,-104.9804235,6/9/2016 13:09,13:09,6,0,0,PEARL STREET 1100 BLOCK SOUTH & BUCHTEL BOULEVARD EAST,1,1,0,0,1,2,,0,25,0,0,0,0,0,4,2,13
,2016_22432,39.780162,-105.0064425,3/11/2016 16:49,16:49,1,0,0,PECOS STREET NORTH & 46TH AVENUE WEST,1,1,0,7,1,1,,0,30,0,0,0,0,0,4,2,16
,2016_22433,39.844602,-104.6809395,5/15/2016 11:03,11:03,15,0,0,PENA BOULEVARD 8000 BLOCK & MM 11,1,1,0,7,1,4,,0,25,0,0,0,0,0,4,2,1
,2016_22434,39.844602,-104.6809395,1/9/2016 13:20,13:20,12,0,0,PENA BOULEVARD & 8400 BLOCK,1,1,0,0,1,4,,0,15,0,0,0,0,0,4,2,7
,2016_22435,39.844602,-104.6809395,4/20/2016 20:25,20:25,6,0,0,PENA BOULEVARD & 84TH AVENUE EAST,1,3,0,0,1,4,,0,15,0,0,0,0,0,4,2,3
,2016_22436,39.833838,-104.7468689,6/13/2016 21:07,21:07,15,0,0,PENA BOULEVARD 7 & E470,2,3,0,1,1,4,,0,55,0,0,0,0,0,4,3,8
,2016_22437,39.776427,-104.8469535,1/26/2016 17:20,17:20,3,0,0,PEORIA STREET NORTH & 44TH AVENUE EAST,1,3,0,0,1,1,,0,40,0,0,0,0,0,4,2,13
,2016_22438,39.77570929,-104.846904,7/11/2016 15:20,15:20,5,0,1,PEORIA STREET 4300 BLOCK NORTH & 44TH AVENUE EAST,1,1,0,7,1,2,,0,10,0,0,0,0,2,4,1,14
,2016_22439,39.782385,-104.847093,4/8/2016 14:43,14:43,15,0,0,PEORIA STREET NORTH & 47TH AVENUE EAST,1,1,0,0,1,1,,0,40,0,0,0,0,0,4,2,7
,2016_22440,39.782385,-104.847093,4/26/2016 17:25,17:25,12,0,0,PEORIA STREET NORTH & 47TH AVENUE EAST,1,1,0,7,1,3,,0,35,0,0,0,0,1,4,2,12
,2016_22441,39.715452,-104.9035073,8/7/2016 13:56,13:56,6,0,0,QUEBEC WAY SOUTH & QUEBEC WAY 1500 BLOCK SOUTH,1,1,0,0,1,4,,0,,0,0,0,0,0,4,1,13
,2016_22442,39.73169138,-104.9034161,9/18/2016 14:22,14:22,12,0,0,QUEBEC STREET 1000 BLOCK NORTH & 10TH AVENUE,1,1,0,0,1,4,,0,30,0,0,0,0,0,4,2,13
,2016_22443,39.737268,-104.9034645,11/21/2016 17:15,17:15,12,0,0,QUEBEC STREET NORTH & 13TH AVENUE EAST,1,2,0,7,1,4,,0,30,0,0,0,0,0,4,2,16
,2016_22444,39.767382,-104.90346,7/5/2016 17:04,17:04,12,0,0,QUEBEC STREET NORTH & 36TH AVENUE EAST,1,1,0,7,1,4,,0,35,0,0,0,0,0,4,2,3
,2016_22445,39.711348,-104.9035005,3/5/2016 11:14,11:14,12,0,0,QUEBEC STREET 300 BLOCK SOUTH & ALAMEDA AVENUE EAST,1,1,0,7,1,3,,0,30,0,0,0,0,0,4,3,16
,2016_22446,39.742596,-104.90346,6/27/2016 17:25,17:25,12,0,0,QUEBEC STREET 1600 BLOCK NORTH & BATAVIA PLACE EAST,1,1,0,7,1,4,,0,35,0,0,0,0,0,4,2,3
,2016_22447,39.712968,-104.903541,7/27/2016 16:24,16:24,12,0,0,QUEBEC STREET SOUTH & CEDAR PLACE EAST,1,1,0,7,1,4,,0,30,0,0,0,0,1,4,2,16
,2016_22448,39.740085,-104.9034735,8/10/2016 18:15,18:15,1,0,0,QUEBEC STREET NORTH & COLFAX AVENUE EAST,1,1,0,0,1,1,,0,35,0,0,0,0,0,4,2,8
,2016_22449,39.687372,-104.903604,7/16/2016 13:18,13:18,3,0,0,QUEBEC STREET SOUTH & IOWA AVENUE EAST,1,1,0,0,1,1,,0,25,0,0,0,0,1,4,2,3