id,drcog_id,latitude,longitude,crashtime,time,crashtype,numbkilled,numbinjurd,drcoglocat,rdconditin,lightngcon,roadcntgrd,weatherco,location,roaddescrp,schoolzone,constrzone,splimit,bikeinv,pedinv,sctrinv,motoinv,svrty,rdsystem,ttlvehcls,hcf
,2016_22450,39.761964,-104.903451,4/26/2016 16:55,16:55,15,0,0,QUEBEC STREET NORTH & MLK BOULEVARD,1,1,0,0,1,4,,0,45,0,0,0,0,0,4,2,13
,2016_22451,39.761964,-104.903451,3/5/2016 11:19,11:19,12,0,0,QUEBEC STREET NORTH & MLK BOULEVARD,1,1,0,7,1,1,,0,35,0,0,0,0,1,4,2,16
,2016_22452,39.746772,-104.991813,5/7/2016 10:50,10:50,12,0,0,17TH STREET 800 BLOCK & STOUT STREET,1,1,0,7,1,4,,0,35,0,0,0,0,0,4,2,16
,2016_22453,39.761964,-104.903451,3/5/2016 13:31,13:31,12,0,0,QUEBEC STREET NORTH & MLK BOULEVARD,1,1,0,7,1,3,,0,35,0,0,0,0,1,4,3,3
,2016_22454,39.744819,-104.963463,12/22/2016 17:35,17:35,6,0,0,RACE STREET & 18TH AVENUE,1,3,0,0,1,4,,0,30,0,0,0,0,0,4,3,7
,2016_22455,39.667626,-104.9643135,12/2/2016 22:28,22:28,3,0,0,RACE STREET SOUTH & YALE AVENUE EAST,1,3,0,7,1,1,,0,30,0,0,0,0,1,4,2,16
,2016_22456,39.741255,-105.0061635,8/30/2016 13:50,13:50,3,0,0,SEVENTH STREET & CURTIS STREET,1,1,0,7,1,1,,0,25,0,0,0,0,0,4,2,16
,2016_22457,39.747618,-105.0053805,1/4/2016 18:00,18:00,1,0,0,11TH STREET & AURARIA PARKWAY,1,3,0,0,1,1,,0,20,0,0,0,0,0,4,2,13
,2016_22459,39.74440949,-104.9960551,3/28/2016 20:17,20:17,6,0,0,14TH STREET & 600 BLOCK,1,3,0,0,1,4,,0,30,0,0,0,0,0,4,4,2
,2016_22460,39.74440949,-104.9960551,12/15/2016 11:00,11:00,15,0,0,14TH STREET & 700 BLOCK,1,1,0,0,1,4,,0,,0,0,0,0,0,4,2,13
,2016_22461,39.748023,-105.0006915,7/14/2016 15:03,15:03,14,0,0,14TH STREET & MARKET STREET,1,1,0,0,1,3,,0,30,0,0,0,0,0,4,2,1
,2016_22462,39.742686,-104.993721,2/14/2016 23:21,23:21,15,0,0,14TH STREET & WELTON STREET,1,3,0,0,1,4,,0,35,0,0,0,0,0,4,2,5
,2016_22463,39.74329418,-104.9978901,1/27/2016 8:00,8:00,9,0,0,15TH STREET 800 & CHAMPA STREET / STOUT STREET ALLEY,1,1,0,0,1,2,,0,15,0,0,0,1,0,4,2,13
,2016_22464,39.745566,-104.995152,12/9/2016 21:21,21:21,15,0,0,15TH STREET & CHAMPA STREET,1,3,0,7,1,1,,0,,0,0,0,0,0,4,2,1
,2016_22465,39.756456,-105.0093135,12/16/2016 13:10,13:10,12,0,0,15TH STREET & PLATTE STREET,1,1,0,7,1,1,,0,25,0,0,0,0,0,4,2,16
,2016_22466,39.748797,-104.9944635,1/1/2016 0:40,0:40,15,0,0,17TH STREET & ARAPAHOE STREET,1,3,0,0,1,1,,0,30,0,0,0,0,0,4,2,13
,2016_22467,39.752154,-104.9988465,7/29/2016 8:45,8:45,15,0,0,17TH STREET & WAZEE STREET,1,1,0,0,1,4,,0,30,0,0,0,0,0,4,2,13
,2016_22468,39.746367,-104.9888655,12/1/2016 12:15,12:15,15,0,0,18TH STREET & WELTON STREET,1,1,1,0,1,3,,0,30,0,0,0,0,0,4,2,1
,2016_22469,39.75579,-104.998761,3/28/2016 17:30,17:30,10,0,0,19TH STREET & WEWATTA STREET,1,1,0,0,1,1,,0,30,0,0,0,0,0,4,2,13
,2016_22470,39.748887,-104.9874525,12/17/2016 7:00,7:00,3,0,0,20TH STREET & CALIFORNIA STREET,4,1,0,2,1,1,,0,30,0,0,0,0,1,4,2,16
,2016_22471,39.75417,-104.9893335,4/28/2016 10:53,10:53,3,0,0,22ND STREET & LAWRENCE STREET,2,1,0,1,1,1,,0,30,0,0,0,0,0,4,2,16
,2016_22472,39.774303,-104.9772015,7/12/2016 16:14,16:14,12,0,0,38TH STREET & CHESTNUT PLACE,1,1,0,7,1,4,,0,35,0,0,0,0,0,4,2,16
,2016_22473,39.71950109,-104.95944,2/20/2016 3:30,3:30,5,0,0,UNIVERSITY BOULEVARD & 1900 BLOCK SOUTH,1,3,0,0,3,4,,0,35,0,0,0,0,1,4,1,4
,2016_22474,39.77361,-104.976297,7/12/2016 12:48,12:48,3,0,0,38TH STREET & DELGANY STREET,1,1,0,7,1,1,,0,30,0,0,0,0,0,4,2,16
,2016_22475,39.73138636,-104.9986792,4/4/2016 14:00,14:00,6,0,0,SANTA FE DRIVE & 1100 BLOCK NORTH,1,1,1,7,1,4,,0,30,0,0,0,0,0,4,2,16
,2016_22476,39.694752,-104.9924925,5/3/2016 9:28,9:28,12,0,0,SANTA FE DRIVE & ARIZONA AVENUE WEST,1,1,0,0,1,3,,0,45,0,0,0,0,0,4,3,8
,2016_22477,39.79117262,-104.8432961,3/31/2016 23:15,23:15,6,0,0,SCRANTON STREET NORTH & 5508,1,3,0,0,1,4,,0,25,0,0,0,0,0,4,2,12
,2016_22478,39.841182,-104.6701395,10/26/2016 19:32,19:32,3,0,0,SHADY GROVE STREET NORTH & 80TH AVENUE,1,3,0,0,1,1,,0,30,0,0,0,0,0,4,2,1
,2016_22479,39.701979,-104.9851125,5/28/2016 9:07,9:07,3,0,0,SHERMAN STREET SOUTH & OHIO AVENUE EAST,1,1,0,7,1,1,,0,25,0,0,0,0,0,4,2,16
,2016_22480,39.744468,-105.0000435,5/19/2016 20:14,20:14,15,0,0,SPEER BOULEVARD NORTH & ARAPAHOE STREET,1,1,0,0,1,4,,0,30,0,0,0,0,0,4,2,13
,2016_22481,39.744468,-105.0000435,6/24/2016 14:44,14:44,15,0,0,SPEER BOULEVARD 1000 BLOCK NORTH & ARAPAHOE STREET,1,1,0,0,1,4,,0,35,0,0,0,0,1,4,2,8
,2016_22482,39.742263,-104.9993505,10/22/2016 16:50,16:50,3,0,0,SPEER BOULEVARD NORTHBOUND & CHAMPA STREET,1,1,1,0,1,1,,0,30,0,0,0,0,0,4,2,8
,2016_22483,39.758049,-105.02055,10/31/2016 16:58,16:58,3,0,0,SPEER BOULEVARD NORTH & CLAY STREET NORTH,1,1,0,7,1,1,,0,35,0,0,0,0,0,4,2,16
,2016_22484,39.737142,-104.978592,3/28/2016 11:20,11:20,6,0,0,WASHINGTON STREET 1300 BLOCK NORTH & 13TH AVENUE EAST,1,1,0,0,1,4,,0,30,0,0,0,0,0,4,2,14
,2016_22485,39.718278,-104.973777,1/21/2016 7:38,7:38,12,0,0,SPEER BOULEVARD EASTBOUND 1100 BLOCK EAST & DOWNING STREET NORTH,1,1,0,7,1,2,,0,30,0,0,0,0,0,4,2,1
,2016_22486,39.74384859,-104.9955888,8/20/2016 23:46,23:46,5,0,0,STOUT STREET & 1200 BLOCK,1,3,1,0,3,4,,0,25,0,0,0,0,0,4,1,13
,2016_22487,39.754728,-104.899023,6/4/2016 9:40,9:40,10,0,0,SYRACUSE STREET NORTH & 26TH AVENUE EAST,1,1,0,0,1,1,,0,35,0,0,0,0,0,4,2,13
,2016_22488,39.654279,-104.8988205,6/28/2016 9:44,9:44,12,0,0,TAMARAC STREET SOUTH & GIRARD AVENUE EAST,1,1,0,7,1,3,,0,35,0,0,0,0,0,4,2,16
,2016_22489,39.636387,-104.8937715,7/29/2016 8:06,8:06,12,0,0,TAMARAC STREET SOUTH & I225,1,1,1,0,1,3,,0,30,0,0,0,0,0,4,2,13
,2016_22490,39.705651,-105.010992,5/7/2016 12:29,12:29,12,0,1,TEJON STREET SOUTH & CENTER AVENUE WEST,2,1,1,1,1,1,,0,25,0,0,0,0,2,4,2,13
,2016_22491,39.698559,-104.987484,8/5/2016 13:07,13:07,12,0,0,TENNESSEE AVENUE EAST & BROADWAY STREET SOUTH,1,1,0,7,1,4,,0,30,0,0,0,0,1,4,3,14
,2016_22492,39.818241,-104.772114,12/2/2016 10:29,10:29,15,0,0,TOWER ROAD NORTH & 67TH AVENUE EAST,1,1,1,0,1,3,,0,40,0,0,0,0,0,4,2,13
,2016_22493,39.75450638,-104.9597426,8/19/2016 15:07,15:07,9,0,0,YORK STREET 2600 BLOCK NORTH & 27TH AVENUE EAST,1,1,0,0,1,4,,0,30,0,0,0,0,1,4,1,14
,2016_22494,39.823389,-104.771853,11/1/2016 6:10,6:10,12,0,0,TOWER ROAD NORTH & 70TH AVENUE EAST,1,3,0,7,1,2,,0,40,0,0,0,0,0,4,2,16
,2016_22495,39.8234539,-104.7717942,11/22/2016 22:00,22:00,15,0,0,TOWER ROAD 7000 BLOCK NORTH & 71ST AVENUE,1,3,0,7,1,4,,0,35,0,0,0,0,0,4,2,2
,2016_22496,39.74036066,-104.9930504,4/14/2016 9:20,9:20,6,0,0,TREMONT PLACE 1300 BLOCK & 13TH AVENUE EAST,1,1,0,0,1,4,,0,30,0,0,0,0,0,4,2,13
,2016_22497,39.624192,-104.89473,1/21/2016 18:48,18:48,1,0,0,ULSTER STREET SOUTH & BELLEVIEW AVENUE EAST,1,3,0,7,1,1,,0,30,0,0,0,0,0,4,2,3
,2016_22498,39.72066678,-105.0121053,4/19/2016 12:46,12:46,6,0,0,UMATILLA STREET & 1100 BLOCK NORTH,1,1,1,0,1,4,,0,25,0,0,0,0,0,4,2,13
,2016_22499,39.631356,-104.8923,6/17/2016 10:32,10:32,1,0,2,UNION AVENUE EAST & DTC BOULEVARD SOUTH,1,1,0,7,1,1,,0,35,0,0,0,0,2,4,2,16
,2016_22500,39.719412,-104.95944,4/7/2016 9:49,9:49,12,0,0,UNIVERSITY BOULEVARD NORTH & SECOND AVENUE EAST,1,1,0,7,1,3,,0,25,0,0,0,0,0,4,2,16
,2016_22501,39.711114,-104.959305,12/18/2016 11:26,11:26,12,0,0,UNIVERSTIY BOULEVARD SOUTH & ALAMEDA AVENUE EAST,4,1,1,1,1,3,,0,35,0,0,0,0,0,4,2,16
,2016_22502,39.680226,-104.959404,5/13/2016 14:36,14:36,12,0,0,UNIVERSITY BOULEVARD 1900 BLOCK SOUTH & ASBURY AVENUE EAST,1,1,0,7,1,1,,0,30,0,0,0,0,0,4,3,16
,2016_22503,39.678363,-104.959404,3/14/2016 13:06,13:06,12,0,0,UNIVERSITY BOULEVARD SOUTH & EVANS AVENUE EAST,1,1,0,7,1,3,,0,30,0,0,0,0,1,4,2,16
,2016_22504,39.74001,-104.99202,7/7/2016 16:18,16:18,6,0,0,UTICA STREET NORTH & 4100 BLOCK NORTH,1,1,1,0,1,4,,0,25,0,0,0,0,0,4,2,13
,2016_22505,39.702546,-105.013332,9/16/2016 12:56,12:56,5,0,0,VALLEJO STREET SOUTH & OHIO AVENUE WEST,1,1,0,0,3,3,,0,15,0,0,0,0,0,4,1,13
,2016_22506,39.669399,-104.957964,12/10/2016 11:00,11:00,6,0,0,VASSAR AVENUE EAST & JOSEPHINE STREET SOUTH,1,1,0,0,1,4,,0,25,0,0,0,0,0,4,2,13
,2016_22507,39.78458426,-104.884983,1/22/2016 11:30,11:30,12,0,0,YOSEMITE STREET & 5000 BLOCK SOUTH,1,1,1,0,1,4,,0,,0,0,0,0,0,4,2,13
,2016_22508,39.770109,-104.9713605,9/20/2016 16:30,16:30,3,0,0,WALNUT STREET 3800 BLOCK & EAST 38TH AVENUE,1,1,0,0,1,2,,0,35,0,0,0,0,0,4,2,14
,2016_22509,39.758247,-104.987457,6/24/2016 13:53,13:53,15,0,0,WALNUT STREET & BROADWAY STREET NORTH,2,1,0,1,1,1,,0,25,0,0,0,0,0,4,2,16
,2016_22510,39.78129351,-104.978893,3/23/2016 1:20,1:20,10,0,0,WASHINGTON STREET & 616,2,4,1,1,1,2,,0,25,0,0,0,0,0,4,2,1
,2016_22511,39.711105,-104.97924,12/28/2016 16:22,16:22,3,0,0,WASHINGTON STREET SOUTH & ALAMEDA AVENUE EAST,1,1,1,7,1,1,,0,25,0,0,0,0,0,4,2,14
,2016_22512,39.740004,-104.9787225,6/28/2016 12:29,12:29,15,0,0,WASHINGTON STREET 1400 BLOCK NORTH & COLFAX AVENUE EAST,1,1,0,0,1,4,,0,30,0,0,0,0,0,4,2,7
,2016_22513,39.740004,-104.9787225,10/23/2016 13:04,13:04,10,0,0,WASHINGTON STREET NORTH & COLFAX AVENUE EAST,1,1,1,0,1,2,,0,25,0,0,0,0,0,4,2,14
,2016_22514,39.75024684,-105.0010894,12/16/2016 16:36,16:36,3,0,0,WAZEE STREET 1500 BLOCK & 16TH STREET,1,1,0,0,1,2,,0,25,0,0,0,0,0,4,2,13
,2016_22516,39.7435807,-104.9924306,6/26/2016 13:58,13:58,12,0,0,WELTON STREET 1500 BLOCK & 16TH STREET,1,1,0,7,1,4,,0,25,0,0,0,0,1,4,2,16
,2016_22517,39.7565174,-104.9974236,1/24/2016 10:00,10:00,6,0,0,WEWATTA STREET & 1515,1,1,0,0,1,4,,0,30,0,0,0,0,0,4,2,13
,2016_22518,39.667563,-104.940711,11/28/2016 8:53,8:53,1,0,0,YALE AVENUE EAST & COLORADO BOULEVARD SOUTH,1,1,0,7,1,2,,0,35,0,0,0,0,1,4,2,16
,2016_22519,39.667563,-104.943825,11/3/2016 16:25,16:25,12,0,0,YALE AVENUE 3600 BLOCK EAST & GARFIELD STREET SOUTH,1,1,1,7,1,3,,0,25,0,0,0,0,1,4,2,16
,2016_22520,39.730482,-104.960223,4/15/2016 9:10,9:10,15,0,0,YORK STREET & NINTH AVENUE,1,1,1,0,1,4,,0,25,0,0,0,0,0,4,2,5
,2016_22521,39.74193,-104.959494,10/10/2016 17:28,17:28,12,0,0,YORK STREET 1600 BLOCK NORTH & 17TH AVENUE EAST,1,1,0,7,1,4,,0,30,0,0,0,0,1,4,2,1
,2016_22522,39.773925,-104.959431,11/17/2016 12:00,12:00,15,0,0,YORK STREET NORTH & 41ST AVENUE EAST,2,1,0,2,1,1,,0,60,0,0,0,0,0,4,2,7
,2016_22523,39.651102,-104.8848435,6/4/2016 9:13,9:13,3,0,2,YOSEMITE STREET SOUTH & JEFFERSON AVENUE EAST,1,1,0,7,1,1,,0,35,0,0,0,0,2,4,2,16
,2016_22524,39.77385734,-105.052086,4/10/2016 14:33,14:33,6,0,0,ZENOBIA STREET & 3053 SOUTH,1,1,0,0,1,4,,0,25,0,0,0,0,0,4,2,3
,2016_22825,39.755214,-105.0129315,10/8/2016 13:15,13:15,3,0,1,SPEER BOULEVARD NORTH & I25 SOUTHBOUND OFF RAMP,1,1,1,0,1,1,,0,35,0,0,0,0,1,1,3,4
,2016_22826,39.7797997,-104.9672242,9/21/2016 15:25,15:25,15,0,0,I70 & BRIGHTON BOULEVARD EASTBOUND ENTRANCE GORE POINT,1,1,0,0,1,4,,0,55,0,0,0,0,0,1,2,13
,2016_23023,39.783687,-105.04473,3/19/2016 6:50,6:50,5,0,0,I70 & MM 271,5,2,1,2,2,4,,0,55,0,0,0,0,0,1,1,7
,2016_23162,39.72627,-105.0002055,9/20/2016 21:30,21:30,5,0,0,SIXTH AVENUE WEST & KALAMATH STREET NORTH,1,3,0,0,3,4,,0,30,0,0,0,0,1,4,1,13
,2016_23213,39.7367505,-105.0526418,7/13/2016 14:43,14:43,12,0,0,13TH AVENUE WEST & 2500 BLOCK WEST,1,1,1,0,1,4,,0,30,0,0,0,0,0,4,2,3
,2016_23236,39.738456,-105.002793,8/29/2016 17:24,17:24,12,0,0,MARIPOSA STREET NORTH & 14TH AVENUE WEST,1,1,0,0,1,1,,0,30,0,0,0,0,1,4,2,13
,2016_23237,39.782619,-105.0357915,10/18/2016 0:01,0:01,6,0,0,MEADE STREET & 4500 BLOCK NORTH,1,3,0,0,1,4,,0,30,0,0,0,0,0,4,2,13
,2016_23240,39.763827,-104.906952,1/20/2016 10:32,10:32,5,0,0,OLIVE STREET NORTH & 33RD AVENUE EAST,1,1,1,0,1,1,,1,20,0,0,0,0,0,4,2,13
,2016_23241,39.759579,-105.0017805,3/13/2016 13:05,13:05,12,0,1,20TH STREET & LITTLE RAVEN,1,1,1,0,1,4,,0,35,0,0,0,0,2,4,2,13
,2016_23242,39.765618,-104.9393025,8/8/2016 17:11,17:11,12,0,0,35TH AVENUE & ALBION STREET NORTH,1,1,0,0,1,4,,0,30,0,0,0,0,0,4,2,13
,2016_23243,39.63799513,-104.9126831,8/11/2016 12:21,12:21,12,0,0,MONACO STREET & 2700 BLOCK SOUTH,2,1,1,0,1,3,,0,35,0,0,0,0,0,4,2,13
,2016_23244,39.691296,-105.041034,8/14/2016 3:11,3:11,6,0,0,PATTON COURT / QUITMAN STREET & ARKANSAS AVENUE APPROXIMATELY,1,3,0,0,1,4,,0,15,0,0,0,0,0,4,4,14
,2016_23245,39.700395,-105.0454035,8/16/2016 20:50,20:50,5,0,0,UTICA STREET SOUTH & KENTUCKY AVENUE,2,5,0,1,3,4,,0,,0,0,0,0,0,4,1,13
,2016_23246,39.736872,-105.000183,8/19/2016 14:56,14:56,9,0,0,13TH AVENUE WEST & KALAMATH STREET NORTH,1,1,0,0,1,1,,0,30,0,0,0,1,0,4,2,13
,2016_23247,39.689217,-105.0003,10/3/2016 5:30,5:30,5,0,0,PLATTE RIVER DRIVE SOUTH & FLORIDA AVENUE WEST,1,4,0,0,3,4,,0,35,0,0,0,0,1,4,1,15
,2016_23248,39.788532,-104.828274,8/23/2016 6:25,6:25,12,0,0,51ST AVENUE EAST & CROWN BOULEVARD,1,1,0,0,1,1,,0,35,0,0,0,0,0,4,2,13
,2016_23249,39.754863,-105.040494,8/23/2016 10:01,10:01,3,0,0,QUITMAN STREET NORTH & 26TH AVENUE WEST,1,1,0,0,1,1,,0,30,0,0,0,0,0,4,2,13
,2016_23250,39.765726,-104.9948415,8/23/2016 18:40,18:40,12,0,0,PARK AVENUE WEST & GLOBEVILLE ROAD,1,1,1,0,1,3,,0,35,0,0,0,0,0,4,3,3
,2016_23251,39.789999,-104.9771115,8/27/2016 16:21,16:21,6,0,0,CLARKSON STREET & 1400 BLOCK NORTH,1,1,0,0,1,3,,0,35,0,0,0,0,0,4,2,13
,2016_23252,39.718404,-104.903784,8/30/2016 19:12,19:12,12,0,0,QUEBEC STREET NORTH & FIRST AVENUE EAST,2,2,0,1,1,3,,0,35,0,0,0,0,0,4,3,13
,2016_23253,39.708135,-104.879142,8/31/2016 17:55,17:55,12,0,2,ALAMEDA AVENUE EAST & CLINTON STREET SOUTH,1,1,0,0,1,3,,0,35,0,0,0,0,2,4,5,1
,2016_23254,39.78,-104.9541345,9/7/2016 9:00,9:00,1,0,0,CLAYTON STREET NORTH & 46TH AVENUE EAST,1,1,0,0,1,1,,0,30,0,0,0,0,0,4,2,7
,2016_23255,39.757158,-105.0158205,9/8/2016 15:45,15:45,12,0,0,ZUNI STSB & 28TH AVENUE WEST,1,1,1,0,1,4,,0,30,0,0,0,0,0,4,2,3
,2016_23256,39.678444,-104.931612,9/9/2016 7:46,7:46,1,0,0,DAHLIA STREET & EVANS AVENUE EAST,1,1,0,0,1,2,,0,25,0,0,0,0,1,4,2,13
,2016_23257,39.774015,-104.9128335,9/9/2016 14:48,14:48,3,0,0,MONACO STREET NORTH & 42ND AVENUE EAST,1,1,0,0,1,1,,0,25,0,0,0,0,0,4,2,14
,2016_23258,39.748509,-105.0031305,9/9/2016 16:59,16:59,10,0,0,BLAKE STREET & SPEER BOULEVARD,1,1,0,0,1,1,,0,25,0,0,0,0,0,4,2,13
,2016_23259,39.71295,-104.959332,9/13/2016 18:17,18:17,12,0,0,UNIVERSITY BOULEVARD & CEDAR AVENUE EAST,1,1,1,0,1,4,,0,30,0,0,0,0,0,4,2,14
,2016_23260,39.738267,-104.9372865,9/19/2016 9:45,9:45,3,0,1,14TH AVENUE EAST & BELLAIRE STREET NORTH,1,1,0,0,1,1,,0,25,0,0,0,0,2,4,2,7
,2016_23261,39.755088,-104.988114,10/3/2016 15:51,15:51,6,0,0,PARK AVENUE WEST & LAWRENCE STREET,1,1,0,0,1,4,,0,30,0,0,0,0,0,4,2,13
,2016_23262,39.77382641,-104.942829,10/5/2016 10:05,10:05,10,0,0,41ST AVENUE & 7415 EAST,1,1,0,0,1,2,,0,30,0,0,0,0,0,4,2,13
,2016_23263,39.754512,-104.980113,10/7/2016 10:25,10:25,1,0,0,CALIFORNIA STREET & 26TH STREET,1,1,0,0,1,1,,0,25,0,0,0,0,0,4,2,7
,2016_23264,39.695652,-104.903595,10/8/2016 8:30,8:30,12,0,0,QUEBEC STREET & MISSISSIPPI AVENUE EAST,1,1,0,0,1,4,,0,35,0,0,0,0,0,4,2,13
,2016_23265,39.687516,-104.9593725,10/11/2016 7:24,7:24,15,0,0,UNIVERSITY BOULEVARD & IOWA AVENUE EAST,1,1,0,0,1,3,,0,30,0,0,0,0,0,4,3,13
,2016_23266,39.767553,-105.044013,11/29/2016 15:26,15:26,10,0,0,37TH AVENUE WEST & TENNYSON STREET NORTH,1,1,1,0,1,2,,0,25,0,0,0,0,0,4,2,13
,2016_23267,39.765726,-104.9948415,12/6/2016 7:22,7:22,15,0,0,PARK AVENUE WEST & GLOBEVILLE ROAD,1,1,0,0,1,4,,0,35,0,0,0,0,0,4,2,14
,2016_23268,39.76929,-105.0252435,2/24/2016 18:00,18:00,3,0,0,38TH AVENUE & FEDERAL BOULEVARD NORTH,1,3,0,0,1,2,,0,35,0,0,0,0,0,4,2,7
,2016_23269,39.718332,-104.987502,7/11/2016 16:48,16:48,6,0,0,FIRST AVENUE WEST & BROADWAY NORTH,1,1,0,0,1,3,,0,25,0,0,0,0,0,4,2,3
,2016_23270,39.725622,-104.976405,11/30/2016 13:41,13:41,15,0,0,SIXTH AVENUE EAST & EMERSON STREET,1,1,0,0,1,1,,0,30,0,0,0,0,0,4,2,10
,2016_23271,39.725649,-104.986314,4/7/2016 11:42,11:42,3,0,0,SIXTH AVENUE EAST & LINCOLN STREET NORTH,1,1,0,0,1,1,,0,30,0,0,0,0,0,4,2,8
,2016_23272,39.725622,-104.978754,6/25/2016 10:30,10:30,3,0,0,SIXTH AVENUE EAST & WASHINGTON STREET NORTH,1,1,0,0,1,1,,0,30,0,0,0,0,1,4,3,8
,2016_23273,39.729087,-104.987412,1/7/2016 10:51,10:51,15,0,0,EIGHTH AVENUE EAST & BROADWAY STREET NORTH,2,1,1,0,1,4,,0,35,0,0,0,0,0,4,2,8
,2016_23275,39.729087,-104.987412,1/30/2016 14:20,14:20,15,0,0,EIGHTH AVENUE WEST & BROADWAY NORTH,1,1,0,0,1,3,,0,30,0,0,0,0,0,4,2,13
,2016_23277,39.729123,-104.9473035,2/18/2016 10:26,10:26,3,0,0,EIGHTH AVENUE EAST & COOK STREET NORTH,1,1,0,7,1,1,,0,25,0,0,0,0,0,4,2,3
,2016_23278,39.729267,-104.913936,10/19/2016 17:00,17:00,3,0,0,EIGHTH AVENUE EAST & LOCUST STREET NORTH,1,1,0,7,1,1,,0,25,0,0,0,0,0,4,2,3
,2016_23279,39.728907,-104.998644,11/21/2016 14:20,14:20,3,0,0,EIGHTH AVENUE WEST & SANTA FE DRIVE NORTH,1,1,0,7,1,1,,0,30,0,0,0,0,0,4,2,16
,2016_23280,39.731166,-105.019272,1/14/2016 20:00,20:00,6,0,0,NINTH AVENUE 2500 BLOCK WEST & BRYANT STREET NORTH,14,3,0,7,1,4,,0,25,0,0,0,0,0,4,2,16
,2016_23281,39.732048,-104.988825,4/8/2016 16:50,16:50,15,0,0,10TH AVENUE 100 BLOCK WEST & ACOMA,1,1,0,7,1,4,,0,25,0,0,0,0,0,4,2,8
,2016_23282,39.732012,-104.979852,1/7/2016 23:15,23:15,6,0,0,10TH AVENUE 500 BLOCK EAST & PEARL STREET NORTH,4,3,0,2,1,4,,0,30,0,0,0,0,0,4,3,5
,2016_23283,39.733029,-105.0440445,4/13/2016 23:31,23:31,15,0,0,10TH AVENUE WEST & TENNYSON STREET NORTH,1,3,0,0,1,1,,0,25,0,0,0,0,0,4,2,13
,2016_23284,39.733686,-104.977602,8/7/2016 2:20,2:20,3,0,1,11TH AVENUE & CLARKSON STREET,1,3,0,0,1,1,,0,30,0,0,0,0,2,4,6,5
,2016_23285,39.733848,-104.992956,5/9/2016 20:48,20:48,4,0,0,11TH AVENUE 300 BLOCK WEST & DELAWARE STREET NORTH,1,3,0,7,1,4,,0,30,0,0,0,0,0,4,1,16
,2016_23286,39.733686,-105.00282,4/26/2016 16:20,16:20,6,0,0,11TH AVENUE & MARIPOSA STREET,2,1,0,1,1,4,,0,25,0,0,0,0,0,4,2,7
,2016_23287,39.733704,-104.9798835,8/1/2016 15:01,15:01,3,0,0,11TH AVENUE EAST & PEARL STREET NORTH,1,1,0,7,1,1,,0,30,0,0,0,0,0,4,2,16
,2016_23288,39.733974,-105.048234,12/19/2016 16:55,16:55,6,0,0,11TH AVENUE WEST & WOLFF STREET NORTH,4,3,0,0,1,4,,0,25,0,0,0,0,0,4,3,13
,2016_23289,39.77666713,-104.9911518,6/25/2016 12:29,12:29,5,0,0,12TH AVENUE 226 WEST & CHEROKEE STREET  BANNOCK STREET ALLEY,1,1,0,0,2,5,,0,25,0,0,0,0,0,4,2,8
,2016_23290,39.735144,-104.9562945,7/6/2016 21:44,21:44,3,0,0,12TH AVENUE EAST & ELIZABETH STREET NORTH,1,1,0,7,1,1,,0,25,0,0,0,0,0,4,2,3
,2016_23291,39.736782,-104.9539545,11/9/2016 21:11,21:11,6,0,0,13TH AVENUE & DETROIT STREET NORTH,1,3,0,0,1,3,,0,30,0,0,0,0,1,4,4,13
,2016_23292,39.736845,-104.9730435,11/28/2016 8:30,8:30,12,0,0,13TH AVENUE 1200 BLOCK EAST & DOWNING STREET NORTH,1,1,0,7,1,5,,0,30,0,0,0,0,0,4,2,1
,2016_23293,39.736809,-104.9622615,1/29/2016 18:45,18:45,15,0,0,13TH AVENUE EAST & VINE STREET NORTH,1,3,0,7,1,1,,0,30,0,0,0,0,0,4,2,1
,2016_23294,39.737259,-104.8893705,1/31/2016 13:21,13:21,3,0,0,13TH AVENUE EAST & WABASH STREET NORTH,1,1,0,7,1,1,,0,25,0,0,0,0,1,4,2,16
,2016_23295,39.73842,-104.987394,12/18/2016 19:20,19:20,3,0,0,14TH AVENUE WEST & BROADWAY STREET NORTH,5,3,0,7,1,1,,0,30,0,0,0,0,0,4,2,16
,2016_23296,39.738393,-104.9684445,7/9/2016 16:35,16:35,10,0,0,14TH AVENUE 1500 BLOCK EAST & FRANKLIN STREET NORTH,1,1,0,0,1,3,,0,30,0,0,0,0,0,4,2,8
,2016_23297,39.738375,-104.961015,2/1/2016 12:10,12:10,15,0,0,14TH AVENUE EAST & GAYLORD STREET NORTH,2,1,0,2,1,1,,0,30,0,0,0,0,0,4,2,16
,2016_23298,39.738447,-104.986143,6/28/2016 11:00,11:00,6,0,0,14TH AVENUE 00 BLOCK EAST & LINCOLN STREET NORTH,1,1,0,0,1,4,,0,30,0,0,0,0,0,4,2,1
,2016_23299,39.749796,-104.903433,3/16/2016 14:55,14:55,3,0,0,22ND AVENUE EAST & QUEBEC STREET NORTH,1,5,0,0,1,1,,0,35,0,0,0,0,0,4,2,13