id,drcog_id,latitude,longitude,crashtime,time,crashtype,numbkilled,numbinjurd,drcoglocat,rdconditin,lightngcon,roadcntgrd,weatherco,location,roaddescrp,schoolzone,constrzone,splimit,bikeinv,pedinv,sctrinv,motoinv,svrty,rdsystem,ttlvehcls,hcf
,2016_23300,39.738366,-104.9598225,7/26/2016 17:11,17:11,12,0,0,14TH AVENUE EAST & YORK STREET NORTH,1,1,0,7,1,3,,0,30,0,0,0,0,0,4,2,3
,2016_23301,39.741957,-104.950026,11/7/2016 21:35,21:35,6,0,0,16TH AVENUE & STEELE STREET NORTH,1,3,0,0,1,4,,0,25,0,0,0,0,0,4,2,13
,2016_23302,39.741615,-104.965983,4/4/2016 15:45,15:45,3,0,0,16TH AVENUE EAST & WILLIAMS STREET NORTH,1,1,0,0,1,1,,0,30,0,0,0,0,0,4,2,13
,2016_23303,39.760749,-104.959782,3/6/2016 19:01,19:01,12,0,0,31ST AVENUE EAST & YORK STREET NORTH,1,3,0,7,1,4,,0,35,0,0,0,0,0,4,2,16
,2016_23304,39.743262,-104.9775525,3/21/2016 16:52,16:52,12,0,0,17TH AVENUE 700 BLOCK EAST & CLARKSON STREET NORTH,1,1,0,0,1,3,,0,30,0,0,0,0,0,4,3,13
,2016_23306,39.743217,-104.9684265,3/30/2016 8:13,8:13,15,0,0,17TH AVENUE 1500 BLOCK EAST & FRANKLIN STREET,1,1,0,0,1,4,,0,30,0,0,0,0,0,4,2,13
,2016_23307,39.743208,-104.969673,10/23/2016 19:05,19:05,10,0,2,17TH AVENUE EAST & HUMBOLDT STREET NORTH,1,3,0,0,1,1,,0,30,0,0,0,1,2,4,2,13
,2016_23308,39.743199,-104.963454,2/19/2016 16:35,16:35,15,0,0,17TH AVENUE EAST 2000 BLOCK & RACE STREET NORTH,1,1,0,0,1,4,,0,30,0,0,0,0,0,4,2,13
,2016_23309,39.744828,-104.969655,6/19/2016 12:00,12:00,3,0,0,18TH AVENUE EAST & HUMBOLDT STREET,1,1,0,0,1,1,,0,,0,0,0,0,0,4,2,13
,2016_23310,39.744819,-104.9823765,12/1/2016 18:30,18:30,12,0,0,18TH AVENUE 400 BLOCK EAST & LOGAN STREET NORTH,1,3,0,7,1,3,,0,30,0,0,0,0,1,4,2,16
,2016_23311,39.74560169,-104.8940638,8/11/2016 9:55,9:55,6,0,0,19TH AVENUE EAST & 4300 BLOCK,1,1,0,0,1,4,,0,25,0,0,0,0,0,4,2,7
,2016_23312,39.745575,-104.9301405,1/11/2016 9:47,9:47,5,0,0,19TH AVENUE EAST & ELM STREET NORTH,5,1,0,0,3,1,,0,25,0,0,0,0,0,4,1,13
,2016_23313,39.747555,-104.9799015,11/3/2016 20:15,20:15,3,0,0,20TH AVENUE EAST & PEARL STREET NORTH,1,3,0,0,1,1,,0,25,0,0,0,0,0,4,2,14
,2016_23314,39.7512,-105.026814,5/13/2016 8:23,8:23,12,0,0,23RD AVENUE 3000 BLOCK WEST & GROVE STREET,1,1,0,7,1,4,,0,30,0,0,0,0,0,4,3,14
,2016_23315,39.751056,-104.92227,11/30/2016 14:05,14:05,12,0,0,23RD AVENUE EAST & HOLLY STREET NORTH,1,1,0,7,1,1,,0,30,0,0,0,0,0,4,2,16
,2016_23316,39.78875689,-104.9499343,3/17/2016 16:33,16:33,3,0,0,23RD AVENUE EAST & STEELE STREET NORTH,2,1,0,2,1,1,,0,30,0,0,0,0,0,4,2,13
,2016_23317,39.754863,-105.039324,7/5/2016 11:50,11:50,12,0,0,26TH AVENUE WEST & PERRY STREET NORTH,1,1,0,7,1,4,,0,30,0,0,0,0,1,4,2,3
,2016_23318,39.758508,-105.035796,6/18/2016 10:25,10:25,12,0,0,29TH AVENUE WEST & MEADE STREET NORTH,1,1,0,7,1,2,,0,35,0,0,0,0,0,4,2,16
,2016_23319,39.760767,-104.9721255,10/27/2016 10:54,10:54,15,0,0,31ST AVENUE EAST & MARION STREET NORTH,1,1,0,7,1,1,,0,30,0,0,0,0,0,4,2,16
,2016_23320,39.762,-105.020514,4/15/2016 15:55,15:55,12,0,0,32ND AVENUE WEST & CLAY STREET NORTH,1,1,0,7,1,4,,0,25,0,0,0,0,0,4,2,12
,2016_23321,39.78132911,-104.9316841,11/10/2016 11:05,11:05,15,0,0,32ND AVENUE & DAHLIA STREET,1,1,0,0,1,3,,0,35,0,0,0,0,0,4,2,13
,2016_23322,39.76209,-105.0289335,5/16/2016 11:21,11:21,12,0,0,32ND AVENUE WEST & SPEER BOULEVARD NORTH,2,1,0,1,1,1,,0,35,0,0,0,0,0,4,2,14
,2016_23323,39.765069,-104.8905405,12/17/2016 15:49,15:49,3,0,0,35TH AVENUE EAST & CENTRAL PARK BOULEVARD NORTH,4,1,0,0,1,1,,0,35,0,0,0,0,0,4,2,13
,2016_23324,39.769335,-105.0276105,2/22/2016 14:14,14:14,3,0,0,38TH AVENUE WEST & GROVE STREET NORTH,1,1,0,0,1,1,,0,30,0,0,0,0,1,4,2,1
,2016_23325,39.769542,-105.0358365,9/2/2016 13:15,13:15,12,0,0,38TH AVENUE WEST & MEADE STREET NORTH,1,1,0,0,1,1,,0,35,0,0,0,0,0,4,2,3
,2016_23326,39.782376,-104.886072,3/18/2016 16:58,16:58,3,0,0,47TH AVENUE EAST & XENIA STREET NORTH,1,1,0,7,1,1,,0,30,0,0,0,0,0,4,2,7
,2016_23327,39.769263,-104.904522,5/5/2016 12:43,12:43,6,0,0,38TH AVENUE 7240 EAST & POPLAR STREET,1,1,0,0,3,2,,0,30,0,0,0,0,0,4,2,9
,2016_23328,39.69414,-104.9176935,9/4/2016 1:30,1:30,5,0,0,CHERRY CREEK NORTH DRIVE & KEARNEY STREET SOUTH,1,3,0,0,3,4,,0,35,0,0,0,0,0,4,1,7
,2016_23329,39.769272,-105.0123825,3/15/2016 15:36,15:36,12,0,0,38TH AVENUE WEST & UMATILLA STREET NORTH,1,1,0,7,1,1,,0,35,0,0,0,0,0,4,2,16
,2016_23330,39.771063,-104.8470435,5/27/2016 17:27,17:27,5,0,0,39TH AVENUE EAST & PEORIA STREET NORTH,1,1,0,0,2,4,,0,35,0,0,0,0,0,4,1,13
,2016_23331,39.771063,-104.8470435,11/18/2016 18:12,18:12,12,0,0,39TH AVENUE EAST & PEORIA STREET NORTH,1,3,0,7,1,1,,0,40,0,0,0,0,1,4,2,4
,2016_23332,39.773178,-104.809932,4/12/2016 20:56,20:56,14,0,0,40TH AVENUE EAST & CHAMBERS ROAD NORTH,1,3,0,0,1,1,,0,40,0,0,0,0,0,4,3,13
,2016_23333,39.772854,-104.865894,3/16/2016 16:52,16:52,12,0,0,40TH AVENUE EAST & HAVANA STREET NORTH,1,1,0,7,1,1,,0,40,0,0,0,0,0,4,2,16
,2016_23334,39.772854,-104.865894,11/23/2016 6:00,6:00,12,0,0,40TH AVENUE EAST EAST & HAVANA STREET NORTH,1,3,0,7,1,3,,0,60,0,0,0,0,0,4,2,1
,2016_23335,39.772881,-104.9429205,7/2/2016 3:29,3:29,5,0,0,40TH AVENUE EAST & JACKSON STREET NORTH,1,3,0,0,3,1,,0,40,0,0,0,0,0,4,1,14
,2016_23336,39.772827,-104.749461,11/7/2016 7:50,7:50,15,0,0,41ST AVENUE EAST & JERICHO STREET NORTH,1,1,0,0,1,1,,0,20,0,0,0,0,0,4,2,14
,2016_23337,39.774636,-104.7720825,12/17/2016 16:37,16:37,3,0,0,43RD AVENUE EAST & TOWER ROAD NORTH,12,2,0,0,1,1,,0,25,0,0,0,0,0,4,2,3
,2016_23338,39.77667,-105.0299055,3/24/2016 7:15,7:15,3,0,0,44TH AVENUE WEST & IRVING STREET NORTH,5,1,0,7,1,1,,0,30,0,0,0,0,0,4,2,3
,2016_23339,39.780621,-104.841774,2/22/2016 16:04,16:04,3,0,0,46TH AVENUE EAST & ALBROOK DRIVE EAST,1,1,0,7,1,1,,0,25,0,0,0,0,0,4,2,1
,2016_23340,39.780621,-104.841774,10/16/2016 22:16,22:16,3,0,0,46TH AVENUE EAST & ALBROOK DRIVE EAST,1,3,0,7,1,3,,0,35,0,0,0,0,0,4,2,7
,2016_23341,39.779982,-104.9499,8/24/2016 16:25,16:25,1,0,0,46TH AVENUE EAST & STEELE STREET NORTH,1,1,0,0,1,1,,0,30,0,0,0,0,1,4,2,13
,2016_23342,39.784086,-104.9938515,6/5/2016 8:45,8:45,5,0,0,48TH AVENUE 600 BLOCK WEST & FOX STREET NORTH,1,1,1,0,3,4,,0,35,0,0,0,0,0,4,1,13
,2016_23343,39.78662881,-104.8062274,4/30/2016 12:30,12:30,5,0,0,50TH AVENUE & 1700 BLOCK WEST,2,1,0,1,2,4,,0,30,0,0,0,0,0,4,1,13
,2016_23344,39.786408,-104.803542,12/10/2016 19:30,19:30,5,0,0,51ST AVENUE EAST & JOPLIN COURT NORTH,1,3,0,0,3,4,,0,25,0,0,0,0,0,4,2,5
,2016_23345,39.796299,-104.847264,1/19/2016 18:31,18:31,3,0,0,55TH AVENUE EAST & PEORIA STREET NORTH,1,3,1,0,1,1,,0,35,0,0,0,0,0,4,2,13
,2016_23346,39.798126,-104.838741,4/28/2016 22:57,22:57,8,0,0,56TH AVENUE EAST & TUCSON STREET NORTH,2,3,0,1,1,4,,0,40,0,0,0,0,0,4,2,2
,2016_23347,39.821868,-104.772033,4/5/2016 17:48,17:48,3,0,0,69TH AVENUE EAST & TOWER ROAD NORTH,1,1,0,7,1,1,,0,25,0,0,0,0,0,4,2,16
,2016_23348,39.832011,-104.71554,3/27/2016 8:01,8:01,5,0,0,75TH AVENUE & GUN CLUB ROAD,1,1,0,0,2,3,,0,45,0,0,0,0,0,4,1,13
,2016_23349,39.83797287,-104.7013859,5/30/2016 20:23,20:23,3,0,0,78TH AVENUE EAST & 26200 BLOCK,1,4,0,0,1,2,,0,45,0,0,0,0,0,4,2,13
,2016_23350,39.72981697,-104.9484015,2/5/2016 9:35,9:35,6,0,0,ADAMS STREET NORTH & 1500 BLOCK,5,1,0,0,1,4,,0,25,0,0,0,0,0,4,3,7
,2016_23351,39.711186,-105.0022211,5/7/2016 16:22,16:22,15,0,0,ALAMEDA AVENUE WEST & 000 BLOCK,2,1,1,1,1,4,,0,30,0,0,0,0,0,4,2,14
,2016_23352,39.711168,-104.99238,1/5/2016 7:43,7:43,12,0,0,ALAMEDA AVENUE WEST & CHEROKEE STREET SOUTH,1,1,0,0,1,4,,0,35,0,0,0,0,0,4,3,1
,2016_23354,39.711312,-104.931612,2/25/2016 8:05,8:05,1,0,0,ALAMEDA AVENUE EAST & DAHLIA STREET SOUTH,1,1,0,7,1,1,,0,35,0,0,0,0,0,4,2,1
,2016_23355,39.709026,-104.875443,3/18/2016 5:35,5:35,12,0,0,ALAMEDA AVENUE 9600 BLOCK EAST & DAYTON STREET SOUTH,5,1,0,7,1,3,,0,30,0,0,0,0,0,4,2,16
,2016_23356,39.711105,-104.97339,1/22/2016 14:20,14:20,12,0,0,ALAMEDA AVENUE & DOWNING STREET SOUTH,1,1,0,0,1,4,,0,30,0,0,0,0,0,4,2,13
,2016_23357,39.711105,-104.97339,4/26/2016 16:10,16:10,12,0,0,ALAMEDA AVENUE EAST & DOWNING STREET SOUTH,2,1,0,1,1,1,,0,30,0,0,0,0,0,4,4,8
,2016_23358,39.711186,-104.892912,2/4/2016 12:15,12:15,3,0,0,ALAMEDA AVENUE EAST & FAIRMONT DRIVE EAST,2,1,1,7,1,1,,0,35,0,0,0,0,1,4,2,3
,2016_23359,39.694761,-104.9913045,4/13/2016 9:49,9:49,6,0,0,ARIZONA AVENUE 300 BLOCK WEST & CHEROKEE STREET SOUTH,1,1,0,0,1,3,,0,25,0,0,0,0,0,4,2,13
,2016_23360,39.711177,-104.9269635,2/28/2016 14:40,14:40,3,0,0,ALAMEDA AVENUE EAST & FOREST STREET SOUTH,1,1,0,7,1,1,,0,30,0,0,0,0,1,4,2,16
,2016_23361,39.784473,-104.8069305,10/16/2016 7:00,7:00,6,0,0,IDALIA STREET 4985 NORTH & 48TH PLACE EAST,1,1,1,0,1,2,,0,25,0,0,0,0,0,4,2,14
,2016_23362,39.711177,-104.9269635,10/20/2016 17:27,17:27,3,0,0,ALAMEDA AVENUE EAST & FOREST STREET SOUTH,1,1,0,7,1,1,,0,45,0,0,0,0,1,4,2,1
,2016_23363,39.711141,-104.9863905,4/19/2016 8:25,8:25,15,0,0,ALAMEDA AVENUE EAST & LINCOLN STREET SOUTH,2,1,0,0,1,1,,0,30,0,0,0,0,0,4,2,13
,2016_23364,39.711366,-104.9141835,2/24/2016 8:31,8:31,12,0,0,ALAMEDA AVENUE EAST & LOCUST STREET SOUTH,1,1,0,1,1,1,,0,35,0,0,0,0,0,4,2,13
,2016_23365,39.711105,-104.972427,3/22/2016 16:30,16:30,12,0,0,ALAMEDA AVENUE 1200 BLOCK EAST & MARION STREET SOUTH,1,1,0,7,1,3,,0,35,0,0,0,0,0,4,2,16
,2016_23366,39.711393,-104.907366,1/13/2016 15:35,15:35,15,0,0,ALAMEDA AVENUE 6900 BLOCK EAST & ONEIDA STREET SOUTH,1,1,0,7,1,3,,0,35,0,0,0,0,0,4,2,16
,2016_23367,39.711348,-104.9035005,7/6/2016 16:08,16:08,12,0,0,ALAMEDA AVENUE EAST & QUEBEC STREET SOUTH,1,1,0,7,1,3,,0,35,0,0,0,0,1,4,4,16
,2016_23368,39.711114,-104.9640165,10/21/2016 16:02,16:02,12,0,0,ALAMEDA AVENUE 2000 BLOCK EAST & RACE STREET SOUTH,1,1,0,7,1,1,,0,30,0,0,0,0,0,4,3,16
,2016_23369,39.711186,-104.997132,11/5/2016 2:48,2:48,3,0,0,ALAMEDA AVENUE WEST & SANTA FE DRIVE SOUTH,1,3,0,0,1,1,,0,30,0,0,0,0,0,4,2,5
,2016_23370,39.734676,-104.9394915,2/9/2016 16:50,16:50,3,0,0,ALBION STREET & 12TH AVENUE EAST,1,1,0,0,1,2,,0,25,0,0,0,0,0,4,2,14
,2016_23371,39.785949,-104.8350915,12/6/2016 19:35,19:35,3,0,0,ANDREWS DRIVE & WORCHESTER STREET,4,3,0,2,1,1,,0,25,0,0,0,0,1,4,2,13
,2016_23372,39.715659,-104.9875335,6/18/2016 0:44,0:44,6,0,0,ARCHER PLACE 00 BLOCK WEST & BROADWAY STREET SOUTH,1,3,0,0,1,4,,0,25,0,0,0,0,0,4,2,5
,2016_23373,39.680316,-104.9828625,11/1/2016 17:40,17:40,3,0,0,ASBURY AVENUE EAST & LOGAN STREET SOUTH,1,2,0,7,1,1,,0,25,0,0,0,0,0,4,2,16
,2016_23374,39.729717,-104.9912235,7/12/2016 16:04,16:04,15,0,0,BANNOCK STREET NORTH & SPEER BOULEVARD NORTH,1,1,0,7,1,3,,0,30,0,0,0,0,0,4,2,13
,2016_23375,39.714714,-104.982723,4/20/2016 18:45,18:45,6,0,0,BAYAUD AVENUE 400 BLOCK EAST & LOGAN STREET SOUTH ALLEY,1,1,0,0,1,5,,0,20,0,0,0,0,0,4,2,7
,2016_23376,39.683502,-104.937354,5/17/2016 16:48,16:48,3,0,0,BELLAIRE STREET SOUTH & UTAH PLACE EAST,1,1,0,0,1,2,,0,15,0,0,0,0,0,4,2,3
,2016_23377,39.76641,-104.9786415,4/8/2016 10:55,10:55,6,0,0,BLAKE STREET NORTH & 33RD STREET,1,1,0,0,1,1,,0,30,0,0,0,0,0,4,3,3
,2016_23378,39.77312829,-104.9892215,2/10/2016 10:45,10:45,12,0,0,BROADWAY & 2000 BLOCK NORTH,1,1,0,0,1,4,,0,35,0,0,0,0,0,4,2,13
,2016_23379,39.714714,-104.982723,2/17/2016 14:54,14:54,5,0,0,LOGAN STREET SOUTH & BAYAUD AVENUE EAST,1,1,0,0,3,4,,0,30,0,0,0,0,0,4,1,13
,2016_23380,39.71934,-104.987502,11/22/2016 17:34,17:34,12,0,0,BROADWAY & SECOND AVENUE EAST,1,3,0,7,1,4,,0,30,0,0,0,0,0,4,2,16
,2016_23381,39.724137,-104.9875065,12/27/2016 10:57,10:57,15,0,0,BROADWAY & FIFTH AVENUE EAST,1,1,0,7,1,3,,0,60,0,0,0,0,0,4,2,1
,2016_23382,39.725631,-104.9874435,5/29/2016 2:04,2:04,10,0,1,BROADWAY NORTH & SIXTH AVENUE EAST,1,3,0,0,1,1,,0,30,0,0,0,0,2,4,2,8
,2016_23383,39.73203,-104.987403,2/19/2016 18:22,18:22,12,0,0,BROADWAY & 10TH AVENUE EAST,1,3,0,7,1,4,,0,30,0,0,0,0,0,4,2,14
,2016_23384,39.743577,-104.9869215,1/5/2016 7:40,7:40,6,0,0,BROADWAY STREET 1700 BLOCK NORTH & 18TH AVENUE,1,1,0,7,1,4,,0,35,0,0,0,0,0,4,2,16
,2016_23385,39.756951,-104.98743,5/27/2016 2:20,2:20,5,0,0,BROADWAY  & LARIMER STREET,2,3,0,1,3,4,,0,,0,0,0,0,0,4,1,13
,2016_23386,39.696624,-104.9874525,6/26/2016 23:29,23:29,12,0,0,BROADWAY SOUTH & MISSISSIPPI AVENUE WEST,1,3,0,7,1,4,,0,25,0,0,0,0,0,4,2,16
,2016_23387,39.748887,-104.9874525,3/2/2016 8:42,8:42,15,0,0,BROADWAY & 20TH STREET,1,1,0,7,1,1,,0,30,0,0,0,0,0,4,2,16
,2016_23388,39.752667,-104.98743,3/10/2016 6:02,6:02,15,0,0,BROADWAY NORTH & 22ND STREET,1,2,0,0,1,1,,0,35,0,0,0,0,0,4,2,14
,2016_23389,39.750237,-104.9874075,2/3/2016 18:00,18:00,12,0,0,BROADWAY NORTH & STOUT STREET,5,3,0,2,1,1,,0,30,0,0,0,0,0,4,4,14
,2016_23390,39.764466,-104.953644,8/14/2016 8:09,8:09,10,0,0,BRUCE RANDOLPH AVENUE EAST & FILLMORE STREET NORTH,1,1,0,0,1,1,,0,30,0,0,0,0,0,4,2,13
,2016_23391,39.764493,-104.9634135,8/9/2016 14:01,14:01,8,0,0,BRUCE RANDOLPH AVENUE 1900 BLOCK EAST & RACE STREET NORTH,1,1,0,7,1,4,,0,30,0,0,0,0,1,4,2,16
,2016_23392,39.764466,-104.959773,4/21/2016 18:44,18:44,14,0,0,BRUCE RANDOLPH AVENUE EAST & YORK STREET NORTH,1,1,0,0,1,4,,0,30,0,0,0,0,1,4,4,13
,2016_23393,39.686796,-104.9687325,11/29/2016 17:25,17:25,15,0,0,BUCHTEL BOULEVARD 1500 BLOCK EAST & FRANKLIN STREET SOUTH,1,3,0,7,1,3,,0,30,0,0,0,0,0,4,3,16
,2016_23394,39.74001,-104.99202,7/9/2016 23:00,23:00,6,0,0,CEDAR AVENUE & 2300 BLOCK WEST,1,1,0,0,1,4,,0,25,0,0,0,0,0,4,3,5
,2016_23395,39.713013,-104.9899815,11/8/2016 11:48,11:48,6,0,0,CEDAR AVENUE 100 BLOCK WEST & BANNOCK STREET SOUTH,1,3,0,0,1,4,,0,25,0,0,0,0,0,4,2,13
,2016_23396,39.712896,-104.9792535,6/30/2016 22:40,22:40,6,0,0,CEDAR AVENUE EAST & WASHINGTON STREET SOUTH,1,3,0,0,1,3,,0,25,0,0,0,0,0,4,2,5
,2016_23397,39.767346,-104.8905135,12/17/2016 11:00,11:00,15,0,0,CENTRAL PARK BOULEVARD & 36TH AVENUE EAST,5,1,1,2,1,4,,0,35,0,0,0,0,0,4,2,13
,2016_23398,39.751929,-104.889852,8/7/2016 15:24,15:24,12,0,0,CENTRAL PARK BOULEVARD & WABASH STREET NORTH,1,1,0,7,1,4,,0,30,0,0,0,0,0,4,2,7
,2016_23399,39.74652,-104.9939235,12/20/2016 18:18,18:18,12,0,0,CHAMPA STREET & 16TH STREET,2,3,1,0,1,2,,0,25,0,0,0,0,0,4,2,13
,2016_23400,39.752118,-104.9866605,12/3/2016 9:40,9:40,3,0,0,CHAMPA STREET & 22ND STREET,1,1,0,7,1,1,,0,25,0,0,0,0,0,4,2,14
,2016_23401,39.742263,-104.9993505,6/4/2016 2:15,2:15,12,0,0,CHAMPA STREET & SPEER BOULEVARD NORTH,1,3,0,7,1,1,,0,30,0,0,0,0,0,4,2,16
,2016_23402,39.680334,-104.9910975,4/22/2016 13:00,13:00,6,0,0,CHEROKEE STREET 1990 SOUTH & ASBURY AVENUE WEST,1,1,1,0,3,7,,0,25,0,0,0,0,0,4,2,12
,2016_23403,39.711186,-104.9482305,12/23/2016 23:54,23:54,5,0,0,CHERRY CREEK DRIVE NORTH & ALAMEDA AVENUE EAST,1,3,1,0,3,3,,0,35,0,0,0,0,0,4,1,3
,2016_23404,39.690378,-104.91291,4/25/2016 14:30,14:30,12,0,0,CHERRY CREEK SOUTH DRIVE 6500 BLOCK EAST & MONACO STREET SOUTH,1,1,1,7,1,3,,0,30,0,0,0,0,0,4,2,7
,2016_23405,39.740004,-104.9776245,11/17/2016 15:28,15:28,15,0,0,CLARKSON STREET 1400 BLOCK NORTH & COLFAX AVENUE EAST,2,2,0,2,1,4,,0,30,0,0,0,0,0,4,2,16
,2016_23406,39.689379,-104.978124,3/4/2016 17:33,17:33,3,0,0,CLARKSON STREET SOUTH & FLORIDA AVENUE EAST,1,1,0,7,1,1,,0,25,0,0,0,0,0,4,2,3
,2016_23407,39.758049,-105.02055,5/10/2016 7:30,7:30,15,0,0,CLAY STREET NORTH & SPEER BOULEVARD,1,1,0,0,1,1,,0,25,0,0,0,0,0,4,2,13
,2016_23408,39.689316,-104.935077,12/7/2016 11:31,11:31,12,0,0,CLERMONT STREET 1400 BLOCK SOUTH & FLORIDA AVENUE EAST,4,1,0,2,1,3,,0,25,0,0,0,0,0,4,2,13
,2016_23409,39.7415307,-104.9881683,2/3/2016 13:15,13:15,3,0,0,CLEVELAND PLACE & 1500 BLOCK,5,1,0,0,1,2,,0,30,0,0,0,0,0,4,2,13
,2016_23410,39.678516,-104.974605,11/17/2016 0:44,0:44,6,0,0,CORONA STREET SOUTH & EVANS AVENUE EAST,1,3,0,0,1,4,,0,25,0,0,0,0,0,4,2,9
,2016_23411,39.749976,-104.97906,11/11/2016 18:00,18:00,6,0,0,COURT PLACE & 24TH STREET,1,3,0,0,1,4,,0,25,0,0,0,0,0,4,3,14
,2016_23412,39.711312,-104.931612,3/5/2016 1:15,1:15,6,0,0,DAHLIA STREET SOUTH & ALAMEDA AVENUE EAST,1,4,0,0,1,4,,0,30,0,0,0,0,0,4,2,3
,2016_23413,39.709188,-104.94432,11/17/2016 17:03,17:03,15,0,0,DAKOTA AVENUE EAST & CHERRY CREEK NORTH DRIVE EAST,4,2,0,2,1,1,,0,30,0,0,0,0,1,4,2,7
,2016_23414,39.709026,-104.875443,8/12/2016 15:40,15:40,3,0,1,DAYTON STREET SOUTH & ALAMEDA AVENUE EAST,1,1,0,0,1,3,,0,45,0,0,0,0,2,4,2,10
,2016_23415,39.725541,-104.875353,3/30/2016 17:50,17:50,12,0,0,DAYTON STREET 500 BLOCK NORTH & LOWRY BOULEVARD EAST,2,1,0,2,1,4,,0,25,0,0,0,0,0,4,2,14
,2016_23416,39.728934,-104.992866,4/6/2016 17:35,17:35,3,0,0,DELAWARE STREET NORTH & EIGHTH AVENUE WEST,1,1,1,0,1,1,,0,25,0,0,0,0,0,4,2,13
,2016_23418,39.733704,-104.972994,6/23/2016 9:40,9:40,12,0,0,DOWNING STREET NORTH & 11TH AVENUE EAST,1,1,0,7,1,4,,0,25,0,0,0,0,0,4,3,16
,2016_23419,39.671271,-104.9734845,11/20/2016 20:50,20:50,1,0,0,DOWNING STREET SOUTH & HARVARD AVENUE EAST,1,4,0,7,1,1,,0,30,0,0,0,0,1,4,2,14
,2016_23420,39.692988,-104.973417,2/24/2016 18:17,18:17,12,0,0,DOWNING STREET 1300 BLOCK SOUTH & LOUISIANA AVENUE EAST,1,4,1,7,1,3,,0,30,0,0,0,0,0,4,3,16
,2016_23421,39.761244,-104.973354,7/10/2016 21:23,21:23,12,0,0,DOWNING STREET NORTH & STOUT STREET,1,3,0,7,1,1,,0,35,0,0,0,0,0,4,2,1
,2016_23422,39.624219,-104.8898565,12/29/2016 9:00,9:00,12,0,0,DTC BOULEVARD & BELLEVIEW AVENUE EAST,1,1,0,7,1,1,,0,30,0,0,0,0,0,4,2,7
,2016_23423,39.624219,-104.8898565,7/13/2016 6:59,6:59,1,0,0,DTC BOULEVARD & BELLVIEW AVENUE EAST,1,1,0,0,1,1,,0,35,0,0,0,0,0,4,2,13
,2016_23424,39.78788848,-105.023943,4/25/2016 14:38,14:38,6,0,0,ELIOT STREET & 2300 BLOCK NORTH,1,1,1,7,1,4,,0,25,0,0,0,0,0,4,2,16
,2016_23425,39.720978,-104.9304735,12/21/2016 14:55,14:55,3,0,0,EUDORA STREET NORTH & THIRD AVENUE EAST,1,1,1,7,1,1,,0,25,0,0,0,0,0,4,2,16
,2016_23426,39.74001,-104.99202,2/12/2016 10:10,10:10,12,0,0,EVANS AVENUE & 4600 BLOCK EAST,1,1,0,0,1,4,,0,35,0,0,0,0,0,4,2,13
,2016_23428,39.678426,-104.9395905,2/1/2016 15:47,15:47,1,0,0,EVANS AVENUE EAST & ALBION STREET SOUTH,2,1,0,2,1,1,,0,30,0,0,0,0,0,4,2,16
,2016_23429,39.678426,-104.9395905,7/27/2016 17:15,17:15,3,0,0,EVANS AVENUE EAST & ALBION STREET SOUTH,1,1,0,0,1,2,,0,35,0,0,0,0,0,4,2,13
,2016_23430,39.678435,-104.9407425,6/1/2016 17:48,17:48,1,0,0,EVANS AVENUE 3900 BLOCK EAST & COLORADO BOULEVARD SOUTH,1,1,0,7,1,2,,0,35,0,0,0,0,1,4,2,14
,2016_23431,39.678444,-104.931612,6/6/2016 18:00,18:00,1,0,0,EVANS AVENUE EAST & DAHLIA STREET SOUTH,1,1,0,7,1,1,,0,35,0,0,0,0,0,4,2,16
,2016_23432,39.678444,-104.931612,11/30/2016 9:08,9:08,12,0,0,EVANS AVENUE EAST & DAHLIA STREET SOUTH,1,1,0,7,1,3,,0,35,0,0,0,0,0,4,2,16
,2016_23433,39.678444,-104.931612,3/16/2016 10:34,10:34,12,0,0,EVANS AVENUE 4900 BLOCK EAST & DALHIA STREET SOUTH,1,1,0,7,1,4,,0,35,0,0,0,0,0,4,2,16
,2016_23434,39.678624,-105.0250365,9/14/2016 17:24,17:24,12,0,0,EVANS AVENUE WEST & FEDERAL BOULEVARD SOUTH,1,1,0,0,1,3,,0,35,0,0,0,0,0,4,3,7
,2016_23435,39.678435,-104.9251905,5/19/2016 13:41,13:41,12,0,1,EVANS AVENUE 5200 BLOCK EAST & GRAPE STREET SOUTH,1,1,0,7,1,4,,0,35,0,0,0,0,2,4,2,16
,2016_23436,39.678435,-104.9234265,5/13/2016 11:27,11:27,15,0,0,EVANS AVENUE EAST & HUDSON STREET SOUTH,1,1,0,0,1,1,,0,30,0,0,0,0,0,4,2,13
,2016_23437,39.678516,-104.9757615,5/4/2016 13:51,13:51,15,0,0,EVANS AVENUE EAST & OGDEN STREET SOUTH,1,1,0,7,1,3,,0,30,0,0,0,0,0,4,2,16
,2016_23438,39.73112483,-105.0344731,4/11/2016 22:50,22:50,6,0,0,LINLEY COURT & 800 BLOCK NORTH,1,3,1,0,1,1,,0,25,0,0,0,0,0,4,2,9
,2016_23439,39.74001,-104.99202,4/7/2016 7:27,7:27,12,0,0,EVANS AVENUE 4600 BLOCK EAST & I25 NORTHBOUND ON RAMP,1,1,0,0,1,4,,0,30,0,0,0,0,0,4,2,3
,2016_23440,39.67866,-105.0110325,11/17/2016 18:15,18:15,3,0,0,EVANS AVENUE & TEJON STREET SOUTH,6,3,0,2,1,2,,0,35,0,0,0,0,0,4,2,14