id,drcog_id,latitude,longitude,crashtime,time,crashtype,numbkilled,numbinjurd,drcoglocat,rdconditin,lightngcon,roadcntgrd,weatherco,location,roaddescrp,schoolzone,constrzone,splimit,bikeinv,pedinv,sctrinv,motoinv,svrty,rdsystem,ttlvehcls,hcf
,2016_23441,39.679263,-105.0459435,2/18/2016 9:51,9:51,12,0,0,EVANS AVENUE WEST & VRAIN STREET SOUTH,1,1,0,7,1,1,,0,30,0,0,0,0,0,4,2,16
,2016_23442,39.703833,-104.9547706,12/15/2016 7:33,7:33,3,0,0,EXPOSITION AVENUE & 1900 BLOCK WEST,1,2,0,0,1,5,,0,25,0,0,0,0,0,4,2,13
,2016_23443,39.689298,-104.939514,1/20/2016 11:53,11:53,12,0,0,FLORIDA AVENUE 4000 BLOCK EAST & ALBION STREET SOUTH,1,1,0,7,1,2,,0,30,0,0,0,0,0,4,2,1
,2016_23445,39.689307,-104.9384115,11/20/2016 18:25,18:25,6,0,0,FLORIDA AVENUE 4100 BLOCK EAST & ASH STREET SOUTH,1,3,0,0,1,4,,0,30,0,0,0,0,0,4,3,10
,2016_23446,39.689487,-105.025086,5/15/2016 16:22,16:22,3,0,0,FLORIDA AVENUE 3000 BLOCK WEST & FEDERAL BOULEVARD SOUTH,1,1,0,0,1,2,,0,35,0,0,0,0,0,4,2,3
,2016_23447,39.689334,-104.958144,5/12/2016 17:34,17:34,15,0,0,FLORIDA AVENUE EAST & JOSEPHINE STREET SOUTH,1,1,0,0,1,1,,0,30,0,0,0,0,0,4,2,1
,2016_23448,39.74001,-104.99202,9/22/2016 9:55,9:55,6,0,0,FLOYD AVENUE & 3200 BLOCK WEST,1,1,0,0,1,4,,0,25,0,0,0,0,0,4,2,13
,2016_23449,39.704787,-105.010992,2/4/2016 22:30,22:30,6,0,0,GILL PLACE 2010 WEST & TEJON STREET SOUTH,5,3,0,0,1,4,,0,25,0,0,0,0,0,4,2,3
,2016_23450,39.680388,-104.926194,6/11/2016 8:40,8:40,6,0,0,GLENCOE STREET SOUTH & ASBURY AVENUE EAST,1,1,0,0,1,4,,0,25,0,0,0,0,0,4,3,14
,2016_23451,39.705705,-104.9839605,7/19/2016 16:53,16:53,3,0,0,GRANT STREET EAST & CENTER AVENUE EAST,1,1,0,7,1,1,,0,25,0,0,0,0,0,4,2,3
,2016_23452,39.773826,-105.0258735,3/5/2016 11:30,11:30,6,0,0,GREEN COURT 4100 BLOCK NORTH & 42ND AVENUE WEST,1,1,0,0,1,4,,0,25,0,0,0,0,0,4,2,1
,2016_23453,39.687543,-104.9722515,5/24/2016 10:09,10:09,3,0,0,MARION STREET SOUTH & IOWA AVENUE EAST,1,1,0,7,1,1,,0,25,0,0,0,0,0,4,2,16
,2016_23454,39.783609,-104.7913916,12/17/2016 14:37,14:37,12,0,0,GREEN VALLEY RANCH BOULEVARD EAST & PENA BOULEVARD NORTH,5,1,0,7,1,1,,0,35,0,0,0,0,0,4,2,14
,2016_23455,39.78386325,-104.7945905,9/15/2016 7:09,7:09,12,0,0,GREEN VALLEY RANCH BOULEVARD EAST & AIRPORT WAY NORTH,1,1,1,0,1,1,,0,40,0,0,0,0,0,4,2,7
,2016_23456,39.784653,-104.757624,1/25/2016 12:00,12:00,6,0,0,HALIFAX STREET NORTH & 48TH PLACE EAST,1,1,0,0,1,1,,0,30,0,0,0,0,0,4,2,14
,2016_23457,39.66073,-104.88567,5/23/2016 8:30,8:30,12,0,0,HAMPDEN AVENUE NOT CDOT & 4700 WEST,1,1,0,0,1,4,,0,55,0,0,0,0,0,4,2,13
,2016_23458,39.732075,-104.9418315,6/11/2016 0:15,0:15,14,0,0,HARRISON STREET & 10TH AVENUE,1,3,0,0,1,4,,0,25,0,0,0,0,0,4,2,5
,2016_23459,39.72096,-104.941323,7/13/2016 12:15,12:15,3,0,0,HARRISON STREET NORTH & THIRD AVENUE EAST,1,1,0,7,1,1,,0,25,0,0,0,0,0,4,2,7
,2016_23460,39.696561,-104.94189,10/19/2016 12:03,12:03,3,0,0,HARRISON STREET SOUTH & MISSISSIPPI AVENUE EAST,1,1,1,7,1,1,,0,25,0,0,0,0,0,4,2,8
,2016_23461,39.671568,-104.8753035,6/1/2016 19:25,19:25,5,0,0,HARVARD AVENUE 9700 BLOCK EAST & DAYTONA WAY SOUTH,1,2,0,0,1,4,,0,30,0,0,0,0,0,4,2,13
,2016_23462,39.702204,-105.027534,12/12/2016 8:06,8:06,3,0,0,HAZEL COURT SOUTH & OHIO AVENUE WEST,2,1,0,7,1,1,,0,30,0,0,0,0,0,4,2,3
,2016_23463,39.678435,-104.922234,10/3/2016 8:23,8:23,3,0,0,HOLLY STREET 2100 BLOCK SOUTH & EVANS AVENUE EAST,1,1,0,0,1,2,,0,30,0,0,0,0,0,4,2,13
,2016_23464,39.743208,-104.969673,3/4/2016 11:19,11:19,3,0,0,HUMBOLDT STREET NORTH & 17TH AVENUE EAST,1,1,0,7,1,1,,0,25,0,0,0,0,1,4,2,4
,2016_23465,39.78129351,-104.978893,2/13/2016 7:40,7:40,5,0,0,WASHINGTON STREET & 1300 BLOCK NORTH,1,1,0,0,1,4,,1,30,0,0,0,0,0,4,1,13
,2016_23466,39.740976,-104.9697315,4/11/2016 8:30,8:30,3,0,0,HUMBOLDT STREET NORTH & PARK AVENUE WEST,1,3,0,0,1,1,,0,35,0,0,0,0,0,4,2,4
,2016_23467,39.785607,-105.0299145,12/11/2016 10:09,10:09,6,0,0,IRVING STREET NORTH & 49TH AVENUE WEST,6,1,0,0,1,4,,0,25,0,0,0,0,0,4,2,14
,2016_23468,39.837969,-104.6928825,4/29/2016 13:25,13:25,12,0,0,JACKSON GAP ROAD & 78TH AVENUE EAST,2,1,0,1,1,3,,0,35,0,0,0,0,0,4,2,14
,2016_23469,39.83346903,-104.692932,5/18/2016 19:13,19:13,12,0,0,JACKSON GAP STREET NORTH & PENA BOULEVARD ENTRANCE RAMP,1,1,0,0,1,3,,0,35,0,0,0,0,0,4,2,1
,2016_23470,39.682071,-104.9316525,4/18/2016 7:41,7:41,1,0,0,JEWELL AVENUE EAST & DAHLIA STREET SOUTH,2,1,0,2,1,1,,0,25,0,0,0,0,1,4,2,14
,2016_23471,39.68226,-105.023736,11/8/2016 16:45,16:45,3,0,0,JEWELL AVENUE WEST & ELIOT STREET SOUTH,1,1,0,7,1,1,,0,30,0,0,0,0,0,4,2,7
,2016_23472,39.725604,-104.958864,12/22/2016 18:43,18:43,10,0,0,SIXTH AVENUE EAST & JOSEPHINE STREET,1,3,0,0,1,1,,0,30,0,0,0,0,1,4,2,13
,2016_23473,39.674826,-104.9579415,5/5/2016 14:54,14:54,12,0,0,JOSEPHINE STREET & ILIFF AVENUE EAST,1,1,0,0,1,5,,0,25,0,0,0,0,0,4,2,13
,2016_23474,39.69657,-104.9581125,3/14/2016 8:51,8:51,12,0,0,JOSEPHINE STREET SOUTH & MISSISSIPPI AVENUE EAST,1,1,0,0,1,1,,0,30,0,0,0,0,0,4,2,13
,2016_23475,39.762108,-105.032241,4/3/2016 14:13,14:13,3,0,0,JULIAN STREET NORTH & 32ND AVENUE WEST,1,1,0,7,1,5,,0,15,0,0,0,0,0,4,2,16
,2016_23476,39.722742,-104.88123,9/27/2016 19:49,19:49,5,0,0,FIFTH PLACE EAST & GOLFERS WAY NORTH,1,3,0,0,4,3,,0,25,0,0,0,0,0,4,2,13
,2016_23477,39.78774739,-105.0004787,7/24/2016 17:41,17:41,15,0,0,KALAMATH STREET & 700 BLOCK NORTH,1,1,0,0,1,4,,0,35,0,0,0,0,0,4,2,13
,2016_23478,39.72627,-105.0002055,2/24/2016 18:53,18:53,15,0,0,KALAMATH STREET & SIXTH AVENUE WEST,1,2,0,0,1,1,,0,30,0,0,0,0,0,4,2,7
,2016_23479,39.730518,-105.000174,1/19/2016 21:53,21:53,6,0,1,KALAMATH STREET NORTH & NINTH AVENUE WEST,1,3,0,7,1,4,,0,35,0,0,0,0,2,4,3,14
,2016_23480,39.713274,-104.9994405,8/11/2016 15:50,15:50,15,0,0,KALAMATH STREET 200 BLOCK SOUTH & CEDAR AVENUE WEST,1,1,0,7,1,4,,0,30,0,0,0,0,0,4,2,16
,2016_23482,39.700377,-105.041421,10/16/2016 13:35,13:35,3,0,1,KENTUCKY AVENUE WEST & QUITMAN STREET SOUTH,1,1,0,0,1,1,,0,25,0,0,0,0,2,4,2,13
,2016_23483,39.789018,-104.8022955,8/14/2016 2:00,2:00,6,0,0,KITTREDGE STREET NORTH & 53RD AVENUE EAST,1,4,0,0,1,4,,0,25,0,0,0,0,0,4,2,5
,2016_23484,39.734757,-105.032151,6/7/2016 10:20,10:20,12,0,0,KNOX COURT NORTH & 12TH AVENUE WEST,1,1,0,7,1,1,,0,30,0,0,0,0,0,4,2,3
,2016_23485,39.74544,-105.0036435,9/4/2016 13:44,13:44,5,0,0,LARIMER STREET & 11TH STREET,1,1,0,0,1,1,,0,25,0,0,0,0,0,4,1,7
,2016_23486,39.749445,-104.995323,10/6/2016 14:56,14:56,12,0,0,LAWRENCE STREET & 17TH STREET,1,1,0,0,1,1,,0,25,0,0,0,0,0,4,2,13
,2016_23487,39.73190582,-104.9861681,4/15/2016 14:00,14:00,15,0,0,LINCOLN STREET & 1800 BLOCK NORTH,1,1,0,0,1,4,,0,35,0,0,0,0,0,4,2,13
,2016_23488,39.73190582,-104.9861681,2/20/2016 17:44,17:44,12,0,0,LINCOLN STREET & 1000 BLOCK NORTH,1,1,0,0,1,4,,0,30,0,0,0,0,0,4,2,13
,2016_23489,39.722535,-104.9862825,10/15/2016 19:51,19:51,12,0,0,LINCOLN STREET NORTH & FOURTH AVENUE EAST,1,3,0,7,1,4,,0,40,0,0,0,0,0,4,2,16
,2016_23490,39.73041,-104.986143,4/6/2016 20:32,20:32,15,0,0,LINCOLN STREET 900 BLOCK NORTH & NINTH AVENUE EAST,1,3,1,7,1,4,,0,35,0,0,0,0,0,4,3,1
,2016_23491,39.732021,-104.98617,10/30/2016 0:05,0:05,12,0,0,LINCOLN STREET NORTH & 10TH AVENUE EAST,1,3,0,7,1,1,,0,35,0,0,0,0,0,4,2,3
,2016_23492,39.711141,-104.9863905,5/22/2016 0:02,0:02,1,0,0,LINCOLN STREET SOUTH & ALAMEDA AVENUE EAST,1,3,0,0,1,1,,0,30,0,0,0,0,0,4,2,13
,2016_23493,39.714732,-104.9863005,2/6/2016 17:37,17:37,15,0,0,LINCOLN STREET 100 BLOCK SOUTH & BAYAUD AVENUE EAST,1,1,0,7,1,4,,0,35,0,0,0,0,0,4,2,1
,2016_23494,39.712977,-104.986341,5/3/2016 23:56,23:56,6,0,0,LINCOLN STREET SOUTH & CEDAR AVENUE EAST,1,3,0,0,1,4,,0,30,0,0,0,0,0,4,4,14
,2016_23495,39.671262,-104.9863545,12/27/2016 12:27,12:27,3,0,1,LINCOLN STREET SOUTH & HARVARD AVENUE EAST,1,1,0,0,1,1,,0,25,0,0,0,0,2,4,2,13
,2016_23496,39.71115,-104.982795,12/19/2016 17:50,17:50,3,0,0,LOGAN STREET SOUTH & ALAMEDA AVENUE EAST,2,3,0,7,1,1,,0,30,0,0,0,0,0,4,2,16
,2016_23497,39.703887,-104.9827905,12/31/2016 22:30,22:30,6,0,0,LOGAN STREET SOUTH & EXPOSITION AVENUE EAST,1,3,0,0,1,4,,0,30,0,0,0,0,0,4,5,14
,2016_23498,39.76947372,-105.042795,6/10/2016 12:44,12:44,6,0,0,STUART STREET 3800 BLOCK & 38TH AVENUE WEST,1,2,0,0,1,4,,0,30,0,0,0,0,0,4,2,14
,2016_23499,39.696624,-104.9827815,5/5/2016 23:31,23:31,6,0,0,LOGAN STREET SOUTH & MISSISSIPPI AVENUE EAST,1,3,0,0,1,4,,0,25,0,0,0,0,0,4,2,5
,2016_23500,39.707496,-104.9827905,12/6/2016 9:06,9:06,12,0,0,LOGAN STREET SOUTH & VIRGINIA AVENUE EAST,1,1,0,7,1,3,,0,30,0,0,0,0,0,4,2,16
,2016_23501,39.667716,-104.9828625,5/6/2016 16:05,16:05,12,0,0,LOGAN STREET SOUTH & YALE AVENUE EAST,1,1,0,7,1,3,,0,30,0,0,0,0,0,4,2,16
,2016_23502,39.76552276,-105.0346227,12/19/2016 8:30,8:30,12,0,0,LOWELL BOULEVARD & 1857 SOUTH,4,1,1,0,1,2,,0,30,0,0,0,0,0,4,2,13
,2016_23503,39.76552276,-105.0346227,1/1/2016 8:09,8:09,6,0,0,LOWELL BOULEVARD & 3400 SOUTH,5,2,0,7,1,4,,0,35,0,0,0,0,0,4,3,14
,2016_23504,39.749994,-105.0346035,7/9/2016 17:03,17:03,3,0,0,LOWELL BOULEVARD NORTH & 22ND AVENUE WEST,1,1,0,7,1,1,,0,30,0,0,0,0,1,4,2,16
,2016_23505,39.673161,-105.034923,5/21/2016 23:15,23:15,14,0,0,LOWELL BOULEVARD SOUTH & WESLEY AVENUE WEST,1,3,0,0,1,1,,0,25,0,0,0,0,0,4,2,5
,2016_23506,39.7170765,-104.8955513,4/12/2016 10:59,10:59,10,0,0,LOWRY BOULEVARD & FAIRMONT DRIVE EAST,1,1,0,0,1,6,,0,30,0,0,0,0,0,4,2,3
,2016_23507,39.78252882,-104.9717383,1/15/2016 8:41,8:41,12,0,0,MARION STREET & 1600 BLOCK NORTH,1,1,1,0,1,4,,0,35,0,0,0,0,0,4,2,3
,2016_23508,39.74987041,-104.9982175,12/19/2016 8:00,8:00,12,0,0,MARKET STREET 1600 BLOCK & 17TH STREET,4,1,0,7,1,4,,0,30,0,0,0,0,0,4,3,7
,2016_23509,39.77171824,-104.90281,5/11/2016 22:26,22:26,12,0,0,QUEBEC STREET & 800 BLOCK SOUTH,1,4,0,0,1,2,,0,30,0,0,0,0,0,4,2,14
,2016_23510,39.696732,-105.02037,5/24/2016 7:10,7:10,3,0,0,MISSISSIPPI AVENUE WEST & CLAY STREET SOUTH,1,1,0,0,1,1,,0,25,0,0,0,0,0,4,2,7
,2016_23511,39.696723,-105.006591,2/9/2016 7:40,7:40,3,0,0,MISSISSIPPI AVENUE WEST & QUIVAS STREET SOUTH,1,1,0,7,1,1,,0,30,0,0,0,0,1,4,2,16
,2016_23512,39.771234,-104.977692,4/4/2016 12:57,12:57,12,0,0,36TH STREET & BRIGHTON BOULEVARD NORTH,1,1,0,7,1,4,,0,30,0,0,0,0,0,4,2,16
,2016_23513,39.696669,-104.991912,9/22/2016 17:15,17:15,12,0,0,MISSISSIPPI AVENUE 400 BLOCK WEST & SANTA FE DRIVE SOUTH,1,1,0,0,1,3,,0,30,0,0,0,0,0,4,2,13
,2016_23514,39.76182,-104.911722,12/5/2016 9:15,9:15,3,0,0,MLK BOULEVARD & MAGNOLIA STREET NORTH,1,1,0,7,1,1,,0,35,0,0,0,0,0,4,2,16
,2016_23515,39.696615,-104.912973,12/25/2016 12:30,12:30,14,0,0,MONACO STREET & MISSISSIPPI AVENUE EAST,1,5,0,0,1,1,,0,30,0,0,0,0,1,4,2,13
,2016_23516,39.76300032,-105.0486345,5/18/2016 17:00,17:00,6,0,0,MONCRIEFF PLACE & 3385 WEST,1,2,0,0,1,3,,0,30,0,0,0,0,0,4,2,1
,2016_23517,39.727296,-104.975226,1/5/2016 11:20,11:20,3,0,0,OGDEN STREET NORTH & SEVENTH AVENUE EAST,1,1,0,0,1,1,,0,25,0,0,0,0,0,4,2,1
,2016_23518,39.744315,-104.974533,9/2/2016 0:43,0:43,6,0,0,OGDEN STREET 1700 BLOCK NORTH & 18TH AVENUE EAST,1,3,0,0,1,4,,0,30,0,0,0,0,0,4,2,3
,2016_23519,39.679704,-104.908194,12/5/2016 7:28,7:28,3,0,0,ONEIDA STREET SOUTH & PONTIAC WAY EAST,5,1,0,7,1,1,,0,25,0,0,0,0,0,4,2,16
,2016_23520,39.721716,-105.005565,6/29/2016 13:35,13:35,12,0,0,OSAGE STREET NORTH & 4800 BLOCK NORTH,1,1,1,0,1,2,,0,30,0,0,0,0,0,4,2,16
,2016_23521,39.787056,-104.8979835,8/17/2016 16:29,16:29,10,0,0,49TH PLACE EAST & SPRUCE STREET NORTH,1,1,0,0,1,1,,0,25,0,0,0,0,0,4,2,8
,2016_23522,39.782394,-104.848956,10/28/2016 12:10,12:10,1,0,0,PARIS STREET NORTH & 47TH AVENUE EAST,1,1,0,0,1,1,,0,35,0,0,0,0,0,4,2,13
,2016_23523,39.74001,-104.99202,10/22/2016 8:30,8:30,6,0,0,PATTON COURT & 2600 BLOCK SOUTH,1,3,0,0,1,4,,0,25,0,0,0,0,0,4,2,5
,2016_23524,39.727269,-104.979951,12/11/2016 9:11,9:11,3,0,0,PEARL STREET NORTH & SEVENTH AVENUE EAST,4,1,1,7,1,1,,0,25,0,0,0,0,0,4,2,16
,2016_23525,39.763242,-105.006474,2/19/2016 19:00,19:00,6,0,0,PECOS STREET NORTH & 33RD AVENUE WEST,1,3,0,0,1,4,,0,30,0,0,0,0,0,4,2,13
,2016_23526,39.844602,-104.6809395,1/16/2016 20:16,20:16,15,0,0,PENA BOULEVARD & 8400 BLOCK,1,3,0,0,1,4,,0,10,0,0,0,0,0,4,2,1
,2016_23527,39.783609,-104.7913916,1/26/2016 7:30,7:30,12,0,0,PENA BOULEVARD 4700 BLOCK & GREEN VALLEY RANCH BOULEVARD,1,1,1,7,1,14,,0,40,0,0,0,0,0,4,2,3
,2016_23528,39.783609,-104.7913916,10/9/2016 16:14,16:14,12,0,0,PENA BOULEVARD NORTH & GREEN VALLEY RANCH BOULEVARD EAST,1,1,0,0,1,1,,0,35,0,0,0,0,0,4,2,14
,2016_23529,39.83338151,-104.771988,6/6/2016 21:26,21:26,15,0,0,PENA BOULEVARD 7400 BLOCK & TOWER ROAD NORTH,2,3,0,1,1,4,,0,55,0,0,0,0,0,4,2,8
,2016_23530,39.83338151,-104.771988,12/2/2016 20:18,20:18,15,0,0,PENA BOULEVARD 7100 BLOCK & TOWER ROAD NORTH,1,3,0,7,1,4,,0,65,0,0,0,0,0,4,2,16
,2016_23531,39.83338151,-104.771988,12/16/2016 12:09,12:09,12,0,0,PENA BOULEVARD 7300 BLOCK & TOWER ROAD NORTH,1,1,0,7,1,4,,0,65,0,0,0,0,1,4,2,1
,2016_23532,39.771063,-104.8470435,11/7/2016 12:50,12:50,15,0,0,PEORIA STREET NORTH & 39TH AVENUE EAST,1,1,0,7,1,3,,0,40,0,0,0,0,0,4,2,16
,2016_23533,39.782385,-104.847093,8/19/2016 19:00,19:00,12,0,0,PEORIA STREET NORTH & 47TH AVENUE EAST,2,4,0,1,1,3,,0,45,0,0,0,0,0,4,2,13
,2016_23534,39.76533298,-105.03929,7/22/2016 6:00,6:00,6,0,0,PERRY STREET & 655 SOUTH,1,1,0,0,1,2,,0,25,0,0,0,0,0,4,2,13
,2016_23535,39.750619,-105.0195615,3/13/2016 0:05,0:05,5,0,0,PLATTE RIVER DRIVE & 2800 BLOCK SOUTH,1,3,0,0,3,4,,0,40,0,0,0,0,0,4,1,2
,2016_23536,39.671262,-104.997411,8/8/2016 17:43,17:43,5,0,0,PLATTE RIVER DRIVE SOUTH  & HARVARD AVENUE WEST,14,1,0,0,3,4,,0,30,0,0,0,0,0,4,1,13
,2016_23537,39.756456,-105.0093135,3/5/2016 19:06,19:06,15,0,0,PLATTE STREET & 15TH STREET,1,3,0,7,1,4,,0,30,0,0,0,0,0,4,2,16
,2016_23538,39.77171824,-104.90281,4/23/2016 15:23,15:23,12,0,0,QUEBEC STREET & 1785 NORTH,1,1,0,0,1,4,,0,30,0,0,0,0,0,4,2,3
,2016_23539,39.767382,-104.90346,12/14/2016 12:31,12:31,15,0,0,QUEBEC STREET & 36TH AVENUE,1,1,0,0,1,3,,0,35,0,0,0,0,0,4,2,13
,2016_23540,39.684987,-104.9035905,6/28/2016 12:33,12:33,1,0,0,QUEBEC STREET SOUTH & CHERRY CREEK SOUTH DRIVE EAST,1,1,0,7,1,1,,0,35,0,0,0,0,0,4,2,3
,2016_23542,39.717045,-104.903793,6/24/2016 7:26,7:26,15,0,0,QUEBEC STREET 000 BLOCK NORTH & LOWRY BOULEVARD EAST,1,1,0,7,1,4,,0,35,0,0,0,0,0,4,2,1
,2016_23543,39.638664,-104.89266,8/25/2016 14:54,14:54,1,0,0,QUINCY AVENUE EAST & TAMARAC DRIVE SOUTH,2,1,1,1,1,1,,0,35,0,0,0,0,0,4,2,7
,2016_23544,39.79044255,-104.968863,2/19/2016 15:12,15:12,5,0,0,RACE COURT 5100 BLOCK NORTH & FRANKLIN STREET NORTH,1,1,1,0,1,3,,0,25,0,0,0,0,0,4,1,14
,2016_23545,39.797667,-104.797044,12/27/2016 16:00,16:00,6,0,0,RANDOLPH PLACE & LEWISTON STREET NORTH,1,3,0,0,1,1,,0,25,0,0,0,0,0,4,2,13
,2016_23546,39.702555,-105.0086115,4/17/2016 17:27,17:27,5,0,0,RARITAN STREET SOUTH & OHIO AVENUE WEST,2,1,0,0,3,1,,0,25,0,0,0,0,0,4,1,5
,2016_23547,39.734172,-104.8858425,9/28/2016 19:33,19:33,6,0,0,RICHTHOFEN PLACE 8700 BLOCK EAST & XENIA STREET NORTH,1,3,0,0,1,4,,0,25,0,0,0,0,0,4,2,3
,2016_23548,39.744657,-104.9963625,2/14/2016 16:45,16:45,6,0,0,14TH STREET 800 BLOCK & CHAMPA STREET,1,2,0,0,1,3,,0,30,0,0,0,0,0,4,3,13
,2016_23549,39.741318,-104.9919615,11/29/2016 18:23,18:23,5,0,1,14TH STREET & TREMONT PLACE,1,3,0,0,2,4,,0,30,0,0,0,0,2,4,1,5
,2016_23550,39.74885078,-104.999416,3/19/2016 7:39,7:39,12,0,0,15TH STREET & 900 BLOCK,5,1,0,0,1,4,,0,30,0,0,0,0,0,4,2,1
,2016_23551,39.78129351,-104.978893,7/13/2016 5:17,5:17,6,0,0,WASHINGTON STREET & 1800 BLOCK NORTH,1,2,0,0,1,4,,0,30,0,0,0,0,0,4,2,5
,2016_23552,39.74885078,-104.999416,12/1/2016 13:45,13:45,12,0,0,15TH STREET & 2500 BLOCK,1,1,1,0,1,4,,0,30,0,0,0,0,0,4,2,13
,2016_23553,39.754323,-105.006564,11/4/2016 1:41,1:41,15,0,0,15TH STREET & LITTLE RAVEN STREET,1,3,0,0,1,1,,0,10,0,0,0,0,0,4,2,13
,2016_23554,39.744882,-104.99427,4/8/2016 13:50,13:50,15,0,0,15TH STREET & STOUT STREET,1,1,0,0,1,4,,0,30,0,0,0,0,0,4,2,14
,2016_23555,39.743595,-104.992524,4/18/2016 11:57,11:57,15,0,0,15TH STREET 600 BLOCK & WELTON STREET,1,1,0,0,1,4,,0,30,0,0,0,0,0,4,2,13
,2016_23556,39.743595,-104.992524,12/30/2016 12:20,12:20,15,0,0,15TH STREET & WELTON STREET,1,1,0,0,1,4,,0,30,0,0,0,0,0,4,2,13
,2016_23557,39.747843,-104.995674,11/30/2016 16:30,16:30,5,0,0,16TH STREET 1100 BLOCK & ARAPAHOE STREET,1,1,0,0,3,4,,0,,0,0,0,0,0,4,1,1
,2016_23558,39.744792,-104.989203,3/31/2016 17:23,17:23,15,0,0,17TH STREET 500 BLOCK OF & GLENARM STREET,2,1,0,2,1,4,,0,30,0,0,0,0,0,4,2,14
,2016_23559,39.752397,-104.996745,1/4/2016 18:11,18:11,3,0,0,18TH STREET & BLAKE STREET,1,3,0,0,1,1,,0,30,0,0,0,0,0,4,4,7
,2016_23560,39.761118,-105.008094,4/3/2016 1:49,1:49,3,0,0,18TH STREET & BOULDER STREET,1,3,1,7,1,1,,0,25,0,0,0,0,1,4,2,16
,2016_23561,39.762,-105.009372,3/24/2016 7:48,7:48,14,0,0,18TH STREET & ERIE STREET,5,1,0,2,1,3,,0,35,0,0,0,0,0,4,2,14
,2016_23562,39.751731,-104.9958765,5/22/2016 2:13,2:13,3,0,0,18TH STREET & MARKET STREET,1,3,0,0,1,2,,0,30,0,0,0,0,0,4,2,13
,2016_23564,39.757653,-104.998635,11/3/2016 14:31,14:31,12,0,0,20TH STREET 1900 BLOCK & CHESTNUT PLACE,1,1,1,7,1,4,,0,30,0,0,0,0,1,4,3,1
,2016_23565,39.748185,-104.9864445,2/9/2016 7:24,7:24,15,0,0,20TH STREET & WELTON STREET,1,1,0,7,1,4,,0,30,0,0,0,0,0,4,2,16
,2016_23566,39.743244,-104.978736,10/24/2016 19:00,19:00,6,0,0,WASHINGTON STREET NORTH & 17TH AVENUE EAST,1,3,1,0,1,4,,0,,0,0,0,0,0,4,2,13
,2016_23567,39.75305368,-104.9879372,2/4/2016 6:15,6:15,15,0,0,22ND STREET & 1300 BLOCK,1,1,0,0,1,4,,0,30,0,0,0,0,0,4,2,13
,2016_23568,39.752667,-104.98743,4/30/2016 4:24,4:24,10,0,0,22ND STREET & BROADWAY STREET NORTH,2,3,0,2,1,1,,0,35,0,0,0,0,0,4,2,8
,2016_23569,39.75075,-104.984946,5/15/2016 20:00,20:00,6,0,0,22ND STREET & CALIFORNIA STREET,1,2,0,0,1,4,,0,15,0,0,0,0,0,4,2,14
,2016_23570,39.754512,-104.980113,10/20/2016 8:35,8:35,3,0,0,26TH STREET & CALIFORNIA STREET,1,1,0,0,1,1,,0,30,0,0,0,0,0,4,2,13
,2016_23571,39.758535,-104.9853915,11/25/2016 18:50,18:50,15,0,0,26TH STREET & LARIMER STREET,1,3,0,0,1,4,,0,30,0,0,0,1,1,4,2,13
,2016_23572,39.733668,-104.998698,10/20/2016 20:30,20:30,9,0,1,SANTA FE DRIVE NORTH & 11TH AVENUE WEST,1,3,0,0,1,3,,0,30,0,0,0,1,2,4,1,5
,2016_23573,39.711186,-104.997132,6/4/2016 16:49,16:49,15,0,0,SANTA FE DRIVE SOUTH & ALAMEDA AVENUE WEST,1,1,0,0,1,1,,0,35,0,0,0,0,0,4,2,7
,2016_23574,39.79094944,-104.9851935,2/11/2016 14:59,14:59,6,0,0,SHERMAN STREET & 5201 NORTH,1,1,0,0,1,4,,0,25,0,0,0,0,0,4,2,4
,2016_23575,39.771774,-104.903442,4/30/2016 11:19,11:19,15,0,0,SMITH ROAD EAST & QUEBEC STREET NORTH,2,1,0,2,1,3,,0,30,0,0,0,0,0,4,2,13
,2016_23576,39.725658,-104.9863095,12/3/2016 10:15,10:15,3,0,0,SPEER BOULEVARD & SIXTH AVENUE EAST,1,1,0,0,1,1,,0,35,0,0,0,0,0,4,2,3
,2016_23577,39.728934,-104.9906115,5/9/2016 0:52,0:52,3,0,0,SPEER BOULEVARD NORTH & EIGHTH AVENUE WEST,1,3,0,7,1,1,,0,35,0,0,0,0,0,4,2,8
,2016_23578,39.733623,-104.9941215,5/8/2016 1:50,1:50,15,0,0,SPEER BOULEVARD NORTH & 11TH AVENUE WEST,1,3,0,7,1,4,,0,35,0,0,0,0,0,4,2,16
,2016_23579,39.744468,-105.0000435,2/28/2016 16:56,16:56,12,0,0,SPEER BOULEVARD NORTH & ARAPAHOE STREET,1,1,0,7,1,3,,0,35,0,0,0,0,0,4,2,16
,2016_23580,39.718278,-104.973777,3/9/2016 8:58,8:58,12,0,0,SPEER BOULEVARD EAST & DOWNING STREET NORTH,1,1,0,7,1,1,,0,30,0,0,0,0,0,4,2,14
,2016_23581,39.725649,-104.986314,7/23/2016 13:52,13:52,15,0,0,SPEER BOULEVARD EAST & LINCOLN STREET NORTH,1,1,0,7,1,1,,0,35,0,0,0,0,0,4,2,3
,2016_23582,39.741426,-104.9988915,4/23/2016 23:47,23:47,3,0,0,SPEER BOULEVARD NORTH & STOUT STREET,1,3,0,0,1,3,,0,25,0,0,0,0,0,4,2,13