id,drcog_id,latitude,longitude,crashtime,time,crashtype,numbkilled,numbinjurd,drcoglocat,rdconditin,lightngcon,roadcntgrd,weatherco,location,roaddescrp,schoolzone,constrzone,splimit,bikeinv,pedinv,sctrinv,motoinv,svrty,rdsystem,ttlvehcls,hcf
,2016_23583,39.78875689,-104.9499343,11/25/2016 2:00,2:00,6,0,0,STEELE STREET & 3858 NORTH,1,3,1,0,1,4,,0,10,0,0,0,0,0,4,4,13
,2016_23584,39.717792,-104.9508225,10/8/2016 14:00,14:00,15,0,0,STEELE STREET SOUTH & FIRST AVENUE EAST,1,1,0,0,1,4,,0,30,0,0,0,0,0,4,2,13
,2016_23585,39.741426,-104.9988915,4/28/2016 13:47,13:47,3,0,0,STOUT STREET & SPEER BOULEVARD NORTH,1,1,1,0,1,1,,0,30,0,0,0,0,0,4,4,13
,2016_23586,39.638232,-104.8948605,10/31/2016 13:55,13:55,1,0,0,TAMARAC PARKWAY SOUTH & QUINCY AVENUE EAST,1,1,1,7,1,1,,0,35,0,0,0,0,1,4,2,16
,2016_23587,39.721293,-105.043914,8/8/2016 2:54,2:54,6,0,0,TENNYSON STREET NORTH & THIRD AVENUE WEST,1,3,0,0,1,4,,0,25,0,0,0,0,0,4,2,13
,2016_23588,39.79147847,-104.9545734,11/23/2016 22:35,22:35,6,0,0,THOMPSON COURT & 4400 BLOCK NORTH,1,3,0,0,1,4,,0,25,0,0,0,0,0,4,3,14
,2016_23589,39.783609,-104.772222,11/25/2016 19:04,19:04,12,0,0,TOWER ROAD NORTH & GREEN VALLEY RANCH BOULEVARD EAST,1,3,0,7,1,4,,0,35,0,0,0,0,1,4,2,7
,2016_23590,39.629457,-104.895333,3/17/2016 14:42,14:42,3,0,0,ULSTER STREET SOUTH & UNION AVENUE EAST,1,1,0,0,1,1,,0,35,0,0,0,0,0,4,2,13
,2016_23591,39.72066678,-105.0121053,1/20/2016 7:05,7:05,12,0,0,UMATILLA STREET NORTH & 1200 BLOCK WEST,1,2,0,0,1,2,,0,30,0,0,0,0,0,4,2,14
,2016_23592,39.631833,-105.0390225,2/10/2016 18:16,18:16,3,0,0,UNION AVENUE WEST & NEWTON STREET SOUTH,1,4,0,7,1,1,,0,25,0,0,0,0,0,4,2,16
,2016_23593,39.629457,-104.895333,8/15/2016 9:53,9:53,3,0,0,UNION AVENUE EAST & ULSTER STREET SOUTH,1,1,0,0,1,1,,0,30,0,0,0,0,0,4,2,12
,2016_23594,39.689289,-104.959341,8/1/2016 10:28,10:28,12,0,0,UNIVERSITY BOULEVARD 1500 BLOCK SOUTH & FLORIDA AVENUE EAST,1,1,0,7,1,3,,0,30,0,0,0,0,0,4,2,3
,2016_23595,39.700224,-104.959323,11/12/2016 9:58,9:58,15,0,0,UNIVERSITY BOULEVARD SOUTH & KENTUCKY AVENUE EAST,1,1,0,0,1,4,,0,30,0,0,0,0,0,4,2,3
,2016_23596,39.692952,-104.9593455,1/7/2016 8:45,8:45,5,0,0,UNIVERSITY BOULEVARD 1300 BLOCK SOUTH & LOUISIANA AVENUE EAST,1,1,0,0,3,1,,0,35,0,0,0,0,0,4,1,14
,2016_23597,39.692952,-104.9593455,7/22/2016 16:00,16:00,12,0,1,UNIVERSITY BOULEVARD 1300 BLOCK SOUTH & LOUISIANA AVENUE EAST,1,1,0,7,1,3,,0,30,0,0,0,0,2,4,3,3
,2016_23598,39.702006,-104.959341,6/25/2016 14:15,14:15,12,0,0,UNIVERSITY 800 BLOCK SOUTH & OHIO AVENUE EAST,1,1,0,7,1,4,,0,35,0,0,0,0,0,4,3,12
,2016_23599,39.702006,-104.959341,12/13/2016 16:34,16:34,12,0,0,UNIVERSITY BOULEVARD 800 BLOCK SOUTH & OHIO AVENUE EAST,1,2,0,7,1,3,,0,30,0,0,0,0,1,4,3,3
,2016_23600,39.698388,-104.959332,10/25/2016 15:45,15:45,12,0,0,UNIVERSITY BOULEVARD 1000 BLOCK SOUTH & TENNESSEE AVENUE EAST,1,1,1,7,1,3,,0,30,0,0,0,0,0,4,2,3
,2016_23601,39.673008,-104.9593905,5/20/2016 18:23,18:23,3,0,0,UNIVERSITY BOULEVARD SOUTH & WESLEY AVENUE EAST,1,1,0,7,1,1,,0,25,0,0,0,0,1,4,2,3
,2016_23602,39.72028951,-105.0131703,3/22/2016 17:32,17:32,15,0,0,VALLEJO STREET & 3800 BLOCK NORTH,1,1,1,0,1,4,,0,25,0,0,0,0,0,4,2,13
,2016_23603,39.762162,-105.012621,6/2/2016 23:29,23:29,6,0,0,VALLEJO STREET 3200 BLOCK NORTH & 33RD AVENUE WEST,1,3,0,0,1,4,,0,20,0,0,0,0,0,4,2,13
,2016_23604,39.63510253,-104.8877487,9/12/2016 12:40,12:40,6,0,0,VERBENA STREET NORTH & 1100 BLOCK,1,1,0,0,1,4,,0,25,0,0,0,0,1,4,3,7
,2016_23605,39.707568,-105.006231,5/29/2016 11:53,11:53,6,0,0,VIRGINIA AVENUE WEST & PECOS STREET SOUTH,1,1,1,0,1,4,,0,25,0,0,0,0,0,4,3,13
,2016_23606,39.78129351,-104.978893,8/4/2016 15:08,15:08,12,0,0,WASHINGTON STREET & 800 BLOCK NORTH,1,1,0,0,1,4,,0,35,0,0,0,0,0,4,3,13
,2016_23607,39.778335,-104.9793615,6/7/2016 14:37,14:37,3,0,0,WASHINGTON STREET NORTH & 45TH AVENUE EAST,1,1,1,0,1,1,,0,30,0,0,0,0,0,4,2,13
,2016_23608,39.781854,-104.9786325,4/29/2016 0:26,0:26,5,0,0,WASHINGTON STREET & 47TH AVENUE WEST,2,3,0,1,3,4,,0,35,0,0,0,0,0,4,1,9
,2016_23609,39.720456,-104.9791185,2/9/2016 14:58,14:58,12,0,0,WASHINGTON STREET 200 BLOCK NORTH & SPEER BOULEVARD EAST,1,1,1,7,1,3,,0,30,0,0,0,0,0,4,2,16
,2016_23610,39.74133235,-104.9953824,4/22/2016 14:06,14:06,12,0,0,WELTON STREET & 3000 BLOCK,1,1,0,0,1,4,,0,30,0,0,0,0,0,4,2,13
,2016_23611,39.7435807,-104.9924306,3/11/2016 10:46,10:46,15,0,0,WELTON STREET 1500 BLOCK & 15TH STREET,1,1,0,0,1,5,,0,35,0,0,0,0,0,4,2,13
,2016_23612,39.746367,-104.9888655,11/20/2016 17:30,17:30,15,0,0,WELTON STREET & 18TH STREET,1,3,0,0,1,1,,0,30,0,0,0,0,0,4,2,8
,2016_23613,39.7565174,-104.9974236,7/26/2016 12:15,12:15,6,0,0,WEWATTA STREET & 1700,1,1,0,0,1,4,,0,25,0,0,0,0,0,4,2,13
,2016_23614,39.75579,-104.998761,8/24/2016 15:52,15:52,12,0,0,WEWATTA STREET & 19TH STREET,1,1,0,0,1,1,,0,30,0,0,0,0,0,4,2,3
,2016_23615,39.78228152,-104.9655968,5/5/2016 15:52,15:52,3,0,0,WILLIAMS STREET ALLEY & 4695 NORTH,1,1,0,0,1,5,,0,15,0,0,0,0,0,4,2,14
,2016_23616,39.7314,-105.048342,1/16/2016 4:26,4:26,6,0,0,WOLFF STREET 900 BLOCK NORTH & 10TH AVENUE WEST,1,3,1,7,1,4,,0,30,0,0,0,0,0,4,2,16
,2016_23617,39.778389,-105.0497865,7/24/2016 1:00,1:00,6,0,0,XAVIER STREET NORTH & 45TH AVENUE WEST,1,3,0,0,1,1,,0,25,0,0,0,0,0,4,5,14
,2016_23618,39.667464,-104.931603,5/9/2016 16:05,16:05,1,0,0,YALE AVENUE EAST & DAHLIA STREET SOUTH,1,1,0,0,1,1,,0,30,0,0,0,0,0,4,2,13
,2016_23619,39.667608,-104.9624325,1/8/2016 8:42,8:42,6,0,0,YALE AVENUE EAST & GAYLORD STREET SOUTH,4,1,0,2,1,1,,0,30,0,0,0,0,0,4,2,16
,2016_23620,39.667626,-104.912964,11/5/2016 9:22,9:22,3,0,0,YALE AVENUE EAST & MONACO STREET SOUTH,1,1,0,7,1,1,,0,40,0,0,0,0,0,4,2,16
,2016_23621,39.667581,-104.9593905,2/11/2016 12:33,12:33,12,0,0,YALE AVENUE 2300 BLOCK EAST & UNIVERSITY BOULEVARD SOUTH,1,1,0,7,1,3,,0,30,0,0,0,0,0,4,2,1
,2016_23622,39.738366,-104.9598225,9/3/2016 21:20,21:20,12,0,0,YORK STREET NORTH & 14TH AVENUE EAST,1,3,0,0,1,1,,0,,0,0,0,0,0,4,2,13
,2016_23623,39.760749,-104.959782,1/21/2016 9:15,9:15,3,0,0,YORK STREET NORTH & 31ST AVENUE EAST,1,1,0,7,1,1,,0,30,0,0,0,0,0,4,2,16
,2016_23624,39.782304,-104.958882,8/15/2016 16:32,16:32,12,0,0,YORK STREET 4700 BLOCK NORTH & 48TH AVENUE EAST,1,1,0,7,1,4,,0,30,0,0,0,0,0,4,2,14
,2016_23625,39.633435,-104.8852935,3/11/2016 16:31,16:31,12,0,0,YOSEMITE STREET 4600 BLOCK SOUTH & TUFTS AVENUE EAST,1,1,0,7,1,4,,0,40,0,0,0,0,0,4,2,16
,2016_23626,39.76767,-105.051744,3/29/2016 18:40,18:40,6,0,0,ZENOBIA STREET 3700 BLOCK NORTH & 38TH AVENUE WEST,2,3,0,1,1,4,,0,35,0,0,0,0,0,4,2,13
,2016_23673,39.722544,-104.9558625,10/12/2016 11:20,11:20,6,0,0,FOURTH AVENUE EAST & CLAYTON STREET NORTH,1,1,1,0,1,4,,0,,0,0,0,0,0,4,2,13
,2016_23800,39.757086,-104.996502,8/20/2016 10:23,10:23,5,0,0,WEWATTA STREET & 21ST STREET,1,5,1,0,2,4,,0,25,0,0,0,0,0,4,1,12
,2016_23814,39.685365,-105.0353235,4/19/2016 14:00,14:00,5,0,0,MABRY WAY & MEXICO AVENUE WEST,1,1,1,0,3,4,,0,25,0,0,0,0,0,4,1,14
,2016_23935,39.692043,-104.9769405,10/13/2016 15:20,15:20,15,0,0,I25 & EMERSON STREET SOUTH,1,1,0,0,1,4,,0,50,0,0,0,0,0,1,3,13
,2016_23951,39.69657,-104.9547488,4/25/2016 12:07,12:07,6,0,0,MISSISSIPPI AVENUE & 1000 BLOCK WEST,1,1,0,0,2,3,,0,35,0,0,0,0,0,4,2,13
,2016_24091,39.743226,-104.9734125,10/27/2016 6:30,6:30,5,0,0,17TH AVENUE 1035 EAST & DOWNING STREET NORTH,1,3,0,0,3,4,,0,30,0,0,0,0,0,4,1,8
,2016_24116,39.74001,-104.99202,11/17/2016 13:41,13:41,6,0,0,33RD AVENUE & 1300 BLOCK EAST,2,1,0,2,1,4,,0,25,0,0,0,0,0,4,4,7
,2016_24140,39.781926,-104.963454,9/17/2016 22:35,22:35,6,0,0,47TH AVENUE EAST & RACE STREET NORTH,1,3,0,0,1,4,,0,,0,0,0,0,0,4,3,13
,2016_24337,39.696633,-104.9140845,9/25/2016 0:00,0:00,6,0,0,MISSISSIPPI AVENUE 6390 EAST & LOCUST STREET SOUTH,1,3,0,0,1,4,,0,25,0,0,0,0,0,4,4,5
,2016_24359,39.754827,-105.025284,1/11/2016 12:05,12:05,3,0,0,26TH AVENUE WEST & HIGHWAY 287C / FEDERAL BOULEVARD NORTH,1,1,1,0,1,2,,0,25,0,0,0,0,0,4,2,13
,2016_24360,39.675285,-105.0278625,1/11/2016 15:45,15:45,3,0,0,ILIFF AVENUE WEST & HAZEL WAY SOUTH,1,1,0,0,1,3,,0,30,0,0,0,0,0,4,2,7
,2016_24362,39.72587237,-105.002834,1/11/2016 16:31,16:31,12,0,0,SIXTH AVENUE  & MARIPOSA STREET NORTH,1,2,1,0,1,4,,0,35,0,0,0,0,0,4,3,12
,2016_24363,39.765636,-105.006474,4/16/2016 10:10,10:10,3,0,0,35TH AVENUE WEST & PECOS STREET NORTH,2,1,0,2,1,1,,0,25,0,0,0,0,0,4,2,13
,2016_24364,39.632391,-105.0347745,8/9/2016 6:30,6:30,6,0,0,LOWELL BOULEVARD SOUTH & UNION AVENUE WEST,1,1,0,0,1,3,,0,35,0,0,0,0,0,4,3,7
,2016_24365,39.79069248,-104.9534325,8/19/2016 18:38,18:38,3,0,0,FILLMORE STREET & 1600 BLOCK NORTH,2,2,0,1,1,2,,0,25,0,0,0,0,0,4,2,14
,2016_24366,39.74796,-104.9885415,8/23/2016 8:06,8:06,15,0,0,CALIFORNIA STREET & 19TH STREET,1,1,0,0,1,4,,0,30,0,0,0,0,0,4,2,13
,2016_24367,39.743235,-104.965992,7/20/2016 0:11,0:11,6,0,0,17TH AVENUE EAST & WILLIAMS STREET NORTH,1,3,0,0,1,4,,0,30,0,0,0,0,0,4,2,3
,2016_24368,39.725658,-104.9863095,8/23/2016 9:26,9:26,12,0,0,SPEER BOULEVARD EAST & SIXTH AVENUE EAST,1,1,0,0,1,4,,0,35,0,0,0,0,1,4,2,1
,2016_24369,39.768147,-104.972121,8/25/2016 17:10,17:10,3,0,0,MARION STREET NORTH & 37TH AVENUE EAST,1,1,0,0,1,1,,0,25,0,0,0,0,0,4,2,1
,2016_24370,39.689325,-104.930532,8/26/2016 8:48,8:48,12,0,0,FLORIDA AVENUE & EUDORA STREET SOUTH,1,1,0,0,1,4,,0,5,0,0,0,0,0,4,2,2
,2016_24371,39.71835,-104.962041,8/26/2016 16:50,16:50,12,0,0,FIRST AVENUE & VINE STREET NORTH,14,1,0,0,1,4,,0,30,0,0,0,0,0,4,3,14
,2016_24372,39.798297,-104.7999735,8/27/2016 23:55,23:55,9,0,0,56TH AVENUE EAST & LAREDO STREET NORTH,1,3,0,0,1,4,,0,,0,0,0,0,0,4,2,13
,2016_24373,39.74076,-104.956713,8/28/2016 13:10,13:10,3,0,0,ELIZABETH STREET / COLUMBINE ALLEY & 11TH AVENUE EAST,1,1,0,0,1,5,,0,25,0,0,0,0,0,4,2,13
,2016_24374,39.682215,-105.0320835,8/29/2016 15:37,15:37,12,0,0,JEWELL AVENUE WEST & KNOX COURT SOUTH,1,1,0,0,1,4,,0,25,0,0,0,1,0,4,2,6
,2016_24375,39.683961,-104.987565,9/16/2016 20:48,20:48,1,0,0,BROADWAY SOUTH & COLORADO AVENUE WEST,1,3,0,0,1,1,,0,30,0,0,0,0,0,4,2,1
,2016_24376,39.684987,-104.9035905,8/31/2016 7:31,7:31,12,0,0,QUEBEC STREET & CHERRY CREEK DRIVE SOUTH,1,1,0,0,1,3,,0,35,0,0,0,0,1,4,3,4
,2016_24377,39.667563,-104.940711,8/31/2016 11:14,11:14,12,0,0,YALE AVENUE & COLORADO BOULEVARD SOUTH,1,1,0,0,1,2,,0,,0,0,0,0,0,4,2,13
,2016_24378,39.7475865,-104.9778788,8/31/2016 14:54,14:54,12,0,0,NINTH AVENUE & WASHINGTON / CLARKSON ALLEY,1,1,0,0,1,5,,0,25,0,0,0,0,0,4,2,13
,2016_24379,39.72906,-104.977584,9/2/2016 19:04,19:04,3,0,1,EIGHTH AVENUE EAST & CLARKSON STREET NORTH,1,1,0,0,1,1,,0,30,0,0,0,0,2,4,2,13
,2016_24381,39.743208,-104.969673,9/4/2016 10:33,10:33,12,0,0,17TH AVENUE & HUMBOLDT STREET NORTH,1,1,0,0,1,4,,0,30,0,0,0,0,0,4,2,7
,2016_24382,39.75741,-105.0105015,9/7/2016 18:52,18:52,10,0,0,15TH STREET & CENTRAL STREET,1,2,1,0,1,1,,0,25,0,0,0,0,0,4,2,13
,2016_24383,39.74893775,-104.9994373,10/24/2016 15:45,15:45,15,0,1,MARKET STREET 1500 BLOCK & 15TH STREET,1,1,0,7,1,4,,0,25,0,0,0,0,2,4,2,16
,2016_24384,39.783609,-104.7913916,9/9/2016 7:55,7:55,1,0,0,GREEN VALLEY RANCH BOULEVARD EAST & PENA BOULEVARD SOUTHBOUND RAMPS,1,1,3,0,1,1,,0,45,0,0,0,0,0,4,2,13
,2016_24385,39.682116,-104.987583,9/9/2016 9:19,9:19,3,0,0,JEWELL AVENUE EAST & BROADWAY SOUTH,1,1,0,0,1,1,,0,25,0,0,0,0,0,4,2,13
,2016_24386,39.744837,-104.974803,9/10/2016 14:12,14:12,1,0,0,PARK AVENUE WEST & OGDEN STREET NORTH,1,1,0,0,1,1,,0,,0,0,0,0,0,4,2,13
,2016_24387,39.678363,-104.959404,9/16/2016 12:03,12:03,12,0,0,EVANS AVENUE EAST & UNIVERSITY BOULEVARD SOUTH,1,1,0,0,1,3,,0,35,0,0,0,0,1,4,2,12
,2016_24388,39.78740365,-105.0051105,9/16/2016 12:35,12:35,6,0,0,OSAGE STREET & 3500 BLOCK NORTH,1,1,1,0,1,4,,0,25,0,0,0,0,0,4,2,13
,2016_24389,39.675411,-105.057243,9/16/2016 16:45,16:45,6,0,0,DEPEW STREET SOUTH & WARREN AVENUE WEST,1,1,0,0,1,4,,0,25,0,0,0,0,0,4,2,7
,2016_24390,39.696624,-104.9874525,9/19/2016 12:41,12:41,15,0,0,BROADWAY STREET & MISSISSIPPI AVENUE WEST,1,1,0,0,1,4,,0,30,0,0,0,0,0,4,2,13
,2016_24391,39.741588,-104.9610105,9/22/2016 17:47,17:47,3,0,0,16TH AVENUE EAST & GAYLORD STREET NORTH,1,1,0,0,1,1,,0,25,0,0,0,0,0,4,3,13
,2016_24392,39.79800079,-104.8096024,9/26/2016 16:49,16:49,3,0,0,CHAMBERS ROAD 5100 BLOCK NORTH & GREEN VALLEY RAN EAST,1,1,0,0,1,1,,0,40,0,0,0,0,0,4,2,7
,2016_24393,39.710214,-105.003882,9/26/2016 17:16,17:16,12,0,0,NAVAJO STREET SOUTH & NEVADA AVENUE WEST,1,1,0,0,1,3,,0,25,0,0,0,0,1,4,2,1
,2016_24394,39.798162,-104.84235,9/28/2016 7:50,7:50,12,0,0,56TH AVENUE EAST & REVERE STREET NORTH,1,1,0,0,1,4,,0,40,0,0,0,0,1,4,2,13
,2016_24395,39.702033,-104.976936,9/29/2016 12:05,12:05,3,0,0,OHIO AVENUE EAST & EMERSON STREET SOUTH,1,1,1,0,1,1,,0,25,0,0,0,0,0,4,2,8
,2016_24396,39.74752187,-104.9872997,9/30/2016 8:20,8:20,15,0,0,20TH AVENUE EAST & BROADWAY NORTH,1,1,0,0,1,1,,0,25,0,0,0,0,0,4,2,13
,2016_24397,39.679182,-105.0383205,10/3/2016 16:00,16:00,12,0,0,EVANS AVENUE & PATTON COURT SOUTH,1,1,0,0,1,3,,0,30,0,0,0,0,1,4,2,4
,2016_24398,39.680226,-104.959404,10/5/2016 7:10,7:10,12,0,0,UNIVERSITY BOULEVARD & ASBURY AVENUE EAST,1,1,0,0,1,4,,0,35,0,0,0,0,1,4,2,3
,2016_24399,39.754854,-105.034626,10/5/2016 17:20,17:20,12,0,0,26TH AVENUE WEST & LOWELL BOULEVARD NORTH,1,1,0,0,1,1,,0,25,0,0,0,0,0,4,2,14
,2016_24400,39.693015,-104.9886315,10/6/2016 6:08,6:08,6,0,0,ACOMA STREET & LOUISIANA AVENUE WEST APPROXIMATELY,2,3,0,1,1,4,,0,25,0,0,0,0,0,4,2,13
,2016_24401,39.744666,-104.927454,10/6/2016 15:06,15:06,15,0,0,18TH AVENUE EAST & FOREST STREET NORTH,1,1,0,0,1,4,,0,25,0,0,0,0,0,4,2,13
,2016_24402,39.751209,-105.025284,10/9/2016 17:59,17:59,6,0,0,FEDERAL BOULEVARD & 23RD AVENUE,1,1,0,0,1,1,,0,30,0,0,0,0,0,4,2,13
,2016_24403,39.748446,-105.0033735,10/10/2016 13:00,13:00,15,0,0,SPEER BOULEVARD & AURARIA PARKWAY,1,1,1,0,1,4,,0,35,0,0,0,0,0,4,2,13
,2016_24404,39.74001,-104.99202,6/29/2016 12:30,12:30,12,0,0,FIRST AVENUE & 3100 BLOCK EAST,1,1,0,0,1,3,,0,30,0,0,0,0,0,4,2,1
,2016_24405,39.718197,-104.9558355,4/8/2016 10:09,10:09,15,0,0,FIRST AVENUE 2600 BLOCK EAST & CLAYTON LANE NORTH,1,1,0,0,1,3,,0,30,0,0,0,0,0,4,2,1
,2016_24406,39.718332,-104.9591025,4/1/2016 11:09,11:09,15,0,0,FIRST AVENUE 2300 BLOCK EAST & JOSEPHINE STREET NORTH,1,1,0,0,1,3,,0,30,0,0,0,0,1,4,2,13
,2016_24407,39.71835,-104.912784,11/29/2016 15:47,15:47,15,0,0,FIRST AVENUE EAST & MONACO STREET NORTH,1,1,0,0,1,1,,0,30,0,0,0,0,0,4,2,8
,2016_24408,39.718305,-104.979114,10/10/2016 17:30,17:30,6,0,0,FIRST AVENUE EAST & WASHINGTON STREET NORTH,1,1,0,0,1,4,,0,30,0,0,0,0,0,4,2,13
,2016_24409,39.719394,-104.928102,5/11/2016 7:44,7:44,3,0,0,SECOND AVENUE EAST & FAIRFAX STREET NORTH,1,1,0,7,1,1,,0,25,0,0,0,0,0,4,2,16
,2016_24410,39.722184,-105.0497325,9/2/2016 22:40,22:40,15,0,0,FOURTH AVENUE WEST & XAVIER STREET NORTH,1,3,0,0,1,4,,0,25,0,0,0,0,0,4,2,1
,2016_24411,39.72411,-104.9985945,4/26/2016 16:45,16:45,3,0,0,FIFTH AVENUE WEST & SANTA FE DRIVE NORTH,2,1,0,7,1,1,,0,35,0,0,0,0,0,4,2,8
,2016_24412,39.725667,-104.99283,5/13/2016 10:24,10:24,15,0,0,SIXTH AVENUE EAST & DELAWARE STREET NORTH,1,1,0,7,1,1,,0,35,0,0,0,0,1,4,2,16
,2016_24413,39.72627,-105.0002055,11/18/2016 6:40,6:40,12,0,0,SIXTH AVENUE 1000 BLOCK WEST & KALAMATH STREET NORTH,5,1,0,7,1,4,,0,35,0,0,0,0,0,4,3,16
,2016_24414,39.727287,-104.983596,5/7/2016 7:55,7:55,3,0,0,SEVENTH AVENUE EAST & GRANT STREET NORTH,1,1,1,7,1,1,,0,30,0,0,0,0,0,4,2,16
,2016_24415,39.714714,-104.982723,1/21/2016 4:40,4:40,6,0,0,BAYAUD AVENUE EAST & LOGAN STREET SOUTH,1,3,0,0,1,4,,0,25,0,0,0,0,0,4,2,1
,2016_24416,39.727314,-105.0002235,3/11/2016 16:42,16:42,15,0,0,SEVENTH AVENUE WEST & KALAMATH STREET NORTH,1,1,0,0,1,1,,0,25,0,0,0,0,0,4,2,13
,2016_24417,39.729321,-105.019803,2/3/2016 14:25,14:25,3,0,0,EIGHTH AVENUE WEST & CANOSA COURT NORTH,1,1,1,0,1,1,,0,30,0,0,0,0,0,4,2,4
,2016_24418,39.729078,-104.983614,4/8/2016 17:23,17:23,12,0,0,EIGHTH AVENUE EAST & GRANT STREET NORTH,1,1,1,7,1,1,,0,35,0,0,0,0,0,4,2,16
,2016_24419,39.729231,-104.922801,3/24/2016 17:28,17:28,12,0,0,EIGHTH AVENUE EAST & HOLLY STREET NORTH,1,1,0,7,1,1,,0,30,0,0,0,0,0,4,2,1
,2016_24420,39.728943,-105.000183,12/16/2016 12:57,12:57,3,0,0,EIGHTH AVENUE WEST & KALAMATH STREET NORTH,1,1,1,7,1,1,,0,30,0,0,0,0,1,4,2,16
,2016_24421,39.729087,-104.986152,1/30/2016 13:33,13:33,3,0,0,EIGHTH AVENUE EAST & LINCOLN T NORTH,1,1,1,0,1,1,,0,35,0,0,0,0,0,4,2,14
,2016_24422,39.738456,-104.995314,4/7/2016 10:55,10:55,3,0,0,14TH AVENUE WEST & FOX STREET NORTH,1,1,0,0,1,1,,0,30,0,0,0,0,0,4,2,13
,2016_24423,39.72906,-104.978754,6/22/2016 1:35,1:35,3,0,3,EIGHTH AVENUE EAST & WASHINGTON STREET NORTH,1,3,0,7,1,1,,0,25,0,0,0,0,2,4,2,5
,2016_24424,39.743937,-105.0345945,11/6/2016 4:22,4:22,6,0,0,17TH AVENUE WEST & LOWELL BOULEVARD NORTH,1,3,0,0,1,4,,0,25,0,0,0,0,0,4,2,13
,2016_24425,39.730428,-104.9787405,12/7/2016 9:43,9:43,3,0,0,NINTH AVENUE 700 BLOCK EAST & WASHINGTON STREET NORTH,4,1,1,2,1,5,,0,30,0,0,0,0,0,4,2,7
,2016_24426,39.732012,-104.9776155,11/4/2016 17:21,17:21,3,0,0,10TH AVENUE EAST & CLARKSON STREET NORTH,1,1,0,7,1,1,,0,30,0,0,0,0,1,4,3,16
,2016_24427,39.733866,-105.0213035,6/24/2016 13:35,13:35,12,0,0,11TH AVENUE WEST & 100 BLOCK,1,1,0,0,1,4,,0,30,0,0,0,0,0,4,2,13
,2016_24428,39.732867,-104.905791,12/2/2016 19:33,19:33,3,0,0,11TH AVENUE EAST & PONTIAC STREET NORTH,1,4,0,7,1,1,,0,25,0,0,0,0,0,4,2,3
,2016_24429,39.743478,-104.9128155,12/17/2016 12:44,12:44,3,0,0,17TH AVENUE EAST & MONACO PARKWAY,4,1,0,7,1,1,,0,35,0,0,0,0,1,4,2,16
,2016_24430,39.733443,-104.959845,5/4/2016 12:30,12:30,12,0,0,11TH AVENUE EAST & YORK STREET NORTH,1,1,0,7,1,4,,0,25,0,0,0,0,0,4,3,16
,2016_24431,39.735243,-104.98617,5/10/2016 13:20,13:20,3,0,0,12TH AVENUE & LINCOLN STREET NORTH,1,1,0,0,1,2,,0,15,0,0,0,0,0,4,2,13
,2016_24432,39.736845,-104.9730435,5/25/2016 12:35,12:35,3,0,2,13TH AVENUE EAST & DOWNING STREET NORTH,1,1,0,7,1,1,,0,30,0,0,0,0,2,4,2,16
,2016_24433,39.736863,-104.976432,2/2/2016 0:15,0:15,12,0,0,13TH AVENUE EAST & EMERSON NORTH,4,3,0,2,1,1,,0,25,0,0,0,0,0,4,2,16
,2016_24434,39.798396,-104.7873105,6/27/2016 3:45,3:45,5,0,0,PENA BOULEVARD 5300 BLOCK & 56TH AVENUE,1,3,0,7,2,4,,0,65,0,0,0,0,0,4,1,16
,2016_24435,39.736845,-104.98617,10/19/2016 16:25,16:25,12,0,0,13TH AVENUE 000 BLOCK EAST & LINCOLN STREET NORTH,1,1,0,7,1,4,,0,30,0,0,0,1,0,4,2,7
,2016_24436,39.702132,-105.034455,11/18/2016 7:30,7:30,3,0,0,OHIO AVENUE & LOWELL BOULEVARD,1,1,0,0,1,1,,0,25,0,0,0,0,0,4,2,13
,2016_24437,39.738393,-104.9684445,7/9/2016 9:37,9:37,10,0,0,14TH AVENUE EAST & FRANKLIN STREET,1,1,0,0,1,1,,0,30,0,0,0,0,0,4,3,8
,2016_24438,39.738375,-104.964741,3/19/2016 8:35,8:35,3,0,0,14TH AVENUE EAST & HIGH STREET,4,1,0,2,1,1,,0,25,0,0,0,0,0,4,3,13
,2016_24439,39.73869,-104.9034645,6/21/2016 17:30,17:30,12,0,0,14TH AVENUE EAST & QUEBEC STREET NORTH,1,1,1,7,1,3,,0,30,0,0,0,0,0,4,3,7
,2016_24440,39.743226,-104.9721525,10/17/2016 14:15,14:15,15,0,0,17TH AVENUE EAST & MARION STREET NORTH,1,1,0,0,1,1,,0,30,0,0,0,0,0,4,2,13
,2016_24441,39.743955,-105.0451605,6/4/2016 8:33,8:33,3,0,0,17TH AVENUE WEST & UTICA STREET NORTH,1,1,0,7,1,1,,0,30,0,0,0,0,1,4,2,7
,2016_24442,39.744819,-104.968422,6/18/2016 9:59,9:59,10,0,0,18TH AVENUE EAST & FRANKLIN STREET NORTH,1,1,0,0,1,1,,0,30,0,0,0,0,0,4,2,13
,2016_24443,39.74481,-104.9610015,11/19/2016 10:23,10:23,15,0,0,18TH AVENUE 2200 BLOCK EAST & GAYLORD STREET NORTH,1,1,0,7,1,3,,0,35,0,0,0,0,0,4,2,14
,2016_24444,39.74481,-104.9835735,2/19/2016 16:17,16:17,12,0,0,18TH AVENUE 200 BLOCK EAST & GRANT STREET NORTH,1,1,0,0,1,4,,0,,0,0,0,0,0,4,2,13