id,drcog_id,latitude,longitude,crashtime,time,crashtype,numbkilled,numbinjurd,drcoglocat,rdconditin,lightngcon,roadcntgrd,weatherco,location,roaddescrp,schoolzone,constrzone,splimit,bikeinv,pedinv,sctrinv,motoinv,svrty,rdsystem,ttlvehcls,hcf
,2016_24445,39.744801,-104.9861205,8/5/2016 11:25,11:25,3,0,0,18TH AVENUE EAST & LINCOLN STREET NORTH,1,1,0,7,1,1,,0,30,0,0,0,0,0,4,2,16
,2016_24446,39.746187,-104.9861025,1/26/2016 15:30,15:30,3,0,0,19TH AVENUE EAST & LINCOLN STREET NORTH,1,1,1,7,1,1,,0,25,0,0,0,0,0,4,2,3
,2016_24447,39.747528,-104.978304,6/2/2016 16:37,16:37,15,0,0,20TH AVENUE EAST & PARK AVENUE WEST,1,1,0,7,1,1,,0,30,0,0,0,0,1,4,2,16
,2016_24448,39.751029,-104.938344,6/30/2016 17:36,17:36,3,0,1,23RD AVENUE EAST & ASH STREET NORTH,1,1,0,7,1,1,,0,25,0,0,0,1,2,4,2,8
,2016_24449,39.751029,-104.937237,4/2/2016 13:19,13:19,10,0,0,23RD AVENUE & BELLAIRE STREET NORTH,1,1,0,0,1,1,,0,25,0,0,0,0,0,4,2,1
,2016_24450,39.754665,-104.938335,7/12/2016 14:55,14:55,12,0,0,26TH AVENUE EAST & ASH STREET NORTH,1,1,0,7,1,1,,0,25,0,0,0,0,1,4,2,3
,2016_24451,39.754476,-104.967153,5/24/2016 15:42,15:42,1,0,0,26TH AVENUE EAST & GILPIN STREET NORTH,1,1,0,0,1,1,,0,30,0,0,0,0,1,4,2,13
,2016_24452,39.75444,-104.9499135,2/1/2016 17:55,17:55,14,0,0,26TH AVENUE EAST & STEELE STREET NORTH,5,3,0,2,1,1,,0,30,0,0,0,0,0,4,2,14
,2016_24453,39.754854,-105.048756,7/30/2016 21:00,21:00,6,0,0,26TH AVENUE WEST & WOLFF STREET NORTH,1,3,0,0,1,1,,0,30,0,0,0,0,0,4,2,8
,2016_24454,39.755709,-104.9548725,6/5/2016 23:31,23:31,6,0,0,27TH AVENUE EAST & CLAYTON STREET NORTH,1,3,0,0,1,4,,0,30,0,0,0,0,0,4,2,5
,2016_24455,39.755718,-104.9727555,11/22/2016 21:18,21:18,1,0,0,27TH AVENUE EAST & DOWNING STREET NORTH,1,3,0,7,1,1,,0,30,0,0,0,0,1,4,2,16
,2016_24456,39.760749,-104.959782,12/11/2016 16:19,16:19,3,0,0,31ST AVENUE EAST & YORK STREET NORTH,1,1,0,7,1,1,,0,30,0,0,0,0,0,4,2,16
,2016_24457,39.763782,-104.925771,7/6/2016 8:10,8:10,15,0,0,33RD AVENUE EAST & GLENCOE STREET NORTH,1,1,0,0,1,4,,0,20,0,0,0,0,0,4,2,7
,2016_24458,39.763242,-105.006474,5/14/2016 1:24,1:24,6,0,0,33RD AVENUE WEST & PECOS STREET NORTH,1,3,1,0,2,4,,0,25,0,0,0,0,0,4,2,5
,2016_24459,39.763827,-104.903451,8/10/2016 13:51,13:51,3,0,0,33RD AVENUE EAST & QUEBEC STREET NORTH,1,1,0,7,1,1,,0,25,0,0,0,0,0,4,2,16
,2016_24460,39.763224,-105.015861,1/29/2016 23:35,23:35,6,0,0,33RD AVENUE WEST & ZUNI STREET NORTH,1,3,0,0,1,4,,0,25,0,0,0,0,0,4,2,14
,2016_24461,39.76733118,-104.8896186,11/4/2016 2:53,2:53,12,0,0,36TH AVENUE & 7600 EAST,1,3,0,0,1,1,,0,35,0,0,0,0,0,4,2,13
,2016_24462,39.767256,-104.8375935,6/16/2016 3:34,3:34,6,0,0,37TH AVENUE EAST & TROY STREET NORTH,1,4,0,0,1,4,,0,35,0,0,0,0,1,4,2,5
,2016_24463,39.74001,-104.99202,8/16/2016 7:00,7:00,15,0,0,38TH AVENUE & 2900 BLOCK WEST,1,1,0,0,1,3,,0,35,0,0,0,0,0,4,2,13
,2016_24464,39.769218,-104.9293215,8/2/2016 7:24,7:24,3,0,0,38TH AVENUE EAST & ELM STREET NORTH,1,1,0,7,1,1,,0,25,0,0,0,0,0,4,2,16
,2016_24465,39.769272,-104.9127165,9/18/2016 7:40,7:40,3,0,0,38TH AVENUE EAST & MONACO STREET NORTH,1,1,0,0,1,1,,0,30,0,0,0,0,0,4,2,13
,2016_24466,39.769272,-105.0111945,4/25/2016 19:30,19:30,12,0,0,38TH AVENUE WEST & TEJON STREET NORTH,2,2,0,1,1,1,,0,35,0,0,0,0,0,4,2,16
,2016_24467,39.770496,-105.0017715,4/1/2016 17:40,17:40,6,0,0,39TH AVENUE WEST & LIPAN STREET NORTH,1,1,0,0,1,1,,0,25,0,0,0,0,0,4,2,13
,2016_24468,39.74001,-104.99202,11/16/2016 15:24,15:24,6,0,0,41ST AVENUE & 2900 BLOCK WEST,1,1,1,0,1,4,,0,25,0,0,0,0,0,4,4,10
,2016_24469,39.77545158,-104.9929042,1/18/2016 19:52,19:52,6,0,0,43RD AVENUE WEST & 1347,1,2,0,0,1,4,,0,25,0,0,0,0,0,4,2,3
,2016_24470,39.782385,-104.847093,9/6/2016 6:10,6:10,1,0,0,47TH AVENUE EAST & PEORIA STREET NORTH,1,3,0,0,1,1,,0,40,0,0,0,0,0,4,2,13
,2016_24471,39.781854,-104.9786325,3/20/2016 14:56,14:56,12,0,0,47TH AVENUE EAST & WASHINGTON STREET,1,5,0,1,1,1,,0,35,0,0,0,0,1,4,2,14
,2016_24472,39.791025,-105.00642,2/26/2016 8:33,8:33,3,0,0,52ND AVENUE WEST & PECOS STREET NORTH,1,1,0,7,1,1,,0,35,0,0,0,0,0,4,2,3
,2016_24473,39.79026,-104.8097835,5/20/2016 10:05,10:05,12,0,0,53RD AVENUE EAST & CHAMBERS ROAD NORTH,1,1,0,7,1,4,,0,30,0,0,0,0,0,4,2,16
,2016_24474,39.74001,-104.99202,5/27/2016 7:10,7:10,15,0,0,54TH AVENUE 9500 BLOCK EAST & DALLAS STREET NORTH,1,1,0,7,1,4,,0,45,0,0,0,0,0,4,2,16
,2016_24475,39.798396,-104.786415,5/9/2016 8:21,8:21,12,0,0,56TH AVENUE EAST & PENA BOULEVARD,1,1,0,7,1,4,,0,30,0,0,0,0,0,4,2,16
,2016_24476,39.798234,-104.7721815,2/25/2016 15:25,15:25,12,0,0,56TH AVENUE 17700 BLOCK EAST & TOWER ROAD NORTH,1,1,1,7,1,4,,1,30,0,0,0,0,1,4,2,7
,2016_24477,39.83797287,-104.7013859,10/15/2016 20:53,20:53,3,0,0,78TH AVENUE & 23842 WEST,1,3,0,0,1,2,,0,20,0,0,0,0,0,4,2,8
,2016_24478,39.837969,-104.6928825,2/17/2016 22:45,22:45,12,0,0,78TH AVENUE 26296 EAST & JACKSON GAP,1,3,1,7,1,4,,0,35,0,0,0,0,0,4,2,16
,2016_24479,39.73869,-104.895234,5/9/2016 19:00,19:00,5,0,0,14TH AVENUE EAST & TAMARAC STREET NORTH,1,1,0,0,2,4,,0,30,0,0,0,0,0,4,2,1
,2016_24480,39.76078084,-105.0179019,8/27/2016 8:30,8:30,6,0,0,CAITHNESS PLACE & 2603 WEST,1,1,0,0,1,4,,0,20,0,0,0,0,0,4,2,13
,2016_24481,39.711141,-104.987592,2/3/2016 22:58,22:58,1,0,0,ALAMEDA AVENUE EAST & BROADWAY STREET SOUTH,6,3,0,7,1,1,,0,30,0,0,0,0,0,4,2,16
,2016_24482,39.711186,-104.9482305,5/26/2016 15:44,15:44,12,0,0,ALAMEDA AVENUE EAST & CHERRY CREEK SOUTH DRIVE EAST,1,1,0,7,1,3,,0,30,0,0,0,0,0,4,2,3
,2016_24483,39.711105,-104.97807,12/4/2016 11:56,11:56,3,0,0,ALAMEDA AVENUE EAST & CLARKSON STREET SOUTH,1,1,1,0,1,1,,0,30,0,0,0,0,0,4,2,13
,2016_24484,39.71475,-104.987538,2/5/2016 10:53,10:53,1,0,0,BAYAUD AVENUE EAST & BROADWAY STREET SOUTH,1,1,0,7,1,1,,0,25,0,0,0,0,0,4,2,8
,2016_24485,39.709026,-104.875443,10/20/2016 18:38,18:38,1,0,0,ALAMEDA AVENUE EAST & DAYTON STREET SOUTH,1,3,0,7,1,1,,0,40,0,0,0,0,0,4,3,16
,2016_24486,39.711186,-104.892912,11/21/2016 16:13,16:13,12,0,0,ALAMEDA AVENUE EAST & FAIRMOUNT DRIVE EAST,1,1,0,7,1,4,,0,65,0,0,0,0,0,4,2,1
,2016_24487,39.711366,-104.9199525,12/19/2016 7:45,7:45,5,0,0,ALAMEDA AVENUE EAST & JERSEY STREET SOUTH,4,2,0,7,3,4,,0,35,0,0,0,0,0,4,1,16
,2016_24488,39.711204,-105.032745,8/26/2016 15:45,15:45,12,0,0,ALAMEDA AVENUE WEST & KNOX COURT SOUTH,1,1,0,0,1,1,,0,35,0,0,0,0,0,4,2,13
,2016_24489,39.711366,-104.912964,3/19/2016 10:05,10:05,1,0,0,ALAMEDA AVENUE EAST & MONACO PARKWAY SOUTH,2,1,0,7,1,1,,0,30,0,0,0,0,1,4,2,16
,2016_24490,39.711204,-104.9222835,10/27/2016 6:33,6:33,1,0,0,ALAMEDA AVENUE EAST & HOLLY STREET SOUTH,1,3,0,7,1,1,,0,35,0,0,0,0,0,4,2,16
,2016_24491,39.77872179,-104.8341789,6/11/2016 4:30,4:30,6,0,0,ANAHEIM COURT & 4672 NORTH,1,3,0,0,1,4,,0,25,0,0,0,0,0,4,3,13
,2016_24492,39.74876914,-104.9943865,5/14/2016 1:26,1:26,6,0,0,ARAPAHOE STREET 1700 BLOCK & 17TH STREET,1,3,0,0,2,4,,0,35,0,0,0,0,0,4,2,13
,2016_24493,39.74001,-104.99202,5/1/2016 15:40,15:40,3,0,0,ASBURY AVENUE & ALLEY 2300 BLOCK EAST,1,1,0,0,1,5,,0,30,0,0,0,0,0,4,2,13
,2016_24494,39.680388,-104.9286825,2/19/2016 20:00,20:00,6,0,0,ASBURY AVENUE 5130 EAST & FAIRFAX STREET SOUTH,1,3,0,0,1,4,,0,30,0,0,0,0,0,4,2,2
,2016_24495,39.737934,-105.0298335,1/8/2016 8:02,8:02,6,0,0,AVONDALE DRIVE WEST & HOWARD PLACE,5,1,0,2,1,4,,0,35,0,0,0,0,0,4,2,14
,2016_24496,39.79099042,-104.9891094,2/15/2016 9:20,9:20,15,0,0,BANNOCK STREET & 900 BLOCK,1,1,0,0,1,4,,0,25,0,0,0,0,0,4,2,13
,2016_24497,39.720915,-104.9908455,3/30/2016 0:26,0:26,6,0,0,BANNOCK STREET NORTH & THIRD AVENUE WEST,1,3,0,0,1,1,,0,25,0,0,0,0,0,4,2,13
,2016_24498,39.709332,-104.990004,5/25/2016 12:16,12:16,3,0,0,BANNOCK STREET SOUTH & DAKOTA AVENUE WEST,1,1,0,0,1,1,,0,15,0,0,0,0,0,4,2,1
,2016_24499,39.676617,-104.9363235,2/17/2016 14:36,14:36,3,0,0,BIRCH STREET SOUTH & WARREN AVENUE EAST,1,1,1,7,1,1,,0,25,0,0,0,0,0,4,2,4
,2016_24500,39.780216,-104.7646935,8/21/2016 16:30,16:30,6,0,0,BISCAY STREET & 46TH AVENUE EAST,1,1,0,0,1,4,,0,25,0,0,0,0,0,4,2,3
,2016_24501,39.75130672,-104.9981625,10/9/2016 21:30,21:30,6,0,0,BLAKE STREET & 1900 BLOCK,1,3,0,0,1,4,,0,20,0,0,0,0,0,4,2,13
,2016_24502,39.748932,-105.001254,7/30/2016 2:35,2:35,15,0,0,BLAKE STREET & 14TH STREET,1,3,0,7,1,3,,0,30,0,0,0,0,0,4,2,16
,2016_24503,39.778425,-104.968404,5/18/2016 9:54,9:54,12,0,0,BRIGHTON BOULEVARD NORTH & 44TH STREET,1,1,0,7,1,4,,0,35,0,0,0,0,0,4,2,16
,2016_24504,39.759426,-104.9937435,11/30/2016 2:01,2:01,5,0,0,PARK AVENUE WEST & DELGANY STREET,1,3,1,0,3,4,,0,65,0,0,0,0,0,4,1,1
,2016_24505,39.77312829,-104.9892215,6/16/2016 13:45,13:45,15,0,0,BROADWAY & 1900 BLOCK NORTH,1,1,0,0,1,4,,0,30,0,0,0,0,0,4,2,13
,2016_24506,39.720924,-104.9875065,3/20/2016 13:19,13:19,12,0,0,BROADWAY & THIRD AVENUE EAST,1,1,0,7,1,4,,0,30,0,0,0,0,1,4,2,16
,2016_24508,39.724137,-104.9875065,6/18/2016 13:02,13:02,10,0,0,BROADWAY NORTH & FIFTH AVENUE EAST,1,1,0,0,1,3,,0,35,0,0,0,0,0,4,2,8
,2016_24509,39.725631,-104.9874435,2/5/2016 11:50,11:50,10,0,0,BROADWAY & SIXTH AVENUE EAST,1,1,1,0,1,1,,0,30,0,0,0,0,0,4,2,13
,2016_24510,39.73842,-104.987394,1/13/2016 16:14,16:14,15,0,0,BROADWAY 1400 NORTH & 14TH AVENUE EAST,1,1,0,0,1,1,,0,30,0,0,0,0,0,4,2,13
,2016_24511,39.71115,-104.987592,2/6/2016 3:02,3:02,10,0,0,BROADWAY SOUTH & ALAMEDA AVENUE EAST,5,3,0,0,1,1,,0,35,0,0,0,0,0,4,2,8
,2016_24512,39.694788,-104.9874615,7/11/2016 13:40,13:40,3,0,0,BROADWAY SOUTH & ARIZONA AVENUE WEST,1,1,0,7,1,1,,1,30,0,0,0,0,0,4,2,14
,2016_24513,39.751542,-104.9874255,11/11/2016 11:59,11:59,15,0,0,BROADWAY & CHAMPA STREET,1,1,0,7,1,4,,0,30,0,0,0,0,0,4,2,16
,2016_24514,39.678498,-104.987565,1/25/2016 20:07,20:07,14,0,0,BROADWAY SOUTH & EVANS AVENUE WEST,2,3,0,0,1,3,,0,35,0,0,0,0,0,4,2,1
,2016_24515,39.764466,-104.9318415,12/21/2016 8:21,8:21,12,0,0,BRUCE RANDOLPH AVENUE EAST & DAHLIA STREET NORTH,5,1,2,7,1,1,,0,25,0,0,0,0,0,4,2,16
,2016_24516,39.681909,-104.955093,5/17/2016 8:16,8:16,12,0,0,BUCHTEL BOULEVARD 2600 BLOCK EAST & CLAYTON STREET SOUTH,2,1,0,7,1,3,,0,30,0,0,0,0,0,4,2,12
,2016_24517,39.694797,-104.9792625,2/5/2016 23:27,23:27,15,0,0,BUCHTEL BOULEVARD EAST & WASHINGTON STREET SOUTH,1,3,0,0,1,4,,0,30,0,0,0,0,0,4,2,3
,2016_24518,39.75715154,-105.0028865,11/7/2016 13:25,13:25,6,0,0,18TH STREET & 2500 BLOCK,1,1,1,0,1,4,,0,25,0,0,0,0,0,4,2,13
,2016_24519,39.774105,-104.882778,7/7/2016 17:18,17:18,12,0,0,CENTRAL PARK BOULEVARD & 40TH AVENUE EAST,1,1,0,7,1,1,,0,35,0,0,0,0,0,4,2,16
,2016_24520,39.774105,-104.882778,10/31/2016 16:34,16:34,12,0,0,CENTRAL PARK BOULEVARD 3900 BLOCK NORTH & 40TH AVENUE EAST,1,1,0,7,1,3,,0,35,0,0,0,0,0,4,2,16
,2016_24521,39.71655,-105.039693,10/29/2016 18:44,18:44,12,0,0,PERRY STREET SOUTH & ELLSWORTH AVENUE WEST,1,3,1,7,1,4,,0,25,0,0,0,0,0,4,2,16
,2016_24522,39.775032,-104.809923,10/18/2016 19:29,19:29,1,0,0,CHAMBERS ROAD NORTH & ANDREWS DRIVE EAST,1,3,0,7,1,3,,0,35,0,0,0,0,1,4,2,16
,2016_24523,39.783807,-104.809833,2/1/2016 17:34,17:34,12,0,0,CHAMBERS ROAD NORTH & GATEWAY AVENUE EAST,4,3,0,2,1,1,,0,40,0,0,0,0,1,4,2,7
,2016_24524,39.738447,-104.986143,9/21/2016 9:15,9:15,3,0,0,LINCOLN STREET & 14TH AVENUE EAST,1,1,0,0,1,1,,0,30,0,0,0,0,0,4,2,13
,2016_24525,39.783771,-104.8096575,12/20/2016 13:55,13:55,15,0,0,CHAMBERS ROAD NORTH & GREEN VALLEY RANCH BOULEVARD EAST,1,1,0,0,1,3,,0,40,0,0,0,0,0,4,2,13
,2016_24526,39.690378,-104.91291,7/22/2016 15:45,15:45,12,0,0,CHERRY CREEK SOUTH DRIVE 6500 BLOCK & MONACO STREET SOUTH,1,1,0,7,1,3,,0,30,0,0,0,0,0,4,2,16
,2016_24527,39.684987,-104.9035905,9/25/2016 23:47,23:47,5,0,0,CHERRY CREEK DRIVE EAST & QUEBEC STREET SOUTH,1,3,0,0,2,1,,0,35,0,0,0,0,0,4,1,3
,2016_24528,39.740004,-104.9776245,8/14/2016 18:44,18:44,10,0,1,CLARKSON STREET & COLFAX AVENUE EAST,1,1,0,0,1,2,,0,30,0,0,0,1,2,4,2,13
,2016_24529,39.689514,-105.0203655,10/31/2016 16:49,16:49,3,0,0,CLAY STREET SOUTH & FLORIDA AVENUE WEST,1,1,0,7,1,1,,0,35,0,0,0,0,1,4,2,5
,2016_24530,39.78011667,-104.95413,11/2/2016 17:54,17:54,6,0,0,CLAYTON STREET & 700 BLOCK NORTH,1,2,0,0,1,4,,0,25,0,0,0,0,0,4,3,13
,2016_24531,39.683979,-104.9828265,1/12/2016 13:00,13:00,12,0,0,COLORADO AVENUE 300 BLOCK EAST & LOGAN STREET SOUTH,5,1,0,0,1,4,,0,25,0,0,0,0,0,4,2,7
,2016_24532,39.678462,-104.956515,10/19/2016 10:23,10:23,3,0,0,COLUMBINE STREET SOUTH & EVANS AVENUE EAST,1,1,0,0,1,1,,0,25,0,0,0,0,0,4,2,13
,2016_24533,39.722526,-104.94738,11/8/2016 17:48,17:48,3,0,1,COOK STREET NORTH & FOURTH AVENUE EAST,1,3,1,7,1,1,,0,25,0,0,0,0,2,4,2,16
,2016_24534,39.716226,-104.9473755,7/25/2016 15:30,15:30,3,0,0,COOK STREET NORTH & ELLSWORTH AVENUE EAST,1,1,0,0,1,1,,0,25,0,0,0,0,0,4,2,13
,2016_24535,39.746898,-104.996871,5/22/2016 0:24,0:24,9,0,0,15TH STREET & ARAPAHOE STREET,1,3,1,0,1,1,,0,30,0,0,0,0,1,4,1,13
,2016_24536,39.618297,-105.0913845,10/27/2016 13:30,13:30,3,0,0,CRESTLINE AVENUE WEST & WADSWORTH BOULEVARD SOUTH,1,1,0,7,1,2,,0,20,0,0,0,0,1,4,2,8
,2016_24538,39.783411,-104.931603,6/23/2016 6:01,6:01,12,0,0,DAHLIA STREET NORTH & 48TH AVENUE EAST,1,1,0,7,1,1,,0,25,0,0,0,0,0,4,2,16
,2016_24539,39.709296,-104.981544,6/10/2016 19:20,19:20,3,0,0,DAKOTA AVENUE EAST & PENNSYLVANIA STREET SOUTH,1,1,0,7,1,1,,0,30,0,0,0,0,1,4,2,5
,2016_24540,39.69675,-105.0227055,6/25/2016 12:00,12:00,6,0,0,DECATUR STREET SOUTH & MISSISSIPPI AVENUE WEST,1,1,0,0,1,3,,0,25,0,0,0,0,0,4,2,14
,2016_24541,39.729222,-104.932782,6/27/2016 13:56,13:56,6,0,0,DEXTER STREET & EIGHTH AVENUE,1,1,0,0,1,4,,0,25,0,0,0,0,0,4,2,13
,2016_24542,39.76283001,-104.9733612,11/27/2016 18:00,18:00,6,0,0,DOWNING STREET & 2111 NORTH,1,3,0,0,1,4,,0,,0,0,0,0,0,4,2,13
,2016_24543,39.714714,-104.973444,11/5/2016 10:02,10:02,3,0,0,DOWNING STREET 220 SOUTH & BAYAUD AVENUE EAST,1,1,0,7,1,1,,0,30,0,0,0,0,0,4,2,16
,2016_24544,39.764502,-104.973354,11/8/2016 18:30,18:30,1,0,0,DOWNING STREET NORTH & BRUCE RANDOLPH AVENUE EAST,1,3,0,7,1,1,,0,30,0,0,0,0,0,4,2,1
,2016_24545,39.678507,-104.973444,7/15/2016 9:48,9:48,6,0,0,DOWNING STREET SOUTH & EVANS AVENUE EAST,1,1,0,0,1,4,,0,30,0,0,0,0,0,4,2,13
,2016_24546,39.700188,-104.9733945,4/19/2016 18:45,18:45,12,0,0,DOWNING STREET 800 BLOCK SOUTH & KENTUCKY AVENUE EAST,1,1,0,7,1,4,,0,30,0,0,0,0,0,4,2,3
,2016_24547,39.756987,-104.973372,6/11/2016 21:40,21:40,6,0,0,DOWNING STREET & 28TH STREET EAST,2,3,0,1,1,4,,0,30,0,0,0,0,0,4,2,7
,2016_24548,39.707469,-104.973381,6/19/2016 13:16,13:16,6,0,0,DOWNING STREET SOUTH & VIRGINIA AVENUE EAST,1,1,0,0,1,4,,0,30,0,0,0,0,0,4,2,3
,2016_24549,39.631356,-104.8923,11/14/2016 17:16,17:16,12,0,0,DTC BOULEVARD 4900 BLOCK SOUTH & UNION AVENUE EAST,1,3,0,7,1,4,,0,35,0,0,0,0,1,4,2,12
,2016_24550,39.770199,-105.02289,6/2/2016 14:27,14:27,3,0,0,ELIOT STREET NORTH & DENVER PLACE WEST,1,1,0,0,1,5,,0,25,0,0,0,0,0,4,2,13
,2016_24551,39.78186298,-104.9558886,4/21/2016 19:20,19:20,15,0,0,ELIZABETH STREET & 1240 NORTH,1,1,0,0,1,4,,0,25,0,0,0,0,0,4,2,13
,2016_24552,39.716523,-104.97339,4/6/2016 17:25,17:25,14,0,0,ELLSWORTH AVENUE EAST & DOWNING STREET SOUTH,1,1,0,0,1,1,,0,25,0,0,0,0,0,4,2,3
,2016_24553,39.724074,-104.9763915,2/7/2016 22:35,22:35,3,0,0,EMERSON STREET NORTH & FIFTH AVENUE EAST,1,3,0,7,1,1,,0,30,0,0,0,0,0,4,2,16
,2016_24554,39.74001,-104.99202,2/24/2016 9:16,9:16,12,0,0,EVANS AVENUE & 2100 BLOCK EAST,1,1,0,0,1,4,,0,35,0,0,0,0,0,4,2,14
,2016_24555,39.678426,-104.9395905,5/20/2016 15:24,15:24,1,0,0,EVANS AVENUE EAST & ALBION STREET SOUTH,1,1,0,0,1,1,,0,35,0,0,0,0,1,4,3,3
,2016_24556,39.678426,-104.937435,6/15/2016 16:45,16:45,3,0,0,EVANS AVENUE EAST & BELLAIRE STREET SOUTH,1,1,0,0,1,1,,0,35,0,0,0,0,0,4,2,13
,2016_24557,39.678552,-104.9840415,6/4/2016 3:14,3:14,5,0,0,EVANS AVENUE EAST & GRANT STREET SOUTH,1,3,1,0,2,4,,0,35,0,0,0,0,0,4,1,5
,2016_24558,39.678435,-104.9251905,4/1/2016 19:35,19:35,5,0,0,EVANS AVENUE EAST & GRAPE STREET SOUTH,1,3,0,0,3,4,,0,35,0,0,0,0,0,4,1,14
,2016_24559,39.678444,-104.9579415,2/17/2016 18:25,18:25,3,0,0,EVANS AVENUE EAST & JOSEPHINE STREET SOUTH,1,3,0,0,1,1,,0,30,0,0,0,0,0,4,3,13
,2016_24560,39.678552,-104.9828715,3/19/2016 13:27,13:27,3,0,0,EVANS AVENUE EAST & LOGAN STREET SOUTH,1,1,0,0,1,1,,0,35,0,0,0,0,0,4,2,13
,2016_24561,39.678462,-104.9976135,4/8/2016 15:44,15:44,3,0,0,EVANS AVENUE WEST & PLATTE RIVER DRIVE SOUTH,1,1,0,0,1,1,,0,35,0,0,0,0,0,4,2,13
,2016_24562,39.678498,-104.9664015,7/15/2016 12:37,12:37,12,0,0,EVANS AVENUE EAST & WILLIAMS STREET SOUTH,1,1,0,7,1,1,,0,35,0,0,0,0,0,4,2,16
,2016_24563,39.678696,-105.015681,12/9/2016 11:35,11:35,15,0,0,EVANS AVENUE 2300 BLOCK WEST & ZUNI STREET SOUTH,8,1,0,7,1,4,,0,35,0,0,0,0,0,4,2,16
,2016_24564,39.664233,-104.928453,12/7/2016 13:15,13:15,6,0,0,FAIRFAX STREET 3000 BLOCK SOUTH & CORNELL AVENUE EAST,1,2,1,0,1,4,,0,25,0,0,0,0,0,4,2,1
,2016_24565,39.706173,-104.9222205,12/30/2016 16:35,16:35,1,0,0,HOLLY STREET 500 BLOCK SOUTH & CUSTER PLACE EAST,1,1,0,7,1,2,,0,30,0,0,0,0,0,4,2,14
,2016_24566,39.689343,-104.9223105,12/9/2016 16:15,16:15,12,0,0,FLORIDA AVENUE 5600 BLOCK EAST & HOLLY STREET SOUTH,1,2,0,7,1,1,,0,35,0,0,0,0,0,4,3,3
,2016_24567,39.79538977,-104.9687426,2/23/2016 12:01,12:01,6,0,0,FRANKLIN STREET & 3980 NORTH,1,1,0,0,1,4,,0,25,0,0,0,0,0,4,2,13
,2016_24568,39.634767,-105.10056,11/19/2016 12:25,12:25,12,0,0,GARRISON STREET 4400 BLOCK SOUTH & STANFORD AVENUE WEST,1,1,0,7,1,3,,0,30,0,0,0,0,0,4,2,3
,2016_24569,39.736827,-104.9672115,7/27/2016 12:00,12:00,15,0,0,GILPIN STREET NORTH & 13TH AVENUE EAST,1,1,1,7,1,1,,0,30,0,0,0,0,0,4,2,8
,2016_24570,39.743235,-104.967225,10/28/2016 12:30,12:30,6,0,0,GILPIN STREET & 17TH AVENUE,1,1,0,0,1,4,,0,25,0,0,0,0,0,4,2,13
,2016_24571,39.750363,-104.981985,6/28/2016 9:12,9:12,3,0,0,GLENARM PLACE 2300 BLOCK & PARK AVENUE WEST,1,1,1,7,1,1,,0,25,0,0,0,0,0,4,2,7
,2016_24572,39.790764,-104.984721,4/1/2016 12:28,12:28,12,0,0,GRANT STREET & 1600 BLOCK NORTH,1,1,0,0,1,2,,0,25,0,0,0,0,0,4,2,13
,2016_24573,39.725622,-104.983605,4/22/2016 17:35,17:35,3,0,0,GRANT STREET NORTH & SIXTH AVENUE EAST,1,1,0,7,1,1,,0,30,0,0,0,0,1,4,2,8
,2016_24574,39.743262,-104.9835915,9/6/2016 13:48,13:48,6,0,0,GRANT STREET NORTH & 17TH AVENUE EAST,1,1,0,0,1,4,,0,30,0,0,0,0,0,4,2,2
,2016_24575,39.76391269,-105.027487,11/5/2016 16:56,16:56,6,0,0,GROVE STREET 3300 BLOCK NORTH & 34TH AVENUE WEST,1,2,0,0,1,4,,0,25,0,0,0,0,0,4,2,13
,2016_24576,39.714723,-104.980356,9/30/2016 2:15,2:15,6,0,0,PEARL STREET SOUTH & BAYAUD AVENUE EAST,1,4,0,0,1,4,,0,20,0,0,0,0,0,4,3,13
,2016_24577,39.783609,-104.772222,5/5/2016 12:40,12:40,1,0,0,GREEN VALLEY RANCH BOULEVARD 18600 BLOCK EAST & TOWER ROAD NORTH,1,1,0,7,1,1,,0,,0,0,0,0,1,4,2,16
,2016_24578,39.783609,-104.772222,6/30/2016 23:30,23:30,12,0,0,GREEN VALLEY RANCH BOULEVARD EAST & TOWER ROAD NORTH,1,3,0,0,1,4,,0,40,0,0,0,0,0,4,2,13
,2016_24579,39.692934,-104.941881,8/10/2016 8:49,8:49,1,0,0,HARRISON STREET SOUTH & LOUISIANA AVENUE EAST,1,1,0,0,1,1,,0,25,0,0,0,0,0,4,2,1
,2016_24580,39.67126885,-104.9781445,3/27/2016 22:00,22:00,6,0,0,HARVARD AVENUE & 2305,1,3,0,0,1,4,,0,25,0,0,0,0,0,4,2,13
,2016_24581,39.695895,-104.922234,10/3/2016 10:16,10:16,12,0,0,HOLLY STREET SOUTH & CHERRY CREEK SOUTH DRIVE,1,1,0,0,1,3,,0,30,0,0,0,0,0,4,2,13
,2016_24582,39.678435,-104.922234,1/8/2016 19:25,19:25,3,0,0,HOLLY STREET 2100 BLOCK SOUTH & EVANS AVENUE EAST,4,3,0,2,1,2,,0,15,0,0,0,0,0,4,2,3
,2016_24583,39.759399,-105.0281505,1/17/2016 22:45,22:45,6,0,0,HOOKER STREET 2900 BLOCK NORTH & HAYWARD PLACE WEST,1,3,1,7,1,4,,0,25,0,0,0,0,0,4,3,16
,2016_24584,39.76871532,-104.9877322,2/19/2016 14:28,14:28,15,0,0,ILIFF AVENUE & 3080 WEST,1,1,0,0,1,4,,0,25,0,0,0,0,1,4,2,13