id,drcog_id,latitude,longitude,crashtime,time,crashtype,numbkilled,numbinjurd,drcoglocat,rdconditin,lightngcon,roadcntgrd,weatherco,location,roaddescrp,schoolzone,constrzone,splimit,bikeinv,pedinv,sctrinv,motoinv,svrty,rdsystem,ttlvehcls,hcf
,2016_24585,39.74001,-104.99202,10/5/2016 13:13,13:13,6,0,0,ILIFF AE & 6800 BLOCK EAST,1,1,0,0,1,4,,0,25,0,0,0,0,1,4,3,5
,2016_24586,39.674808,-104.994954,1/26/2016 8:00,8:00,6,0,0,ILIFF AVENUE WEST & FOX STREET SOUTH,1,1,0,0,1,4,,0,25,0,0,0,0,0,4,2,13
,2016_24587,39.665511,-105.059178,12/7/2016 8:00,8:00,3,0,0,IVAN WAY SOUTH & FENTON,4,1,1,2,1,1,,0,25,0,0,0,0,0,4,2,13
,2016_24588,39.772881,-104.9429205,6/3/2016 7:31,7:31,15,0,0,JACKSON STREET NORTH & 40TH AVENUE EAST,1,1,1,0,1,1,,0,25,0,0,0,0,0,4,2,13
,2016_24589,39.696705,-104.9991345,8/7/2016 11:08,11:08,3,0,0,MISSISSIPPI AVENUE WEST & JASON STREET SOUTH,1,1,0,7,1,1,,0,30,0,0,0,0,1,4,2,16
,2016_24590,39.682017,-104.959395,2/23/2016 7:16,7:16,3,0,0,JEWELL AVENUE EAST & UNIVERSITY BOULEVARD SOUTH,1,1,0,0,1,1,,0,35,0,0,0,0,0,4,2,13
,2016_24591,39.798387,-104.861304,7/6/2016 12:46,12:46,10,0,0,JOLIET STREET & 56TH AVENUE NORTH,1,1,0,0,1,2,,0,30,0,0,0,0,0,4,2,1
,2016_24592,39.720978,-104.95827,12/18/2016 20:15,20:15,12,0,0,JOSEPHINE STREET & THIRD AVENUE EAST,5,3,0,0,1,1,,0,30,0,0,0,0,0,4,2,13
,2016_24593,39.743937,-105.031494,12/18/2016 17:57,17:57,3,0,0,JULIAN STREET NORTH & 17TH AVENUE WEST,4,4,0,7,1,1,,0,25,0,0,0,0,0,4,2,2
,2016_24594,39.766455,-105.0322905,2/19/2016 18:30,18:30,6,0,1,JULIAN STREET & 36TH AVENUE,1,3,1,0,1,4,,0,30,0,0,0,0,2,4,4,7
,2016_24595,39.77621548,-104.917577,3/17/2016 21:30,21:30,6,0,0,KEARNEY STREET NORTH & 3055,5,3,0,2,1,4,,0,,0,0,0,0,0,4,2,14
,2016_24596,39.700404,-105.0226965,12/1/2016 18:09,18:09,3,0,0,KENTUCKY AVENUE WEST & DECATUR STREET SOUTH,1,1,0,7,1,1,,0,25,0,0,0,0,1,4,2,7
,2016_24597,39.699963,-105.015681,3/1/2016 11:11,11:11,14,0,0,KENTUCKY AVENUE WEST & ZUNI STREET SOUTH,1,1,0,7,1,4,,0,25,0,0,0,0,0,4,2,16
,2016_24598,39.72132,-105.032484,6/1/2016 15:44,15:44,12,0,0,KNOX COURT NORTH & THIRD AVENUE WEST,1,1,0,7,1,1,,0,30,0,0,0,0,0,4,2,7
,2016_24599,39.761343,-104.981733,5/3/2016 14:48,14:48,1,0,0,LARIMER STREET & 29TH STREET,1,1,0,7,1,1,,0,30,0,0,0,0,0,4,2,16
,2016_24600,39.74987041,-104.9982175,4/12/2016 10:56,10:56,15,0,0,MARKET STREET 1600 BLOCK & 16TH STREET,1,1,0,7,1,4,,0,30,0,0,0,0,0,4,2,16
,2016_24601,39.73190582,-104.9861681,6/16/2016 19:19,19:19,12,0,0,LINCOLN STREET & 1900 BLOCK NORTH,1,1,0,0,1,4,,0,35,0,0,0,0,0,4,2,3
,2016_24602,39.73041,-104.986143,4/4/2016 11:08,11:08,15,0,0,LINCOLN STREET & NINTH AVENUE EAST,1,1,1,0,1,4,,0,25,0,0,0,0,0,4,2,13
,2016_24603,39.73041,-104.986143,6/22/2016 7:28,7:28,12,0,0,LINCOLN STREET 800 BLOCK NORTH & NINTH AVENUE EAST,1,1,0,7,1,3,,0,35,0,0,0,0,1,4,2,14
,2016_24604,39.741822,-104.9859225,7/22/2016 12:05,12:05,12,0,0,LINCOLN STREET 1600 BLOCK NORTH & 17TH AVENUE EAST,1,1,0,7,1,4,,0,35,0,0,0,0,0,4,2,14
,2016_24605,39.712977,-104.986341,2/27/2016 22:45,22:45,6,0,0,LINCOLN STREET SOUTH & CEDAR AVENUE EAST,1,3,0,0,1,5,,0,25,0,0,0,0,0,4,2,13
,2016_24606,39.716532,-104.9862825,2/3/2016 6:50,6:50,12,0,0,LINCOLN STREET 900 BLOCK NORTH & LINCOLN STREET NORTH,2,1,0,7,1,4,,0,35,0,0,0,0,0,4,2,16
,2016_24607,39.77064,-105.001434,12/18/2016 22:09,22:09,6,0,0,LIPAN STREET 3900 BLOCK NORTH & 39TH AVENUE WEST,4,3,1,0,1,4,,0,25,0,0,0,0,0,4,2,5
,2016_24608,39.72564,-104.982381,5/29/2016 17:47,17:47,12,0,0,LOGAN STREET NORTH & SIXTH AVENUE EAST,1,1,0,7,1,4,,0,30,0,0,0,0,0,4,2,3
,2016_24609,39.737187,-104.9819625,4/14/2016 12:20,12:20,6,0,0,LOGAN STREET 1300 BLOCK NORTH & 13TH AVENUE EAST,1,1,0,0,1,4,,0,30,0,0,0,0,0,4,2,13
,2016_24610,39.698397,-104.9827815,2/3/2016 16:49,16:49,14,0,0,LOGAN STREET SOUTH & TENNESSEE AVENUE EAST,4,1,0,0,1,1,,0,30,0,0,0,0,0,4,2,13
,2016_24611,39.692988,-104.973417,7/17/2016 8:12,8:12,3,0,0,LOUISIANA AVENUE EAST & DOWNING SOUTH,1,1,0,7,1,1,,0,30,0,0,0,0,0,4,2,16
,2016_24612,39.72082433,-104.8889059,9/28/2016 6:58,6:58,15,0,0,LOWRY BOULEVARD & 7900 BLOCK EAST,1,1,0,0,1,4,,0,30,0,0,0,0,0,4,2,13
,2016_24613,39.792789,-104.8237515,7/6/2016 17:00,17:00,15,0,0,MAXWELL PLACE 14000 BLOCK EAST & CROWN BOULEVARD NORTH,1,1,0,7,1,4,,0,25,0,0,0,0,0,4,2,16
,2016_24614,39.685698,-104.9316705,12/9/2016 17:30,17:30,3,0,0,MEXICO AVENUE EAST & DAHLIA STREET SOUTH,1,3,0,7,1,1,,0,25,0,0,0,0,0,4,2,16
,2016_24615,39.68577,-104.975775,1/10/2016 16:35,16:35,6,0,0,MEXICO AVENUE 900 BLOCK EAST & OGDEN STREET SOUTH,11,1,0,7,1,4,,0,25,0,0,0,0,0,4,2,3
,2016_24616,39.718026,-104.9522265,11/28/2016 14:15,14:15,3,0,0,MILWAUKEE STREET NORTH & FIRST AVENUE EAST,1,1,0,0,1,1,,0,30,0,0,0,0,0,4,2,13
,2016_24617,39.69666,-104.8917105,5/6/2016 16:05,16:05,1,0,0,MISSISSIPPI AVENUE EAST & VALENTIA STREET SOUTH,1,1,0,0,1,1,,0,35,0,0,0,0,1,4,2,13
,2016_24618,39.761838,-104.9383125,1/21/2016 16:35,16:35,3,0,0,MLK BOULEVARD & ASH STREET NORTH,1,1,0,7,1,5,,0,15,0,0,0,0,1,4,2,1
,2016_24619,39.74001,-104.99202,4/22/2016 19:19,19:19,3,0,0,OHIO DRIVE & 6904 BLOCK EAST,1,1,0,0,1,2,,0,25,0,0,0,0,0,4,2,3
,2016_24620,39.761838,-104.9383125,11/15/2016 17:28,17:28,12,0,0,MLK BOULEVARD & ASH STREET NORTH,1,4,0,7,1,4,,0,35,0,0,0,0,0,4,3,16
,2016_24621,39.762018,-104.968404,6/15/2016 5:46,5:46,6,0,0,MLK BOULEVARD & FRANKLIN STREET NORTH,1,1,0,0,1,4,,0,30,0,0,0,0,0,4,3,1
,2016_24622,39.761838,-104.914053,1/3/2016 17:23,17:23,3,0,0,MLK BOULEVARD EAST & LOCUST STREET NORTH,1,3,0,0,1,1,,0,25,0,0,0,0,0,4,2,13
,2016_24623,39.676653,-104.9135648,5/18/2016 13:59,13:59,3,0,0,MONACO STREET SOUTH & 2200 BLOCK,1,1,0,0,1,1,,0,,0,0,0,0,0,4,2,13
,2016_24624,39.662721,-104.912991,12/18/2016 19:05,19:05,15,0,0,MONACO STREET & CORNELL AVENUE EAST,4,4,0,2,1,4,,0,35,0,0,0,0,0,4,2,13
,2016_24625,39.74629044,-105.0052057,8/5/2016 1:40,1:40,6,0,0,WALNUT STREET & 3500 BLOCK,1,3,0,0,1,4,,0,25,0,0,0,0,0,4,2,8
,2016_24626,39.678435,-104.9127435,12/31/2016 11:43,11:43,3,0,0,MONACO STREET 2100 BLOCK SOUTH & EVANS AVENUE EAST,1,1,0,0,1,2,,0,30,0,0,0,0,0,4,2,1
,2016_24627,39.667626,-104.912964,4/8/2016 13:00,13:00,12,0,0,MONACO STREET 2600 BLOCK SOUTH & YALE AVENUE EAST,1,1,0,7,1,3,,0,35,0,0,0,0,0,4,2,3
,2016_24628,39.73085701,-105.0040916,4/28/2016 14:03,14:03,6,0,0,NAVAJO STREET & 3300 BLOCK NORTH,1,1,1,7,1,4,,0,25,0,0,0,0,0,4,2,16
,2016_24629,39.78550762,-104.8975369,1/3/2016 18:40,18:40,15,0,0,NORTHFIELD BOULEVARD & 8568 EAST,1,3,0,0,1,4,,0,30,0,0,0,0,0,4,2,1
,2016_24630,39.785724,-104.883093,4/1/2016 14:37,14:37,3,0,0,NORTHFIELD BOULEVARD & CENTRAL PARK BOULEVARD NORTH,1,1,0,7,1,3,,0,35,0,0,0,0,0,4,3,16
,2016_24631,39.785724,-104.883093,7/6/2016 6:34,6:34,15,0,0,NORTHFIELD BOULEVARD & CENTRAL PARK BOULEVARD NORTH,1,1,1,0,1,1,,0,35,0,0,0,0,0,4,2,13
,2016_24632,39.70215,-104.9875605,5/3/2016 12:31,12:31,3,0,0,OHIO AVENUE EAST & BROADWAY STREET SOUTH,1,1,0,7,1,1,,0,30,0,0,0,0,0,4,3,1
,2016_24633,39.70215,-104.9875605,11/22/2016 13:53,13:53,3,0,0,OHIO AVENUE EAST & BROADWAY SOUTH,2,1,0,0,1,1,,0,30,0,0,0,0,1,4,2,13
,2016_24634,39.76536244,-105.0381491,1/24/2016 19:25,19:25,6,0,0,OSCEOLA STREET & 2400 BLOCK NORTH,1,1,0,7,1,4,,0,25,0,0,0,0,0,4,2,16
,2016_24635,39.771432,-104.7522015,1/26/2016 8:10,8:10,12,0,0,40TH PLACE EAST & IRELAND STREET NORTH,1,1,0,0,1,2,,0,25,0,0,0,0,0,4,2,13
,2016_24636,39.786903,-104.8828545,12/8/2016 16:08,16:08,6,0,0,49TH PLACE EAST & CENTRAL PARK BOULEVARD NORTH,5,2,0,0,1,4,,0,35,0,0,0,0,0,4,2,14
,2016_24638,39.76788931,-104.9948145,5/18/2016 15:00,15:00,12,0,0,PARK AVENUE WEST & 1900 BLOCK,1,1,0,0,1,4,,0,35,0,0,0,0,0,4,2,1
,2016_24640,39.753054,-104.9854905,10/26/2016 9:17,9:17,12,0,0,PARK AVENUE WEST & CHAMPA STREET,1,1,0,7,1,3,,0,30,0,0,0,0,1,4,2,2
,2016_24641,39.757887,-104.9917545,9/11/2016 14:15,14:15,15,0,0,PARK AVENUE WEST 1500 BLOCK & WAZEE STREET,1,1,0,0,1,4,,0,25,0,0,0,0,1,4,2,13
,2016_24642,39.724083,-104.9799465,11/11/2016 18:30,18:30,6,0,0,PEARL STREET NORTH & FIFTH AVENUE EAST,1,3,0,0,1,4,,0,25,0,0,0,0,0,4,2,13
,2016_24643,39.737007,-104.979762,9/12/2016 19:51,19:51,6,0,0,PEARL STREET 1300 BLOCK NORTH & 13TH AVENUE EAST,1,3,0,0,1,4,,0,,0,0,0,0,0,4,2,13
,2016_24644,39.769272,-105.006456,11/3/2016 10:57,10:57,3,0,0,PECOS STREET NORTH & 38TH AVENUE WEST,1,1,1,7,1,1,,0,30,0,0,0,0,0,4,2,16
,2016_24645,39.783609,-104.7913916,5/17/2016 19:30,19:30,12,0,0,PENA BOULEVARD & GREEN VALLEY RANCH BOULEVARD EAST,2,4,0,1,1,1,,0,30,0,0,0,0,0,4,2,14
,2016_24646,39.83346903,-104.692932,3/23/2016 5:35,5:35,12,0,0,PENA BOULEVARD 25000 BLOCK & JACKSON GAP STREET NORTH,4,3,1,2,1,4,,0,25,0,0,0,0,1,4,2,14
,2016_24647,39.72513078,-104.9811374,1/1/2016 13:27,13:27,5,0,0,PENNSYLVANIA STREET NORTH & 4544,1,1,0,0,2,4,,0,25,0,0,0,0,0,4,1,13
,2016_24648,39.730608,-105.0394815,4/13/2016 17:30,17:30,3,0,0,PERRY STREET NORTH & NINTH AVENUE,1,1,1,7,1,1,,0,25,0,0,0,0,0,4,2,1
,2016_24650,39.725424,-104.903793,3/31/2016 15:05,15:05,1,0,0,QUEBEC STREET NORTH & SIXTH AVENUE EAST,2,1,0,2,1,1,,0,30,0,0,0,0,0,4,2,2
,2016_24652,39.711222,-104.903505,11/1/2016 2:05,2:05,12,0,0,QUEBEC STREET SOUTH & ALAMEDA AVENUE EAST,1,3,0,7,1,3,,0,35,0,0,0,0,0,4,2,5
,2016_24653,39.695652,-104.903595,11/1/2016 15:15,15:15,12,0,0,QUEBEC STREET 1100 BLOCK SOUTH & MISSISSIPPI AVENUE EAST,1,1,0,7,1,3,,0,35,0,0,0,0,0,4,2,16
,2016_24654,39.761964,-104.903451,10/10/2016 8:42,8:42,15,0,0,QUEBEC STREET NORTH & MLK BOULEVARD EAST,1,1,0,0,1,1,,0,35,0,0,0,0,0,4,2,8
,2016_24655,39.761964,-104.903451,12/9/2016 14:05,14:05,3,0,0,QUEBEC STREET NORTH & MLK BOULEVARD,1,1,0,7,1,1,,0,35,0,0,0,0,1,4,2,3
,2016_24656,39.69839645,-104.9611181,11/15/2016 7:30,7:30,6,0,0,TENNESSEE AVENUE & 3800 BLOCK WEST,1,5,0,0,1,4,,0,25,0,0,0,0,0,4,2,5
,2016_24657,39.7115145,-104.9033003,3/24/2016 12:55,12:55,3,0,0,QUEBEC STREET SOUTH & QUEBEC WAY SOUTH,2,1,0,7,1,1,,0,30,0,0,0,0,1,4,3,14
,2016_24658,39.638619,-104.9040945,2/1/2016 9:36,9:36,5,0,0,QUEBEC STREET SOUTH & QUINCY AVENUE EAST,4,1,1,2,3,4,,0,35,0,0,0,0,0,4,1,13
,2016_24659,39.638565,-105.0460023,10/16/2016 12:10,12:10,12,0,0,QUINCY AVENUE WEST & 7900 BLOCK,1,1,0,0,1,4,,0,25,0,0,0,0,0,4,5,13
,2016_24660,39.78431551,-104.9634838,7/23/2016 4:50,4:50,6,0,0,RACE STREET NORTH & 3132 NORTH,1,3,0,0,1,4,,0,25,0,0,0,0,0,4,2,5
,2016_24661,39.672837,-105.041718,4/5/2016 2:51,2:51,6,0,0,RALEIGH STREET 2500 BLOCK SOUTH & HARVARD AVENUE WEST,1,3,0,0,1,4,,0,25,0,0,0,0,0,4,3,5
,2016_24662,39.79764,-104.8462425,4/27/2016 18:10,18:10,3,0,0,RANDOLPH PLACE EAST & QUARI STREET NORTH,1,1,0,0,1,1,,0,25,0,0,0,0,0,4,2,14
,2016_24663,39.760551,-104.9001615,7/23/2016 15:22,15:22,3,0,0,ROSLYN STREET NORTH & MLK BOULEVARD,1,1,0,7,1,1,,0,35,0,0,0,0,0,4,2,16
,2016_24664,39.747357,-104.999841,11/12/2016 20:30,20:30,6,0,0,14TH STREET & LARIMER STREET,1,3,0,0,1,4,,0,30,0,0,0,0,0,4,2,13
,2016_24665,39.745566,-104.995152,4/28/2016 9:13,9:13,12,0,0,15TH STREET 800 BLOCK & CHAMPA STREET,2,1,0,1,1,4,,0,35,0,0,0,0,0,4,2,3
,2016_24666,39.748257,-104.998662,10/24/2016 16:40,16:40,12,0,0,15TH STREET & LARIMER STREET,1,1,0,7,1,1,,0,30,0,0,0,0,0,4,2,1
,2016_24667,39.741435,-104.9873715,6/7/2016 7:57,7:57,3,0,0,16TH STREET & BROADWAY BOULEVARD,1,1,0,0,1,1,,0,25,0,0,0,0,0,4,2,13
,2016_24668,39.75457509,-105.002211,10/22/2016 12:00,12:00,15,0,0,17TH STREET & 900 BLOCK,1,1,1,0,1,4,,0,30,0,0,0,0,0,4,2,13
,2016_24669,39.747015,-104.989761,3/3/2016 17:35,17:35,15,0,0,18TH STREET 700 BLOCK & CALIFORNIA STREET,1,3,0,0,1,4,,0,25,0,0,0,0,0,4,2,1
,2016_24670,39.749319,-104.9903145,2/4/2016 8:03,8:03,12,0,0,19TH STREET 900 BLOCK & CHAMPA STREET,5,1,0,2,1,4,,0,35,0,0,0,0,0,4,2,14
,2016_24671,39.754008,-104.996412,2/12/2016 0:40,0:40,15,0,0,19TH STREET & WAZEE STREET,1,3,0,0,1,3,,0,30,0,0,0,0,0,4,2,8
,2016_24672,39.757653,-104.998635,4/19/2016 9:45,9:45,12,0,0,20TH STREET & CHESTNUT STREET,1,1,0,7,1,4,,0,35,0,0,0,0,0,4,2,16
,2016_24673,39.757653,-104.998635,5/1/2016 22:20,22:20,12,0,0,20TH STREET & CHESTNUT PLACE,1,3,1,7,1,1,,0,30,0,0,0,0,0,4,2,16
,2016_24674,39.752667,-104.98743,6/26/2016 16:00,16:00,15,0,0,22ND STREET & BROADWAY NORTH,1,1,0,0,1,1,,0,30,0,0,0,0,0,4,2,13
,2016_24675,39.750129,-104.9841,6/26/2016 10:39,10:39,3,0,0,22ND STREET & WELTON STREET,1,1,0,7,1,1,,0,30,0,0,0,0,0,4,2,16
,2016_24676,39.759075,-104.981184,4/11/2016 12:32,12:32,1,0,0,28TH STREET & ARAPAHOE STREET,1,1,0,0,1,1,,0,30,0,0,0,0,0,4,2,14
,2016_24677,39.764349,-104.986584,3/12/2016 16:10,16:10,1,0,0,29TH STREET & BRIGHTON BOULEVARD NORTH,1,1,0,7,1,3,,0,35,0,0,0,0,1,4,3,16
,2016_24678,39.758931,-104.976162,3/28/2016 0:23,0:23,6,0,0,30TH STREET 800 BLOCK & STOUT STREET,1,3,0,0,1,4,,0,25,0,0,0,0,0,4,2,13
,2016_24679,39.775329,-105.009993,3/24/2016 23:10,23:10,6,0,0,SHOESHONE STREET NORTH & 43RD AVENUE WEST,1,3,0,0,1,4,,0,25,0,0,0,0,0,4,2,5
,2016_24680,39.73851768,-104.9969761,1/22/2016 15:00,15:00,12,0,0,SPEER BOULEVARD & 1000 BLOCK NORTH,1,1,0,0,1,4,,0,30,0,0,0,0,0,4,2,13
,2016_24681,39.728934,-104.9906115,6/3/2016 2:23,2:23,3,0,0,SPEER BOULEVARD NORTH & EIGHTH AVENUE WEST,1,3,0,7,1,1,,0,30,0,0,0,0,0,4,2,16
,2016_24682,39.738456,-104.9976405,2/19/2016 18:20,18:20,12,0,0,SPEER BOULEVARD NORTH & 14TH AVENUE EAST,1,3,0,7,1,3,,0,35,0,0,0,0,0,4,3,16
,2016_24683,39.738456,-104.9976405,3/15/2016 20:47,20:47,12,0,0,SPEER BOULEVARD NORTH & 14TH AVENUE WEST,1,3,0,7,1,1,,0,35,0,0,0,0,0,4,2,8
,2016_24684,39.748446,-105.0033735,12/3/2016 18:51,18:51,12,0,0,SPEER BOULEVARD NORTH & AURARIA PARKWAY,1,3,0,7,1,3,,0,35,0,0,0,0,0,4,2,16
,2016_24685,39.748509,-105.0031305,1/1/2016 22:33,22:33,12,0,0,SPEER BOULEVARD NORTH & BLAKE STREET,1,3,1,0,1,3,,0,30,0,0,0,0,0,4,3,5
,2016_24686,39.748509,-105.0031305,12/2/2016 12:55,12:55,12,0,0,SPEER BOULEVARD NORTH & BLAKE STREET,1,1,1,7,1,1,,0,30,0,0,0,0,1,4,2,16
,2016_24687,39.72726,-104.987403,5/8/2016 18:20,18:20,10,0,0,SPEER BOULEVARD EAST & BROADWAY STREET NORTH,1,1,0,0,1,1,,0,35,0,0,0,0,0,4,2,13
,2016_24688,39.718278,-104.973777,5/11/2016 7:20,7:20,10,0,0,SPEER BOULEVARD EAST & DOWNING STREET NORTH,1,1,0,0,1,1,,0,35,0,0,0,0,0,4,2,13
,2016_24689,39.745755,-105.000174,3/30/2016 15:26,15:26,5,0,1,SPEER BOULEVARD NORTH & LAWRENCE STREET,2,1,1,2,2,1,,0,30,0,0,0,0,2,4,1,10
,2016_24690,39.722616,-104.982624,5/5/2016 7:40,7:40,12,0,0,SPEER BOULEVARD EAST & LOGAN STREET NORTH,1,1,0,7,1,4,,0,30,0,0,0,0,0,4,2,16
,2016_24691,39.75633,-105.015852,3/1/2016 13:56,13:56,1,0,0,SPEER BOULEVARD NORTH & ZUNI STREET NORTH,1,1,1,0,1,1,,0,30,0,0,0,0,0,4,2,16
,2016_24692,39.778686,-104.912874,12/8/2016 7:28,7:28,10,0,0,STAPLETON NORTH DRIVE & MONACO STREET NORTH,1,1,0,0,1,1,,0,40,0,0,0,0,1,4,2,13
,2016_24693,39.74956829,-104.9881604,8/8/2016 8:00,8:00,3,0,0,STOUT STREET 2000 BLOCK & 20TH STREET,1,1,0,7,1,5,,0,10,0,0,0,0,0,4,2,16
,2016_24694,39.74001,-104.99202,3/2/2016 11:49,11:49,12,0,0,TAMARAC STREET 4400 BLOCK SOUTH & I225 SOUTHBOUND/WESTBOUND RAMPS,1,1,1,7,1,4,,0,35,0,0,0,0,0,4,2,3
,2016_24695,39.762027,-104.9826015,4/17/2016 15:00,15:00,10,0,0,WALNUT STREET & 29TH STREET,2,1,0,0,1,1,,0,35,0,0,0,0,0,4,2,13
,2016_24697,39.698172,-105.015681,12/20/2016 8:00,8:00,12,0,0,TENNESSEE AVENUE WEST & ZUNI STREET SOUTH,10,1,0,7,1,1,,0,25,0,0,0,0,0,4,2,16
,2016_24698,39.771135,-105.0440355,3/19/2016 19:43,19:43,6,0,0,TENNYSON STREET NORTH & 39TH AVENUE WEST,1,3,0,0,1,4,,0,30,0,0,0,0,0,4,2,13
,2016_24699,39.783609,-104.772222,6/13/2016 11:55,11:55,12,0,0,TOWER ROAD NORTH & GREEN VALLEY RANCH BOULEVARD,1,1,0,7,1,1,,0,40,0,0,0,0,0,4,2,16
,2016_24700,39.83338151,-104.771988,10/21/2016 17:18,17:18,15,0,0,TOWER ROAD NORTH & PENA BOULEVARD,1,1,1,7,1,4,,0,40,0,0,0,0,0,4,2,16
,2016_24701,39.743172,-104.9895405,7/16/2016 15:45,15:45,6,0,0,TREMONT PLACE & 16TH STREET,1,1,0,0,1,4,,0,20,0,0,0,0,0,4,2,13
,2016_24702,39.627432,-104.9112675,6/6/2016 11:27,11:27,3,0,0,UNION AVENUE & MONACO STREET,1,1,1,0,1,2,,0,30,0,0,0,0,0,4,2,13
,2016_24703,39.711114,-104.959305,11/7/2016 10:39,10:39,12,0,0,UNIVERSITY BOULEVARD 200 BLOCK SOUTH & ALAMEDA AVENUE EAST,1,1,1,7,1,3,,0,30,0,0,0,0,0,4,2,3
,2016_24704,39.691125,-104.959332,8/18/2016 15:35,15:35,12,0,0,UNIVERSITY BOULEVARD 1400 BLOCK SOUTH & ARKANSAS AVENUE EAST,2,1,0,1,1,3,,0,30,0,0,0,0,0,4,2,16
,2016_24706,39.676608,-104.959386,1/13/2016 16:57,16:57,1,0,0,UNIVERSITY BOULEVARD SOUTH & WARREN AVENUE EAST,1,3,1,0,1,1,,0,30,0,0,0,0,0,4,2,13
,2016_24707,39.73869,-104.8916835,2/6/2016 19:42,19:42,6,0,0,VAENTIA STREET 1300 BLOCK NORTH & 14TH AVENUE EAST,4,4,0,0,1,4,,0,25,0,0,0,0,0,4,2,5
,2016_24708,39.707487,-104.9724045,11/24/2016 12:35,12:35,15,0,0,VIRGINIA AVENUE 1300 BLOCK EAST & MARION PARKWAY,1,1,0,0,1,4,,0,25,0,0,0,0,0,4,2,13
,2016_24709,39.733038,-105.0463305,12/2/2016 15:30,15:30,6,0,0,VRAIN STREET NORTH & 10TH AVENUE WEST,1,1,0,0,1,4,,0,25,0,0,0,0,0,4,2,1
,2016_24710,39.760299,-105.046344,12/8/2016 13:15,13:15,6,0,0,VRAIN STREET & 30TH AVENUE,5,1,0,0,3,4,,0,30,0,0,0,0,0,4,2,13
,2016_24711,39.677355,-105.0298155,7/26/2016 0:10,0:10,6,0,1,WARREN AVENUE WEST & IRVING STREET SOUTH,1,3,0,0,1,4,,0,25,0,0,0,0,2,4,2,13
,2016_24712,39.712896,-104.9792535,10/31/2016 8:48,8:48,15,0,0,WASHINGTON STREET 200 BLOCK SOUTH & CEDAR AVENUE,1,1,1,0,1,4,,0,25,0,0,0,0,0,4,2,13
,2016_24713,39.757887,-104.9917545,8/9/2016 12:40,12:40,10,0,0,WAZEE STREET & PARK AVENUE WEST,1,1,0,0,1,1,,0,25,0,0,0,0,0,4,2,8
,2016_24714,39.74001,-104.99202,6/1/2016 11:00,11:00,6,0,0,WESLEY AVENUE & 1200 BLOCK WEST,1,1,0,0,1,4,,0,25,0,0,0,0,0,4,3,12
,2016_24715,39.79631371,-104.8885425,2/21/2016 0:06,0:06,6,0,0,WILLOW STREET 1 & 1200 BLOCK NORTH,1,4,0,0,1,4,,0,30,0,0,0,0,0,4,2,14
,2016_24716,39.657384,-104.8909815,3/2/2016 15:12,15:12,6,0,0,WILLOW STREET 3100 BLOCK SOUTH & EASTMAN AVENUE EAST,1,1,0,0,1,4,,0,20,0,0,0,0,0,4,2,14
,2016_24717,39.751029,-105.0017805,12/27/2016 10:45,10:45,12,0,0,WYNKOOP STREET 1500 BLOCK & 16TH STREET,1,1,0,7,1,4,,0,20,0,0,0,0,0,4,3,16
,2016_24718,39.667725,-104.9787631,10/15/2016 10:55,10:55,3,0,0,YALE AVENUE EAST & 4100 EAST,1,1,0,7,1,1,,0,30,0,0,0,0,1,4,2,3
,2016_24719,39.74483072,-104.9597645,2/24/2016 13:45,13:45,12,0,0,YORK STREET 1800 BLOCK NORTH & 18TH AVENUE EAST,1,1,0,7,1,3,,0,30,0,0,0,0,0,4,2,16
,2016_24720,39.74001,-104.99202,5/31/2016 16:45,16:45,12,0,0,YORK STREET NORTH & 39TH AVENUE EAST,1,1,0,7,1,4,,0,35,0,0,0,0,0,4,2,14
,2016_24721,39.741948,-104.8846725,10/31/2016 4:30,4:30,6,0,1,YOSEMITE STREET NORTH & 16TH AVENUE EAST,1,3,0,0,1,4,,0,60,0,0,0,0,2,4,3,2
,2016_24722,39.743766,-104.8846725,5/15/2016 3:35,3:35,6,0,0,YOSEMITE STREET NORTH & 17TH AVENUE EAST,1,2,0,0,1,2,,0,30,0,0,0,0,0,4,3,14
,2016_24723,39.657042,-104.8848255,11/19/2016 15:55,15:55,3,0,0,YOSEMITE STREET SOUTH & EASTMAN PLACE EAST,1,2,0,0,1,1,,0,25,0,0,0,0,0,4,2,13
,2016_24725,39.757158,-105.0158205,4/22/2016 7:21,7:21,12,0,0,ZUNI STREET & 28TH AVENUE WEST,1,1,0,7,1,4,,0,35,0,0,0,0,0,4,2,14
,2016_24726,39.780189,-105.015834,1/30/2016 19:12,19:12,3,0,0,ZUNI STREET NORTH & 46TH AVENUE WEST,1,3,0,7,1,1,,0,25,0,0,0,0,0,4,2,3
,2016_24727,39.678696,-105.015681,4/14/2016 16:27,16:27,15,0,0,ZUNI STREET 2000 BLOCK SOUTH & EVANS AVENUE WEST,1,1,0,0,1,4,,0,25,0,0,0,0,0,4,3,14
,2016_24728,39.693123,-105.0155955,12/8/2016 8:21,8:21,3,0,0,ZUNI STREET SOUTH & LOUISIANA AVENUE WEST,5,1,0,7,1,1,,0,25,0,0,0,0,0,4,2,7
,2016_24969,39.771774,-104.903442,7/25/2016 8:34,8:34,5,0,0,SMITH ROAD & QUEBEC STREET NORTH,1,1,1,0,1,1,,0,35,0,0,0,0,0,4,1,13