id,drcog_id,latitude,longitude,crashtime,time,crashtype,numbkilled,numbinjurd,drcoglocat,rdconditin,lightngcon,roadcntgrd,weatherco,location,roaddescrp,schoolzone,constrzone,splimit,bikeinv,pedinv,sctrinv,motoinv,svrty,rdsystem,ttlvehcls,hcf
,2016_25574,39.711348,-104.9035005,12/6/2016 7:05,7:05,12,0,0,ALAMEDA AVENUE 7400 BLOCK EAST & QUEBEC STREET SOUTH,1,1,0,7,1,3,,0,35,0,0,0,0,0,4,2,16
,2016_25575,39.711186,-104.997132,10/9/2016 12:45,12:45,15,0,0,ALAMEDA AVENUE WEST & SANTA FE DRIVE SOUTH,1,1,0,0,1,1,,0,30,0,0,0,0,0,4,2,14
,2016_25576,39.775032,-104.809923,12/12/2016 7:50,7:50,12,0,0,ANDREWS DRIVE EAST & CHAMBERS ROAD NORTH,1,1,0,7,1,3,,0,40,0,0,0,0,0,4,4,16
,2016_25577,39.694743,-104.9407425,4/27/2016 8:24,8:24,12,0,0,ARIZONA AVENUE & COLORADO BOULEVARD,1,1,0,0,1,2,,0,25,0,0,0,0,0,4,2,7
,2016_25578,39.770253,-105.0276015,11/9/2016 11:50,11:50,5,0,0,DENVER PLACE 3000 BLOCK WEST & GROVE STREET NORTH,1,1,0,0,3,4,,0,25,0,0,0,0,0,4,1,13
,2016_25579,39.694752,-104.9901615,6/20/2016 13:37,13:37,6,0,0,ARIZONA AVENUE WEST & BANNOCK STREET SOUTH,1,1,0,0,1,3,,0,25,0,0,0,0,0,4,3,3
,2016_25580,39.694734,-104.9500035,12/13/2016 17:30,17:30,3,0,0,ARIZONA AVENUE EAST & STEELE STREET SOUTH,1,3,0,7,1,1,,0,25,0,0,0,0,0,4,2,16
,2016_25581,39.69176471,-105.0160443,4/2/2016 22:20,22:20,6,0,0,ARKANSAS AVENUE WEST & 2155,1,3,0,0,1,4,,0,25,0,0,0,0,0,4,2,5
,2016_25582,39.735252,-104.9902425,5/18/2016 8:54,8:54,6,0,0,BANNOCK STREET & 12TH AVENUE WEST,1,1,0,0,1,5,,0,25,0,0,0,0,0,4,2,8
,2016_25583,39.74697,-104.987412,7/20/2016 12:50,12:50,15,0,0,BROADWAY NORTH & 19TH STREET,1,1,0,0,1,1,,0,30,0,0,0,0,0,4,2,13
,2016_25584,39.714723,-104.9850135,5/4/2016 21:56,21:56,6,0,0,BAYAUD AVENUE 200 BLOCK EAST & SHERMAN STREET SOUTH,1,3,0,0,1,4,,0,25,0,0,0,0,0,4,5,3
,2016_25585,39.714948,-105.04566,2/3/2016 16:16,16:16,12,0,0,BAYAUD AVENUE WEST & VRAIN STREET SOUTH,5,2,1,7,1,2,,0,,0,0,0,0,0,4,2,16
,2016_25586,39.759489,-104.9876505,2/1/2016 18:30,18:30,12,0,0,BLAKE STREET & BROADWAY STREET NORTH,5,3,1,2,1,1,,0,30,0,0,0,0,0,4,2,14
,2016_25587,39.770469,-104.9734035,9/12/2016 17:16,17:16,6,0,0,3700 BLOCK BLAKE STREET & DOWNING STREET NORTH,1,1,0,0,1,4,,0,25,0,0,0,0,0,4,2,13
,2016_25588,39.749643,-105.000084,10/17/2016 13:39,13:39,6,0,0,BLAKE STREET 1500 BLOCK & 18TH STREET,1,1,1,0,1,4,,0,30,0,0,0,0,0,4,2,14
,2016_25589,39.72726,-104.987403,1/21/2016 14:58,14:58,12,0,0,BROADWAY & SEVENTH AVENUE EAST,1,1,1,7,1,3,,0,30,0,0,0,0,1,4,2,3
,2016_25590,39.733839,-104.987394,5/29/2016 20:30,20:30,6,0,0,BROADWAY & 11TH AVENUE EAST,1,3,0,0,1,4,,0,35,0,0,0,0,0,4,2,13
,2016_25591,39.73842,-104.987394,6/27/2016 10:37,10:37,15,0,0,BROADWAY NORTH & 14TH AVENUE EAST,1,1,0,0,1,4,,0,45,0,0,0,0,0,4,2,14
,2016_25592,39.712995,-104.987574,11/20/2016 13:26,13:26,3,0,0,BROADWAY SOUTH & CEDAR AVENUE EAST,1,1,0,7,1,1,,0,30,0,0,0,0,0,4,2,16
,2016_25594,39.709314,-104.98761,3/19/2016 18:31,18:31,12,0,0,BROADWAY SOUTH & DAKOTA AVENUE EAST,1,3,0,7,1,4,,0,35,0,0,0,0,0,4,2,3
,2016_25595,39.693024,-104.987466,6/8/2016 12:42,12:42,15,0,0,BROADWAY & LOUISIANA AVENUE,1,1,0,0,1,4,,0,30,0,0,0,0,0,4,2,14
,2016_25596,39.75453,-104.987421,6/5/2016 14:25,14:25,1,0,0,BROADWAY NORTH & PARK AVENUE WEST,1,1,0,7,1,1,,0,35,0,0,0,0,1,4,2,1
,2016_25597,39.67308,-104.9875335,5/18/2016 17:25,17:25,3,0,0,BROADWAY SOUTH & WESLEY AVENUE EAST,1,1,0,0,1,1,,0,35,0,0,0,0,0,4,2,13
,2016_25598,39.764475,-104.96097,2/21/2016 16:20,16:20,6,0,0,BRUCE RANDOLPH AVENUE EAST & GAYLORD STREET NORTH,1,1,0,0,1,4,,0,35,0,0,0,0,0,4,2,14
,2016_25599,39.680586,-104.9451345,11/4/2016 15:05,15:05,15,0,0,BUCHTEL BOULEVARD & MONROE STREET SOUTH,1,1,0,0,1,4,,0,30,0,0,0,0,0,4,2,13
,2016_25600,39.748887,-104.9874525,11/30/2016 12:58,12:58,12,0,0,CALIFORNIA STREET 2000 BLOCK & BROADWAY,1,1,0,7,1,1,,0,30,0,0,0,0,0,4,2,16
,2016_25601,39.787353,-104.7635235,12/7/2016 11:00,11:00,6,0,0,CATHAY COURT 4995 NORTH & 50TH AVENUE EAST,4,1,0,2,1,3,,0,25,0,0,0,0,0,4,2,1
,2016_25602,39.76506,-104.8903515,5/17/2016 7:45,7:45,12,0,0,CENTRAL PARK BOULEVARD & 35TH AVENUE EAST,2,1,0,1,1,4,,0,35,0,0,0,0,1,4,2,16
,2016_25603,39.767346,-104.8905135,2/21/2016 15:45,15:45,12,0,0,CENTRAL PARK BOULEVARD 3600 BLOCK NORTH & 36TH AVENUE EAST,1,1,0,7,1,4,,0,30,0,0,0,0,0,4,2,16
,2016_25604,39.768948,-104.995332,3/7/2016 8:40,8:40,12,0,0,CENTRAL PARK BOULEVARD & 38TH AVENUE EAST,1,1,1,7,1,4,,0,35,0,0,0,0,0,4,3,16
,2016_25605,39.774105,-104.882778,8/13/2016 4:03,4:03,8,0,0,CENTRAL PARK BOULEVARD & 40TH AVENUE EAST,1,3,0,7,1,4,,0,35,0,0,0,0,0,4,2,14
,2016_25606,39.74744426,-104.9926289,5/25/2016 15:05,15:05,12,0,0,CHAMPA STREET 1700 BLOCK & 17TH STREET,1,1,0,7,1,4,,0,30,0,0,0,0,0,4,2,1
,2016_25607,39.73383,-104.99166,10/14/2016 21:06,21:06,6,0,0,CHEROKEE STREET NORTH & 11TH AVENUE WEST,1,3,1,0,1,4,,0,30,0,0,0,0,0,4,2,7
,2016_25608,39.708225,-104.944491,2/5/2016 18:03,18:03,5,0,0,CHERRY CREEK DRIVE SOUTH & HARRISON STREET SOUTH,5,3,0,0,2,1,,0,30,0,0,0,0,1,4,1,13
,2016_25609,39.695895,-104.922234,6/22/2016 16:04,16:04,12,0,0,CHERRY CREEK SOUTH DRIVE & HOLLY STREET SOUTH,1,1,0,7,1,1,,0,35,0,0,0,0,0,4,2,16
,2016_25610,39.696894,-104.9239035,3/30/2016 17:24,17:24,1,0,0,CHERRY CREEK SOUTH DRIVE & MISSISSIPPI AVENUE EAST,2,1,0,4,1,3,,0,35,0,0,0,0,0,4,2,14
,2016_25611,39.74331972,-104.9774955,4/27/2016 15:40,15:40,12,0,0,CLARKSON STREET 1700 BLOCK NORTH & 18TH AVENUE EAST,1,1,0,0,1,3,,0,,0,0,0,0,0,4,2,13
,2016_25612,39.709269,-104.978061,3/26/2016 11:20,11:20,6,0,0,CLARKSON STREET SOUTH & DAKOTA AVENUE EAST,2,1,1,2,1,4,,0,25,0,0,0,0,0,4,3,14
,2016_25613,39.78399038,-105.0204161,10/2/2016 14:33,14:33,6,0,0,CLAY STREET 4800 BLOCK NORTH & 48TH AVENUE WEST,1,1,0,0,1,4,,0,25,0,0,0,0,0,4,3,1
,2016_25614,39.75466436,-104.935023,5/23/2016 12:22,12:22,6,0,0,CLERMONT STREET NORTH & 1500 BLOCK,1,1,0,0,1,4,,0,25,0,0,0,0,0,4,2,7
,2016_25615,39.73347,-104.9350005,5/9/2016 11:53,11:53,3,0,1,CLERMONT STREET NORTH & HALE PARKWAY,1,1,0,7,1,1,,0,30,0,0,0,0,2,4,2,16
,2016_25616,39.668535,-105.022764,5/19/2016 15:01,15:01,6,0,0,COLLEGE AVENUE WEST & DECATUR STREET SOUTH,1,1,0,0,1,4,,0,30,0,0,0,0,0,4,3,14
,2016_25617,39.68397,-104.973453,1/6/2016 16:00,16:00,3,0,0,COLORADO AVENUE EAST & DOWNING STREET SOUTH,1,1,0,0,1,1,,0,25,0,0,0,0,0,4,2,13
,2016_25618,39.614508,-105.09687,12/18/2016 14:49,14:49,3,0,0,CROSS DRIVE WEST & ESTES STREET SOUTH,6,1,1,0,1,2,,0,30,0,0,0,0,0,4,2,13
,2016_25619,39.706758,-105.0298335,5/31/2016 7:33,7:33,15,0,0,CUSTER PLACE WEST & IRVING STREET SOUTH,1,1,0,0,1,4,,0,20,0,0,0,0,0,4,2,13
,2016_25620,39.71932304,-105.0227727,1/15/2016 13:43,13:43,6,0,1,DECATUR STREET & 830 SOUTH,1,1,0,7,1,4,,0,25,0,0,0,0,2,4,3,12
,2016_25621,39.665322,-105.022773,2/28/2016 21:19,21:19,3,0,0,DECATUR STREET SOUTH & AMHERST AVENUE WEST,1,4,0,7,1,1,,0,25,0,0,0,0,0,4,2,16
,2016_25622,39.733848,-104.992956,12/3/2016 16:52,16:52,15,0,0,DELAWARE STREET NORTH & 11TH AVENUE WEST,1,3,0,7,1,4,,0,30,0,0,0,0,0,4,2,14
,2016_25623,39.729069,-104.972958,5/9/2016 10:06,10:06,12,0,0,DOWNING STREET 700 BLOCK NORTH & EIGHTH AVENUE EAST,1,1,0,7,1,2,,0,30,0,0,0,0,0,4,2,14
,2016_25624,39.685743,-104.973453,11/7/2016 21:25,21:25,12,0,0,DOWNING STREET SOUTH & MEXICO AVENUE EAST EAST,1,4,0,7,1,4,,0,30,0,0,0,0,0,4,2,16
,2016_25625,39.748797,-105.0236235,12/18/2016 19:50,19:50,6,0,0,ELIOT STREET 2102 NORTH & 21ST AVENUE WEST,4,1,0,0,1,4,,0,25,0,0,0,0,0,4,2,13
,2016_25626,39.78221814,-104.7583149,7/20/2016 20:00,20:00,12,0,0,ELK PLACE & 14566 EAST,1,1,0,0,1,2,,0,30,0,0,0,0,0,4,2,13
,2016_25627,39.67866,-105.020352,2/9/2016 14:51,14:51,12,0,0,EVANS AVENUE 2700 BLOCK WEST & CLAY STREET SOUTH,1,1,0,7,1,3,,0,30,0,0,0,0,0,4,3,16
,2016_25629,39.678435,-104.9251905,5/9/2016 17:12,17:12,12,0,0,EVANS AVENUE 5300 BLOCK EAST & GRAPE STREET SOUTH,1,1,0,7,1,4,,0,35,0,0,0,0,0,4,2,3
,2016_25630,39.678489,-104.9652315,4/12/2016 14:12,14:12,12,0,0,EVANS AVENUE 1900 BLOCK EAST & HIGH STREET SOUTH,1,1,0,7,1,3,,0,30,0,0,0,0,1,4,2,16
,2016_25631,39.678435,-104.922234,3/11/2016 15:00,15:00,3,0,0,EVANS AVENUE EAST & HOLLY STREET SOUTH,1,1,0,0,1,1,,0,35,0,0,0,0,0,4,2,1
,2016_25632,39.678435,-104.922234,10/3/2016 10:11,10:11,12,0,0,EVANS AVENUE 5400 BLOCK EAST & HOLLY STREET SOUTH,1,1,0,7,1,4,,0,35,0,0,0,0,1,4,2,3
,2016_25633,39.678453,-104.915952,3/26/2016 16:04,16:04,12,0,0,EVANS AVENUE 6300 BLOCK EAST & LEYDEN STREET SOUTH,1,1,0,7,1,4,,0,35,0,0,0,0,0,4,2,16
,2016_25634,39.783609,-104.7913916,7/25/2016 2:55,2:55,4,0,0,PENA BOULEVARD & GREEN VALLEY RANCH BOULEVARD,1,3,0,0,1,4,,0,65,0,0,0,0,0,4,1,7
,2016_25635,39.678552,-104.9816925,4/11/2016 18:10,18:10,12,0,0,EVANS AVENUE 500 BLOCK EAST & PENNSYLVANIA STREET SOUTH,1,1,0,7,1,4,,0,30,0,0,0,0,0,4,4,16
,2016_25636,39.7619235,-104.9278905,6/3/2016 19:19,19:19,5,0,0,FAIRFAX 2900 BLOCK & FOREST ALLEY,1,1,0,7,2,5,,0,15,0,0,0,0,0,4,1,16
,2016_25637,39.76180203,-104.953653,1/8/2016 12:12,12:12,5,0,0,FILLMORE STREET NORTH & 3435,4,1,0,2,2,4,,0,25,0,0,0,0,0,4,1,13
,2016_25638,39.764466,-104.953644,10/31/2016 20:50,20:50,6,0,0,FILLMORE STREET NORTH & BRUCE RANDOLPH AVENUE,1,3,0,0,1,4,,0,25,0,0,0,0,0,4,2,5
,2016_25639,39.689397,-104.9827905,12/2/2016 16:55,16:55,6,0,0,FLORIDA AVENUE EAST & LOGAN STREET SOUTH,1,3,0,0,1,4,,0,25,0,0,0,0,0,4,2,1
,2016_25640,39.689325,-104.931702,6/25/2016 18:05,18:05,3,0,0,FLORIDA AVENUE EAST & DAHLIA STREET SOUTH,1,1,0,7,1,1,,0,25,0,0,0,0,0,4,2,7
,2016_25641,39.703842,-104.968701,7/29/2016 13:24,13:24,6,0,0,FRANKLIN STREET SOUTH & EXPOSITION AVENUE EAST,1,1,0,0,1,4,,0,30,0,0,0,0,0,4,2,3
,2016_25642,39.673071,-104.968764,1/29/2016 17:20,17:20,6,0,0,FRANKLIN STREET SOUTH & WESLEY AVENUE EAST,1,4,0,0,1,4,,0,25,0,0,0,0,0,4,2,5
,2016_25643,39.655071,-104.8702725,12/18/2016 11:24,11:24,6,0,0,GALENA STREET 3400 BLOCK SOUTH & GIRARD AVENUE EAST,4,4,0,0,1,4,,0,25,0,0,0,0,0,4,2,13
,2016_25644,39.655071,-104.8702725,12/30/2016 9:25,9:25,6,0,0,GIRARD AVENUE 10000 BLOCK EAST & GALENA STREET SOUTH,1,1,0,0,1,4,,0,30,0,0,0,0,0,4,4,5
,2016_25645,39.716523,-104.9837805,8/10/2016 10:00,10:00,6,0,0,GRANT STREET NORTH & GRANT STREET 00 BLOCK NORTH,1,1,0,0,1,4,,0,,0,0,0,0,0,4,2,13
,2016_25646,39.671208,-104.9593905,9/2/2016 15:58,15:58,5,0,0,UNIVERSITY BOULEVARD 2400 SOUTH & HARVARD AVENUE EAST,1,1,1,0,3,4,,0,30,0,0,0,0,0,4,1,3
,2016_25647,39.724074,-104.983614,10/20/2016 15:30,15:30,12,0,0,GRANT STREET NORTH & FIFTH AVENUE EAST,1,1,0,7,1,1,,0,30,0,0,0,0,0,4,2,16
,2016_25648,39.725622,-104.983605,2/24/2016 7:36,7:36,3,0,0,GRANT STREET NORTH & SIXTH AVENUE EAST,1,1,0,7,1,1,,1,30,0,0,0,0,0,4,2,16
,2016_25649,39.733965,-104.9834025,7/27/2016 16:58,16:58,12,0,0,GRANT STREET 1100 BLOCK NORTH & 11TH AVENUE EAST,1,1,0,7,1,4,,0,30,0,0,0,0,1,4,3,3
,2016_25650,39.741687,-104.9835735,10/20/2016 16:19,16:19,12,0,0,GRANT STREET NORTH & 16TH AVENUE EAST,1,1,0,7,1,1,,0,25,0,0,0,0,0,4,4,16
,2016_25651,39.783816,-104.7816855,9/21/2016 8:20,8:20,12,0,0,GREEN VALLEY RANCH BOULEVARD EAST & TELLURIDE STREET NORTH,1,1,0,0,1,3,,0,30,0,0,0,0,0,4,2,1
,2016_25653,39.783609,-104.772222,5/13/2016 15:55,15:55,12,0,0,GREEN VALLEY RANCH BOULEVARD EAST & TOWER ROAD NORTH,1,1,0,7,1,3,,0,35,0,0,0,0,0,4,3,1
,2016_25654,39.69657,-104.9547488,7/17/2016 10:51,10:51,5,0,0,MISSISSIPPI AVENUE & 1980 WEST,1,1,0,0,5,2,,0,30,0,0,0,0,0,3,1,3
,2016_25655,39.783609,-104.772222,12/1/2016 9:33,9:33,12,0,0,GREEN VALLEY RANCH BOULEVARD EAST & TOWER ROAD NORTH,1,1,0,7,1,1,,0,35,0,0,0,0,0,4,2,7
,2016_25656,39.77819419,-104.8657071,7/21/2016 14:21,14:21,15,0,0,HAVANA STREET 4400 BLOCK NORTH & 45TH AVENUE EAST,1,1,0,7,1,4,,1,35,0,0,0,0,0,4,2,1
,2016_25657,39.667491,-104.866164,10/9/2016 10:33,10:33,1,0,0,HAVANA STREET SOUTH & YALE AVENUE EAST,1,1,0,0,1,1,,0,45,0,0,0,0,0,4,2,13
,2016_25658,39.704004,-105.027534,1/8/2016 20:07,20:07,6,0,0,HAZEL COURT SOUTH & EXPOSITION AVENUE WEST,5,3,0,7,1,3,,0,25,0,0,0,0,0,4,2,9
,2016_25659,39.682062,-104.922234,5/24/2016 13:40,13:40,15,0,0,HOLLY STREET 1800 BLOCK SOUTH & JEWELL AVENUE EAST,2,1,0,1,1,4,,0,30,0,0,0,0,0,4,2,16
,2016_25660,39.747582,-105.0299325,7/1/2016 23:10,23:10,6,0,0,IRVING STREET NORTH & 20TH AVENUE WEST,2,3,0,1,1,4,,0,25,0,0,0,0,0,4,2,12
,2016_25661,39.769398,-105.0299505,5/10/2016 9:57,9:57,6,0,0,IRVING STREET & 38TH AVENUE WEST,1,1,0,0,1,4,,0,35,0,0,0,0,0,4,2,14
,2016_25662,39.70764,-105.0298425,3/20/2016 18:29,18:29,12,0,0,IRVING STREET SOUTH & VIRGINIA AVENUE WEST,1,1,0,7,1,4,,0,25,0,0,0,0,0,4,2,3
,2016_25663,39.79277099,-104.9428621,2/17/2016 13:05,13:05,12,0,0,JACKSON STREET & 1100 BLOCK SOUTH,1,1,0,0,1,3,,0,25,0,0,0,0,0,4,2,3
,2016_25664,39.724128,-104.9582655,12/30/2016 13:59,13:59,3,0,0,JOSEPHINE STREET NORTH & FIFTH AVENUE EAST,1,1,0,7,1,1,,0,25,0,0,0,0,0,4,2,14
,2016_25665,39.729114,-104.959071,6/12/2016 15:00,15:00,3,0,1,JOSEPHINE STREET NORTH & EIGHTH AVENUE EAST,1,1,0,0,1,1,,0,30,0,0,0,0,2,4,2,3
,2016_25666,39.680253,-104.9579325,6/24/2016 12:21,12:21,14,0,0,JOSEPHINE STREET SOUTH & ASBURY AVENUE EAST,1,1,0,7,1,4,,0,25,0,0,0,0,0,4,2,3
,2016_25667,39.77490155,-105.0322724,1/7/2016 15:47,15:47,12,0,0,KNOX COURT & 700 BLOCK NORTH,1,1,0,0,1,4,,0,25,0,0,0,0,0,4,2,13
,2016_25668,39.719745,-105.032475,5/8/2016 0:40,0:40,6,0,0,KNOX COURT NORTH & SECOND AVENUE WEST,1,3,0,0,1,4,,0,30,0,0,0,0,0,4,2,2
,2016_25669,39.75824081,-104.9163615,5/22/2016 14:10,14:10,3,0,0,KRAMERIA STREET & 1300 BLOCK NORTH,1,1,0,0,1,2,,0,10,0,0,0,0,0,4,2,13
,2016_25670,39.741642,-104.986134,7/21/2016 11:50,11:50,12,0,0,LINCOLN STREET NORTH & 16TH AVENUE EAST,1,1,0,7,1,1,,0,30,0,0,0,0,0,4,2,16
,2016_25671,39.716514,-104.982633,7/27/2016 16:40,16:40,12,0,0,LOGAN STREET NORTH & LOGAN STREET 1300 BLOCK NORTH,1,1,0,0,1,4,,0,35,0,0,0,0,1,4,4,13
,2016_25672,39.692943,-104.9362245,6/26/2016 17:59,17:59,1,0,0,LOUISIANA AVENUE EAST & BIRCH STREET SOUTH,1,1,0,7,1,1,,0,30,0,0,0,0,1,4,2,3
,2016_25673,39.7172835,-104.8960418,10/31/2016 18:30,18:30,15,0,0,LOWRY BOULEVARD & RAMPART WAY NORTH,1,2,0,7,1,1,,0,35,0,0,0,0,0,4,2,1
,2016_25674,39.717819,-104.946165,4/1/2016 13:10,13:10,6,0,0,MADISON STREET & FIRST AVENUE EAST,1,1,1,0,3,4,,0,25,0,0,0,0,0,4,2,13
,2016_25675,39.73203092,-104.9718015,9/2/2016 11:00,11:00,6,0,0,MARION STREET NORTH & 900 BLOCK,1,1,0,0,1,4,,0,25,0,0,0,0,0,4,2,13
,2016_25676,39.77828122,-105.0029395,12/7/2016 15:30,15:30,6,0,0,MARIPOSA WAY & 45TH AVENUE WEST,4,1,0,2,1,4,,0,25,0,0,0,0,0,4,2,14
,2016_25677,39.75031845,-104.9977268,7/4/2016 1:30,1:30,6,0,0,MARKET STREET & 1800 BLOCK,1,3,0,0,1,4,,0,30,0,0,0,0,0,4,2,13
,2016_25678,39.748023,-105.0006915,8/30/2016 7:55,7:55,10,0,0,MARKET STREET & 14TH STREET,1,1,0,0,1,1,,0,,0,0,0,0,0,4,2,13
,2016_25679,39.782619,-105.0357915,1/7/2016 8:54,8:54,10,0,0,MEADE STREET NORTH & 4868,1,1,0,0,1,2,,0,30,0,0,0,0,0,4,2,14
,2016_25681,39.790998,-104.796144,2/2/2016 19:00,19:00,3,0,0,MEMPHIS STREET NORTH & 53RD AVENUE EAST,4,3,0,0,1,2,,0,15,0,0,0,0,0,4,2,13
,2016_25682,39.74001,-104.99202,7/31/2016 2:10,2:10,6,0,0,MEXICO AVENUE & 4100 BLOCK EAST,1,3,0,0,1,1,,0,30,0,0,0,0,0,4,2,5
,2016_25683,39.69657,-104.9407425,6/27/2016 12:13,12:13,10,0,0,MISSISSIPPI AVENUE 4000 BLOCK EAST & COLORADO BL SOUTH,1,1,0,0,1,2,,0,30,0,0,0,0,0,4,2,13
,2016_25684,39.69675,-105.0127245,8/9/2016 8:40,8:40,3,0,0,MISSISSIPPI AVENUE WEST & TEJON STREET SOUTH,1,1,0,7,1,1,,0,25,0,0,0,0,0,4,2,1
,2016_25685,39.735144,-104.975271,2/4/2016 23:24,23:24,3,0,0,OGDEN STREET NORTH & 12TH AVENUE EAST,5,3,0,0,1,1,,0,25,0,0,0,0,0,4,3,5
,2016_25686,39.761964,-104.903451,11/23/2016 7:25,7:25,3,0,0,MLK BOULEVARD & QUEBEC STREET NORTH,1,1,0,7,1,1,,0,35,0,0,0,0,0,4,3,8
,2016_25687,39.761964,-104.903451,12/23/2016 15:00,15:00,3,0,0,MLK BOULEVARD & QUEBEC STREET NORTH,1,1,0,7,1,1,,0,35,0,0,0,0,0,4,2,16
,2016_25688,39.762,-104.912865,6/22/2016 17:31,17:31,12,0,0,MLK BOULEVARD & MONACO STREET NORTH,1,1,0,7,1,4,,0,30,0,0,0,0,0,4,2,1
,2016_25689,39.645702,-104.912685,3/15/2016 16:00,16:00,5,0,0,MONACO STREET SOUTH & MANSFIELD AVENUE EAST,1,1,0,0,2,4,,0,30,0,0,0,0,0,4,1,2
,2016_25690,39.66998062,-104.9127446,4/2/2016 23:27,23:27,12,0,0,MONACO STREET 2600 BLOCK NORTH & 26TH AVENUE EAST,1,3,0,7,1,4,,0,35,0,0,0,0,0,4,2,1
,2016_25691,39.662721,-104.912991,4/7/2016 19:38,19:38,12,0,0,MONACO STREET SOUTH & CORNELL AVENUE EAST,1,3,0,7,1,1,,0,35,0,0,0,0,0,4,2,3
,2016_25692,39.703887,-104.912964,5/12/2016 17:21,17:21,15,0,0,MONACO STREET & EXPOSITION AVENUE EAST,1,1,0,0,1,4,,0,35,0,0,0,0,0,4,2,14
,2016_25693,39.674835,-104.912973,4/27/2016 15:45,15:45,12,0,0,MONACO STREET SOUTH & ILIFF AVENUE EAST,1,1,0,7,1,1,,0,30,0,0,0,0,0,4,2,14
,2016_25694,39.667626,-104.912964,4/20/2016 8:24,8:24,1,0,0,MONACO STREET SOUTH & YALE AVENUE EAST,1,1,0,0,1,1,,0,35,0,0,0,0,1,4,2,13
,2016_25695,39.747438,-104.90346,1/15/2016 0:00,0:00,12,0,0,MONTVIEW BOULEVARD EAST & QUEBEC STREET NORTH,1,3,0,0,1,1,,0,30,0,0,0,0,0,4,2,14
,2016_25696,39.747429,-104.898771,10/25/2016 15:29,15:29,12,0,0,MONTVIEW BOULEVARD EAST & SYRACUSE STREET NORTH,1,1,0,7,1,1,,0,30,0,0,0,0,0,4,2,16
,2016_25697,39.703968,-105.0430905,10/28/2016 16:16,16:16,1,0,0,MORRISON ROAD & STUART STREET SOUTH,1,1,0,7,1,1,,0,35,0,0,0,0,0,4,2,7
,2016_25698,39.73085701,-105.0040916,3/13/2016 0:00,0:00,6,0,0,NAVAJO STREET NORTH & 3400 BLOCK NORTH,1,3,1,0,1,4,,0,25,0,0,0,0,0,4,2,1
,2016_25699,39.75849,-105.038154,11/8/2016 7:20,7:20,3,0,0,OSCEOLA STREET NORTH & 29TH AVENUE WEST,1,1,0,7,1,1,,0,25,0,0,0,0,0,4,2,16
,2016_25700,39.780873,-104.8829445,5/10/2016 12:30,12:30,12,0,0,46TH PLACE EAST & CENTRAL PARK BOULEVARD NORTH,1,1,0,7,1,1,,0,35,0,0,0,0,0,4,2,16
,2016_25701,39.755088,-104.988114,7/31/2016 21:31,21:31,12,0,0,PARK AVENUE WEST & LAWRENCE STREET,1,3,0,7,1,1,,0,30,0,0,0,0,0,4,2,16
,2016_25702,39.759282,-104.993892,4/24/2016 0:46,0:46,6,0,0,PARK AVENUE WEST 3300 BLOCK & WEWATTA STREET,1,3,0,7,1,4,,0,35,0,0,0,0,0,4,2,14
,2016_25703,39.7859126,-104.9800304,5/8/2016 13:00,13:00,6,0,0,PEARL STREET & 1300 BLOCK NORTH,1,1,0,0,1,4,,0,30,0,0,0,0,0,4,4,13
,2016_25704,39.737007,-104.979762,1/23/2016 23:34,23:34,6,0,0,PEARL STREET 1300 BLOCK NORTH & 13TH AVENUE EAST,1,4,1,0,1,4,,0,30,0,0,0,0,0,4,2,13
,2016_25705,39.765636,-105.006474,11/16/2016 8:00,8:00,10,0,0,PECOS STREET NORTH & 35TH AVENUE WEST,1,1,0,0,1,1,,0,25,0,0,0,0,0,4,2,13
,2016_25706,39.83358199,-104.7220845,12/26/2016 14:30,14:30,12,0,0,PENA BOULEVARD 7500 BLOCK EAST & MM 11,1,1,0,7,1,4,,0,45,0,0,0,0,0,4,2,1
,2016_25707,39.844602,-104.6809395,6/14/2016 6:00,6:00,15,0,0,PENA BOULEVARD & 4800 BLOCK,1,1,0,0,1,14,,0,65,0,0,0,0,0,4,2,3
,2016_25708,39.844602,-104.6809395,3/12/2016 6:10,6:10,12,0,0,PENA BOULEVARD & 7400 BLOCK,1,1,0,2,1,4,,0,65,0,0,0,0,1,4,2,4
,2016_25709,39.844602,-104.6809395,3/13/2016 22:57,22:57,15,0,0,PENA BOULEVARD 8000 BLOCK NORTH & TERMINAL ROAD WEST SPLIT,1,3,0,0,1,14,,0,35,0,0,0,0,0,4,2,13
,2016_25710,39.798396,-104.786415,1/3/2016 19:20,19:20,5,0,0,PENA BOULEVARD & 56TH AVENUE EAST,1,4,0,0,2,1,,0,65,0,0,0,0,0,4,1,2
,2016_25711,39.783609,-104.7913916,1/26/2016 20:45,20:45,12,0,0,PENA BOULEVARD & GREEN VALLEY RANCH BOULEVARD EAST,1,3,0,7,1,1,,0,15,0,0,0,0,0,4,2,16
,2016_25712,39.77614197,-104.8469535,7/16/2016 11:15,11:15,14,0,0,PEORIA STREET NORTH & 3800 BLOCK NORTH,1,1,0,0,1,4,,0,35,0,0,0,0,0,4,2,13
,2016_25713,39.779577,-104.8471335,10/21/2016 15:39,15:39,12,0,0,PEORIA STREET NORTH & 46TH AVENUE EAST,1,1,0,7,1,1,,0,35,0,0,0,0,0,4,3,16