id,drcog_id,latitude,longitude,crashtime,time,crashtype,numbkilled,numbinjurd,drcoglocat,rdconditin,lightngcon,roadcntgrd,weatherco,location,roaddescrp,schoolzone,constrzone,splimit,bikeinv,pedinv,sctrinv,motoinv,svrty,rdsystem,ttlvehcls,hcf
,2016_25714,39.794211,-104.8472235,5/31/2016 7:48,7:48,15,0,0,PEORIA STREET NORTH & 54TH AVENUE EAST,1,1,0,0,1,2,,0,35,0,0,0,0,0,4,2,13
,2016_25715,39.796857,-104.734413,1/12/2016 8:17,8:17,1,0,0,PICADILLY ROAD NORTH & MAXWELL PLACE EAST,1,1,1,0,1,1,,0,40,0,0,0,0,0,4,2,7
,2016_25716,39.69667516,-105.0086616,7/24/2016 23:15,23:15,5,0,0,RARITAN STREET 1100 BLOCK NORTH & 12TH AVENUE WEST,1,3,0,7,2,4,,0,25,0,0,0,0,0,4,1,14
,2016_25717,39.691683,-104.99679,7/25/2016 14:10,14:10,12,0,0,PLATTE RIVER DRIVE SOUTH & HURON STREET SOUTH,1,1,0,0,1,4,,0,25,0,0,0,0,0,4,2,8
,2016_25718,39.718404,-104.903784,12/11/2016 8:16,8:16,3,0,0,QUEBEC STREET NORTH & FIRST AVENUE EAST,6,1,0,7,1,1,,0,30,0,0,0,0,1,4,2,7
,2016_25719,39.729267,-104.9034735,10/14/2016 11:33,11:33,12,0,0,QUEBEC STREET 800 BLOCK NORTH & EIGHTH AVENUE EAST,1,1,0,7,1,4,,0,35,0,0,0,0,0,4,2,16
,2016_25720,39.733785,-104.902722,9/30/2016 14:43,14:43,12,0,0,QUEBEC STREET 1100 BLOCK NORTH & 11TH AVENUE EAST,1,1,0,0,1,1,,0,,0,0,0,0,1,4,2,13
,2016_25721,39.75226494,-104.9033752,5/3/2016 8:49,8:49,15,0,0,QUEBEC STREET 2400 BLOCK NORTH & 24TH AVENUE EAST,1,1,0,0,1,4,,0,30,0,0,0,0,0,4,2,13
,2016_25722,39.754728,-104.9034015,4/1/2016 15:28,15:28,15,0,0,QUEBEC STREET NORTH & 26TH AVENUE EAST,1,1,0,0,1,1,,0,35,0,0,0,0,0,4,2,13
,2016_25723,39.711222,-104.903505,11/14/2016 12:46,12:46,3,0,0,QUEBEC STREET SOUTH & ALAMEDA AVENUE EAST,1,1,1,7,1,1,,0,35,0,0,0,0,0,4,2,3
,2016_25725,39.77171824,-104.90281,3/14/2016 10:53,10:53,12,0,0,QUEBEC STREET 800 BLOCK SOUTH & KENTUCKY AVENUE EAST,1,1,1,7,1,4,,0,35,0,0,0,0,0,4,2,3
,2016_25727,39.698523,-104.903541,8/6/2016 17:55,17:55,12,0,0,QUEBEC STREET 800 BLOCK SOUTH & LEETSDALE DRIVE,1,1,1,7,1,4,,0,30,0,0,0,0,1,4,2,16
,2016_25728,39.761964,-104.903451,8/14/2016 14:55,14:55,15,0,0,QUEBEC STREET NORTH & MLK BOULEVARD,1,1,0,0,1,3,,0,35,0,0,0,0,0,4,2,4
,2016_25729,39.63861,-104.899284,3/25/2016 14:48,14:48,15,0,0,QUINCY AVENUE EAST & SYRACUSE STREET SOUTH,1,1,1,0,1,1,,0,35,0,0,0,0,0,4,2,13
,2016_25730,39.638664,-104.89266,12/21/2016 8:17,8:17,12,0,0,QUINCY AVENUE 8100 BLOCK EAST & TAMARA STREET SOUTH,1,1,0,7,1,3,,0,30,0,0,0,0,0,4,2,3
,2016_25731,39.733443,-104.963472,10/28/2016 6:00,6:00,6,0,0,RACE STREET 1077 NORTH & 11TH AVENUE EAST,1,1,0,0,1,4,,0,25,0,0,0,0,0,4,2,13
,2016_25732,39.704697,-105.04206,6/27/2016 1:12,1:12,6,0,0,RALEIGH STREET SOUTH & MORRISON ROAD,1,4,0,0,1,4,,0,25,0,0,0,0,0,4,2,1
,2016_25733,39.685842,-105.0089175,9/12/2016 19:18,19:18,12,0,0,RARITAN STREET SOUTH & MEXICO AVENUE WEST,1,1,0,0,1,3,,0,25,0,0,0,0,0,4,2,7
,2016_25734,39.748932,-105.001254,5/5/2016 23:48,23:48,10,0,0,14TH STREET & BLAKE STREET,1,3,0,0,1,1,,0,25,0,0,0,0,0,4,2,13
,2016_25735,39.7467,-104.9989815,7/4/2016 15:37,15:37,12,0,0,14TH STREET 1200 BLOCK & LAWRENCE STREET,1,1,0,0,1,1,,0,30,0,0,0,0,0,4,2,14
,2016_25736,39.741606,-104.98995,2/4/2016 10:16,10:16,3,0,0,15TH STREET & COURT PLACE,5,1,0,7,1,1,,0,30,0,0,0,0,0,4,2,16
,2016_25737,39.74292,-104.991642,11/13/2016 15:30,15:30,3,0,0,15TH STREET & GLENARM PLACE,1,1,0,7,1,1,,0,30,0,0,0,0,0,4,2,16
,2016_25738,39.748257,-104.998662,6/15/2016 16:43,16:43,15,0,0,15TH STREET & LARIMER STREET,1,1,0,0,1,3,,0,30,0,0,0,0,0,4,2,8
,2016_25739,39.747456,-104.992722,7/22/2016 9:57,9:57,15,0,0,17TH STREET 900 BLOCK & CHAMPA STREET,1,1,0,7,1,4,,0,30,0,0,0,0,0,4,2,16
,2016_25740,39.752397,-104.996745,2/23/2016 16:04,16:04,15,0,0,18TH STREET & BLAKE STREET,1,1,0,0,1,1,,0,30,0,0,0,0,0,4,2,13
,2016_25741,39.761118,-105.008094,6/21/2016 8:57,8:57,3,0,0,18TH STREET & BOULDER STREET,1,1,0,7,1,1,,0,30,0,0,0,0,0,4,2,14
,2016_25742,39.751056,-104.995026,11/25/2016 17:52,17:52,12,0,0,18TH STREET & LARIMER STREET,1,3,1,7,1,1,,0,25,0,0,0,0,0,4,2,16
,2016_25743,39.750651,-104.991984,12/24/2016 15:33,15:33,10,0,0,19TH STREET & ARAPAHOE STREET,1,1,0,0,1,1,,0,30,0,0,0,0,0,4,2,13
,2016_25744,39.750264,-104.9891625,12/13/2016 12:00,12:00,3,0,0,20TH STREET & CHAMPA STREET,1,1,0,7,1,1,,0,30,0,0,0,0,0,4,2,16
,2016_25745,39.752667,-104.98743,11/28/2016 7:49,7:49,10,0,0,22ND STREET & BROADWAY STREET NORTH,1,1,0,0,1,1,,0,30,0,0,0,0,0,4,2,8
,2016_25746,39.75075,-104.984946,10/6/2016 17:16,17:16,3,0,0,22ND STREET & CALIFORNIA STREET,1,1,1,0,1,1,,0,30,0,0,0,0,0,4,2,13
,2016_25747,39.760929,-104.978763,12/28/2016 14:51,14:51,3,0,0,30TH STREET & ARAPAHOE STREET,1,1,0,7,1,1,,0,25,0,0,0,0,0,4,2,3
,2016_25748,39.76281,-104.97636,7/6/2016 16:30,16:30,3,0,0,32ND STREET & ARAPAHOE STREET,1,1,0,7,1,1,,0,25,0,0,0,0,1,4,2,16
,2016_25749,39.767607,-104.975361,9/28/2016 17:45,17:45,3,0,0,35TH STREET & WALNUT STREET,1,1,0,0,1,1,,0,25,0,0,0,0,1,4,2,13
,2016_25750,39.778956,-105.015843,7/15/2016 10:50,10:50,3,0,0,SCOTT PLACE WEST & ZUNI STREET NORTH,1,1,0,0,1,6,,0,10,0,0,0,0,0,4,2,13
,2016_25751,39.639762,-105.05331,2/21/2016 14:39,14:39,1,0,0,SHERIDAN BOULEVARD SOUTH & QUINCY AVENUE WEST,1,1,1,7,1,1,,0,20,0,0,0,0,1,4,4,16
,2016_25752,39.75003,-105.0049305,7/19/2016 19:04,19:04,12,0,0,SPEER BOULEVARD NORTH & CHOPPER CIRCLE,2,2,0,1,1,3,,0,30,0,0,0,0,0,4,2,14
,2016_25753,39.720105,-104.9775525,11/28/2016 15:45,15:45,15,0,0,SPEER BOULEVARD 700 BLOCK EAST & CLARKSON STREET NORTH,1,1,0,0,1,3,,0,30,0,0,0,0,0,4,2,13
,2016_25754,39.718278,-104.973777,10/15/2016 13:45,13:45,12,0,0,SPEER BOULEVARD EAST & DOWNING STREET NORTH,1,5,1,0,1,1,,0,,0,0,0,0,0,4,2,13
,2016_25755,39.752343,-105.007563,3/3/2016 11:06,11:06,12,0,0,SPEER BOULEVARD SOUTHBOUND NORTH & ELITCH CIRCLE,1,1,0,7,1,3,,0,45,0,0,0,0,0,4,2,14
,2016_25756,39.74193,-104.99985,12/1/2016 19:10,19:10,3,0,0,SPEER BOULEVARD SOUTHBOUND & KALAMATH STREET NORTH,1,3,0,0,1,1,,0,35,0,0,0,0,1,4,2,14
,2016_25757,39.755133,-105.0127335,2/4/2016 19:06,19:06,12,0,0,SPEER BOULEVARD NORTH & I25 NORTHBOUND ON RAMP,1,3,0,0,1,14,,0,25,0,0,0,0,0,4,2,13
,2016_25758,39.75633,-105.015852,7/29/2016 12:30,12:30,3,0,0,SPEER BOULEVARD NORTH & ZUNI STREET NORTH,1,1,0,0,1,3,,0,30,0,0,0,0,0,4,2,13
,2016_25759,39.777993,-104.912901,3/8/2016 17:37,17:37,12,0,0,STAPLETON SOUTH DRIVE & MONACO STREET NORTH,1,1,0,7,1,4,,0,30,0,0,0,0,0,4,2,14
,2016_25760,39.741426,-104.9988915,2/10/2016 9:25,9:25,3,0,0,STOUT STREET & SPEER BOULEVARD NORTH,1,1,1,7,1,1,,0,30,0,0,0,0,0,4,2,8
,2016_25762,39.638664,-104.89266,1/28/2016 15:27,15:27,1,0,0,TAMARAC STREET SOUTH & QUINCY AVENUE EAST,1,1,1,7,1,1,,0,30,0,0,0,0,0,4,3,3
,2016_25763,39.787335,-104.806062,12/12/2016 20:45,20:45,5,0,0,51ST AVENUE 15600 EAST & 51ST DRIVE EAST,1,3,0,0,2,4,,0,,0,0,0,0,0,4,1,13
,2016_25764,39.770514,-105.0112035,3/19/2016 11:00,11:00,1,0,0,TEJON STREET 3900 NORTH & 39TH AVENUE WEST,1,1,0,7,1,3,,0,30,0,0,0,0,0,4,2,6
,2016_25765,39.71878396,-105.0108325,5/17/2016 7:26,7:26,3,0,0,TEJON STREET & 300 BLOCK SOUTH,2,1,0,0,1,2,,0,20,0,0,0,0,0,4,2,3
,2016_25766,39.631356,-104.8923,5/16/2016 15:11,15:11,12,0,0,TEMPLE DRIVE EAST & DTC BOULEVARD SOUTH,2,1,0,1,1,1,,0,30,0,0,0,0,1,4,2,14
,2016_25767,39.77575718,-105.0439759,12/22/2016 12:50,12:50,6,0,0,TENNYSON STREET & 4300 BLOCK,1,1,1,0,1,4,,0,25,0,0,0,0,0,4,2,13
,2016_25768,39.777993,-104.7720735,4/27/2016 15:10,15:10,12,0,0,TOWER ROAD NORTH & 45TH AVENUE EAST,1,1,0,7,1,1,,0,40,0,0,0,0,1,4,2,14
,2016_25769,39.777993,-104.7720735,10/22/2016 14:25,14:25,12,0,0,TOWER ROAD NORTH & 45TH AVENUE EAST,1,1,0,7,1,1,,0,40,0,0,0,0,0,4,2,3
,2016_25770,39.825486,-104.7719655,3/24/2016 10:17,10:17,10,0,0,TOWER ROAD NORTH & 71ST AVENUE EAST,4,1,0,2,1,1,,0,35,0,0,0,0,0,4,2,13
,2016_25771,39.629457,-104.895333,9/25/2016 0:19,0:19,3,0,0,ULSTER STREET SOUTH & UNION AVENUE EAST,1,3,0,0,1,1,,0,35,0,0,0,0,1,4,2,12
,2016_25772,39.778335,-104.9793615,12/6/2016 21:50,21:50,12,0,0,WASHINGTON STREET NORTH & 45TH AVENUE EAST,5,3,0,2,1,1,,0,35,0,0,0,0,0,4,2,3
,2016_25773,39.691125,-104.959332,11/6/2016 10:55,10:55,12,0,0,UNIVERSITY BOULEVARD SOUTH & ARKANSAS AVENUE EAST,1,1,0,7,1,4,,0,30,0,0,0,0,0,4,3,16
,2016_25774,39.703851,-104.95935,11/11/2016 13:02,13:02,15,0,0,UNIVERSITY BL 700 BLOCK SOUTH & BONNIE BRAE BOULEVARD SOUTH,1,1,1,7,1,4,,0,60,0,0,0,0,1,4,2,3
,2016_25775,39.678363,-104.959404,12/1/2016 22:20,22:20,1,0,0,UNIVERSITY BOULEVARD SOUTH & EVANS AVENUE EAST,1,3,0,7,1,1,,0,35,0,0,0,0,0,4,2,7
,2016_25776,39.703851,-104.95935,8/10/2016 16:07,16:07,12,0,0,UNIVERSITY BOULEVARD 600 BLOCK SOUTH & EXPOSITION AVENUE EAST,1,1,1,7,1,3,,0,30,0,0,0,0,0,4,2,3
,2016_25777,39.667581,-104.9593905,5/14/2016 18:11,18:11,12,0,0,UNIVERSITY BOULEVARD SOUTH & YALE AVENUE EAST,1,1,0,7,1,3,,0,35,0,0,0,0,1,4,2,7
,2016_25778,39.793212,-104.835681,9/15/2016 9:10,9:10,3,0,0,UVALDA STREET NORTH & 55TH AVENUE EAST,1,1,0,7,1,1,,0,25,0,0,0,0,1,4,2,1
,2016_25779,39.78918,-104.834844,9/21/2016 13:43,13:43,3,0,0,UVALDA STREET 5100 BLOCK NORTH & VICTOR WAY NORTH,1,1,0,0,1,2,,0,25,0,0,0,0,0,4,2,3
,2016_25780,39.759624,-105.013143,7/1/2016 3:05,3:05,6,0,0,VALLEJO STREET NORTH & 30TH AVENUE WEST,2,3,0,1,1,4,,0,25,0,0,0,0,0,4,2,14
,2016_25781,39.762009,-105.01317,10/11/2016 17:00,17:00,6,0,0,VALLEJO STREET NORTH & 32ND AVENUE WEST,1,1,0,0,1,4,,0,30,0,0,0,0,0,4,2,13
,2016_25783,39.773088,-105.0460335,2/17/2016 15:52,15:52,6,0,0,VRAIN STREET 4100 BLOCK NORTH & 41ST AVENUE WEST,1,1,0,0,1,4,,0,25,0,0,0,0,0,4,2,7
,2016_25784,39.746556,-105.004584,9/19/2016 14:54,14:54,12,0,0,WALNUT STREET & 11TH STREET,1,1,0,0,1,1,,0,25,0,0,0,0,0,4,2,14
,2016_25786,39.75111,-104.982453,12/2/2016 22:25,22:25,12,0,0,WELTON STREET 2300 BLOCK & 24TH STREET,1,3,0,7,1,3,,0,30,0,0,0,0,0,4,2,16
,2016_25787,39.762009,-104.9659515,6/17/2016 22:12,22:12,3,0,0,WILLIAMS STREET NORTH & MLK BOULEVARD,1,3,0,7,1,1,,0,25,0,0,0,0,0,4,2,3
,2016_25788,39.753774,-104.9985135,2/5/2016 23:15,23:15,15,0,0,WYNKOOP STREET & 18TH STREET,5,3,0,0,1,4,,0,25,0,0,0,0,0,4,2,7
,2016_25789,39.667725,-105.026985,11/9/2016 15:18,15:18,12,0,0,YALE AVENUE WEST & GROVE STREET SOUTH,1,1,0,7,1,3,,0,35,0,0,0,0,0,4,2,7
,2016_25791,39.66768,-105.0349725,11/22/2016 9:15,9:15,12,0,0,YALE AVENUE WEST & LOWELL BOULEVARD SOUTH,2,1,0,2,1,3,,0,35,0,0,0,0,0,4,2,7
,2016_25793,39.667626,-104.9036175,6/4/2016 9:22,9:22,12,0,0,YALE AVENUE EAST & QUEBEC STREET SOUTH,1,1,0,7,1,4,,0,35,0,0,0,0,0,4,3,16
,2016_25794,39.667698,-104.9726205,3/31/2016 16:35,16:35,12,0,0,YALE AVENUE 5200 BLOCK EAST & YALE AVENUE EAST,2,1,0,2,1,4,,0,35,0,0,0,0,0,4,2,3
,2016_25795,39.7821206,-104.9592915,5/13/2016 22:28,22:28,6,0,0,YORK STREET NORTH & 4676,1,3,0,0,1,4,,0,25,0,0,0,0,0,4,2,9
,2016_25796,39.771423,-104.9594715,7/20/2016 0:54,0:54,12,0,0,YORK STREET 3900 BLOCK NORTH & 40TH AVENUE EAST,1,3,0,7,1,4,,0,30,0,0,0,0,0,4,2,3
,2016_25797,39.758409,-105.0158835,1/14/2016 14:31,14:31,3,0,0,ZUNI STREET NORTH & 29TH AVENUE WEST,1,1,1,0,1,1,,0,30,0,0,0,0,0,4,2,13
,2016_26140,39.653226,-104.9185665,9/26/2016 15:25,15:25,12,0,0,I25 & HAMPDEN AVENUE EAST SOUTHBOUND EXIT GORE POINT,1,1,0,0,1,4,,0,65,0,0,0,0,0,1,2,13
,2016_26489,39.775032,-104.809923,1/16/2016 1:45,1:45,5,0,0,CHAMBERS ROAD NORTH & ANDREWS DRIVE EAST,1,3,0,0,2,4,,0,40,0,0,0,0,0,4,1,5
,2016_26558,39.760038,-104.865813,1/6/2016 7:00,7:00,3,0,0,MLK BOULEVARD EAST & HAVANA STREET NORTH,1,1,1,0,1,1,,0,35,0,0,0,0,0,4,2,13
,2016_26559,39.728934,-104.9906115,7/17/2016 0:43,0:43,3,0,0,EIGHTH AVENUE WEST & SPEER BOULEVARD,1,3,1,0,1,1,,0,30,0,0,0,0,0,4,2,1
,2016_26560,39.753333,-104.995521,7/22/2016 2:34,2:34,6,0,0,BLAKE STREET & 19TH STREET,1,3,0,0,1,4,,0,,0,0,0,0,0,4,2,14
,2016_26561,39.712896,-104.974551,7/23/2016 0:00,0:00,6,0,0,CORONA STREET SOUTH & CEDAR AVENUE EAST,1,3,0,0,1,4,,0,,0,0,0,0,0,4,2,13
,2016_26562,39.78616438,-104.8362782,2/7/2016 3:15,3:15,5,0,0,ANDREWS DRIVE & 14537 BLOCK,1,3,0,0,2,4,,0,35,0,0,0,0,0,4,2,13
,2016_26563,39.74001,-104.99202,8/16/2016 8:05,8:05,12,0,0,13TH AVENUE & 600 BLOCK WEST,1,1,0,0,1,3,,0,30,0,0,0,0,0,4,2,13
,2016_26564,39.779757,-104.9317335,8/16/2016 16:01,16:01,15,0,0,46TH AVENUE & DAHLIA STREET NORTH,1,1,0,0,1,4,,0,30,0,0,0,0,0,4,2,1
,2016_26565,39.798396,-104.786415,8/16/2016 23:45,23:45,5,0,0,PENA BOULEVARD & 56TH AVENUE APPROXIMATELY,1,3,0,0,2,4,,0,55,0,0,0,0,1,4,2,1
,2016_26566,39.678696,-105.015681,8/18/2016 7:55,7:55,1,0,0,EVANS AVENUE WEST & ZUNI STREET SOUTH,1,1,0,0,1,1,,0,35,0,0,0,0,1,4,3,3
,2016_26567,39.673098,-104.973462,8/18/2016 12:42,12:42,3,0,0,DOWNING STREET SOUTH & WESLEY AVENUE EAST,1,1,0,0,1,2,,0,30,0,0,0,0,0,4,2,13
,2016_26568,39.703851,-104.95935,8/18/2016 13:00,13:00,3,0,0,UNIVERSITY BOULEVARD SOUTH & EXPOSITION AVENUE EAST,1,1,0,0,1,1,,0,35,0,0,0,0,0,4,2,13
,2016_26569,39.738456,-104.9976405,8/18/2016 13:35,13:35,15,0,0,SPEER BOULEVARD & 14TH AVENUE WEST,1,1,0,0,1,4,,0,30,0,0,0,0,0,4,2,13
,2016_26570,39.653073,-104.9130225,8/19/2016 10:09,10:09,12,0,0,MONACO STREET SOUTH & HAMPDEN AVENUE EAST,1,1,1,0,1,3,,0,35,0,0,0,0,1,4,2,3
,2016_26571,39.725316,-104.922801,5/6/2016 17:52,17:52,12,0,0,SIXTH AVENUE EAST & HOLLY STREET NORTH,1,1,0,7,1,4,,0,35,0,0,0,0,0,4,2,16
,2016_26572,39.762018,-104.959773,8/26/2016 23:10,23:10,3,0,0,MLK BOULEVARD EAST & YORK STREET NORTH,1,3,0,0,1,1,,0,35,0,0,0,0,0,4,2,8
,2016_26573,39.711348,-104.9035005,8/27/2016 9:10,9:10,1,0,0,ALAMEDA AVENUE EAST & QUEBEC STREET SOUTH,1,1,0,0,1,1,,0,30,0,0,0,0,0,4,2,13
,2016_26574,39.72044179,-105.018651,8/27/2016 17:15,17:15,6,0,0,BRYANT STREET & 2500 BLOCK NORTH,1,1,1,0,1,4,,0,25,0,0,0,0,0,4,2,7
,2016_26575,39.745755,-105.000174,8/29/2016 6:29,6:29,15,0,0,SPEER BOULEVARD & LAWRENCE STREET,1,1,0,0,1,1,,0,25,0,0,0,0,0,4,2,13
,2016_26576,39.707451,-105.0381225,9/10/2016 12:00,12:00,12,0,0,MORRISON ROAD & OSCEOLA STREET SOUTH,1,1,0,0,1,1,,0,35,0,0,0,0,0,4,2,1
,2016_26577,39.70386,-104.903496,8/29/2016 8:28,8:28,12,0,2,QUEBEC STREET SOUTH & EXPOSITION AVENUE EAST,1,1,1,0,1,2,,0,30,0,0,0,0,2,4,2,3
,2016_26578,39.738402,-104.912802,8/29/2016 19:15,19:15,10,0,0,14TH AVENUE EAST & MONACO STREET NORTH,1,2,0,0,1,1,,0,35,0,0,0,0,0,4,2,7
,2016_26579,39.76361737,-105.0300315,8/29/2016 20:14,20:14,6,0,0,IRVING STREET & 1800 BLOCK SOUTH,1,3,0,0,1,4,,0,25,0,0,0,0,0,4,3,3
,2016_26580,39.732759,-104.931603,9/1/2016 9:18,9:18,6,0,0,HALE PARKWAY EAST & DAHLIA,1,1,0,0,1,4,,0,35,0,0,0,0,0,4,2,10
,2016_26581,39.783825,-105.0112035,9/2/2016 17:39,17:39,12,0,1,48TH AVENUE WEST & TEJON STREET NORTH,1,1,0,0,1,3,,0,25,0,0,0,0,2,4,2,3
,2016_26582,39.76029,-105.028164,9/5/2016 14:30,14:30,6,0,0,30TH AVENUE WEST & HOOKER STREET NORTH,1,1,0,0,1,4,,0,25,0,0,0,0,0,4,2,14
,2016_26584,39.725622,-104.983605,9/6/2016 15:55,15:55,3,0,0,GRANT STREET NORTH & SIXTH AVENUE EAST,1,1,0,0,1,1,,0,30,0,0,0,0,0,4,2,8
,2016_26585,39.791052,-104.8355865,9/6/2016 23:10,23:10,5,0,0,51ST AVENUE EAST & UVALDA STREET NORTH,1,1,0,0,2,1,,0,25,0,0,0,0,0,4,1,12
,2016_26586,39.646053,-104.92272,9/7/2016 7:19,7:19,15,0,0,HOLLY STREET & HAPPY CANYON ROAD,1,1,0,0,1,4,,0,25,0,0,0,0,0,4,2,13
,2016_26587,39.782277,-104.8613175,9/7/2016 12:43,12:43,3,0,0,47TH AVENUE EAST & JOLIET STREET NORTH,1,1,0,0,1,1,,0,35,0,0,0,0,0,4,2,7
,2016_26589,39.705669,-104.966325,9/8/2016 12:46,12:46,3,0,0,WILLIAMS STREET SOUTH & CENTER AVENUE EAST,1,1,0,0,1,1,,0,25,0,0,0,0,0,4,2,13
,2016_26590,39.674952,-105.038622,9/8/2016 15:54,15:54,6,0,0,ILIFF AVENUE & PATTON COURT SOUTH,1,1,0,0,1,4,,0,25,0,0,0,0,0,4,2,7
,2016_26591,39.729312,-105.015933,9/8/2016 17:23,17:23,15,0,0,EIGHTH AVENUE WEST & ZUNI STREET NORTH,1,1,1,0,1,1,,0,35,0,0,0,0,0,4,2,13
,2016_26592,39.660192,-104.902281,9/9/2016 18:15,18:15,3,0,0,TAMARAC DRIVE SOUTH & DARTMOUTH AVENUE EAST,1,1,0,0,1,1,,0,30,0,0,0,0,0,4,2,13
,2016_26593,39.750804,-104.98743,9/14/2016 16:12,16:12,12,0,0,BROADWAY NORTH & 21ST STREET,1,1,0,0,1,2,,0,30,0,0,0,0,0,4,2,3
,2016_26594,39.769344,-104.865822,9/14/2016 16:15,16:15,12,0,0,HAVANA STREET NORTH & 37TH AVENUE EAST,1,1,0,0,1,3,,0,40,0,0,0,0,0,4,2,13
,2016_26595,39.741669,-104.974803,9/16/2016 14:00,14:00,6,0,0,OGDEN STREET NORTH & 16TH AVENUE EAST,1,1,0,0,1,4,,0,25,0,0,0,0,0,4,3,10
,2016_26596,39.743226,-104.961006,9/16/2016 19:00,19:00,6,0,0,GAYLORD STREET & 17TH AVENUE EAST,1,1,0,0,1,4,,0,30,0,0,0,0,0,4,2,6
,2016_26597,39.801843,-104.76477,9/16/2016 20:00,20:00,6,0,0,58TH AVENUE EAST & CEYLON STREET NORTH,1,1,0,0,1,4,,0,,0,0,0,0,0,4,2,13
,2016_26598,39.753612,-104.993451,9/17/2016 3:29,3:29,15,0,0,MARKET STREET & 20TH STREET,1,3,0,0,1,4,,0,,0,0,0,0,0,4,2,13
,2016_26599,39.736476,-104.9268825,9/17/2016 17:58,17:58,5,0,0,13TH AVENUE & FOREST STREET NORTH,1,1,0,0,3,4,,0,30,0,0,0,0,1,4,1,14
,2016_26600,39.689514,-105.0442425,9/18/2016 8:42,8:42,5,0,0,TENNYSON STREET & FLORIDA AVENUE WEST,1,1,0,0,3,4,,0,30,0,0,0,0,0,4,1,13
,2016_26601,39.656682,-104.931666,9/19/2016 0:47,0:47,6,0,0,DAHLIA STREET & FLOYD AVENUE EAST,1,3,0,0,1,4,,0,25,0,0,0,0,1,4,2,7
,2016_26602,39.821868,-104.772033,9/23/2016 7:30,7:30,3,0,0,69TH AVENUE EAST & TOWER ROAD NORTH,1,1,0,0,1,1,,0,40,0,0,0,0,0,4,2,8
,2016_26603,39.785886,-104.7722445,9/30/2016 19:15,19:15,1,0,0,TOWER ROAD NORTH & 49TH AVENUE EAST,1,2,0,0,1,1,,0,,0,0,0,0,1,4,2,13
,2016_26604,39.725649,-104.9081715,10/4/2016 17:12,17:12,3,0,0,SIXTH AVENUE EAST & ONEIDA STREET NORTH,1,1,0,0,1,1,,0,25,0,0,0,0,0,4,2,7
,2016_26605,39.796299,-104.847264,10/4/2016 18:30,18:30,3,0,0,55TH AVENUE EAST & PEORIA STREET NORTH,1,2,0,0,1,1,,0,35,0,0,0,0,0,4,2,7
,2016_26606,39.70197,-104.987214,10/6/2016 8:57,8:57,3,0,0,OHIO AVENUE EAST & LINCOLN STREET SOUTH,2,1,0,1,1,1,,0,30,0,0,0,0,0,4,2,3
,2016_26607,39.718206,-104.953554,12/22/2016 23:28,23:28,12,0,0,FIRST AVENUE EAST & FILLMORE STREET NORTH,1,3,0,0,1,4,,0,30,0,0,0,0,1,4,2,12
,2016_26608,39.718332,-104.965425,4/24/2016 14:51,14:51,12,0,0,FIRST AVENUE 1900 BLOCK EAST & HIGH STREET NORTH,1,1,0,0,1,3,,0,35,0,0,0,0,1,4,3,3
,2016_26609,39.718026,-104.9522265,12/19/2016 9:02,9:02,3,0,0,FIRST AVENUE EAST & MILWAUKEE STREET NORTH,2,1,0,0,1,1,,0,90,0,0,0,0,0,4,2,1
,2016_26610,39.718323,-104.980302,6/23/2016 13:02,13:02,15,0,0,FIRST AVENUE EAST & PEARL STREET NORTH,1,1,0,0,1,1,,0,25,0,0,0,0,0,4,2,14
,2016_26611,39.717792,-104.9508225,8/4/2016 17:10,17:10,12,0,0,FIRST AVENUE 3200 BLOCK EAST & STEELE STREET NORTH,1,1,0,7,1,3,,0,30,0,0,0,0,0,4,2,3
,2016_26612,39.718305,-104.979114,2/5/2016 21:46,21:46,5,0,0,FIRST AVENUE EAST & WASHINGTON STREET NORTH,1,3,0,2,3,1,,0,25,0,0,0,0,0,4,1,8
,2016_26613,39.720204,-104.903622,5/10/2016 2:07,2:07,5,0,2,SECOND AVENUE EAST & QUEBEC STREET NORTH,1,3,0,7,3,4,,0,35,0,0,0,0,2,4,1,5
,2016_26614,39.724137,-104.986314,9/12/2016 8:44,8:44,3,0,0,FIFTH AVENUE EAST & LINCOLN STREET NORTH,1,1,0,0,1,1,,0,30,0,0,0,0,0,4,3,13
,2016_26615,39.725307,-104.932701,11/18/2016 8:06,8:06,3,0,0,SIXTH AVENUE EAST & DEXTER STREET,5,1,0,2,1,1,,0,30,0,0,0,0,0,4,2,7
,2016_26616,39.725622,-104.983605,6/3/2016 17:20,17:20,3,0,0,SIXTH AVENUE EAST & GRANT STREET NORTH,1,1,0,7,1,1,,0,35,0,0,0,0,0,4,2,3
,2016_26617,39.72627,-105.0002055,5/19/2016 16:19,16:19,12,0,0,SIXTH AVENUE 1100 BLOCK WEST & KALAMATH STREET NORTH,1,1,0,7,1,4,,0,45,0,0,0,0,0,4,3,16
,2016_26618,39.72564,-104.982381,3/30/2016 7:32,7:32,5,0,0,SIXTH AVENUE EAST & LOGAN STREET NORTH,1,2,0,0,2,1,,0,30,0,0,0,0,0,4,1,13
,2016_26619,39.725847,-104.898843,3/27/2016 18:55,18:55,6,0,0,SIXTH AVENUE 7600 BLOCK EAST & SYRACUSE STREET NORTH,1,1,1,7,1,4,,0,25,0,0,0,0,0,4,2,16