id,drcog_id,latitude,longitude,crashtime,time,crashtype,numbkilled,numbinjurd,drcoglocat,rdconditin,lightngcon,roadcntgrd,weatherco,location,roaddescrp,schoolzone,constrzone,splimit,bikeinv,pedinv,sctrinv,motoinv,svrty,rdsystem,ttlvehcls,hcf
,2016_26620,39.729069,-104.97411,3/27/2016 17:32,17:32,3,0,0,EIGHTH AVENUE EAST & CORONA STREET NORTH,1,1,0,7,1,1,,0,35,0,0,0,0,0,4,2,16
,2016_26622,39.728934,-104.992866,8/4/2016 16:35,16:35,3,0,0,EIGHTH AVENUE WEST & DELAWARE STREET NORTH,1,1,0,7,1,1,,0,30,0,0,0,0,0,4,2,16
,2016_26623,39.729087,-104.986152,5/3/2016 0:48,0:48,3,0,0,EIGHTH AVENUE EAST & LINCOLN STREET NORTH,1,3,0,7,1,1,,0,30,0,0,0,0,1,4,2,1
,2016_26624,39.72906,-104.978754,10/19/2016 9:21,9:21,3,0,0,EIGHTH AVENUE EAST & WASHINGTON STREET,1,1,0,7,1,1,,0,30,0,0,0,0,0,4,2,16
,2016_26625,39.73112799,-105.025278,11/5/2016 10:00,10:00,6,0,0,NINTH AVENUE WEST & 2100 BLOCK,1,3,0,0,1,4,,0,25,0,0,0,0,0,4,2,7
,2016_26626,39.730428,-104.987394,10/28/2016 16:11,16:11,15,0,0,NINTH AVENUE WEST & BROADWAY STREET NORTH,1,1,0,0,1,1,,0,30,0,0,0,0,0,4,2,13
,2016_26627,39.730419,-104.986143,5/17/2016 15:36,15:36,10,0,0,NINTH AVENUE EAST & LINCOLN STREET NORTH,1,1,0,0,1,1,,0,30,0,0,0,0,0,4,2,14
,2016_26628,39.733623,-104.9941215,2/17/2016 12:50,12:50,3,0,0,11TH AVENUE WEST & SPEER BOULEVARD NORTH,1,1,0,7,1,1,,0,30,0,0,0,0,0,4,2,16
,2016_26629,39.733893,-105.0440625,12/19/2016 18:02,18:02,6,0,0,11TH AVENUE WEST & TENNYSON STREET NORTH,4,3,0,0,1,4,,0,25,0,0,0,0,0,4,2,13
,2016_26630,39.733695,-104.9787135,2/9/2016 20:41,20:41,3,0,0,11TH AVENUE EAST & WASHINGTON STREET NORTH,1,3,0,7,1,1,,0,30,0,0,0,0,0,4,2,16
,2016_26631,39.7351514,-104.9732032,10/25/2016 11:40,11:40,3,0,0,12TH AVENUE EAST & 500 BLOCK,1,1,0,0,1,5,,0,15,0,0,0,0,0,4,2,13
,2016_26632,39.735144,-104.9823225,5/10/2016 14:15,14:15,3,0,0,12TH AVENUE EAST & LOGAN STREET NORTH,1,1,0,7,1,1,,0,30,0,0,0,0,0,4,2,16
,2016_26633,39.735036,-104.9622525,5/30/2016 10:20,10:20,12,0,0,12TH AVENUE & VINE STREET NORTH,1,1,0,0,1,5,,0,15,0,0,0,0,0,4,2,13
,2016_26634,39.736476,-104.9383935,3/18/2016 17:31,17:31,3,0,0,13TH AVENUE EAST & ASH STREET NORTH,1,1,0,7,1,1,,0,20,0,0,0,0,0,4,2,16
,2016_26635,39.736665,-104.9223105,3/11/2016 15:49,15:49,10,0,0,13TH AVENUE EAST & HOLLY STREET,1,1,0,0,1,1,,0,30,0,0,0,0,0,4,2,13
,2016_26636,39.736872,-105.000183,6/21/2016 15:07,15:07,3,0,0,13TH AVENUE WEST & KALAMATH STREET NORTH,1,1,0,0,1,1,,0,25,0,0,0,1,1,4,2,8
,2016_26637,39.736863,-104.9799015,3/6/2016 17:30,17:30,15,0,0,13TH AVENUE EAST & PEARL STREET NORTH,1,2,0,0,1,1,,0,35,0,0,0,0,0,4,2,13
,2016_26638,39.736899,-105.01596,10/16/2016 1:15,1:15,5,0,0,13TH AVENUE 2400 BLOCK WEST & ZUNI STREET NORTH,1,3,0,7,3,4,,0,30,0,0,0,0,0,4,1,5
,2016_26639,39.74001,-104.99202,7/17/2016 17:55,17:55,6,0,0,14TH AVENUE & 3500 BLOCK WEST,1,1,0,0,1,4,,0,,0,0,0,0,0,4,2,13
,2016_26640,39.738447,-104.9916645,6/1/2016 10:40,10:40,3,0,0,14TH AVENUE WEST & CHEROKEE STREET NORTH,1,1,0,7,1,1,,0,25,0,0,0,0,0,4,2,8
,2016_26641,39.738366,-104.963472,3/7/2016 8:08,8:08,15,0,0,14TH AVENUE EAST & RACE STREET NORTH,11,1,0,0,1,1,,0,30,0,0,0,0,0,4,2,13
,2016_26642,39.738375,-104.9622525,7/26/2016 14:30,14:30,15,0,0,14TH AVENUE 2000 BLOCK EAST & VINE STREET NORTH,1,1,0,7,1,4,,0,25,0,0,0,0,0,4,2,16
,2016_26643,39.741615,-104.9684535,1/26/2016 11:30,11:30,3,0,0,16TH AVENUE EAST & FRANKLIN STREET NORTH,1,1,0,7,1,1,,0,30,0,0,0,0,0,4,2,16
,2016_26644,39.78616438,-104.8362782,12/10/2016 1:05,1:05,6,0,0,ANDREWS DRIVE & 15000 BLOCK,1,3,0,0,1,4,,0,25,0,0,0,0,0,4,2,13
,2016_26645,39.741642,-104.9721525,7/25/2016 17:03,17:03,3,0,0,16TH AVENUE EAST & MARION STREET NORTH,1,1,0,7,1,1,,0,30,0,0,0,0,0,4,2,16
,2016_26646,39.74166,-104.981094,4/13/2016 8:20,8:20,3,0,0,16TH AVENUE EAST & PENNSYLVANIA STREET NORTH,1,1,0,7,1,1,,0,30,0,0,0,0,1,4,2,16
,2016_26647,39.74001,-104.99202,1/4/2016 9:10,9:10,5,0,0,17TH AVENUE & 2900 BLOCK EAST,1,1,0,0,3,4,,0,30,0,0,0,0,0,4,1,7
,2016_26648,39.74001,-104.99202,10/31/2016 11:19,11:19,12,0,0,17TH AVENUE & 2900 BLOCK EAST,1,1,0,0,1,4,,0,30,0,0,0,0,0,4,3,7
,2016_26649,39.74001,-104.99202,7/12/2016 16:42,16:42,15,0,0,17TH AVENUE & 3900 BLOCK EAST,1,1,0,0,1,3,,0,35,0,0,0,0,0,4,2,13
,2016_26650,39.743802,-104.9566815,2/11/2016 14:14,14:14,15,0,0,17TH AVENUE EAST & ESPLANADE PARKWAY NORTH,1,1,0,7,1,4,,0,30,0,0,0,0,0,4,2,16
,2016_26651,39.743784,-104.953545,6/6/2016 2:09,2:09,15,0,0,17TH AVENUE EAST & FILLMORE STREET NORTH,1,3,0,0,1,1,,0,30,0,0,0,0,0,4,2,3
,2016_26652,39.743478,-104.9128155,3/20/2016 19:40,19:40,5,0,0,17TH AVENUE EAST & MONACO STREET NORTH,1,3,0,0,3,4,,0,30,0,0,0,0,0,4,1,7
,2016_26653,39.743757,-104.90814,12/1/2016 17:33,17:33,3,0,0,17TH AVENUE EAST & ONEIDA STREET NORTH,1,3,0,0,1,1,,0,25,0,0,0,0,0,4,2,13
,2016_26654,39.744819,-104.9721435,1/5/2016 16:30,16:30,15,0,0,18TH AVENUE 1200 BLOCK EAST & MARION STREET NORTH,1,1,0,0,1,4,,0,30,0,0,0,0,0,4,2,13
,2016_26655,39.74481,-104.9799015,4/4/2016 18:00,18:00,10,0,0,18TH AVENUE EAST & PEARL STREET NORTH,1,1,0,0,1,1,,0,30,0,0,0,0,0,4,2,8
,2016_26656,39.74616,-104.987385,12/8/2016 21:41,21:41,15,0,0,19TH AVENUE EAST & BROADWAY STREET,5,3,0,0,1,1,,0,30,0,0,0,0,0,4,2,13
,2016_26657,39.746169,-104.9775435,11/4/2016 17:36,17:36,3,0,0,19TH AVENUE EAST & CLARKSON STREET NORTH,1,1,0,7,1,1,,0,30,0,0,0,0,0,4,2,3
,2016_26658,39.747501,-104.9775615,6/14/2016 7:55,7:55,1,0,0,20TH AVENUE EAST & CLARKSON STREET NORTH,1,1,0,0,1,1,,0,25,0,0,0,0,0,4,2,13
,2016_26659,39.749715,-104.9932665,2/1/2016 7:11,7:11,15,0,0,ARAPAHOE STREET & 18TH STREET,5,1,0,2,1,1,,0,25,0,0,0,0,0,4,2,13
,2016_26660,39.7499011,-105.0370353,8/2/2016 15:45,15:45,6,0,0,22ND AVENUE 3800 BLOCK WEST & 3800 BLOCK WEST,1,1,0,0,1,4,,0,25,0,0,0,0,0,4,2,12
,2016_26661,39.750705,-104.9609925,3/15/2016 17:30,17:30,3,0,0,23RD AVENUE EAST & GAYLORD STREET NORTH,1,1,0,0,1,1,,0,25,0,0,0,0,0,4,2,1
,2016_26662,39.750993,-104.9081355,12/11/2016 16:57,16:57,3,0,0,23RD AVENUE EAST & ONEIDA STREET NORTH,1,3,0,7,1,1,,0,25,0,0,0,0,1,4,2,14
,2016_26663,39.754449,-104.9598,9/20/2016 22:16,22:16,12,0,0,26TH AVENUE EAST & 26TH AVENUE 1700 BLOCK EAST,1,3,0,0,1,3,,0,30,0,0,0,0,0,4,2,3
,2016_26664,39.75444,-104.942952,5/27/2016 11:10,11:10,1,0,0,26TH AVENUE EAST & JACKSON STREET NORTH,1,1,0,7,1,1,,0,30,0,0,0,0,1,4,2,16
,2016_26665,39.754863,-105.041673,2/13/2016 8:08,8:08,5,0,0,26TH AVENUE WEST & RALEIGH STREET NORTH,2,1,0,4,2,1,,0,30,0,0,0,0,0,4,1,13
,2016_26666,39.755709,-104.9598,11/12/2016 12:29,12:29,15,0,0,27TH AVENUE EAST & YORK STREET NORTH,1,1,1,0,1,1,,0,30,0,0,0,0,0,4,2,1
,2016_26667,39.75597,-104.900544,4/3/2016 8:50,8:50,3,0,0,28TH AVENUE EAST & ROSLYN STREET NORTH,1,1,0,7,1,1,,0,25,0,0,0,0,0,4,2,16
,2016_26668,39.757896,-104.8906935,3/31/2016 16:27,16:27,12,0,0,29TH AVENUE EAST & CENTRAL PARK BOULEVARD NORTH,2,1,0,0,1,1,,0,35,0,0,0,0,0,4,2,3
,2016_26669,39.758247,-104.9683815,3/25/2016 7:44,7:44,3,0,0,29TH AVENUE EAST & FRANKLIN STREET NORTH,1,1,0,7,1,1,,0,25,0,0,0,0,0,4,2,16
,2016_26670,39.758409,-105.0158835,2/17/2016 17:00,17:00,1,0,0,29TH AVENUE WEST & ZUNI STREET NORTH,1,2,0,0,1,1,,0,25,0,0,0,0,0,4,2,13
,2016_26671,39.760326,-105.0357825,1/24/2016 1:17,1:17,6,0,0,30TH AVENUE 3600 BLOCK WEST & MEADE STREET NORTH,1,3,0,7,1,4,,0,25,0,0,0,0,0,4,2,16
,2016_26672,39.760623,-104.995422,1/16/2016 23:59,23:59,5,0,0,31ST AVENUE WEST & FOX STREET NORTH,1,3,0,0,2,1,,0,30,0,0,0,0,0,4,1,5
,2016_26673,39.762126,-105.0369525,5/31/2016 9:30,9:30,6,0,0,32ND AVENUE WEST & NEWTON STREET NORTH,1,1,0,0,1,4,,0,25,0,0,0,0,0,4,2,13
,2016_26674,39.763206,-105.0174045,6/4/2016 1:30,1:30,6,0,0,33RD AVENUE WEST & ALCOTT STREET NORTH,1,3,0,0,1,4,,0,25,0,0,0,0,0,4,3,2
,2016_26675,39.76507521,-104.8781931,3/8/2016 13:58,13:58,6,0,0,35TH AVENUE & 2300 BLOCK WEST,1,1,1,0,1,4,,0,25,0,0,0,0,0,4,2,13
,2016_26676,39.765726,-104.9659425,12/12/2016 7:51,7:51,3,0,0,35TH AVENUE EAST & WILLIAMS STREET NORTH,1,1,0,7,1,1,,0,25,0,0,0,0,0,4,2,16
,2016_26677,39.769272,-105.00057,11/2/2016 8:00,8:00,15,0,0,38TH AVENUE 1200 BLOCK WEST & KALAMATH STREET,1,1,0,7,1,3,,0,35,0,0,0,0,0,4,2,14
,2016_26678,39.769506,-105.0381315,11/9/2016 8:00,8:00,3,0,0,38TH AVENUE WEST & OSCEOLA STREET NORTH,1,1,0,0,1,1,,0,35,0,0,0,0,0,4,2,14
,2016_26679,39.769407,-105.04629,1/25/2016 8:34,8:34,12,0,0,38TH AVENUE WEST & VRAIN STREET NORTH,1,1,0,0,1,4,,0,35,0,0,0,0,0,4,2,14
,2016_26680,39.77140911,-104.9282494,6/29/2016 20:00,20:00,6,0,0,39TH AVENUE & 1933 WEST,1,1,0,0,1,4,,0,25,0,0,0,0,0,4,2,13
,2016_26681,39.772872,-104.7960135,4/16/2016 20:30,20:30,3,0,0,40TH AVENUE EAST & AIRPORT WAY NORTH,4,4,0,2,1,1,,0,30,0,0,0,0,0,4,3,3
,2016_26682,39.773178,-104.809932,9/18/2016 18:24,18:24,12,0,1,40TH AVENUE 15300 BLOCK EAST & CHAMBERS ROAD NORTH,1,1,0,0,1,4,,0,45,0,0,0,0,2,4,2,5
,2016_26683,39.773178,-104.809932,11/16/2016 8:45,8:45,1,0,0,40TH AVENUE EAST & CHAMBERS ROAD NORTH,1,1,0,0,1,1,,0,40,0,0,0,0,0,4,2,13
,2016_26684,39.771738,-105.0064335,6/27/2016 16:04,16:04,3,0,0,40TH AVENUE WEST & PECOS STREET NORTH,1,1,0,7,1,1,,0,35,0,0,0,0,0,4,2,7
,2016_26685,39.77172,-105.0158745,5/9/2016 15:50,15:50,3,0,0,40TH AVENUE WEST & ZUNI STREET NORTH,1,1,0,7,1,1,,0,25,0,0,0,0,0,4,2,16
,2016_26686,39.77295075,-104.994511,12/22/2016 7:45,7:45,6,0,0,41ST AVENUE WEST & 1500 BLOCK,5,2,1,0,1,4,,0,25,0,0,0,0,0,4,2,13
,2016_26687,39.772503,-104.7600315,1/25/2016 7:50,7:50,10,0,0,41ST AVENUE EAST & ENSENADA STREET NORTH,1,1,0,0,1,1,,0,25,0,0,0,0,0,4,2,13
,2016_26688,39.77583467,-104.7389325,3/11/2016 16:30,16:30,6,0,0,43RD AVENUE 18800 BLOCK EAST & 43RD AVENUE EAST,1,1,0,0,1,4,,0,25,0,0,0,0,0,4,2,15
,2016_26689,39.777642,-104.949801,12/13/2016 17:22,17:22,12,0,0,44TH AVENUE EAST & STEELE STREET NORTH,1,3,0,7,1,1,,0,25,0,0,0,0,0,4,2,7
,2016_26690,39.777759,-105.014664,5/19/2016 9:00,9:00,6,0,0,45TH AVENUE & WYANDOT STREET,1,2,0,0,1,4,,0,25,0,0,0,0,0,4,2,14
,2016_26691,39.780621,-104.841774,12/3/2016 4:45,4:45,5,0,0,46TH AVENUE EAST & ALBROOK DRIVE,1,3,0,7,3,4,,0,35,0,0,0,0,0,4,1,16
,2016_26692,39.782277,-104.8659255,3/4/2016 13:55,13:55,15,0,0,47TH AVENUE EAST & HAVANA STREET NORTH,1,1,0,0,1,1,,0,35,0,0,0,0,0,4,2,13
,2016_26693,39.781944,-104.958162,3/31/2016 15:25,15:25,3,0,0,47TH AVENUE EAST & JOSEPHINE STREET NORTH,2,1,0,0,1,1,,0,30,0,0,0,0,0,4,2,13
,2016_26694,39.782394,-104.848956,7/29/2016 11:53,11:53,15,0,0,47TH AVENUE EAST & PARIS STREET NORTH,1,1,0,0,1,1,,0,35,0,0,0,0,0,4,2,7
,2016_26695,39.781773,-104.7775905,1/14/2016 8:20,8:20,3,0,0,47TH AVENUE EAST & WALDEN STREET NORTH,1,1,0,0,1,1,,0,25,0,0,0,0,0,4,2,13
,2016_26696,39.785445,-105.0112125,8/25/2016 12:05,12:05,5,0,0,49TH AVENUE WEST & TEJON STREET NORTH,1,1,0,0,3,1,,0,25,0,0,0,0,1,4,1,14
,2016_26697,39.78774739,-105.0004787,1/8/2016 7:28,7:28,3,0,0,51ST AVENUE WEST & KALAMATH STREET NORTH,5,1,0,2,1,1,,0,25,0,0,0,0,0,4,2,13
,2016_26698,39.788532,-104.8161915,5/29/2016 17:30,17:30,6,0,0,52ND AVENUE EAST & DEARBORN STREET NORTH,1,1,0,0,1,2,,0,25,0,0,0,0,0,4,2,5
,2016_26699,39.793131,-104.850234,1/27/2016 8:05,8:05,10,0,0,53RD AVENUE EAST & OSWEGO STREET NORTH,1,1,0,0,1,3,,0,25,0,0,0,0,0,4,2,13
,2016_26700,39.798396,-104.786415,7/10/2016 11:50,11:50,1,0,0,56TH AVENUE EAST & PENA BOULEVARD,1,1,0,7,1,1,,0,45,0,0,0,0,0,4,2,8
,2016_26701,39.825486,-104.7719655,2/25/2016 9:00,9:00,3,0,0,71ST AVENUE EAST & TOWER ROAD NORTH,1,1,0,0,1,1,,0,45,0,0,0,0,0,4,2,3
,2016_26702,39.718134,-105.0396975,9/8/2016 18:24,18:24,6,0,0,PERRY STREET NORTH & FIRST AVENUE WEST,1,1,1,0,1,4,,0,25,0,0,0,0,0,4,2,7
,2016_26703,39.837969,-104.6928825,8/3/2016 13:30,13:30,12,0,0,78TH AVENUE 26000 BLOCK EAST & JACKSON GAP STREET,1,1,0,7,1,4,,0,,0,0,0,0,0,4,2,7
,2016_26704,39.78396,-104.948433,11/26/2016 9:50,9:50,1,0,0,ADAMS STREET 4800 BLOCK NORTH & 48TH AVENUE EAST,1,1,0,7,1,1,,0,25,0,0,0,0,0,4,2,16
,2016_26705,39.711186,-104.9482305,10/24/2016 14:50,14:50,12,0,0,ALAMEDA AVENUE 3200 BLOCK EAST & CHERRY CREEK SOUTH DRIVE,1,1,0,7,1,3,,0,25,0,0,0,0,0,4,2,14
,2016_26706,39.711105,-104.97339,12/2/2016 0:54,0:54,3,0,0,ALAMEDA AVENUE EAST & DOWNING STREET SOUTH,1,3,0,0,1,1,,0,30,0,0,0,0,0,4,2,5
,2016_26707,39.711105,-104.9769135,8/1/2016 15:41,15:41,12,0,0,ALAMEDA AVENUE EAST & EMERSON STREET SOUTH,1,1,0,7,1,3,,0,30,0,0,0,0,0,4,2,3
,2016_26708,39.711447,-104.9437755,12/19/2016 7:52,7:52,12,0,0,ALAMEDA AVENUE 3800 EAST & GARFIELD STREET SOUTH,6,1,0,7,1,4,,0,30,0,0,0,0,0,4,3,16
,2016_26709,39.711204,-104.9222835,11/29/2016 16:25,16:25,12,0,0,ALAMEDA AVENUE 5500 BLOCK EAST & HOLLY STREET SOUTH,1,2,1,7,1,3,,0,65,0,0,0,0,0,4,2,16
,2016_26710,39.71142,-104.9366835,11/14/2016 16:17,16:17,3,0,0,ALAMEDA AVENUE 4500 BLOCK EAST & LEETSDALE DRIVE EAST,1,1,1,7,1,1,,0,,0,0,0,0,0,4,2,16
,2016_26711,39.711366,-104.912964,11/26/2016 23:08,23:08,3,0,0,ALAMEDA AVENUE EAST & MONACO STREET SOUTH,1,3,0,7,1,1,,0,35,0,0,0,0,0,4,2,5
,2016_26712,39.711312,-105.039702,3/24/2016 17:51,17:51,3,0,0,ALAMEDA AVENUE WEST & PERRY STREET SOUTH,2,2,1,7,1,1,,0,35,0,0,0,0,0,4,2,16
,2016_26713,39.711348,-104.9035005,5/10/2016 15:45,15:45,12,0,0,ALAMEDA AVENUE 7300 BLOCK EAST & QUEBEC STREET SOUTH,1,1,0,7,1,3,,0,45,0,0,0,0,1,4,2,14
,2016_26714,39.711114,-104.9628735,1/12/2016 16:28,16:28,12,0,0,ALAMEDA AVENUE EAST & VINE STREET SOUTH,1,2,0,0,1,1,,0,30,0,0,0,0,1,4,2,3
,2016_26716,39.749715,-104.9932665,5/26/2016 11:30,11:30,12,0,0,ARAPAHOE STREET & 18TH STREET,1,1,0,7,1,4,,0,35,0,0,0,0,0,4,2,14
,2016_26717,39.764673,-104.9739525,6/1/2016 7:40,7:40,12,0,0,ARAPAHOE STREET & 34TH STREET,2,1,0,1,1,4,,0,25,0,0,0,0,0,4,2,16
,2016_26718,39.715668,-104.9899635,8/19/2016 11:26,11:26,6,0,0,ARCHER PLACE WEST & BANNOCK STREET SOUTH,1,1,0,0,1,4,,0,25,0,0,0,0,0,4,2,13
,2016_26719,39.746547,-105.0076035,2/24/2016 11:45,11:45,1,0,0,AURARIA PARKWAY & NINTH STREET,1,1,0,0,1,1,,0,30,0,0,0,0,0,4,3,13
,2016_26720,39.709332,-104.990004,2/5/2016 14:39,14:39,3,0,0,BANNOCK STREET SOUTH & DAKOTA AVENUE WEST,1,1,0,7,1,1,,0,25,0,0,0,0,0,4,2,16
,2016_26721,39.678426,-104.9899545,1/24/2016 22:19,22:19,6,0,2,BANNOCK STREET SOUTH & EVANS AVENUE EAST,1,4,0,0,1,4,,0,25,0,0,0,0,2,4,4,5
,2016_26722,39.74891992,-105.0011609,3/16/2016 17:19,17:19,15,0,0,BLAKE STREET 1400 BLOCK & 15TH STREET,1,1,1,7,1,4,,0,30,0,0,0,0,0,4,2,7
,2016_26723,39.748509,-105.0031305,5/22/2016 2:13,2:13,12,0,0,BLAKE STREET 1300 BLOCK & SPEER BOULEVARD NORTH,1,3,0,7,1,3,,0,30,0,0,0,0,0,4,2,16
,2016_26724,39.781359,-104.816853,10/9/2016 8:05,8:05,3,0,0,BOLLING DRIVE EAST & ENID WAY NORTH,1,1,0,7,1,1,,0,25,0,0,0,0,1,4,2,16
,2016_26725,39.777417,-104.968341,10/25/2016 19:33,19:33,15,0,0,BRIGHTON BOULEVARD 4300 BLOCK NORTH & 44TH AVENUE EAST,1,1,0,7,1,4,,0,30,0,0,0,0,0,4,2,3
,2016_26726,39.766572,-104.983713,12/21/2016 2:10,2:10,14,0,0,BRIGHTON BOULEVARD & 31ST STREET,5,4,0,0,1,4,,0,35,0,0,0,0,0,4,2,5
,2016_26727,39.72820138,-104.9874076,9/28/2016 16:18,16:18,12,0,0,BROADWAY NORTH & 200 BLOCK,1,1,0,0,1,4,,0,30,0,0,0,0,0,4,2,13
,2016_26728,39.72820138,-104.9874076,6/1/2016 10:35,10:35,12,0,0,BROADWAY NORTH & 2200 BLOCK,1,1,0,0,1,3,,0,30,0,0,0,0,1,4,2,13
,2016_26729,39.751542,-104.9874255,12/7/2016 9:15,9:15,15,0,0,BROADWAY NORTH & CHAMPA STREET,4,1,0,2,1,1,,0,35,0,0,0,0,0,4,2,13
,2016_26731,39.678498,-104.987565,7/14/2016 16:05,16:05,12,0,0,BROADWAY & EVANS AVENUE EAST,1,1,1,7,1,3,,0,30,0,0,0,0,1,4,2,3
,2016_26732,39.700242,-104.987511,9/28/2016 22:45,22:45,12,0,0,BROADWAY 800 BLOCK SOUTH & KENTUCKY AVENUE,1,3,0,0,1,1,,0,,0,0,0,0,0,4,3,13
,2016_26733,39.693024,-104.987466,1/5/2016 12:15,12:15,6,0,0,BROADWAY STREET 1300 BLOCK SOUTH & LOUISIANA AVENUE WEST,1,1,0,7,1,2,,0,30,0,0,0,0,0,4,2,16
,2016_26734,39.70215,-104.9875605,8/19/2016 12:26,12:26,12,0,0,BROADWAY SOUTH & OHIO AVENUE EAST,1,1,0,0,1,1,,0,30,0,0,0,0,0,4,2,1
,2016_26735,39.753009,-105.0358005,2/15/2016 0:48,0:48,6,0,2,MEADE STREET 2400 BLOCK NORTH & BYRON PLACE WEST,1,3,0,0,1,4,,0,25,0,0,0,0,2,4,2,5
,2016_26736,39.747339,-104.9874345,3/23/2016 9:05,9:05,15,0,0,BROADWAY NORTH & WELTON STREET,6,1,0,2,1,1,,0,30,0,0,0,0,0,4,3,7
,2016_26737,39.764484,-104.9548635,6/27/2016 7:35,7:35,12,0,0,BRUCE RANDOLPH AVENUE EAST & CLAYTON STREET NORTH,1,1,1,7,1,3,,0,30,0,0,0,0,1,4,2,16
,2016_26738,39.764493,-104.9683815,1/24/2016 18:15,18:15,3,0,0,BRUCE RANDOLPH AVENUE & FRANKLIN STREET NORTH,1,3,0,0,1,1,,0,30,0,0,0,0,0,4,2,13
,2016_26739,39.764466,-104.96097,10/13/2016 8:19,8:19,3,0,0,BRUCE RANDOLPH AVENUE & GAYLORD STREET NORTH,1,1,0,0,1,5,,0,30,0,0,0,0,1,4,2,3
,2016_26740,39.74606507,-104.991029,7/27/2016 15:28,15:28,12,0,0,CALIFORNIA STREET & 1600 BLOCK,1,1,0,0,1,3,,0,30,0,0,0,0,0,4,2,13
,2016_26741,39.713004,-105.020334,3/26/2016 11:12,11:12,5,0,0,CEDAR AVENUE WEST & CLAY STREET SOUTH,4,1,0,2,2,1,,0,25,0,0,0,0,0,4,2,14
,2016_26742,39.665052,-104.88159,4/27/2016 19:00,19:00,5,0,0,CHERRY CREEK SOUTH DRIVE 9200 BLOCK EAST & AMHERST DRIVE EAST,1,1,0,7,3,4,,0,30,0,0,0,0,0,4,1,7
,2016_26743,39.706056,-104.940873,4/19/2016 17:00,17:00,12,0,0,CHERRY CREEK SOUTH DRIVE 3900 BLOCK EAST & COLORADO BOULEVARD SOUTH,1,1,0,7,1,4,,0,30,0,0,0,0,0,4,2,1
,2016_26744,39.708225,-104.944491,2/21/2016 9:59,9:59,12,0,0,CHERRY CREEK SOUTH DRIVE 3900 BLOCK EAST & HARRISON LANE SOUTH,1,1,0,7,1,4,,0,30,0,0,0,0,0,4,2,16
,2016_26745,39.684987,-104.9035905,3/24/2016 8:30,8:30,3,0,0,CHERRY CREEK SOUTH DRIVE & QUEBEC STREET SOUTH,6,1,0,7,1,1,,0,35,0,0,0,0,0,4,2,16
,2016_26746,39.715263,-104.959323,12/29/2016 14:20,14:20,12,0,0,CHERRY CREEK SOUTH DRIVE & UNIVERSITY BOULEVARD SOUTH,1,1,0,7,1,3,,0,35,0,0,0,0,0,4,2,14
,2016_26747,39.79146113,-104.8306873,12/3/2016 8:00,8:00,6,0,0,WORCHESTER STREET NORTH & 5551 NORTH,1,1,0,0,1,4,,0,25,0,0,0,0,0,4,2,13
,2016_26748,39.667455,-104.9344155,1/22/2016 8:44,8:44,3,0,0,CHERRY STREET SOUTH & YALE AVENUE EAST,1,1,0,0,1,1,,0,25,0,0,0,0,0,4,2,8
,2016_26749,39.766815,-105.020505,8/11/2016 11:22,11:22,6,0,0,CLAY STREET 3545 NORTH & 36TH AVENUE WEST,1,1,0,0,1,4,,0,30,0,0,0,0,1,4,2,14
,2016_26750,39.719394,-104.955858,6/28/2016 17:00,17:00,6,0,0,CLAYTON STREET NORTH & SECOND AVENUE EAST,1,1,0,0,1,4,,0,25,0,0,0,1,0,4,2,12
,2016_26751,39.75948,-104.954886,3/28/2016 22:54,22:54,6,0,0,CLAYTON STREET NORTH & 30TH AVENUE EAST,1,3,0,7,1,4,,0,25,0,0,0,0,0,4,2,14
,2016_26752,39.687525,-104.954706,7/7/2016 17:12,17:12,3,0,0,CLAYTON STREET SOUTH & IOWA AVENUE EAST,1,1,0,7,1,1,,0,30,0,0,0,0,0,4,2,16
,2016_26753,39.618297,-105.0913845,12/3/2016 13:25,13:25,12,0,0,CRESTLINE AVENUE WEST & WADSWORTH BOULEVARD SOUTH,1,1,0,7,1,3,,0,10,0,0,0,0,0,4,2,10
,2016_26754,39.78132911,-104.9316841,1/7/2016 17:01,17:01,3,0,0,DAHLIA STREET NORTH & 4990,2,3,0,0,1,2,,0,35,0,0,0,0,0,4,2,13
,2016_26755,39.709278,-104.9769225,7/4/2016 10:35,10:35,3,0,1,DAKOTA AVENUE EAST & EMERSON STREET SOUTH,1,1,1,7,1,1,,0,25,0,0,0,0,2,4,2,16
,2016_26756,39.660822,-104.894136,7/30/2016 3:00,3:00,6,0,0,DARTMOUTH AVENUE WEST & DARTMOUTH AVENUE 2700 BLOCK WEST,1,3,1,0,1,4,,0,30,0,0,0,0,0,4,3,5
,2016_26757,39.709026,-104.875443,6/21/2016 10:02,10:02,3,0,0,DAYTON STREET SOUTH & ALAMEDA AVENUE EAST,1,1,0,0,1,1,,0,40,0,0,0,0,0,4,2,13
,2016_26758,39.703887,-105.022683,6/16/2016 0:01,0:01,6,0,0,DECATUR STREET 700 BLOCK SOUTH & EXPOSITION AVENUE WEST,1,4,0,0,1,4,,0,25,0,0,0,0,0,4,2,13
,2016_26759,39.728934,-104.992866,3/30/2016 17:00,17:00,3,0,0,DELAWARE STREET NORTH & EIGHTH AVENUE WEST,2,1,1,2,1,1,,0,30,0,0,0,0,0,4,2,13