id,drcog_id,latitude,longitude,crashtime,time,crashtype,numbkilled,numbinjurd,drcoglocat,rdconditin,lightngcon,roadcntgrd,weatherco,location,roaddescrp,schoolzone,constrzone,splimit,bikeinv,pedinv,sctrinv,motoinv,svrty,rdsystem,ttlvehcls,hcf
,2016_26760,39.735252,-104.9929335,1/29/2016 18:40,18:40,3,0,0,DELAWARE STREET NORTH & 12TH AVENUE WEST,1,3,0,7,1,1,,0,30,0,0,0,0,0,4,2,16
,2016_26761,39.680316,-104.9734215,6/2/2016 3:17,3:17,6,0,1,DOWNING STREET SOUTH & ASBURY AVENUE EAST,1,3,0,0,1,4,,0,30,0,0,0,0,2,4,3,13
,2016_26762,39.712896,-104.9734035,12/19/2016 17:04,17:04,3,0,0,DOWNING STREET SOUTH & CEDAR AVENUE EAST,6,4,0,0,1,1,,0,30,0,0,0,0,0,4,3,13
,2016_26763,39.707469,-104.973381,3/11/2016 15:20,15:20,12,0,0,DOWNING STREET 400 BLOCK SOUTH & VIRGINIA AVENUE EAST,1,1,0,7,1,3,,0,30,0,0,0,0,0,4,3,14
,2016_26764,39.62427851,-104.88985,12/11/2016 9:27,9:27,3,0,0,DTC BOULEVARD & 5005 SOUTH,4,1,0,0,1,2,,0,35,0,0,0,0,0,4,2,13
,2016_26765,39.796227,-104.817375,1/12/2016 10:23,10:23,5,0,0,EAGLE STREET 5560 NORTH & ROBINS DRIVE,5,1,0,0,3,3,,0,25,0,0,0,0,0,4,1,1
,2016_26766,39.657384,-104.8909815,5/3/2016 7:30,7:30,15,0,0,EASTMAN AVENUE & WILLOW STREET SOUTH,1,1,0,0,1,4,,0,25,0,0,0,0,0,4,2,13
,2016_26767,39.716523,-104.981463,4/17/2016 18:50,18:50,3,0,0,ELLSWORTH AVENUE 500 EAST & PENNSYLVANIA STREET 0,1,1,0,7,1,1,,0,25,0,0,0,0,0,4,2,3
,2016_26768,39.733659,-104.976423,1/22/2016 11:32,11:32,3,0,0,EMERSON STREET NORTH & 11TH AVENUE EAST,1,1,0,0,1,2,,0,5,0,0,0,0,1,4,2,13
,2016_26769,39.725298,-104.9305005,6/18/2016 10:02,10:02,9,0,0,EUDORA STREET NORTH & SIXTH AVENUE EAST,1,1,0,0,1,1,,0,20,0,0,0,0,0,4,2,13
,2016_26770,39.678426,-104.9395905,8/11/2016 15:13,15:13,8,0,0,EVANS AVENUE 4100 BLOCK EAST & ALBION STREET SOUTH,1,1,0,7,1,4,,0,35,0,0,0,0,1,4,2,16
,2016_26771,39.678435,-104.9352615,4/16/2016 2:20,2:20,5,0,0,EVANS AVENUE EAST & CLERMONT STREET SOUTH,2,3,0,2,2,4,,0,35,0,0,0,0,0,4,1,5
,2016_26772,39.678435,-104.9407425,7/5/2016 10:31,10:31,12,0,0,EVANS AVENUE 3900 BLOCK EAST & COLORADO BOULEVARD SOUTH,1,1,0,7,1,2,,0,30,0,0,0,0,1,4,2,3
,2016_26774,39.678444,-104.931612,3/2/2016 17:36,17:36,1,0,0,EVANS AVENUE EAST & DAHLIA STREET SOUTH,1,2,0,7,1,1,,0,30,0,0,0,0,0,4,3,16
,2016_26775,39.678435,-104.9251905,12/17/2016 10:43,10:43,5,0,0,EVANS AVENUE EAST & GRAPE STREET SOUTH,4,1,0,2,3,1,,0,35,0,0,0,0,0,4,1,16
,2016_26776,39.678489,-104.9652315,2/4/2016 18:55,18:55,12,0,0,EVANS AVENUE 1800 BLOCK EAST & HIGH STREET SOUTH,2,3,0,7,1,1,,0,30,0,0,0,0,0,4,2,16
,2016_26777,39.731841,-104.929263,7/15/2016 17:24,17:24,3,0,0,HALE PARKWAY & ELM STREET,2,1,0,1,1,1,,0,25,0,0,0,0,0,4,2,16
,2016_26778,39.678633,-105.008661,8/11/2016 16:15,16:15,3,0,0,EVANS AVENUE WEST & RARITAN STREET SOUTH,1,1,0,0,1,1,,0,15,0,0,0,0,0,4,2,13
,2016_26779,39.678435,-104.9407425,2/26/2016 16:50,16:50,12,0,0,EVANS AVENUE 4000 BLOCK EAST & COLORADO BOULEVARD SOUTH,1,1,0,7,1,4,,0,35,0,0,0,0,0,4,2,16
,2016_26780,39.706497,-104.885694,11/27/2016 5:55,5:55,5,0,0,FAIRMOUNT DRIVE EAST & XENIA STREET SOUTH,1,3,0,7,3,1,,0,25,0,0,0,0,0,4,1,5
,2016_26781,39.678489,-104.9652315,3/5/2016 2:01,2:01,1,0,0,HIGH STREET SOUTH & EVANS AVENUE EAST,1,3,1,0,1,1,,0,30,0,0,0,0,0,4,2,5
,2016_26782,39.689487,-105.025086,2/29/2016 18:28,18:28,10,0,0,FLORIDA AVENUE 2900 BLOCK WEST & FEDERAL BOULEVARD SOUTH,1,3,0,0,1,4,,0,35,0,0,0,0,0,4,2,1
,2016_26783,39.689397,-104.9923215,8/10/2016 16:03,16:03,12,0,0,FLORIDA AVENUE 400 BLOCK WEST & SANTA FE DRIVE SOUTH,1,1,1,7,1,4,,0,30,0,0,0,0,1,4,2,12
,2016_26784,39.692961,-104.9264685,9/11/2016 20:23,20:23,6,0,0,FOREST WAY SOUTH & FOREST WAY 3600 BLOCK SOUTH,1,3,0,0,1,4,,0,,0,0,0,0,0,4,2,13
,2016_26785,39.779577,-104.8471335,5/12/2016 16:45,16:45,1,0,0,PEORIA STREET NORTH & 46TH AVENUE EAST,1,1,0,7,1,1,,0,35,0,0,0,0,1,4,2,16
,2016_26786,39.686796,-104.9687325,9/30/2016 19:10,19:10,1,0,0,SOUTH FRANKLIN STREET & EAST BUCHTEL AVENUE,1,3,0,0,1,1,,0,30,0,0,0,0,0,4,2,13
,2016_26787,39.736845,-104.9970735,4/11/2016 10:17,10:17,12,0,0,GALAPAGO STREET & 13TH AVENUE WEST,1,1,0,7,1,1,,0,30,0,0,0,0,0,4,2,14
,2016_26788,39.784878,-104.815197,2/9/2016 19:55,19:55,15,0,0,GATEWAY AVENUE EAST & ENID WAY NORTH,1,4,0,0,1,3,,0,25,0,0,0,0,0,4,2,13
,2016_26789,39.65513604,-104.8924059,12/10/2016 7:45,7:45,5,0,0,GIRARD AVENUE & 10200 EAST,2,1,0,0,3,4,,0,30,0,0,0,0,0,4,1,7
,2016_26790,39.725622,-104.983605,7/6/2016 8:12,8:12,3,0,0,GRANT STREET NORTH & SIXTH AVENUE EAST,1,1,0,7,1,1,,0,30,0,0,0,0,1,4,2,3
,2016_26791,39.736845,-104.9835825,12/22/2016 19:15,19:15,3,0,0,GRANT STREET & 13TH AVENUE,1,3,0,0,1,1,,0,30,0,0,0,0,1,4,2,1
,2016_26792,39.743262,-104.9835915,11/4/2016 12:40,12:40,12,0,0,GRANT STREET & 17TH AVENUE EAST,1,1,0,0,1,3,,0,30,0,0,0,0,0,4,2,13
,2016_26793,39.783609,-104.772222,11/17/2016 6:05,6:05,15,0,0,GREEN VALLEY RANCH BOULEVARD EAST & TOWER ROAD NORTH,1,3,0,0,1,1,,0,40,0,0,0,0,0,4,2,13
,2016_26794,39.783618,-104.777595,11/17/2016 18:30,18:30,12,0,0,GREEN VALLEY RANCH BOULEVARD & WALDEN STREET NORTH,4,3,0,2,1,4,,0,35,0,0,0,0,0,4,2,7
,2016_26795,39.653757,-105.0598035,5/18/2016 18:56,18:56,6,0,0,HAMPDEN AVENUE WEST  & FENTON STREET SOUTH,1,1,0,0,1,4,,0,30,0,0,0,0,1,4,3,1
,2016_26796,39.67128,-104.9828355,6/17/2016 9:17,9:17,3,0,0,HARVARD AVENUE EAST & LOGAN STREET SOUTH,1,1,0,7,1,1,,0,25,0,0,0,0,0,4,2,14
,2016_26797,39.743217,-104.96475,12/1/2016 17:18,17:18,3,0,0,HIGH STREET NORTH & 17TH AVENUE EAST,1,1,0,7,1,1,,0,30,0,0,0,0,1,4,2,16
,2016_26798,39.682062,-104.922234,7/4/2016 12:56,12:56,3,0,0,HOLLY STREET SOUTH & JEWELL AVENUE EAST,1,1,0,7,1,1,,0,30,0,0,0,0,0,4,2,1
,2016_26800,39.64761,-104.92272,2/19/2016 7:25,7:25,6,0,0,HOLLY STREET 3900 BLOCK SOUTH & MANSFIELD AVENUE EAST,1,1,0,0,1,4,,0,25,0,0,0,0,0,4,2,13
,2016_26801,39.778722,-104.9222925,10/24/2016 11:50,11:50,5,0,1,HOLLY STREET NORTH & STAPLETON NORTH DRIVE EAST,1,1,0,7,1,4,,0,30,0,0,0,1,2,4,1,16
,2016_26802,39.736863,-104.9695335,10/6/2016 15:45,15:45,6,0,0,HUMBOLDT STREET NORTH & 13TH AVENUE EAST,1,1,0,0,1,3,,0,25,0,0,0,0,0,4,2,14
,2016_26803,39.674754,-104.870862,2/6/2016 13:14,13:14,12,0,0,ILIFF AVENUE 9700 BLOCK EAST & PARKER ROAD SOUTH,1,1,0,7,1,4,,0,35,0,0,0,0,0,4,2,16
,2016_26804,39.674754,-104.870862,4/6/2016 12:30,12:30,12,0,1,ILIFF AVENUE 9700 BLOCK EAST & PARKER ROAD SOUTH,1,1,0,7,1,4,,0,30,0,0,0,0,2,4,3,1
,2016_26805,39.728898,-104.997582,5/27/2016 16:10,16:10,3,0,0,INCA STREET NORTH & EIGHTH AVENUE WEST,1,1,1,0,1,1,,0,25,0,0,0,0,1,4,2,13
,2016_26806,39.79277099,-104.9428621,11/6/2016 19:15,19:15,6,0,0,JACKSON STREET & 2800 BLOCK NORTH,1,3,0,0,1,4,,0,25,0,0,0,0,0,4,2,13
,2016_26807,39.676653,-104.999454,5/26/2016 17:21,17:21,3,0,0,JASON STREET SOUTH & WARREN AVENUE WEST,2,1,0,1,1,1,,0,25,0,0,0,0,1,4,2,2
,2016_26808,39.651102,-104.8848435,4/12/2016 8:15,8:15,3,0,0,JEEFERSON AVENUE EAST & YOSEMITE STREET SOUTH,1,1,0,0,1,1,,0,35,0,0,0,0,0,4,2,13
,2016_26809,39.682278,-105.022692,3/9/2016 20:50,20:50,6,0,0,JEWELL AVENUE WEST & DECATUR STREET SOUTH,1,4,0,0,1,4,,0,35,0,0,0,0,0,4,2,5
,2016_26810,39.68217,-105.0018345,2/22/2016 21:25,21:25,5,0,0,JEWELL AVENUE WEST & PLATTE RIVER DRIVE SOUTH,2,3,1,2,1,1,,0,35,0,0,0,0,0,4,1,16
,2016_26811,39.764799,-105.0322725,7/13/2016 17:19,17:19,6,0,0,JULIAN STREET NORTH & 34TH AVENUE WEST,1,1,0,0,1,3,,0,25,0,0,0,0,0,4,2,13
,2016_26812,39.716577,-105.0001965,10/2/2016 11:18,11:18,10,0,0,KALAMATH STREET SOUTH & ELLSWORTH AVENUE WEST,1,1,0,0,1,1,,0,30,0,0,0,0,0,4,2,8
,2016_26813,39.74193,-104.99985,3/4/2016 19:00,19:00,12,0,0,KALAMATH STREET & SPEER BOULEVARD,1,3,0,0,1,4,,0,35,0,0,0,0,0,4,2,16
,2016_26814,39.735279,-105.000165,4/4/2016 6:12,6:12,6,0,0,KALAMATH STREET NORTH & 12TH AVENUE WEST,1,1,1,0,2,4,,0,30,0,0,0,0,0,4,2,13
,2016_26815,39.74598613,-104.9998826,8/5/2016 15:15,15:15,15,0,0,LAWRENCE STREET & 1600 BLOCK,1,1,0,0,1,3,,0,30,0,0,0,0,0,4,2,13
,2016_26816,39.724137,-104.986314,11/11/2016 8:47,8:47,12,0,0,LINCOLN STREET NORTH & FIFTH AVENUE EAST,1,1,0,7,1,1,,0,30,0,0,0,0,1,4,3,3
,2016_26818,39.741822,-104.9859225,6/8/2016 13:39,13:39,12,0,0,LINCOLN STREET 1600 BLOCK NORTH & 17TH AVENUE EAST,1,1,0,7,1,3,,0,30,0,0,0,0,0,4,2,1
,2016_26819,39.711141,-104.9863905,1/14/2016 16:42,16:42,6,0,0,LINCOLN STREET 300 BLOCK SOUTH & ALAMEDA AVENUE EAST,1,1,0,0,1,4,,0,35,0,0,0,0,0,4,2,3
,2016_26820,39.703869,-104.9863005,11/11/2016 17:26,17:26,15,0,0,LINCOLN STREET 600 BLOCK SOUTH & EXPOSITION AVENUE EAST,1,3,0,0,1,4,,0,30,0,0,0,0,0,4,2,13
,2016_26821,39.76934781,-105.0017056,3/12/2016 18:45,18:45,5,0,0,LIPAN STREET 3800 BLOCK NORTH & 38TH AVENUE WEST,1,3,0,0,3,1,,0,25,0,0,0,0,0,4,1,13
,2016_26822,39.790035,-104.7434535,6/7/2016 6:55,6:55,6,0,0,LIVERPOOL WAY NORTH & 51ST PLACE EAST,1,1,0,0,1,1,,0,25,0,0,0,0,0,4,2,14
,2016_26823,39.703887,-104.9827905,3/14/2016 12:20,12:20,3,0,0,LOGAN STREET 700 BLOCK SOUTH & EXPOSITION AVENUE EAST,1,1,1,0,1,2,,0,30,0,0,0,0,1,4,2,3
,2016_26824,39.693015,-104.9827815,3/3/2016 7:42,7:42,14,0,1,LOGAN STREET 1300 BLOCK SOUTH & LOUISIANA AVENUE EAST,1,1,0,0,1,4,,0,30,0,0,0,0,2,4,3,10
,2016_26825,39.789234,-105.0345855,4/14/2016 13:37,13:37,6,0,0,LOWELL BOULEVARD NORTH & 51ST AVENUE WEST,1,1,0,0,1,4,,0,30,0,0,0,0,0,4,3,14
,2016_26826,39.7172835,-104.8960418,2/26/2016 16:45,16:45,15,0,0,LOWRY BOULEVARD & RAMPART WAY NORTH,1,1,0,0,1,6,,0,25,0,0,0,0,0,4,2,8
,2016_26827,39.7172835,-104.8960418,11/15/2016 17:35,17:35,3,0,0,LOWRY BOULEVARD ROUNDABOUT & RAMPART WAY NORTH,1,3,0,0,1,6,,0,25,0,0,0,0,0,4,2,13
,2016_26828,39.730455,-104.971797,12/21/2016 6:40,6:40,6,0,0,MARION STREET NORTH & NINTH AVENUE EAST,6,1,0,0,1,4,,0,25,0,0,0,0,0,4,3,13
,2016_26829,39.748023,-105.0006915,6/13/2016 16:15,16:15,3,0,0,MARKET STREET & 14TH STREET,1,1,0,0,1,1,,0,20,0,0,0,0,0,4,2,13
,2016_26830,39.76011,-104.899023,1/8/2016 8:00,8:00,15,0,0,MLK BOULEVARD EAST & SYRACUSE STREET NORTH,12,1,0,2,1,1,,0,35,0,0,0,0,0,4,2,13
,2016_26831,39.794796,-104.8125465,3/31/2016 23:00,23:00,6,0,0,MAXWELL PLACE & FAIRPLAY STREET,1,3,0,0,3,4,,0,30,0,0,0,0,0,4,2,3
,2016_26832,39.685662,-104.9394825,3/20/2016 13:15,13:15,15,0,0,MEXICO AVENUE EAST & ALBION STREET SOUTH,1,1,0,0,1,1,,0,25,0,0,0,0,0,4,2,13
,2016_26833,39.696759,-105.017004,2/7/2016 15:40,15:40,15,0,0,MISSISSIPPI AVENUE WEST & ALCOTT STREET SOUTH,1,1,0,7,1,4,,0,35,0,0,0,0,0,4,2,3
,2016_26834,39.69657,-104.9407425,5/27/2016 15:09,15:09,12,0,0,MISSISSIPPI AVENUE 4000 BLOCK EAST & COLORADO BOULEVARD SOUTH,1,1,1,7,1,3,,0,30,0,0,0,0,0,4,2,16
,2016_26835,39.761964,-104.903451,7/25/2016 12:25,12:25,5,0,0,MLK BOULEVARD & QUEBEC STREET NORTH,1,1,0,0,2,1,,0,35,0,0,0,0,0,4,1,1
,2016_26836,39.759876,-104.890752,4/30/2016 2:20,2:20,3,0,0,MLK BOULEVARD & CENTRAL PARK BOULEVARD NORTH,2,3,0,2,1,1,,0,40,0,0,0,0,0,4,2,16
,2016_26837,39.759876,-104.890752,11/23/2016 23:31,23:31,3,0,0,MLK BOULEVARD & CENTRAL PARK BOULEVARD NORTH,1,3,0,7,1,1,,0,30,0,0,0,0,0,4,2,5
,2016_26838,39.762,-104.919966,7/8/2016 14:56,14:56,3,0,0,MLK BOULEVARD & IVY STREET NORTH,1,1,0,0,1,1,,0,35,0,0,0,0,0,4,2,3
,2016_26839,39.76011,-104.899023,11/11/2016 17:20,17:20,12,0,0,MLK BOULEVARD 7700 BLOCK EAST & SYRACUSE STREET NORTH,1,3,0,7,1,4,,0,35,0,0,0,0,1,4,2,16
,2016_26840,39.736836,-104.912811,10/23/2016 14:02,14:02,10,0,0,MONACO STREET NORTH & 13TH AVENUE EAST,1,1,1,0,1,1,,0,,0,0,0,0,0,4,2,1
,2016_26841,39.678435,-104.9127435,12/6/2016 11:35,11:35,10,0,0,MONACO STREET SOUTH & EVANS AVENUE EAST,1,1,0,0,1,1,,0,30,0,0,0,0,0,4,2,13
,2016_26842,39.702033,-104.9129325,10/20/2016 8:00,8:00,12,0,0,MONACO STREET 800 BLOCK SOUTH & OHIO AVENUE EAST,1,1,0,7,1,4,,0,35,0,0,0,0,0,4,2,2
,2016_26843,39.777993,-104.912901,4/1/2016 14:23,14:23,3,0,0,MONACO PARKWAY NORTH & STAPLETON SOUTH DRIVE EAST,1,1,0,7,1,1,,0,30,0,0,0,0,0,4,2,16
,2016_26844,39.667626,-104.912964,8/11/2016 6:53,6:53,1,0,0,MONACO STREET PARKWAY SOUTH & YALE AVENUE EAST,1,1,0,7,1,1,,0,35,0,0,0,0,0,4,2,1
,2016_26845,39.79290082,-104.9451602,2/9/2016 8:40,8:40,6,0,0,MONROE STREET & 100 BLOCK NORTH,1,1,0,0,1,4,,0,25,0,0,0,0,0,4,2,3
,2016_26846,39.71214,-105.0039315,12/20/2016 19:23,19:23,3,0,0,NAVAJO STREET & BYERS PLACE WEST,5,3,1,0,1,1,,0,25,0,0,0,0,0,4,2,13
,2016_26847,39.710214,-105.003882,2/18/2016 7:45,7:45,3,0,0,NEVADA PLACE WEST & NAVAJO STREET SOUTH,1,1,0,7,1,1,,0,30,0,0,0,0,0,4,2,14
,2016_26848,39.782385,-104.8526325,5/6/2016 11:20,11:20,12,0,0,NOME STREET NORTH & 47TH AVENUE EAST,1,1,0,7,1,3,,0,25,0,0,0,0,0,4,2,16
,2016_26849,39.70215,-104.9875605,2/9/2016 0:33,0:33,14,0,0,OHIO AVENUE EAST & BROADWAY STREET SOUTH,1,3,0,7,1,1,,0,30,0,0,0,0,0,4,2,8
,2016_26850,39.702195,-105.0423615,4/9/2016 7:35,7:35,3,0,1,OHIO AVENUE WEST & RALEIGH STREET SOUTH,1,1,0,7,1,1,,0,25,0,0,0,0,2,4,2,16
,2016_26851,39.743235,-104.9726565,3/20/2016 23:50,23:50,3,0,0,PARK AVENUE & 17TH AVENUE EAST,1,3,0,0,1,1,,0,30,0,0,0,0,0,4,2,5
,2016_26852,39.743235,-104.9726565,11/19/2016 12:04,12:04,12,0,0,PARK AVENUE WEST & 17TH AVENUE EAST,1,1,0,7,1,4,,0,30,0,0,0,0,0,4,2,12
,2016_26853,39.765726,-104.9948415,8/3/2016 16:27,16:27,12,0,0,PARK AVENUE WEST & GLOBEVILLE ROAD,1,1,1,7,1,4,,0,35,0,0,0,0,0,4,2,2
,2016_26854,39.782385,-104.847093,7/21/2016 15:10,15:10,1,0,0,PEORIA STREET NORTH & 47TH AVENUE EAST,1,1,0,0,1,3,,0,40,0,0,0,0,1,4,2,13
,2016_26855,39.765726,-104.9948415,11/8/2016 7:19,7:19,12,0,0,PARK AVENUE WEST & GLOBEVILLE ROAD,1,1,0,7,1,1,,0,35,0,0,0,0,0,4,3,14
,2016_26856,39.755745,-104.989014,1/9/2016 2:15,2:15,12,0,0,PARK AVENUE WEST 1200 BLOCK & LARIMER STREET,1,3,0,0,1,3,,0,35,0,0,0,0,0,4,2,14
,2016_26857,39.755745,-104.989014,6/13/2016 7:55,7:55,3,0,0,PARK AVENUE WEST & LARIMER STREET,1,1,0,7,1,1,,0,35,0,0,0,0,0,4,2,16
,2016_26858,39.759282,-104.993892,5/10/2016 7:42,7:42,15,0,0,PARK AVENUE WEST & WEWATTA STREET,1,1,0,7,1,4,,0,30,0,0,0,0,0,4,2,1
,2016_26859,39.844602,-104.6809395,7/21/2016 23:10,23:10,15,0,0,PENA BOULEVARD & 8000 BLOCK,1,3,0,0,1,4,,0,45,0,0,0,0,0,4,2,13
,2016_26860,39.798396,-104.786415,3/18/2016 6:50,6:50,1,0,0,PENA BOULEVARD & 56TH AVENUE EAST,4,1,0,2,1,1,,0,45,0,0,0,0,1,4,2,8
,2016_26861,39.83868479,-104.6719364,11/7/2016 11:38,11:38,12,0,0,PENA BOULEVARD 8400 BLOCK & 84TH AVENUE EAST,1,1,1,7,1,4,,0,35,0,0,0,0,1,4,2,8
,2016_26862,39.83346903,-104.692932,9/27/2016 16:37,16:37,12,0,0,PENA BOULEVARD OUTBOUND & JACKSON GAP STREET,1,1,0,0,1,4,,0,55,0,0,0,0,0,4,2,1
,2016_26863,39.83346903,-104.692932,10/22/2016 4:25,4:25,3,0,0,PENA BOULEVARD & JACKSON GAP,1,3,0,0,1,1,,0,45,0,0,0,0,0,4,2,13
,2016_26864,39.78191736,-104.981211,4/6/2016 18:35,18:35,6,0,0,PENNSYLVANIA STREET & 1100 BLOCK NORTH,1,1,1,7,1,4,,0,30,0,0,0,0,0,4,2,1
,2016_26865,39.77614197,-104.8469535,2/17/2016 14:20,14:20,12,0,0,PEORIA STREET & 4100 BLOCK NORTH,1,1,0,0,1,4,,0,40,0,0,0,0,0,4,2,13
,2016_26866,39.771063,-104.8470435,7/29/2016 15:56,15:56,12,0,0,PEORIA STREET NORTH & 39TH AVENUE EAST,1,1,0,0,1,1,,0,40,0,0,0,0,0,4,2,3
,2016_26867,39.691683,-104.99679,6/23/2016 16:30,16:30,12,0,0,PLATTE RIVER DRIVE SOUTH & HURON STREET SOUTH,1,1,0,0,1,1,,0,30,0,0,0,0,0,4,2,13
,2016_26868,39.75980737,-104.9057465,7/29/2016 14:10,14:10,6,0,0,PONTIAC STREET & 3600 BLOCK NORTH,1,1,0,0,1,4,,0,30,0,0,0,0,0,4,4,3
,2016_26869,39.777408,-104.903613,8/11/2016 20:45,20:45,14,0,0,QUEBEC STREET & QUEBEC STREET 2000 BLOCK NORTH,1,3,0,1,1,4,,0,30,0,0,0,0,0,4,2,5
,2016_26870,39.729267,-104.9034735,1/28/2016 22:25,22:25,12,0,0,QUEBEC STREET NORTH & EIGHTH AVENUE EAST,1,3,0,0,1,3,,0,30,0,0,0,0,0,4,3,5
,2016_26871,39.74562,-104.9034825,6/27/2016 18:50,18:50,12,0,0,QUEBEC STREET NORTH & 19TH AVENUE EAST,1,1,0,7,1,1,,0,35,0,0,0,0,0,4,2,3
,2016_26872,39.754728,-104.9034015,10/9/2016 10:55,10:55,12,0,0,QUEBEC NORTH & 26TH AVENUE EAST,1,1,0,7,1,1,,0,65,0,0,0,0,0,4,2,14
,2016_26873,39.767382,-104.90346,7/16/2016 20:21,20:21,10,0,0,QUEBEC STREET & 36TH AVENUE EAST,1,5,0,5,1,1,,0,40,0,0,0,0,0,4,2,8
,2016_26874,39.711348,-104.9035005,4/16/2016 13:52,13:52,5,0,0,QUEBEC STREET 300 BLOCK SOUTH & ALAMEDA AVENUE EAST,2,1,0,2,3,4,,0,35,0,0,0,0,0,4,1,7
,2016_26875,39.698523,-104.903541,11/14/2016 17:00,17:00,12,0,0,QUEBEC STREET SOUTH & LEETSDALE DRIVE,1,2,2,7,1,4,,0,60,0,0,0,0,0,4,2,16
,2016_26876,39.747438,-104.90346,6/9/2016 17:17,17:17,12,0,0,QUEBEC STREET NORTH & MONTVIEW BOULEVARD,1,1,0,0,1,4,,0,30,0,0,0,0,1,4,2,13
,2016_26877,39.67677664,-105.0408239,2/24/2016 8:10,8:10,12,0,0,QUITMAN STREET 2200 BLOCK SOUTH & WARREN AVENUE WEST,1,1,1,7,1,4,,0,25,0,0,0,0,0,4,2,16
,2016_26878,39.74487638,-104.9634056,3/29/2016 6:00,6:00,6,0,0,RACE STREET 1800 BLOCK NORTH & 18TH AVENUE EAST,1,3,0,0,1,4,,0,25,0,0,0,0,0,4,2,13
,2016_26879,39.7172835,-104.8960418,5/3/2016 7:27,7:27,10,0,0,RAMPART WAY NORTH & LOWRY BOULEVARD EAST,1,1,0,0,1,6,,0,15,0,0,0,0,0,4,2,13
,2016_26880,39.743955,-104.9954625,12/15/2016 13:30,13:30,15,0,0,14TH STREET & STOUT STREET,1,1,0,0,1,1,,0,30,0,0,0,0,0,4,2,13
,2016_26881,39.753333,-104.995521,10/12/2016 23:08,23:08,12,0,0,19TH STREET & BLAKE STREET,1,3,0,0,1,4,,0,30,0,0,0,0,0,4,2,5
,2016_26882,39.752001,-104.9938155,11/5/2016 18:50,18:50,15,0,0,19TH STREET 1300 BLOCK & LARIMER STREET,1,3,0,0,1,5,,0,30,0,0,0,0,0,4,2,7
,2016_26883,39.757653,-104.998635,12/26/2016 11:20,11:20,12,0,1,20TH STREET & CHESTNUT PLACE,1,1,0,7,1,1,,0,30,0,0,0,0,2,4,2,16
,2016_26884,39.749463,-104.973381,8/18/2016 9:30,9:30,12,0,0,22ND AVENUE & DOWNING STREET,1,1,0,0,1,1,,0,30,0,0,0,0,0,4,2,13
,2016_26885,39.75417,-104.9893335,1/7/2016 20:40,20:40,3,0,0,22ND STREET & LAWRENCE STREET,2,3,0,2,1,1,,0,30,0,0,0,0,0,4,2,1
,2016_26886,39.75417,-104.9893335,10/16/2016 14:00,14:00,3,0,0,22ND STREET & LAWRENCE STREET,1,1,0,0,1,1,,0,30,0,0,0,0,0,4,2,13
,2016_26887,39.785886,-104.7722445,11/4/2016 7:30,7:30,1,0,0,49TH STREET EAST & TOWER ROAD NORTH,1,1,0,0,1,1,,0,40,0,0,0,0,0,4,2,13
,2016_26888,39.718404,-104.9985855,12/9/2016 4:58,4:58,15,0,0,SANTA FE DRIVE NORTH & FIRST AVENUE WEST,1,2,0,0,1,1,,0,30,0,0,0,0,1,4,2,3
,2016_26889,39.711186,-104.997132,6/16/2016 8:30,8:30,3,0,0,SANTA FE DRIVE SOUTH & ALAMEDA AVENUE WEST,1,1,0,0,1,1,,0,35,0,0,0,0,0,4,3,14
,2016_26890,39.71655,-104.998572,8/3/2016 9:17,9:17,10,0,0,SANTA FE DRIVE SOUTH & ELLSWORTH AVENUE WEST,1,1,0,0,1,1,,0,30,0,0,0,0,0,4,2,14
,2016_26891,39.773142,-104.9127615,2/9/2016 16:00,16:00,10,0,0,SMITH ROAD EAST & MONACO STREET NORTH,1,1,0,0,1,1,,0,25,0,0,0,0,0,4,2,14
,2016_26892,39.75938304,-105.0232061,7/30/2016 12:25,12:25,15,0,0,SPEER BOULEVARD NORTH & 1700 BLOCK NORTH,1,1,0,0,1,4,,0,30,0,0,0,0,0,4,2,13
,2016_26893,39.73851768,-104.9969761,10/30/2016 12:05,12:05,12,0,0,SPEER BOULEVARD & 2300 BLOCK,1,1,1,0,1,4,,0,35,0,0,0,0,1,4,2,7
,2016_26894,39.778902,-104.9498505,5/28/2016 2:30,2:30,6,0,0,STEELE STREET NORTH & 45TH AVENUE EAST,1,3,1,0,1,4,,0,35,0,0,0,0,0,4,2,5
,2016_26895,39.728934,-104.9906115,6/24/2016 1:56,1:56,3,0,0,SPEER BOULEVARD NORTH & EIGHTH AVENUE WEST,1,3,1,7,1,1,,0,35,0,0,0,0,0,4,2,5
,2016_26896,39.736863,-104.996484,7/26/2016 8:48,8:48,15,0,0,SPEER BOULEVARD & 13TH AVENUE WEST,1,1,0,0,1,4,,1,30,0,0,0,0,0,4,2,13
,2016_26897,39.748446,-105.0033735,7/1/2016 19:31,19:31,3,0,0,SPEER BOULEVARD NORTH & AURARIA PARKWAY,1,1,0,0,6,1,,0,30,0,0,0,0,1,4,2,13
,2016_26898,39.685851,-105.0110325,4/1/2016 18:30,18:30,9,0,1,TEJON STREET 1700 BLOCK SOUTH & MEXICO AVENUE WEST,1,1,0,0,1,1,,0,30,0,0,0,1,2,4,1,3