id,drcog_id,latitude,longitude,crashtime,time,crashtype,numbkilled,numbinjurd,drcoglocat,rdconditin,lightngcon,roadcntgrd,weatherco,location,roaddescrp,schoolzone,constrzone,splimit,bikeinv,pedinv,sctrinv,motoinv,svrty,rdsystem,ttlvehcls,hcf
,2016_26899,39.748446,-105.0033735,8/20/2016 15:30,15:30,12,0,0,SPEER BOULEVARD NORTHBOUND & AURARIA PARKWAY,1,1,0,0,1,3,,0,35,0,0,0,0,0,4,2,8
,2016_26900,39.75003,-105.0049305,2/2/2016 17:09,17:09,12,0,0,SPEER BOULEVARD NORTH & CHOPPER CIRCLE,6,1,0,7,1,4,,0,35,0,0,0,0,0,4,2,7
,2016_26901,39.758049,-105.02055,1/3/2016 19:05,19:05,3,0,0,SPEER BOULEVARD NORTH & CLAY STREET NORTH,1,3,1,0,1,1,,0,25,0,0,0,0,1,4,2,13
,2016_26902,39.745755,-105.000174,11/30/2016 16:05,16:05,3,0,0,SPEER BOULEVARD NORTH & LAWRENCE STREET,1,2,0,7,1,1,,0,80,0,0,0,0,0,4,2,16
,2016_26903,39.75633,-105.015852,2/11/2016 8:32,8:32,15,0,0,SPEER BOULEVARD NORTH & ZUNI STREET NORTH,1,1,0,0,1,1,,0,35,0,0,0,0,0,4,2,14
,2016_26904,39.779757,-104.9317335,8/1/2016 10:19,10:19,3,0,0,STAPLETON NORTH DRIVE EAST & DAHLIA STREET NORTH,1,1,0,0,1,2,,0,30,0,0,0,0,0,4,2,13
,2016_26905,39.778839,-104.9269725,11/14/2016 16:55,16:55,12,0,0,STAPLETON NORTH DRIVE EAST & FOREST STREET NORTH,1,4,0,7,1,4,,0,40,0,0,0,0,0,4,4,16
,2016_26906,39.719403,-104.9498415,1/21/2016 17:20,17:20,15,0,0,STEELE STREET NORTH & SECOND AVENUE EAST,1,3,0,0,1,4,,0,25,0,0,0,0,0,4,2,14
,2016_26907,39.72411,-104.949774,3/28/2016 17:32,17:32,3,0,0,STEELE STREET NORTH & FIFTH AVENUE EAST,1,1,0,7,1,1,,0,25,0,0,0,0,1,4,2,3
,2016_26908,39.755673,-104.9499135,7/3/2016 11:37,11:37,15,0,0,STEELE STREET NORTH & 27TH AVENUE EAST,1,1,0,7,1,1,,0,25,0,0,0,0,0,4,2,1
,2016_26909,39.74384859,-104.9955888,8/10/2016 11:45,11:45,12,0,0,STOUT STREET & 1400 BLOCK,1,1,0,0,1,3,,0,30,0,0,0,0,0,4,2,13
,2016_26910,39.74384859,-104.9955888,3/8/2016 7:45,7:45,6,0,0,STOUT STREET & 2900 BLOCK,1,1,0,0,1,4,,0,30,0,0,0,0,0,4,2,4
,2016_26911,39.638664,-104.89266,11/4/2016 18:34,18:34,1,0,0,TAMARAC STREET SOUTH & QUINCY AVENUE EAST,1,3,0,7,1,1,,0,35,0,0,0,0,1,4,2,14
,2016_26913,39.679578,-105.044094,7/12/2016 16:45,16:45,15,0,0,TENNYSON WAY SOUTH & EVANS AVENUE WEST,1,1,0,7,1,3,,0,25,0,0,0,0,0,4,2,1
,2016_26914,39.798234,-104.7721815,3/7/2016 6:24,6:24,10,0,1,TOWER ROAD NORTH & 56TH AVENUE EAST,1,1,1,0,1,1,,0,45,0,0,0,0,2,4,2,7
,2016_26915,39.83338151,-104.771988,2/24/2016 14:32,14:32,10,0,0,TOWER ROAD & PENA BOULEVARD,1,1,0,0,1,2,,0,45,0,0,0,0,0,4,2,1
,2016_26916,39.78441,-104.89626,7/29/2016 17:51,17:51,3,0,0,TRENTON STREET NORTH & SPRUCE WAY NORTH,1,1,1,7,1,1,,0,25,0,0,0,0,0,4,2,7
,2016_26917,39.793248,-104.8390605,12/7/2016 10:21,10:21,5,0,0,TULSA WAY 5495 NORTH & 55TH AVENUE EAST,4,1,0,2,3,1,,0,25,0,0,0,0,0,4,1,1
,2016_26918,39.74001,-104.99202,2/2/2016 8:30,8:30,6,0,0,UNION AVENUE & 3000 BLOCK WEST,5,1,0,2,1,3,,0,,0,0,0,0,0,4,2,13
,2016_26919,39.71950109,-104.95944,12/9/2016 2:37,2:37,6,0,0,UNIVERSITY BOULEVARD & 2100 BLOCK SOUTH,1,3,0,0,1,4,,0,35,0,0,0,0,0,4,2,5
,2016_26920,39.679155,-105.0490035,9/6/2016 13:47,13:47,3,0,0,WOLCOTT STREET SOUTH & EVANS AVENUE WEST,1,1,0,0,1,1,,0,30,0,0,0,0,0,4,2,14
,2016_26921,39.742704,-104.9931405,6/16/2016 14:50,14:50,15,0,0,WELTON STREET 1400 BLOCK & 14TH STREET,1,1,0,0,1,4,,0,30,0,0,0,0,0,4,2,1
,2016_26922,39.715263,-104.959323,2/18/2016 16:32,16:32,12,0,0,UNIVERSITY BOULEVARD 000 BLOCK SOUTH & CHERRY CREEK SOUTH DRIVE,1,1,0,7,1,4,,0,30,0,0,0,0,0,4,3,16
,2016_26923,39.715983,-104.959314,11/29/2016 15:45,15:45,15,0,0,UNIVERSITY BOULEVARD 000 BLOCK SOUTH & CHERRY CREEK NORTH DRIVE,1,1,0,7,1,4,,0,30,0,0,0,0,0,4,2,16
,2016_26924,39.678363,-104.959404,4/11/2016 11:09,11:09,12,0,0,UNIVERSITY BOULEVARD SOUTH & EVANS AVENUE EAST,1,1,1,0,1,3,,0,30,0,0,0,0,0,4,2,3
,2016_26925,39.671208,-104.9593905,11/10/2016 12:39,12:39,12,0,0,UNIVERSITY BOULEVARD 2500 BLOCK SOUTH & HARVARD AVENUE EAST,1,1,0,7,1,4,,0,30,0,0,0,0,0,4,2,16
,2016_26926,39.74001,-104.99202,12/2/2016 14:31,14:31,12,0,0,VALASQUEZ BOULEVARD NORTH & 45TH AVENUE EAST,1,1,0,7,1,4,,0,35,0,0,0,0,0,4,2,3
,2016_26927,39.720222,-105.0131745,11/3/2016 15:20,15:20,12,0,0,VALLEJO STREET NORTH & SECOND AVENUE WEST,1,1,0,0,1,4,,0,25,0,0,0,0,0,4,2,13
,2016_26928,39.707487,-105.025095,10/29/2016 8:45,8:45,6,0,0,VIRGINIA AVENUE 3000 BLOCK WEST & FEDERAL BOULEVARD SOUTH,1,1,0,0,1,4,,0,25,0,0,0,0,0,4,3,7
,2016_26929,39.707361,-105.0133455,3/10/2016 7:21,7:21,6,0,0,VIRGINIA AVENUE WEST & VALLEJO STREET SOUTH,1,1,1,0,1,2,,0,25,0,0,0,0,0,4,2,13
,2016_26930,39.762018,-105.015843,1/20/2016 16:23,16:23,10,0,0,ZUNI STREET NORTH & 32ND AVENUE WEST,1,1,0,0,1,1,,0,25,0,0,0,0,0,4,2,2
,2016_26931,39.707361,-105.0133455,5/31/2016 15:31,15:31,6,0,0,VIRGINIA AVENUE WEST & VALLEJO STREET SOUTH,1,1,0,0,1,4,,0,25,0,0,0,0,1,4,3,7
,2016_26932,39.7962951,-104.889474,3/3/2016 10:30,10:30,6,0,0,WABASH STREET NORTH & 1232,1,1,0,0,1,4,,0,,0,0,0,0,0,4,2,13
,2016_26933,39.762954,-104.981373,1/19/2016 18:59,18:59,3,0,0,WALNUT STREET & 30TH STREET,1,3,0,0,1,1,,0,20,0,0,0,0,0,4,4,14
,2016_26934,39.762954,-104.981373,4/6/2016 13:31,13:31,10,0,0,WALNUT STREET & 30TH STREET,1,1,0,0,1,2,,0,30,0,0,0,1,1,4,2,8
,2016_26935,39.667464,-104.931603,3/1/2016 8:02,8:02,3,0,0,YALE AVENUE EAST & DAHLIA STREET SOUTH,1,1,0,7,1,1,,0,30,0,0,0,0,1,4,4,1
,2016_26937,39.66759,-104.9165775,3/16/2016 8:04,8:04,15,0,0,YALE AVENUE 6200 BLOCK EAST & KRAMERIA STREET SOUTH,1,1,0,7,1,4,,0,35,0,0,0,0,0,4,2,16
,2016_26938,39.667626,-104.9036175,10/20/2016 8:42,8:42,12,0,0,YALE AVENUE EAST & QUEBEC STREET SOUTH,1,1,0,7,1,1,,0,30,0,0,0,0,0,4,2,16
,2016_26939,39.78378,-104.774454,11/27/2016 15:47,15:47,3,0,0,YAMPA STREET NORTH & GREEN VALLEY RANCH BOULEVARD EAST,1,1,1,0,1,1,,0,25,0,0,0,0,0,4,2,14
,2016_26940,39.743244,-104.9598315,11/20/2016 16:00,16:00,3,0,1,YORK STREET NORTH & 17TH AVENUE EAST,1,1,0,7,1,1,,0,30,0,0,0,0,2,4,2,14
,2016_26941,39.772755,-104.9593815,4/14/2016 17:57,17:57,12,0,0,YORK STREET NORTH & 40TH AVENUE EAST,1,2,0,7,1,3,,0,30,0,0,0,0,1,4,2,16
,2016_26942,39.72393,-104.8839413,10/20/2016 8:30,8:30,15,0,0,YOSEMITE STREET NORTH & LOWRY BOULEVARD EAST,1,1,0,0,1,6,,0,15,0,0,0,0,0,4,2,13
,2016_26943,39.76209,-105.0526215,12/8/2016 12:45,12:45,6,0,0,ZENOBIA STREET & 32ND,4,1,1,0,1,4,,0,25,0,0,0,0,0,4,2,13
,2016_26944,39.693123,-105.0155955,11/29/2016 18:30,18:30,3,0,0,ZUNI STREET SOUTH & LOUISIANA AVENUE WEST,1,3,0,7,1,1,,0,25,0,0,0,0,0,4,2,14
,2016_27004,39.678435,-104.9251905,3/22/2016 11:01,11:01,5,0,0,GRAPE STREET SOUTH & EVANS AVENUE EAST,1,1,0,0,3,4,,0,25,0,0,0,0,0,4,1,13
,2016_27181,39.7546748,-104.8948031,3/5/2016 7:45,7:45,5,0,0,26TH AVENUE EAST & 1350,1,1,0,0,1,5,,0,30,0,0,0,0,0,4,1,7
,2016_27255,39.729312,-105.015933,9/7/2016 15:35,15:35,1,0,0,EIGHTH AVENUE WEST & ZUNI STREET NORTH,1,1,1,0,1,1,,0,30,0,0,0,0,1,4,2,13
,2016_27257,39.73383,-104.988843,12/9/2016 10:00,10:00,6,0,0,11TH AVENUE WEST & ACOMA STREET NORTH,4,1,0,0,1,4,,0,30,0,0,0,0,0,4,2,13
,2016_27288,39.801582,-104.7626955,2/14/2016 0:50,0:50,5,0,0,58TH AVENUE EAST & DUNKIRK STREET NORTH,1,3,0,7,3,4,,0,,0,0,0,0,0,4,1,16
,2016_27415,39.774528,-104.9223105,12/13/2016 16:17,16:17,5,0,0,HOLLY STREET NORTH & SMITH ROAD EAST,1,3,0,0,2,1,,0,30,0,0,0,0,0,4,1,10
,2016_27451,39.762306,-104.9805405,1/16/2016 14:50,14:50,6,0,0,30TH STREET & LARIMER STREET,1,1,0,7,1,4,,0,30,0,0,0,0,0,4,2,16
,2016_27541,39.77440197,-105.0462973,4/30/2016 2:29,2:29,5,0,0,VRAIN STREET NORTH & 75,2,3,0,2,3,4,,0,35,0,0,0,0,0,4,1,5
,2016_27585,39.79585349,-104.9015307,1/11/2016 11:00,11:00,14,0,0,ROSLYN STREET & 1146 NORTH,6,1,1,0,1,4,,0,20,0,0,0,0,0,4,2,14
,2016_27629,39.74001,-104.99202,10/12/2016 3:15,3:15,6,0,0,EVANS AVENUE & 2300 BLOCK EAST,2,3,0,1,1,4,,0,30,0,0,0,0,0,4,2,8
,2016_27726,39.771063,-104.8470435,1/6/2016 5:41,5:41,8,0,0,39TH AVENUE EAST & PEORIA STREET NORTH,1,2,1,0,1,1,,0,40,0,0,0,0,0,4,3,3
,2016_27727,39.75948,-104.959782,6/17/2016 14:13,14:13,3,0,0,30TH AVENUE EAST & YORK STREET NORTH,1,1,0,0,1,1,,0,30,0,0,0,0,0,4,2,8
,2016_27728,39.67866,-105.020352,7/27/2016 11:21,11:21,9,0,0,CLAY STREET SOUTH & EVANS AVENUE WEST,1,1,0,0,1,4,,0,35,0,0,0,0,0,4,1,13
,2016_27729,39.689379,-104.9804415,8/6/2016 23:32,23:32,6,0,0,PEARL STREET & FLORIDA AVENUE EAST,1,1,0,0,1,4,,0,25,0,0,0,0,0,4,2,13
,2016_27730,39.743244,-104.986107,8/17/2016 12:55,12:55,12,0,0,17TH AVENUE EAST & LINCOLN STREET NORTH,1,1,0,0,1,4,,0,,0,0,0,0,0,4,2,8
,2016_27731,39.743226,-104.961006,8/18/2016 15:10,15:10,3,0,0,GAYLORD AVENUE NORTH & 17TH AVENUE EAST,1,1,0,0,1,1,,0,5,0,0,0,0,0,4,2,3
,2016_27732,39.797559,-104.82363,8/22/2016 17:20,17:20,3,0,0,RANDOLPH PLACE EAST & BLACKHAWK WAY NORTH,1,1,0,0,1,1,,0,25,0,0,0,0,1,4,2,13
,2016_27733,39.676941,-105.0367815,8/28/2016 4:30,4:30,6,0,0,NEWTON STREET SOUTH & WARREN AVENUE WEST,1,3,0,0,1,1,,0,25,0,0,0,0,0,4,3,5
,2016_27734,39.71115,-104.987592,8/29/2016 9:37,9:37,1,0,0,ALAMEDA AVENUE EAST & BROADWAY SOUTH,1,1,0,0,1,1,,0,30,0,0,0,0,0,4,2,13
,2016_27736,39.783762,-104.798043,8/30/2016 19:15,19:15,15,0,0,MEMPHIS STREET NORTH & GREEN VALLEY RANCH,1,2,0,0,1,4,,0,,0,0,0,0,0,4,2,13
,2016_27737,39.744774,-104.9598225,9/1/2016 7:20,7:20,10,0,0,18TH AVENUE EAST & YORK STREET NORTH,1,1,0,0,1,1,,0,30,0,0,0,0,0,4,2,13
,2016_27738,39.73851768,-104.9969761,9/1/2016 12:35,12:35,15,0,0,SPEER BOULEVARD & 1200 BLOCK NORTH,1,1,0,0,1,4,,1,30,0,0,0,0,0,4,2,13
,2016_27739,39.71466,-104.948595,9/2/2016 17:20,17:20,6,0,0,ADAMS STREET & BAYAUD AVENUE EAST,1,1,1,0,1,4,,0,,0,0,0,0,0,4,3,13
,2016_27740,39.736782,-104.9494635,11/16/2016 0:10,0:10,6,0,0,13TH AVENUE EAST & STEELE STREET,1,3,0,0,1,4,,0,30,0,0,0,0,0,4,2,5
,2016_27741,39.832011,-104.71554,9/3/2016 16:14,16:14,15,0,0,75TH AVENUE EAST & GUN CLUB ROAD NORTH,1,1,0,0,1,1,,0,35,0,0,0,1,0,4,2,8
,2016_27742,39.741678,-104.982354,9/5/2016 12:05,12:05,15,0,0,LOGAN STREET NORTH & 16TH AVENUE EAST,1,1,0,0,1,4,,0,30,0,0,0,0,0,4,2,13
,2016_27743,39.711168,-104.99238,9/6/2016 7:40,7:40,15,0,0,ALAMEDA AVENUE WEST & CHEROKEE STREET SOUTH,1,1,0,0,1,3,,0,35,0,0,0,0,0,4,3,1
,2016_27744,39.798234,-104.7721815,9/7/2016 19:58,19:58,15,0,0,56TH AVENUE EAST & TOWER ROAD NORTH,1,1,0,0,1,1,,0,40,0,0,0,0,0,4,2,13
,2016_27745,39.759282,-104.993892,9/9/2016 17:36,17:36,15,0,0,WEWATTA STREET & PARK AVENUE WEST,1,1,0,0,1,3,,0,35,0,0,0,1,0,4,2,6
,2016_27746,39.678363,-104.959404,9/9/2016 22:02,22:02,12,0,0,UNIVERSITY BOULEVARD SOUTH & EVANS AVENUE EAST,1,1,1,0,1,4,,0,35,0,0,0,0,0,4,2,13
,2016_27747,39.762117,-105.034572,9/14/2016 10:51,10:51,6,0,0,32ND AVENUE & LOWELL BOULEVARD,1,1,0,0,1,4,,0,25,0,0,0,0,0,4,2,14
,2016_27748,39.759876,-104.890752,9/15/2016 8:43,8:43,3,0,0,MLK BOULEVARD EAST & CENTRAL PARK BOULEVARD,1,1,0,0,1,1,,0,60,0,0,0,0,0,4,3,13
,2016_27749,39.79094944,-104.9851935,9/16/2016 20:48,20:48,10,0,0,SHERMAN STREET & 1889 SOUTH,1,2,0,0,1,5,,0,30,0,0,0,0,0,4,2,1
,2016_27750,39.696705,-104.9991345,9/20/2016 17:09,17:09,15,0,0,MISSISSIPPI AVENUE WEST & JASON STREET SOUTH,1,1,0,0,1,3,,0,,0,0,0,0,0,4,2,13
,2016_27751,39.758049,-105.02055,9/23/2016 9:50,9:50,1,0,0,SPEER BOULEVARD & CLAY STREET NORTH,1,1,1,0,1,1,,0,30,0,0,0,0,0,4,2,13
,2016_27752,39.66435,-104.912982,9/23/2016 10:22,10:22,6,0,0,BATES AVENUE EAST & MONACO STREET SOUTH,1,1,1,0,1,2,,0,25,0,0,0,0,0,4,2,13
,2016_27753,39.750619,-105.0195615,9/26/2016 12:47,12:47,6,0,0,RIVER DRIVE & 2543 WEST,1,1,0,0,1,4,,0,,0,0,0,0,0,4,3,14
,2016_27754,39.765726,-104.9948415,9/30/2016 12:27,12:27,1,0,0,BROADWAY STREET NORTH & PARK AVENUE WEST,1,1,0,0,1,1,,0,30,0,0,0,0,0,4,2,13
,2016_27755,39.678489,-104.9687415,9/30/2016 15:40,15:40,12,0,0,EVANS AVENUE & FRANKLIN STREET SOUTH,1,1,0,0,1,3,,0,35,0,0,0,0,0,4,2,13
,2016_27756,39.712896,-104.9734035,10/4/2016 8:04,8:04,3,0,0,DOWNING STREET SOUTH & CEDAR AVENUE EAST,1,1,0,0,1,1,,0,25,0,0,0,0,0,4,2,13
,2016_27757,39.735036,-104.9622525,10/5/2016 9:02,9:02,3,0,0,12TH AVENUE EAST & VINE STREET,1,1,1,0,1,1,,0,25,0,0,0,0,0,4,2,13
,2016_27758,39.736845,-104.9741505,10/5/2016 21:27,21:27,3,0,1,13TH AVENUE & CORONA / DOWNING ALLEY,1,3,0,0,1,5,,0,30,0,0,0,0,2,4,3,9
,2016_27759,39.782394,-104.848956,10/6/2016 10:35,10:35,15,0,0,PARIS STREET NORTH & 47TH AVENUE EAST,2,1,1,1,1,1,,0,25,0,0,0,0,0,4,2,13
,2016_27760,39.692952,-104.9687945,10/6/2016 12:00,12:00,10,0,0,LOUISIANA AVENUE & 3400 BLOCK WEST,2,1,0,0,1,3,,0,25,0,0,0,0,0,4,2,13
,2016_27761,39.7368,-104.9586435,10/6/2016 22:05,22:05,3,0,0,13TH AVENUE EAST & JOSEPHINE STREET NORTH,1,3,0,0,1,1,,0,30,0,0,0,0,1,4,2,3
,2016_27762,39.760227,-104.90346,7/17/2016 18:25,18:25,5,0,0,30TH AVENUE EAST & QUEBEC STREET NORTH,1,1,0,0,4,1,,0,25,0,0,0,0,0,4,1,14
,2016_27763,39.779289,-104.85009,10/12/2016 13:23,13:23,6,0,0,PARIS STREET & 46TH AVENUE,1,1,1,0,1,2,,0,25,0,0,0,0,1,4,2,13
,2016_27764,39.711159,-104.9900175,10/31/2016 11:57,11:57,1,0,0,ALAMEDA AVENUE WEST & BANNOCK STREET SOUTH,1,1,0,0,1,1,,0,30,0,0,0,0,0,4,2,14
,2016_27765,39.712977,-104.986341,12/11/2016 17:32,17:32,12,0,0,CEDAR AVENUE EAST & LINCOLN STREET SOUTH,2,3,0,0,1,4,,0,25,0,0,0,0,0,4,2,13
,2016_27766,39.714759,-104.9875425,12/21/2016 13:10,13:10,6,0,0,BROADWAY & BAYAUD AVENUE EAST,1,1,0,0,1,4,,0,30,0,0,0,0,0,4,2,1
,2016_27767,39.718188,-105.049413,8/6/2016 18:55,18:55,3,0,0,FIRST AVENUE WEST & XAVIER STREET,1,1,1,0,1,1,,0,30,0,0,0,0,0,4,2,1
,2016_27768,39.720375,-105.0485715,11/9/2016 22:55,22:55,6,0,0,SECOND AVENUE & WOLFF STREET NORTH,1,3,0,0,1,4,,0,25,0,0,0,0,0,4,2,13
,2016_27769,39.724074,-104.97753,7/1/2016 16:12,16:12,3,0,0,FIFTH AVENUE EAST & CLARKSON STREET NORTH,2,1,1,7,1,1,,0,25,0,0,0,0,0,4,2,3
,2016_27770,39.725658,-104.9891625,6/24/2016 10:15,10:15,15,0,0,SIXTH AVENUE WEST & ACOMA STREET NORTH,1,1,0,0,1,4,,0,35,0,0,0,0,0,4,2,13
,2016_27771,39.725316,-104.922801,8/11/2016 7:16,7:16,3,0,0,SIXTH AVENUE EAST & HOLLY STREET NORTH,1,1,0,7,1,1,,0,30,0,0,0,0,0,4,2,1
,2016_27772,39.72627,-105.0002055,11/12/2016 19:25,19:25,12,0,0,SIXTH AVENUE 1000 BLOCK WEST & KALAMATH STREET NORTH,1,4,0,7,1,4,,0,35,0,0,0,0,1,4,2,16
,2016_27773,39.725334,-104.912793,11/18/2016 14:43,14:43,15,0,0,SIXTH AVENUE EAST & MONACO STREET NORTH,1,1,1,7,1,1,,0,30,0,0,0,0,0,4,2,16
,2016_27774,39.725658,-104.9863095,8/26/2016 12:16,12:16,15,0,0,SIXTH AVENUE EAST & SPEER BOULEVARD EAST,1,1,0,0,1,1,,0,30,0,0,0,0,0,4,2,13
,2016_27775,39.72747789,-105.0206829,12/6/2016 11:08,11:08,6,0,0,SEVENTH AVENUE WEST & 900 BLOCK,1,1,1,0,1,2,,0,30,0,0,0,0,0,4,2,13
,2016_27776,39.727269,-104.98113,1/20/2016 17:04,17:04,15,0,0,SEVENTH AVENUE 400 BLOCK EAST & PENNSYLVANIA STREET NORTH,1,3,0,0,1,4,,0,25,0,0,0,0,0,4,3,3
,2016_27777,39.729249,-104.9250105,11/18/2016 13:07,13:07,12,0,0,EIGHTH AVENUE EAST & GRAPE STREET NORTH,5,1,0,7,1,4,,0,25,0,0,0,0,0,4,2,16
,2016_27778,39.729231,-104.922801,1/7/2016 17:20,17:20,1,0,0,EIGHTH AVENUE EAST & HOLLY STREET NORTH,2,3,0,2,1,1,,0,30,0,0,0,0,0,4,2,13
,2016_27779,39.729114,-104.959071,6/13/2016 9:50,9:50,12,0,0,EIGHTH AVENUE EAST & JOSEPHINE STREET NORTH,1,1,0,7,1,1,,0,30,0,0,0,0,0,4,2,16
,2016_27780,39.729276,-104.9128155,8/11/2016 8:10,8:10,3,0,0,EIGHTH AVENUE EAST & MONACO STREET NORTH,1,1,0,0,1,1,,0,30,0,0,0,0,0,4,2,7
,2016_27781,39.728934,-104.9906115,5/16/2016 13:16,13:16,10,0,0,EIGHTH AVENUE WEST & SPEER BOULEVARD,2,2,0,1,1,1,,0,45,0,0,0,0,0,4,2,14
,2016_27782,39.730446,-104.982336,12/18/2016 11:53,11:53,3,0,0,NINTH AVENUE EAST & LOGAN STREET NORTH,4,1,0,7,1,1,,0,25,0,0,0,0,0,4,2,16
,2016_27783,39.73293,-105.032151,4/5/2016 20:00,20:00,3,0,0,10TH AVENUE WEST & KNOX COURT NORTH,1,3,0,0,1,1,,0,25,0,0,0,0,0,4,2,13
,2016_27784,39.73203,-104.982273,2/1/2016 19:00,19:00,6,0,0,10TH AVENUE 400 BLOCK EAST & LOGAN STREET NORTH,4,4,0,2,1,4,,0,25,0,0,0,0,0,4,2,13
,2016_27785,39.732003,-104.978682,12/16/2016 23:06,23:06,3,0,1,10TH AVENUE EAST & WASHINGON STREET NORTH,4,3,0,2,1,1,,0,30,0,0,0,0,2,4,2,14
,2016_27786,39.73383,-104.9902515,2/7/2016 8:52,8:52,3,0,0,11TH AVENUE WEST & BANNOCK STREET NORTH,1,1,0,7,1,1,,0,5,0,0,0,0,0,4,2,3
,2016_27787,39.733848,-105.0201405,12/16/2016 16:07,16:07,6,0,0,11TH AVENUE & BRYANT STREET,1,1,0,0,1,4,,0,20,0,0,0,0,0,4,2,13
,2016_27788,39.733848,-104.9836005,3/23/2016 9:25,9:25,3,0,0,11TH AVENUE EAST & GRANT STREET NORTH,4,1,1,2,1,1,,0,30,0,0,0,0,0,4,3,7
,2016_27789,39.735144,-104.9823225,4/26/2016 9:55,9:55,15,0,1,12TH AVENUE EAST & LOGAN STREET NORTH,1,1,1,0,1,4,,0,25,0,0,0,0,2,4,2,13
,2016_27790,39.74001,-104.99202,1/2/2016 13:05,13:05,15,0,0,13TH AVENUE & 100 BLOCK EAST,1,1,1,0,1,4,,0,30,0,0,0,0,0,4,3,13
,2016_27791,39.736476,-104.9361615,5/20/2016 10:39,10:39,10,0,0,13TH AVENUE EAST & BIRCH STREET,1,1,0,0,1,1,,0,30,0,0,0,0,0,4,2,13
,2016_27792,39.736755,-104.9472765,2/22/2016 23:00,23:00,6,0,0,13TH AVENUE EAST & COOK STREET NORTH,1,3,0,0,1,4,,0,,0,0,0,0,0,4,2,13
,2016_27793,39.736755,-104.918355,11/16/2016 16:48,16:48,3,0,0,13TH AVENUE EAST & JASMINE STREET NORTH,1,3,0,7,1,1,,0,30,0,0,0,0,0,4,2,16
,2016_27794,39.736845,-104.98617,6/3/2016 17:15,17:15,15,0,0,13TH AVENUE EAST & LINCOLN STREET NORTH,1,1,0,0,1,1,,0,25,0,0,0,0,0,4,2,13
,2016_27795,39.736863,-104.9718555,3/29/2016 18:37,18:37,6,0,0,13TH AVENUE 1300 BLOCK EAST & MARION STREET NORTH,2,3,0,1,1,5,,0,30,0,0,0,0,0,4,2,13
,2016_27796,39.737268,-104.9034645,11/15/2016 21:10,21:10,3,0,0,13TH AVENUE EAST & QUEBEC STREET NORTH,1,3,0,0,1,1,,0,30,0,0,0,0,0,4,2,3
,2016_27797,39.73842,-104.977674,7/6/2016 12:39,12:39,3,0,0,14TH AVENUE EAST & CLARKSON STREET NORTH,1,1,0,7,1,1,,0,30,0,0,0,0,1,4,2,10
,2016_27798,39.738276,-104.9326875,3/13/2016 20:00,20:00,12,0,0,14TH AVENUE EAST & DEXTER STREET NORTH,1,3,0,7,1,3,,0,30,0,0,0,0,0,4,2,3
,2016_27799,39.738456,-104.995314,10/26/2016 7:40,7:40,9,0,0,14TH AVENUE WEST & FOX STREET NORTH,1,1,0,0,1,1,,0,30,0,0,0,0,0,4,3,13
,2016_27800,39.738393,-104.9684445,10/7/2016 8:57,8:57,15,0,0,14TH AVENUE 1500 BLOCK EAST & FRANKLIN STREET NORTH,1,1,0,0,1,5,,0,35,0,0,0,0,0,4,2,14
,2016_27801,39.738663,-104.908131,7/10/2016 15:52,15:52,12,0,0,14TH AVENUE EAST & ONEIDA STREET NORTH,1,1,0,7,1,3,,0,30,0,0,0,0,1,4,2,16
,2016_27802,39.743172,-104.9895405,4/24/2016 21:30,21:30,5,0,0,16TH STREET 400 BLOCK & TREMONT PLACE,1,3,0,0,2,4,,0,20,0,0,0,0,0,4,1,13
,2016_27803,39.73869,-104.9023215,10/29/2016 15:10,15:10,15,0,0,14TH AVENUE EAST & QUINCE STREET NORTH,1,1,0,0,1,4,,0,30,0,0,0,0,0,4,2,13
,2016_27804,39.738681,-104.898762,2/16/2016 13:08,13:08,3,0,1,14TH AVENUE EAST & SYRACUSE STREET NORTH,1,1,0,7,1,1,,0,35,0,0,0,0,2,4,2,14
,2016_27805,39.741966,-104.89284,7/16/2016 22:10,22:10,6,0,0,16TH AVENUE 8100 BLOCK EAST & UINTA STREET NORTH,1,3,0,0,1,4,,0,25,0,0,0,0,0,4,3,13
,2016_27806,39.743253,-104.9823225,3/26/2016 23:12,23:12,6,0,0,17TH AVENUE 300 BLOCK EAST & LOGAN STREET NORTH,1,3,0,0,1,4,,0,30,0,0,0,0,0,4,2,5
,2016_27807,39.743253,-104.9823225,10/27/2016 11:17,11:17,12,0,0,17TH AVENUE EAST & LOGAN / PENNSYLVANIA ALLEY LINE EAST SIDE,1,1,0,0,1,4,,0,30,0,0,0,0,0,4,2,14
,2016_27808,39.743955,-105.0268455,2/5/2016 10:55,10:55,3,0,0,17TH AVENUE 3100 BLOCK WEST & GROVE STREET,1,1,0,7,1,5,,0,30,0,0,0,0,0,4,2,14
,2016_27809,39.743775,-104.902263,11/17/2016 16:06,16:06,3,0,0,17TH AVENUE EAST & QUINCE STREET NORTH,2,3,0,2,1,1,,0,30,0,0,0,0,1,4,3,16
,2016_27810,39.743775,-104.898753,5/10/2016 8:47,8:47,3,0,0,17TH AVENUE & SYRACUSE STREET,1,1,0,7,1,1,,0,30,0,0,0,0,0,4,2,16
,2016_27811,39.743244,-104.978736,2/27/2016 13:30,13:30,3,0,0,17TH AVENUE EAST & WASHINGTON STREET NORTH,1,1,0,7,1,1,,0,30,0,0,0,0,0,4,2,16