id,drcog_id,latitude,longitude,crashtime,time,crashtype,numbkilled,numbinjurd,drcoglocat,rdconditin,lightngcon,roadcntgrd,weatherco,location,roaddescrp,schoolzone,constrzone,splimit,bikeinv,pedinv,sctrinv,motoinv,svrty,rdsystem,ttlvehcls,hcf
,2016_27812,39.743793,-104.885802,3/11/2016 9:00,9:00,3,0,0,17TH AVENUE EAST & XENIA STREET NORTH,1,1,0,7,1,1,,0,30,0,0,0,0,0,4,2,7
,2016_27814,39.743244,-104.9598315,3/24/2016 10:15,10:15,3,0,0,17TH AVENUE EAST & YORK STREET NORTH,2,1,0,7,1,1,,0,30,0,0,0,0,0,4,2,16
,2016_27815,39.743244,-104.9598315,8/23/2016 14:15,14:15,15,0,0,17TH AVENUE EAST & YORK STREET NORTH,1,1,0,0,1,1,,0,30,0,0,0,0,0,4,2,3
,2016_27816,39.765726,-104.9948415,4/26/2016 9:00,9:00,6,0,0,GLOBEVILLE ROAD NORTH & PARK AVENUE WEST,1,1,0,0,1,4,,0,35,0,0,0,0,0,4,2,13
,2016_27817,39.743244,-104.9598315,10/18/2016 14:41,14:41,15,0,0,17TH AVENUE EAST & YORK STREET NORTH,1,1,0,0,1,4,,0,30,0,0,0,0,0,4,2,13
,2016_27818,39.744828,-104.9711785,7/28/2016 15:17,15:17,5,0,0,18TH AVENUE EAST & 2200 BLOCK EAST,1,1,0,0,1,5,,0,30,0,0,0,0,0,4,1,14
,2016_27819,39.744855,-104.987394,3/19/2016 9:24,9:24,12,0,0,18TH AVENUE 000 BLOCK EAST & BROADWAY STREET NORTH,5,1,1,2,1,4,,0,35,0,0,0,0,0,4,2,8
,2016_27820,39.744846,-104.9734035,11/13/2016 19:53,19:53,10,0,0,18TH AVENUE EAST & DOWNING STREET NORTH,1,3,0,0,1,1,,0,30,0,0,0,0,0,4,2,13
,2016_27821,39.744837,-104.976144,12/19/2016 17:20,17:20,12,0,0,18TH AVENUE 1000 BLOCK EAST & EMERSON STREET NORTH,9,3,0,2,1,3,,0,30,0,0,0,0,0,4,2,14
,2016_27822,39.744828,-104.967225,2/4/2016 11:15,11:15,12,0,0,18TH AVENUE 1700 BLOCK EAST & GILPIN STREET NORTH,5,1,0,7,1,4,,0,30,0,0,0,0,0,4,2,16
,2016_27823,39.75781591,-105.0013202,10/25/2016 7:00,7:00,15,0,0,19TH STREET & 700 BLOCK,1,1,1,0,1,4,,0,30,0,0,0,0,0,4,2,13
,2016_27824,39.74562,-104.912811,8/19/2016 8:55,8:55,12,0,0,19TH AVENUE EAST & MONACO STREET NORTH,1,1,0,0,1,1,,0,35,0,0,0,0,0,4,2,3
,2016_27825,39.745602,-104.889321,6/15/2016 17:25,17:25,3,0,0,19TH AVENUE EAST & WABASH STREET,1,1,0,7,1,1,,0,25,0,0,0,0,0,4,2,16
,2016_27826,39.751029,-104.938344,7/8/2016 14:38,14:38,12,0,1,23RD AVENUE EAST & ASH STREET NORTH,1,1,0,7,1,4,,0,30,0,0,0,0,2,4,3,7
,2016_27827,39.751038,-104.933943,11/10/2016 14:53,14:53,12,0,0,23RD AVENUE EAST & CHERRY STREET NORTH,1,5,0,7,1,4,,0,30,0,0,0,0,0,4,2,16
,2016_27828,39.74001,-104.99202,8/8/2016 12:23,12:23,6,0,0,26TH AVENUE & 2500 BLOCK WEST,1,1,1,7,1,4,,0,25,0,0,0,0,0,4,2,16
,2016_27829,39.754548,-104.973372,4/16/2016 18:20,18:20,3,0,0,26TH AVENUE EAST & DOWNING STREET NORTH,2,1,0,2,1,1,,0,30,0,0,0,0,0,4,2,9
,2016_27830,39.79538977,-104.9687426,6/22/2016 12:00,12:00,6,0,0,FRANKLIN & 701 SOUTH,1,2,0,0,1,4,,0,10,0,0,0,0,0,4,2,13
,2016_27831,39.74001,-104.99202,11/2/2016 7:55,7:55,15,0,0,32ND AVENUE & 1200 BLOCK EAST,1,1,0,0,1,4,,0,30,0,0,0,0,0,4,2,13
,2016_27832,39.709296,-104.917581,1/5/2016 9:45,9:45,3,0,0,32ND AVENUE EAST & KEARNEY STREET NORTH,1,1,0,0,1,1,,0,35,0,0,0,0,0,4,2,7
,2016_27833,39.762108,-105.044922,5/22/2016 22:10,22:10,6,0,0,32ND AVENUE WEST & UTICA STREET NORTH,1,3,0,0,1,4,,0,30,0,0,0,0,0,4,2,7
,2016_27834,39.763827,-104.903451,4/7/2016 9:30,9:30,3,0,0,33RD AVENUE EAST & QUEBEC STREET NORTH,1,1,0,7,1,2,,0,10,0,0,0,0,1,4,2,16
,2016_27835,39.764412,-105.0204915,3/10/2016 5:59,5:59,3,0,0,34TH AVENUE WEST & CLAY STREET NORTH,1,2,0,7,1,1,,0,30,0,0,0,0,1,4,2,14
,2016_27836,39.765636,-105.0041025,7/12/2016 20:30,20:30,3,0,0,35TH AVENUE WEST & NAVAJO STREET NORTH,1,4,0,0,1,1,,0,25,0,0,0,0,1,4,2,13
,2016_27837,39.765636,-105.01119,6/27/2016 8:58,8:58,3,0,0,35TH AVENUE WEST & TEJON STREET NORTH,1,1,0,7,1,1,,0,30,0,0,0,0,0,4,2,7
,2016_27838,39.76929,-105.02289,5/24/2016 17:32,17:32,12,0,0,38TH AVENUE 2900 BLOCK WEST & ELIOT STREET NORTH,1,1,0,7,1,4,,0,35,0,0,0,0,0,4,3,16
,2016_27839,39.769272,-105.006456,1/30/2016 14:50,14:50,12,0,0,38TH AVENUE WEST & PECOS STREET NORTH,1,1,0,7,1,1,,0,35,0,0,0,0,0,4,2,7
,2016_27840,39.769407,-105.04629,1/12/2016 9:01,9:01,3,0,0,38TH AVENUE WEST & VRAIN STREET NORTH,1,1,1,0,1,1,,0,35,0,0,0,0,0,4,2,7
,2016_27841,39.770703,-105.03306,11/7/2016 6:35,6:35,6,0,0,39TH AVENUE WEST & KING STREET NORTH,1,1,0,0,1,4,,0,25,0,0,0,0,0,4,2,13
,2016_27842,39.774105,-104.882778,1/26/2016 6:40,6:40,1,0,0,40TH AVENUE EAST & CENTRAL PARK BOULEVARD,2,1,0,0,1,1,,0,40,0,0,0,0,0,4,2,13
,2016_27843,39.774105,-104.882778,5/5/2016 10:50,10:50,15,0,0,40TH AVENUE EAST & CENTRAL PARK BOULEVARD,1,1,0,0,1,1,,0,30,0,0,0,0,0,4,2,13
,2016_27844,39.77717935,-104.9056732,3/18/2016 8:35,8:35,1,0,0,41ST AVENUE EAST & AIRLAWN ROAD,5,1,0,2,1,1,,0,25,0,0,0,0,0,4,2,1
,2016_27845,39.772944,-105.027633,3/11/2016 7:20,7:20,3,0,0,41ST AVENUE WEST & GROVE STREET NORTH,1,1,0,7,1,1,,0,25,0,0,0,0,0,4,2,16
,2016_27846,39.776526,-104.987682,4/1/2016 6:39,6:39,3,0,0,44TH AVENUE EAST & BROADWAY,1,1,0,7,1,1,,0,35,0,0,0,0,0,4,2,14
,2016_27847,39.778911,-104.948622,10/31/2016 13:00,13:00,6,0,0,45TH AVENUE EAST & ADAMS STREET NORTH,1,1,0,0,1,4,,0,25,0,0,0,0,0,4,2,13
,2016_27848,39.782376,-104.856597,8/8/2016 11:55,11:55,12,0,0,47TH AVENUE 11100 BLOCK EAST & LIMA STREET NORTH,1,1,0,7,1,2,,0,35,0,0,0,0,0,4,2,16
,2016_27849,39.782394,-104.848956,10/31/2016 18:07,18:07,1,0,2,47TH AVENUE EAST & PARIS STREET NORTH,1,2,0,7,1,1,,0,35,0,0,0,0,2,4,2,16
,2016_27850,39.782385,-104.847093,9/12/2016 17:15,17:15,1,0,0,47TH AVENUE EAST & PEORIA STREET NORTH,1,2,0,0,1,1,,0,40,0,0,0,0,0,4,2,13
,2016_27851,39.786408,-104.847156,12/13/2016 12:45,12:45,3,0,1,49TH AVENUE EAST & PEORIA STREET NORTH,1,1,0,7,1,1,,0,30,0,0,0,0,2,4,2,14
,2016_27852,39.783969,-104.813622,11/17/2016 23:30,23:30,6,0,0,50TH PLACE & FONTANA COURT,4,3,0,2,1,4,,0,20,0,0,0,0,0,4,2,14
,2016_27853,39.788973,-104.9782815,1/17/2016 10:55,10:55,12,0,0,51ST AVENUE EAST & WASHINGTON STREET NORTH,1,1,0,0,1,1,,0,35,0,0,0,0,1,4,2,3
,2016_27854,39.788973,-104.9782815,4/8/2016 12:04,12:04,12,0,0,51ST AVENUE EAST & WASHINGTON STREET NORTH,1,1,0,7,1,1,,0,30,0,0,0,0,0,4,2,16
,2016_27855,39.788973,-104.9782815,7/18/2016 15:36,15:36,3,0,0,51ST AVENUE & WASHINGTON STREET NORTH,1,1,0,0,1,1,,0,35,0,0,0,0,1,4,2,13
,2016_27856,39.798261,-104.847282,5/22/2016 19:15,19:15,12,0,0,56TH AVENUE & PEORIA STREET NORTH,1,2,0,0,1,4,,0,45,0,0,0,0,0,4,2,14
,2016_27857,39.798297,-104.88447,12/19/2016 8:00,8:00,15,0,0,56TH AVENUE EAST & CENTRAL PARK BOULEVARD NORTH,4,1,0,7,1,4,,0,35,0,0,0,0,0,4,2,1
,2016_27858,39.798396,-104.786415,3/19/2016 22:20,22:20,1,0,0,56TH AVENUE EAST & PENA BOULEVARD ON RAMP,1,3,0,7,1,1,,0,40,0,0,0,0,0,4,2,5
,2016_27859,39.825486,-104.7719655,3/27/2016 19:00,19:00,3,0,0,71ST AVENUE EAST & TOWER ROAD NORTH,1,1,1,0,1,1,,0,40,0,0,0,0,0,4,2,14
,2016_27860,39.825486,-104.7719655,5/26/2016 20:59,20:59,1,0,1,71ST AVENUE EAST & TOWER ROAD NORTH,1,3,0,0,1,1,,0,40,0,0,0,0,2,4,4,13
,2016_27861,39.831858,-104.6929545,8/18/2016 17:43,17:43,3,0,0,75TH AVENUE EAST & JACKSON GAP STREET NORTH,1,1,0,0,1,1,,0,45,0,0,0,0,0,4,2,10
,2016_27862,39.657042,-104.883993,6/7/2016 8:25,8:25,3,0,0,AKRON STREET 3300 BLOCK SOUTH & EASTMAN PLACE EAST,1,1,0,0,1,3,,0,25,0,0,0,0,0,4,2,3
,2016_27863,39.711195,-104.998401,10/24/2016 14:15,14:15,12,0,0,ALAMEDA AVENUE WEST & KALAMATH STREET SOUTH,1,1,1,0,1,3,,0,30,0,0,0,0,0,4,2,13
,2016_27864,39.751542,-104.9874255,1/14/2016 8:45,8:45,15,0,0,BROADWAY STREET NORTH & CHAMPA STREET,1,1,0,0,1,1,,0,30,0,0,0,0,0,4,2,13
,2016_27865,39.711366,-104.912964,11/28/2016 7:15,7:15,12,0,0,ALAMEDA AVENUE EAST & MONACO STREET SOUTH,1,1,0,7,1,4,,0,35,0,0,0,0,0,4,3,16
,2016_27867,39.71152266,-104.9063552,5/6/2016 15:03,15:03,3,0,0,ALAMEDA AVENUE EAST & OLIVE STREET SOUTH,1,1,1,7,1,1,,0,25,0,0,0,0,0,4,2,3
,2016_27868,39.711348,-104.9035005,11/26/2016 14:41,14:41,1,0,0,ALAMEDA AVENUE EAST & QUEBEC STREET SOUTH,1,1,0,7,1,1,,0,40,0,0,0,0,0,4,2,14
,2016_27869,39.711186,-104.997132,6/4/2016 17:15,17:15,12,0,0,ALAMEDA AVENUE 900 BLOCK WEST & SANTA FE DRIVE SOUTH,1,1,0,7,1,4,,0,30,0,0,0,0,0,4,2,16
,2016_27870,39.711114,-104.9663205,11/12/2016 12:55,12:55,3,0,0,ALAMEDA AVENUE EAST & WILLIAMS STREET SOUTH,1,1,1,0,1,1,,0,30,0,0,0,0,0,4,2,13
,2016_27871,39.777165,-104.833413,12/20/2016 8:09,8:09,12,0,0,ALBROOK DRIVE EAST & CARSON STREET NORTH,6,1,0,7,1,1,,0,25,0,0,0,0,1,4,2,16
,2016_27872,39.775032,-104.809923,6/14/2016 8:53,8:53,3,0,0,ANDREWS DRIVE EAST & CHAMBERS ROAD NORTH,1,1,0,7,1,1,,0,40,0,0,0,0,0,4,2,7
,2016_27873,39.729213,-104.936004,1/30/2016 12:32,12:32,6,0,0,BIRCH STREET & EIGHTH AVENUE EAST,1,1,0,0,1,4,,0,25,0,0,0,0,0,4,2,14
,2016_27874,39.75130672,-104.9981625,7/21/2016 7:59,7:59,6,0,0,BLAKE STREET & 1800 BLOCK,1,1,0,0,1,4,,0,35,0,0,0,0,0,4,2,14
,2016_27875,39.757995,-104.9895405,9/14/2016 16:58,16:58,10,0,0,BLAKE STREET & 24TH STREET,1,1,0,0,1,1,,0,30,0,0,0,0,0,4,2,13
,2016_27876,39.77312829,-104.9892215,5/4/2016 13:08,13:08,5,0,0,BROADWAY & 1778 SOUTH,1,1,0,0,3,4,,0,30,0,0,0,0,0,4,1,14
,2016_27877,39.735243,-104.9873805,5/15/2016 17:40,17:40,12,0,0,BROADWAY NORTH & 12TH AVENUE EAST,1,1,0,7,1,3,,0,30,0,0,0,0,1,4,2,16
,2016_27878,39.74616,-104.987385,8/22/2016 21:35,21:35,10,0,0,BROADWAY STREET & 19TH AVENUE EAST,1,3,0,0,1,1,,0,30,0,0,0,0,0,4,2,13
,2016_27879,39.691152,-104.987493,1/16/2016 11:13,11:13,15,0,0,BROADWAY STREET SOUTH & ARKANSAS AVENUE WEST,1,1,0,0,1,1,,0,30,0,0,0,0,0,4,2,16
,2016_27880,39.714759,-104.9875425,1/13/2016 18:04,18:04,15,0,0,BROADWAY STREET SOUTH & BAYAUD AVENUE,1,3,0,0,1,4,,0,30,0,0,0,0,0,4,2,13
,2016_27881,39.709314,-104.98761,3/9/2016 18:31,18:31,12,0,0,BROADWAY STREET SOUTH & DAKOTA AVENUE EAST,1,3,0,0,1,4,,0,35,0,0,0,0,0,4,2,3
,2016_27882,39.709314,-104.98761,12/5/2016 13:50,13:50,10,0,0,BROADWAY SOUTH & DAKOTA AVENUE EAST,1,1,0,0,1,1,,0,30,0,0,0,0,0,4,2,13
,2016_27883,39.678498,-104.987565,12/24/2016 10:28,10:28,15,0,0,BROADWAY SOUTH & EVANS AVENUE WEST,1,1,0,0,1,3,,0,35,0,0,0,0,0,4,2,7
,2016_27884,39.75453,-104.987421,6/24/2016 11:43,11:43,15,0,0,BROADWAY NORTH & PARK AVENUE WEST,1,1,0,0,1,1,,0,30,0,0,0,0,0,4,2,8
,2016_27885,39.707514,-104.98761,6/19/2016 15:37,15:37,3,0,0,BROADWAY SOUTH & VIRGINIA AVENUE EAST,1,1,0,7,1,1,,0,35,0,0,0,0,1,4,2,3
,2016_27886,39.758247,-104.987457,3/23/2016 12:35,12:35,3,0,0,BROADWAY & WALNUT STREET,4,1,1,2,1,1,,0,30,0,0,0,0,0,4,2,7
,2016_27887,39.667707,-104.987511,11/16/2016 17:09,17:09,12,0,0,BROADWAY SOUTH & YALE AVENUE WEST,1,3,0,7,1,4,,0,35,0,0,0,0,0,4,2,12
,2016_27888,39.764457,-104.94378,10/29/2016 23:35,23:35,10,0,0,BRUCE RANDOLPH AVENUE EAST & GARFIELD STREET NORTH,1,4,1,0,1,1,,0,35,0,0,0,0,0,4,2,13
,2016_27889,39.723903,-105.0186735,7/11/2016 11:50,11:50,3,0,0,BRYANT STREET NORTH & FIFTH AVENUE WEST,1,1,0,7,1,1,,0,35,0,0,0,0,0,4,2,7
,2016_27890,39.73322501,-105.0198611,9/18/2016 22:28,22:28,6,0,0,BRYANT STREET 1000 BLOCK NORTH & 10TH AVENUE WEST,1,3,0,0,1,4,,0,,0,0,0,0,0,4,3,13
,2016_27891,39.74606507,-104.991029,2/18/2016 18:00,18:00,6,0,0,CALIFORNIA STREET & 1600 BLOCK,1,1,0,0,1,4,,0,30,0,0,0,0,0,4,2,13
,2016_27892,39.74606507,-104.991029,2/21/2016 2:30,2:30,15,0,0,CALIFORNIA STREET & 1600 BLOCK,1,3,0,0,1,1,,0,30,0,0,0,0,0,4,2,1
,2016_27893,39.774105,-104.882778,12/27/2016 11:08,11:08,12,0,0,CENTRAL PARK BOULEVARD & 40TH AVENUE EAST,1,1,0,7,1,1,,0,40,0,0,0,0,1,4,2,3
,2016_27894,39.786759,-104.761863,2/19/2016 12:35,12:35,6,0,0,CEYLON WAY EAST & DUNKIRK STREET NORTH,1,1,0,0,1,1,,1,25,0,0,0,0,0,4,2,14
,2016_27895,39.775032,-104.809923,12/10/2016 10:00,10:00,12,0,0,CHAMBERS ROAD 4100 BLOCK NORTH & ANDREWS DRIVE EAST,1,5,1,7,1,1,,0,50,0,0,0,0,0,4,2,16
,2016_27896,39.780324,-104.8098645,2/2/2016 16:20,16:20,15,0,0,CHAMBERS ROAD & BOLLING DRIVE EAST,6,1,0,0,1,4,,0,40,0,0,0,0,0,4,2,14
,2016_27897,39.7198189,-104.9344584,5/8/2016 2:00,2:00,6,0,0,CHERRY STREET NORTH & 2850,1,3,0,0,1,4,,0,25,0,0,0,0,0,4,2,5
,2016_27898,39.78947618,-104.94756,7/10/2016 18:36,18:36,15,0,0,COOK STREET & 3300 BLOCK NORTH,1,1,0,0,1,4,,0,30,0,0,0,0,0,4,2,13
,2016_27899,39.672999,-104.947713,3/16/2016 15:52,15:52,6,0,0,COOK STREET 2300 BLOCK SOUTH & WESLEY AVENUE EAST,1,1,0,0,1,4,,0,25,0,0,0,0,0,4,2,3
,2016_27900,39.733686,-104.9741325,4/15/2016 12:01,12:01,12,0,0,CORONA STREET 1000 NORTH & 11TH AVENUE EAST,1,1,0,7,1,4,,0,35,0,0,0,0,0,4,2,16
,2016_27901,39.740652,-104.9911335,10/24/2016 9:34,9:34,6,0,0,COURT PLACE & 14TH STREET,1,1,0,0,1,4,,0,25,0,0,0,0,0,4,2,7
,2016_27902,39.791196,-104.823423,2/29/2016 11:25,11:25,12,0,0,CROWN BOULEVARD 5300 BLOCK NORTH & 54TH AVENUE EAST,1,1,0,1,1,2,,0,25,0,0,0,0,0,4,2,1
,2016_27903,39.706848,-105.040845,4/27/2016 19:09,19:09,6,0,0,CUSTER PLACE WEST & QUITMAN STREET SOUTH,1,2,0,0,1,3,,0,30,0,0,0,0,0,4,2,5
,2016_27904,39.760173,-104.931693,8/26/2016 15:59,15:59,6,0,0,DAHLIA STREET NORTH & 30TH AVENUE EAST,1,1,0,0,1,4,,0,25,0,0,0,0,0,4,2,14
,2016_27905,39.682071,-104.9316525,4/11/2016 14:16,14:16,12,0,0,DAHLIA STREET 1900 BLOCK SOUTH & JEWELL AVENUE EAST,1,1,1,7,1,3,,0,25,0,0,0,0,0,4,2,3
,2016_27906,39.685698,-104.9316705,11/15/2016 12:04,12:04,6,0,0,DAHLIA STREET SOUTH & MEXICO AVENUE EAST,1,1,1,0,1,4,,0,20,0,0,0,0,0,4,2,3
,2016_27907,39.728934,-104.992866,8/11/2016 16:34,16:34,3,0,0,DELAWARE STREET NORTH & EIGHTH AVENUE WEST,1,1,1,7,1,1,,0,25,0,0,0,0,1,4,2,16
,2016_27908,39.738393,-104.973048,9/12/2016 17:45,17:45,3,0,0,DOWNING STREET NORTH & 14TH AVENUE EAST,1,1,0,0,1,1,,0,30,0,0,0,0,0,4,2,13
,2016_27909,39.678435,-104.912892,10/17/2016 18:04,18:04,15,0,0,EVANS AVENUE EAST & MONACO STREET SOUTH,1,1,0,0,1,1,,0,35,0,0,0,0,0,4,2,3
,2016_27910,39.758625,-104.9729805,3/18/2016 2:10,2:10,12,0,0,DOWNING STREET 2900 BLOCK NORTH & 29TH AVENUE EAST,1,3,0,0,1,3,,0,35,0,0,0,0,0,4,3,5
,2016_27911,39.631356,-104.8923,9/1/2016 17:45,17:45,12,0,0,DTC BOULEVARD 4700 BLOCK SOUTH & UNION AVENUE EAST,1,1,0,0,1,4,,0,40,0,0,0,0,0,4,3,14
,2016_27912,39.78221814,-104.7583149,5/19/2016 15:22,15:22,6,0,0,ELK PLACE & 609 EAST,1,1,0,0,1,4,,0,25,0,0,0,0,0,4,2,13
,2016_27913,39.716226,-104.9485815,10/3/2016 12:07,12:07,6,0,0,ELLSWORTH AVENUE & ADAMS/COOK ALLEY,1,1,0,0,1,4,,0,25,0,0,0,0,0,4,2,14
,2016_27914,39.736845,-104.9835825,5/20/2016 9:40,9:40,6,0,0,GRANT STREET NORTH & 13TH AVENUE EAST,1,1,0,0,1,4,,0,30,0,0,0,0,0,4,2,13
,2016_27915,39.716523,-104.97339,8/3/2016 7:58,7:58,3,0,0,ELLSWORTH AVENUE EAST & DOWNING STREET,1,1,1,0,1,5,,0,30,0,0,0,0,0,4,2,13
,2016_27916,39.792474,-104.8356945,11/5/2016 15:38,15:38,9,0,0,ELMENDORF PLACE EAST & UVALDA STREET NORTH,1,1,0,0,1,4,,0,25,0,0,0,1,1,4,1,7
,2016_27917,39.74001,-104.99202,12/6/2016 11:50,11:50,6,0,0,ELSWORTH AVENUE EAST & 1000 BLOCK SOUTH,1,1,1,0,1,2,,0,25,0,0,0,0,0,4,2,1
,2016_27918,39.78995438,-104.9759505,10/8/2016 1:00,1:00,6,0,0,EMERSON STREET & 1600 BLOCK NORTH,1,3,0,0,1,4,,0,30,0,0,0,0,0,4,2,1
,2016_27919,39.730437,-104.9763825,8/7/2016 11:25,11:25,3,0,0,EMERSON STREET NORTH & NINTH AVENUE EAST,1,1,0,0,1,1,,0,30,0,0,0,0,1,4,2,13
,2016_27920,39.678426,-104.9899545,11/13/2016 12:00,12:00,5,0,0,EVANS AVENUE 235 WEST SERVICE NORTH & BANNOCK STREET SOUTH,1,1,0,0,3,3,,0,35,0,0,0,0,0,4,1,5
,2016_27921,39.678444,-104.931612,1/20/2016 16:18,16:18,12,0,0,EVANS AVENUE 5000 BLOCK EAST & DAHLIA STREET SOUTH,1,1,0,0,1,4,,0,35,0,0,0,0,0,4,3,3
,2016_27922,39.678435,-104.9251905,10/12/2016 14:45,14:45,1,0,1,EVANS AVENUE 5000 BLOCK EAST & GRAPE STREET SOUTH,1,1,0,0,1,2,,0,35,0,0,0,0,2,4,2,13
,2016_27923,39.678435,-104.922234,8/26/2016 10:32,10:32,1,0,1,EVANS AVENUE EAST & HOLLY STREET SOUTH,1,1,0,0,1,1,,0,35,0,0,0,0,2,4,2,1
,2016_27924,39.74001,-104.99202,7/19/2016 10:51,10:51,15,0,0,EVANS AVENUE EASTBOUND & I25 NORTHBOUND OFF SLIP RAMP,1,1,0,0,1,4,,0,35,0,0,0,0,0,4,2,3
,2016_27925,39.703824,-104.943492,5/12/2016 8:02,8:02,5,0,0,EXPOSITION AVENUE 3800 BLOCK EAST & HARRISON STREET SOUTH,1,1,0,0,3,4,,0,30,0,0,0,0,0,4,1,14
,2016_27926,39.770703,-104.968413,7/31/2016 6:37,6:37,6,0,0,FRANKLIN STREET NORTH & LAFAYETTE STREET NORTH,1,1,0,0,1,3,,0,25,0,0,0,0,0,4,2,2
,2016_27927,39.702564,-104.869791,12/7/2016 10:57,10:57,6,0,0,GALENA STREET 700 BLOCK SOUTH & EXPOSITION AVENUE EAST,4,1,0,0,1,4,,0,25,0,0,0,0,0,4,2,1
,2016_27928,39.740148,-104.995152,8/13/2016 2:55,2:55,6,0,0,GLENARM PLACE & COLFAX AVENUE WEST,1,1,1,0,1,4,,0,30,0,0,0,0,0,4,2,13
,2016_27929,39.696768,-105.0264,7/8/2016 8:00,8:00,12,0,0,GROVE STREET SOUTH & MISSISSIPPI AVENUE WEST,1,1,0,0,1,2,,0,25,0,0,0,0,0,4,2,13
,2016_27930,39.78378,-104.809653,9/25/2016 14:42,14:42,6,0,0,GREEN VALLEY RANCH BOULEVARD 15300 BLOCK EAST & CHAMBERS ROAD,1,1,0,0,1,4,,0,35,0,0,0,0,0,4,2,13
,2016_27931,39.78378,-104.80176,6/3/2016 17:57,17:57,12,0,0,GREEN VALLEY RANCH BOULEVARD 16100 BLOCK EAST & KITTREDGE STREET NORTH,1,1,0,7,1,4,,0,40,0,0,0,0,0,4,2,16
,2016_27932,39.783609,-104.772222,6/4/2016 18:02,18:02,3,0,1,GREEN VALLEY RANCH BOULEVARD 18600 EAST & TOWER ROAD NORTH,1,1,0,0,1,1,,0,35,0,0,0,0,2,4,2,8
,2016_27933,39.66073,-104.88567,5/20/2016 6:00,6:00,5,0,0,HAMPDEN AVENUE 5600 WEST  & HAMPDEN AVENUE WEST FRONTAGE ROAD NORTH,1,1,0,0,2,4,,0,35,0,0,0,0,0,4,1,2
,2016_27934,39.7368027,-104.9417645,6/28/2016 15:52,15:52,12,0,0,HARRISON STREET 1300 BLOCK NORTH & 14TH AVENUE EAST,1,1,0,7,1,4,,0,25,0,0,0,0,0,4,2,3
,2016_27935,39.706173,-104.9222205,12/29/2016 12:35,12:35,1,0,0,HOLLY STREET & CUSTER PLACE EAST,1,1,1,0,1,1,,0,30,0,0,0,0,0,4,2,13
,2016_27936,39.73518,-104.9695065,11/14/2016 21:55,21:55,6,0,0,HUMBOLDT STREET NORTH & 12TH AVENUE EAST,1,3,0,0,1,4,,0,25,0,0,0,0,0,4,5,12
,2016_27937,39.738393,-104.9695605,6/4/2016 9:55,9:55,3,0,0,HUMBOLDT STREET NORTH & 14TH AVENUE EAST,1,1,0,7,1,1,,0,30,0,0,0,0,0,4,2,16
,2016_27938,39.687642,-105.0297435,11/3/2016 19:50,19:50,3,0,0,IOWA AVENUE WEST & IRVING STREET SOUTH,1,2,1,7,1,1,,0,30,0,0,0,0,0,4,2,1
,2016_27939,39.714966,-105.0300045,4/10/2016 2:35,2:35,6,0,0,IRVING STREET SOUTH & BAYAUD AVENUE WEST,1,3,1,0,1,4,,0,30,0,0,0,0,0,4,4,1
,2016_27940,39.661479,-105.062913,2/24/2016 7:55,7:55,3,0,0,IVAN WAY SOUTH & BATES AVENUE WEST,1,1,0,7,1,1,,0,25,0,0,0,0,0,4,2,16
,2016_27941,39.837969,-104.6928825,2/1/2016 12:10,12:10,12,0,0,JACKSON GAP STREET 7700 BLOCK NORTH & 78TH AVENUE EAST,6,1,0,2,1,3,,0,45,0,0,0,0,0,4,2,3
,2016_27942,39.682116,-104.987583,12/1/2016 16:03,16:03,12,0,0,JEWELL AVENUE EAST & 2633 EAST JEWELL AVENUE,1,1,0,0,1,4,,0,35,0,0,0,0,1,4,2,3
,2016_27943,39.77794247,-104.95827,6/7/2016 10:50,10:50,5,0,2,JOSEPHINE STREET & 4600 BLOCK NORTH,1,1,0,0,2,4,,0,30,0,0,0,0,2,4,1,7
,2016_27944,39.700395,-105.023844,2/27/2016 17:41,17:41,3,0,0,KENTUCKY AVENUE WEST & ELIOT STREET SOUTH,1,1,0,7,1,1,,0,25,0,0,0,0,0,4,2,1
,2016_27945,39.63799513,-104.9126831,9/20/2016 6:22,6:22,15,0,0,MONACO STREET & 2700 BLOCK SOUTH,1,2,0,0,1,4,,0,35,0,0,0,0,0,4,2,1
,2016_27946,39.69891,-105.0032205,1/21/2016 13:24,13:24,10,0,0,KENTUCKY AVENUE WEST & OSAGE STREET SOUTH,1,1,0,0,1,1,,0,30,0,0,0,0,0,4,2,12
,2016_27947,39.741498,-105.03306,5/28/2016 0:06,0:06,6,0,0,KING STREET NORTH & CONEJOS PLACE WEST,1,4,0,0,1,4,,0,30,0,0,0,0,0,4,3,13
,2016_27948,39.77490155,-105.0322724,1/28/2016 14:52,14:52,12,0,0,KNOX COURT NORTH & 1400 BLOCK,1,1,1,0,1,4,,0,25,0,0,0,0,0,4,2,13
,2016_27949,39.733164,-105.031791,5/22/2016 19:12,19:12,6,0,0,KNOX COURT 1000 BLOCK NORTH & 12TH AVENUE WEST,1,1,1,0,1,4,,0,30,0,0,0,0,0,4,3,14
,2016_27950,39.734757,-105.032151,6/28/2016 18:57,18:57,3,0,0,KNOX COURT NORTH & 12TH AVENUE WEST,2,1,0,1,1,1,,0,25,0,0,0,0,1,4,2,16