id,drcog_id,latitude,longitude,crashtime,time,crashtype,numbkilled,numbinjurd,drcoglocat,rdconditin,lightngcon,roadcntgrd,weatherco,location,roaddescrp,schoolzone,constrzone,splimit,bikeinv,pedinv,sctrinv,motoinv,svrty,rdsystem,ttlvehcls,hcf
,2016_27951,39.729087,-104.9706045,7/14/2016 13:30,13:30,1,0,0,LAFAYETTE STREET NORTH & EIGHTH AVENUE EAST,1,1,0,7,1,1,,0,25,0,0,0,0,0,4,2,3
,2016_27952,39.74603268,-105.0022112,11/5/2016 23:35,23:35,12,0,0,LARIMER STREET & 1900 BLOCK,1,3,0,0,1,4,,0,30,0,0,0,0,0,4,2,14
,2016_27953,39.766959,-104.9727555,1/25/2016 16:50,16:50,15,0,0,LAWRENCE STREET & 36TH AVENUE EAST,1,3,0,7,1,1,,0,35,0,0,0,0,0,4,2,14
,2016_27954,39.762,-104.915214,12/16/2016 21:30,21:30,15,0,0,LEYDEN STREET & MLK BOULEVARD,4,4,0,2,1,1,,0,35,0,0,0,0,0,4,2,14
,2016_27955,39.73041,-104.986143,6/2/2016 8:40,8:40,12,0,0,LINCOLN STREET 800 BLOCK NORTH & NINTH AVENUE EAST,1,1,0,7,1,4,,0,30,0,0,0,0,0,4,2,16
,2016_27956,39.736845,-104.98617,11/14/2016 8:40,8:40,15,0,0,LINCOLN STREET NORTH & 13TH AVENUE EAST,1,1,1,0,1,1,,0,30,0,0,0,0,0,4,2,7
,2016_27957,39.741822,-104.9859225,2/12/2016 17:30,17:30,12,0,0,LINCOLN STREET 1600 BLOCK NORTH & 17TH AVENUE EAST,1,1,0,7,1,4,,0,30,0,0,0,0,0,4,2,16
,2016_27958,39.780135,-104.985783,5/2/2016 17:30,17:30,10,0,0,LINCOLN STREET & 46TH AVENUE EAST,1,1,0,0,1,1,,0,25,0,0,0,0,0,4,2,1
,2016_27959,39.696615,-104.986242,12/24/2016 7:43,7:43,6,0,0,LINCOLN STREET SOUTH & MISSISSIPPI AVENUE EAST,1,1,0,0,1,4,,0,30,0,0,0,0,0,4,4,7
,2016_27960,39.76929,-105.001767,3/25/2016 2:15,2:15,6,0,0,LIPAN STREET NORTH & 38TH AVENUE WEST,1,3,0,0,1,4,,0,25,0,0,0,0,0,4,2,14
,2016_27961,39.702033,-104.9141025,2/3/2016 14:31,14:31,6,0,0,LOCUST STREET & OHIO AVENUE EAST,4,1,1,0,1,4,,0,25,0,0,0,0,0,4,2,13
,2016_27962,39.67128,-104.9828355,3/9/2016 17:24,17:24,6,0,0,LOGAN STREET 2500 BLOCK SOUTH & HARVARD AVENUE EAST,1,1,1,0,1,4,,0,30,0,0,0,0,1,4,3,10
,2016_27963,39.687552,-104.982813,8/9/2016 8:05,8:05,1,0,0,LOGAN STREET SOUTH & IOWA AVENUE EAST,1,1,0,0,1,1,,0,30,0,0,0,0,0,4,2,13
,2016_27964,39.769551,-105.034617,11/28/2016 6:30,6:30,6,0,0,LOWELL BOULEVARD SOUTHBOUND 3800 BLOCK NORTH & 38TH AVENUE WEST,1,2,0,0,1,3,,0,30,0,0,0,0,0,4,2,14
,2016_27965,39.7170765,-104.8955513,12/9/2016 18:35,18:35,10,0,0,LOWRY BOULEVARD & FAIRMOUNT DRIVE EAST,1,3,0,0,1,6,,0,35,0,0,0,0,0,4,2,7
,2016_27966,39.717045,-104.903793,1/5/2016 17:20,17:20,14,0,1,LOWRY BOULEVARD 7300 BLOCK EAST & QUEBEC STREET SOUTH,1,3,0,0,1,1,,0,35,0,0,0,0,2,4,2,13
,2016_27967,39.7172835,-104.8960418,2/7/2016 23:15,23:15,5,0,0,LOWRY BOULEVARD & RAMPART WAY SOUTH,4,3,0,7,3,3,,0,25,0,0,0,0,0,4,1,5
,2016_27968,39.7199385,-104.8909343,3/4/2016 3:31,3:31,5,0,0,LOWRY BOULEVARD & UINTA WAY NORTH,1,3,0,7,3,6,,0,15,0,0,0,0,0,4,1,16
,2016_27969,39.78252882,-104.9717383,3/7/2016 16:00,16:00,6,0,0,MARION STREET & 1300 BLOCK NORTH,2,1,0,0,1,4,,0,30,0,0,0,0,0,4,2,3
,2016_27970,39.729069,-104.971761,8/23/2016 14:50,14:50,3,0,0,MARION STREET NORTH & EIGHTH AVENUE EAST,1,1,0,0,1,1,,0,25,0,0,0,0,0,4,2,13
,2016_27972,39.748014,-105.000462,3/7/2016 11:15,11:15,6,0,0,MARKET STREET 1400 BLOCK & 14TH STREET,4,1,0,2,1,4,,0,30,0,0,0,0,0,4,2,13
,2016_27973,39.63799513,-104.9126831,4/10/2016 5:50,5:50,5,0,0,MONACO STREET & 3900 BLOCK SOUTH,1,3,0,0,3,3,,0,35,0,0,0,0,1,4,1,5
,2016_27974,39.753612,-104.993451,2/27/2016 18:34,18:34,1,0,0,MARKET STREET & 20TH STREET,1,3,0,7,1,1,,0,30,0,0,0,0,0,4,2,16
,2016_27975,39.762,-104.918805,1/18/2016 14:07,14:07,5,0,0,MLK BOULEVARD 5800 BLOCK & JASMINE STREET NORTH,1,1,0,0,3,4,,0,35,0,0,0,0,0,4,1,10
,2016_27976,39.79467,-104.83542,6/5/2016 2:00,2:00,6,0,0,MAXWELL PLACE EAST & UVALDA STREET NORTH,1,4,0,0,1,4,,0,25,0,0,0,0,0,4,2,3
,2016_27977,39.782619,-105.0357915,4/18/2016 13:48,13:48,6,0,0,MEADE STREET & 1400 BLOCK NORTH,1,1,1,7,1,4,,0,25,0,0,0,0,0,4,2,16
,2016_27978,39.685689,-104.937354,7/31/2016 10:33,10:33,6,0,0,MEXICO AVENUE EAST & BELLAIRE STREET SOUTH,1,1,0,0,1,4,,0,25,0,0,0,0,0,4,2,13
,2016_27979,39.766923,-104.9524065,5/20/2016 10:51,10:51,6,0,0,MILWAUKEE STREET NORTH & 36TH AVENUE EAST,1,1,0,0,1,4,,0,25,0,0,0,0,0,4,2,3
,2016_27980,39.696732,-105.02037,11/10/2016 15:49,15:49,3,0,0,MISSISSIPPI AVENUE WEST & CLAY STREET SOUTH,1,1,0,7,1,1,,0,25,0,0,0,0,0,4,2,1
,2016_27981,39.696732,-105.02037,11/10/2016 16:05,16:05,14,0,0,MISSISSIPPI AVENUE WEST & CLAY STREET SOUTH,1,1,0,7,1,4,,0,35,0,0,0,0,1,4,2,3
,2016_27982,39.69675,-105.0215535,12/3/2016 0:10,0:10,3,0,0,MISSISSIPPI AVENUE WEST & DALE COURT SOUTH,1,3,0,7,1,1,,0,25,0,0,0,0,0,4,2,16
,2016_27983,39.69675,-105.0250905,11/2/2016 15:55,15:55,1,0,0,MISSISSIPPI AVENUE WEST & FEDERAL BOULEVARD SOUTH,1,1,0,0,1,2,,0,35,0,0,0,0,0,4,2,9
,2016_27984,39.696705,-104.9991345,8/6/2016 12:00,12:00,3,0,0,MISSISSIPPI AVENUE WEST & JASON STREET SOUTH,1,1,0,7,1,1,,0,35,0,0,0,0,0,4,2,16
,2016_27986,39.761964,-104.903451,3/19/2016 14:05,14:05,12,0,0,MLK BOULEVARD & QUEBEC STREET NORTH,1,1,0,7,1,1,,0,35,0,0,0,0,0,4,2,16
,2016_27987,39.761775,-104.956101,5/13/2016 16:51,16:51,12,0,0,MLK BOULEVARD & ELIZABETH STREET NORTH,1,1,0,7,1,1,,0,30,0,0,0,0,0,4,2,2
,2016_27988,39.76203898,-104.9697406,11/11/2016 16:29,16:29,12,0,0,MLK BOULEVARD 3200 BLOCK EAST & HUMBOLDT STREET NORTH,1,1,0,7,1,4,,0,35,0,0,0,0,0,4,2,16
,2016_27989,39.761982,-104.9094045,4/27/2016 12:23,12:23,5,0,0,MLK BOULEVARD & NEWPORT STREET NORTH,1,1,0,7,2,1,,0,25,0,0,0,0,0,4,1,9
,2016_27990,39.725334,-104.912793,12/17/2016 19:30,19:30,3,0,0,MONACO STREET NORTH & SIXTH AVENUE EAST,5,3,0,7,1,1,,0,30,0,0,0,0,0,4,2,16
,2016_27991,39.667626,-104.912964,6/7/2016 13:01,13:01,3,0,0,MONACO STREET & YALE AVENUE EAST,1,1,0,0,1,2,,0,15,0,0,0,0,0,4,2,3
,2016_27992,39.747438,-104.90346,1/30/2016 20:00,20:00,1,0,1,MONTVIEW AVENUE EAST & QUEBEC STREET NORTH,2,3,0,2,1,1,,0,35,0,0,0,0,2,4,2,1
,2016_27993,39.705525,-105.040863,2/7/2016 22:01,22:01,15,0,0,MORRISON ROAD & QUITMAN STREET SOUTH,1,3,0,0,1,1,,0,30,0,0,0,0,0,4,2,1
,2016_27994,39.765636,-105.0041025,3/12/2016 23:00,23:00,6,0,0,NAVAJO STREET NORTH & 35TH AVENUE WEST,1,4,0,0,3,1,,0,,0,0,0,0,0,4,2,13
,2016_27995,39.768057,-105.004125,3/4/2016 17:45,17:45,1,0,0,NAVAJO STREET WEST & 37TH AVENUE WEST,1,2,0,0,1,1,,0,20,0,0,0,0,0,4,2,13
,2016_27996,39.70201921,-104.963126,6/23/2016 4:00,4:00,6,0,0,OHIO AVENUE & 3761 WEST,1,3,0,0,1,4,,0,25,0,0,0,0,0,4,2,13
,2016_27997,39.743757,-104.90814,6/4/2016 10:28,10:28,3,0,1,ONEIDA STREET NORTH & 17TH AVENUE EAST,1,1,0,0,1,1,,0,30,0,0,0,0,2,4,2,13
,2016_27998,39.777993,-104.908239,3/17/2016 11:50,11:50,6,0,0,ONEIDA STREET NORTH & STAPLETON DRIVE,1,1,0,0,1,4,,0,25,0,0,0,0,0,4,2,8
,2016_28000,39.754863,-105.0381675,5/26/2016 7:55,7:55,1,0,0,OSCEOLA STREET NORTH & 26TH AVENUE WEST,1,1,0,7,1,1,,0,35,0,0,0,0,0,4,2,14
,2016_28001,39.753054,-104.9854905,4/5/2016 17:20,17:20,6,0,0,PARK AVENUE WEST & CHAMPA STREET,1,1,1,0,1,4,,0,30,0,0,0,0,0,4,2,13
,2016_28002,39.749022,-104.98023,7/29/2016 14:33,14:33,12,0,0,PARK AVENUE WEST & COURT PLACE,1,1,0,7,1,4,,0,30,0,0,0,0,0,4,3,14
,2016_28003,39.755745,-104.989014,7/30/2016 8:45,8:45,12,0,0,PARK AVENUE WEST & LARIMER STREET,1,1,0,0,1,4,,0,30,0,0,0,0,0,4,2,13
,2016_28004,39.757887,-104.9917545,5/30/2016 13:30,13:30,10,0,0,PARK AVENUE WEST & WAZEE STREET,1,1,1,0,1,1,,0,25,0,0,0,0,0,4,2,13
,2016_28005,39.757887,-104.9917545,7/22/2016 16:50,16:50,10,0,0,PARK AVENUE WEST & WAZEE STREET,1,1,0,0,1,1,,0,30,0,0,0,0,0,4,2,8
,2016_28006,39.759282,-104.993892,5/29/2016 12:20,12:20,15,0,0,PARK AVENUE WEST & WEWATTA STREET,1,1,0,7,1,4,,0,35,0,0,0,0,0,4,2,16
,2016_28007,39.741642,-104.9799015,6/7/2016 21:27,21:27,6,0,0,PEARL STREET NORTH & 16TH AVENUE EAST,1,3,0,0,1,4,,0,25,0,0,0,0,0,4,2,14
,2016_28008,39.798396,-104.7873105,11/12/2016 15:15,15:15,12,0,0,PENA BOULEVARD NORTHBOUND OFF RAMP & 56TH AVENUE EAST,1,1,1,7,1,3,,0,35,0,0,0,0,1,4,2,14
,2016_28009,39.844602,-104.6809395,2/6/2016 7:35,7:35,15,0,0,PENA BOULEVARD 7900 BLOCK & 80TH AVENUE EAST,1,1,0,0,1,4,,0,45,0,0,0,0,0,4,2,8
,2016_28010,39.783609,-104.7913916,11/10/2016 8:30,8:30,15,0,0,PENA BOULEVARD INBOUND 4800 BLOCK & GREEN VALLEY RANCH BOULEVARD,1,1,0,1,1,4,,0,35,0,0,0,0,0,4,2,14
,2016_28011,39.844602,-104.6809395,9/30/2016 6:55,6:55,15,0,0,PENA BOULEVARD INBOUND & PENA CIRCLE LOOP,1,1,1,0,1,4,,0,55,0,0,0,0,0,4,2,8
,2016_28012,39.8356446,-104.6717644,12/21/2016 9:40,9:40,5,0,0,PENA BOULEVARD 7700 BLOCK & SHADY GROVE STREET NORTH,8,1,1,7,2,4,,0,35,0,0,0,0,0,4,1,6
,2016_28013,39.78191736,-104.981211,1/9/2016 21:28,21:28,6,0,0,PENNSYLVANIA STREET & 2000 BLOCK SOUTH,5,3,0,7,1,4,,0,20,0,0,0,0,0,4,3,5
,2016_28014,39.771063,-104.8470435,11/4/2016 12:25,12:25,12,0,0,PEORIA STREET NORTH & 39TH AVENUE EAST,1,1,1,7,1,4,,0,30,0,0,0,0,0,4,2,3
,2016_28015,39.777255,-104.8460535,5/2/2016 18:10,18:10,15,0,0,PEORIA STREET 4400 BLOCK NORTH & 45TH AVENUE EAST,1,1,0,7,1,4,,0,40,0,0,0,0,0,4,2,16
,2016_28016,39.73869,-104.9034645,10/10/2016 7:57,7:57,15,0,0,QUEBEC STREET NORTH & 14TH AVENUE EAST,1,1,0,0,1,3,,0,30,0,0,0,0,0,4,2,1
,2016_28017,39.743775,-104.9034825,5/30/2016 16:15,16:15,12,0,0,QUEBEC STREET NORTH & 17TH AVENUE EAST,2,1,0,7,1,4,,0,35,0,0,0,0,0,4,2,14
,2016_28018,39.75105938,-104.9033846,1/28/2016 21:40,21:40,14,0,0,QUEBEC STREET 2300 BLOCK NORTH & 23RD AVENUE EAST,1,3,0,7,1,4,,0,30,0,0,0,0,0,4,2,3
,2016_28019,39.77299178,-104.9754813,1/12/2016 8:48,8:48,12,0,0,38TH STREET & 1800 BLOCK,1,1,1,0,1,4,,0,30,0,0,0,0,0,4,2,16
,2016_28020,39.711348,-104.9035005,2/29/2016 18:30,18:30,12,0,0,QUEBEC STREET 800 BLOCK SOUTH & ALAMEDA AVENUE EAST,1,3,0,7,1,4,,0,35,0,0,0,0,1,4,3,3
,2016_28021,39.747438,-104.90346,5/31/2016 18:00,18:00,15,0,0,QUEBEC STREET NORTH & MONTVIEW BOULEVARD,1,1,0,7,1,3,,0,30,0,0,0,0,0,4,2,1
,2016_28022,39.795642,-104.903523,4/7/2016 14:47,14:47,12,0,0,QUEBEC STREET NORTH & 54TH PLACE EAST,1,1,0,7,1,4,,0,40,0,0,0,0,0,4,4,14
,2016_28023,39.78909905,-104.9664359,7/12/2016 16:31,16:31,6,0,0,RACE COURT & 5100 BLOCK,1,1,1,0,1,4,,0,30,0,0,0,0,0,4,2,13
,2016_28024,39.734154,-104.91048,5/25/2016 8:40,8:40,15,0,0,RICHTHOFEN PLACE & NIAGARA STREET,1,1,0,0,1,4,,0,20,0,0,0,0,0,4,2,1
,2016_28025,39.770514,-105.0112035,1/10/2016 15:35,15:35,3,0,0,TEJON STREET NORTH & 39TH AVENUE WEST,1,1,0,0,1,1,,0,25,0,0,0,0,1,4,2,13
,2016_28026,39.742128,-104.90076,4/20/2016 9:30,9:30,6,0,0,ROSLYN STREET 1600 BLOCK NORTH & 17TH AVENUE EAST,1,4,0,0,1,4,,0,25,0,0,0,0,0,4,3,13
,2016_28027,39.749616,-105.0003405,10/21/2016 2:09,2:09,3,0,0,15TH STREET & BLAKE STREET,1,3,0,7,1,1,,0,30,0,0,0,0,0,4,2,5
,2016_28028,39.759192,-105.0104835,7/28/2016 18:05,18:05,15,0,0,16TH STREET & BOULDER STREET,1,1,0,0,1,4,,0,25,0,0,0,0,0,4,2,13
,2016_28029,39.748185,-104.9864445,11/11/2016 17:25,17:25,15,0,0,20TH STREET 600 BLOCK & WELTON STREET,1,3,0,0,1,4,,0,30,0,0,0,0,1,4,2,12
,2016_28030,39.753423,-104.988402,3/11/2016 17:53,17:53,15,0,0,22ND STREET & ARAPAHOE STREET,1,2,0,0,1,1,,0,30,0,0,0,0,0,4,2,13
,2016_28031,39.752118,-104.9866605,6/25/2016 23:00,23:00,3,0,0,22ND STREET & CHAMPA STREET,1,3,0,7,1,1,,0,30,0,0,0,0,0,4,3,16
,2016_28032,39.750129,-104.9841,7/12/2016 13:35,13:35,3,0,0,22ND STREET & WELTON STREET,1,1,0,0,1,1,,0,30,0,0,0,0,1,4,2,8
,2016_28033,39.756375,-104.977692,1/24/2016 11:19,11:19,3,0,0,28TH STREET & CALIFORNIA STREET,1,1,0,0,1,1,,0,30,0,0,0,0,0,4,2,1
,2016_28034,39.772962,-104.975442,6/17/2016 16:35,16:35,15,0,0,38TH STREET 1700 BLOCK & BRIGHTON BOULEVARD,1,1,0,0,1,4,,0,30,0,0,0,0,0,4,2,13
,2016_28035,39.7796061,-104.930982,12/19/2016 10:15,10:15,6,0,0,46TH AVENUE EAST & 12926 EAST,4,1,0,0,1,4,,0,25,0,0,0,0,0,4,2,3
,2016_28036,39.727305,-104.9986125,4/23/2016 6:15,6:15,5,0,0,SANTA FE DRIVE NORTH & SEVENTH AVENUE WEST,1,2,1,0,3,4,,0,35,0,0,0,0,0,4,2,13
,2016_28037,39.711186,-104.997132,2/16/2016 13:40,13:40,12,0,0,SANTA FE DRIVE 400 BLOCK SOUTH & ALAMEDA AVENUE WEST,1,1,0,0,1,4,,0,25,0,0,0,0,1,4,2,13
,2016_28038,39.711186,-104.997132,10/27/2016 19:49,19:49,15,0,0,SANTA FE DRIVE SOUTH & ALAMEDA AVENUE WEST,1,4,0,0,1,4,,0,25,0,0,0,0,0,4,2,13
,2016_28039,39.713508,-104.998284,2/12/2016 15:55,15:55,10,0,0,SANTA FE DRIVE SOUTH & CEDAR AVENUE WEST,1,1,0,0,1,1,,0,30,0,0,0,0,0,4,2,13
,2016_28040,39.8356446,-104.6717644,11/1/2016 10:15,10:15,12,0,0,SHADY GROVE STREET 7700 BLOCK NORTH & PENA CIRCLE,1,1,0,7,1,4,,0,25,0,0,0,0,0,4,2,16
,2016_28042,39.73851768,-104.9969761,4/8/2016 12:15,12:15,12,0,0,SPEER BOULEVARD & 1000 BLOCK NORTH,1,1,1,0,1,4,,0,30,0,0,0,0,0,4,3,13
,2016_28043,39.744468,-105.0000435,11/20/2016 14:21,14:21,12,0,0,SPEER BOULEVARD NORTH & ARAPAHOE STREET,1,1,0,7,1,3,,0,30,0,0,0,0,1,4,3,16
,2016_28044,39.744468,-105.0000435,12/8/2016 21:45,21:45,12,0,0,SPEER BOULEVARD NORTH & ARAPAHOE STREET,1,3,0,7,1,1,,0,30,0,0,0,0,1,4,2,3
,2016_28045,39.748446,-105.0033735,7/23/2016 18:45,18:45,10,0,0,SPEER BOULEVARD & AURARIA PARKWAY,1,1,0,0,1,1,,0,30,0,0,0,0,0,4,2,7
,2016_28046,39.74193,-104.99985,5/9/2016 8:00,8:00,12,0,0,SPEER BOULEVARD NORTH & KALAMATH STREET,1,1,0,7,1,3,,0,35,0,0,0,0,1,4,2,14
,2016_28047,39.746403,-105.0014385,8/5/2016 16:50,16:50,12,0,0,SPEER BOULEVARD & LARIMER STREET,1,1,0,0,1,3,,0,30,0,0,0,0,1,4,3,13
,2016_28048,39.78875689,-104.9499343,3/7/2016 14:50,14:50,3,0,0,STEELE STREET & 4600 BLOCK NORTH,1,1,0,0,1,2,,0,30,0,0,0,0,1,4,2,13
,2016_28049,39.716235,-104.949963,7/22/2016 13:55,13:55,1,0,0,STEELE STREET SOUTH & ELLSWORTH AVENUE EAST,1,1,0,0,1,1,,0,30,0,0,0,0,0,4,2,13
,2016_28050,39.755187,-104.9809815,4/8/2016 22:30,22:30,10,0,0,STOUT STREET & 26TH STREET,1,3,0,0,1,1,,0,25,0,0,0,0,0,4,2,13
,2016_28051,39.758931,-104.976162,10/22/2016 17:20,17:20,3,0,0,STOUT STREET & 30TH STREET,1,1,0,7,1,1,,0,30,0,0,0,0,0,4,2,16
,2016_28052,39.725595,-104.9509845,4/22/2016 17:59,17:59,6,0,0,STREET PAUL STREET & SIXTH AVENUE EAST,1,1,0,0,1,3,,0,25,0,0,0,0,0,4,2,3
,2016_28053,39.681288,-104.9508315,5/22/2016 10:20,10:20,3,0,0,STREET PAUL STREET SOUTH & BUCHTEL BOULEVARD EAST,1,1,0,7,1,1,,0,25,0,0,0,0,1,4,2,16
,2016_28054,39.713049,-105.0110145,2/1/2016 17:00,17:00,3,0,0,TEJON STREET SOUTH & CEDAR AVENUE WEST,5,3,1,2,1,1,,0,35,0,0,0,0,0,4,2,5
,2016_28055,39.728259,-105.0438735,5/22/2016 16:08,16:08,5,0,0,TENNYSON STREET NORTH & SEVENTH AVENUE WEST,1,1,0,0,3,1,,0,25,0,0,0,0,0,4,1,7
,2016_28057,39.77804121,-104.7720078,4/9/2016 14:25,14:25,12,0,0,TOWER ROAD 4500 BLOCK NORTH & 45TH AVENUE EAST,1,1,0,7,1,4,,0,40,0,0,0,0,0,4,2,16
,2016_28058,39.78756,-104.771772,7/12/2016 21:35,21:35,5,0,0,TOWER ROAD 5000 BLOCK NORTH & 50TH AVENUE NORTH,1,3,0,7,3,4,,0,45,0,0,0,0,0,4,1,12
,2016_28059,39.74001,-104.99202,10/3/2016 22:20,22:20,6,0,0,TRADING POST ROAD & 17900,1,3,0,0,3,4,,0,25,0,0,0,0,0,4,2,13
,2016_28060,39.78053739,-104.8415205,12/10/2016 8:20,8:20,6,0,0,TULSA COURT 4500 BLOCK NORTH & 46TH AVENUE EAST,1,4,0,0,1,4,,0,35,0,0,0,0,0,4,2,2
,2016_28061,39.629457,-104.895333,5/3/2016 15:29,15:29,5,0,0,UNION AVENUE 8100 BLOCK EAST & ULSTER STREET SOUTH,1,1,1,0,1,4,,0,35,0,0,0,0,0,4,1,13
,2016_28062,39.674835,-104.9594175,5/11/2016 18:45,18:45,12,0,0,UNIVERSITY BOULEVARD 2200 BLOCK SOUTH & ILIFF AVENUE EAST,1,2,0,7,1,3,,0,30,0,0,0,0,1,4,2,1
,2016_28063,39.700224,-104.959323,1/8/2016 7:00,7:00,3,0,0,UNIVERSITY BOULEVARD SOUTH & KENTUCKY AVENUE EAST,5,1,0,2,1,1,,0,30,0,0,0,0,0,4,2,13
,2016_28064,39.69666,-104.8917105,4/23/2016 19:25,19:25,5,0,1,VALENTIA STREET 900 BLOCK SOUTH & MISSISSIPPI AVENUE EAST,1,2,0,7,2,4,,0,30,0,0,0,0,2,4,1,5
,2016_28066,39.669489,-104.99112,12/14/2016 10:24,10:24,3,0,0,VASSAR AVENUE WEST & CHEROKEE STREET SOUTH,1,1,0,7,1,1,,0,25,0,0,0,0,0,4,2,16
,2016_28067,39.703059,-105.0367815,1/10/2016 10:24,10:24,6,0,0,WALSH PLACE WEST & NEWTON STREET SOUTH,5,1,0,7,1,4,,0,25,0,0,0,0,0,4,2,16
,2016_28068,39.676689,-104.973462,1/14/2016 15:27,15:27,3,0,0,WARREN AVENUE EAST & DOWNING STREET SOUTH,1,1,0,7,1,1,,0,25,0,0,0,0,1,4,2,3
,2016_28069,39.78129351,-104.978893,12/17/2016 22:00,22:00,6,0,0,WASHINGTON STREET & 900 BLOCK SOUTH,4,3,0,0,1,4,,0,30,0,0,0,0,0,4,2,1
,2016_28070,39.75204993,-104.9989788,2/12/2016 19:30,19:30,6,0,0,WAZEE STREET & 1500 BLOCK,1,3,0,0,1,4,,0,25,0,0,0,0,0,4,2,13
,2016_28071,39.751209,-105.0000435,1/8/2016 14:50,14:50,6,0,0,WAZEE STREET & 16TH STREET,2,1,0,0,1,4,,0,25,0,0,0,0,0,4,2,13
,2016_28073,39.743595,-104.992524,11/2/2016 11:00,11:00,15,0,0,WELTON STREET & 15TH AVENUE,1,1,0,0,1,3,,0,30,0,0,0,0,0,4,2,13
,2016_28074,39.7435807,-104.9924306,11/18/2016 17:40,17:40,6,0,0,WELTON STREET 1500 BLOCK & 16TH STREET,1,3,0,0,1,4,,0,25,0,0,0,0,0,4,2,13
,2016_28075,39.667698,-104.9735025,3/9/2016 14:29,14:29,12,0,0,YALE AVENUE 1200 BLOCK EAST & DOWNING STREET SOUTH,1,1,1,7,1,3,,0,30,0,0,0,0,0,4,2,16
,2016_28076,39.667635,-104.912964,10/20/2016 17:41,17:41,12,0,1,YALE AVENUE EAST & MONACO PARKWAY SOUTH,1,1,0,7,1,2,,0,35,0,0,0,0,2,4,2,1
,2016_28077,39.7664153,-105.0506981,1/9/2016 17:00,17:00,6,0,0,YATES STREET NORTH & 1364,1,2,0,0,1,4,,0,20,0,0,0,0,0,4,2,13
,2016_28078,39.762018,-104.959773,3/30/2016 16:37,16:37,3,0,1,YORK STREET NORTH  & MLK BOULEVARD,2,1,0,2,1,1,,0,35,0,0,0,0,2,4,2,13
,2016_28079,39.732822,-104.8847355,8/9/2016 15:23,15:23,3,0,0,YOSEMITE STREET NORTH & 11TH AVENUE EAST,1,1,0,7,1,1,,0,30,0,0,0,0,1,4,2,14
,2016_28080,39.765636,-105.015843,1/15/2016 17:35,17:35,3,0,0,ZUNI STREET NORTH & 35TH AVENUE WEST,1,3,1,0,1,1,,0,30,0,0,0,0,0,4,2,13
,2016_28401,39.725379,-105.0074505,4/12/2016 7:39,7:39,12,0,0,SIXTH AVENUE WEST & QUIVAS STREET NORTH,1,1,0,0,1,4,,0,45,0,0,0,0,0,2,2,13
,2016_28402,39.678426,-104.933673,9/26/2016 15:13,15:13,12,0,0,I25 NORTHBOUND ON RAMP & EVANS AVENUE EAST,1,1,1,0,1,14,,0,35,0,0,0,0,0,1,2,12
,2016_28649,39.754881,-105.015924,10/7/2016 7:52,7:52,5,0,0,26TH AVENUE WEST & ZUNI STREET NORTH,1,1,0,0,3,3,,0,25,0,0,0,0,0,4,1,13
,2016_28664,39.74001,-104.99202,1/8/2016 14:52,14:52,5,0,0,EVANS AVENUE & 4660 BLOCK WEST,4,1,0,2,3,4,,0,30,0,0,0,0,0,4,1,16
,2016_28829,39.760551,-104.9001615,12/11/2016 18:55,18:55,3,0,0,MLK BOULEVARD & ROSLYN STREET NORTH,1,3,0,7,1,1,,0,10,0,0,0,0,0,4,2,16
,2016_28840,39.663306,-104.9656815,8/16/2016 23:18,23:18,6,0,0,HIGH STREET SOUTH & CORNELL AVENUE EAST,1,3,0,0,1,4,,0,25,0,0,0,0,0,4,3,13
,2016_28841,39.664998,-105.029883,12/5/2016 15:20,15:20,6,0,0,AMHERST AVENUE & IRVING STREET,1,5,1,0,1,1,,0,10,0,0,0,0,1,4,2,7
,2016_28842,39.758247,-104.987457,4/28/2016 18:30,18:30,6,0,0,WALNUT STREET & BROADWAY NORTH,1,2,0,7,1,4,,0,30,0,0,0,0,0,4,2,16
,2016_28864,39.772467,-105.041673,1/2/2016 11:03,11:03,6,0,0,RALEIGH STREET & 41ST AVENUE WEST,5,1,1,0,1,4,,0,,0,0,0,0,0,4,2,13
,2016_28865,39.716523,-104.9757525,1/6/2016 11:01,11:01,6,0,0,OGDEN STREET & ELLSWORTH AVENUE EAST,1,1,1,0,1,4,,0,25,0,0,0,0,0,4,2,13
,2016_28866,39.678435,-104.9352615,4/14/2016 20:35,20:35,1,0,0,EVANS AVENUE EAST & CLERMONT STREET SOUTH,1,3,0,0,1,1,,0,35,0,0,0,0,0,4,2,3
,2016_28867,39.760731,-104.9634225,6/13/2016 19:33,19:33,3,0,0,31ST AVENUE EAST & RACE STREET NORTH,1,1,1,0,1,1,,0,25,0,0,0,0,0,4,2,13
,2016_28868,39.707676,-105.032466,7/23/2016 20:00,20:00,6,0,0,KNOX COURT & VIRGINIA AVENUE WEST,1,1,0,0,1,4,,0,25,0,0,0,0,0,4,2,7
,2016_28869,39.748797,-104.9944635,8/17/2016 11:25,11:25,15,0,0,ARAPAHOE STREET & 17TH STREET,1,1,0,0,1,1,,0,30,0,0,0,0,0,4,2,13
,2016_28870,39.730428,-104.9787405,8/17/2016 12:15,12:15,6,0,0,NINTH AVENUE EAST & WASHINGTON STREET NORTH,1,1,0,0,3,4,,0,25,0,0,0,0,0,4,3,13