id,drcog_id,latitude,longitude,crashtime,time,crashtype,numbkilled,numbinjurd,drcoglocat,rdconditin,lightngcon,roadcntgrd,weatherco,location,roaddescrp,schoolzone,constrzone,splimit,bikeinv,pedinv,sctrinv,motoinv,svrty,rdsystem,ttlvehcls,hcf
,2016_28871,39.672297,-105.034914,8/17/2016 14:05,14:05,6,0,1,HARVARD AVENUE WEST & LOWELL BOULEVARD SOUTH,1,1,0,0,1,4,,0,25,0,0,0,0,2,4,2,5
,2016_28872,39.718332,-104.965425,8/17/2016 16:40,16:40,12,0,0,FIRST AVENUE EAST & HIGH STREET,1,1,0,0,1,4,,0,30,0,0,0,0,0,4,2,13
,2016_28873,39.747429,-104.899896,8/17/2016 18:09,18:09,12,0,0,MONTVIEW BOULEVARD & ROSEMARY STREET NORTH,1,1,0,0,1,4,,0,30,0,0,0,0,0,4,2,14
,2016_28874,39.692952,-104.9605875,8/24/2016 7:27,7:27,3,0,0,LOUISIANA AVENUE EAST & YORK STREET SOUTH,1,1,0,0,1,1,,0,25,0,0,0,0,0,4,2,13
,2016_28875,39.656718,-105.049674,8/25/2016 15:50,15:50,15,0,0,DARTMOUTH AVENUE WEST & ZENOBIA STREET SOUTH,1,1,0,0,1,2,,0,25,0,0,0,0,0,4,3,13
,2016_28876,39.741597,-104.9598135,8/26/2016 22:40,22:40,3,0,0,16TH AVENUE EAST & YORK STREET NORTH,1,3,1,0,1,1,,0,30,0,0,0,0,0,4,2,14
,2016_28877,39.719394,-104.955858,8/29/2016 20:00,20:00,6,0,0,SECOND AVENUE & CLAYTON STREET NORTH,1,3,0,0,1,4,,0,25,0,0,0,0,0,4,2,14
,2016_28878,39.763827,-104.903451,9/2/2016 14:50,14:50,3,0,0,QUEBEC STREET NORTH & 33RD AVENUE EAST,1,1,0,0,1,1,,0,25,0,0,0,0,0,4,2,14
,2016_28879,39.7199385,-104.8909343,9/3/2016 11:45,11:45,5,0,0,LOWRY BOULEVARD EAST & UINTA STREET NORTH,1,1,0,0,3,4,,0,30,0,0,0,0,0,4,1,14
,2016_28881,39.711141,-104.9863905,9/5/2016 16:35,16:35,3,0,0,ALAMEDA AVENUE EAST & LINCOLN STREET SOUTH,1,1,0,0,1,2,,0,30,0,0,0,0,0,4,2,13
,2016_28882,39.765762,-104.9721255,9/7/2016 17:50,17:50,6,0,0,35TH AVENUE & MARION STREET NORTH,1,1,0,0,1,4,,0,25,0,0,0,0,0,4,2,8
,2016_28883,39.770523,-105.002964,9/8/2016 10:15,10:15,3,0,0,39TH AVENUE WEST & MARIPOSA STREET,1,1,0,0,1,1,,0,30,0,0,0,0,0,4,2,14
,2016_28884,39.736476,-104.935014,9/9/2016 10:15,10:15,12,0,0,13TH AVENUE & CLERMONT STREET NORTH,1,1,3,0,1,4,,0,30,0,0,0,0,0,4,2,13
,2016_28885,39.656169,-105.0532335,9/9/2016 15:48,15:48,1,0,0,DARTMOUTH AVENUE WEST & SHERIDAN BOULEVARD SOUTH,1,1,0,0,1,2,,0,35,0,0,0,0,0,4,2,7
,2016_28886,39.694788,-104.9874615,9/12/2016 10:37,10:37,15,0,0,BROADWAY & ARIZONA AVENUE EAST,1,1,1,0,1,4,,0,30,0,0,0,0,0,4,2,13
,2016_28887,39.717909,-104.951223,9/17/2016 14:42,14:42,12,0,0,FIRST AVENUE & SAINT PAUL STREET NORTH,1,1,0,0,1,4,,0,30,0,0,0,0,0,4,3,14
,2016_28888,39.693123,-105.0250725,9/22/2016 17:38,17:38,15,0,0,LOUISIANA AVENUE WEST & FEDERAL BOULEVARD SOUTH,1,1,0,0,1,3,,0,35,0,0,0,0,0,4,2,1
,2016_28889,39.713373,-105.038496,9/23/2016 1:01,1:01,6,0,0,OSCEOLA STREET SOUTH & CEDAR AVENUE WEST,1,3,0,0,1,4,,0,25,0,0,0,0,0,4,2,13
,2016_28890,39.725424,-104.903793,9/24/2016 15:17,15:17,12,0,0,QUEBEC STREET & SIXTH AVENUE EAST,1,1,0,0,1,3,,0,35,0,0,0,0,0,4,2,13
,2016_28891,39.736872,-105.0015825,9/25/2016 16:35,16:35,3,0,0,13TH AVENUE WEST & LIPAN STREET NORTH,1,1,0,0,1,1,,0,25,0,0,0,0,0,4,2,13
,2016_28892,39.717819,-104.9485815,9/27/2016 13:31,13:31,3,0,0,ADAMS STREET NORTH & FIRST AVENUE EAST,1,1,1,0,1,1,,0,30,0,0,0,0,0,4,2,3
,2016_28893,39.766266,-104.973633,10/2/2016 20:17,20:17,3,0,0,35TH STREET EAST & LAWRENCE STREET,1,3,0,0,1,1,,0,35,0,0,0,0,0,4,2,13
,2016_28894,39.703851,-104.95935,10/4/2016 11:03,11:03,12,0,0,BONNIE BRAE BOULEVARD & UNIVERSITY BOULEVARD SOUTH,1,1,0,0,1,1,,0,25,0,0,0,0,0,4,2,1
,2016_28895,39.767436,-104.900841,10/6/2016 12:10,12:10,3,0,0,36TH AVENUE EAST & ROSLYN STREET NORTH,2,1,0,1,1,1,,0,20,0,0,0,0,0,4,2,13
,2016_28896,39.765636,-104.9034645,10/6/2016 15:46,15:46,15,0,0,35TH AVENUE & QUEBEC STREET NORTH,1,1,0,0,1,4,,0,25,0,0,0,0,0,4,2,14
,2016_28897,39.628053,-104.8912425,10/6/2016 16:50,16:50,15,0,0,DTC BOULEVARD SOUTH & CARRIAGE PLACE,1,1,0,0,1,2,,0,,0,0,0,0,0,4,2,13
,2016_28898,39.709305,-104.9863905,10/7/2016 3:59,3:59,6,0,0,DAKOTA AVENUE EAST & LINCOLN STREET SOUTH,1,3,0,0,1,4,,0,25,0,0,0,0,0,4,3,5
,2016_28899,39.770721,-104.753493,10/7/2016 19:43,19:43,15,0,0,HIMALAYA STREET & 40TH AVENUE EAST,1,3,0,0,1,3,,0,35,0,0,0,0,0,4,2,14
,2016_28900,39.69477,-104.9827905,10/8/2016 19:35,19:35,3,0,0,ARIZONA AVENUE EAST & LOGAN STREET SOUTH,1,3,0,0,1,1,,0,30,0,0,0,0,0,4,2,13
,2016_28901,39.678426,-104.9336775,10/12/2016 15:32,15:32,12,0,0,EVANS AVENUE EAST & I25,1,1,0,0,1,1,,0,30,0,0,0,0,1,4,2,13
,2016_28902,39.772008,-104.969691,10/28/2016 18:55,18:55,3,0,1,40TH STREET & WALNUT STREET,1,3,0,0,1,1,,0,30,0,0,0,0,2,4,2,13
,2016_28903,39.761838,-104.922261,10/29/2016 9:07,9:07,6,0,0,HOLLY STREET NORTH & MLK BOULEVARD,1,1,0,0,1,4,,0,35,0,0,0,0,0,4,2,14
,2016_28904,39.703851,-104.95935,11/29/2016 7:50,7:50,1,0,0,UNIVERSITY BOULEVARD SOUTH & EXPOSITION AVENUE,1,1,0,0,1,1,,0,30,0,0,0,0,0,4,2,13
,2016_28905,39.748617,-104.903451,11/29/2016 18:15,18:15,12,0,0,QUEBEC STREET & 21ST AVENUE EAST,1,3,0,0,1,3,,0,30,0,0,0,0,0,4,3,3
,2016_28906,39.765645,-104.910597,12/8/2016 12:49,12:49,3,0,0,35TH AVENUE EAST & NIAGARA STREET NORTH,4,1,0,0,1,1,,0,25,0,0,0,0,0,4,2,1
,2016_28907,39.717819,-104.9485815,6/11/2016 13:44,13:44,3,0,0,FIRST AVENUE EAST & ADAMS STREET NORTH,1,1,0,0,1,1,,0,25,0,0,0,0,0,4,2,3
,2016_28908,39.718197,-104.955831,10/19/2016 18:35,18:35,12,0,0,FIRST AVENUE 2700 BLOCK EAST & CLAYTON STREET SOUTH,1,2,0,0,1,3,,0,30,0,0,0,0,0,4,2,13
,2016_28909,39.718134,-105.0396975,3/21/2016 7:20,7:20,12,0,0,FIRST AVENUE 4000 BLOCK WEST & PERRY STREET NORTH,1,1,0,0,1,3,,0,30,0,0,0,0,0,4,2,13
,2016_28911,39.720222,-105.0151905,6/17/2016 6:35,6:35,3,0,0,SECOND AVENUE WEST & YUMA STREET NORTH,1,1,0,7,1,1,,0,30,0,0,0,0,0,4,2,16
,2016_28912,39.720924,-104.9874975,3/29/2016 22:30,22:30,12,0,0,THIRD AVENUE EAST & BROADWAY STREET NORTH,1,3,0,7,1,3,,0,25,0,0,0,0,0,4,2,16
,2016_28913,39.720924,-104.9874975,11/22/2016 8:53,8:53,3,0,0,THIRD AVENUE EAST & BROADWAY STREET NORTH,2,1,0,1,1,1,,0,30,0,0,0,0,0,4,2,16
,2016_28914,39.724137,-104.9875065,2/27/2016 20:07,20:07,10,0,0,FIFTH AVENUE & BROADWAY STREET NORTH,1,3,0,0,1,1,,0,30,0,0,0,0,0,4,3,8
,2016_28915,39.724101,-104.995197,11/9/2016 14:33,14:33,6,0,0,FIFTH AVENUE WEST & FOX STREET NORTH,1,1,1,0,1,4,,0,25,0,0,0,0,0,4,2,5
,2016_28916,39.725622,-104.983605,6/1/2016 17:45,17:45,3,0,0,SIXTH AVENUE EAST & GRANT STREET NORTH,1,1,0,7,1,1,,0,15,0,0,0,0,0,4,2,16
,2016_28917,39.725622,-104.983605,8/3/2016 18:23,18:23,10,0,0,SIXTH AVENUE EAST & GRANT STREET NORTH,1,1,0,0,1,1,,0,30,0,0,0,0,0,4,2,13
,2016_28918,39.72627,-105.0002055,10/26/2016 15:15,15:15,15,0,0,SIXTH AVENUE WEST & KALAMATH STREET NORTH,1,1,0,7,1,1,,0,,0,0,0,0,0,4,2,16
,2016_28919,39.725649,-105.005763,9/18/2016 2:12,2:12,5,0,0,SIXTH AVENUE WEST FWY & OSAGE STREET NORTH,1,3,1,0,3,4,,0,55,0,0,0,0,0,4,1,13
,2016_28920,39.725424,-104.903793,2/7/2016 11:30,11:30,3,0,0,SIXTH AVENUE EAST & QUEBEC STREET NORTH,1,1,0,7,1,1,,0,35,0,0,0,0,0,4,2,12
,2016_28921,39.725658,-104.9863095,10/22/2016 12:55,12:55,15,0,0,SIXTH AVENUE EAST & SPEER BOULEVARD EAST,1,1,0,0,1,1,,0,25,0,0,0,0,0,4,2,13
,2016_28922,39.72920972,-105.0252358,12/13/2016 13:59,13:59,6,0,0,SIXTH AVENUE 3000 BLOCK EAST & STREET PAUL STREET,5,1,1,0,1,4,,0,60,0,0,0,0,0,4,2,13
,2016_28923,39.729132,-104.9484015,4/6/2016 0:10,0:10,3,0,0,EIGHTH AVENUE EAST & ADAMS STREET NORTH,1,3,0,7,1,1,,0,30,0,0,0,0,0,4,2,1
,2016_28925,39.729204,-104.9394735,3/31/2016 12:16,12:16,12,0,0,EIGHTH AVENUE EAST & ALBION STREET NORTH,1,1,0,7,1,2,,0,30,0,0,0,0,0,4,2,8
,2016_28926,39.729222,-104.9304825,2/3/2016 10:40,10:40,6,0,0,EIGHTH AVENUE EAST & EUDORA STREET NORTH,4,1,0,0,1,4,,0,35,0,0,0,0,0,4,2,13
,2016_28927,39.728943,-105.000183,3/15/2016 17:10,17:10,15,0,0,EIGHTH AVENUE 900 BLOCK WEST & KALAMATH STREET NORTH,1,1,0,7,1,4,,0,35,0,0,0,0,0,4,2,16
,2016_28928,39.728934,-104.9906115,1/11/2016 16:13,16:13,3,0,0,EIGHTH AVENUE WEST & SPEER BOULEVARD NORTH,1,1,0,0,1,1,,0,30,0,0,0,0,0,4,2,13
,2016_28929,39.729312,-105.015933,8/4/2016 6:43,6:43,15,0,0,EIGHTH AVENUE WEST & ZUNI STREET NORTH,1,1,0,0,1,1,,0,35,0,0,0,0,0,4,2,14
,2016_28930,39.730455,-104.9694525,6/17/2016 7:20,7:20,6,0,0,NINTH AVENUE EAST & HUMBOLDT STREET NORTH,1,1,0,0,1,4,,0,25,0,0,0,0,0,4,2,13
,2016_28931,39.732039,-104.9732465,11/19/2016 2:10,2:10,12,0,0,10TH AVENUE EAST & 000 BLOCK,5,3,0,0,1,4,,0,25,0,0,0,0,0,4,3,13
,2016_28932,39.732039,-104.9741055,3/31/2016 14:25,14:25,3,0,0,10TH AVENUE EAST & CORONA STREET NORTH,2,1,0,2,1,1,,0,25,0,0,0,0,0,4,2,14
,2016_28933,39.732048,-104.970672,11/19/2016 12:00,12:00,6,0,0,10TH AVENUE 1400 BLOCK EAST & LAFAYETTE STREET NORTH,1,1,0,0,1,2,,0,25,0,0,0,0,0,4,2,7
,2016_28934,39.732021,-104.98617,3/15/2016 19:00,19:00,6,0,0,10TH AVENUE & LINCOLN STREET NORTH,1,1,0,0,1,4,,0,30,0,0,0,0,0,4,2,13
,2016_28935,39.733038,-105.0463305,7/27/2016 18:27,18:27,5,0,0,10TH AVENUE WEST & VRAIN STREET NORTH,1,1,0,7,2,1,,0,30,0,0,0,0,0,4,1,7
,2016_28936,39.736854,-104.97762,3/23/2016 20:02,20:02,3,0,0,13TH AVENUE EAST & CLARKSON STREET NORTH,4,4,0,2,1,1,,0,35,0,0,0,0,0,4,3,16
,2016_28937,39.7368,-104.9586435,1/11/2016 5:45,5:45,3,0,0,13TH AVENUE EAST & JOSEPHINE STREET NORTH,1,3,0,0,1,1,,0,30,0,0,0,0,1,4,2,8
,2016_28938,39.736557,-105.0346035,12/8/2016 12:30,12:30,6,0,0,13TH AVENUE & LOWELL BOULEVARD NORTH,4,1,0,0,1,4,,0,30,0,0,0,0,0,4,2,13
,2016_28939,39.737259,-104.8999725,8/5/2016 23:38,23:38,15,0,0,13TH AVENUE EAST & ROSEMARY STREET NORTH,1,1,0,7,1,1,,0,30,0,0,0,0,0,4,2,14
,2016_28940,39.74001,-104.99202,10/20/2016 11:15,11:15,15,0,0,14TH AVENUE & 1200 BLOCK EAST,1,1,0,0,1,4,,0,30,0,0,0,0,0,4,2,3
,2016_28941,39.738276,-104.9361435,5/6/2016 14:39,14:39,3,0,0,14TH AVENUE EAST & BIRCH STREET NORTH,1,1,0,7,1,1,,0,35,0,0,0,0,0,4,2,16
,2016_28942,39.73842,-104.977674,7/23/2016 14:33,14:33,15,0,0,14TH AVENUE EAST & CLARKSON STREET NORTH,1,5,0,7,1,3,,0,25,0,0,0,0,0,4,2,16
,2016_28943,39.738357,-104.9573835,8/24/2016 12:55,12:55,10,0,1,14TH AVENUE EAST & COLUMBINE STREET NORTH,2,1,0,1,1,1,,0,35,0,0,0,0,2,4,2,13
,2016_28944,39.738438,-104.983623,12/19/2016 18:45,18:45,3,0,0,14TH AVENUE EAST & GRANT STREET NORTH,6,3,0,7,1,1,,0,30,0,0,0,0,0,4,2,16
,2016_28945,39.738672,-104.9057865,11/4/2016 14:30,14:30,3,0,0,14TH AVENUE EAST & PONTIAC STREET NORTH,1,1,0,7,1,1,,0,25,0,0,0,0,0,4,2,16
,2016_28946,39.738375,-104.965992,7/3/2016 21:25,21:25,3,0,0,14TH AVENUE EAST & WILLIAMS STREET NORTH,1,3,0,0,1,1,,0,25,0,0,0,0,0,4,2,8
,2016_28947,39.738483,-105.050961,11/18/2016 8:05,8:05,3,0,0,14TH AVENUE WEST & YATES NORTH,5,1,0,7,1,1,,0,30,0,0,0,0,0,4,2,14
,2016_28948,39.741957,-104.945364,11/9/2016 17:21,17:21,14,0,0,16TH AVENUE EAST & MONROE STREET NORTH,1,4,0,0,1,4,,0,25,0,0,0,0,0,4,2,14
,2016_28949,39.743244,-104.9798925,3/31/2016 12:55,12:55,10,0,0,17TH AVENUE EAST & PEARL STREET NORTH,2,1,0,0,1,1,,0,30,0,0,0,0,0,4,2,13
,2016_28950,39.743793,-104.885802,8/19/2016 17:24,17:24,3,0,0,17TH AVENUE EAST & XENIA STREET NORTH,2,1,0,1,1,1,,0,25,0,0,0,0,0,4,2,14
,2016_28951,39.745143,-105.031503,3/15/2016 18:12,18:12,6,0,0,18TH AVENUE WEST & JULIAN STREET NORTH,1,3,0,0,1,4,,0,25,0,0,0,0,0,4,2,13
,2016_28952,39.747501,-104.9775615,11/17/2016 16:10,16:10,3,0,0,20TH AVENUE EAST & CLARKSON STREET NORTH,2,3,0,2,1,1,,0,25,0,0,0,0,0,4,2,13
,2016_28953,39.747501,-104.9775615,11/23/2016 16:47,16:47,12,0,0,20TH AVENUE 700 BLOCK EAST & CLARKSON STREET NORTH,1,1,0,7,1,3,,0,30,0,0,0,0,1,4,2,16
,2016_28954,39.746952,-104.973354,7/26/2016 9:35,9:35,3,0,0,20TH AVENUE EAST & DOWNING STREET NORTH,1,1,0,0,1,1,,0,30,0,0,0,0,1,4,2,13
,2016_28955,39.751065,-104.917545,9/29/2016 9:27,9:27,3,0,0,23RD AVENUE & KEARNEY STREET NORTH,1,1,0,0,1,1,,0,25,0,0,0,0,1,4,2,1
,2016_28957,39.750993,-104.9022405,10/3/2016 9:20,9:20,10,0,0,23RD AVENUE EAST & QUINCE STREET NORTH,1,1,0,0,1,1,,0,30,0,0,0,0,0,4,2,13
,2016_28958,39.7521004,-105.0404424,6/10/2016 7:45,7:45,6,0,0,24TH AVENUE WEST & 3100 BLOCK,1,1,0,0,1,4,,0,25,0,0,0,0,0,4,2,13
,2016_28959,39.756024,-105.020514,11/10/2016 14:45,14:45,3,0,0,27TH AVENUE WEST & CLAY STREET NORTH,1,1,1,7,1,1,,0,25,0,0,0,0,0,4,2,16
,2016_28960,39.755988,-104.9033115,5/11/2016 13:25,13:25,12,0,0,28TH AVENUE EAST & QUEBEC STREET NORTH,1,1,0,7,1,1,,0,25,0,0,0,0,0,4,2,16
,2016_28961,39.758805,-104.86305,9/15/2016 13:15,13:15,12,0,0,29TH AVENUE & IRONTON STREET NORTH,1,1,0,0,1,4,,0,30,0,0,0,0,0,4,3,13
,2016_28962,39.758238,-104.9721345,10/19/2016 17:39,17:39,3,0,0,29TH AVENUE EAST & MARION STREET NORTH,1,2,0,7,1,1,,0,30,0,0,0,0,0,4,2,16
,2016_28963,39.758463,-105.0520725,3/8/2016 10:15,10:15,3,0,0,29TH AVENUE WEST & ZENOBIA STREET NORTH,1,1,0,7,1,1,,0,25,0,0,0,0,1,4,2,9
,2016_28964,39.760146,-104.9371965,4/1/2016 17:26,17:26,6,0,0,30TH AVENUE EAST & BELLAIRE STREET NORTH,1,1,0,0,1,4,,0,25,0,0,0,1,0,4,2,14
,2016_28965,39.694761,-104.9913045,9/27/2016 6:37,6:37,6,0,0,ARIZONA AVENUE WEST & CHEROKEE STREET SOUTH,1,1,0,0,1,4,,0,25,0,0,0,0,0,4,2,13
,2016_28966,39.760758,-104.9733405,7/5/2016 13:09,13:09,3,0,0,31ST AVENUE EAST & DOWNING STREET NORTH,1,1,0,7,1,1,,0,30,0,0,0,0,0,4,2,16
,2016_28967,39.762009,-105.0174135,12/4/2016 11:00,11:00,6,0,0,32ND AVENUE & ALCOTT STREET NORTH,1,1,0,0,1,4,,0,25,0,0,0,0,0,4,3,14
,2016_28968,39.71067539,-104.9129505,3/14/2016 8:00,8:00,1,0,0,32ND AVENUE EAST & MONACO PARKWAY NORTH,1,1,0,7,1,1,,0,35,0,0,0,0,0,4,2,7
,2016_28969,39.765636,-104.9117535,1/14/2016 7:43,7:43,12,0,0,35TH AVENUE & MAGNOLIA STREET,1,1,0,0,1,1,,0,30,0,0,0,0,0,4,2,13
,2016_28970,39.765636,-105.0095925,11/24/2016 3:15,3:15,6,0,0,35TH AVENUE WEST & SHOSHONE STREET NORTH,1,3,0,0,1,4,,0,25,0,0,0,0,0,4,3,5
,2016_28971,39.768147,-104.972121,11/11/2016 16:57,16:57,3,0,0,37TH AVENUE EAST & MARION STREET NORTH,1,3,0,0,1,1,,0,25,0,0,0,0,0,4,2,3
,2016_28972,39.774942,-104.9780205,6/24/2016 20:44,20:44,12,0,0,38TH AVENUE & ARKINS COURT,1,4,0,7,1,4,,0,30,0,0,0,0,0,4,2,16
,2016_28973,39.769407,-104.998203,11/21/2016 8:55,8:55,12,0,0,38TH AVENUE WEST & INCA STREET,1,1,0,7,1,4,,0,35,0,0,0,0,0,4,2,16
,2016_28974,39.772872,-104.7960135,7/16/2016 23:30,23:30,1,0,0,40TH AVENUE EAST EAST & AIRPORT WAY NORTH,1,3,0,7,1,1,,0,40,0,0,0,0,0,4,2,16
,2016_28976,39.776616,-105.0239745,4/18/2016 8:30,8:30,3,0,0,44TH AVENUE WEST & ELIOT STREET NORTH,1,1,0,7,1,5,,0,25,0,0,0,0,0,4,2,16
,2016_28977,39.77658,-104.994801,2/2/2016 17:20,17:20,6,0,0,44TH AVENUE & FOX STREET NORTH,5,3,0,0,1,4,,0,25,0,0,0,0,0,4,2,1
,2016_28978,39.776553,-105.0463125,3/22/2016 7:28,7:28,12,0,0,44TH AVENUE WEST EASTBOUND & VRAIN STREET NORTH,1,1,0,7,1,1,,0,35,0,0,0,0,0,4,2,14
,2016_28979,39.777957,-104.7673305,1/1/2016 15:34,15:34,6,0,0,45TH AVENUE 18900 BLOCK EAST & BISCAY STREET NORTH,5,1,0,7,1,4,,0,25,0,0,0,0,0,4,2,7
,2016_28980,39.777759,-105.013494,2/24/2016 7:50,7:50,3,0,0,45TH AVENUE WEST & VALLEJO STREET NORTH,1,1,0,7,1,1,,0,35,0,0,0,0,0,4,2,16
,2016_28981,39.780243,-105.0346035,1/8/2016 2:00,2:00,5,0,0,46TH AVENUE WEST & LOWELL BOULEVARD NORTH,4,3,0,2,3,1,,0,,0,0,0,0,0,4,1,13
,2016_28982,39.780162,-105.0064425,3/24/2016 7:15,7:15,1,0,0,46TH AVENUE WEST & PECOS STREET NORTH,6,1,0,2,1,1,,0,35,0,0,0,0,1,4,2,14
,2016_28983,39.779577,-104.8471335,8/25/2016 15:46,15:46,3,0,0,46TH AVENUE EAST & PEORIA STREET NORTH,2,1,0,1,1,1,,0,40,0,0,0,0,1,4,2,13
,2016_28984,39.74001,-104.99202,2/2/2016 11:00,11:00,6,0,0,47TH AVENUE & 1300 BLOCK WEST,5,1,1,2,1,4,,0,30,0,0,0,0,0,4,2,16
,2016_28985,39.782394,-104.848956,3/2/2016 15:10,15:10,1,0,0,47TH AVENUE EAST & PARIS STREET NORTH,1,1,0,0,1,1,,0,30,0,0,0,0,0,4,2,7
,2016_28986,39.781854,-104.9786325,4/24/2016 9:55,9:55,3,0,0,47TH AVENUE EAST & WASHINGTON STREET NORTH,1,1,0,1,1,2,,0,30,0,0,0,0,0,4,2,13
,2016_28987,39.798225,-104.769765,11/22/2016 6:15,6:15,12,0,0,56TH AVENUE EAST & ARGONNE STREET NORTH,2,3,0,2,1,1,,0,30,0,0,0,0,0,4,2,12
,2016_28988,39.798396,-104.786415,7/12/2016 11:35,11:35,12,0,2,56TH AVENUE EAST & PENA BOULEVARD,1,1,0,7,1,1,,0,35,0,0,0,0,2,4,3,3
,2016_28989,39.7114965,-104.946282,5/8/2016 1:30,1:30,5,0,0,CHERRY CREEK NORTH DRIVE & MADISON STREET NORTH,1,3,0,0,2,4,,0,35,0,0,0,0,0,4,1,1
,2016_28990,39.798261,-104.847282,7/22/2016 15:54,15:54,12,0,0,56TH AVENUE EAST & PEORIA STREET NORTH,1,1,0,7,1,1,,0,45,0,0,0,0,0,4,2,16
,2016_28991,39.812877,-104.772213,2/19/2016 13:10,13:10,10,0,0,64TH AVENUE EAST & TOWER ROAD NORTH,1,1,0,0,1,1,,0,35,0,0,0,0,0,4,2,13
,2016_28992,39.837969,-104.6928825,2/5/2016 0:40,0:40,12,0,0,78TH AVENUE & JACKSON GAP ROAD,1,3,0,0,1,1,,0,25,0,0,0,0,0,4,2,3
,2016_28993,39.837969,-104.6928825,2/21/2016 3:35,3:35,15,0,0,78TH AVENUE 25000 BLOCK EAST & JACKSON GAP ROAD,1,3,0,0,1,4,,0,45,0,0,0,0,1,4,2,13
,2016_28994,39.837969,-104.6928825,6/26/2016 21:17,21:17,12,0,0,78TH AVENUE EAST & JACKSON GAP STREET NORTH,1,3,0,7,1,1,,0,35,0,0,0,0,0,4,2,7
,2016_28995,39.711348,-104.9035005,7/19/2016 7:52,7:52,12,0,0,QUEBEC STREET & ALAMEDA AVENUE EAST,1,1,0,0,1,4,,0,35,0,0,0,0,0,4,2,3
,2016_28996,39.711168,-104.99238,7/12/2016 15:21,15:21,15,0,0,ALAMEDA AVENUE WEST & CHEROKEE STREET SOUTH,1,1,0,0,1,1,,0,30,0,0,0,0,0,4,2,3
,2016_28997,39.711105,-104.97807,10/20/2016 17:17,17:17,1,0,0,ALAMEDA AVENUE EAST & CLARKSON STREET SOUTH,1,1,0,7,1,1,,0,30,0,0,0,0,0,4,2,3
,2016_28998,39.758247,-104.987457,3/27/2016 13:11,13:11,12,0,0,BROADWAY NORTH & WALNUT STREET,1,1,0,7,1,1,,0,30,0,0,0,0,0,4,2,3
,2016_28999,39.710151,-104.870754,3/24/2016 12:38,12:38,1,0,0,ALAMEDA AVENUE EAST & GALENA WAY SOUTH,2,1,0,7,1,1,,0,40,0,0,0,0,0,4,3,16
,2016_29000,39.711438,-104.942565,2/26/2016 15:37,15:37,1,0,0,ALAMEDA AVENUE EAST & JACKSON STREET SOUTH,1,1,1,0,1,1,,0,35,0,0,0,0,0,4,2,13
,2016_29001,39.71115,-104.982795,6/7/2016 15:55,15:55,3,0,0,ALAMEDA AVENUE EAST & LOGAN STREET SOUTH,1,1,0,7,1,1,,0,30,0,0,0,0,0,4,2,3
,2016_29002,39.77171824,-104.90281,11/20/2016 5:10,5:10,6,0,0,QUEBEC STREET NORTH & 2600 BLOCK NORTH,1,3,0,0,1,4,,0,,0,0,0,0,0,4,2,13
,2016_29003,39.711393,-104.907366,8/11/2016 6:54,6:54,15,0,0,ALAMEDA AVENUE 6900 BLOCK EAST & ONEIDA STREET SOUTH,1,1,0,7,1,4,,0,30,0,0,0,0,0,4,2,16
,2016_29004,39.711114,-104.9628735,2/2/2016 6:12,6:12,5,0,0,ALAMEDA AVENUE EAST & VINE STREET SOUTH,5,3,1,2,2,4,,0,35,0,0,0,0,0,4,1,13
,2016_29005,39.711114,-104.9663205,5/5/2016 15:38,15:38,12,0,0,ALAMEDA AVENUE EAST & WILLIAMS STREET SOUTH,1,1,0,7,1,1,,0,30,0,0,0,0,0,4,3,3
,2016_29006,39.777165,-104.833413,2/25/2016 13:23,13:23,12,0,0,ALBROOK DRIVE EAST & CARSON STREET NORTH,1,1,0,7,1,1,,0,25,0,0,0,0,0,4,2,14
,2016_29007,39.744468,-105.0000435,3/11/2016 12:26,12:26,3,0,0,ARAPAHOE STREET & SPEER BOULEVARD NORTH,1,1,1,0,1,1,,0,30,0,0,0,0,0,4,2,13
,2016_29008,39.74001,-104.99202,3/12/2016 18:28,18:28,14,0,0,ARGYLE PLACE & 2400 BLOCK WEST,1,2,0,0,1,4,,0,25,0,0,0,0,0,4,3,14
,2016_29009,39.694743,-104.935113,5/26/2016 15:35,15:35,6,0,0,ARIZONA AVENUE & CLERMONT STREET SOUTH,2,1,0,1,1,4,,0,25,0,0,0,0,0,4,2,14
,2016_29010,39.691278,-105.007752,11/9/2016 16:30,16:30,6,0,0,ARKANSAS AVENUE WEST & QUIETO COURT SOUTH,1,5,0,0,1,4,,0,,0,0,0,0,0,4,2,13
,2016_29011,39.680271,-104.9652315,4/18/2016 18:15,18:15,3,0,0,ASBURY AVENUE EAST & HIGH STREET SOUTH,1,1,0,0,1,1,,0,25,0,0,0,0,0,4,2,13
,2016_29012,39.709026,-104.875443,11/3/2016 9:26,9:26,15,0,0,AYTON STREET 300 BLOCK SOUTH & ALAMEDA AVENUE EAST,1,1,0,0,1,3,,0,30,0,0,0,0,0,4,2,1
,2016_29013,39.791007,-104.989104,7/26/2016 14:50,14:50,6,0,0,BANNOCK STREET NORTH & BANNOCK STREET 900 BLOCK NORTH,1,1,1,0,1,4,,0,30,0,0,0,0,0,4,2,8