id,drcog_id,latitude,longitude,crashtime,time,crashtype,numbkilled,numbinjurd,drcoglocat,rdconditin,lightngcon,roadcntgrd,weatherco,location,roaddescrp,schoolzone,constrzone,splimit,bikeinv,pedinv,sctrinv,motoinv,svrty,rdsystem,ttlvehcls,hcf
,2016_29014,39.7368937,-104.9901764,6/22/2016 15:27,15:27,6,0,0,BANNOCK STREET 1300 BLOCK NORTH & 13TH AVENUE EAST,1,1,0,0,1,4,,0,25,0,0,0,0,0,4,2,7
,2016_29015,39.714786,-104.9963265,12/14/2016 9:15,9:15,5,0,0,BAYAUD AVENUE 700 BLOCK WEST & GALAPAGO STREET SOUTH,1,1,0,7,1,4,,0,25,0,0,0,0,0,4,1,1
,2016_29016,39.74891992,-105.0011609,3/18/2016 5:45,5:45,5,0,0,BLAKE STREET 1400 BLOCK & 15TH STREET,4,3,0,0,3,4,,0,35,0,0,0,0,0,4,1,14
,2016_29017,39.749616,-105.0003405,7/12/2016 15:45,15:45,6,0,0,BLAKE STREET & 15TH STREET,1,1,0,0,1,3,,0,25,0,0,0,0,0,4,2,13
,2016_29018,39.752397,-104.996745,1/28/2016 21:15,21:15,6,0,0,BLAKE STREET & 18TH STREET,1,3,0,0,1,4,,0,30,0,0,0,0,0,4,2,13
,2016_29019,39.751344,-104.997501,2/11/2016 13:35,13:35,15,0,0,BLAKE STREET 1700 BLOCK & 18TH STREET,1,1,0,7,1,4,,0,30,0,0,0,0,0,4,2,16
,2016_29020,39.720924,-104.9875065,4/13/2016 20:13,20:13,12,0,0,BROADWAY & THIRD AVENUE EAST,1,3,0,7,1,4,,0,30,0,0,0,0,0,4,2,3
,2016_29021,39.74616,-104.987385,1/5/2016 9:35,9:35,10,0,0,BROADWAY STREET NORTH & 19TH AVENUE EAST,1,1,0,0,1,1,,0,30,0,0,0,0,1,4,2,13
,2016_29022,39.716559,-104.9875155,7/1/2016 19:25,19:25,15,0,0,BROADWAY & ELLSWORTH AVENUE WEST,1,1,0,0,1,3,,0,30,0,0,0,0,0,4,2,13
,2016_29023,39.711555,-104.947092,10/31/2016 2:43,2:43,5,0,0,CHERRY CREEK NORTH DRIVE 3300 BLOCK EAST & ALAMEDA AVENUE EAST,1,3,1,0,3,4,,0,30,0,0,0,0,1,4,1,3
,2016_29024,39.687543,-104.9875245,6/11/2016 18:29,18:29,12,0,0,BROADWAY SOUTH & IOWA AVENUE EAST,1,1,0,7,1,1,,0,35,0,0,0,0,0,4,3,3
,2016_29025,39.713859,-104.987565,1/22/2016 20:00,20:00,15,0,0,BROADWAY SOUTH & MAPLE AVENUE WEST,1,3,0,0,1,1,,0,30,0,0,0,0,0,4,2,13
,2016_29026,39.68577,-104.9875425,11/19/2016 7:50,7:50,15,0,0,BROADWAY & MEXICO AVENUE EAST,1,1,0,0,1,4,,0,30,0,0,0,0,0,4,2,13
,2016_29028,39.751704,-104.9837445,10/29/2016 23:33,23:33,1,0,0,CALIFORNIA STREET & PARK AVENUE WEST,1,3,0,7,1,1,,0,30,0,0,0,0,0,4,2,16
,2016_29029,39.618252,-105.094071,1/15/2016 20:15,20:15,5,0,1,CRESTLINE AVENUE WEST & DOVER STREET SOUTH,1,3,0,0,3,1,,0,,0,0,0,0,2,4,1,5
,2016_29030,39.705696,-104.982804,11/19/2016 13:37,13:37,3,0,0,CENTER AVENUE 300 BLOCK EAST & LOGAN STREET SOUTH,1,1,0,0,1,3,,0,25,0,0,0,0,0,4,2,13
,2016_29031,39.774105,-104.882778,2/19/2016 16:39,16:39,12,0,0,CENTRAL PARK BOULEVARD 3800 BLOCK NORTH & 40TH AVENUE EAST,1,1,1,7,1,4,,0,35,0,0,0,0,1,4,4,8
,2016_29032,39.75686706,-105.011747,1/10/2016 2:41,2:41,6,0,0,CENTRAL STREET 1400 BLOCK & 15TH STREET,1,3,0,7,1,4,,0,25,0,0,0,0,0,4,2,5
,2016_29033,39.773178,-104.809932,4/24/2016 21:08,21:08,12,0,1,CHAMBERS ROAD NORTH & 40TH AVENUE EAST,1,3,1,7,1,1,,0,40,0,0,0,0,2,4,2,5
,2016_29034,39.775032,-104.809923,1/14/2016 7:20,7:20,15,0,0,CHAMBERS ROAD NORTH & ANDREWS DRIVE EAST,1,1,0,0,1,1,,0,40,0,0,0,0,0,4,2,13
,2016_29035,39.775032,-104.809923,12/8/2016 7:25,7:25,12,0,0,CHAMBERS ROAD NORTH & ANDREWS DRIVE EAST,5,1,0,7,1,3,,0,40,0,0,0,0,0,4,2,1
,2016_29036,39.745755,-104.994423,9/15/2016 16:00,16:00,6,0,0,CHAMPA STREET 1500 BLOCK & 15TH STREET,1,1,0,0,1,4,,0,30,0,0,0,0,1,4,2,13
,2016_29037,39.751182,-104.9878935,4/26/2016 7:20,7:20,3,0,0,CHAMPA STREET & 21ST STREET,1,1,0,7,1,1,,0,30,0,0,0,0,0,4,2,16
,2016_29038,39.718314,-104.9780565,7/12/2016 2:17,2:17,6,0,0,CLARKSON STREET NORTH & FIRST AVENUE EAST,1,3,0,0,1,3,,0,25,0,0,0,0,0,4,2,13
,2016_29039,39.680532,-105.020343,4/10/2016 3:00,3:00,6,0,0,CLAY STREET SOUTH & ASBURY AVENUE WEST,1,4,0,0,1,4,,0,25,0,0,0,0,0,4,3,13
,2016_29040,39.79067593,-104.9570017,10/5/2016 21:00,21:00,6,0,0,COLUMBINE STREET & 1100 BLOCK NORTH,1,3,0,0,1,4,,0,25,0,0,0,1,0,4,3,13
,2016_29041,39.678516,-104.974605,2/3/2016 11:42,11:42,3,0,0,CORONA STREET SOUTH & EVANS AVENUE EAST,2,1,0,0,1,1,,0,25,0,0,0,0,0,4,2,14
,2016_29042,39.74064178,-104.9910406,7/1/2016 15:54,15:54,6,0,0,COURT PLACE 1400 BLOCK & 14TH STREET,1,1,0,0,1,4,,0,30,0,0,0,0,0,4,2,13
,2016_29043,39.779289,-104.839803,1/9/2016 1:45,1:45,6,0,0,CROWN BOULEVARD 4290 NORTH & ALBROOK DRIVE EAST,4,3,0,7,1,4,,0,25,0,0,0,0,0,4,2,14
,2016_29044,39.779757,-104.9317335,3/4/2016 8:40,8:40,1,0,0,DAHLIA STREET NORTH & STAPLETON DRIVE SOUTH,1,1,0,7,1,1,,0,30,0,0,0,0,0,4,2,7
,2016_29045,39.779757,-104.9317335,4/3/2016 17:27,17:27,3,0,0,DAHLIA STREET & STAPLETON DRIVE SOUTH,1,1,0,7,1,1,,0,30,0,0,0,0,0,4,2,3
,2016_29046,39.763485,-104.977242,9/5/2016 22:57,22:57,6,0,0,32ND STREET & LAWRENCE STREET,1,4,0,0,3,4,,0,,0,0,0,0,0,4,4,13
,2016_29047,39.709269,-104.973372,3/25/2016 16:51,16:51,3,0,0,DAKOTA AVENUE EAST & DOWNING STREET SOUTH,1,1,0,7,1,1,,0,25,0,0,0,0,0,4,2,16
,2016_29048,39.66040628,-104.9660054,7/30/2016 3:00,3:00,6,0,0,DARTMOUTH AVENUE & 2700 BLOCK WEST,1,3,1,0,1,4,,0,30,0,0,0,0,0,4,3,5
,2016_29049,39.660345,-104.9565825,1/31/2016 19:55,19:55,12,0,0,DARTMOUTH AVENUE 2600 BLOCK EAST & CLAYTON STREET SOUTH,5,3,0,7,1,3,,0,25,0,0,0,0,0,4,2,16
,2016_29050,39.75152305,-105.0047071,7/24/2016 3:09,3:09,6,0,0,DELGANY STREET 1400 BLOCK & 15TH STREET,1,3,0,0,1,4,,0,,0,0,0,0,0,4,2,13
,2016_29051,39.784437,-104.8204125,7/23/2016 20:15,20:15,6,0,0,DILLON STREET NORTH & DEEPHAVEN COURT NORTH,1,2,0,0,1,1,,0,25,0,0,0,0,1,4,2,5
,2016_29052,39.83346903,-104.692932,1/8/2016 8:20,8:20,5,0,0,PENA BOULEVARD 7600 BLOCK & JACKSON GAP STREET NORTH,10,1,1,2,2,4,,0,45,0,0,0,0,0,4,1,7
,2016_29053,39.76283001,-104.9733612,6/6/2016 23:42,23:42,6,0,0,DOWNING STREET & 2135 NORTH,1,3,0,0,1,4,,0,30,0,0,0,0,1,4,3,5
,2016_29054,39.711105,-104.97339,7/29/2016 10:20,10:20,12,0,0,DOWNING STREET 200 BLOCK SOUTH & ALAMEDA AVENUE EAST,1,1,1,7,1,2,,0,30,0,0,0,0,0,4,2,3
,2016_29055,39.759489,-104.9733765,11/10/2016 17:28,17:28,12,0,0,DOWNING STREET NORTH & CALIFORNIA STREET,1,2,0,7,1,1,,0,30,0,0,0,0,0,4,2,3
,2016_29056,39.678507,-104.973444,3/16/2016 12:50,12:50,15,0,0,DOWNING STREET 2100 BLOCK SOUTH & EVANS AVENUE EAST,1,1,1,0,1,4,,0,30,0,0,0,0,0,4,2,3
,2016_29057,39.676689,-104.973462,4/12/2016 18:09,18:09,3,0,0,DOWNING STREET SOUTH & WARREN AVENUE EAST,1,1,0,7,1,1,,0,25,0,0,0,0,0,4,2,3
,2016_29058,39.633417,-104.893272,2/11/2016 17:55,17:55,12,0,0,DTC BOULEVARD 4500 BLOCK SOUTH & TUFTS AVENUE EAST,1,3,0,7,1,4,,0,35,0,0,0,0,1,4,2,16
,2016_29059,39.631356,-104.8923,4/22/2016 11:53,11:53,3,0,0,DTC BOULEVARD & UNION AVENUE EAST,1,1,1,7,1,1,,0,30,0,0,0,0,1,4,2,4
,2016_29060,39.709305,-105.023844,6/5/2016 2:30,2:30,6,0,0,ELIOT STREET & DAKOTA AVENUE WEST,1,4,0,0,1,4,,0,25,0,0,0,0,0,4,3,14
,2016_29061,39.71655,-105.0263235,1/12/2016 12:40,12:40,3,0,0,ELLSWORTH AVENUE WEST & GROVE STREET NORTH,1,1,1,0,1,1,,0,25,0,0,0,0,0,4,2,13
,2016_29062,39.774816,-104.759451,7/16/2016 2:10,2:10,6,0,0,ENSENADA STREET NORTH & 42ND AVENUE,1,3,0,0,1,4,,0,25,0,0,0,0,0,4,2,3
,2016_29063,39.678426,-104.9395905,4/14/2016 17:56,17:56,1,0,0,EVANS AVENUE EAST & ALBION STREET SOUTH,1,1,0,0,1,1,,0,35,0,0,0,0,0,4,2,3
,2016_29064,39.838059,-104.7154635,12/17/2016 9:05,9:05,5,0,1,GUN CLUB ROAD & 78TH AVENUE EAST,4,1,0,2,2,1,,0,45,0,0,0,0,2,4,1,14
,2016_29065,39.678426,-104.9363145,7/11/2016 17:47,17:47,12,0,0,EVANS AVENUE 4400 BLOCK EAST & BIRCH STREET SOUTH,1,1,0,7,1,3,,0,35,0,0,0,0,0,4,4,16
,2016_29066,39.678435,-104.9407425,8/19/2016 7:38,7:38,12,0,0,EVANS AVENUE EAST & COLORADO BOULEVARD SOUTH,1,1,0,0,1,3,,0,30,0,0,0,0,1,4,3,3
,2016_29067,39.678444,-104.931612,7/10/2016 12:56,12:56,12,0,0,EVANS AVENUE EAST & DAHLIA STREET SOUTH,1,1,0,7,1,1,,0,35,0,0,0,0,0,4,2,3
,2016_29068,39.678435,-104.9251905,3/15/2016 18:02,18:02,12,0,0,EVANS AVENUE EAST & GRAPE STREET SOUTH,1,1,0,7,1,1,,0,35,0,0,0,0,1,4,2,3
,2016_29069,39.678435,-104.912892,11/1/2016 15:10,15:10,1,0,0,EVANS AVENUE 6300 BLOCK EAST & MONACO STREET SOUTH,1,1,0,0,1,2,,0,35,0,0,0,0,1,4,2,13
,2016_29070,39.678363,-104.959404,11/15/2016 11:38,11:38,12,0,0,EVANS AVENUE 2300 BLOCK EAST & UNIVERSITY BOULEVARD SOUTH,1,1,0,7,1,3,,0,60,0,0,0,0,0,4,2,16
,2016_29071,39.689388,-104.987511,9/24/2016 9:52,9:52,3,0,0,FLORIDA AVENUE & FLORIDA AVENUE 4100 BLOCK EAST,1,1,0,0,1,5,,0,,0,0,0,0,0,4,2,13
,2016_29072,39.689343,-104.9223105,12/15/2016 21:40,21:40,3,0,0,FLORIDA AVENUE EAST & HOLLY STREET SOUTH,1,3,0,0,1,1,,0,25,0,0,0,0,0,4,2,1
,2016_29073,39.740013,-104.9953005,7/6/2016 13:40,13:40,6,0,1,FOX STREET NORTH & COLFAX AVENUE WEST,1,1,0,0,1,4,,0,30,0,0,0,0,2,4,2,1
,2016_29074,39.738375,-104.961015,1/31/2016 7:20,7:20,3,0,0,GAYLORD STREET NORTH & 14TH AVENUE EAST,2,1,0,0,1,1,,0,30,0,0,0,0,1,4,2,13
,2016_29075,39.703869,-104.9617215,5/25/2016 19:19,19:19,3,0,0,GAYLORD STREET SOUTH & EXPOSITION AVENUE EAST,1,1,0,7,1,1,,0,25,0,0,0,0,1,4,2,14
,2016_29076,39.680334,-104.984064,6/8/2016 7:30,7:30,6,0,0,GRANT STREET 2000 BLOCK SOUTH & ASBURY AVENUE,1,1,0,0,1,4,,0,25,0,0,0,0,0,4,2,13
,2016_29077,39.746367,-105.026814,11/2/2016 11:08,11:08,12,0,0,GROVE STREET NORTH & 19TH AVENUE WEST,1,1,1,0,1,1,,0,25,0,0,0,0,0,4,2,13
,2016_29078,39.783609,-104.772222,4/15/2016 11:05,11:05,15,0,0,GREEN VALLEY RANCH BOULEVARD 18400 BLOCK EAST & TOWER ROAD,1,1,0,7,1,4,,0,40,0,0,0,0,0,4,2,16
,2016_29079,39.79331362,-104.941695,4/4/2016 11:40,11:40,5,0,0,HARRISON STREET & 800 BLOCK NORTH,1,1,0,0,2,1,,0,30,0,0,0,0,0,4,1,13
,2016_29080,39.685671,-104.941818,5/6/2016 15:59,15:59,3,0,0,HARRISON STREET SOUTH & MEXICO AVENUE EAST,1,1,0,7,1,1,,0,25,0,0,0,0,0,4,2,3
,2016_29081,39.696759,-105.0274935,2/26/2016 20:06,20:06,6,0,0,HAZEL COURT SOUTH & MISSISSIPPI AVENUE WEST,1,4,0,0,1,4,,0,30,0,0,0,0,0,4,2,3
,2016_29082,39.680271,-104.9652315,5/16/2016 22:25,22:25,12,0,1,HIGH STREET SOUTH & ASBURY AVENUE EAST,2,3,0,1,1,1,,0,25,0,0,0,0,2,4,2,5
,2016_29083,39.678489,-104.9652315,10/29/2016 0:04,0:04,5,0,0,HIGH STREET 2000 BLOCK SOUTH & EVANS AVENUE EAST,1,3,0,7,3,3,,0,60,0,0,0,0,0,4,1,12
,2016_29084,39.67097438,-105.0192248,10/15/2016 15:45,15:45,6,0,0,HILLSIDE AVENUE & 2700 BLOCK WEST,1,1,0,0,1,4,,0,25,0,0,0,0,0,4,2,7
,2016_29085,39.711204,-104.9222835,7/14/2016 8:35,8:35,15,0,0,HOLLY STREET SOUTH & ALAMEDA AVENUE EAST,1,1,0,0,1,1,,0,25,0,0,0,0,0,4,2,13
,2016_29086,39.711204,-104.9222835,12/15/2016 15:06,15:06,14,0,0,HOLLY STREET 200 BLOCK SOUTH & ALAMEDA AVENUE EAST,1,1,0,7,1,4,,0,25,0,0,0,0,0,4,2,16
,2016_29087,39.678435,-104.922234,4/7/2016 7:26,7:26,12,0,0,HOLLY STREET SOUTH & EVANS AVENUE EAST,1,1,0,7,1,4,,0,35,0,0,0,0,0,4,2,7
,2016_29088,39.689343,-104.9223105,2/4/2016 17:25,17:25,1,0,0,HOLLY STREET SOUTH & FLORIDA AVENUE EAST,9,4,0,0,1,1,,0,30,0,0,0,0,0,4,2,13
,2016_29089,39.78039413,-104.969741,10/24/2016 2:10,2:10,6,0,0,HUMBOLDT STREET & 1400 NORTH,1,3,0,0,1,4,,0,25,0,0,0,0,0,4,2,13
,2016_29090,39.682125,-104.9698935,10/25/2016 19:55,19:55,6,0,0,HUMBOLDT STREET SOUTH & JEWELL AVENUE EAST,1,3,0,0,1,4,,0,25,0,0,0,0,0,4,2,5
,2016_29091,39.711168,-105.029982,5/27/2016 16:19,16:19,12,0,0,IRVING STREET SOUTH & ALAMEDA AVENUE WEST,1,1,0,7,1,3,,0,35,0,0,0,0,1,4,2,7
,2016_29092,39.678174,-105.029802,8/24/2016 11:25,11:25,3,0,0,IRVING STREET SOUTH & EVANS AVENUE WEST,2,1,0,1,1,1,,0,25,0,0,0,0,0,4,2,16
,2016_29093,39.837969,-104.6928825,3/16/2016 16:08,16:08,3,0,0,JACKSON GAP STREET & 78TH AVENUE EAST,1,1,0,0,1,2,,0,35,0,0,0,0,0,4,2,1
,2016_29094,39.711438,-104.942565,10/25/2016 17:09,17:09,3,0,0,JACKSON STREET SOUTH & ALAMEDA AVENUE EAST,1,1,0,7,1,1,,0,25,0,0,0,0,1,4,2,16
,2016_29095,39.714642,-104.942556,11/30/2016 14:45,14:45,6,0,0,JACKSON STREET & BAYAUD AVENUE,1,1,0,0,1,4,,0,25,0,0,0,0,0,4,2,3
,2016_29096,39.83346903,-104.692932,6/11/2016 8:00,8:00,12,0,1,JACKSON GAP STREET 7600 BLOCK NORTH & PENA BOULEVARD,1,1,0,7,1,4,,0,30,0,0,0,0,2,4,2,14
,2016_29097,39.709287,-104.9199345,5/15/2016 7:31,7:31,6,0,1,JERSEY STREET 400 BLOCK SOUTH & DAKOTA AVENUE EAST,1,1,1,0,1,4,,0,30,0,0,0,0,2,4,3,5
,2016_29098,39.68226,-105.008913,4/11/2016 16:33,16:33,12,0,0,JEWELL AVENUE WEST & RARITAN STREET SOUTH,1,1,1,7,1,1,,0,25,0,0,0,0,0,4,2,14
,2016_29099,39.733416,-104.9586435,12/12/2016 8:19,8:19,6,0,0,JOSEPHINE STREET NORTH & 11TH AVENUE EAST,1,1,1,0,1,4,,0,30,0,0,0,0,0,4,2,13
,2016_29100,39.738357,-104.958702,1/16/2016 9:33,9:33,3,0,0,JOSEPHINE STREET NORTH & 14TH AVENUE EAST,1,1,0,0,1,1,,0,35,0,0,0,0,0,4,2,7
,2016_29101,39.729285,-105.032511,4/29/2016 7:43,7:43,3,0,0,KNOX COURT 700 BLOCK & EIGHTH AVENUE WEST,2,1,0,1,1,2,,0,30,0,0,0,0,0,4,2,14
,2016_29102,39.73117005,-105.0320673,2/8/2016 19:18,19:18,6,0,0,KNOX COURT 900 BLOCK NORTH & 10TH AVENUE WEST,1,3,0,0,1,1,,0,25,0,0,0,0,0,4,2,13
,2016_29103,39.734757,-105.032151,3/6/2016 20:23,20:23,5,0,0,KNOX COURT NORTH & 12TH AVENUE WEST,1,3,1,0,2,4,,0,25,0,0,0,0,0,4,1,13
,2016_29104,39.708558,-105.0324435,11/19/2016 15:24,15:24,3,0,0,KNOX COURT SOUTH & ALASKA PLACE WEST,1,1,0,7,1,1,,0,30,0,0,0,0,0,4,2,1
,2016_29105,39.689442,-105.032502,9/15/2016 2:01,2:01,3,0,0,KNOX COURT SOUTH & FLORIDA AVENUE WEST,1,3,0,0,1,1,,0,20,0,0,0,0,0,4,2,13
,2016_29106,39.75415684,-104.9892402,11/19/2016 1:11,1:11,15,0,0,LAWRENCE STREET 2200 BLOCK & 22ND STREET,1,3,1,7,1,4,,0,30,0,0,0,0,0,4,2,16
,2016_29107,39.725649,-104.986314,1/12/2016 21:05,21:05,10,0,0,LINCOLN STREET NORTH & SIXTH AVENUE EAST,1,3,0,0,1,1,,0,30,0,0,0,0,0,4,2,13
,2016_29108,39.729087,-104.986152,1/11/2016 17:50,17:50,12,0,0,LINCOLN STREET 800 BLOCK NORTH & EIGHTH AVENUE EAST,1,3,0,0,1,4,,0,25,0,0,0,0,1,4,3,13
,2016_29109,39.711141,-104.9863905,3/19/2016 23:00,23:00,12,0,0,LINCOLN STREET 300 BLOCK SOUTH & ALAMEDA AVENUE EAST,1,3,0,7,1,3,,0,30,0,0,0,0,0,4,2,1
,2016_29110,39.669462,-104.9863635,11/12/2016 20:12,20:12,12,0,0,LINCOLN STREET SOUTH & VASSAR AVENUE EAST,1,4,0,0,1,4,,0,20,0,0,0,0,0,4,2,13
,2016_29111,39.674502,-104.9161815,6/1/2016 19:00,19:00,1,0,0,LINDEN COURT 2300 SOUTH & 6200 EAST ILIFF AVENUE,1,1,0,0,1,2,,0,25,0,0,0,0,0,4,4,13
,2016_29112,39.696696,-105.001533,10/29/2016 20:46,20:46,12,0,0,LIPAN STREET SOUTH & MISSISSIPPI AVENUE WEST,1,3,0,7,1,1,,0,35,0,0,0,0,0,4,2,5
,2016_29113,39.795246,-104.7442635,4/24/2016 0:48,0:48,5,0,0,LIVERPOOL STREET NORTH & MAXWELL PLACE EAST,1,3,0,0,2,1,,0,,0,0,0,0,0,4,1,14
,2016_29114,39.741678,-104.982354,4/14/2016 14:30,14:30,10,0,0,LOGAN STREET NORTH & 16TH AVENUE EAST,1,1,0,0,1,1,,0,30,0,0,0,0,0,4,2,13
,2016_29115,39.71115,-104.982795,6/16/2016 17:20,17:20,1,0,0,LOGAN STREET SOUTH & ALAMEDA AVENUE EAST,1,1,0,7,1,1,,0,30,0,0,0,0,0,4,2,14
,2016_29116,39.700269,-104.9827815,5/24/2016 16:09,16:09,6,0,0,LOGAN STREET & KENTUCKY AVENUE EAST,1,1,0,0,1,4,,0,30,0,0,0,0,0,4,2,14
,2016_29117,39.76552276,-105.0346227,2/10/2016 8:43,8:43,12,0,0,LOWELL BOULEVARD NORTH & 3600 BLOCK,1,5,0,0,1,4,,0,30,0,0,0,0,0,4,3,14
,2016_29118,39.76552276,-105.0346227,9/23/2016 21:50,21:50,6,0,0,LOWELL BOULEVARD NORTH & 4800 BLOCK,1,4,0,0,1,4,,0,30,0,0,0,0,0,4,3,14
,2016_29119,39.774942,-104.9780205,6/5/2016 0:20,0:20,12,0,0,38TH STREET & ARKINS COURT,1,3,0,7,1,1,,0,30,0,0,0,0,0,4,2,5
,2016_29120,39.779136,-105.0346035,4/29/2016 15:23,15:23,12,0,0,LOWELL BOULEVARD NORTH & SCOTT BOULEVARD WEST,2,1,0,2,1,4,,0,30,0,0,0,0,0,4,3,7
,2016_29121,39.632391,-105.0347745,7/15/2016 22:00,22:00,6,0,0,LOWELL BOULEVARD SOUTH & UNION AVENUE WEST,1,3,2,0,1,4,,0,25,0,0,0,0,0,4,2,13
,2016_29122,39.723705,-104.8837095,6/15/2016 14:24,14:24,15,0,0,LOWRY BOULEVARD & YOSEMITE WAY NORTH,1,1,0,0,1,6,,0,30,0,0,0,0,0,4,2,7
,2016_29123,39.72393,-104.8839413,11/10/2016 16:39,16:39,15,0,0,LOWRY BOULEVARD & YOSEMITE STREET,1,2,0,0,1,6,,0,30,0,0,0,0,1,4,2,13
,2016_29124,39.723705,-104.8837095,12/16/2016 10:30,10:30,15,0,0,LOWRY BOULEVARD & YOSEMITE WAY NORTH,1,1,0,0,1,6,,0,35,0,0,0,0,0,4,2,13
,2016_29125,39.733839,-104.971491,2/26/2016 21:39,21:39,6,0,0,MARION STREET 1100 BLOCK NORTH & 12TH AVENUE EAST,1,4,1,0,1,4,,0,30,0,0,0,0,0,4,2,13
,2016_29126,39.752676,-104.9946705,7/26/2016 18:45,18:45,15,0,0,MARKET STREET & 19TH STREET,1,1,1,0,1,4,,0,30,0,0,0,0,0,4,2,13
,2016_29127,39.759876,-104.890752,9/16/2016 6:55,6:55,15,0,0,MLK BOULEVARD EAST & CENTRAL PARK BVD NORTH,1,1,0,0,1,1,,0,35,0,0,0,0,0,4,2,13
,2016_29128,39.735774,-104.911983,2/12/2016 16:39,16:39,12,0,0,MONACO STREET 1200 BLOCK NORTH & 12TH AVENUE EAST,1,1,0,7,1,4,,0,35,0,0,0,0,0,4,2,14
,2016_29129,39.691422,-104.912901,7/21/2016 12:17,12:17,15,0,0,MONACO STREET 1300 BLOCK SOUTH & CHERRY CREEK NORTH DRIVE EAST,1,1,0,0,1,3,,0,35,0,0,0,0,0,4,2,13
,2016_29130,39.682053,-104.912982,6/27/2016 16:28,16:28,1,0,1,MONACO STREET SOUTH & JEWELL AVENUE EAST,1,1,0,7,1,1,,0,30,0,0,0,0,2,4,4,14
,2016_29131,39.678453,-104.945193,12/7/2016 8:47,8:47,15,0,0,MONROE STREET SOUTH & EVANS AVENUE EAST,4,1,0,2,1,4,,0,25,0,0,0,0,0,4,2,1
,2016_29132,39.747456,-104.884695,5/22/2016 1:20,1:20,3,0,0,MONTVIEW BOULEVARD EAST & CENTRAL PARK BOULEVARD NORTH,1,3,0,7,1,1,,0,35,0,0,0,0,1,4,2,1
,2016_29133,39.782007,-105.0064515,10/21/2016 18:00,18:00,15,0,0,PECOS STREET NORTH & 47TH AVENUE WEST,1,1,0,0,1,1,,0,35,0,0,0,0,0,4,2,13
,2016_29134,39.747438,-104.90346,12/20/2016 14:18,14:18,12,0,0,MONTVIEW BOULEVARD EAST & QUEBEC STREET NORTH,2,1,0,7,1,4,,0,30,0,0,0,0,0,4,3,14
,2016_29135,39.747429,-104.898771,10/1/2016 12:37,12:37,12,0,0,MONTVIEW BOULEVARD & SYRACUSE STREET,1,1,0,0,1,1,,0,35,0,0,0,0,0,4,2,13
,2016_29136,39.6432,-104.885154,12/28/2016 11:15,11:15,3,0,0,NASSAU AVENUE NORTH & YOSEMITE STREET SOUTH,1,1,0,0,1,1,,0,35,0,0,0,0,0,4,2,12
,2016_29137,39.764412,-105.004134,4/21/2016 20:15,20:15,3,0,0,NAVAJO STREET NORTH & 34TH AVENUE WEST,1,3,0,0,1,1,,0,25,0,0,0,0,1,4,2,13
,2016_29138,39.78215551,-105.036944,6/22/2016 9:52,9:52,3,0,0,NEWTON STREET & 400 BLOCK SOUTH,1,1,0,0,1,2,,0,25,0,0,0,0,0,4,2,4
,2016_29139,39.785652,-104.893254,1/18/2016 12:00,12:00,12,0,0,NORTHFIELD BOULEVARD EAST & UINITA STREET NORTH,1,1,0,0,1,1,,0,35,0,0,0,0,0,4,2,13
,2016_29140,39.78550762,-104.8975369,4/26/2016 12:17,12:17,1,0,0,NORTHFIELD BOULEVARD & UTICA STREET NORTH,1,1,0,7,1,1,,0,30,0,0,0,0,0,4,2,16
,2016_29141,39.800799,-104.7674925,2/11/2016 15:27,15:27,3,0,0,57TH PLACE EAST & BISCAY STREET NORTH,1,1,0,0,1,1,,0,30,0,0,0,0,0,4,2,14
,2016_29142,39.757086,-104.990715,7/14/2016 9:00,9:00,15,0,0,PARK AVENUE WEST & BLAKE STREET,1,1,0,0,1,1,,0,35,0,0,0,0,0,4,2,8
,2016_29143,39.765726,-104.9948415,10/19/2016 19:21,19:21,1,0,0,PARK AVENUE WEST & BROADWAY STREET NORTH,1,3,0,7,1,1,,0,35,0,0,0,0,1,4,2,16
,2016_29144,39.749688,-104.9811255,5/16/2016 17:31,17:31,12,0,0,PARK AVENUE WEST & TREMONT PLACE,2,2,0,1,1,3,,0,30,0,0,0,0,0,4,2,16
,2016_29145,39.759282,-104.993892,11/18/2016 9:00,9:00,12,0,0,PARK AVENUE WEST & WEWATTA STREET,5,1,0,7,1,3,,0,35,0,0,0,0,0,4,3,16
,2016_29146,39.7859126,-104.9800304,10/12/2016 14:15,14:15,6,0,0,PEARL STREET & 100 BLOCK NORTH,1,1,0,0,1,4,,0,25,0,0,0,0,0,4,2,5
,2016_29147,39.693078,-105.006195,7/25/2016 16:40,16:40,5,0,3,PECOS STREET SOUTH & LOUISIANA AVENUE WEST,1,1,0,7,2,4,,0,25,0,0,0,0,2,4,1,7
,2016_29148,39.844602,-104.6809395,1/2/2016 19:48,19:48,15,0,0,PENA BOULEVARD & 8400 BLOCK,1,3,0,0,1,4,,0,10,0,0,0,0,0,4,2,1
,2016_29149,39.844602,-104.6809395,1/13/2016 16:28,16:28,9,0,0,PENA BOULEVARD & 18600 BLOCK EAST,1,2,0,0,1,4,,0,65,0,0,0,0,0,4,3,8
,2016_29150,39.798396,-104.786415,5/2/2016 15:59,15:59,12,0,0,PENA BOULEVARD & 56TH AVENUE EAST,1,1,0,7,1,1,,0,40,0,0,0,0,1,4,2,16
,2016_29151,39.83346903,-104.692932,5/18/2016 7:40,7:40,5,0,0,PENA BOULEVARD & JACKSON GAP STREET,2,2,1,0,1,2,,0,55,0,0,0,0,0,4,3,13