id,drcog_id,latitude,longitude,crashtime,time,crashtype,numbkilled,numbinjurd,drcoglocat,rdconditin,lightngcon,roadcntgrd,weatherco,location,roaddescrp,schoolzone,constrzone,splimit,bikeinv,pedinv,sctrinv,motoinv,svrty,rdsystem,ttlvehcls,hcf
,2016_29152,39.78191736,-104.981211,12/10/2016 13:16,13:16,6,0,0,PENNSYLVANIA STREET & 252 NORTH,1,3,0,0,5,1,,0,5,0,0,0,0,0,3,2,14
,2016_29153,39.78191736,-104.981211,8/3/2016 17:16,17:16,6,0,0,PENNSYLVANIA STREET & 700 BLOCK NORTH,1,1,1,0,1,4,,0,25,0,0,0,0,0,4,2,13
,2016_29154,39.71934,-104.981454,8/1/2016 7:00,7:00,6,0,0,PENNSYLVANIA AVENUE NORTH & SECOND AVENUE EAST,1,1,0,0,1,4,,0,25,0,0,0,0,0,4,2,1
,2016_29155,39.778434,-104.981121,4/11/2016 6:34,6:34,6,0,0,PENNSYLVANIA 4500 BLOCK & 46TH AVENUE EAST,1,1,0,0,1,3,,0,30,0,0,0,0,0,4,2,14
,2016_29156,39.77614197,-104.8469535,2/29/2016 8:10,8:10,12,0,0,PEORIA STREET & 3800 BLOCK NORTH,1,1,0,0,1,3,,0,35,0,0,0,0,0,4,2,1
,2016_29157,39.774204,-104.84712,3/7/2016 16:45,16:45,12,0,0,PEORIA STREET NORTH & I 70 HIGHWAY EASTBOUND,1,1,0,7,1,4,,0,35,0,0,0,0,0,4,3,16
,2016_29158,39.77213081,-104.8469707,12/13/2016 16:40,16:40,12,0,0,PEORIA STREET 4000 BLOCK NORTH & I70 EASTBOUND ON RAMP,1,3,0,7,1,4,,0,35,0,0,0,0,0,4,2,7
,2016_29159,39.64077,-104.907312,7/7/2016 22:10,22:10,10,0,0,PRINCETON AVENUE EAST & OLIVE STREET SOUTH,1,3,0,0,1,1,,0,35,0,0,0,0,0,4,2,13
,2016_29160,39.735621,-104.9034645,1/20/2016 15:56,15:56,3,0,0,QUEBEC STREET NORTH & 12TH AVENUE EAST,1,1,0,0,1,1,,0,25,0,0,0,0,0,4,2,14
,2016_29161,39.74383292,-104.9034257,1/13/2016 18:34,18:34,12,0,0,QUEBEC STREET 1700 BLOCK NORTH & 17TH AVENUE EAST,1,3,0,0,1,4,,0,35,0,0,0,0,0,4,3,12
,2016_29162,39.74562,-104.9034825,11/11/2016 7:50,7:50,15,0,0,QUEBEC STREET NORTH & 19TH AVENUE EAST,1,1,0,0,1,1,,0,30,0,0,0,0,0,4,2,7
,2016_29163,39.711222,-104.903505,2/11/2016 19:00,19:00,1,0,0,QUEBEC STREET SOUTH & ALAMEDA AVENUE EAST,1,3,0,0,1,1,,0,30,0,0,0,0,0,4,2,7
,2016_29164,39.711222,-104.903505,3/21/2016 12:15,12:15,12,0,0,QUEBEC STREET SOUTH & ALAMEDA AVENUE EAST,1,1,0,0,1,1,,0,30,0,0,0,0,0,4,2,13
,2016_29165,39.71466,-104.949972,10/2/2016 6:21,6:21,5,0,0,STEELE STREET SOUTH & CHERRY CREEK NORTH DRIVE,1,3,0,0,2,4,,0,30,0,0,0,0,0,4,1,2
,2016_29166,39.711222,-104.903505,4/23/2016 12:18,12:18,15,0,0,QUEBEC STREET SOUTH & ALAMEDA AVENUE EAST,1,1,0,0,1,1,,0,30,0,0,0,0,0,4,3,14
,2016_29167,39.74001,-104.99202,6/5/2016 9:10,9:10,10,0,0,QUEBEC STREET NORTH & MLIK BOULEVARD EAST,1,1,0,0,1,1,,0,35,0,0,0,0,0,4,2,8
,2016_29168,39.79395168,-104.903293,12/1/2016 14:53,14:53,3,0,1,QUEBEC STREET 5400 BLOCK NORTH & 54TH PLACE EAST,1,1,0,7,1,2,,0,35,0,0,0,0,2,4,2,16
,2016_29169,39.771774,-104.903442,3/4/2016 19:24,19:24,10,0,0,QUEBEC STREET NORTH & SMITH ROAD EAST,1,3,0,0,1,1,,0,30,0,0,0,0,0,4,2,1
,2016_29170,39.638664,-104.89266,4/13/2016 11:32,11:32,3,0,1,QUINCY AVENUE EAST & TAMARAC STREET SOUTH,1,1,0,0,1,1,,0,35,0,0,0,0,2,4,2,1
,2016_29171,39.77388,-105.0404625,10/29/2016 13:30,13:30,6,0,0,QUITMAN STREET 4242 NORTH & 42ND AVENUE WEST,1,1,0,0,1,4,,0,25,0,0,0,0,0,4,2,5
,2016_29172,39.702195,-105.0423615,11/24/2016 23:24,23:24,14,0,0,RALEIGH STREET SOUTH & OHIO AVENUE WEST,1,3,0,7,1,1,,0,35,0,0,0,0,0,4,2,16
,2016_29173,39.746547,-105.0076035,3/5/2016 22:47,22:47,12,0,0,NINTH STREET & AURARIA PARKWAY,1,3,0,7,1,1,,0,35,0,0,0,0,0,4,2,16
,2016_29174,39.74885078,-104.999416,11/17/2016 22:00,22:00,15,0,0,15TH STREET & 400 BLOCK,10,3,0,2,1,4,,0,30,0,0,0,0,0,4,2,13
,2016_29175,39.750255,-105.001182,9/1/2016 16:27,16:27,15,0,0,15TH STREET 1400 BLOCK & WAZEE STREET,1,1,0,0,1,1,,0,25,0,0,0,0,0,4,2,13
,2016_29176,39.741813,-104.987826,10/25/2016 8:35,8:35,1,0,0,16TH STREET & CLEVELAND PLACE,1,1,0,0,1,1,,0,30,0,0,0,0,0,4,2,13
,2016_29177,39.748797,-104.9944635,4/14/2016 9:20,9:20,3,0,0,17TH STREET & ARAPAHOE STREET,1,1,0,7,1,1,,0,30,0,0,0,0,0,4,2,16
,2016_29178,39.751452,-104.9979645,10/15/2016 18:33,18:33,10,0,0,17TH STREET & BLAKE STREET,1,2,0,0,1,5,,0,25,0,0,0,0,1,4,2,8
,2016_29179,39.748878,-104.987448,2/19/2016 13:05,13:05,3,0,0,20TH STREET & BROADWAY STREET NORTH,1,1,0,7,1,1,,0,30,0,0,0,0,0,4,2,16
,2016_29180,39.750264,-104.9891625,3/5/2016 15:45,15:45,10,0,0,20TH STREET & CHAMPA STREET,1,1,0,0,1,1,,0,25,0,0,0,0,0,4,2,7
,2016_29181,39.75305368,-104.9879372,11/30/2016 7:45,7:45,15,0,0,22ND STREET & 1700 BLOCK,1,1,0,0,1,4,,0,35,0,0,0,0,0,4,2,13
,2016_29182,39.752667,-104.98743,3/22/2016 18:07,18:07,15,0,0,22ND STREET & BROADWAY STREET,1,2,0,0,1,1,,0,25,0,0,0,0,0,4,2,13
,2016_29183,39.75417,-104.9893335,10/29/2016 21:18,21:18,3,0,0,22ND STREET & LAWRENCE STREET,1,3,0,7,1,1,,0,30,0,0,0,0,0,4,2,12
,2016_29184,39.750129,-104.9841,3/18/2016 9:09,9:09,7,0,0,22ND STREET & WELTON STREET,4,1,0,0,1,1,,0,20,0,0,0,0,1,4,2,14
,2016_29185,39.75469102,-104.9827388,7/27/2016 17:19,17:19,15,0,0,25TH STREET & 500 BLOCK,1,1,0,0,1,4,,0,5,0,0,0,0,0,4,2,13
,2016_29186,39.759885,-104.9870835,10/22/2016 20:55,20:55,1,0,0,26TH STREET & BLAKE STREET,1,3,0,7,1,1,,0,30,0,0,0,0,0,4,2,16
,2016_29187,39.764556,-104.981067,12/30/2016 14:25,14:25,6,0,0,31ST STREET & BLAKE STREET,1,1,1,0,1,4,,0,25,0,0,0,0,0,4,2,13
,2016_29188,39.763233,-104.979312,3/29/2016 9:30,9:30,3,0,0,31ST STREET & LARIMER STREET NORTH,1,1,0,0,1,1,,0,25,0,0,0,0,0,4,2,3
,2016_29189,39.727305,-104.9986125,11/10/2016 8:40,8:40,12,0,1,SANTA FE DRIVE & SEVENTH AVENUE WEST,1,1,0,0,1,3,,0,30,0,0,0,0,2,4,2,13
,2016_29190,39.732084,-104.9986845,8/3/2016 17:05,17:05,10,0,0,SANTA FE DRIVE NORTH & 10TH AVENUE WEST,1,1,0,0,1,2,,0,30,0,0,0,0,0,4,2,8
,2016_29191,39.738465,-104.999382,11/14/2016 15:41,15:41,10,0,0,SANTA FE DRIVE NORTH & 14TH AVENUE WEST,1,1,1,0,1,1,,0,30,0,0,0,0,0,4,2,13
,2016_29192,39.8390028,-104.6711537,11/22/2016 15:24,15:24,3,0,0,SHADY GROVE STREET & 7800 BLOCK APPROXIMATELY,2,1,0,0,1,2,,0,10,0,0,0,0,0,4,2,7
,2016_29193,39.639762,-105.05331,10/13/2016 14:59,14:59,1,0,0,SHERIDAN BOULEVARD SOUTH & QUINCY AVENUE WEST,1,1,0,0,1,1,,0,40,0,0,0,0,0,4,2,2
,2016_29194,39.79094944,-104.9851935,6/17/2016 21:47,21:47,15,0,0,SHERMAN STREET & 100 BLOCK SOUTH,1,3,0,0,1,4,,0,10,0,0,0,0,0,4,3,13
,2016_29195,39.73851768,-104.9969761,8/4/2016 21:30,21:30,12,0,0,SPEER BOULEVARD & 800 BLOCK NORTH,1,3,0,0,1,3,,0,35,0,0,0,0,0,4,2,13
,2016_29196,39.73851768,-104.9969761,4/1/2016 22:50,22:50,15,0,0,SPEER BOULEVARD & 1200 BLOCK NORTH,1,3,0,0,1,4,,0,35,0,0,0,0,0,4,2,13
,2016_29197,39.73851768,-104.9969761,12/9/2016 1:38,1:38,5,0,0,SPEER BOULEVARD NORTHBOUND & 1300 BLOCK,1,3,0,2,2,4,,0,,0,0,0,0,0,4,1,5
,2016_29198,39.73851768,-104.9969761,12/10/2016 16:15,16:15,15,0,0,SPEER BOULEVARD & 1400 NORTH,1,1,0,0,1,4,,0,35,0,0,0,0,0,4,2,14
,2016_29199,39.738456,-104.9976405,8/7/2016 11:27,11:27,15,0,0,SPEER BOULEVARD NORTH & 14TH AVENUE WEST,1,1,1,7,1,1,,0,30,0,0,0,0,0,4,2,16
,2016_29200,39.75633,-105.015852,2/13/2016 11:15,11:15,15,0,0,SPEER BOULEVARD NORTH & ZUNI STREET NORTH,1,1,0,0,1,4,,0,30,0,0,0,0,0,4,2,13
,2016_29201,39.779757,-104.9317335,3/9/2016 16:23,16:23,12,0,0,STAPLETON NORTH DRIVE & DAHLIA STREET NORTH,1,1,0,7,1,4,,0,40,0,0,0,0,0,4,2,14
,2016_29202,39.778722,-104.9222925,6/25/2016 16:20,16:20,3,0,1,STAPLETON NORTH DRIVE EAST & HOLLY STREET NORTH,1,1,0,7,1,1,,0,35,0,0,0,0,2,4,2,14
,2016_29203,39.777993,-104.912901,11/3/2016 21:44,21:44,3,0,1,STAPLETON DRIVE SOUTH EAST & MONACO STREET NORTH,1,3,0,7,1,1,,0,35,0,0,0,0,2,4,2,8
,2016_29204,39.75237,-104.984631,4/18/2016 17:08,17:08,12,0,0,STOUT STREET 2200 BLOCK & PARK AVENUE WEST,1,1,0,7,1,4,,0,25,0,0,0,0,0,4,2,16
,2016_29205,39.771198,-104.899644,7/7/2016 7:30,7:30,5,0,0,SYRACUSE STREET NORTH & SMITH ROAD EAST,1,1,0,0,3,4,,0,25,0,0,0,0,0,4,1,4
,2016_29206,39.638664,-104.89266,12/22/2016 12:09,12:09,12,0,0,TAMARAC DRIVE 4200 BLOCK SOUTH & QUINCY AVENUE EAST,1,1,0,7,1,3,,0,30,0,0,0,0,0,4,2,1
,2016_29207,39.698586,-105.0437475,4/27/2016 7:50,7:50,10,0,0,TENNYSON STREET SOUTH & TENNESSEE AVENUE WEST,1,1,0,0,1,1,,0,25,0,0,0,0,0,4,2,13
,2016_29208,39.777993,-104.7720735,11/13/2016 18:30,18:30,12,0,0,TOWER ROAD NORTH & 45TH AVENUE EAST,1,3,0,7,1,1,,0,40,0,0,0,0,0,4,2,3
,2016_29209,39.781782,-104.772267,8/1/2016 19:00,19:00,15,0,0,TOWER BOULEVARD NORTH & 47TH STREET EAST,1,1,0,7,1,4,,0,40,0,0,0,0,0,4,2,16
,2016_29210,39.74193,-104.9906835,7/20/2016 23:05,23:05,12,0,0,TREMONT PLACE 1400 BLOCK & 14TH STREET,1,3,1,7,1,4,,0,30,0,0,0,0,1,4,2,5
,2016_29211,39.7199385,-104.8909343,2/8/2016 18:31,18:31,15,0,0,UINTA WAY NORTH & LOWRY BOULEVARD EAST,1,2,0,0,1,6,,0,40,0,0,0,0,0,4,2,13
,2016_29212,39.680226,-104.959404,11/10/2016 11:17,11:17,3,0,0,UNIVERSITY BOULEVARD & ASBURY AVENUE EAST,1,1,0,0,1,2,,0,30,0,0,0,0,0,4,2,1
,2016_29213,39.680226,-104.959404,12/1/2016 14:09,14:09,12,0,0,UNIVERSITY BOULEVARD 2006 BLOCK SOUTH & ASBURY AVENUE EAST,1,1,0,7,1,1,,0,30,0,0,0,0,0,4,2,12
,2016_29214,39.682755,-104.959332,4/27/2016 8:15,8:15,12,0,0,UNIVERSITY BOULEVARD SOUTH & BUCHTEL BOULEVARD EAST,1,1,1,0,1,1,,0,35,0,0,0,0,0,4,2,1
,2016_29216,39.663036,-104.959431,7/5/2016 11:46,11:46,15,0,0,UNIVERSITY BOULEVARD 3000 BLOCK SOUTH & CORNELL AVENUE EAST,1,1,1,7,1,3,,0,30,0,0,0,0,0,4,2,7
,2016_29217,39.674835,-104.9594175,6/2/2016 15:40,15:40,3,0,0,UNIVERSITY BOULEVARD SOUTH & ILIFF AVENUE EAST,1,1,0,7,1,1,,0,30,0,0,0,0,0,4,2,3
,2016_29218,39.700395,-105.0454035,3/29/2016 9:58,9:58,6,0,0,UTICA STREET SOUTH & KENTUCKY AVENUE WEST,1,1,0,0,1,4,,0,25,0,0,0,0,0,4,2,13
,2016_29220,39.756888,-104.891832,5/21/2016 20:55,20:55,14,0,0,VALENTIA STREET NORTH & 28TH DRIVE EAST,1,3,0,7,1,4,,0,25,0,0,0,0,0,4,2,7
,2016_29221,39.763233,-105.012783,6/30/2016 18:10,18:10,6,0,0,VALLEJO STREET NORTH & 33RD AVENUE WEST,1,1,0,0,1,4,,0,25,0,0,0,0,0,4,2,13
,2016_29222,39.78205199,-104.96241,1/24/2016 3:17,3:17,15,0,0,VINE STREET NORTH & 1653,1,3,0,0,1,4,,0,30,0,0,0,0,0,4,2,13
,2016_29223,39.787389,-104.9782905,6/28/2016 7:00,7:00,12,0,0,WASHINGTON STREET NORTH & 50TH AVENUE EAST,1,1,0,0,1,4,,0,35,0,0,0,0,0,4,2,2
,2016_29224,39.74133235,-104.9953824,2/20/2016 2:02,2:02,3,0,0,WELTON STREET & 1400 BLOCK,1,3,0,0,1,2,,0,30,0,0,0,0,1,4,2,1
,2016_29225,39.673017,-104.912973,12/2/2016 12:00,12:00,12,0,0,WESLEY AVENUE EAST & MONACO STREET SOUTH,1,1,1,0,1,2,,0,25,0,0,0,0,0,4,2,13
,2016_29226,39.753918,-105.001101,2/22/2016 16:27,16:27,15,0,0,WEWATTA STREET 1700 BLOCK & 17TH STREET,1,1,0,7,1,4,,0,25,0,0,0,0,0,4,2,16
,2016_29227,39.79631371,-104.8885425,6/22/2016 14:26,14:26,4,0,0,WILLOW STREET & 1551 NORTH,1,1,0,0,1,4,,0,25,0,0,0,0,0,4,1,13
,2016_29228,39.769407,-105.0474645,12/23/2016 8:00,8:00,3,0,1,WINONA COURT NORTH & 38TH AVENUE WEST,1,1,0,7,1,1,,0,25,0,0,0,0,2,4,2,16
,2016_29229,39.752802,-104.999751,11/30/2016 17:30,17:30,12,0,0,WYNKOOP STREET & 17TH STREET,1,3,0,7,1,4,,0,30,0,0,0,0,0,4,2,16
,2016_29230,39.692439,-105.048414,5/21/2016 22:46,22:46,5,0,0,WYOMING PLACE  & WOLFF STREET,1,4,0,0,2,4,,0,25,0,0,0,0,0,4,1,7
,2016_29231,39.751929,-104.9598,1/17/2016 12:49,12:49,12,0,0,YORK STREET NORTH & 24TH AVENUE EAST,1,1,0,0,1,1,,0,30,0,0,0,0,0,4,2,1
,2016_29233,39.762018,-104.959773,3/2/2016 6:10,6:10,3,0,0,YORK STREET NORTH & MLK BOULEVARD,1,2,0,7,1,1,,0,30,0,0,0,0,1,4,2,1
,2016_29234,39.651102,-104.8848435,3/7/2016 18:44,18:44,1,0,0,YOSEMITE STREET SOUTH & JEFFERSON AVENUE EAST,1,3,1,7,1,1,,0,35,0,0,0,0,0,4,2,3
,2016_29235,39.649113,-104.8849155,5/25/2016 13:58,13:58,3,0,0,YOSEMITE BOULEVARD SOUTH & KENYON AVENUE EAST,1,1,0,0,1,3,,0,35,0,0,0,0,0,4,2,13
,2016_29236,39.678696,-105.015681,11/21/2016 17:12,17:12,12,0,0,ZUNI STREET SOUTH & EVANS AVENUE WEST,1,3,0,7,1,3,,0,30,0,0,0,0,0,4,2,5
,2016_29550,39.775644,-104.865921,10/10/2016 23:15,23:15,5,0,0,HAVANNA STREET NORTH & I70 EASTBOUND OFF RAMP,1,3,0,0,1,4,,1,0,0,0,0,0,0,1,2,13
,2016_29555,39.719403,-104.923431,1/8/2016 10:30,10:30,6,0,0,SECOND AVENUE EAST & HUDSON STREET SOUTH,4,1,0,2,1,2,,0,25,0,0,0,0,0,4,2,13
,2016_29635,39.718332,-104.987502,9/20/2016 20:50,20:50,6,0,0,BROADWAY NORTH & FIRST AVENUE,1,3,0,0,1,4,,0,30,0,0,0,0,0,4,2,14
,2016_29782,39.756672,-104.997276,6/23/2016 16:15,16:15,5,0,0,20TH STREET & WEWATTA PLACE,1,1,1,0,1,4,,0,25,0,0,0,0,0,4,1,13
,2016_29800,39.729285,-105.0251625,11/15/2016 18:45,18:45,6,0,0,EIGHTH AVENUE WEST & 755 WEST EIGHTH AVENUE,1,3,0,0,1,4,,0,30,0,0,0,0,0,4,2,13
,2016_29805,39.724875,-105.0186645,9/13/2016 16:30,16:30,6,0,0,BRYANT STREET NORTH & SIXTH AVENUE WEST,1,1,0,0,1,2,,0,25,0,0,0,0,0,4,2,13
,2016_29816,39.738852,-104.885523,9/25/2016 0:00,0:00,6,0,0,XENIA STREET 1400 BLOCK NORTH & 14TH AVENUE EAST,1,2,0,0,1,4,,0,,0,0,0,0,0,4,2,13
,2016_29828,39.703932,-104.9804325,8/11/2016 12:15,12:15,6,0,0,PEARL STREET & EXPOSITION AVENUE WEST,1,1,0,0,1,4,,0,30,0,0,0,0,0,4,2,1
,2016_29978,39.694536,-104.9082435,1/8/2016 14:30,14:30,6,0,0,ARIZONA AVENUE 6600 BLOCK EAST & ONEIDA STREET SOUTH,4,1,0,7,1,4,,0,25,0,0,0,0,0,4,2,1
,2016_30003,39.69414,-104.9176935,1/6/2016 7:49,7:49,1,0,1,CHERRY CREEK NORTH DRIVE EAST & KEARNEY STREET SOUTH,1,1,1,0,1,1,,0,35,0,0,0,0,2,4,2,14
,2016_30004,39.678453,-104.9887845,1/11/2016 13:55,13:55,12,0,0,EVANS AVENUE & ACOMA STREET SOUTH,1,1,1,0,1,3,,0,35,0,0,0,0,0,4,3,13
,2016_30005,39.667725,-105.0786945,3/24/2016 13:55,13:55,5,0,0,YALE AVENUE WEST & WEBSTER STREET SOUTH,6,1,0,0,2,1,,0,30,0,0,0,0,0,4,1,5
,2016_30006,39.748104,-104.973363,7/29/2016 12:00,12:00,14,0,0,DOWNING STREET & 21ST AVENUE EAST,1,1,0,0,1,4,,0,30,0,0,0,0,0,4,2,13
,2016_30007,39.764475,-104.96097,8/7/2016 20:00,20:00,5,0,0,BRUCE RANDOLPH AVENUE & GAYLORD STREET NORTH / COLORADO BOULEVARD ALLEY,1,2,0,0,3,1,,0,,0,0,0,0,0,4,1,13
,2016_30008,39.7397475,-105.0198975,8/15/2016 16:06,16:06,12,0,0,CANOSA COURT & 700 BLOCK NORTH,1,1,1,0,1,4,,0,30,0,0,0,0,0,4,2,2
,2016_30009,39.711186,-104.892912,8/16/2016 12:25,12:25,12,0,0,ALAMEDA AVENUE EAST & FAIRMOUNT DRIVE EAST,1,1,0,0,1,3,,0,35,0,0,0,0,0,4,2,3
,2016_30010,39.742263,-104.9993505,8/17/2016 8:27,8:27,15,0,0,SPEER BOULEVARD & CHAMPA,1,1,0,0,1,3,,0,35,0,0,0,0,0,4,2,14
,2016_30011,39.75240722,-105.000249,8/19/2016 7:55,7:55,6,0,0,WYNKOOP STREET & 1700 BLOCK,1,1,0,0,1,4,,0,30,0,0,0,0,0,4,2,13
,2016_30012,39.676608,-104.959386,8/19/2016 18:45,18:45,12,0,0,UNIVERSITY BOULEVARD SOUTH & WARREN AVENUE EAST,1,2,0,0,1,1,,0,,0,0,0,0,0,4,4,13
,2016_30013,39.75885,-104.864562,8/19/2016 19:14,19:14,3,0,0,29TH DRIVE EAST & IOLA STREET NORTH,2,2,0,1,1,1,,0,,0,0,0,0,0,4,2,13
,2016_30014,39.775032,-104.809923,8/20/2016 6:15,6:15,3,0,0,CHAMBERS ROAD NORTH & ANDREWS DRIVE EAST,1,2,0,0,1,1,,0,40,0,0,0,0,0,4,2,1
,2016_30015,39.63799513,-104.9126831,10/9/2016 22:45,22:45,6,0,0,MONACO STREET & 1200 BLOCK SOUTH,1,3,0,0,1,4,,0,35,0,0,0,0,0,4,2,13
,2016_30016,39.707469,-104.973381,8/24/2016 9:15,9:15,12,0,0,DOWNING STREET SOUTH & VIRGINIA AVENUE EAST,1,1,0,0,1,3,,0,30,0,0,0,0,0,4,2,13
,2016_30017,39.783915,-104.818617,8/29/2016 15:35,15:35,3,0,0,DULUTH COURT NORTH & DURHAM COURT NORTH,1,1,0,0,1,1,,0,40,0,0,0,0,0,4,2,14
,2016_30018,39.707487,-104.9724045,8/30/2016 15:02,15:02,3,0,0,MARION STREET SOUTH & VIRGINIA AVENUE EAST,1,1,1,0,1,1,,0,25,0,0,0,0,1,4,2,3
,2016_30019,39.653082,-104.884785,9/2/2016 10:46,10:46,12,0,0,YOSEMITE STREET & HAMPDEN AVENUE EAST,1,1,0,0,1,2,,0,40,0,0,0,0,0,4,2,12
,2016_30020,39.760128,-104.9850315,9/6/2016 7:15,7:15,10,0,0,WALNUT STREET & 27TH STREET,1,1,0,0,1,2,,0,35,0,0,0,0,0,4,2,13
,2016_30021,39.780513,-104.9582025,9/6/2016 17:23,17:23,3,0,0,STEAVENSON PLACE EAST & JOSEPHINE STREET NORTH,1,1,0,0,1,1,,0,30,0,0,0,0,0,4,2,3
,2016_30022,39.725334,-104.912793,9/7/2016 8:09,8:09,15,0,0,MONACO STREET & SIXTH AVENUE,1,1,0,0,1,3,,0,35,0,0,0,0,0,4,2,13
,2016_30023,39.678426,-104.9395905,9/9/2016 15:27,15:27,1,0,0,EVANS AVENUE EAST & ALBION STREET SOUTH,1,1,0,0,1,1,,0,30,0,0,0,0,0,4,2,13
,2016_30024,39.729087,-104.986152,9/9/2016 21:40,21:40,10,0,0,LINCOLN STREET NORTH & EIGHTH AVENUE EAST,1,3,1,0,1,1,,0,35,0,0,0,0,0,4,2,13
,2016_30025,39.689523,-105.0156945,9/13/2016 14:32,14:32,12,0,0,FLORIDA AVENUE WEST & ZUNI STREET SOUTH,1,1,0,0,1,3,,0,25,0,0,0,0,0,4,2,7
,2016_30026,39.709305,-104.9863905,9/13/2016 18:40,18:40,6,0,0,DAKOTA AVENUE & LINCOLN AVENUE,1,2,0,0,1,4,,0,25,0,0,0,0,0,4,2,13
,2016_30027,39.748122,-104.993595,9/15/2016 18:24,18:24,15,0,0,CURTIS STREET & 17TH STREET,1,1,0,0,1,4,,0,25,0,0,0,0,0,4,2,13
,2016_30028,39.766446,-104.973381,9/16/2016 20:00,20:00,3,0,0,DOWNING STREET NORTH & LAWRENCE STREET,1,3,0,0,1,1,,0,25,0,0,0,0,0,4,2,8
,2016_30029,39.74616,-104.987385,9/22/2016 13:23,13:23,3,0,0,19TH AVENUE EAST & BROADWAY NORTH,1,1,0,0,1,1,,0,30,0,0,0,0,0,4,2,13
,2016_30030,39.748941,-104.9995305,12/31/2016 2:23,2:23,15,0,0,15TH STREET & MARKET STREET,1,3,0,0,1,1,,0,25,0,0,0,0,0,4,2,14
,2016_30031,39.760326,-105.0346035,9/22/2016 20:50,20:50,3,0,0,LOWELL BOULEVARD NORTH & 30TH AVENUE WEST,1,3,0,0,1,1,,0,30,0,0,0,0,0,4,2,13
,2016_30032,39.75075,-104.984946,9/24/2016 9:24,9:24,3,0,1,22ND STREET & CALIFORNIA STREET,1,1,0,0,1,1,,0,25,0,0,0,0,2,4,2,13
,2016_30033,39.678435,-104.922234,9/26/2016 23:55,23:55,12,0,0,EVANS AVENUE EAST & HOLLY STREET SOUTH,1,3,0,0,1,4,,0,30,0,0,0,0,1,4,2,5
,2016_30034,39.751209,-105.0000435,9/30/2016 19:20,19:20,12,0,0,16TH STREET & WAZEE STREET,1,3,0,0,1,4,,0,30,0,0,0,0,0,4,2,13
,2016_30035,39.77061301,-104.904522,10/1/2016 12:29,12:29,5,0,0,POPLAR STREET & 1283 NORTH,1,1,1,0,3,4,,0,30,0,0,0,0,0,4,1,14
,2016_30036,39.678696,-105.015681,10/2/2016 18:15,18:15,3,0,0,ZUNI STREET SOUTH & EVANS AVENUE WEST,1,1,0,0,1,1,,0,40,0,0,0,0,0,4,2,4
,2016_30037,39.678498,-104.987565,10/2/2016 21:15,21:15,12,0,0,EVANS AVENUE WEST & BROADWAY SOUTH,1,4,0,0,1,4,,0,35,0,0,0,0,0,4,2,13
,2016_30038,39.700224,-104.9195835,10/4/2016 16:23,16:23,3,0,0,KENTUCKY AVENUE EAST & JERSEY STREET SOUTH,1,1,0,0,1,1,,0,25,0,0,0,0,0,4,2,13
,2016_30040,39.667581,-104.9593905,10/5/2016 8:16,8:16,12,0,0,YALE AVENUE EAST & UNIVERSITY BOULEVARD SOUTH,1,1,0,0,1,3,,0,30,0,0,0,0,0,4,2,14
,2016_30041,39.696732,-105.02037,10/5/2016 16:12,16:12,3,0,0,MISSISSIPPI AVENUE WEST & CLAY STREET SOUTH,1,1,0,0,1,1,,0,25,0,0,0,0,1,4,2,2
,2016_30042,39.75822,-104.957334,10/5/2016 17:20,17:20,3,0,3,29TH AVENUE EAST & COLUMBINE STREET NORTH,1,1,0,0,1,1,,0,30,0,0,0,0,2,4,2,13
,2016_30043,39.725622,-104.983605,10/7/2016 17:22,17:22,3,0,0,GRANT STREET NORTH & SIXTH AVENUE EAST,1,1,0,0,1,1,,0,30,0,0,0,0,0,4,2,3
,2016_30044,39.680226,-104.959404,10/29/2016 8:38,8:38,12,0,0,UNIVERSITY BOULEVARD SOUTH & ASBURY AVENUE EAST,1,1,0,0,1,4,,0,35,0,0,0,0,0,4,2,3
,2016_30045,39.682323,-105.0147225,10/29/2016 15:00,15:00,1,0,0,YUMA STREET SOUTH & JEWELL AVENUE WEST,1,1,0,0,1,1,,0,25,0,0,0,0,0,4,2,3
,2016_30046,39.765735,-105.0449445,12/23/2016 2:20,2:20,6,0,1,35TH AVENUE WEST & UTICA STREET NORTH,1,3,0,0,1,4,,0,30,0,0,0,0,2,4,2,14
,2016_30047,39.718404,-104.874993,9/23/2016 23:14,23:14,6,0,0,FIRST AVENUE & FIRST AVENUE 100 BLOCK EAST,1,3,0,0,1,3,,0,25,0,0,0,0,0,4,2,5
,2016_30048,39.718332,-104.9694255,7/19/2016 7:51,7:51,12,0,0,FIRST AVENUE 1400 BLOCK EAST & HUMBOLT STREET,1,1,0,0,1,4,,0,30,0,0,0,0,0,4,2,13
,2016_30049,39.717792,-104.9508225,11/29/2016 18:00,18:00,12,0,0,FIRST AVENUE EAST & STEELE STREET NORTH,1,3,0,7,1,3,,0,30,0,0,0,0,0,4,2,16
,2016_30050,39.74001,-104.99202,6/7/2016 18:40,18:40,15,0,0,FIRST AVENUE 3000 BLOCK EAST & STREET PAUL STREET SOUTH,1,1,0,0,1,4,,0,35,0,0,0,0,0,4,2,13