id,drcog_id,latitude,longitude,crashtime,time,crashtype,numbkilled,numbinjurd,drcoglocat,rdconditin,lightngcon,roadcntgrd,weatherco,location,roaddescrp,schoolzone,constrzone,splimit,bikeinv,pedinv,sctrinv,motoinv,svrty,rdsystem,ttlvehcls,hcf
,2016_30051,39.718143,-105.0432705,10/31/2016 0:40,0:40,3,0,1,FIRST AVENUE WEST & STUART STREET NORTH,1,3,0,7,1,1,,0,25,0,0,0,0,2,4,2,9
,2016_30052,39.718179,-104.959314,2/25/2016 7:50,7:50,12,0,0,FIRST AVENUE 2300 BLOCK EAST & UNIVERSITY BOULEVARD NORTH,1,1,0,7,1,4,,0,30,0,0,0,0,0,4,2,16
,2016_30053,39.718179,-104.959314,12/11/2016 5:56,5:56,3,0,0,FIRST AVENUE EAST & UNIVERSITY BOULEVARD NORTH,5,3,0,2,1,1,,0,30,0,0,0,0,0,4,2,16
,2016_30054,39.718179,-104.959314,12/22/2016 17:09,17:09,1,0,1,FIRST AVENUE EAST & UNIVERSITY BOULEVARD NORTH,1,3,0,7,1,1,,0,30,0,0,0,0,2,4,2,16
,2016_30055,39.719349,-104.985,6/11/2016 16:00,16:00,6,0,0,SECOND AVENUE EAST & SHERMAN STREET NORTH,1,1,0,0,1,4,,0,25,0,0,0,0,0,4,2,13
,2016_30056,39.719322,-104.979123,1/12/2016 16:58,16:58,6,0,0,SECOND AVENUE 700 BLOCK EAST & WASHINGTON STREET NORTH,5,2,0,7,1,4,,0,25,0,0,0,0,0,4,2,14
,2016_30057,39.720978,-104.9558535,11/14/2016 14:38,14:38,3,0,0,THIRD AVENUE EAST & CLAYTON STREET NORTH,1,1,1,7,1,1,,0,25,0,0,0,0,0,4,2,16
,2016_30058,39.720987,-104.9546475,3/7/2016 10:59,10:59,15,0,0,THIRD AVENUE 2700 BLOCK EAST & DETROIT STREET NORTH,1,1,0,0,1,4,,0,25,0,0,0,0,0,4,2,13
,2016_30059,39.720969,-104.952204,5/26/2016 19:58,19:58,3,0,0,THIRD AVENUE 2900 BLOCK EAST & MILWAUKEE STREET NORTH,2,2,0,1,1,5,,0,10,0,0,0,0,0,4,2,16
,2016_30060,39.722913,-105.0324705,2/27/2016 20:15,20:15,3,0,0,FOURTH AVENUE WEST & KNOX COURT NORTH,1,3,1,7,1,1,,0,25,0,0,0,0,0,4,2,16
,2016_30062,39.724137,-104.986314,6/21/2016 13:50,13:50,3,0,0,FIFTH AVENUE EAST & LINCOLN STREET NORTH,1,1,0,7,1,1,,0,35,0,0,0,0,0,4,2,16
,2016_30063,39.72411,-104.9985945,9/27/2016 11:27,11:27,3,0,0,FIFTH AVENUE WEST & SANTA FE DRIVE NORTH,1,1,0,0,1,1,,0,25,0,0,0,0,1,4,2,8
,2016_30064,39.724119,-104.9509845,3/22/2016 13:50,13:50,3,0,1,FIFTH AVENUE EAST & STREET PAUL STREET NORTH,1,1,1,7,1,1,,0,25,0,0,0,0,2,4,2,8
,2016_30065,39.725658,-104.9891625,12/20/2016 15:15,15:15,12,0,0,SIXTH AVENUE WEST & ACOMA STREET NORTH,1,1,0,0,1,4,,0,30,0,0,0,0,0,4,2,13
,2016_30066,39.725631,-104.9874435,9/3/2016 5:26,5:26,3,0,0,SIXTH AVENUE WEST & BROADWAY STREET NORTH,1,1,0,0,1,1,,0,30,0,0,0,0,1,4,2,2
,2016_30067,39.725532,-104.940801,8/1/2016 19:23,19:23,12,0,1,SIXTH AVENUE 3900 BLOCK EAST & COLORADO BOULEVARD NORTH,1,2,0,7,1,3,,0,30,0,0,0,0,2,4,3,5
,2016_30068,39.725595,-104.974101,8/19/2016 5:48,5:48,3,0,0,SIXTH AVENUE EAST & CORONA STREET NORTH,1,2,1,0,1,1,,0,35,0,0,0,0,0,4,2,13
,2016_30069,39.72627,-105.0002055,11/11/2016 11:52,11:52,12,0,0,SIXTH AVENUE WEST & KALAMATH STREET NORTH,1,1,0,0,1,1,,0,35,0,0,0,0,0,4,2,13
,2016_30070,39.72627,-105.0002055,12/12/2016 17:39,17:39,3,0,1,SIXTH AVENUE WEST & KALAMATH STREET NORTH,1,3,0,7,1,1,,0,35,0,0,0,0,2,4,3,16
,2016_30071,39.72730814,-104.9703692,3/25/2016 3:30,3:30,6,0,0,SEVENTH AVENUE & 2700 BLOCK EAST,1,3,0,0,1,4,,0,25,0,0,0,0,0,4,4,5
,2016_30072,39.727287,-104.983596,1/4/2016 14:35,14:35,3,0,0,SEVENTH AVENUE EAST & GRANT STREET NORTH,1,1,0,0,1,1,,0,25,0,0,0,0,0,4,2,13
,2016_30073,39.727305,-104.9986125,11/14/2016 23:00,23:00,5,0,0,SEVENTH AVENUE WEST & SANTA FE DRIVE NORTH,3,3,0,7,3,3,,0,35,0,0,0,0,0,4,1,16
,2016_30074,39.729087,-104.987412,10/18/2016 10:00,10:00,10,0,0,EIGHTH AVENUE & BROADWAY BOULEVARD,1,1,1,0,1,1,,0,30,0,0,0,0,0,4,2,13
,2016_30075,39.729321,-105.019803,4/4/2016 10:50,10:50,15,0,0,EIGHTH AVENUE WEST & CANOSA COURT NORTH,1,1,0,0,1,1,,0,35,0,0,0,0,0,4,2,7
,2016_30076,39.729222,-104.931612,1/27/2016 15:29,15:29,15,0,0,EIGHTH AVENUE EAST & DAHLIA STREET,1,1,0,0,1,4,,0,25,0,0,0,0,0,4,2,13
,2016_30077,39.729078,-104.982408,4/26/2016 7:33,7:33,12,0,0,EIGHTH AVENUE 400 BLOCK EAST & LOGAN STREET NORTH,1,1,0,7,1,4,,0,30,0,0,0,0,0,4,2,7
,2016_30078,39.728934,-105.0028425,2/17/2016 6:32,6:32,3,0,0,EIGHTH AVENUE WEST & MARIPOSA STREET,1,1,0,7,1,1,,0,35,0,0,0,0,0,4,3,14
,2016_30079,39.728934,-105.0028425,12/15/2016 9:12,9:12,3,0,0,EIGHTH AVENUE WEST & MARIPOSA STREET,1,1,0,7,1,1,,0,35,0,0,0,0,1,4,2,14
,2016_30080,39.728907,-104.998644,8/7/2016 2:40,2:40,3,0,1,EIGHTH AVENUE WEST & SANTA FE DRIVE NORTH,1,3,0,7,1,1,,0,30,0,0,0,0,2,4,2,8
,2016_30081,39.728907,-104.998644,10/26/2016 14:28,14:28,3,0,1,EIGHTH AVENUE WEST & SANTA FE DRIVE NORTH,1,1,1,7,1,1,,0,30,0,0,0,0,2,4,2,16
,2016_30082,39.728907,-104.998644,11/7/2016 14:30,14:30,3,0,0,EIGHTH AVENUE WEST & SANTA FE DRIVE NORTH,1,1,1,7,1,1,,0,30,0,0,0,0,0,4,2,16
,2016_30084,39.728934,-104.9906115,1/28/2016 15:47,15:47,3,0,0,EIGHTH AVENUE WEST & SPEER BOULEVARD NORTH,1,1,0,7,1,1,,0,35,0,0,0,0,0,4,2,14
,2016_30085,39.728934,-104.9906115,7/20/2016 9:00,9:00,12,0,0,EIGHTH AVENUE 100 BLOCK WEST & SPEER BOULEVARD,1,1,0,0,1,3,,0,30,0,0,0,0,0,4,2,13
,2016_30086,39.732957,-105.0362325,12/7/2016 6:10,6:10,3,0,0,10TH AVENUE WEST & MEADE STREET NORTH,5,1,1,2,1,1,,0,25,0,0,0,0,0,4,2,16
,2016_30087,39.733677,-105.0001605,6/11/2016 17:41,17:41,3,0,0,11TH AVENUE WEST & KALAMATH STREET NORTH,1,1,0,0,1,1,,0,25,0,0,0,0,0,4,2,1
,2016_30088,39.735252,-104.9929335,4/21/2016 15:08,15:08,3,0,0,12TH AVENUE WEST & DELAWARE STREET NORTH,1,1,0,7,1,1,,0,30,0,0,0,0,0,4,2,16
,2016_30089,39.735252,-104.9929335,6/29/2016 17:10,17:10,3,0,0,12TH AVENUE WEST & DELAWARE STREET NORTH,1,1,0,7,1,1,,0,25,0,0,0,0,0,4,3,16
,2016_30090,39.735144,-104.975271,12/9/2016 16:54,16:54,3,0,0,12TH AVENUE EAST & OGDEN STREET NORTH,1,3,0,7,1,1,,0,25,0,0,0,0,0,4,2,16
,2016_30091,39.74001,-104.99202,3/8/2016 10:43,10:43,6,0,0,13TH AVENUE & 3500 BLOCK WEST,1,1,1,0,1,4,,0,25,0,0,0,0,0,4,2,14
,2016_30092,39.736782,-104.955084,5/27/2016 13:02,13:02,15,0,0,13TH AVENUE EAST & CLAYTON STREET NORTH,1,1,0,7,1,4,,0,30,0,0,0,0,0,4,2,16
,2016_30093,39.736845,-104.9741505,2/5/2016 21:12,21:12,3,0,0,13TH AVENUE EAST & CORONA STREET NORTH,1,3,1,0,1,1,,0,35,0,0,0,0,1,4,2,3
,2016_30094,39.736476,-104.9268825,12/23/2016 15:40,15:40,6,0,0,13TH AVENUE EAST & FOREST STREET NORTH,1,1,1,0,1,4,,0,60,0,0,0,0,0,4,3,13
,2016_30095,39.736872,-104.970681,4/25/2016 17:19,17:19,12,0,0,13TH AVENUE EAST & LAFAYETTE STREET NORTH,1,1,0,7,1,4,,0,30,0,0,0,0,1,4,2,3
,2016_30096,39.736863,-104.9752845,12/16/2016 20:59,20:59,6,0,0,13TH AVENUE EAST & OGDEN STREET NORTH,4,3,1,2,1,4,,0,35,0,0,0,0,0,4,3,5
,2016_30098,39.73725,-104.898753,5/13/2016 7:15,7:15,3,0,0,13TH AVENUE EAST & SYRACUSE STREET NORTH,1,1,0,7,1,1,,0,30,0,0,0,0,1,4,2,7
,2016_30099,39.73842,-104.977674,4/18/2016 8:00,8:00,3,0,0,14TH AVENUE EAST & CLARKSON STREET NORTH,1,1,0,0,1,1,,0,30,0,0,0,0,0,4,2,1
,2016_30100,39.745305,-104.9971905,12/18/2016 17:54,17:54,15,0,0,14TH STREET & CURTIS STREET,4,3,0,0,1,4,,0,30,0,0,0,0,0,4,2,14
,2016_30101,39.709026,-104.875443,1/11/2016 8:43,8:43,12,0,0,ALAMEDA 9600 BLOCK EAST & DAYTON STREET SOUTH,1,1,0,0,1,3,,0,40,0,0,0,0,0,4,2,14
,2016_30102,39.738402,-104.970681,7/19/2016 11:40,11:40,10,0,0,14TH AVENUE EAST & LAFAYETTE STREET NORTH,1,1,0,0,1,1,,0,30,0,0,0,0,1,4,2,8
,2016_30103,39.738393,-104.9718645,6/14/2016 10:50,10:50,3,0,0,14TH AVENUE EAST & MARION STREET NORTH,1,1,0,0,1,1,,0,25,0,0,0,0,0,4,3,13
,2016_30104,39.738438,-104.979915,10/18/2016 17:17,17:17,12,0,0,14TH AVENUE 500 BLOCK EAST & PEARL STREET NORTH,1,1,0,7,1,4,,0,30,0,0,0,0,0,4,2,7
,2016_30105,39.73869,-104.9034645,3/23/2016 17:16,17:16,3,0,1,14TH AVENUE EAST & QUEBEC STREET NORTH,4,1,0,2,1,1,,0,30,0,0,0,0,2,4,2,16
,2016_30106,39.74166,-104.981094,1/13/2016 7:34,7:34,6,0,0,16TH AVENUE EAST & PENNSYLVANIA STREET NORTH,5,5,0,2,1,4,,0,15,0,0,0,0,0,4,2,14
,2016_30107,39.741957,-104.898744,8/8/2016 17:21,17:21,3,0,0,16TH AVENUE EAST & SYRACUSE STREET NORTH,1,1,0,0,1,1,,0,25,0,0,0,0,1,4,2,13
,2016_30108,39.787182,-104.844654,12/3/2016 20:58,20:58,6,0,0,50TH AVENUE & QUENTIN STREET NORTH,1,3,0,0,1,4,,0,25,0,0,0,0,0,4,2,1
,2016_30109,39.741615,-104.965983,7/28/2016 21:06,21:06,3,0,0,16TH AVENUE EAST & WILLIAMS STREET NORTH,1,3,0,7,1,1,,0,25,0,0,0,0,0,4,2,16
,2016_30110,39.743784,-104.948847,11/4/2016 15:50,15:50,12,0,0,17TH AVENUE EAST & ADAMS STREET NORTH,1,1,0,7,1,4,,0,30,0,0,0,0,0,4,2,3
,2016_30111,39.743235,-104.9848425,1/2/2016 1:50,1:50,10,0,0,17TH AVENUE EAST & SHERMAN STREET NORTH,1,3,0,0,1,1,,0,35,0,0,0,0,0,4,2,8
,2016_30112,39.743955,-105.0451605,7/4/2016 20:55,20:55,1,0,0,17TH AVENUE WEST & UTICA STREET NORTH,1,1,0,0,1,1,,0,25,0,0,0,0,0,4,2,13
,2016_30113,39.744819,-104.968422,11/18/2016 16:05,16:05,15,0,0,18TH AVENUE 1600 BLOCK EAST & FRANKLIN STREET NORTH,1,2,0,0,1,4,,0,30,0,0,0,0,0,4,2,8
,2016_30114,39.74481,-104.984874,10/27/2016 9:23,9:23,12,0,0,18TH AVENUE EAST & SHERMAN STREET NORTH,1,1,0,0,1,2,,0,25,0,0,0,0,0,4,2,13
,2016_30115,39.749535,-104.889843,2/17/2016 12:30,12:30,6,0,0,21ST AVENUE EAST & XANTHIA WAY NORTH,1,1,0,0,1,4,,0,25,0,0,0,0,0,4,2,13
,2016_30116,39.7510065,-104.8982423,2/15/2016 9:50,9:50,12,0,0,23RD AVENUE & 3200 BLOCK EAST,1,1,0,0,1,4,,0,30,0,0,0,0,1,4,3,13
,2016_30117,39.7199385,-104.8909343,12/11/2016 5:55,5:55,5,0,0,LOWRY BOULEVARD & UINTA WAY NORTH,5,3,0,2,3,6,,0,35,0,0,0,0,0,4,1,16
,2016_30118,39.750705,-104.968413,8/3/2016 17:00,17:00,12,0,0,23RD AVENUE EAST & FRANKLIN STREET NORTH,1,1,0,7,1,1,,0,30,0,0,0,0,1,4,2,3
,2016_30119,39.754827,-105.0299415,7/5/2016 12:15,12:15,1,0,0,26TH AVENUE WEST & IRVING STREET NORTH,1,1,0,7,1,3,,0,25,0,0,0,0,0,4,2,3
,2016_30120,39.75444,-104.9598,7/16/2016 14:55,14:55,3,0,0,26TH AVENUE EAST & YORK STREET NORTH,1,1,0,7,1,1,,0,30,0,0,0,0,0,4,2,16
,2016_30121,39.75444,-104.9598,12/30/2016 14:59,14:59,3,0,0,26TH AVENUE EAST & YORK STREET NORTH,1,1,0,7,1,1,,0,30,0,0,0,0,1,4,2,3
,2016_30122,39.758238,-104.9696415,12/23/2016 15:18,15:18,6,0,0,29TH AVENUE EAST & HUMBOLDT STREET,1,1,0,0,1,4,,0,60,0,0,0,0,1,4,3,14
,2016_30123,39.758481,-105.0299325,2/23/2016 7:36,7:36,12,0,0,29TH AVENUE WEST & IRVING STREET NORTH,2,2,0,7,1,1,,0,30,0,0,0,0,0,4,2,7
,2016_30124,39.75849,-105.044004,10/16/2016 9:00,9:00,3,0,0,29TH AVENUE WEST & TENNYSON STREET NORTH,1,1,0,7,1,1,,0,25,0,0,0,0,0,4,2,16
,2016_30125,39.76210062,-105.0503468,5/31/2016 15:45,15:45,15,0,0,32ND AVENUE WEST & 2600 BLOCK,1,1,0,0,1,4,,0,30,0,0,0,0,0,4,2,13
,2016_30126,39.762117,-105.034572,12/13/2016 11:03,11:03,15,0,0,32ND AVENUE WEST & LOWELL BOULEVARD NORTH,1,1,1,0,1,1,,0,30,0,0,0,0,0,4,2,13
,2016_30127,39.762126,-105.0369525,5/13/2016 14:42,14:42,3,0,0,32ND AVENUE WEST & NEWTON STREET NORTH,1,1,0,7,1,1,,0,30,0,0,0,0,0,4,2,4
,2016_30128,39.76209,-105.0289335,7/29/2016 21:33,21:33,1,0,0,32ND AVENUE WEST & SPEER BOULEVARD NORTH,1,3,1,7,1,1,,0,30,0,0,0,0,0,4,2,7
,2016_30129,39.762036,-105.011181,12/11/2016 17:37,17:37,15,0,0,32ND AVENUE WEST & TEJON STREET NORTH,1,1,0,0,1,4,,0,30,0,0,0,0,0,4,2,13
,2016_30130,39.763251,-105.0052725,6/10/2016 11:30,11:30,3,0,0,33RD AVENUE WEST & OSAGE STREET NORTH,1,1,0,0,1,1,,0,30,0,0,0,0,0,4,2,13
,2016_30131,39.766932,-104.963436,3/6/2016 0:25,0:25,3,0,0,36TH AVENUE EAST & RACE STREET NORTH,1,3,0,7,1,1,,0,25,0,0,0,0,0,4,2,16
,2016_30132,39.768147,-104.972121,11/8/2016 15:38,15:38,3,0,0,37TH AVENUE EAST & MARION STREET NORTH,1,1,0,7,1,1,,0,30,0,0,0,0,0,4,2,16
,2016_30133,39.76926361,-104.9960844,7/28/2016 10:40,10:40,3,0,0,38TH AVENUE WEST & 2900 BLOCK WB,1,1,0,0,1,2,,0,35,0,0,0,0,0,4,2,13
,2016_30134,39.769272,-105.006456,7/15/2016 22:44,22:44,14,0,1,38TH AVENUE WEST & PECOS STREET NORTH,1,3,0,0,6,4,,0,35,0,0,0,0,2,4,2,5
,2016_30135,39.735243,-104.9873805,3/28/2016 21:02,21:02,6,0,0,BROADWAY SOUTH & 12,1,3,0,0,1,4,,0,35,0,0,0,0,0,4,2,13
,2016_30136,39.769605,-104.8474125,1/21/2016 13:25,13:25,15,0,0,38TH AVENUE EAST & PEORIA STREET NORTH,1,1,1,0,1,3,,0,40,0,0,0,0,1,4,2,13
,2016_30137,39.770532,-104.941701,3/6/2016 16:47,16:47,6,0,0,39TH AVENUE EAST & HARRISON STREET NORTH,1,1,0,0,1,5,,0,30,0,0,0,0,0,4,2,13
,2016_30138,39.774105,-104.882778,4/6/2016 5:55,5:55,1,0,0,40TH AVENUE EAST & CENTRAL PARK BOULEVARD NORTH,1,3,0,0,1,1,,0,35,0,0,0,0,0,4,2,1
,2016_30139,39.772917,-104.9519205,12/24/2016 9:16,9:16,12,0,0,40TH AVENUE & MILWAUKEE STREET,1,1,0,7,1,1,,0,30,0,0,0,0,0,4,2,16
,2016_30140,39.772899,-104.9498235,4/28/2016 7:56,7:56,10,0,0,40TH AVENUE EAST & STEELE STREET NORTH,1,1,0,0,1,1,,0,35,0,0,0,0,0,4,2,13
,2016_30141,39.775266,-105.042825,4/1/2016 8:04,8:04,3,0,0,43RD AVENUE WEST & STUART STREET NORTH,1,1,0,7,1,1,,0,30,0,0,0,0,0,4,2,14
,2016_30142,39.74001,-104.99202,12/15/2016 15:02,15:02,1,0,0,44TH AVENUE & 2800 BLOCK WEST,1,1,1,0,1,2,,0,30,0,0,0,0,0,4,2,13
,2016_30143,39.74001,-104.99202,7/20/2016 5:54,5:54,6,0,0,44TH AVENUE & 3050 BLOCK WEST,1,2,0,0,1,1,,0,30,0,0,0,0,0,4,2,5
,2016_30144,39.776427,-104.8469535,6/28/2016 13:00,13:00,15,0,0,44TH AVENUE EAST & PEORIA STREET NORTH,1,1,0,7,1,4,,0,40,0,0,0,0,0,4,2,16
,2016_30145,39.778371,-105.0439635,12/20/2016 11:16,11:16,6,0,0,45TH AVENUE & TENNYSON STREET,5,1,0,2,1,4,,0,25,0,0,0,0,0,4,3,14
,2016_30146,39.778686,-104.8589955,5/16/2016 13:30,13:30,15,0,0,45TH AVENUE 11100 BLOCK EAST & KINGSON STREET NORTH,2,1,0,1,1,4,,0,25,0,0,0,0,0,4,2,16
,2016_30147,39.778326,-104.985864,12/21/2016 8:23,8:23,12,0,0,45TH AVENUE EAST & LINCOLN STREET NORTH,6,1,0,7,1,1,,0,30,0,0,0,0,0,4,2,14
,2016_30148,39.711114,-104.9679378,4/19/2016 17:00,17:00,15,0,0,ALAMEDA AVENUE & 7200 BLOCK EAST,1,1,0,0,1,4,,0,35,0,0,0,0,0,4,2,14
,2016_30149,39.701115,-104.954643,1/8/2016 10:12,10:12,5,0,0,BONNIE BRAE BOULEVARD 800 BLOCK SOUTH & MILWAUKEE STREET SOUTH,4,1,0,2,3,1,,0,25,0,0,0,0,0,4,1,1
,2016_30150,39.780135,-104.9823,8/21/2016 17:42,17:42,6,0,0,46TH AVENUE EAST & LOGAN STREET NORTH,1,1,0,0,1,3,,0,25,0,0,0,0,0,4,3,5
,2016_30151,39.782277,-104.863284,1/19/2016 8:15,8:15,3,0,0,47TH AVENUE EAST & IRONTON STREET NORTH,2,1,0,7,1,1,,0,40,0,0,0,0,0,4,2,16
,2016_30152,39.781935,-104.98581,2/8/2016 16:19,16:19,3,0,0,47TH AVENUE EAST & LINCOLN STREET NORTH,1,1,0,7,1,1,,0,25,0,0,0,0,0,4,2,16
,2016_30153,39.782394,-104.848956,4/29/2016 12:57,12:57,3,0,0,47TH AVENUE & PARIS STREET NORTH,2,1,0,2,1,1,,0,25,0,0,0,0,0,4,2,13
,2016_30154,39.78378,-104.922234,6/24/2016 12:17,12:17,12,0,0,48TH AVENUE EAST & HOLLY STREET NORTH,1,1,0,7,1,1,,0,30,0,0,0,0,0,4,2,16
,2016_30155,39.783798,-104.9199435,12/12/2016 15:49,15:49,15,0,0,48TH AVENUE EAST & IVY STREET NORTH,1,1,0,0,1,4,,0,30,0,0,0,0,0,4,2,3
,2016_30156,39.790305,-104.8613535,6/6/2016 14:34,14:34,3,0,0,51ST AVENUE EAST & JOLIET STREET NORTH,1,1,0,7,1,1,,0,30,0,0,0,0,0,4,2,16
,2016_30157,39.789279,-104.8471785,7/11/2016 12:50,12:50,3,0,0,51ST AVENUE EAST & PEORIA STREET NORTH,1,1,0,7,1,1,,0,40,0,0,0,0,0,4,2,1
,2016_30158,39.798315,-104.8754655,2/3/2016 17:53,17:53,12,0,0,56TH AVENUE EAST & DALLAS STREET NORTH,1,3,0,0,1,1,,0,40,0,0,0,0,0,4,2,1
,2016_30159,39.798387,-104.866074,1/26/2016 18:35,18:35,3,0,0,56TH AVENUE EAST & HAVANA STREET NORTH,1,3,0,0,1,1,,0,35,0,0,0,0,0,4,2,5
,2016_30160,39.798324,-104.753322,8/12/2016 16:10,16:10,3,0,0,56TH AVENUE EAST & IRELAND STREET NORTH,1,1,0,0,1,1,,0,25,0,0,0,0,0,4,2,13
,2016_30161,39.798396,-104.786415,4/24/2016 23:20,23:20,5,0,0,56TH AVENUE EAST & PENA BOULEVARD,1,4,0,0,2,4,,0,45,0,0,0,0,1,4,1,14
,2016_30162,39.772872,-104.7960135,6/30/2016 8:00,8:00,12,0,1,AIRPORT BOULEVARD NORTH & 40TH AVENUE EAST,1,1,1,0,1,1,,0,35,0,0,0,0,2,4,2,1
,2016_30163,39.711168,-104.99238,12/14/2016 17:00,17:00,12,0,0,ALAMEDA AVENUE WEST & CHEROKEE,1,3,1,0,1,4,,0,30,0,0,0,0,1,4,2,13
,2016_30164,39.711114,-104.9679378,1/27/2016 18:06,18:06,1,0,0,ALAMEDA AVENUE EAST & 4200 EAST,1,3,1,0,1,3,,0,30,0,0,0,0,0,4,2,14
,2016_30165,39.711186,-104.892912,6/8/2016 16:45,16:45,12,0,0,ALAMEDA AVENUE 8000 BLOCK EAST & FAIRMOUNT DRIVE EAST,1,1,0,7,1,4,,0,35,0,0,0,0,0,4,2,16
,2016_30166,39.711114,-104.9686965,12/1/2016 17:54,17:54,3,0,0,ALAMEDA AVENUE EAST & FRANKLIN STREET SOUTH,1,3,1,7,1,1,,0,25,0,0,0,0,0,4,2,16
,2016_30167,39.71142,-104.9366835,6/16/2016 21:44,21:44,12,0,0,ALAMEDA AVENUE 4200 BLOCK EAST & LEETSDALE DRIVE,1,3,1,7,1,3,,0,35,0,0,0,0,0,4,2,16
,2016_30168,39.711438,-104.9449725,7/7/2016 12:25,12:25,12,0,0,ALAMEDA AVENUE 3600 BLOCK EAST & MONROE STREET SOUTH,1,1,0,7,1,3,,0,30,0,0,0,0,0,4,2,16
,2016_30169,39.711222,-104.904423,10/20/2016 19:09,19:09,15,0,0,ALAMEDA AVENUE EAST & POPLAR STREET SOUTH,1,3,0,0,1,1,,0,40,0,0,0,0,0,4,2,3
,2016_30170,39.711114,-104.9640165,4/13/2016 16:53,16:53,12,0,0,ALAMEDA AVENUE EAST & RACE STREET SOUTH,1,1,0,7,1,3,,0,30,0,0,0,0,0,4,2,3
,2016_30171,39.783357,-104.8466025,5/16/2016 15:33,15:33,5,0,0,ALBROOK DRIVE EAST & PEORIA STREET NORTH,2,1,0,1,3,4,,0,35,0,0,0,0,1,4,1,14
,2016_30172,39.66336,-105.03477,10/22/2016 22:40,22:40,3,0,0,AMHERST AVENUE WEST & LOWELL BOULEVARD SOUTH,1,4,0,7,1,1,,0,35,0,0,0,0,0,4,2,12
,2016_30173,39.777597,-104.834772,4/11/2016 6:42,6:42,3,0,0,ANAHEIM COURT NORTH & ALBROOK DRIVE EAST,1,1,0,0,1,1,,0,35,0,0,0,0,0,4,2,13
,2016_30174,39.680316,-104.9734215,3/9/2016 15:02,15:02,3,0,0,ASBURY AVENUE EAST & DOWNING STREET SOUTH,1,1,1,7,1,1,,0,30,0,0,0,0,0,4,2,14
,2016_30175,39.682791,-104.937345,12/19/2016 16:10,16:10,6,0,0,BAILS PLACE & BELLAIRE STREET SOUTH,4,1,0,0,1,4,,0,25,0,0,0,0,0,4,2,6
,2016_30176,39.66372,-105.0179715,11/15/2016 2:28,2:28,5,0,0,BATES AVENUE WEST & BRYANT STREET SOUTH,1,4,0,7,3,1,,0,25,0,0,0,0,0,4,1,14
,2016_30177,39.714642,-104.941332,10/20/2016 17:21,17:21,3,0,0,BAYAUD AVENUE EAST & HARRISON STREET SOUTH,1,1,0,7,1,1,,0,25,0,0,0,0,0,4,2,16
,2016_30178,39.752397,-104.996745,6/11/2016 21:18,21:18,15,0,0,BLAKE STREET & 18TH STREET,2,3,0,1,1,3,,0,30,0,0,0,0,0,4,2,13
,2016_30179,39.71934,-104.9825205,11/19/2016 13:23,13:23,12,0,0,V & SECOND AVENUE EAST,1,1,0,7,1,4,,0,30,0,0,0,0,0,4,2,16
,2016_30180,39.725631,-104.9874435,2/8/2016 11:10,11:10,15,0,0,BROADWAY & SIXTH AVENUE WEST,1,1,0,7,1,3,,0,30,0,0,0,0,0,4,2,16
,2016_30181,39.743388,-104.9873895,4/16/2016 2:00,2:00,15,0,0,BROADWAY NORTH & 17TH AVENUE EAST,2,3,0,1,1,1,,0,25,0,0,0,0,0,4,2,13
,2016_30182,39.71115,-104.987592,4/15/2016 23:13,23:13,12,0,0,BROADWAY & ALAMEDA AVENUE EAST,2,3,0,1,1,3,,0,30,0,0,0,0,0,4,2,9
,2016_30183,39.691152,-104.987493,3/2/2016 17:32,17:32,12,0,0,BROADWAY SOUTH & ARKANSAS AVENUE EAST,1,2,0,7,1,1,,0,30,0,0,0,0,0,4,3,12
,2016_30184,39.714759,-104.9875425,9/24/2016 16:42,16:42,15,0,0,BROADWAY STREET 0 BLOCK SOUTH & BAYAUD AVENUE,1,1,0,0,1,4,,0,30,0,0,0,0,0,4,2,13
,2016_30185,39.678498,-104.987565,3/12/2016 18:20,18:20,15,0,0,BROADWAY SOUTH & EVANS AVENUE WEST,1,3,0,0,1,1,,0,25,0,0,0,0,0,4,2,13
,2016_30186,39.678489,-104.9875605,11/28/2016 18:40,18:40,12,0,0,BROADWAY STREET 2000 BLOCK SOUTH & EVANS AVENUE WEST,1,3,0,0,1,3,,0,30,0,0,0,0,0,4,3,1
,2016_30187,39.759255,-105.008112,12/16/2016 21:48,21:48,3,0,0,CENTRAL STREET & 17TH STREET,5,3,1,2,1,1,,0,25,0,0,0,0,0,4,2,13
,2016_30188,39.717459,-104.987502,12/14/2016 16:05,16:05,15,0,0,BROADWAY & IRVINGTON PLACE,1,1,0,0,1,3,,0,35,0,0,0,0,0,4,2,3
,2016_30189,39.696624,-104.9874525,3/15/2016 16:48,16:48,15,0,0,BROADWAY SOUTH & MISSISSIPPI AVENUE EAST,1,1,0,7,1,1,,0,35,0,0,0,0,1,4,2,3
,2016_30190,39.726594,-104.987412,3/24/2016 8:14,8:14,3,0,0,BROADWAY NORTH & SPEER BOULEVARD EAST,2,1,0,0,1,1,,0,30,0,0,0,0,0,4,2,14
,2016_30192,39.726594,-104.987412,12/30/2016 0:45,0:45,3,0,0,BROADWAY NORTH & SPEER BOULEVARD NORTH,1,3,0,7,1,1,,0,40,0,0,0,0,0,4,2,16