id,drcog_id,latitude,longitude,crashtime,time,crashtype,numbkilled,numbinjurd,drcoglocat,rdconditin,lightngcon,roadcntgrd,weatherco,location,roaddescrp,schoolzone,constrzone,splimit,bikeinv,pedinv,sctrinv,motoinv,svrty,rdsystem,ttlvehcls,hcf
,2016_30193,39.750237,-104.9874075,2/13/2016 2:04,2:04,3,0,0,BROADWAY NORTH & STOUT STREET,1,3,0,7,1,1,,0,30,0,0,0,0,1,4,2,16
,2016_30194,39.764502,-104.973354,6/13/2016 16:20,16:20,1,0,0,BRUCE RANDOLPH AVENUE & DOWNING STREET / MARION STREET ALLEY,2,1,0,0,1,5,,0,30,0,0,0,0,1,4,2,1
,2016_30195,39.662127,-105.0179805,12/13/2016 19:17,19:17,6,0,0,BRYANT STREET SOUTH & CORNELL AVENUE WEST,1,3,0,0,1,4,,0,25,0,0,0,0,0,4,2,13
,2016_30196,39.681684,-104.95368,10/17/2016 9:00,9:00,12,0,0,BUCHTEL BOULEVARD EAST & FILLMORE STREET SOUTH,1,1,0,7,1,1,,0,35,0,0,0,0,0,4,2,16
,2016_30197,39.753576,-104.9813325,7/29/2016 13:47,13:47,10,0,0,CALIFORNIA STREET & 25TH STREET,1,1,0,0,1,1,,0,30,0,0,0,0,0,4,2,8
,2016_30198,39.712896,-104.9734035,7/27/2016 14:55,14:55,3,0,0,CEDAR AVENUE EAST & DOWNING STREET SOUTH,1,1,0,7,1,1,,0,25,0,0,0,0,1,4,2,16
,2016_30200,39.713094,-104.919966,7/13/2016 18:20,18:20,12,0,0,CEDAR AVENUE 5800 BLOCK EAST & JERSEY STREET SOUTH,1,1,0,7,1,3,,0,25,0,0,0,0,0,4,2,12
,2016_30201,39.756132,-104.8907115,1/28/2016 17:12,17:12,6,0,0,CENTRAL PARK BOULEVARD & 28TH AVENUE EAST,1,1,0,0,1,4,,0,30,0,0,0,0,0,4,3,13
,2016_30202,39.775032,-104.809923,12/8/2016 8:10,8:10,12,0,0,CHAMBERS ROAD NORTH & ANDREWS DRIVE EAST,5,1,3,7,1,3,,0,40,0,0,0,0,0,4,2,16
,2016_30203,39.7114965,-104.946282,11/10/2016 21:19,21:19,5,0,0,CHERRY CREEK NORTH DRIVE 3400 BLOCK EAST & MADISON STREET SOUTH,1,3,0,7,3,4,,0,35,0,0,0,1,1,4,1,1
,2016_30204,39.71466,-104.949972,7/11/2016 12:06,12:06,12,0,0,CHERRY CREEK NORTH DRIVE 3200 BLOCK EAST & STEELE STREET SOUTH,1,1,0,7,1,4,,0,30,0,0,0,0,0,4,2,1
,2016_30205,39.724074,-104.97753,1/28/2016 8:19,8:19,12,0,0,CLARKSON STREET NORTH & FIFTH AVENUE EAST,1,1,0,7,1,4,,0,25,0,0,0,0,0,4,2,16
,2016_30207,39.683979,-104.9828265,7/28/2016 7:53,7:53,6,0,1,COLORADO AVENUE EAST & LOGAN STREET SOUTH,1,1,0,0,1,4,,0,25,0,0,0,0,2,4,2,13
,2016_30208,39.76124955,-104.9573205,1/12/2016 10:23,10:23,3,0,0,COLUMBINE STREET NORTH & 5150,1,1,0,0,1,2,,0,25,0,0,0,0,0,4,2,13
,2016_30209,39.75062124,-104.9781423,9/18/2016 2:12,2:12,6,0,0,COURT PLACE & COURT PLACE 2200 BLOCK,1,3,0,0,1,4,,0,15,0,0,0,0,0,4,2,13
,2016_30210,39.682071,-104.9316525,3/10/2016 14:10,14:10,3,0,0,DAHLIA STREET SOUTH & JEWELL AVENUE EAST,1,1,0,7,1,1,,0,25,0,0,0,0,0,4,2,16
,2016_30211,39.77693224,-104.8283499,4/25/2016 1:00,1:00,6,0,0,DAVENPORT WAY & 4500 BLOCK NORTH,1,3,0,0,1,4,,0,25,0,0,0,0,0,4,2,13
,2016_30212,39.71932304,-105.0227727,2/28/2016 6:23,6:23,6,0,0,DECATUR STREET & 1300 BLOCK SOUTH,1,3,0,7,1,4,,0,25,0,0,0,0,0,4,2,5
,2016_30213,39.762009,-104.933151,6/3/2016 12:27,12:27,15,0,0,DEXTER STREET NORTH & MLK BOULEVARD,1,1,0,0,1,1,,0,25,0,0,0,0,0,4,2,13
,2016_30214,39.76283001,-104.9733612,6/18/2016 22:28,22:28,15,0,0,DOWNING STREET & 1600 BLOCK SOUTH,1,3,0,0,1,4,,0,30,0,0,0,0,0,4,2,14
,2016_30215,39.688875,-104.973435,10/7/2016 21:35,21:35,8,0,0,DOWNING STREET SOUTH & BUCHTEL BOULEVARD EAST,1,3,1,7,1,4,,0,30,0,0,0,0,0,4,2,12
,2016_30216,39.68757,-104.973444,7/9/2016 17:09,17:09,3,0,0,DOWNING STREET SOUTH & IOWA AVENUE EAST,1,1,0,7,1,1,,0,30,0,0,0,0,1,4,2,1
,2016_30217,39.682143,-104.9734305,11/21/2016 17:55,17:55,1,0,0,DOWNING STREET SOUTH & JEWELL AVENUE EAST,1,3,0,7,1,1,,0,30,0,0,0,0,0,4,2,14
,2016_30218,39.716559,-104.9875155,4/30/2016 16:21,16:21,15,0,0,ELLSWORTH AVENUE & BROADWAY,2,1,0,0,1,1,,0,30,0,0,0,0,0,4,2,13
,2016_30219,39.678417,-104.9642147,10/12/2016 16:45,16:45,3,0,0,EVANS AVENUE EAST & 124 EAST,1,1,0,0,1,2,,0,35,0,0,0,0,0,4,3,1
,2016_30220,39.678426,-104.9385015,4/7/2016 14:40,14:40,1,0,0,EVANS AVENUE 4100 BLOCK EAST & ASH STREET SOUTH,1,1,0,0,1,2,,0,35,0,0,0,0,0,4,2,13
,2016_30221,39.678489,-104.9875605,7/7/2016 22:09,22:09,12,0,0,EVANS AVENUE 000 BLOCK WEST & BROADWAY STREET SOUTH,1,3,0,7,1,1,,0,35,0,0,0,0,0,4,2,14
,2016_30222,39.678489,-104.9875605,7/20/2016 17:30,17:30,12,0,0,EVANS AVENUE 000 BLOCK EAST & BROADWAY STREET SOUTH,1,1,0,7,1,3,,0,30,0,0,0,0,0,4,2,16
,2016_30223,39.678507,-104.973444,7/14/2016 11:33,11:33,12,0,0,EVANS AVENUE EAST & DOWNING STREET SOUTH,1,1,0,7,1,3,,0,30,0,0,0,0,0,4,2,14
,2016_30224,39.678435,-104.9251905,12/1/2016 15:43,15:43,15,0,0,EVANS AVENUE EAST & GRAPE STREET SOUTH,1,1,1,0,1,1,,0,35,0,0,0,0,0,4,2,3
,2016_30225,39.678435,-104.922234,4/29/2016 7:29,7:29,15,0,0,EVANS AVENUE EAST & HOLLY STREET SOUTH,2,1,0,1,1,3,,0,30,0,0,0,0,0,4,2,8
,2016_30226,39.678516,-104.9757615,6/7/2016 17:08,17:08,12,0,0,EVANS AVENUE EAST & OGDEN STREET SOUTH,1,1,0,7,1,1,,0,35,0,0,0,0,1,4,3,3
,2016_30227,39.67857,-105.005223,3/18/2016 6:25,6:25,8,0,0,EVANS AVENUE WEST & OSAGE STREET SOUTH,5,2,1,2,1,4,,0,30,0,0,0,0,0,4,2,16
,2016_30228,39.743379,-104.9275215,5/7/2016 16:03,16:03,3,0,0,FILBERT COURT & 17TH AVENUE EAST,2,1,0,1,1,1,,0,30,0,0,0,0,0,4,3,13
,2016_30229,39.689334,-104.9569965,11/2/2016 18:48,18:48,3,0,0,FLORIDA AVENUE EAST & COLUMBINE STREET SOUTH,1,3,0,7,1,1,,0,30,0,0,0,0,0,4,2,16
,2016_30230,39.689217,-105.0003,4/22/2016 15:35,15:35,12,0,0,FLORIDA AVENUE 1000 BLOCK WEST & PLATTE RIVER DRIVE SOUTH,1,1,0,7,1,4,,0,30,0,0,0,0,0,4,2,16
,2016_30231,39.689523,-105.0156945,6/29/2016 8:49,8:49,12,0,1,FLORIDA AVENUE 2400 BLOCK WEST & ZUNI STREET SOUTH,1,1,0,7,1,4,,0,35,0,0,0,0,2,4,2,7
,2016_30232,39.711177,-104.9269635,12/8/2016 17:17,17:17,3,0,0,FOREST STREET SOUTH & ALAMEDA AVENUE EAST,6,3,0,7,1,3,,0,25,0,0,0,0,0,4,2,14
,2016_30233,39.79538977,-104.9687426,10/20/2016 11:55,11:55,6,0,0,FRANKLIN STREET & 3900 BLOCK NORTH,1,1,0,0,1,4,,0,25,0,0,0,0,0,4,5,7
,2016_30234,39.763233,-104.9683815,12/13/2016 12:57,12:57,6,0,0,FRANKLIN STREET NORTH & 33RD AVENUE EAST,1,1,0,0,1,4,,0,25,0,0,0,0,0,4,2,13
,2016_30235,39.73691268,-104.9835264,4/19/2016 15:01,15:01,15,0,0,GRANT STREET 1300 BLOCK NORTH & 13TH AVENUE EAST,1,1,0,0,1,4,,0,30,0,0,0,0,0,4,2,13
,2016_30237,39.741894,-104.9832,8/15/2016 14:05,14:05,15,0,0,GRANT STREET 1600 BLOCK NORTH & 16TH AVENUE EAST,1,1,1,0,1,4,,0,30,0,0,0,0,0,4,2,14
,2016_30238,39.77938356,-105.0267865,2/18/2016 13:58,13:58,6,0,0,GROVE STREET & 1700 BLOCK NORTH,1,1,1,7,1,2,,0,25,0,0,0,0,0,4,2,16
,2016_30239,39.7818601,-104.7396396,5/4/2016 19:45,19:45,12,0,0,GREEN VALLEY RANCH BOULEVARD & 15300 BLOCK EAST,1,3,0,0,1,4,,0,40,0,0,0,0,1,4,2,3
,2016_30240,39.78378,-104.809653,5/24/2016 13:22,13:22,15,0,0,GREEN VALLEY RANCH BOULEVARD EAST & CHAMBERS ROAD NORTH,1,1,0,7,1,1,,0,35,0,0,0,0,0,4,2,16
,2016_30241,39.781017,-104.749245,6/25/2016 16:11,16:11,3,0,0,GREEN VALLEY RANCH BOULEVARD EAST & JEBEL STREET NORTH,1,1,0,7,1,1,,0,35,0,0,0,0,1,4,2,16
,2016_30243,39.747366,-104.937246,8/4/2016 10:30,10:30,5,0,2,MONTVIEW BOULEVARD EAST & BELLAIRE STREET NORTH,1,1,0,0,2,4,,0,30,0,0,0,0,2,4,1,2
,2016_30244,39.783609,-104.7913916,1/28/2016 8:00,8:00,12,0,0,GREEN VALLEY RANCH BOULEVARD EAST & PENA BOULEVARD,1,1,0,7,1,3,,0,40,0,0,0,0,0,4,3,14
,2016_30245,39.783609,-104.772222,6/1/2016 7:55,7:55,12,0,0,GREEN VALLEY RANCH BOULEVARD EAST & TOWER ROAD NORTH,2,1,0,7,1,4,,0,35,0,0,0,0,0,4,2,1
,2016_30246,39.732327,-104.930451,5/25/2016 17:10,17:10,3,0,0,HALE PARKWAY EAST & EUDORA STREET NORTH,1,1,0,7,1,1,,0,25,0,0,0,0,0,4,2,14
,2016_30247,39.652965,-105.062535,4/1/2016 12:09,12:09,5,0,0,HAMPDEN WEST SERVICE ROAD SOUTH  & HARLAN STREET SOUTH,1,1,0,0,3,4,,0,45,0,0,0,0,0,4,2,7
,2016_30248,39.67126885,-104.9781445,2/24/2016 15:28,15:28,6,0,0,HARVARD AVENUE & 6500 EAST,1,1,0,0,1,2,,0,25,0,0,0,0,0,4,2,12
,2016_30250,39.737106,-104.975181,11/4/2016 18:00,18:00,6,0,0,OGDEN STREET 1300 BLOCK NORTH & 13TH AVENUE EAST,1,2,0,0,1,2,,0,10,0,0,0,0,0,4,2,14
,2016_30251,39.696759,-105.0274935,10/21/2016 14:00,14:00,3,0,0,HAZEL COURT SOUTH & MISSISSIPPI AVENUE WEST,1,1,0,0,1,1,,0,25,0,0,0,0,0,4,2,7
,2016_30252,39.7475505,-105.0234773,12/26/2016 13:00,13:00,5,0,0,MILE HI STADIUM WEST COUNTY ROAD & ELIOT STREET,1,1,0,6,1,3,,0,20,0,0,0,0,0,4,1,16
,2016_30253,39.73549573,-105.0208881,8/8/2016 16:06,16:06,6,0,0,HOLDEN PLACE WEST & HOLDEN PLACE 2700 BLOCK WEST,1,1,1,0,1,2,,0,,0,0,0,0,0,4,2,13
,2016_30254,39.678435,-104.922234,5/19/2016 16:26,16:26,15,0,0,HOLLY STREET SOUTH & EVANS AVENUE EAST,1,1,1,0,1,2,,0,30,0,0,0,0,0,4,2,13
,2016_30255,39.777984,-104.9223105,12/19/2016 18:04,18:04,3,0,0,HOLLY STREET NORTH & STAPLETON DRIVE SOUTH EAST,5,3,0,7,1,1,,0,25,0,0,0,0,1,4,2,14
,2016_30256,39.731112,-105.0286455,1/20/2016 8:00,8:00,6,0,0,HOOKER STREET 800 BLOCK NORTH & NINTH AVENUE WEST,1,1,1,7,1,4,,0,25,0,0,0,0,0,4,2,7
,2016_30257,39.759399,-105.0281505,1/8/2016 5:35,5:35,6,0,1,HOOKER STREET NORTH & HAYWARD PLACE WEST,4,4,0,2,1,4,,0,25,0,0,0,0,2,4,3,14
,2016_30259,39.725694,-104.9975415,3/3/2016 16:49,16:49,3,0,0,INCA STREET NORTH & SIXTH AVENUE WEST,1,1,1,0,1,1,,0,25,0,0,0,0,0,4,2,13
,2016_30260,39.758364,-104.919921,5/18/2016 21:00,21:00,6,0,0,IVY STREET 2878 NORTH & 29TH AVENUE EAST,1,3,0,0,1,4,,0,25,0,0,0,0,0,4,2,14
,2016_30261,39.651102,-104.8848435,9/2/2016 8:52,8:52,3,0,0,JEFFERSON AVENUE 8800 BLOCK EAST & YOSEMITE STREET SOUTH,1,1,0,0,1,2,,0,30,0,0,0,0,0,4,2,1
,2016_30262,39.736755,-104.919453,4/20/2016 14:58,14:58,12,0,0,JERSEY STREET NORTH & 13TH AVENUE EAST,1,1,0,0,1,2,,0,30,0,0,0,0,0,4,2,14
,2016_30263,39.682269,-105.0479955,4/29/2016 21:39,21:39,5,0,0,JEWELL AVENUE 4700 BLOCK WEST & WOLFF STREET SOUTH,2,3,0,2,3,4,,0,30,0,0,0,0,0,4,1,1
,2016_30264,39.77794247,-104.95827,10/30/2016 19:10,19:10,12,0,1,JOSEPHINE STREET & 1300 BLOCK NORTH,1,1,0,0,1,4,,0,60,0,0,0,0,2,4,2,14
,2016_30265,39.77621548,-104.917577,12/26/2016 21:28,21:28,6,0,0,KEARNEY STREET NORTH & 3200 BLOCK,1,3,0,0,1,4,,0,25,0,0,0,0,0,4,3,5
,2016_30266,39.700368,-105.0391035,7/19/2016 19:20,19:20,3,0,0,KENTUCKY AVENUE WEST & PATTON COURT SOUTH,2,2,0,1,1,1,,0,25,0,0,0,0,0,4,2,16
,2016_30267,39.65852114,-104.8589816,7/17/2016 23:50,23:50,5,0,0,KENYON AVENUE & 3800 BLOCK WEST,1,4,0,0,2,2,,0,40,0,0,0,0,0,4,1,5
,2016_30268,39.71655,-105.032493,8/16/2016 1:46,1:46,6,0,0,KNOX COURT & ELLSWORTH AVENUE WEST,1,3,0,0,1,4,,0,30,0,0,0,0,0,4,4,6
,2016_30269,39.752001,-104.9938155,4/30/2016 17:16,17:16,12,0,0,LARIMER STREET & 19TH STREET,2,1,0,1,1,1,,0,30,0,0,0,0,0,4,4,6
,2016_30271,39.752892,-104.9921415,10/29/2016 21:36,21:36,10,0,0,LARIMER STREET 2000 BLOCK & 21ST STREET,1,3,0,0,1,2,,0,30,0,0,0,0,1,4,2,13
,2016_30272,39.755088,-104.988114,2/28/2016 19:14,19:14,6,0,0,LAWRENCE STREET 2200 BLOCK & PARK AVENUE WEST,1,3,0,0,1,4,,0,25,0,0,0,0,0,4,2,13
,2016_30273,39.75417,-104.9893335,1/26/2016 10:25,10:25,3,0,0,LAWRENCE STREET & 22ND STREET,1,1,0,0,1,1,,0,30,0,0,0,0,1,4,3,13
,2016_30274,39.75417,-104.9893335,6/9/2016 23:30,23:30,3,0,0,LAWRENCE STREET & 22ND STREET,1,3,0,7,1,1,,0,25,0,0,0,0,0,4,2,8
,2016_30275,39.73190582,-104.9861681,9/28/2016 12:50,12:50,12,0,0,LINCOLN STREET & 1700 BLOCK NORTH,1,1,0,0,1,4,,0,35,0,0,0,0,0,4,2,1
,2016_30276,39.794364,-104.814702,12/19/2016 16:00,16:00,6,0,0,MAXWELL PLACE & ELKHART STREET,11,1,0,2,1,4,,0,25,0,0,0,0,0,4,2,7
,2016_30277,39.743559,-104.9859,11/23/2016 19:11,19:11,6,0,0,LINCOLN STREET 1700 BLOCK NORTH & 18TH AVENUE EAST,1,3,0,0,1,4,,0,35,0,0,0,0,0,4,2,1
,2016_30278,39.776535,-104.9864535,2/16/2016 8:42,8:42,15,0,0,LINCOLN STREET SOUTHBOUND 4400 BLOCK & 44TH AVENUE EAST,1,1,0,0,1,4,,0,25,0,0,0,0,0,4,2,14
,2016_30279,39.725649,-104.986314,2/3/2016 14:07,14:07,10,0,0,LINCOLN STREET NORTH & SPEER BOULEVARD EAST,2,1,0,0,1,1,,0,30,0,0,0,0,0,4,2,13
,2016_30280,39.725649,-104.986314,2/5/2016 9:06,9:06,15,0,0,LINCOLN STREET NORTH & SPEER BOULEVARD NORTH,2,1,0,0,1,1,,0,30,0,0,0,0,0,4,2,13
,2016_30281,39.75678875,-105.0042997,6/7/2016 12:00,12:00,6,0,0,LITTLE RAVEN STREET & 1600 BLOCK,1,1,0,0,1,4,,0,25,0,0,0,0,0,4,2,13
,2016_30282,39.74009706,-104.9823053,1/16/2016 11:03,11:03,10,0,0,LOGAN STREET 1500 BLOCK NORTH & 16TH AVENUE EAST,1,1,0,0,1,2,,0,30,0,0,0,0,0,4,2,7
,2016_30283,39.709296,-104.9827815,10/14/2016 18:49,18:49,12,0,0,LOGAN STREET SOUTH & DAKOTA AVENUE EAST,1,4,0,7,1,4,,0,30,0,0,0,0,1,4,2,16
,2016_30284,39.693024,-104.985117,5/13/2016 15:12,15:12,3,0,0,LOUISIANA AVENUE EAST & SHERMAN STREET SOUTH,1,1,0,7,1,1,,0,25,0,0,0,0,1,4,2,14
,2016_30285,39.71023191,-105.0062355,8/2/2016 19:01,19:01,6,0,0,NEVADA PLACE WEST & 3200 BLOCK,1,1,0,0,1,4,,0,25,0,0,0,0,0,4,3,1
,2016_30286,39.725595,-104.946183,7/1/2016 14:24,14:24,3,0,0,MADISON STREET NORTH & SIXTH AVENUE EAST,1,1,0,7,1,1,,0,25,0,0,0,0,1,4,2,3
,2016_30287,39.793986,-104.7421935,1/28/2016 15:31,15:31,6,0,0,MALTA STREET & 55TH AVENUE EAST,1,1,0,0,1,4,,0,30,0,0,0,0,0,4,2,14
,2016_30288,39.73522029,-104.9717675,11/2/2016 9:22,9:22,5,0,0,MARION STREET 1200 BLOCK NORTH & 12TH AVENUE EAST,1,1,0,0,2,4,,0,30,0,0,0,0,0,4,1,8
,2016_30289,39.75031845,-104.9977268,6/25/2016 2:05,2:05,15,0,0,MARKET STREET & 1900 BLOCK,1,3,0,0,1,4,,0,35,0,0,0,0,0,4,2,14
,2016_30290,39.748014,-105.000462,7/9/2016 22:05,22:05,12,0,0,MARKET STREET 1400 BLOCK & 14TH STREET,1,3,0,7,1,4,,0,30,0,0,0,0,1,4,2,16
,2016_30291,39.748941,-104.9995305,12/11/2016 16:37,16:37,12,0,0,MARKET STREET & 15TH STREET,1,2,0,7,1,1,,0,30,0,0,0,0,0,4,2,16
,2016_30292,39.751731,-104.9958765,1/7/2016 10:58,10:58,3,0,0,MARKET STREET & 18TH STREET,2,1,0,0,1,1,,0,30,0,0,0,0,0,4,2,13
,2016_30293,39.685689,-104.940846,7/28/2016 16:16,16:16,1,0,0,MEXICO AVENUE EAST & COLORADO BOULEVARD SOUTH,1,1,0,7,1,1,,0,35,0,0,0,0,0,4,2,16
,2016_30294,39.697956,-104.8823235,5/9/2016 20:40,20:40,1,0,0,MISSISSIPPI AVENUE EAST & ALTON STREET SOUTH,1,3,0,0,1,1,,0,40,0,0,0,0,0,4,2,13
,2016_30295,39.696723,-105.006591,1/21/2016 15:06,15:06,3,0,0,MISSISSIPPI AVENUE WEST & QUIVAS STS,1,1,0,0,1,1,,0,30,0,0,0,0,0,4,2,7
,2016_30296,39.696741,-105.009381,6/13/2016 15:05,15:05,3,0,0,MISSISSIPPI AVENUE WEST & RARITAN STREET SOUTH,1,1,1,7,1,1,,0,30,0,0,0,0,0,4,2,7
,2016_30297,39.696759,-105.0156675,4/22/2016 7:28,7:28,3,0,0,MISSISSIPPI AVENUE WEST & ZUNI STREET SOUTH,1,1,0,7,1,1,,0,20,0,0,0,0,0,4,2,16
,2016_30298,39.762,-104.912865,10/30/2016 20:23,20:23,15,0,0,MLK BOULEVARD & MONACO STREET NORTH,1,3,0,0,1,4,,0,35,0,0,0,0,0,4,3,14
,2016_30299,39.761973,-104.910561,12/26/2016 14:48,14:48,3,0,0,MLK BOULEVARD & NIAGARA STREET NORTH,1,1,0,7,1,1,,0,30,0,0,0,0,1,4,2,16
,2016_30300,39.761973,-104.905773,7/21/2016 17:17,17:17,1,0,1,MLK BOULEVARD & PONTIAC STREET NORTH,1,1,0,0,1,1,,0,35,0,0,0,0,2,4,2,14
,2016_30301,39.63799513,-104.9126831,9/21/2016 10:55,10:55,3,0,0,MONACO STREET & 1200 BLOCK SOUTH,1,2,0,0,1,1,,0,40,0,0,0,0,0,4,2,5
,2016_30302,39.738402,-104.912802,4/6/2016 14:04,14:04,3,0,0,MONACO STREET NORTH & 14TH AVENUE EAST,1,1,0,7,1,1,,0,30,0,0,0,0,0,4,2,14
,2016_30303,39.711366,-104.912964,1/5/2016 12:37,12:37,12,0,0,MONACO STREET 200 BLOCK SOUTH & ALAMEDA AVENUE EAST,1,1,0,0,1,1,,0,30,0,0,0,0,0,4,2,3
,2016_30304,39.711366,-104.912964,5/12/2016 17:00,17:00,12,0,0,MONACO STREET SOUTH & ALAMEDA AVENUE EAST,1,1,0,0,1,1,,0,35,0,0,0,0,0,4,2,13
,2016_30305,39.711366,-104.912964,6/14/2016 14:40,14:40,12,0,0,MONACO STREET 200 BLOCK SOUTH & ALAMEDA AVENUE EAST,1,1,0,7,1,3,,0,35,0,0,0,0,1,4,2,16
,2016_30306,39.696615,-104.912973,8/12/2016 5:35,5:35,6,0,0,MONACO STREET SOUTH & MISSISSIPPI AVENUE EAST,1,2,0,0,1,4,,0,35,0,0,0,0,0,4,3,5
,2016_30307,39.69846,-104.9129235,10/17/2016 17:15,17:15,12,0,0,MONACO STREET 900 BLOCK SOUTH & TENNESSEE AVENUE EAST,1,1,0,7,1,4,,0,30,0,0,0,0,0,4,2,3
,2016_30308,39.667626,-104.912964,11/14/2016 11:38,11:38,15,0,0,MONACO STREET 2700 BLOCK SOUTH & YALE AVENUE EAST,1,1,1,0,1,3,,0,35,0,0,0,0,0,4,2,13
,2016_30309,39.777993,-104.912901,2/19/2016 21:23,21:23,1,0,0,MONACO STREET NORTH & STAPLETON SOUTH DRIVE,1,3,0,7,1,1,,0,30,0,0,0,0,0,4,2,16
,2016_30310,39.79290082,-104.9451602,6/17/2016 18:41,18:41,6,0,0,MONROE STREET & 1335 NORTH,1,1,0,0,1,4,,0,25,0,0,0,0,0,4,2,3
,2016_30311,39.747438,-104.8963725,6/14/2016 15:13,15:13,15,0,0,MONTVIEW BOULEVARD EAST & TRENTON STREET,1,1,0,0,1,4,,0,30,0,0,0,0,0,4,2,13
,2016_30312,39.709629,-105.0350355,8/19/2016 15:42,15:42,12,0,0,MORRISON ROAD & LOWELL BOULEVARD SOUTH,1,1,0,0,1,1,,0,35,0,0,0,0,0,4,2,13
,2016_30313,39.711186,-104.9087025,2/10/2016 17:00,17:00,3,0,0,NEWPORT WAY SOUTH & ALAMEDA AVENUE EAST,1,3,0,7,1,1,,0,25,0,0,0,0,0,4,2,16
,2016_30314,39.649563,-104.9131035,1/12/2016 21:10,21:10,6,0,0,NIAGARA WAY SOUTH & MONACO STREET SOUTH,1,3,1,7,1,4,,0,25,0,0,0,0,0,4,2,16
,2016_30315,39.790323,-104.8526955,10/24/2016 16:03,16:03,6,0,0,NOME STREET NORTH & 51ST AVENUE EAST,1,1,0,0,1,4,,0,25,0,0,0,0,0,4,2,13
,2016_30316,39.78563444,-104.8996577,11/17/2016 19:07,19:07,5,0,0,NORTHFIELD BOULEVARD & QUEBEC STREET NORTH,4,3,1,2,3,4,,0,35,0,0,0,0,0,4,1,13
,2016_30317,39.77829,-104.903604,8/20/2016 16:13,16:13,12,0,0,NORTHFIELD QUEBEC STREET NORTH & I70,1,1,0,0,1,4,,0,45,0,0,0,0,0,4,2,7
,2016_30318,39.73203,-104.9752575,10/2/2016 12:41,12:41,6,0,0,OGDEN STREET NORTH & 10TH AVENUE EAST,1,1,0,0,1,4,,0,30,0,0,0,0,0,4,4,5
,2016_30319,39.74001,-104.99202,10/23/2016 17:38,17:38,3,0,0,OHIO AVENUE WEST & 3000 BLOCK ALLEY,1,1,0,0,1,5,,0,25,0,0,0,0,0,4,2,7
,2016_30320,39.64301661,-104.9063976,7/23/2016 21:00,21:00,6,0,0,ONEIDA STREET SOUTH & 990,1,3,0,0,1,4,,0,25,0,0,0,0,0,4,2,5
,2016_30321,39.781863,-104.737032,11/18/2016 8:35,8:35,12,0,0,ORLEANS STREET NORTH & GREEN VALLEY RANCH BOULEVARD EAST,1,1,0,7,1,1,,0,35,0,0,0,0,0,4,2,7
,2016_30322,39.78740365,-105.0051105,3/21/2016 14:44,14:44,9,0,0,OSAGE STREET & 1400 BLOCK NORTH,1,1,1,0,1,4,,0,30,0,0,0,0,0,4,2,13
,2016_30323,39.771792,-104.739156,9/1/2016 17:54,17:54,3,0,0,40TH PLACE EAST & ODESSA STREET NORTH,1,2,0,0,1,1,,0,25,0,0,0,0,0,4,2,13
,2016_30324,39.789126,-104.7378825,10/1/2016 2:20,2:20,5,0,0,51ST PLACE EAST & ORLEANS STREET NORTH,1,3,0,0,3,4,,0,25,0,0,0,0,0,4,1,5
,2016_30325,39.759426,-104.9937435,11/22/2016 8:45,8:45,10,0,0,PARK AVENUE WEST & DELGANY STREET,1,1,1,0,1,1,,0,35,0,0,0,0,0,4,2,13
,2016_30326,39.765726,-104.9948415,3/25/2016 10:43,10:43,12,0,0,PARK AVENUE WEST & GLOBEVILLE ROAD,2,1,0,7,1,4,,0,35,0,0,0,0,0,4,2,14
,2016_30327,39.742848,-104.9721615,7/26/2016 20:05,20:05,3,0,0,PARK AVENUE WEST & MARION STREET NORTH,1,1,0,0,1,1,,0,25,0,0,0,0,0,4,2,7
,2016_30329,39.75237,-104.984631,10/20/2016 23:51,23:51,3,0,1,PARK AVENUE WEST & STOUT STREET,1,3,0,7,1,1,,0,30,0,0,0,1,2,4,2,16
,2016_30331,39.749688,-104.9811255,4/8/2016 10:43,10:43,12,0,0,PARK AVENUE WEST & TREMONT PLACE,1,1,0,1,1,1,,0,45,0,0,0,0,0,4,3,3
,2016_30332,39.735144,-104.9798925,11/20/2016 14:30,14:30,6,0,0,PEARL STREET NORTH & 12TH AVENUE EAST,1,1,0,0,1,4,,0,25,0,0,0,0,0,4,2,13
,2016_30333,39.844602,-104.6809395,5/26/2016 16:51,16:51,15,0,0,PENA BOULEVARD 8200 BLOCK & MM 11,2,1,0,1,1,4,,0,45,0,0,0,0,0,4,2,1
,2016_30334,39.798396,-104.7873105,11/1/2016 15:20,15:20,12,0,0,PENA BOULEVARD 5600 BLOCK & 56TH AVENUE EAST,1,1,0,7,1,4,,0,65,0,0,0,0,0,4,2,1
,2016_30335,39.844602,-104.6809395,7/29/2016 13:15,13:15,15,0,0,PENA BOULEVARD EASTBOUND & 80TH AVENUE EAST,1,1,1,0,1,6,,0,45,0,0,0,0,0,4,2,8
,2016_30336,39.783609,-104.7913916,3/15/2016 15:22,15:22,12,0,0,PENA BOULEVARD INBOUND & GREEN VALLEY RANCH BOULEVARD EAST,1,1,0,7,1,3,,0,40,0,0,0,0,0,4,2,16
,2016_30337,39.77171824,-104.90281,11/14/2016 16:20,16:20,15,0,0,QUEBEC STREET & 2100 BLOCK NORTH,1,1,0,0,1,4,,0,30,0,0,0,0,0,4,2,13