id,drcog_id,latitude,longitude,crashtime,time,crashtype,numbkilled,numbinjurd,drcoglocat,rdconditin,lightngcon,roadcntgrd,weatherco,location,roaddescrp,schoolzone,constrzone,splimit,bikeinv,pedinv,sctrinv,motoinv,svrty,rdsystem,ttlvehcls,hcf
,2016_30338,39.783609,-104.7913916,8/18/2016 18:12,18:12,12,0,0,PENA BOULEVARD NORTHBOUND OFF RAMP & GREEN VALLEY RANCH BOULEVARD,1,1,1,0,1,3,,0,30,0,0,0,0,1,4,3,7
,2016_30339,39.83346903,-104.692932,7/6/2016 0:45,0:45,5,0,0,PENA BOULEVARD & JACKSON GAP,1,3,0,0,2,4,,0,65,0,0,0,0,0,4,1,13
,2016_30340,39.83346903,-104.692932,11/8/2016 3:40,3:40,5,0,0,PENA BOULEVARD & JACKSON GAP,1,3,0,0,3,1,,0,25,0,0,0,0,0,4,1,2
,2016_30341,39.83346903,-104.692932,11/17/2016 16:40,16:40,5,0,0,PENA BOULEVARD 7600 BLOCK & JACKSON GAP STREET NORTH,5,2,1,2,3,4,,0,55,0,0,0,0,0,4,1,7
,2016_30342,39.83338151,-104.771988,7/14/2016 22:39,22:39,12,0,0,PENA BOULEVARD 6900 & TOWER ROAD,1,3,0,7,1,4,,0,55,0,0,0,0,0,4,2,8
,2016_30343,39.83338151,-104.771988,7/21/2016 9:50,9:50,5,0,0,PENA BOULEVARD 7100 BLOCK & TOWER ROAD,1,1,0,7,3,4,,0,55,0,0,0,0,0,4,1,2
,2016_30344,39.72513078,-104.9811374,5/19/2016 17:25,17:25,6,0,0,PENNSYLVANIA STREET NORTH & 1400 BLOCK NORTH,1,1,0,0,2,4,,0,25,0,0,0,0,0,4,2,13
,2016_30345,39.771063,-104.8470435,6/22/2016 12:00,12:00,12,0,0,PEORIA STREET NORTH & 39TH AVENUE EAST,1,1,1,7,1,1,,0,35,0,0,0,0,1,4,3,16
,2016_30346,39.777255,-104.8460535,2/6/2016 22:21,22:21,15,0,0,PEORIA STREET 4400 BLOCK NORTH & 45TH AVENUE EAST,1,3,0,7,1,4,,0,35,0,0,0,0,0,4,2,4
,2016_30347,39.74001,-104.99202,3/22/2016 12:30,12:30,15,0,0,PEORIA STREET NORTH  SOUTHBOUND MERGE LANE & I70 EASTBOUND SLIP ON RAMP,1,1,1,0,1,1,,0,45,0,0,0,0,0,4,2,13
,2016_30348,39.76533298,-105.03929,2/20/2016 7:44,7:44,6,0,0,PERRY STREET & 4000 BLOCK NORTH,1,3,0,0,1,4,,0,25,0,0,0,0,0,4,2,13
,2016_30349,39.689217,-105.0003,10/28/2016 7:24,7:24,15,0,0,PLATTE RIVER DRIVE SOUTH & FLORIDA AVENUE WEST,1,1,0,0,1,1,,0,45,0,0,0,0,0,4,2,8
,2016_30350,39.756456,-105.0093135,8/4/2016 12:45,12:45,3,0,0,PLATTE STREET & 15TH STREET,1,1,0,0,1,2,,0,25,0,0,0,0,0,4,2,13
,2016_30351,39.737439,-104.903082,8/12/2016 16:02,16:02,12,0,0,QUEBEC STREET 1300 BLOCK NORTH & 13TH AVENUE EAST,1,1,0,7,1,4,,0,35,0,0,0,0,0,4,4,14
,2016_30352,39.743775,-104.9034825,1/20/2016 18:37,18:37,1,0,1,QUEBEC STREET NORTH & 17TH AVENUE EAST,1,3,0,0,1,1,,0,30,0,0,0,0,2,4,2,5
,2016_30353,39.765636,-104.9034645,6/7/2016 12:30,12:30,12,0,0,QUEBEC STREET NORTH & 35TH AVENUE EAST,1,1,0,7,1,3,,0,35,0,0,0,0,0,4,3,16
,2016_30355,39.765636,-104.9034645,7/18/2016 15:19,15:19,15,0,0,QUEBEC STREET NORTH & 35TH AVENUE EAST,2,1,0,1,1,4,,0,35,0,0,0,0,0,4,2,3
,2016_30356,39.662973,-104.902524,2/21/2016 15:00,15:00,5,0,0,QUEBEC STREET 3000 BLOCK SOUTH & CORNELL AVENUE EAST,1,1,0,0,3,4,,0,30,0,0,0,0,1,4,1,13
,2016_30357,39.70386,-104.903496,1/26/2016 16:30,16:30,12,0,0,QUEBEC STREET 700 BLOCK SOUTH & EXPOSITION AVENUE EAST,1,3,0,7,1,3,,0,35,0,0,0,0,0,4,3,3
,2016_30358,39.70386,-104.903496,8/18/2016 8:47,8:47,15,0,0,QUEBEC STREET SOUTH & EXPOSITION AVENUE EAST,1,1,0,0,1,1,,0,30,0,0,0,0,0,4,2,1
,2016_30359,39.717045,-104.903793,3/25/2016 7:52,7:52,12,0,0,QUEBEC STREET NORTH & LOWRY BOULEVARD EAST,5,1,0,0,1,4,,0,35,0,0,0,0,0,4,3,13
,2016_30360,39.695652,-104.903595,3/8/2016 7:15,7:15,12,0,0,QUEBEC STREET 1100 BLOCK SOUTH & MISSISSIPPI AVENUE,1,1,0,7,1,2,,0,35,0,0,0,0,0,4,2,14
,2016_30362,39.761964,-104.903451,4/26/2016 16:21,16:21,15,0,0,QUEBEC STREET NORTH & MLK BOULEVARD,1,1,0,7,1,4,,0,35,0,0,0,0,0,4,2,3
,2016_30363,39.761964,-104.903451,11/15/2016 17:40,17:40,15,0,0,QUEBEC STREET NORTH & MLK BOULEVARD,1,3,1,0,1,4,,0,30,0,0,0,0,0,4,2,13
,2016_30364,39.638664,-104.89266,5/16/2016 11:42,11:42,1,0,0,QUINCY AVENUE EAST & TAMARAC STREET SOUTH,2,1,0,1,1,1,,0,35,0,0,0,0,0,4,2,13
,2016_30365,39.638664,-104.89266,11/6/2016 13:48,13:48,3,0,0,QUINCY AVENUE EAST & TAMARAC STREET SOUTH,1,1,0,0,1,1,,0,25,0,0,0,0,0,4,2,13
,2016_30366,39.760731,-104.9634225,9/7/2016 7:15,7:15,3,0,0,RACE STREET NORTH & 31ST AVENUE EAST,1,1,0,7,1,3,,0,35,0,0,0,0,1,4,2,16
,2016_30367,39.738474,-105.041673,9/15/2016 12:36,12:36,3,0,0,RALEIGH STREET NORTH & 14TH STREET WEST,1,1,1,0,1,1,,0,25,0,0,0,0,0,4,2,13
,2016_30368,39.748932,-105.001254,1/22/2016 15:47,15:47,15,0,0,14TH STREET & BLAKE STREET,1,1,0,0,1,1,,0,20,0,0,0,0,0,4,2,13
,2016_30369,39.743955,-104.9954625,8/13/2016 15:36,15:36,6,0,0,14TH STREET 800 BLOCK & STOUT STREET,1,1,0,0,1,4,,0,25,0,0,0,0,0,4,2,13
,2016_30370,39.744882,-104.99427,10/27/2016 8:11,8:11,15,0,0,15TH STREET & STOUT STREET,1,1,0,0,1,1,,0,30,0,0,0,0,0,4,2,13
,2016_30371,39.751056,-104.995026,11/14/2016 9:05,9:05,15,0,0,18TH STREET & LARIMER STREET,1,1,0,0,1,1,,0,30,0,0,0,0,0,4,2,13
,2016_30372,39.751731,-104.9958765,9/17/2016 18:00,18:00,10,0,1,18TH STREET 1400 BLOCK & MARKET STREET,1,1,0,0,1,2,,0,25,0,0,0,1,2,4,2,7
,2016_30373,39.75781591,-105.0013202,2/27/2016 21:03,21:03,6,0,0,19TH STREET & 2205,1,3,0,7,1,4,,0,20,0,0,0,0,0,4,2,14
,2016_30374,39.752676,-104.9946705,1/29/2016 16:45,16:45,15,0,0,19TH STREET & MARKET STREET,1,2,0,7,1,1,,0,30,0,0,0,0,0,4,2,14
,2016_30375,39.75762822,-104.9985991,4/23/2016 13:35,13:35,12,0,0,20TH STREET & 2150 BLOCK,1,1,0,0,1,4,,0,30,0,0,0,0,0,4,3,13
,2016_30376,39.754305,-104.9942745,9/3/2016 21:49,21:49,3,0,0,20TH STREET & BLAKE STREET,1,3,0,0,1,2,,0,30,0,0,0,0,0,4,2,13
,2016_30377,39.759579,-105.0017805,4/19/2016 5:33,5:33,3,0,0,20TH STREET & LITTLE RAVEN STREET,2,2,1,1,1,1,,0,35,0,0,0,0,0,4,2,2
,2016_30378,39.7618065,-105.0054908,11/10/2016 7:27,7:27,3,0,0,20TH STREET & OSAGE STREET NORTH,1,1,1,0,1,1,,0,25,0,0,0,0,0,4,2,3
,2016_30379,39.75705,-104.992893,4/15/2016 20:38,20:38,12,0,0,22ND STREET & WAZEE STREET,1,3,0,0,1,4,,0,30,0,0,0,0,0,4,2,3
,2016_30380,39.756411,-104.987421,12/1/2016 20:08,20:08,3,0,0,24TH STREET & BROADWAY STREET NORTH,1,3,1,7,1,1,,0,30,0,0,0,0,1,4,2,7
,2016_30381,39.755988,-104.9868855,1/28/2016 7:51,7:51,1,0,0,24TH STREET & LAWRENCE STREET,1,1,0,7,1,1,,0,25,0,0,0,0,0,4,2,14
,2016_30382,39.758418,-104.9984505,1/8/2016 9:10,9:10,12,0,0,29TH STREET & INCA STREET,4,1,0,2,1,1,,0,25,0,0,0,0,0,4,2,13
,2016_30383,39.768543,-104.974173,12/9/2016 19:59,19:59,3,0,0,36TH STREET & WALNUT STREET,1,3,0,7,1,1,,0,30,0,0,0,0,0,4,2,16
,2016_30384,39.78751178,-104.8437141,11/3/2016 17:05,17:05,3,0,0,SCRANTON STREET 5000 BLOCK NORTH & 51ST AVENUE EAST,1,2,0,0,1,3,,0,25,0,0,0,0,0,4,2,7
,2016_30385,39.790233,-105.010191,1/1/2016 14:34,14:34,6,0,0,SHOSHONE STREET NORTH & BERKELEY PLACE WEST,14,5,0,7,1,1,,0,25,0,0,0,0,0,4,2,16
,2016_30386,39.73851768,-104.9969761,3/30/2016 17:01,17:01,12,0,0,SPEER BOULEVARD & 1224,2,1,0,2,1,4,,0,35,0,0,0,0,1,4,4,13
,2016_30387,39.71878396,-105.0108325,11/21/2016 17:28,17:28,12,0,0,TEJON STREET & 3700 BLOCK NORTH,1,2,1,0,1,4,,0,30,0,0,0,0,0,4,2,13
,2016_30388,39.748446,-105.0033735,12/15/2016 17:26,17:26,12,0,0,SPEER BOULEVARD 1300 BLOCK NORTH & AURARIA PARKWAY,1,3,0,7,1,4,,0,30,0,0,0,0,0,4,2,16
,2016_30389,39.75003,-105.0049305,1/25/2016 17:30,17:30,12,0,0,SPEER BOULEVARD 1750 BLOCK NORTH & CHOPPER CIRCLE,3,3,0,2,1,4,,0,35,0,0,0,0,1,4,2,16
,2016_30390,39.740022,-104.998824,5/28/2016 23:30,23:30,15,0,0,SPEER BOULEVARD & COLFAX AVENUE WEST,1,3,0,0,1,4,,0,30,0,0,0,0,0,4,3,13
,2016_30391,39.746403,-105.0014385,2/9/2016 9:30,9:30,10,0,0,SPEER BOULEVARD & LARIMER STREET,1,1,0,0,1,1,,0,35,0,0,0,0,0,4,2,8
,2016_30392,39.725649,-104.986314,2/5/2016 17:15,17:15,15,0,0,SPEER BOULEVARD EAST & LINCOLN STREET NORTH,1,3,0,7,1,4,,0,35,0,0,0,0,0,4,2,16
,2016_30393,39.725649,-104.986314,8/13/2016 1:53,1:53,3,0,0,SPEER BOULEVARD EAST & LINCOLN STREET NORTH,1,3,0,0,1,1,,0,35,0,0,0,0,0,4,2,5
,2016_30394,39.747672,-105.002334,4/1/2016 23:53,23:53,1,0,0,SPEER BOULEVARD NORTH & MARKET STREET,1,3,0,0,1,1,,0,35,0,0,0,0,0,4,2,3
,2016_30395,39.741426,-104.9988915,4/7/2016 18:00,18:00,10,0,0,SPEER BOULEVARD NORTH & STOUT STREET,1,1,0,0,1,1,,0,30,0,0,0,0,0,4,2,13
,2016_30396,39.750192,-105.0047415,4/29/2016 22:19,22:19,1,0,0,SPEER BOULEVARD NORTH & WEWATTA STREET,2,3,0,0,1,1,,0,35,0,0,0,0,1,4,2,13
,2016_30397,39.779766,-104.931729,10/13/2016 8:00,8:00,15,0,0,STAPLETON DRIVE NORTH & STAPLETON DRIVE 4800 BLOCK NORTH,1,1,0,0,1,4,,0,,0,0,0,0,0,4,2,13
,2016_30398,39.769344,-104.8997025,11/7/2016 17:49,17:49,3,0,0,SYRACUSE STREET NORTH & 38TH AVENUE EAST,1,3,0,7,1,1,,0,15,0,0,0,0,0,4,2,16
,2016_30399,39.638664,-104.89266,11/28/2016 22:10,22:10,1,0,0,TAMARAC STREET SOUTH & QUINCY AVENUE EAST,1,3,0,0,1,1,,0,25,0,0,0,0,0,4,2,7
,2016_30400,39.71878396,-105.0108325,8/16/2016 10:35,10:35,5,0,0,TEJON STREET & 835 SOUTH,1,1,0,0,1,4,,0,25,0,0,0,0,0,4,2,13
,2016_30402,39.731229,-105.0438735,11/26/2016 6:30,6:30,6,0,0,TENNYSON STREET 900 BLOCK NORTH & NINTH AVENUE WEST,1,1,0,0,1,4,,0,25,0,0,0,0,0,4,2,13
,2016_30403,39.776697,-105.0438015,9/5/2016 9:21,9:21,6,0,0,TENNYSON STREET 4400 BLOCK NORTH & 44TH AVENUE WEST,1,1,0,0,1,3,,0,35,0,0,0,0,0,4,2,14
,2016_30404,39.74075314,-104.9926813,10/20/2016 18:02,18:02,15,0,0,TERMONT PLACE & 1700 BLOCK,1,1,0,0,1,4,,0,25,0,0,0,0,0,4,2,7
,2016_30405,39.781782,-104.772267,10/13/2016 13:36,13:36,1,0,1,TOWER ROAD NORTH & 47TH AVENUE EAST,1,1,1,0,1,1,,0,40,0,0,0,0,2,4,2,13
,2016_30406,39.798234,-104.7721815,1/21/2016 5:40,5:40,1,0,0,TOWER ROAD NORTH & 56TH AVENUE EAST,1,3,1,7,1,1,,0,45,0,0,0,0,0,4,2,7
,2016_30408,39.798234,-104.7721815,10/14/2016 12:45,12:45,15,0,0,TOWER ROAD NORTH & 56TH AVENUE EAST,1,1,0,0,1,4,,0,40,0,0,0,0,0,4,2,1
,2016_30409,39.82555135,-104.7717451,4/2/2016 15:26,15:26,15,0,0,TOWER ROAD 7100 BLOCK NORTH & 71ST AVENUE EAST,1,1,0,7,1,4,,0,40,0,0,0,0,0,4,2,16
,2016_30410,39.83338151,-104.771988,8/10/2016 8:10,8:10,12,0,0,TOWER ROAD NORTH & PENA BOULEVARD,1,1,0,7,1,3,,0,45,0,0,0,0,0,4,2,3
,2016_30411,39.631356,-104.8923,2/24/2016 19:50,19:50,3,0,0,UNION AVENUE EAST & DTC BOULEVARD SOUTH,1,3,0,7,1,1,,0,35,0,0,0,0,0,4,2,14
,2016_30412,39.691125,-104.959332,3/28/2016 13:30,13:30,12,0,1,UNIVERSITY BOULEVARD 1400 BLOCK SOUTH & ARKANSAS AVENUE EAST,1,1,0,7,1,1,,0,30,0,0,0,0,2,4,2,16
,2016_30413,39.715263,-104.959323,1/26/2016 17:55,17:55,12,0,0,UNIVERSITY BOULEVARD 100 BLOCK SOUTH & CHERRY CREEK SOUTH DRIVE,1,3,0,7,1,3,,0,30,0,0,0,0,0,4,2,16
,2016_30414,39.715263,-104.959323,5/31/2016 14:23,14:23,12,0,0,UNIVERSITY BOULEVARD 000 BLOCK SOUTH & CHERRY CREEK SOUTH DRIVE EAST,1,1,0,7,1,4,,0,30,0,0,0,0,0,4,2,16
,2016_30415,39.72393,-104.8839413,12/29/2016 8:30,8:30,3,0,0,YOSEMITE STREET & LOWRY BOULEVARD EAST,1,1,0,0,1,6,,0,15,0,0,0,0,1,4,2,14
,2016_30416,39.698388,-104.959332,7/23/2016 12:24,12:24,12,0,0,UNIVERSITY BOULEVARD SOUTH & TENNESSEE AVENUE EAST,1,1,0,7,1,3,,0,30,0,0,0,0,1,4,4,3
,2016_30417,39.739986,-104.961015,1/30/2016 14:01,14:01,3,0,0,VINE STREET GAYLORD STREET ALLEY 1400 BLOCK & COLFAX AVENUE EAST,1,1,0,7,1,5,,0,15,0,0,0,0,0,4,2,8
,2016_30418,39.735612,-104.889393,4/29/2016 19:34,19:34,6,0,0,WABASH STREET & 12TH AVENUE EAST,2,4,0,1,1,4,,0,25,0,0,0,0,0,4,2,7
,2016_30419,39.74629044,-105.0052057,7/4/2016 12:00,12:00,15,0,0,WALNUT STREET & 3000 BLOCK,1,1,0,0,1,4,,0,30,0,0,0,0,0,4,2,8
,2016_30420,39.729078,-104.983614,9/4/2016 18:25,18:25,5,0,0,EIGHTH AVENUE & GRANT STREET NORTH,1,1,0,0,2,1,,0,25,0,0,0,0,0,4,1,15
,2016_30421,39.784068,-104.9900805,11/14/2016 15:45,15:45,12,0,0,WARNER PLACE WEST & 48TH AVENUE WEST,1,1,1,7,1,1,,0,25,0,0,0,0,1,4,2,7
,2016_30422,39.75121029,-104.999951,7/16/2016 11:06,11:06,12,0,0,WAZEE STREET 1600 BLOCK & 16TH STREET,1,1,0,0,1,2,,0,25,0,0,0,0,0,4,2,13
,2016_30423,39.755727,-104.9768325,4/28/2016 11:46,11:46,7,0,2,WELTON STREET & 28TH STREET,2,1,0,1,1,1,,0,25,0,0,0,0,2,4,2,10
,2016_30424,39.755043,-105.000291,5/26/2016 14:41,14:41,8,0,1,WEWATTA STREET & 18TH STREET,1,1,0,0,6,4,,0,25,0,0,0,0,2,4,2,10
,2016_30425,39.754476,-104.965956,7/4/2016 18:50,18:50,6,0,0,WILLIAM STREET 2600 BLOCK NORTH & 26TH AVENUE EAST,1,1,0,0,1,4,,0,25,0,0,0,0,1,4,2,13
,2016_30426,39.729114,-104.960232,7/7/2016 16:22,16:22,12,0,0,YORK STREET 800 BLOCK NORTH & EIGHTH AVENUE EAST,1,1,0,7,1,4,,0,30,0,0,0,0,0,4,2,14
,2016_30427,39.75075338,-104.9597156,5/31/2016 8:27,8:27,15,0,0,YORK STREET 2300 BLOCK NORTH & 23RD AVENUE EAST,1,1,0,7,1,4,,0,30,0,0,0,0,0,4,2,16
,2016_30428,39.78458426,-104.884983,5/1/2016 21:00,21:00,6,0,0,YOSEMITE STREET & 2863 NORTH,1,3,0,0,1,4,,0,25,0,0,0,0,0,4,2,13
,2016_30429,39.762018,-105.015843,12/19/2016 12:28,12:28,1,0,0,ZUNI STREET NORTH & 32ND AVENUE WEST,6,1,1,7,1,1,,0,30,0,0,0,0,0,4,2,16
,2016_30430,39.75633,-105.015852,12/18/2016 14:15,14:15,12,0,0,ZUNI STREET 2700 BLOCK NORTH & SPEER BOULEVARD NORTH,4,1,1,7,1,3,,0,30,0,0,0,0,0,4,2,7
,2016_30497,39.63861,-104.899284,8/31/2016 16:55,16:55,6,0,0,SYRACUSE STREET & QUINCY AVENUE EAST,1,1,0,0,1,4,,0,,0,0,0,0,0,4,4,13
,2016_30696,39.689379,-104.9804415,6/28/2016 10:33,10:33,6,0,0,FLORIDA AVENUE 600 BLOCK EAST & PEARL STREET,1,1,0,0,1,5,,0,25,0,0,0,0,0,4,2,7
,2016_30728,39.78261899,-105.0427634,9/15/2016 13:34,13:34,6,0,0,STUART STREET & 4200 BLOCK NORTH,1,1,1,0,1,4,,0,25,0,0,0,0,0,4,2,13
,2016_30831,39.758787,-105.0026535,12/24/2016 17:09,17:09,5,0,0,LITTLE RAVEN STREET & 19TH STREET,1,3,1,6,3,4,,0,25,0,0,0,0,0,4,1,14
,2016_30840,39.778398,-104.924691,4/7/2016 8:31,8:31,12,0,0,GRAPE STREET & STAPLETON DRIVE SOUTH,1,1,0,7,1,1,,0,25,0,0,0,0,0,4,2,16
,2016_31029,39.798396,-104.7873105,10/30/2016 0:30,0:30,5,0,0,PENA BOULEVARD 5700 BLOCK & 56TH AVENUE,1,3,0,7,3,4,,0,55,0,0,0,0,0,4,1,5
,2016_31086,39.798099,-104.8353975,8/16/2016 23:40,23:40,5,0,0,UVALDA STREET & 56TH AVENUE EAST,1,3,0,0,2,4,,0,45,0,0,0,0,0,4,1,7
,2016_31100,39.68539696,-104.9663088,8/20/2016 20:00,20:00,6,0,0,WILLIAMS STREET 1700 BLOCK NORTH & 17TH AVENUE EAST,1,1,0,0,1,4,,0,,0,0,0,0,0,4,2,13
,2016_31101,39.730437,-104.983614,9/2/2016 17:45,17:45,15,0,0,GRANT STREET & NINTH AVENUE EAST,1,1,0,0,1,4,,0,30,0,0,0,0,0,4,2,13
,2016_31116,39.685752,-104.980473,5/20/2016 9:58,9:58,6,0,0,MEXICO AVENUE EAST & PEARL STREET,1,1,0,0,1,4,,0,25,0,0,0,0,0,4,2,7
,2016_31128,39.732948,-105.027516,1/6/2016 7:54,7:54,14,0,0,10TH AVENUE WEST & HAZEL COURT NORTH,1,1,0,0,1,1,,0,30,0,0,0,0,0,4,2,14
,2016_31129,39.693069,-104.9991705,1/11/2016 12:50,12:50,3,0,0,JASON STREET SOUTH & LOUISIANA AVENUE WEST,1,1,1,0,1,1,,0,30,0,0,0,0,0,4,2,13
,2016_31131,39.747456,-104.884695,1/11/2016 14:23,14:23,3,0,0,MONTVIEW BOULEVARD & CENTRAL PARK BOULEVARD,1,1,1,0,1,1,,0,30,0,0,0,0,0,4,2,8
,2016_31132,39.635046,-105.081804,4/16/2016 18:02,18:02,15,0,0,WADSWORTH BOULEVARD SOUTH & STANFORD AVENUE WEST,2,1,1,2,1,4,,0,30,0,0,0,0,0,4,2,3
,2016_31133,39.798387,-104.861304,5/16/2016 17:40,17:40,15,0,0,56TH AVENUE EAST & JOLIET STREET NORTH,2,1,0,1,1,4,,0,35,0,0,0,0,1,4,2,14
,2016_31134,39.743217,-104.96475,8/18/2016 12:40,12:40,12,0,0,17TH AVENUE EAST & HIGH STREET NORTH,1,1,0,0,1,3,,0,30,0,0,0,0,1,4,2,13
,2016_31135,39.72627,-105.0002055,8/18/2016 15:14,15:14,15,0,0,SIXTH AVENUE WEST & KALAMATH STREET NORTH,1,1,0,0,1,4,,0,20,0,0,0,0,0,4,2,13
,2016_31136,39.718278,-104.973777,8/22/2016 7:00,7:00,10,0,0,SPEER BOULEVARD EAST & DOWNING STREET NORTH,1,1,1,0,1,2,,0,30,0,0,0,0,0,4,2,7
,2016_31137,39.695652,-104.903595,8/22/2016 16:20,16:20,1,0,0,QUEBEC STREET SOUTH & MISSISSIPPI AVENUE EAST,1,1,1,0,1,1,,0,35,0,0,0,0,0,4,2,13
,2016_31138,39.75948,-104.957343,8/23/2016 10:50,10:50,6,0,0,COLUMBINE STREET NORTH & 30TH AVENUE EAST,1,1,0,0,1,4,,0,,0,0,0,0,0,4,2,1
,2016_31139,39.786408,-104.847156,9/16/2016 12:25,12:25,15,0,0,49TH AVENUE EAST & PEORIA STREET NORTH,1,1,0,0,1,1,,0,35,0,0,0,0,0,4,2,13
,2016_31140,39.783609,-104.7913916,8/25/2016 7:50,7:50,3,0,0,GREEN VALLEY RANCH BOULEVARD & PENA BOULEVARD NORTHBOUND RAMPS,1,1,0,0,1,3,,0,45,0,0,0,0,0,4,2,14
,2016_31141,39.75453,-104.987421,8/28/2016 19:35,19:35,1,0,1,PARK AVENUE WEST & BROADWAY NORTH,1,2,0,0,1,1,,0,30,0,0,0,1,2,4,2,8
,2016_31142,39.754008,-104.996412,8/29/2016 17:58,17:58,9,0,0,19TH STREET & WAZEE STREET,1,2,0,0,1,1,,0,30,0,0,0,0,0,4,2,14
,2016_31143,39.743748,-104.941881,8/30/2016 14:00,14:00,12,0,0,17TH AVENUE EAST & HARRISON STREET NORTH,1,1,0,0,1,4,,0,30,0,0,0,0,0,4,2,3
,2016_31144,39.756132,-104.8907115,9/6/2016 15:54,15:54,1,0,0,CENTRAL PARK BOULEVARD & 28TH AVENUE EAST,1,1,0,0,1,1,,0,25,0,0,0,0,0,4,2,13
,2016_31145,39.769272,-105.006456,9/6/2016 18:38,18:38,14,0,0,38TH AVENUE WEST & PECOS STREET NORTH,1,2,0,0,6,4,,0,35,0,0,0,0,0,4,2,10
,2016_31146,39.757158,-105.0158205,9/9/2016 7:45,7:45,15,0,0,ZUNI STREET NORTH & 28TH AVENUE WEST,1,1,0,0,1,4,,0,35,0,0,0,0,0,4,2,13
,2016_31147,39.667626,-104.910921,9/10/2016 11:25,11:25,12,0,0,YALE AVENUE EAST & MAGNOLIA STREET SOUTH,1,1,0,0,1,1,,0,30,0,0,0,0,0,4,3,12
,2016_31148,39.702402,-105.0062535,9/11/2016 21:27,21:27,6,0,0,PECOS STREET & OHIO STREET,1,3,0,0,1,3,,0,25,0,0,0,0,0,4,2,5
,2016_31149,39.68568,-104.943024,9/13/2016 19:00,19:00,6,0,0,JACKSON STREET & MEXICO AVENUE,1,1,0,0,1,4,,0,25,0,0,0,0,0,4,2,13
,2016_31150,39.720987,-104.9546475,9/14/2016 11:55,11:55,6,0,0,THIRD AVENUE & DETROIT STREET NORTH,1,1,0,0,1,4,,0,25,0,0,0,0,0,4,2,3
,2016_31151,39.73365,-104.9161545,9/15/2016 10:15,10:15,3,0,0,KRAMERIA STREET NORTH & 11TH AVENUE EAST,1,1,0,0,1,1,,0,25,0,0,0,0,0,4,2,13
,2016_31152,39.751182,-104.9878935,9/18/2016 16:55,16:55,3,0,0,21ST STREET & CHAMPA STREET,1,1,0,0,1,1,,0,30,0,0,0,0,0,4,2,13
,2016_31153,39.685662,-104.9394825,9/20/2016 11:01,11:01,3,0,0,MEXICO AVENUE & ALBION STREET SOUTH,1,1,1,0,1,2,,0,,0,0,0,0,0,4,2,13
,2016_31154,39.725613,-104.9613435,9/20/2016 16:13,16:13,3,0,0,GAYLORD STREET NORTH & SIXTH AVENUE EAST,1,1,1,0,1,1,,0,25,0,0,0,0,0,4,2,13
,2016_31155,39.745431,-104.9901075,9/24/2016 23:09,23:09,3,0,0,17TH STREET & WELTON STREET,1,3,1,0,1,1,,0,,0,0,0,0,0,4,2,13
,2016_31156,39.70431,-105.0472215,9/25/2016 13:02,13:02,6,0,1,EXPOSITION AVENUE WEST & VRAIN STREET SOUTH,1,1,0,0,1,4,,0,25,0,0,0,0,2,4,4,1
,2016_31158,39.762,-104.912865,9/26/2016 15:12,15:12,1,0,0,MLK BOULEVARD & MONACO STREET NORTH,1,1,0,0,1,1,,0,,0,0,0,0,1,4,2,13
,2016_31159,39.72627,-105.0002055,9/26/2016 15:38,15:38,15,0,1,SIXTH AVENUE 1100 BLOCK WEST & KALAMATH STREET NORTH,1,1,0,0,1,4,,0,35,0,0,0,0,1,4,2,14
,2016_31160,39.797559,-104.82363,9/28/2016 15:01,15:01,3,0,1,RANDOLPH PLACE & BLACKHAWK WAY NORTH,1,1,1,0,1,1,,0,25,0,0,0,0,2,4,3,9
,2016_31161,39.728907,-104.998644,9/30/2016 15:23,15:23,12,0,0,EIGHTH AVENUE & SANTA FE DRIVE NORTH,1,1,0,0,1,4,,0,30,0,0,0,0,0,4,2,13
,2016_31162,39.736827,-104.99166,10/6/2016 10:04,10:04,3,0,0,CHEROKEE STREET NORTH & 13TH AVENUE WEST,2,1,0,0,1,1,,0,30,0,0,0,0,0,4,2,13
,2016_31163,39.703896,-105.020361,10/7/2016 7:48,7:48,3,0,0,CLAY STREET SOUTH & EXPOSITION AVENUE WEST,1,1,0,0,1,1,,0,25,0,0,0,0,0,4,2,13
,2016_31164,39.780675,-104.765301,10/8/2016 3:30,3:30,6,0,0,ARGONNE STREET NORTH & 46TH AVENUE EAST,1,3,0,0,1,4,,0,,0,0,0,0,0,4,4,13
,2016_31165,39.715659,-104.9875335,10/11/2016 18:25,18:25,3,0,0,BROADWAY NORTH & ARCHER PLACE WEST,1,2,0,0,1,2,,0,35,0,0,0,0,1,4,3,13
,2016_31166,39.785724,-104.883093,10/14/2016 12:59,12:59,3,0,0,NORTHFIELD BOULEVARD & CENTRAL PARK BOULEVARD,1,1,0,0,1,1,,0,35,0,0,0,0,0,4,2,13
,2016_31167,39.752928,-104.980473,10/29/2016 18:53,18:53,3,0,0,25TH STREET & WELTON STREET,1,3,0,0,1,1,,0,30,0,0,0,0,0,4,2,13