id,drcog_id,latitude,longitude,crashtime,time,crashtype,numbkilled,numbinjurd,drcoglocat,rdconditin,lightngcon,roadcntgrd,weatherco,location,roaddescrp,schoolzone,constrzone,splimit,bikeinv,pedinv,sctrinv,motoinv,svrty,rdsystem,ttlvehcls,hcf
,2016_31168,39.718332,-104.966784,8/16/2016 17:27,17:27,12,0,0,FIRST AVENUE 1600 BLOCK EAST & GILPIN STREET SOUTH,1,1,0,0,1,4,,0,30,0,0,0,0,0,4,4,14
,2016_31169,39.718152,-105.0300135,4/28/2016 17:16,17:16,3,0,0,FIRST AVENUE WEST & IRVING STREET NORTH,1,1,0,0,1,1,,0,30,0,0,0,0,0,4,2,7
,2016_31170,39.718026,-104.9522265,5/1/2016 12:32,12:32,15,0,0,FIRST AVENUE 3000 BLOCK EAST & MILWAUKEE STREET,2,1,0,1,1,4,,0,30,0,0,0,0,0,4,2,7
,2016_31171,39.717792,-104.9508225,11/4/2016 15:03,15:03,15,0,0,FIRST AVENUE EAST & STEELE STREET NORTH,1,1,0,0,1,1,,0,30,0,0,0,0,0,4,2,3
,2016_31172,39.718179,-104.959314,1/9/2016 18:27,18:27,15,0,0,FIRST AVENUE EAST & UNIVERSITY BOULEVARD NORTH,1,3,0,0,1,1,,0,30,0,0,0,0,0,4,2,13
,2016_31173,39.759885,-104.9870835,8/18/2016 19:30,19:30,6,0,0,BLAKE STREET ALLEY & 26TH STREET,1,3,1,0,1,5,,0,,0,0,0,0,0,4,2,13
,2016_31174,39.720906,-104.922234,2/28/2016 17:05,17:05,3,0,0,THIRD AVENUE EAST & HOLLY STREET NORTH,1,1,0,7,1,1,,0,25,0,0,0,0,0,4,2,3
,2016_31175,39.724146,-104.989203,5/21/2016 12:15,12:15,3,0,0,FIFTH AVENUE WEST & ACOMA STREET NORTH,1,1,0,7,1,1,,0,25,0,0,0,0,0,4,2,3
,2016_31176,39.724137,-104.9875065,12/21/2016 13:26,13:26,3,0,0,FIFTH AVENUE WEST & BROADWAY STREET NORTH,1,1,0,7,1,1,,0,25,0,0,0,0,1,4,2,16
,2016_31177,39.72411,-104.9985945,5/2/2016 15:41,15:41,1,0,0,FIFTH AVENUE WEST & SANTA FE DRIVE NORTH,1,1,0,7,1,1,,0,25,0,0,0,0,1,4,2,14
,2016_31178,39.72411,-104.9985945,11/20/2016 11:30,11:30,3,0,0,FIFTH AVENUE WEST & SANTA FE DRIVE NORTH,1,1,0,7,1,1,,0,,0,0,0,0,0,4,2,1
,2016_31179,39.725622,-104.983605,6/19/2016 23:40,23:40,3,0,0,SIXTH AVENUE EAST & GRANT STREET NORTH,1,3,0,7,1,1,,0,30,0,0,0,0,0,4,2,16
,2016_31180,39.729222,-104.932782,8/24/2016 13:53,13:53,3,0,0,EIGHTH AVENUE EAST & DEXTER STREET NORTH,1,1,0,0,1,5,,0,25,0,0,0,0,0,4,2,14
,2016_31181,39.729087,-104.964822,3/4/2016 9:25,9:25,12,0,0,EIGHTH AVENUE 1900 BLOCK EAST & HIGH STREET NORTH,1,1,0,7,1,4,,0,30,0,0,0,0,0,4,2,16
,2016_31182,39.728943,-105.000183,5/25/2016 16:09,16:09,15,0,0,EIGHTH AVENUE 900 BLOCK WEST & KALAMATH STREET NORTH,1,1,0,7,1,4,,0,25,0,0,0,0,0,4,2,8
,2016_31183,39.72906,-104.978754,6/23/2016 7:05,7:05,3,0,0,EIGHTH AVENUE & WASHINGTON STREET,1,1,0,7,1,1,,0,30,0,0,0,0,0,4,2,16
,2016_31184,39.73104,-104.927364,5/17/2016 15:30,15:30,3,0,0,NINTH AVENUE EAST & HALE PARKWAY,1,1,0,7,1,1,,0,20,0,0,0,0,0,4,2,16
,2016_31185,39.732039,-104.983605,8/16/2016 12:55,12:55,10,0,0,10TH AVENUE EAST & GRANT STREET NORTH,1,1,0,0,1,1,,0,30,0,0,0,0,0,4,2,13
,2016_31186,39.732021,-104.98617,8/4/2016 7:18,7:18,6,0,0,10TH AVENUE EAST & LINCOLN STREET NORTH,1,1,0,0,2,4,,0,30,0,0,0,0,0,4,2,13
,2016_31187,39.733038,-105.0451515,1/5/2016 9:36,9:36,3,0,0,10TH AVENUE WEST & UTICA STREET NORTH,1,1,0,0,1,1,,0,30,0,0,0,0,1,4,3,14
,2016_31188,39.733623,-104.9428935,11/10/2016 7:45,7:45,3,0,0,11TH AVENUE EAST & JACKSON STREET NORTH,1,1,0,7,1,1,,0,25,0,0,0,0,0,4,2,7
,2016_31190,39.734676,-104.9394915,7/23/2016 2:48,2:48,6,0,0,12TH AVENUE EAST & ALBION STREET NORTH,1,3,0,0,1,4,,0,30,0,0,0,0,0,4,6,5
,2016_31191,39.735072,-104.9586525,12/4/2016 23:14,23:14,10,0,0,12TH AVENUE EAST & JOSEPHINE STREET NORTH,1,3,0,0,1,1,,0,30,0,0,0,0,0,4,2,7
,2016_31192,39.735144,-104.9823225,7/26/2016 10:47,10:47,12,0,0,12TH AVENUE EAST & LOGAN STREET NORTH,1,1,0,7,1,1,,0,35,0,0,0,0,0,4,2,8
,2016_31193,39.7367505,-105.0526418,7/11/2016 17:06,17:06,12,0,0,13TH AVENUE WEST & 400 BLOCK,1,1,0,0,1,4,,0,30,0,0,0,0,0,4,2,13
,2016_31194,39.736845,-104.9741505,3/18/2016 6:30,6:30,5,0,0,13TH AVENUE EAST & CORONA STREET NORTH,4,3,1,2,3,1,,0,25,0,0,0,0,0,4,1,7
,2016_31195,39.736845,-104.9970735,8/20/2016 16:57,16:57,10,0,0,13TH AVENUE WEST & GALAPAGO STREET NORTH,1,1,0,0,1,1,,0,30,0,0,0,0,0,4,2,13
,2016_31196,39.736863,-104.982336,4/21/2016 14:57,14:57,3,0,0,13TH AVENUE EAST & LOGAN STREET NORTH,1,1,0,7,1,1,,0,30,0,0,0,0,0,4,2,16
,2016_31197,39.738447,-104.9916645,11/15/2016 14:30,14:30,10,0,1,14TH AVENUE WEST & CHEROKEE STREET NORTH,1,1,0,0,1,3,,0,25,0,0,0,1,2,4,2,7
,2016_31198,39.73842,-104.9752845,6/30/2016 3:00,3:00,6,0,0,14TH AVENUE 1000 BLOCK EAST & OGDEN STREET NORTH,1,3,0,0,1,4,,0,,0,0,0,0,0,4,2,13
,2016_31199,39.738438,-104.979915,6/13/2016 17:01,17:01,10,0,0,14TH AVENUE EAST & PEARL STREET NORTH,1,1,0,0,1,1,,0,30,0,0,0,0,0,4,2,13
,2016_31200,39.738456,-104.9976405,12/28/2016 7:00,7:00,12,0,0,14TH AVENUE WEST & SPEER BOULEVARD NORTH,1,1,0,7,1,3,,0,35,0,0,0,0,0,4,2,14
,2016_31201,39.741939,-105.050916,11/10/2016 22:00,22:00,6,0,0,16TH AVENUE WEST & YATES STREET NORTH,3,3,0,0,1,4,,0,25,0,0,0,0,0,4,2,13
,2016_31202,39.743226,-104.9734125,4/15/2016 14:52,14:52,6,0,0,17TH AVENUE 1000 BLOCK EAST & DOWNING STREET NORTH,1,1,0,1,1,4,,0,30,0,0,0,0,0,4,2,2
,2016_31203,39.743802,-104.9566815,2/29/2016 11:30,11:30,12,0,0,17TH AVENUE EAST & ESPLANADE PARKWAY NORTH,1,1,0,7,1,4,,0,30,0,0,0,0,0,4,2,16
,2016_31204,39.743784,-104.953545,5/17/2016 7:20,7:20,12,0,0,17TH AVENUE EAST & FILLMORE STREET NORTH,2,1,0,1,1,4,,0,30,0,0,0,0,0,4,2,16
,2016_31205,39.743217,-104.96475,8/1/2016 11:23,11:23,3,0,0,17TH AVENUE EAST & HIGH STREET,1,1,0,7,1,1,,0,25,0,0,0,0,1,4,2,16
,2016_31206,39.743757,-104.90814,1/24/2016 9:25,9:25,3,0,2,17TH AVENUE EAST & ONEIDA STREET NORTH,1,1,0,7,1,1,,0,20,0,0,0,0,2,4,2,16
,2016_31207,39.743244,-104.9598315,8/8/2016 10:10,10:10,15,0,0,17TH AVENUE EAST & YORK STREET NORTH,1,1,0,7,1,4,,1,30,0,0,0,0,0,4,2,16
,2016_31208,39.744855,-104.987394,4/3/2016 11:14,11:14,15,0,0,18TH AVENUE EAST & BROADWAY NORTH,1,1,0,0,1,1,,0,35,0,0,0,0,0,4,2,14
,2016_31209,39.744855,-104.987394,9/15/2016 21:48,21:48,15,0,0,18TH AVENUE EAST & BROADWAY STREET NORTH,1,3,0,0,1,1,,0,30,0,0,0,0,0,4,2,13
,2016_31210,39.747564,-105.034581,1/29/2016 7:40,7:40,3,0,0,20TH AVENUE WEST & LOWELL BOULEVARD NORTH,1,1,0,7,1,1,,0,30,0,0,0,0,0,4,2,14
,2016_31211,39.749463,-104.973381,3/7/2016 8:22,8:22,12,0,0,22ND AVENUE EAST & DOWNING STREET NORTH,1,1,0,7,1,1,,0,35,0,0,0,0,0,4,2,4
,2016_31212,39.750705,-104.9622345,5/31/2016 19:27,19:27,3,0,0,23RD AVENUE EAST & VINE STREET NORTH,1,1,0,7,1,1,,0,25,0,0,0,0,1,4,2,16
,2016_31213,39.754665,-104.9361255,12/23/2016 14:27,14:27,12,0,0,26TH AVENUE EAST & BIRCH STREET NORTH,1,1,0,7,1,4,,0,30,0,0,0,0,0,4,2,12
,2016_31214,39.754476,-104.965956,4/18/2016 18:33,18:33,12,0,0,26TH AVENUE EAST & WILLIAMS STREET NORTH,1,1,0,7,1,4,,0,30,0,0,0,0,0,4,2,14
,2016_31215,39.758238,-104.9709015,11/12/2016 20:36,20:36,6,0,0,29TH AVENUE EAST & LAFAYETTE STREET NORTH,1,3,0,0,1,4,,0,25,0,0,0,0,0,4,2,13
,2016_31216,39.757986,-104.903451,10/9/2016 10:56,10:56,14,0,0,29TH AVENUE EAST & QUEBEC STREET NORTH,1,1,0,0,1,1,,0,40,0,0,0,0,1,4,2,13
,2016_31217,39.760749,-104.959782,6/29/2016 14:58,14:58,12,0,0,31ST AVENUE EAST & YORK STREET NORTH,1,1,0,7,1,4,,0,35,0,0,0,0,0,4,2,3
,2016_31218,39.762018,-105.015843,3/2/2016 22:00,22:00,14,0,0,32ND AVENUE WEST & ZUNI STREET NORTH,1,3,0,7,1,4,,0,25,0,0,0,0,0,4,2,14
,2016_31219,39.763206,-105.0174045,1/14/2016 8:48,8:48,3,0,0,33RD AVENUE WEST & ALCOTT STREET NORTH,1,1,0,0,1,1,,0,30,0,0,0,0,0,4,2,14
,2016_31220,39.76524,-104.890356,10/23/2016 14:15,14:15,3,0,0,35TH AVENUE EAST & 7805 EAST 35TH AVENUE,1,1,0,0,1,2,,0,30,0,0,0,0,0,4,2,13
,2016_31221,39.765249,-104.8988925,4/16/2016 19:15,19:15,12,0,0,35TH AVENUE 7600 BLOCK EAST & SYRACUSE STREET NORTH,4,3,0,2,1,1,,0,30,0,0,0,0,0,4,2,16
,2016_31222,39.767382,-104.90346,3/10/2016 23:40,23:40,1,0,0,36TH AVENUE EAST & QUEBEC STREET NORTH,1,3,0,0,1,1,,0,35,0,0,0,0,0,4,2,13
,2016_31223,39.76751372,-105.0516698,12/8/2016 10:30,10:30,6,0,0,37TH AVENUE WEST & 3600 BLOCK,5,1,0,0,1,3,,0,25,0,0,0,0,0,4,3,14
,2016_31224,39.76929,-105.001767,3/15/2016 14:50,14:50,3,0,0,38TH AVENUE WEST & LIPAN STREET NORTH,1,1,0,7,1,1,,0,35,0,0,0,0,1,4,2,5
,2016_31225,39.769254,-104.9108535,10/15/2016 4:15,4:15,6,0,0,38TH AVENUE EAST & NIAGARA STREET NORTH,1,3,0,0,1,1,,0,25,0,0,0,0,0,4,2,12
,2016_31226,39.769272,-104.9597415,11/2/2016 16:32,16:32,3,0,0,38TH AVENUE EAST & YORK STREET NORTH,1,1,0,0,1,2,,0,30,0,0,0,0,0,4,2,13
,2016_31227,39.74893775,-104.9994373,7/19/2016 16:06,16:06,6,0,0,MARKET STREET 1500 BLOCK & 15TH STREET,1,1,0,7,1,5,,0,25,0,0,0,0,0,4,2,16
,2016_31228,39.772899,-104.9498235,2/8/2016 18:19,18:19,12,0,0,40TH AVENUE EAST & STEELE STREET NORTH,1,2,0,7,1,1,,0,35,0,0,0,0,1,4,2,16
,2016_31229,39.772755,-104.9593815,4/22/2016 7:49,7:49,12,0,0,40TH AVENUE EAST & YORK STREET NORTH,1,1,0,7,1,1,,0,30,0,0,0,0,0,4,2,1
,2016_31230,39.74001,-104.99202,7/28/2016 1:00,1:00,5,0,0,41ST AVENUE & 2300 BLOCK WEST,1,3,1,0,1,5,,0,30,0,0,0,0,0,4,4,14
,2016_31231,39.772467,-105.041673,2/21/2016 22:13,22:13,6,0,0,41ST AVENUE WEST & RALEIGH STREET NORTH,1,4,0,0,1,3,,0,25,0,0,0,0,0,4,3,14
,2016_31232,39.77865,-104.865912,7/22/2016 6:50,6:50,3,0,0,45TH AVENUE EAST & HAVANA STREET NORTH,1,1,0,0,1,1,,0,40,0,0,0,0,0,4,2,1
,2016_31233,39.778047,-104.8471245,5/13/2016 7:20,7:20,3,0,0,45TH AVENUE EAST & PEORIA STREET NORTH,1,1,0,0,1,2,,0,25,0,0,0,0,0,4,2,13
,2016_31234,39.779964,-104.737023,12/20/2016 1:00,1:00,6,0,0,46TH AVENUE & ORLEANS STREET,4,3,0,0,1,4,,0,25,0,0,0,0,0,4,2,7
,2016_31235,39.779577,-104.8471335,12/19/2016 7:41,7:41,10,0,0,46TH AVENUE 12100 BLOCK EAST & PEORIA STREET NORTH,4,1,0,0,1,4,,0,25,0,0,0,0,0,4,2,13
,2016_31236,39.782277,-104.8659255,5/26/2016 15:48,15:48,12,0,0,47TH AVENUE 10500 BLOCK EAST & HAVANA STREET NORTH,2,1,0,1,1,4,,0,35,0,0,0,0,0,4,2,16
,2016_31237,39.77824411,-104.946422,10/3/2016 12:11,12:11,10,0,0,47TH AVENUE EAST & MADISON STREET NORTH,1,1,0,0,1,1,,0,30,0,0,0,0,1,4,2,13
,2016_31238,39.782376,-104.8879935,1/24/2016 18:00,18:00,3,0,0,47TH AVENUE EAST & WILLOW STREET NORTH,1,3,0,0,1,1,,0,25,0,0,0,0,0,4,2,13
,2016_31239,39.785751,-104.7744675,10/20/2016 7:40,7:40,12,0,0,49TH AVENUE EAST & YAMPA STREET NORTH,1,1,0,7,1,1,,0,0,0,0,0,0,0,4,2,2
,2016_31240,39.718332,-104.987502,11/7/2016 16:03,16:03,12,0,0,BROADWAY & FIRST AVENUE WEST,1,1,1,7,1,3,,0,30,0,0,0,0,0,4,2,3
,2016_31241,39.724083,-104.9799465,7/23/2016 22:15,22:15,6,0,0,PEARL STREET NORTH & FIFTH AVENUE EAST,1,4,0,0,1,4,,0,25,0,0,0,0,0,4,2,7
,2016_31242,39.790107,-104.8660335,5/12/2016 16:50,16:50,15,0,0,51ST AVENUE EAST & HAVANA STREET NORTH,1,1,0,0,1,1,,0,40,0,0,0,0,0,4,2,14
,2016_31243,39.789279,-104.8471785,10/18/2016 14:10,14:10,3,0,0,51ST AVENUE EAST & PEORIA STREET NORTH,1,1,0,7,1,1,,0,40,0,0,0,0,0,4,2,8
,2016_31244,39.691152,-104.987493,8/26/2016 10:34,10:34,3,0,0,ARKANSAS AVENUE WEST & ARKANSAS AVENUE 3100 BLOCK WEST,1,1,0,0,1,2,,0,25,0,0,0,0,0,4,2,13
,2016_31245,39.798234,-104.7721815,2/5/2016 13:42,13:42,12,0,0,56TH AVENUE 18000 BLOCK EAST & TOWER ROAD NORTH,1,1,0,7,1,4,,0,35,0,0,0,0,1,4,3,3
,2016_31246,39.798234,-104.7721815,4/27/2016 7:45,7:45,12,0,0,56TH AVENUE EAST & TOWER ROAD NORTH,1,1,0,7,1,4,,0,30,0,0,0,0,0,4,2,7
,2016_31247,39.798234,-104.7721815,8/24/2016 17:42,17:42,12,0,0,56TH AVENUE EAST & TOWER ROAD NORTH,1,1,0,0,1,3,,0,35,0,0,0,0,0,4,2,13
,2016_31249,39.837969,-104.6928825,3/12/2016 4:29,4:29,10,0,0,78TH AVENUE 25000 BLOCK EAST & JACKSON GAP ROAD,1,3,1,0,1,2,,0,45,0,0,0,0,1,4,2,8
,2016_31250,39.837969,-104.6928825,10/30/2016 13:30,13:30,15,0,0,78TH AVENUE 25300 BLOCK EAST & JACKSON GAP STREET NORTH,1,1,0,0,1,4,,0,45,0,0,0,0,0,4,2,13
,2016_31251,39.711114,-104.9679378,3/16/2016 16:00,16:00,1,0,1,ALAMEDA AVENUE & 4200 BLOCK EAST,1,1,1,0,1,2,,0,35,0,0,0,0,2,4,2,13
,2016_31252,39.711105,-104.9769135,6/6/2016 13:23,13:23,12,0,0,ALAMEDA AVENUE EAST & EMERSON STREET SOUTH,1,1,0,7,1,3,,0,30,0,0,0,0,0,4,2,16
,2016_31253,39.711204,-104.9222835,8/18/2016 5:27,5:27,12,0,0,ALAMEDA AVENUE EAST & HOLLY STREET SOUTH,1,1,0,0,1,3,,0,30,0,0,0,0,1,4,2,5
,2016_31254,39.711366,-104.9176665,6/2/2016 8:59,8:59,12,0,0,ALAMEDA AVENUE EAST & KEARNEY STREET SOUTH,1,1,0,7,1,1,,0,30,0,0,0,0,0,4,2,16
,2016_31255,39.711366,-104.912964,5/26/2016 13:34,13:34,12,0,0,ALAMEDA AVENUE EAST & MONACO STREET SOUTH,1,1,1,7,1,1,,0,35,0,0,0,0,1,4,2,16
,2016_31256,39.711114,-104.9628735,12/1/2016 10:47,10:47,12,0,0,ALAMEDA AVENUE EAST & VINE STREET SOUTH,1,1,0,7,1,4,,0,30,0,0,0,0,0,4,2,16
,2016_31257,39.78144,-104.842332,6/27/2016 16:15,16:15,3,0,0,ALBROOK DRIVE EAST & TULSA WAY NORTH,1,1,0,7,1,1,,0,25,0,0,0,0,1,4,2,16
,2016_31258,39.787578,-105.016671,3/5/2016 9:02,9:02,6,0,0,ALCOTT STREET 5000 BLOCK NORTH & 51ST AVENUE WEST,1,1,0,0,1,4,,0,25,0,0,0,0,0,4,2,13
,2016_31259,39.665484,-104.940702,5/25/2016 17:15,17:15,3,0,0,AMHERST AVENUE & COLORADO BOULEVARD 2500 SOUTH,1,1,0,0,1,2,,0,25,0,0,0,0,0,4,2,13
,2016_31260,39.785067,-104.8424445,4/18/2016 17:13,17:13,15,0,0,ANDREWS DRIVE EAST & TROY STREET NORTH,1,1,0,0,1,4,,0,25,0,0,0,0,0,4,2,1
,2016_31261,39.691152,-104.987493,9/4/2016 23:40,23:40,6,0,0,ARKANSAS AVENUE EAST & ARKANSAS AVENUE 419 EAST,14,5,0,0,1,4,,0,,0,0,0,0,0,4,2,13
,2016_31262,39.76516549,-104.9909018,6/17/2016 0:38,0:38,6,0,0,ARKINS COURT & DENARGO STREET,1,3,0,7,6,3,,0,30,0,0,0,0,0,4,2,14
,2016_31263,39.680541,-105.018012,1/14/2016 21:05,21:05,6,0,0,ASBURY AVENUE WEST & BRYANT STREET SOUTH,5,3,0,7,1,4,,0,25,0,0,0,0,0,4,2,16
,2016_31264,39.748446,-105.0033735,10/18/2016 8:20,8:20,15,0,0,AURARIA PARKWAY & SPEER BOULEVARD NORTH,1,1,0,7,1,1,,0,30,0,0,0,0,0,4,2,8
,2016_31265,39.79593029,-104.7681645,6/19/2016 17:07,17:07,5,0,0,BAHAMA STREET NORTH & 4371 NORTH,1,1,0,0,3,4,,0,20,0,0,0,0,0,4,2,1
,2016_31266,39.714957,-105.046866,7/4/2016 2:40,2:40,6,0,0,BAYAUD AVENUE 4758 & WINONA COURT SOUTH,1,3,0,0,1,4,,0,15,0,0,0,0,0,4,2,5
,2016_31267,39.7936755,-104.9440275,6/16/2016 18:47,18:47,12,0,0,GARFIELD STREET & 1400 BLOCK NORTH,1,1,0,0,1,4,,0,25,0,0,0,0,0,4,2,1
,2016_31268,39.77208923,-104.9765841,10/16/2016 6:25,6:25,5,0,0,BRIGHTON BOULEVARD & 5380 NORTH,1,5,0,0,3,4,,0,30,0,0,0,0,0,4,1,13
,2016_31269,39.724137,-104.9875065,3/26/2016 16:19,16:19,12,0,0,BROADWAY & FIFTH AVENUE WEST,1,1,0,7,1,4,,0,30,0,0,0,0,0,4,2,16
,2016_31270,39.733839,-104.987394,11/23/2016 10:45,10:45,15,0,0,BROADWAY NORTH & 11TH AVENUE WEST,1,1,0,7,1,4,,0,30,0,0,0,0,0,4,2,16
,2016_31271,39.736845,-104.9873715,4/15/2016 21:23,21:23,12,0,0,BROADWAY & 13TH AVENUE EAST,2,4,0,1,1,4,,0,35,0,0,0,0,0,4,3,16
,2016_31272,39.73842,-104.987394,8/12/2016 17:55,17:55,10,0,0,BROADWAY NORTH & 14TH AVENUE EAST,1,1,1,0,1,1,,0,30,0,0,0,0,0,4,2,7
,2016_31273,39.743388,-104.9873895,3/24/2016 15:25,15:25,15,0,0,BROADWAY & 17TH AVENUE EAST,1,1,0,7,1,4,,0,25,0,0,0,0,0,4,2,16
,2016_31274,39.78207,-104.987241,1/8/2016 16:14,16:14,5,0,0,BROADWAY BOULEVARD 4700 BLOCK NORTH & 47TH AVENUE EAST,2,1,1,2,3,4,,0,30,0,0,0,0,0,4,1,13
,2016_31275,39.694788,-104.9874615,4/22/2016 8:15,8:15,15,0,0,BROADWAY SOUTH & ARIZONA AVENUE WEST,1,1,0,7,1,4,,0,30,0,0,0,0,0,4,2,16
,2016_31276,39.759489,-104.9876505,8/5/2016 5:26,5:26,3,0,0,BROADWAY NORTH & BLAKE STREET,1,2,0,0,1,1,,0,25,0,0,0,0,1,4,2,7
,2016_31277,39.751542,-104.9874255,6/10/2016 14:40,14:40,15,0,0,BROADWAY & CHAMPA STREET,1,1,0,0,1,1,,0,35,0,0,0,0,0,4,2,13
,2016_31278,39.716559,-104.987511,6/28/2016 21:25,21:25,15,0,0,BROADWAY NORTH & ELLSWORTH AVENUE EAST,1,3,0,7,1,4,,0,35,0,0,0,0,0,4,2,3
,2016_31279,39.671271,-104.9875335,6/17/2016 16:20,16:20,6,0,0,BROADWAY & HARVARD AVENUE EAST,1,1,0,0,1,3,,0,30,0,0,0,0,0,4,2,1
,2016_31280,39.717459,-104.987502,2/26/2016 20:16,20:16,15,0,0,BROADWAY NORTH & IRVINGTON PLACE WEST,1,3,0,0,1,4,,0,30,0,0,0,0,0,4,3,3
,2016_31281,39.756951,-104.98743,1/26/2016 18:47,18:47,12,0,0,BROADWAY & LARIMER STREET,1,3,0,7,1,4,,0,30,0,0,0,0,0,4,2,3
,2016_31282,39.696624,-104.9874525,7/13/2016 13:25,13:25,12,0,0,BROADWAY SOUTH & MISSISSIPPI AVENUE EAST,1,1,0,7,1,1,,0,30,0,0,0,0,0,4,2,16
,2016_31283,39.74603268,-105.0022112,12/4/2016 16:00,16:00,6,0,0,LARIMER STREET & 3200 BLOCK,1,1,0,0,1,4,,0,30,0,0,0,0,0,4,2,10
,2016_31284,39.744846,-104.987394,4/15/2016 9:28,9:28,15,0,0,BROADWAY NORTH & TREMONT PLACE,1,1,0,0,1,1,,0,30,0,0,0,0,0,4,2,13
,2016_31285,39.72044179,-105.018651,12/24/2016 22:19,22:19,6,0,0,BRYANT STREET NORTH & 1000 BLOCK,1,3,0,0,1,4,,0,25,0,0,0,0,0,4,5,9
,2016_31286,39.72044179,-105.018651,7/8/2016 18:00,18:00,5,0,0,BRYANT STREET & 3227 NORTH,1,1,0,0,2,5,,0,10,0,0,0,0,0,4,1,7
,2016_31287,39.68443631,-104.9645806,5/26/2016 16:10,16:10,12,0,0,BUCHTEL BOULEVARD 2500 BLOCK EAST & COLUMBIA STREET SOUTH,2,1,0,1,1,4,,0,30,0,0,0,0,0,4,2,3
,2016_31288,39.682323,-104.957964,4/12/2016 8:32,8:32,10,0,0,BUCHTEL BOULEVARD EAST & JOSEPHINE STREET SOUTH,1,1,0,0,1,1,,0,25,0,0,0,0,0,4,2,13
,2016_31289,39.681288,-104.9508315,3/1/2016 6:46,6:46,3,0,0,BUCHTEL BOULEVARD EAST & STREET PAUL STREET SOUTH,1,1,0,7,1,1,,0,30,0,0,0,0,0,4,2,16
,2016_31290,39.76078084,-105.0179019,1/13/2016 17:30,17:30,6,0,0,CAITHNESS PLACE & 2400 BLOCK WEST,5,1,1,7,1,4,,0,25,0,0,0,0,0,4,2,16
,2016_31291,39.7553641,-104.8903751,4/5/2016 12:55,12:55,6,0,0,CENTRAL PARK BOULEVARD 2700 BLOCK NORTH & 28TH AVENUE EAST,1,1,0,0,1,4,,0,30,0,0,0,0,0,4,2,10
,2016_31292,39.767346,-104.8905135,4/16/2016 12:05,12:05,3,0,0,CENTRAL PARK BOULEVARD & 36TH AVENUE EAST,4,1,0,2,1,1,,0,30,0,0,0,0,1,4,2,13
,2016_31293,39.774105,-104.882778,5/2/2016 18:50,18:50,8,0,0,CENTRAL PARK BOULEVARD & 40TH AVENUE EAST,1,1,0,0,1,1,,0,35,0,0,0,0,0,4,2,14
,2016_31294,39.759876,-104.890752,10/17/2016 17:01,17:01,15,0,0,CENTRAL PARK BOULEVARD & MLK BOULEVARD,1,1,0,0,1,1,,0,30,0,0,0,0,0,4,2,13
,2016_31295,39.758958,-104.8906935,2/1/2016 8:00,8:00,12,0,0,CENTRAL PARK BOULEVARD & 29TH PLACE EAST,4,1,0,2,1,4,,0,35,0,0,0,0,0,4,2,14
,2016_31296,39.79134,-104.882661,7/1/2016 11:42,11:42,1,0,0,CENTRAL PARK BOULEVARD & PRAIRIE MEADOW DRIVE EAST,1,1,1,7,1,1,,0,35,0,0,0,0,0,4,2,8
,2016_31297,39.779019,-105.00786,12/18/2016 13:05,13:05,6,0,0,CHAFFEE PLACE 1800 BLOCK WEST & QUIVAS STREET NORTH,4,1,0,0,1,4,,0,25,0,0,0,0,0,4,2,14
,2016_31298,39.77682548,-104.8096937,2/6/2016 13:16,13:16,15,0,0,CHAMBERS 4600 BLOCK NORTH & 46TH AVENUE EAST,1,1,0,0,1,4,,0,40,0,0,0,0,0,4,2,10
,2016_31299,39.775032,-104.809923,12/3/2016 23:40,23:40,12,0,0,CHAMBERS ROAD NORTH & ANDREWS DRIVE EAST,1,3,0,7,1,1,,0,40,0,0,0,0,0,4,2,2
,2016_31300,39.78378,-104.809653,7/17/2016 13:40,13:40,15,0,0,CHAMBERS ROAD 4600 BLOCK NORTH & GREEN VALLEY RANCH BOULEVARD,1,1,0,7,1,4,,0,40,0,0,0,0,0,4,2,16
,2016_31301,39.751182,-104.9878935,8/9/2016 19:31,19:31,3,0,0,CHAMPA STREET & 21ST STREET,1,1,0,7,1,1,,0,30,0,0,0,0,1,4,2,7
,2016_31302,39.733686,-104.977602,7/21/2016 11:45,11:45,3,0,0,CLARKSON STREET NORTH & 11TH AVENUE EAST,1,1,0,7,1,1,,0,30,0,0,0,0,0,4,2,16
,2016_31304,39.687417,-104.9778,5/2/2016 16:00,16:00,10,0,0,CLARKSON STREET 1600 BLOCK NORTH & 17TH AVENUE EAST,1,1,1,0,1,2,,0,30,0,0,0,0,0,4,2,8
,2016_31305,39.698532,-105.020352,9/26/2016 13:10,13:10,3,0,0,CLAY STREET SOUTH & TENNESSEE AVENUE WEST,1,1,0,0,1,1,,0,35,0,0,0,0,1,4,2,7
,2016_31306,39.78011667,-104.95413,7/21/2016 17:33,17:33,15,0,0,CLAYTON STREET & 4700 NORTH,1,1,0,0,1,4,,0,25,0,0,0,0,0,4,2,7
,2016_31307,39.708135,-104.879142,3/26/2016 8:23,8:23,3,0,0,CLINTON STREET SOUTH & ALAMEDA AVENUE EAST,5,1,0,2,1,1,,0,40,0,0,0,0,0,4,2,14
,2016_31308,39.662721,-104.912991,4/27/2016 11:02,11:02,6,0,0,CORNELL AVENUE & MONACO STREET,1,1,1,0,1,4,,0,25,0,0,0,0,0,4,2,13