id,drcog_id,latitude,longitude,crashtime,time,crashtype,numbkilled,numbinjurd,drcoglocat,rdconditin,lightngcon,roadcntgrd,weatherco,location,roaddescrp,schoolzone,constrzone,splimit,bikeinv,pedinv,sctrinv,motoinv,svrty,rdsystem,ttlvehcls,hcf
,2016_31309,39.61832987,-105.0618503,3/14/2016 16:57,16:57,3,0,0,CRESTLINE AVENUE & 8000 BLOCK WEST,1,1,0,0,1,2,,0,30,0,0,0,0,0,4,2,3
,2016_31310,39.706659,-105.001533,8/15/2016 13:20,13:20,12,0,0,CUSTER PLACE WEST & LIPAN STREET SOUTH,1,1,0,7,1,3,,0,35,0,0,0,0,0,4,3,8
,2016_31311,39.74603268,-105.0022112,5/7/2016 21:25,21:25,15,0,0,LARIMER STREET & 2100 BLOCK,1,3,0,0,1,4,,0,25,0,0,0,0,1,4,2,13
,2016_31312,39.74001,-104.99202,4/30/2016 21:48,21:48,3,0,0,47TH DRIVE & 18400 BLOCK EAST,2,3,0,0,1,1,,0,,0,0,0,0,0,4,2,14
,2016_31313,39.689505,-105.021387,10/31/2016 16:50,16:50,6,0,0,DALE COURT SOUTH & FLORIDA AVENUE WEST,1,1,0,0,1,3,,0,35,0,0,0,0,0,4,2,5
,2016_31314,39.66040628,-104.9660054,1/22/2016 16:17,16:17,6,0,0,DARTMOUTH AVENUE & 4020 WEST,1,1,2,7,1,4,,0,30,0,0,0,0,0,4,2,3
,2016_31315,39.77495336,-104.8272459,12/11/2016 9:00,9:00,6,0,0,DAVENPORT WAY 4300 BLOCK NORTH & 44TH AVENUE EAST,4,1,0,0,1,4,,0,25,0,0,0,0,0,4,4,13
,2016_31316,39.748959,-105.0219,1/24/2016 7:10,7:10,6,0,0,DECATUR STREET 2100 BLOCK NORTH & 21ST AVENUE WEST,1,1,0,0,1,4,,0,25,0,0,0,0,0,4,2,13
,2016_31317,39.73271486,-104.972994,12/3/2016 14:15,14:15,12,0,0,DOWNING STREET NORTH & 3500 BLOCK,1,1,0,0,1,4,,0,30,0,0,0,0,0,4,3,3
,2016_31318,39.741651,-104.9734305,2/24/2016 13:10,13:10,6,0,0,DOWNING STREET NORTH & 16TH AVENUE EAST,1,1,0,0,1,3,,0,30,0,0,0,0,0,4,2,13
,2016_31319,39.753234,-104.973372,9/26/2016 13:08,13:08,1,0,0,DOWNING STREET NORTH & 25TH AVENUE EAST,1,1,0,0,1,1,,0,30,0,0,0,0,0,4,2,3
,2016_31320,39.743262,-104.9835915,8/21/2016 0:30,0:30,6,0,0,GRANT STREET 1700 BLOCK NORTH & EAST 17TH AVENUE,1,3,0,0,1,4,,0,,0,0,0,0,0,4,2,13
,2016_31321,39.678507,-104.973444,10/25/2016 16:45,16:45,12,0,0,DOWNING STREET 2100 BLOCK SOUTH & EVANS AVENUE EAST,1,1,0,7,1,3,,0,30,0,0,0,0,0,4,2,16
,2016_31322,39.674889,-104.973471,5/19/2016 10:03,10:03,6,0,0,DOWNING STREET SOUTH & ILIFF AVENUE EAST,1,1,1,0,1,4,,0,30,0,0,0,0,0,4,2,13
,2016_31323,39.78788848,-105.023943,7/29/2016 11:00,11:00,6,0,0,ELIOT STREET EAST & 4645 NORTH,1,1,0,0,1,3,,0,30,0,0,0,0,0,4,2,13
,2016_31324,39.71651421,-104.9803291,8/12/2016 17:00,17:00,6,0,0,ELLSWORTH AVENUE EAST & 800 BLOCK,1,1,0,0,1,4,,0,25,0,0,0,0,0,4,2,14
,2016_31325,39.73692138,-104.9763756,7/7/2016 1:40,1:40,6,0,0,EMERSON STREET 1300 BLOCK NORTH & 13TH AVENUE EAST,1,4,1,0,1,4,,0,30,0,0,0,0,0,4,3,13
,2016_31326,39.678444,-104.931612,5/23/2016 7:05,7:05,12,0,0,EVANS AVENUE 4600 BLOCK EAST & DAHLIA STREET,1,1,0,7,1,4,,0,30,0,0,0,0,0,4,2,16
,2016_31327,39.678507,-104.973444,4/11/2016 7:05,7:05,12,0,0,EVANS AVENUE EAST & DOWNING STREET SOUTH,1,1,0,7,1,1,,0,30,0,0,0,0,0,4,2,16
,2016_31328,39.678624,-105.0250365,7/27/2016 18:55,18:55,15,0,0,EVANS AVENUE 2900 BLOCK WEST & FEDERAL BOULEVARD SOUTH,1,1,0,7,1,4,,0,35,0,0,0,0,0,4,2,14
,2016_31329,39.74001,-104.99202,1/26/2016 8:18,8:18,12,0,0,EVANS AVENUE 5300 BLOCK EAST & GLENCOE STREET SOUTH,1,1,1,7,1,4,,0,30,0,0,0,0,1,4,3,3
,2016_31330,39.678435,-104.922234,3/28/2016 20:22,20:22,6,0,0,EVANS AVENUE 5700 BLOCK EAST & HOLLY STREET SOUTH,2,3,0,0,1,4,,0,35,0,0,0,0,0,4,2,13
,2016_31331,39.678435,-104.922234,12/21/2016 18:00,18:00,12,0,0,EVANS AVENUE EAST & HOLLY STREET SOUTH,1,3,0,0,1,1,,0,,0,0,0,0,0,4,2,13
,2016_31332,39.678444,-104.9579415,11/18/2016 14:39,14:39,3,0,0,EVANS AVENUE EAST & JOSEPHINE STREET SOUTH,1,1,0,7,1,3,,0,25,0,0,0,0,0,4,2,16
,2016_31333,39.678453,-104.915952,1/15/2016 17:08,17:08,12,0,0,EVANS AVENUE 6300 BLOCK EAST & LEYDON STREET,1,3,0,7,1,4,,0,30,0,0,0,0,0,4,2,14
,2016_31334,39.678552,-104.9828715,2/16/2016 10:16,10:16,3,0,0,EVANS AVENUE EAST & LOGAN STREET SOUTH,1,1,0,7,1,1,,0,35,0,0,0,0,0,4,2,16
,2016_31335,39.678363,-104.959404,3/31/2016 15:12,15:12,3,0,0,EVANS AVENUE 2300 BLOCK EAST & UNIVERSITY STREET,2,1,0,2,1,5,,0,35,0,0,0,0,0,4,2,14
,2016_31336,39.678534,-104.979321,4/1/2016 7:40,7:40,12,0,0,EVANS AVENUE 600 BLOCK EAST & WASHINGTON STREET SOUTH,1,1,0,7,1,4,,0,35,0,0,0,0,1,4,2,1
,2016_31337,39.703833,-104.921604,5/29/2016 20:24,20:24,1,0,0,EXPOSITION AVENUE EAST & HOLLY STREET SOUTH,1,3,0,7,1,1,,0,25,0,0,0,0,0,4,2,16
,2016_31338,39.70386,-104.9147235,12/7/2016 12:07,12:07,3,0,0,EXPOSITION AVENUE 6300 BLOCK EAST & LEETSDALE DRIVE,4,1,1,2,1,2,,0,40,0,0,0,0,1,4,2,13
,2016_31340,39.689388,-104.987511,4/1/2016 22:18,22:18,12,0,0,FLORIDA AVENUE EAST & BROADWAY STREET SOUTH,1,3,0,0,1,1,,0,30,0,0,0,0,0,4,2,8
,2016_31341,39.689334,-104.924394,1/8/2016 17:44,17:44,14,0,0,FLORIDA AVENUE EAST & HUDSON STREET SOUTH,5,3,0,0,1,1,,0,30,0,0,0,0,0,4,2,13
,2016_31342,39.689514,-105.0442425,5/16/2016 12:23,12:23,1,0,0,FLORIDA AVENUE WEST & TENNYSON STREET SOUTH,2,1,0,1,1,1,,0,30,0,0,0,0,1,4,2,10
,2016_31343,39.678435,-104.922234,8/23/2016 21:27,21:27,3,0,0,HOLLY STREET SOUTH & EVANS AVENUE EAST,1,3,0,0,1,2,,0,,0,0,0,0,0,4,2,13
,2016_31344,39.743217,-104.9684265,11/2/2016 15:20,15:20,1,0,0,FRANKLIN STREET NORTH & 17TH AVENUE EAST,1,1,1,7,1,1,,0,25,0,0,0,0,0,4,2,16
,2016_31345,39.78441,-104.813532,6/5/2016 14:40,14:40,10,0,0,GATEWAY AVENUE EAST & FONTANA COURT NORTH,1,1,0,0,1,2,,0,25,0,0,0,0,0,4,2,1
,2016_31346,39.678489,-104.967585,3/5/2016 13:02,13:02,6,0,0,GILPIN STREET 2100 BLOCK SOUTH & EVANS AVENUE EAST,1,1,0,0,1,4,,0,30,0,0,0,0,0,4,2,13
,2016_31347,39.74292,-104.991642,10/22/2016 21:11,21:11,15,0,0,GLENARM PLACE & 15TH STREET,1,3,0,0,1,2,,0,30,0,0,0,0,0,4,2,8
,2016_31348,39.732282,-104.98338,5/28/2016 18:57,18:57,15,0,0,GRANT STREET 1000 BLOCK NORTH & 11TH AVENUE EAST,1,1,0,7,1,2,,0,30,0,0,0,0,0,4,2,4
,2016_31349,39.733965,-104.9834025,4/10/2016 1:45,1:45,6,0,0,GRANT STREET 1100 BLOCK NORTH & 12TH AVENUE EAST,1,3,0,0,1,4,,0,30,0,0,0,0,0,4,3,13
,2016_31350,39.77477553,-105.0264627,10/18/2016 13:00,13:00,3,0,0,GREEN COURT & 3100 BLOCK NORTH,1,1,1,0,1,5,,0,20,0,0,0,0,0,4,2,13
,2016_31351,39.736746,-104.9418225,12/11/2016 15:51,15:51,10,0,0,HARRISON STREET NORTH & 13TH AVENUE EAST,1,1,0,0,1,1,,0,35,0,0,0,0,0,4,2,8
,2016_31352,39.661803,-104.8663215,9/18/2016 21:45,21:45,5,0,0,HAVANA STREET SOUTH & HAVANA STREET 955 SOUTH,1,3,1,0,3,4,,0,35,0,0,0,0,0,4,1,7
,2016_31353,39.78288,-104.7555,8/11/2016 19:17,19:17,12,0,0,HIMALAYA ROAD NORTH & GREEN VALLEY RANCH BOULEVARD EAST,2,1,1,1,1,1,,0,35,0,0,0,0,0,4,2,7
,2016_31354,39.77813658,-104.9223064,6/8/2016 20:14,20:14,15,0,0,HOLLY STREET & 2100 BLOCK SOUTH,1,2,0,0,1,3,,0,30,0,0,0,0,0,4,2,13
,2016_31355,39.678435,-104.922234,2/27/2016 14:01,14:01,3,0,0,HOLLY STREET SOUTH & EVANS AVENUE EAST,1,1,0,7,1,1,,0,30,0,0,0,0,1,4,3,16
,2016_31356,39.69297,-104.9222925,6/9/2016 9:18,9:18,12,0,0,HOLLY STREET 1300 BLOCK SOUTH & LOUISIANA AVENUE,1,1,0,7,1,4,,0,30,0,0,0,0,0,4,3,12
,2016_31357,39.77661608,-105.0287715,1/8/2016 12:41,12:41,3,0,0,HOOKER STREET & 1500 BLOCK NORTH,5,1,1,2,1,2,,0,25,0,0,0,0,0,4,2,13
,2016_31358,39.737934,-105.0298335,6/30/2016 17:40,17:40,10,0,0,HOWARD PLACE 3000 BLOCK WEST & AVONDALE DRIVE WEST,1,1,2,0,1,3,,0,25,0,0,0,1,1,4,2,13
,2016_31359,39.675924,-104.922261,4/29/2016 10:50,10:50,3,0,0,ILIFF AVENUE EAST & HOLLY STREET SOUTH,2,1,0,1,1,1,,0,25,0,0,0,0,0,4,2,14
,2016_31360,39.674826,-104.9187825,12/19/2016 15:23,15:23,6,0,1,ILIFF AVENUE 5900 BLOCK EAST & JASMINE STREET SOUTH,5,1,1,0,1,4,,0,25,0,0,0,0,2,4,2,14
,2016_31361,39.687651,-105.028866,5/5/2016 17:57,17:57,5,0,0,IOWA AVENUE 3191 WEST & HOOKER STREET SOUTH,1,1,0,0,3,2,,0,30,0,0,0,0,0,4,2,1
,2016_31362,39.758481,-105.0299325,12/18/2016 17:36,17:36,12,0,0,IRVING STREET NORTH & 29TH AVENUE WEST,5,3,0,7,1,4,,0,35,0,0,0,0,1,4,2,16
,2016_31363,39.70755,-104.999193,5/15/2016 10:50,10:50,9,0,0,JASON STREET SOUTH & VIRGINIA AVENUE WEST,1,1,0,0,3,4,,0,25,0,0,0,0,0,4,1,1
,2016_31364,39.72005793,-104.919462,5/12/2016 1:30,1:30,6,0,0,JERSEY STREET & 1200 BLOCK NORTH,1,3,0,0,1,4,,0,25,0,0,0,0,0,4,2,5
,2016_31365,39.682233,-105.029793,2/18/2016 17:04,17:04,12,0,0,JEWELL AVENUE WEST & IRVING STREET SOUTH,1,1,0,7,1,3,,0,30,0,0,0,0,0,4,2,7
,2016_31366,39.682233,-105.029793,6/15/2016 18:25,18:25,12,0,0,JEWELL AVENUE 3200 BLOCK WEST & IRVING STREET SOUTH,1,1,0,0,1,4,,0,30,0,0,0,0,0,4,2,1
,2016_31367,39.741606,-104.9591925,8/10/2016 22:00,22:00,3,0,0,JOSEPHINE STREET NORTH & 16TH AVENUE EAST,1,3,1,0,1,1,,0,30,0,0,0,0,0,4,2,13
,2016_31368,39.727314,-105.0002235,6/29/2016 21:17,21:17,3,0,0,KALAMATH STREET NORTH & SEVENTH AVENUE WEST,1,3,0,0,1,1,,0,35,0,0,0,0,0,4,2,8
,2016_31369,39.711897,-104.998761,2/25/2016 12:31,12:31,10,0,0,KALAMATH STREET SOUTH & BYERS PLACE WEST,1,1,0,0,1,1,,0,30,0,0,0,0,0,4,2,8
,2016_31370,39.700413,-105.0469245,5/17/2016 18:50,18:50,3,0,0,KENTUCKY AVENUE WEST & VRAIN STREET SOUTH,1,1,0,0,1,2,,0,35,0,0,0,0,1,4,2,7
,2016_31371,39.78449104,-104.8590092,2/18/2016 15:06,15:06,12,0,0,KINGSTON STREET & 4700 BLOCK NORTH,1,1,0,0,1,4,,0,30,0,0,0,0,0,4,2,14
,2016_31372,39.724506,-105.032502,8/20/2016 7:40,7:40,10,0,0,KNOX COURT & FIFTH AVENUE,1,1,0,0,1,1,,0,30,0,0,0,0,0,4,2,13
,2016_31373,39.758544,-104.9848515,3/6/2016 23:26,23:26,15,0,0,LARIMER STREET 2600 BLOCK & 26TH STREET,1,3,0,0,1,4,,0,30,0,0,0,0,0,4,2,13
,2016_31374,39.74598613,-104.9998826,3/12/2016 8:45,8:45,15,0,0,LAWRENCE STREET & 2200 BLOCK,1,1,0,0,1,4,,0,30,0,0,0,0,0,4,2,7
,2016_31375,39.74853099,-104.9964266,1/9/2016 19:25,19:25,15,0,0,LAWRENCE STREET 1600 BLOCK & 16TH STREET,1,3,0,0,1,2,,0,30,0,0,0,0,0,4,2,8
,2016_31376,39.73190582,-104.9861681,2/20/2016 15:00,15:00,15,0,0,LINCOLN STREET & 800 BLOCK NORTH,1,1,0,0,1,4,,0,35,0,0,0,0,0,4,2,13
,2016_31377,39.722535,-104.9862825,3/4/2016 16:40,16:40,10,0,0,LINCOLN STREET NORTH & FOURTH AVENUE EAST,1,1,0,0,1,1,,0,30,0,0,0,0,0,4,2,8
,2016_31378,39.711141,-104.9863905,4/3/2016 13:03,13:03,12,0,1,LINCOLN STREET SOUTH & ALAMEDA AVENUE EAST,1,1,0,7,1,1,,0,30,0,0,0,1,2,4,2,16
,2016_31379,39.705696,-104.982804,2/23/2016 17:28,17:28,12,0,0,LOGAN STREET SOUTH & CENTER AVENUE EAST,1,1,0,7,1,4,,0,30,0,0,0,0,1,4,3,16
,2016_31380,39.693114,-105.0175935,1/31/2016 15:48,15:48,3,0,0,LOUISIANA AVENUE WEST & BEACH COURT SOUTH,2,1,0,2,1,1,,0,,0,0,0,0,1,4,2,7
,2016_31381,39.789234,-105.0345855,5/29/2016 14:00,14:00,12,0,0,LOWELL BOULEVARD NORTH & 51ST AVENUE WEST,1,1,0,7,1,1,,0,30,0,0,0,0,0,4,2,7
,2016_31382,39.7172835,-104.8960418,1/26/2016 9:57,9:57,15,0,0,LOWRY BOULEVARD & RAMPART WAY NORTH,1,1,0,0,1,6,,0,15,0,0,0,0,0,4,2,13
,2016_31383,39.723705,-104.8837095,7/21/2016 6:46,6:46,15,0,0,LOWRY BOULEVARD & YOSEMITE WAY NORTH,1,1,0,0,1,6,,0,15,0,0,0,0,0,4,2,14
,2016_31384,39.75031845,-104.9977268,1/17/2016 1:09,1:09,6,0,0,MARKET STREET & 2400 BLOCK,1,3,0,7,1,4,,0,30,0,0,0,0,0,4,3,5
,2016_31385,39.723939,-105.045102,2/23/2016 16:00,16:00,6,0,0,UTICA STREET NORTH & FIFTH AVENUE WEST,1,1,0,1,1,4,,0,25,0,0,0,0,0,4,2,13
,2016_31386,39.753207,-104.993451,5/1/2016 2:20,2:20,12,0,0,MARKET STREET 1900 BLOCK & 19TH STREET,1,3,0,7,1,3,,0,25,0,0,0,0,0,4,2,5
,2016_31387,39.794364,-104.814702,5/29/2016 4:23,4:23,3,0,0,MAXWELL PLACE EAST & ELKHART STREET NORTH,1,3,0,7,1,1,,0,25,0,0,0,0,1,4,2,5
,2016_31388,39.794625,-104.8330935,7/16/2016 18:55,18:55,3,0,0,MAXWELL PLACE EAST & LACKLAND DRIVE EAST,1,2,0,7,1,1,,0,30,0,0,0,0,1,4,2,16
,2016_31389,39.782619,-105.0357915,5/11/2016 8:30,8:30,6,0,0,MEADE STREET & 2652 SOUTH,1,1,0,0,1,4,,0,25,0,0,0,0,0,4,2,14
,2016_31390,39.78827043,-104.7968327,5/18/2016 20:48,20:48,12,0,0,MEMPHIS STREET 5200 BLOCK NORTH & 53RD AVENUE EAST,1,3,0,7,1,4,,0,30,0,0,0,0,0,4,2,1
,2016_31391,39.685743,-104.9828355,7/21/2016 8:56,8:56,8,0,0,MEXICO AVENUE 400 BLOCK & LOGAN STREET,1,1,1,0,1,4,,0,25,0,0,0,0,0,4,3,13
,2016_31392,39.696624,-104.9874525,10/17/2016 14:34,14:34,12,0,0,MISSISSIPPI AVENUE 000 BLOCK WEST & BROADWAY STREET SOUTH,1,1,1,7,1,3,,0,20,0,0,0,0,0,4,2,4
,2016_31393,39.696759,-105.0297615,11/3/2016 17:25,17:25,3,0,0,MISSISSIPPI AVENUE WEST & IRVING STREET SOUTH,1,1,1,7,1,1,,0,25,0,0,0,0,0,4,2,7
,2016_31394,39.696696,-105.001533,3/3/2016 14:03,14:03,12,0,1,MISSISSIPPI AVENUE WEST & LIPAN STREET SOUTH,1,1,0,7,1,3,,0,30,0,0,0,0,2,4,2,12
,2016_31395,39.696696,-105.001533,7/14/2016 15:13,15:13,3,0,2,MISSISSIPPI AVENUE WEST & LIPAN STREET SOUTH,1,1,0,7,1,1,,0,35,0,0,0,0,2,4,2,3
,2016_31396,39.695652,-104.903595,7/21/2016 16:22,16:22,15,0,0,MISSISSIPPI AVENUE EAST & QUEBEC STREET SOUTH,1,1,0,7,1,1,,0,30,0,0,0,0,0,4,2,16
,2016_31397,39.761964,-104.903451,12/7/2016 12:13,12:13,15,0,0,MLK BOULEVARD & QUEBEC STREET NORTH,4,1,0,2,1,1,,0,,0,0,0,0,0,4,2,3
,2016_31398,39.689388,-104.979294,11/13/2016 23:55,23:55,9,0,0,WASHINGTON STREET SOUTH & FLORIDA AVENUE EAST,1,4,0,7,1,1,,0,30,0,0,0,0,0,4,1,5
,2016_31399,39.725334,-104.912793,10/17/2016 18:55,18:55,12,0,0,MONACO STREET NORTH & SIXTH AVENUE EAST,1,3,0,7,1,1,,0,30,0,0,0,0,0,4,2,16
,2016_31400,39.725334,-104.912793,11/2/2016 11:55,11:55,15,0,0,MONACO STREET NORTH & SIXTH AVENUE EAST,1,1,0,7,1,1,,0,30,0,0,0,0,0,4,2,7
,2016_31401,39.750993,-104.9123925,7/6/2016 13:15,13:15,3,0,1,MONACO STREET NORTH & 23RD AVENUE EAST,1,1,0,7,1,1,,0,30,0,0,0,0,2,4,2,14
,2016_31402,39.703887,-104.912964,1/28/2016 14:40,14:40,5,0,1,MONACO STREET 600 BLOCK SOUTH & EXPOSITION AVENUE EAST,1,1,1,7,3,4,,0,35,0,0,0,0,2,4,1,10
,2016_31403,39.778686,-104.912874,12/27/2016 15:15,15:15,12,0,0,MONACO STREET NORTH & STAPLETON NORTH DRIVE EAST,1,1,0,7,1,1,,0,35,0,0,0,0,0,4,2,3
,2016_31404,39.707478,-104.912946,5/10/2016 8:42,8:42,12,0,0,MONACO STREET 500 BLOCK SOUTH & VIRGINIA AVENUE EAST,1,1,1,7,1,3,,0,35,0,0,0,0,0,4,3,16
,2016_31405,39.74742,-104.916321,2/16/2016 16:54,16:54,12,0,0,MONTVIEW BOULEVARD & KRAMERIA STREET NORTH,1,1,0,0,1,4,,0,30,0,0,0,0,0,4,2,2
,2016_31406,39.747447,-104.8893165,12/8/2016 6:45,6:45,3,0,0,MONTVIEW BOULEVARD EAST & WABASH STREET NORTH,1,1,0,0,1,1,,0,30,0,0,0,0,0,4,2,7
,2016_31407,39.768057,-105.004125,5/14/2016 15:27,15:27,3,0,0,NAVAJO STREET NORTH & 37TH AVENUE WEST,1,1,0,7,1,1,,0,30,0,0,0,0,0,4,2,16
,2016_31408,39.710232,-105.008652,5/3/2016 16:33,16:33,6,0,0,NEVADA PLACE WEST & RARITAN STREET SOUTH,1,1,0,0,1,4,,0,30,0,0,0,0,0,4,4,5
,2016_31409,39.702546,-105.0116925,11/6/2016 3:30,3:30,6,0,0,OHIO AVENUE WEST & 4100 BLOCK,1,4,0,0,1,4,,0,25,0,0,0,0,0,4,2,5
,2016_31410,39.781863,-104.737032,7/13/2016 23:05,23:05,6,0,0,ORLEANS STREET NORTH & GREEN VALLEY RANCH BOULEVARD EAST,1,4,0,0,1,4,,0,60,0,0,0,0,0,4,3,5
,2016_31411,39.78740365,-105.0051105,3/17/2016 14:46,14:46,15,0,0,OSAGE STREET & 1400 BLOCK NORTH,1,5,1,0,1,4,,0,30,0,0,0,0,0,4,2,16
,2016_31412,39.714966,-105.038496,10/21/2016 17:09,17:09,12,0,0,OSCEOLA STREET SOUTH & BAYAUD AVENUE WEST,1,1,0,0,1,2,,0,25,0,0,0,0,1,4,2,14
,2016_31413,39.780054,-104.9757525,12/20/2016 7:33,7:33,7,0,0,PACKING HOUSE ROAD & 46TH AVENUE,5,1,0,0,3,4,,0,25,0,0,0,0,0,4,1,14
,2016_31414,39.741642,-104.9799015,8/3/2016 21:30,21:30,12,0,0,16TH STREET & PEARL STREET NORTH,1,1,0,0,1,1,,0,,0,0,0,0,0,4,2,13
,2016_31415,39.747528,-104.978304,5/13/2016 11:15,11:15,12,0,0,PARK AVENUE WEST & 20TH AVENUE EAST,1,1,0,0,1,3,,0,30,0,0,0,0,0,4,3,13
,2016_31416,39.759426,-104.9937435,5/9/2016 15:40,15:40,12,0,0,PARK AVENUE WEST & DELGANY STREET,1,1,0,0,1,4,,0,30,0,0,0,0,0,4,2,13
,2016_31417,39.755745,-104.989014,3/11/2016 14:32,14:32,15,0,0,PARK AVENUE WEST & LARIMER STREET,1,1,0,0,1,1,,0,35,0,0,0,0,0,4,2,8
,2016_31418,39.751056,-104.9828805,7/25/2016 13:00,13:00,3,0,0,PARK AVENUE WEST & WELTON STREET,1,1,0,7,1,1,,0,35,0,0,0,0,0,4,2,16
,2016_31419,39.700368,-105.0391035,12/8/2016 7:35,7:35,3,0,0,PATTON COURT SOUTH & KENTUCKY AVENUE WEST,5,1,0,7,1,1,,0,25,0,0,0,0,0,4,2,16
,2016_31420,39.696759,-105.0390315,4/22/2016 8:08,8:08,3,0,0,PATTON COURT SOUTH & MISSISSIPPI AVENUE WEST,1,1,0,7,1,1,,0,20,0,0,0,0,0,4,2,16
,2016_31422,39.783609,-104.7913916,2/27/2016 13:39,13:39,12,0,0,PENA BOULEVARD NORTHBOUND OFF RAMP & GREEN VALLEY RANCH BOULEVARD EAST,1,1,0,0,1,1,,0,25,0,0,0,0,0,4,2,16
,2016_31423,39.83346903,-104.692932,4/12/2016 12:55,12:55,15,0,0,PENA BOULEVARD 7600 BLOCK & JACKSON GAP STREET,1,1,0,7,1,4,,0,65,0,0,0,0,0,4,2,7
,2016_31424,39.83346903,-104.692932,10/10/2016 13:20,13:20,15,0,0,PENA BOULEVARD 8000 BLOCK & JACKSON GAP STREET,1,1,0,7,1,4,,0,55,0,0,0,0,0,4,2,1
,2016_31425,39.83346903,-104.692932,12/27/2016 11:40,11:40,12,0,0,PENA BOULEVARD 7600 BLOCK & JACKSON GAP NORTH,1,1,1,7,1,4,,0,35,0,0,0,0,0,4,2,16
,2016_31426,39.8356446,-104.6717644,7/17/2016 11:14,11:14,12,0,0,PENA BOULEVARD 8000 BLOCK & SHADY GROVE STREET,1,1,0,7,1,4,,0,25,0,0,0,0,0,4,2,1
,2016_31428,39.8332845,-104.7040403,4/8/2016 14:13,14:13,12,0,1,PENA BOULEVARD 7600 BLOCK & ELK STREET,1,1,0,7,1,4,,0,55,0,0,0,0,2,4,3,7
,2016_31429,39.72513078,-104.9811374,10/3/2016 19:06,19:06,6,0,0,PENNSYLVANIA STREET NORTH & 1100 BLOCK,1,2,0,0,1,4,,0,25,0,0,0,0,0,4,3,13
,2016_31430,39.782385,-104.847093,7/26/2016 11:09,11:09,1,0,0,PEORIA STREET NORTH & 47TH AVENUE EAST,1,1,1,0,1,1,,0,,0,0,0,0,0,4,2,13
,2016_31431,39.62582713,-104.9041192,8/22/2016 17:48,17:48,12,0,0,QUEBEC STREET SOUTH & 1000 BLOCK,2,1,0,1,1,4,,0,35,0,0,0,0,0,4,3,13
,2016_31432,39.77171824,-104.90281,4/30/2016 18:10,18:10,12,0,0,QUEBEC STREET & 1600 BLOCK NORTH,2,1,0,1,1,4,,0,30,0,0,0,0,0,4,2,12
,2016_31433,39.718404,-104.903784,12/31/2016 1:18,1:18,3,0,0,QUEBEC STREET NORTH & FIRST AVENUE EAST,1,3,0,0,1,1,,0,35,0,0,0,0,0,4,2,13
,2016_31434,39.738456,-105.036993,6/6/2016 12:30,12:30,6,0,0,14TH AVENUE WEST & NEWTON STREET NORTH,1,1,0,0,1,4,,0,25,0,0,0,0,0,4,2,13
,2016_31435,39.732885,-104.9034735,5/15/2016 16:56,16:56,12,0,0,QUEBEC STREET NORTH & 11TH AVENUE EAST,1,1,2,7,1,4,,0,25,0,0,0,0,1,4,2,16
,2016_31436,39.737268,-104.9034645,10/15/2016 12:50,12:50,12,0,0,QUEBEC STREET NORTH & 13TH AVENUE EAST,1,1,0,7,1,1,,0,30,0,0,0,0,0,4,2,1
,2016_31437,39.738843,-104.9031225,5/25/2016 9:13,9:13,14,0,1,QUEBEC STREET 1400 BLOCK NORTH & 14TH AVENUE EAST,1,1,0,7,1,4,,0,30,0,0,0,0,2,4,3,10
,2016_31438,39.74211,-104.9031135,2/15/2016 18:12,18:12,12,0,0,QUEBEC STREET 1600 BLOCK NORTH & 16TH AVENUE EAST,1,3,0,7,1,4,,0,35,0,0,0,0,0,4,4,12
,2016_31439,39.753495,-104.9033115,10/24/2016 18:45,18:45,12,0,0,QUEBEC STREET 2500 BLOCK NORTH & 25TH AVENUE EAST,1,3,0,7,1,4,,0,35,0,0,0,0,0,4,2,5
,2016_31440,39.757986,-104.903451,2/20/2016 14:56,14:56,12,0,0,QUEBEC STREET NORTH & 29TH AVENUE EAST,1,1,0,7,1,3,,0,30,0,0,0,0,0,4,2,8
,2016_31441,39.761964,-104.903451,9/6/2016 8:25,8:25,3,0,0,QUEBEC STREET NORTH & MLK BOULEVARD,2,1,0,1,1,1,,0,35,0,0,0,0,0,4,2,13
,2016_31442,39.761964,-104.903451,8/16/2016 15:18,15:18,12,0,0,QUEBEC STREET 3200 BLOCK NORTH & MLK BOULEVARD,1,1,0,7,1,4,,0,35,0,0,0,0,0,4,2,14
,2016_31443,39.638583,-105.0347025,2/21/2016 13:31,13:31,1,0,0,QUINCY AVENUE WEST & LOWELL BOULEVARD SOUTH,1,1,0,7,1,1,,0,35,0,0,0,0,0,4,2,3
,2016_31444,39.751182,-105.040494,5/23/2016 1:00,1:00,6,0,0,QUITMAN STREET & 23RD AVENUE WEST,3,3,0,0,1,4,,0,30,0,0,0,0,0,4,3,5
,2016_31445,39.740337,-105.0404805,11/6/2016 16:30,16:30,12,0,0,QUITMAN STREET 1400 BLOCK NORTH & COLFAX AVENUE WEST,1,1,0,0,1,4,,0,25,0,0,0,0,0,4,2,13
,2016_31446,39.633525,-105.042294,5/14/2016 0:15,0:15,3,0,0,QUITMAN STREET SOUTH & TUFTS AVENUE WEST,1,3,1,7,1,1,,0,25,0,0,0,0,0,4,2,3