id,drcog_id,latitude,longitude,crashtime,time,crashtype,numbkilled,numbinjurd,drcoglocat,rdconditin,lightngcon,roadcntgrd,weatherco,location,roaddescrp,schoolzone,constrzone,splimit,bikeinv,pedinv,sctrinv,motoinv,svrty,rdsystem,ttlvehcls,hcf
,2016_31447,39.688569,-105.0087735,3/14/2016 13:03,13:03,6,0,0,RARITAN STREET SOUTH & GUNNISON PLACE WEST,1,1,1,0,1,4,,0,30,0,0,0,0,0,4,2,1
,2016_31448,39.74440949,-104.9960551,3/14/2016 19:15,19:15,12,0,0,14TH STREET & 400 BLOCK EAST,1,3,0,0,1,4,,0,30,0,0,0,0,0,4,2,1
,2016_31449,39.745305,-104.9971905,9/30/2016 22:25,22:25,12,0,0,14TH STREET & CURTIS STREET,1,1,0,7,1,1,,0,35,0,0,0,0,0,4,2,14
,2016_31450,39.741318,-104.9919615,6/20/2016 9:33,9:33,3,0,0,14TH STREET & TREMONT PLACE,1,1,0,7,1,1,,0,30,0,0,0,0,0,4,2,12
,2016_31451,39.741318,-104.9919615,8/15/2016 9:50,9:50,10,0,0,14TH STREET & TREMONT PLACE,1,1,0,0,1,1,,0,30,0,0,0,0,0,4,2,13
,2016_31452,39.747609,-104.997762,1/21/2016 12:10,12:10,15,0,0,15TH STREET & LAWRENCE STREET,1,1,0,0,1,4,,0,30,0,0,0,0,0,4,2,13
,2016_31453,39.752397,-104.996745,2/7/2016 16:00,16:00,3,0,0,18TH STREET & BLAKE STREET,1,1,1,0,1,1,,0,30,0,0,0,0,0,4,2,13
,2016_31454,39.744819,-104.9823765,12/27/2016 8:41,8:41,10,0,0,18TH STREET & LOGAN STREET NORTH,1,1,0,0,1,2,,0,60,0,0,0,0,0,4,2,1
,2016_31455,39.751731,-104.9958765,1/10/2016 22:50,22:50,3,0,0,18TH STREET & MARKET STREET,1,3,0,0,1,1,,0,30,0,0,0,0,0,4,2,13
,2016_31456,39.752262,-104.991804,11/19/2016 12:24,12:24,12,0,0,20TH STREET 1200 BLOCK & LAWRENCE STREET,1,1,0,7,1,3,,0,30,0,0,0,0,0,4,2,16
,2016_31457,39.748185,-104.9864445,12/6/2016 8:39,8:39,3,0,0,20TH STREET & WELTON STREET,1,1,1,0,1,1,,0,30,0,0,0,0,0,4,2,1
,2016_31458,39.756141,-104.991912,8/4/2016 17:51,17:51,12,0,0,22ND STREET 1500 BLOCK & BLAKE STREET,1,1,0,7,1,3,,0,25,0,0,0,0,0,4,2,16
,2016_31459,39.75417,-104.9893335,5/10/2016 12:08,12:08,3,0,0,22ND STREET & LAWRENCE STREET,1,1,0,7,1,1,,0,25,0,0,0,0,0,4,2,8
,2016_31460,39.75417,-104.9893335,7/11/2016 11:00,11:00,3,0,0,22ND STREET & LAWRENCE STREET,1,1,0,0,1,1,,0,30,0,0,0,1,1,4,2,13
,2016_31461,39.755457,-104.9910525,7/20/2016 16:00,16:00,10,0,0,22ND STREET & MARKET STREET,1,1,0,0,1,1,,0,30,0,0,0,0,0,4,2,13
,2016_31462,39.758121,-104.98239,7/31/2016 13:11,13:11,12,0,0,27TH STREET & ARAPAHOE STREET,1,1,1,0,1,4,,0,25,0,0,0,0,0,4,2,4
,2016_31463,39.765843,-104.988492,8/2/2016 15:08,15:08,12,0,0,29TH STREET & ARKINS COURT,1,1,0,0,1,2,,0,25,0,0,0,0,0,4,2,13
,2016_31464,39.762693,-104.983434,2/4/2016 9:35,9:35,6,0,0,29TH STREET & BLAKE,5,1,0,0,1,4,,0,30,0,0,0,0,0,4,3,7
,2016_31465,39.711186,-104.997132,3/13/2016 9:55,9:55,12,0,0,SANTA FE DRIVE SOUTH & ALAMEDA AVENUE WEST,1,1,0,7,1,1,,0,35,0,0,0,0,0,4,2,16
,2016_31466,39.65175,-105.053202,3/7/2016 7:30,7:30,15,0,0,SHERIDAN BOULEVARD SOUTH & HAMPDEN WEST FRONTAGE ROAD,1,1,0,0,1,4,,0,40,0,0,0,0,0,4,2,13
,2016_31467,39.79094944,-104.9851935,3/24/2016 16:45,16:45,15,0,0,SHERMAN STREET & 4700 BLOCK NORTH,1,1,0,0,1,4,,0,25,0,0,0,0,0,4,2,13
,2016_31468,39.714723,-104.9850135,12/20/2016 8:20,8:20,3,0,0,SHERMAN STREET SOUTH & BAYAUD AVENUE EAST,5,1,0,7,1,1,,0,25,0,0,0,0,0,4,2,16
,2016_31469,39.75938304,-105.0232061,12/14/2016 13:34,13:34,15,0,0,SPEER BOULEVARD NORTH & 2400 BLOCK NORTH,1,1,1,0,1,4,,0,30,0,0,0,0,0,4,2,13
,2016_31470,39.733623,-104.9941215,2/3/2016 9:00,9:00,12,0,0,SPEER BOULEVARD & 11TH AVENUE WEST,5,1,0,0,1,4,,0,30,0,0,0,0,0,4,4,13
,2016_31471,39.738456,-104.9976405,7/14/2016 17:30,17:30,15,0,0,SPEER BOULEVARD NORTH  & 14TH AVENUE WEST,1,1,0,0,1,4,,0,30,0,0,0,0,0,4,2,8
,2016_31472,39.744468,-105.0000435,12/2/2016 12:02,12:02,15,0,0,SPEER BOULEVARD NORTH & ARAPAHOE STREET,1,1,0,7,1,1,,0,,0,0,0,0,0,4,2,16
,2016_31473,39.748446,-105.0033735,7/2/2016 19:03,19:03,12,0,0,SPEER BOULEVARD 1600 BLOCK NORTH & AURARIA PARKWAY,1,1,0,7,1,4,,0,35,0,0,0,0,0,4,2,16
,2016_31474,39.748446,-105.0033735,9/25/2016 7:30,7:30,15,0,0,SPEER BOULEVARD & AURARIA PARKWAY,1,1,0,0,1,1,,0,35,0,0,0,0,0,4,2,1
,2016_31475,39.69846,-104.9129235,12/12/2016 8:15,8:15,5,0,0,TENNESSEE AVENUE 6500 BLOCK EAST & MONACO STREET SOUTH,5,1,0,0,3,3,,0,30,0,0,0,0,0,4,1,7
,2016_31476,39.74006169,-104.9786654,3/31/2016 21:02,21:02,5,0,0,WASHINGTON STREET 1500 BLOCK NORTH & 16TH AVENUE EAST,2,4,1,0,3,5,,0,25,0,0,0,0,0,4,1,13
,2016_31477,39.71835,-104.9745915,6/23/2016 10:00,10:00,3,0,1,SPEER BOULEVARD EAST & CORONA STREET NORTH,1,1,1,0,1,1,,0,25,0,0,0,0,2,4,3,13
,2016_31478,39.752343,-105.007563,7/16/2016 10:51,10:51,15,0,1,SPEER BOULEVARD NORTH & ELITCH CIRCLE,1,1,0,7,1,1,,0,35,0,0,0,0,2,4,2,16
,2016_31479,39.719502,-104.9763735,7/14/2016 5:34,5:34,15,0,0,SPEER BOULEVARD EAST & EMERSON STREET NORTH,1,1,0,0,1,4,,0,35,0,0,0,0,0,4,2,13
,2016_31480,39.723435,-104.983794,10/19/2016 16:35,16:35,15,0,0,SPEER BOULEVARD SOUTH & GRANT STREET NORTH,1,1,0,7,1,1,,0,35,0,0,0,0,0,4,2,1
,2016_31481,39.740085,-104.892822,7/8/2016 14:45,14:45,6,0,0,UINTA STREET NORTH & COLFAX AVENUE EAST,1,1,0,0,1,4,,0,25,0,0,0,0,0,4,2,14
,2016_31482,39.722616,-104.982624,8/4/2016 8:00,8:00,12,0,0,SPEER BLCD EAST & LOGAN STREET NORTH,1,1,0,7,1,4,,0,30,0,0,0,0,0,4,3,16
,2016_31483,39.750192,-105.0047415,2/20/2016 11:32,11:32,3,0,0,SPEER BOULEVARD NORTH & WEWATTA STREET,1,1,0,7,1,1,,0,30,0,0,0,0,1,4,2,8
,2016_31484,39.750192,-105.0047415,7/14/2016 16:30,16:30,15,0,0,SPEER BOULEVARD NORTH & WEWATTA STREET,1,1,0,0,1,1,,0,25,0,0,0,0,0,4,2,7
,2016_31485,39.75633,-105.015852,2/10/2016 15:53,15:53,1,0,0,SPEER BOULEVARD NORTH & ZUNI STREET NORTH,1,1,1,0,1,1,,0,30,0,0,0,0,1,4,2,13
,2016_31486,39.779757,-104.9317335,6/3/2016 16:10,16:10,12,0,0,STAPLETON NORTH DRIVE EAST & DAHLIA STREET NORTH,1,1,0,7,1,1,,0,35,0,0,0,0,0,4,2,16
,2016_31487,39.761829,-104.9511735,2/26/2016 17:38,17:38,3,0,0,STREET PAUL STREET NORTH & MLK BOULEVARD,1,1,0,1,1,1,,0,25,0,0,0,0,0,4,2,16
,2016_31488,39.654279,-104.8988205,3/24/2016 16:53,16:53,1,0,0,TAMARAC DRIVE 330 BLOCK SOUTH & GIRARD AVENUE EAST,2,1,0,7,1,1,,0,35,0,0,0,0,1,4,2,3
,2016_31489,39.638664,-104.89266,4/27/2016 21:30,21:30,1,0,0,TAMARAC STREET 4300 BLOCK SOUTH & QUINCY AVENUE EAST,1,3,0,7,1,1,,0,35,0,0,0,0,0,4,2,3
,2016_31490,39.77575718,-105.0439759,5/31/2016 15:19,15:19,12,0,0,TENNYSON STREET & 4500 NORTH,1,1,1,0,1,4,,0,30,0,0,0,0,0,4,2,13
,2016_31491,39.774636,-104.7720825,8/21/2016 15:15,15:15,12,0,0,TOWER ROAD 4200 BLOCK NORTH & EAST 43RD AVENUE,1,1,0,0,1,4,,0,45,0,0,0,0,0,4,4,13
,2016_31493,39.783609,-104.772222,4/8/2016 13:31,13:31,3,0,0,TOWER ROAD NORTH & GREEN VALLEY RANCH BOULEVARD EAST,1,1,0,7,1,1,,0,35,0,0,0,0,0,4,2,16
,2016_31494,39.71950109,-104.95944,4/17/2016 10:25,10:25,15,0,0,UNIVERSITY BOULEVARD & 200 BLOCK NORTH,2,1,0,2,1,4,,1,35,0,0,0,0,0,4,2,12
,2016_31495,39.711114,-104.959305,5/6/2016 19:13,19:13,12,0,0,UNIVERSITY BOULEVARD 300 BLOCK SOUTH & ALAMEDA AVENUE EAST,1,1,1,7,1,4,,0,30,0,0,0,0,0,4,3,16
,2016_31496,39.71295,-104.959332,1/15/2016 18:15,18:15,12,0,0,UNIVERSITY BOULEVARD 600 BLOCK SOUTH & CEDAR AVENUE EAST,1,3,1,7,1,3,,0,30,0,0,0,0,0,4,2,16
,2016_31497,39.689289,-104.959341,11/21/2016 17:32,17:32,3,0,2,UNIVERSITY BOULEVARD SOUTH & FLORIDA AVENUE EAST,1,1,1,7,1,1,,0,30,0,0,0,0,2,4,3,3
,2016_31498,39.674835,-104.9594175,2/4/2016 9:12,9:12,3,0,0,UNIVERSITY BOULEVARD SOUTH & ILIFF AVENUE EAST,2,1,0,7,1,1,,0,30,0,0,0,0,1,4,2,1
,2016_31499,39.702006,-104.959341,9/3/2016 22:34,22:34,6,0,0,UNIVERSITY BOULEVARD SOUTH & OHIO AVENUE EAST,1,3,0,0,1,4,,0,25,0,0,0,0,0,4,2,3
,2016_31500,39.707487,-104.959323,1/5/2016 17:49,17:49,12,0,0,UNIVERSITY BOULEVARD SOUTH & VIRGINIA AVENUE EAST,1,3,0,0,1,1,,0,35,0,0,0,0,1,4,3,3
,2016_31501,39.667581,-104.9593905,10/11/2016 8:04,8:04,1,0,0,UNIVERSITY BOULEVARD SOUTH & YALE AVENUE EAST,1,1,0,0,1,1,,0,30,0,0,0,0,0,4,2,13
,2016_31502,39.788973,-104.9782815,12/10/2016 9:30,9:30,12,0,0,WASHINGTON STREET & 51ST AVENUE NORTH,1,1,0,0,1,4,,0,30,0,0,0,0,0,4,2,1
,2016_31503,39.778335,-104.9793615,3/27/2016 15:00,15:00,14,0,0,WASHINGTON STREET NORTH & 45TH AVENUE EAST,1,1,0,0,1,1,,0,35,0,0,0,0,0,4,2,13
,2016_31504,39.75121029,-104.999951,12/11/2016 18:30,18:30,6,0,0,WAZEE STREET 1600 BLOCK & 17TH STREET,1,3,0,0,1,4,,0,30,0,0,0,0,0,4,2,5
,2016_31505,39.74133235,-104.9953824,2/17/2016 13:30,13:30,6,0,0,WELTON STREET & 2100 BLOCK,1,1,0,0,1,4,,0,30,0,0,0,0,0,4,2,13
,2016_31507,39.76610063,-105.0487703,3/29/2016 17:42,17:42,12,0,0,WOLFF STREET & 900 BLOCK SOUTH,1,1,0,0,1,2,,0,25,0,0,0,0,0,4,2,1
,2016_31508,39.751875,-105.000903,8/7/2016 12:00,12:00,6,0,0,WYNKOOP STREET & 16TH STREET,1,1,0,0,1,4,,0,35,0,0,0,0,0,4,2,14
,2016_31509,39.733992,-105.0503625,5/30/2016 18:04,18:04,6,0,0,XAVIER STREET NORTH & 11TH AVENUE WEST,1,1,0,0,1,3,,0,30,0,0,0,0,0,4,2,3
,2016_31510,39.667725,-104.9787631,2/10/2016 17:31,17:31,14,0,0,YALE AVENUE & 9900 BLOCK EAST,2,2,0,0,1,2,,0,25,0,0,0,0,0,4,2,13
,2016_31511,39.667455,-104.936211,10/23/2016 22:05,22:05,5,0,0,YALE AVENUE EAST & CLERMONT DRIVE SOUTH,1,4,0,7,2,4,,0,30,0,0,0,0,0,4,1,14
,2016_31512,39.75702638,-104.9597336,7/18/2016 18:18,18:18,12,0,1,YORK STREET 2800 BLOCK NORTH & 29TH AVENUE EAST,2,1,0,7,1,4,,0,30,0,0,0,1,2,4,2,3
,2016_31513,39.763224,-104.959782,4/21/2016 14:27,14:27,3,0,0,YORK STREET NORTH & 33RD AVENUE EAST,1,1,0,0,1,2,,0,30,0,0,0,0,0,4,3,1
,2016_31514,39.702006,-104.960556,3/18/2016 20:16,20:16,12,0,0,YORK STREET SOUTH & OHIO AVENUE EAST,2,3,0,7,1,1,,0,25,0,0,0,0,0,4,2,3
,2016_31515,39.737268,-104.8846815,10/23/2016 2:09,2:09,3,0,0,YOSEMITE STREET NORTH & 13TH AVENUE EAST,1,3,1,7,1,1,,0,35,0,0,0,0,0,4,2,16
,2016_31516,39.651102,-104.8848435,2/2/2016 14:55,14:55,15,0,0,YOSEMITE STREET & JEFFERSON AVENUE EAST,4,1,1,0,1,4,,0,35,0,0,0,0,0,4,2,13
,2016_31517,39.651102,-104.8848435,5/18/2016 14:15,14:15,1,0,2,YOSEMITE STREET SOUTH & JEFFERSON AVENUE EAST,1,1,1,7,1,1,,0,35,0,0,0,0,2,4,3,8
,2016_31518,39.6432,-104.885154,6/1/2016 13:07,13:07,15,0,0,YOSEMITE STREET 4000 BLOCK SOUTH & NASSAU AVENUE EAST,1,1,1,7,1,4,,0,35,0,0,0,0,1,4,2,7
,2016_31519,39.685905,-105.015672,3/19/2016 5:21,5:21,6,0,0,ZUNI STREET SOUTH & MEXICO AVENUE WEST,4,2,1,2,1,4,,0,25,0,0,0,0,1,4,2,2
,2016_31736,39.700206,-104.9272335,6/14/2016 23:06,23:06,9,0,1,CHERRY CREEK SOUTH DRIVE & KENTUCKY AVENUE EAST,1,3,0,7,3,3,,0,35,0,0,0,0,2,4,1,5
,2016_32106,39.778182,-104.8303305,7/21/2016 0:01,0:01,6,0,0,CRYSTAL STREET 4600 BLOCK NORTH & 46TH AVENUE EAST,1,4,0,0,1,4,,0,15,0,0,0,0,0,4,2,13
,2016_32111,39.708036,-105.040863,8/21/2016 20:53,20:53,6,0,1,QUITMAN STREET & VIRGINIA AVENUE WEST,1,3,0,0,1,4,,0,25,0,0,0,0,2,4,2,5
,2016_32119,39.782385,-104.847093,11/9/2016 14:00,14:00,12,0,0,47TH AVENUE EAST & PEORIA STREET NORTH,1,1,0,7,1,1,,0,,0,0,0,0,1,4,2,14
,2016_32174,39.790269,-104.8114215,5/30/2016 20:36,20:36,5,0,1,53RD AVENUE EAST & FRASER STREET NORTH,1,3,1,7,2,4,,0,25,0,0,0,0,2,4,1,16
,2016_32231,39.67128,-104.9828355,9/28/2016 15:45,15:45,6,0,0,LOGAN STREET & HARVARD AVENUE EAST,1,1,1,0,1,4,,0,30,0,0,0,0,0,4,2,3
,2016_32238,39.789468,-104.8209615,9/16/2016 22:52,22:52,3,0,0,52ND AVENUE EAST & DILLON STREET NORTH,1,3,0,0,1,1,,0,,0,0,0,0,0,4,2,13
,2016_32259,39.680586,-104.9451345,1/11/2016 17:56,17:56,12,0,0,BUCHTEL BOULEVARD EAST & MONROE STREET SOUTH,14,3,1,0,1,4,,0,30,0,0,0,0,0,4,3,3
,2016_32260,39.75204993,-104.9989788,7/23/2016 23:10,23:10,12,0,0,WAZEE STREET & 1700 BLOCK,1,3,0,0,1,4,,0,30,0,0,0,0,0,4,2,13
,2016_32261,39.745206,-105.0095835,8/3/2016 17:00,17:00,3,0,0,AURARIA PARKWAY & SEVENTH STREET,1,1,0,0,1,1,,0,35,0,0,0,0,0,4,2,14
,2016_32262,39.709449,-105.039702,8/13/2016 20:57,20:57,6,0,0,DAKOTA AVENUE & PERRY STREET SOUTH,1,3,0,0,1,4,,0,25,0,0,0,0,0,4,2,13
,2016_32263,39.716514,-104.983785,8/14/2016 18:52,18:52,6,0,0,GRANT & ELLSWORTH AVENUE APPROXIMATELY,1,1,0,0,1,4,,0,25,0,0,0,0,0,4,2,3
,2016_32264,39.732021,-104.98617,8/17/2016 8:39,8:39,12,0,0,LINCOLN STREET & 10TH AVENUE EAST,1,1,1,0,1,3,,0,30,0,0,0,0,0,4,2,7
,2016_32265,39.728934,-104.992866,8/18/2016 13:43,13:43,10,0,0,EIGHTH AVENUE WEST & DELAWARE STREET NORTH,1,1,1,0,1,1,,0,30,0,0,0,0,0,4,2,13
,2016_32266,39.747015,-104.989761,8/20/2016 0:00,0:00,12,0,0,18TH STREET & CALIFORNIA STREET,2,3,0,1,1,1,,0,25,0,0,0,0,0,4,2,13
,2016_32267,39.782277,-104.8659255,8/24/2016 15:24,15:24,12,0,0,47TH AVENUE EAST & HAVANA STREET NORTH,2,1,0,0,1,1,,0,35,0,0,0,0,0,4,2,13
,2016_32268,39.75948,-104.959782,8/25/2016 17:42,17:42,3,0,0,YORK STREET NORTH & 30TH AVENUE EAST,1,1,0,0,1,1,,0,25,0,0,0,0,1,4,2,14
,2016_32269,39.74001,-104.99202,8/26/2016 10:25,10:25,12,0,0,75TH AVENUE & 23200 BLOCK EAST,1,1,1,0,1,4,,0,45,0,0,0,0,0,4,4,13
,2016_32270,39.667725,-105.041763,8/28/2016 9:49,9:49,3,0,0,YALE AVENUE WEST & RALEIGH STREET SOUTH,1,1,0,0,1,1,,0,30,0,0,0,0,0,4,2,7
,2016_32271,39.718206,-104.954625,8/30/2016 17:07,17:07,12,0,0,FIRST AVENUE EAST & DETROIT STREET NORTH,1,1,0,0,1,1,,0,35,0,0,0,0,0,4,2,14
,2016_32272,39.671271,-104.9875335,8/31/2016 1:39,1:39,6,0,0,BROADWAY SOUTH & HARVARD AVENUE WEST,1,3,0,0,1,4,,0,35,0,0,0,0,1,4,3,5
,2016_32273,39.703887,-104.912964,9/1/2016 14:00,14:00,12,0,0,MONACO STREET & EXPOSITION AVENUE EAST,1,1,1,0,1,3,,0,35,0,0,0,0,0,4,2,13
,2016_32274,39.730437,-104.983614,9/4/2016 11:00,11:00,6,0,0,NINTH AVENUE EAST & GRANT STREET NORTH,1,1,0,0,1,4,,0,25,0,0,0,0,0,4,2,10
,2016_32275,39.752874,-104.9874255,9/7/2016 9:07,9:07,15,0,0,BROADWAY NORTH & CURTIS STREET,1,1,0,0,1,4,,0,30,0,0,0,0,0,4,2,13
,2016_32276,39.776373,-104.949801,9/9/2016 14:07,14:07,1,0,0,STEELE STREET NORTH & 43RD AVENUE EAST,14,1,0,0,1,1,,0,30,0,0,0,0,0,4,2,14
,2016_32277,39.736854,-104.9787,9/10/2016 0:03,0:03,10,0,0,13TH AVENUE EAST & WASHINGTON STREET NORTH,1,3,1,0,1,1,,0,35,0,0,0,0,0,4,2,8
,2016_32278,39.782718,-104.7610125,9/12/2016 13:15,13:15,6,0,0,47TH DRIVE EAST & FLANDERS WAY NORTH,1,1,0,0,1,4,,0,25,0,0,0,0,0,4,2,13
,2016_32279,39.783618,-104.777595,9/12/2016 15:30,15:30,6,0,0,WALDEN STREET 470 BLOCK NORTH & GREEN VALLEY RANCH BOULEVARD EAST,1,1,0,0,1,4,,0,25,0,0,0,0,0,4,2,13
,2016_32280,39.735243,-104.9873805,9/16/2016 8:19,8:19,15,0,0,BROADWAY NORTH & 12TH AVENUE EAST,1,1,0,0,1,1,,0,30,0,0,0,0,0,4,2,13
,2016_32281,39.736827,-104.99166,9/16/2016 19:59,19:59,12,0,0,13TH AVENUE WEST & CHEROKEE STREET NORTH,1,3,0,0,1,1,,0,35,0,0,0,0,0,4,2,12
,2016_32282,39.758328,-105.00687,9/19/2016 10:11,10:11,15,0,0,PLATTE STREET & 17TH STREET,1,1,0,0,1,4,,1,25,0,0,0,0,0,4,2,14
,2016_32283,39.748932,-105.0012495,9/21/2016 16:47,16:47,15,0,0,14TH COURT & BLAKE STREET,1,1,0,0,1,1,,0,30,0,0,0,0,0,4,2,1
,2016_32285,39.765258,-104.892543,9/25/2016 12:16,12:16,3,0,0,35TH AVENUE EAST & UINTA STREET NORTH,1,1,0,0,1,1,,0,30,0,0,0,0,0,4,2,13
,2016_32286,39.756141,-104.991912,9/26/2016 14:05,14:05,12,0,1,22ND STREET & BLAKE STREET,1,1,0,0,1,3,,0,30,0,0,0,0,1,4,2,2
,2016_32287,39.762,-104.912865,9/26/2016 15:12,15:12,1,0,1,MLK BOULEVARD EAST & MONACO STREET NORTH,1,1,0,0,1,1,,0,35,0,0,0,0,1,4,2,3
,2016_32288,39.743775,-104.901093,9/26/2016 17:20,17:20,3,0,0,17TH AVENUE EAST & ROSLYN STREET NORTH,1,2,0,0,1,1,,0,25,0,0,0,0,0,4,2,1
,2016_32289,39.779577,-104.8471335,9/27/2016 17:24,17:24,3,0,0,46TH AVENUE EAST & PEORIA STREET NORTH,1,1,0,0,1,1,,0,40,0,0,0,0,0,4,2,13
,2016_32290,39.696732,-105.02037,9/30/2016 19:35,19:35,12,0,0,CLAY STREET SOUTH & MISSISSIPPI AVENUE WEST,1,3,0,0,1,3,,0,25,0,0,0,0,0,4,2,13
,2016_32291,39.747438,-104.90346,9/30/2016 21:08,21:08,12,0,0,QUEBEC STREET NORTH & MONTVIEW BOULEVARD EAST,1,1,0,0,1,3,,0,35,0,0,0,0,0,4,3,13
,2016_32292,39.743793,-104.9734035,9/30/2016 23:52,23:52,1,0,0,PARK AVENUE WEST & DOWNING STREET NORTH,1,3,0,0,1,1,,0,25,0,0,0,0,0,4,2,13
,2016_32293,39.72886177,-104.9975817,1/20/2016 12:15,12:15,15,0,0,INCA STREET & 400,1,1,0,0,1,4,,0,25,0,0,0,0,0,4,2,13
,2016_32294,39.709026,-104.875443,10/3/2016 9:38,9:38,12,0,0,ALAMEDA AVENUE EAST & DAYTON STREET SOUTH,1,5,0,0,1,1,,0,40,0,0,0,0,0,4,2,13
,2016_32295,39.754836,-105.023601,10/4/2016 12:15,12:15,6,0,0,26TH AVENUE & ELIOT STREET,1,1,0,0,1,4,,0,30,0,0,0,0,0,4,3,13
,2016_32296,39.729222,-104.932782,8/1/2016 12:15,12:15,3,0,0,EIGHTH AVENUE EAST & DEXTER STREET NORTH,1,1,0,7,1,1,,0,25,0,0,0,0,0,4,2,16
,2016_32297,39.682755,-104.959332,10/4/2016 22:23,22:23,15,0,0,UNIVERSITY BOULEVARD SOUTH & BUCHTEL BOULEVARD EAST,1,4,0,0,1,1,,0,30,0,0,0,0,0,4,2,1
,2016_32298,39.782277,-104.8659255,10/5/2016 19:13,19:13,1,0,0,HAVANA STREET NORTH & 47TH AVENUE EAST,1,3,0,0,1,1,,0,35,0,0,0,0,0,4,2,13
,2016_32299,39.680226,-104.959404,10/6/2016 12:35,12:35,3,0,0,ASBURY AVENUE EAST & UNIVERSITY BOULEVARD SOUTH,1,1,0,0,1,1,,0,35,0,0,0,0,0,4,2,13
,2016_32300,39.771774,-104.903442,10/6/2016 18:15,18:15,15,0,0,QUEBEC STREET & SMITH ROAD,1,1,1,0,1,4,,0,45,0,0,0,0,0,4,2,13
,2016_32301,39.75417,-104.9893335,10/11/2016 10:25,10:25,3,0,0,22ND STREET & LAWRENCE STREET,1,1,0,0,1,1,,0,30,0,0,0,0,0,4,2,13
,2016_32302,39.787875,-104.811444,12/31/2016 3:42,3:42,6,0,0,52ND AVENUE & FRASER STREET NORTH,1,3,0,0,1,4,,0,,0,0,0,0,0,4,2,13
,2016_32303,39.718327,-104.9763308,7/2/2016 19:30,19:30,15,0,0,FIRST AVENUE & 3000 EAST,1,1,0,0,1,1,,0,30,0,0,0,0,0,4,2,14
,2016_32304,39.718197,-104.9558355,12/12/2016 11:05,11:05,1,0,1,FIRST AVENUE EAST & CLAYTON LANE NORTH,1,1,0,0,1,1,,0,30,0,0,0,0,2,4,2,1
,2016_32305,39.71871,-104.973282,6/27/2016 19:33,19:33,12,0,0,FIRST AVENUE EAST & DOWNING STREET NORTH,1,1,0,0,1,4,,0,35,0,0,0,0,0,4,2,3
,2016_32306,39.718332,-104.965425,12/20/2016 13:00,13:00,12,0,0,FIRST AVENUE 1600 BLOCK EAST & HIGH STREET NORTH,2,1,0,0,1,4,,0,30,0,0,0,0,0,4,2,13
,2016_32307,39.718026,-104.9522265,1/4/2016 8:30,8:30,12,0,0,FIRST AVENUE 2900 BLOCK EAST & MILWAUKEE STREET NORTH,1,1,0,0,1,4,,0,35,0,0,0,0,0,4,2,14
,2016_32308,39.718026,-104.9522265,2/6/2016 22:35,22:35,3,0,0,FIRST AVENUE EAST & MILWAUKEE STREET NORTH,1,3,0,0,1,1,,0,25,0,0,0,0,0,4,2,7
,2016_32309,39.718026,-104.9522265,6/7/2016 7:18,7:18,15,0,0,FIRST AVENUE EAST & MILWAUKEE T NORTH,1,1,0,0,1,4,,0,30,0,0,0,0,0,4,2,13
,2016_32310,39.723903,-105.0186735,2/4/2016 16:38,16:38,3,0,0,FIFTH AVENUE WEST & BRYANT STREET NORTH,2,1,0,7,1,1,,0,30,0,0,0,0,0,4,2,14
,2016_32311,39.72411,-104.9546115,7/13/2016 18:30,18:30,6,0,0,FIFTH AVENUE EAST & DETROIT STREET NORTH,1,1,0,0,1,4,,0,25,0,0,0,0,0,4,3,4
,2016_32312,39.724128,-104.98455,8/12/2016 12:03,12:03,3,0,0,FIFTH AVENUE EAST & SPEER BOULEVARD EAST,1,1,1,0,1,1,,0,35,0,0,0,0,0,4,2,3
,2016_32313,39.725532,-104.940801,3/29/2016 17:00,17:00,15,0,0,SIXTH AVENUE 4000 BLOCK EAST & COLORADO BOULEVARD NORTH,2,1,0,7,1,3,,0,35,0,0,0,0,0,4,2,16
,2016_32314,39.725595,-104.9578605,12/29/2016 19:02,19:02,15,0,0,SIXTH AVENUE EAST & COLUMBINE STREET NORTH,1,3,0,0,1,1,,0,30,0,0,0,0,0,4,2,14
,2016_32315,39.725595,-104.954634,11/11/2016 14:31,14:31,3,0,0,SIXTH AVENUE EAST & DETROIT STREET NORTH,1,1,0,0,1,1,,0,30,0,0,0,0,0,4,2,3
,2016_32316,39.725586,-104.972922,9/13/2016 11:30,11:30,12,0,0,SIXTH AVENUE EAST & DOWNING STREET NORTH,1,1,0,0,1,3,,0,30,0,0,0,0,0,4,3,13
,2016_32317,39.72627,-105.0002055,9/26/2016 0:00,0:00,15,0,0,SIXTH AVENUE 1100 BLOCK WEST & KALAMATH STREET NORTH,1,1,0,0,1,4,,0,,0,0,0,0,1,4,2,13
,2016_32318,39.725649,-104.986314,8/13/2016 17:18,17:18,10,0,0,SIXTH AVENUE EAST & LINCOLN STREET NORTH,1,1,0,0,1,1,,0,30,0,0,0,0,0,4,2,8
,2016_32319,39.725595,-104.946183,4/7/2016 11:41,11:41,15,0,0,SIXTH AVENUE 3500 BLOCK EAST & MADISON STREET NORTH,1,1,0,7,1,4,,0,30,0,0,0,0,0,4,2,1
,2016_32320,39.725694,-104.9985945,11/9/2016 17:42,17:42,15,0,0,SIXTH AVENUE WEST & SANTA FE DRIVE NORTH,1,3,0,7,1,4,,0,25,0,0,0,0,0,4,2,16