id,drcog_id,latitude,longitude,crashtime,time,crashtype,numbkilled,numbinjurd,drcoglocat,rdconditin,lightngcon,roadcntgrd,weatherco,location,roaddescrp,schoolzone,constrzone,splimit,bikeinv,pedinv,sctrinv,motoinv,svrty,rdsystem,ttlvehcls,hcf
,2016_32321,39.725604,-104.949783,1/31/2016 20:15,20:15,12,0,0,SIXTH AVENUE EAST & STEELE STREET NORTH,4,3,0,2,1,3,,0,35,0,0,0,0,0,4,2,5
,2016_32322,39.727269,-104.979951,3/3/2016 0:57,0:57,6,0,0,SEVENTH AVENUE 500 BLOCK EAST & PEARL STREET NORTH,1,3,1,0,1,4,,0,25,0,0,0,0,0,4,3,3
,2016_32324,39.729204,-104.9383035,12/7/2016 18:27,18:27,15,0,0,EIGHTH AVENUE EAST & ASH STREET NORTH,5,3,0,7,1,1,,0,30,0,0,0,0,0,4,2,3
,2016_32325,39.738357,-104.958702,5/13/2016 11:00,11:00,6,0,0,JOSEPHINE STREET NORTH & 14TH AVENUE EAST,1,1,1,0,3,4,,0,30,0,0,0,0,0,4,2,7
,2016_32326,39.729087,-104.9682645,7/10/2016 16:02,16:02,10,0,0,EIGHTH AVENUE EAST & FRANKLIN STREET NORTH,1,1,0,0,1,1,,0,25,0,0,0,0,0,4,2,13
,2016_32327,39.72924,-104.9239035,4/27/2016 17:01,17:01,3,0,0,EIGHTH AVENUE EAST & HUDSON STREET NORTH,1,1,0,0,1,1,,0,30,0,0,0,0,0,4,2,13
,2016_32328,39.729267,-104.9161545,6/9/2016 16:56,16:56,12,0,0,EIGHTH AVENUE EAST & KRAMERIA STREET NORTH,1,1,0,7,1,4,,0,30,0,0,0,0,0,4,2,14
,2016_32329,39.73296,-105.0364783,10/18/2016 18:05,18:05,12,0,0,10TH AVENUE WEST & 3900 BLOCK,1,1,0,0,1,4,,0,35,0,0,0,0,0,4,2,9
,2016_32330,39.73293,-105.032151,12/17/2016 10:50,10:50,3,0,0,10TH AVENUE WEST & KNOX COURT NORTH,1,1,0,2,1,1,,0,,0,0,0,0,0,4,2,14
,2016_32331,39.732039,-104.9848515,5/31/2016 17:49,17:49,3,0,0,10TH AVENUE EAST & SHERMAN STREET NORTH,1,1,0,7,1,1,,0,25,0,0,0,0,1,4,2,16
,2016_32333,39.732003,-104.978682,2/12/2016 17:10,17:10,12,0,0,10TH AVENUE EAST & WASHINGTON STREET NORTH,1,2,0,7,1,4,,0,30,0,0,0,0,0,4,2,3
,2016_32334,39.732885,-104.9034735,11/25/2016 22:20,22:20,12,0,0,11TH AVENUE EAST & QUEBEC STREET NORTH,1,3,0,7,1,1,,0,,0,0,0,0,0,4,2,16
,2016_32335,39.733623,-104.9941215,3/10/2016 13:45,13:45,3,0,0,11TH AVENUE WEST & SPEER BOULEVARD NORTH,1,1,1,7,1,1,,0,30,0,0,0,0,1,4,2,16
,2016_32336,39.735153,-104.973003,9/25/2016 9:57,9:57,3,0,0,12TH AVENUE EAST & DOWNING STREET,1,1,0,0,1,1,,0,25,0,0,0,0,0,4,2,13
,2016_32337,39.73509,-104.922324,8/6/2016 19:37,19:37,14,0,0,12TH AVENUE EAST & HOLLY STREET NORTH,1,3,0,0,1,4,,0,25,0,0,0,0,0,4,2,14
,2016_32338,39.735135,-104.9787225,2/29/2016 18:13,18:13,6,0,0,12TH AVENUE & WASHINGTON STREET NORTH,1,3,1,0,1,5,,0,25,0,0,0,0,0,4,2,7
,2016_32339,39.736845,-104.9873715,12/4/2016 1:55,1:55,12,0,0,13TH AVENUE EAST & BROADWAY AVENUE,1,3,0,0,1,4,,0,35,0,0,0,0,0,4,2,13
,2016_32340,39.736863,-104.9941215,2/17/2016 14:30,14:30,3,0,0,13TH AVENUE WEST & ELATI STREET NORTH,1,1,0,0,1,1,,0,25,0,0,0,0,1,4,2,3
,2016_32341,39.7368,-104.9586435,12/31/2016 2:18,2:18,12,0,0,13TH AVENUE 2400 BLOCK EAST & JOSEPHINE STREET NORTH,1,3,0,7,1,3,,0,85,0,0,0,0,0,4,2,16
,2016_32342,39.736863,-104.996484,1/28/2016 12:15,12:15,3,0,0,13TH AVENUE WEST & SPEER BOULEVARD SOUTHBOUND NORTH,1,1,0,7,1,1,,0,35,0,0,0,0,0,4,2,14
,2016_32343,39.738366,-104.9562765,11/7/2016 13:26,13:26,8,0,0,14TH AVENUE EAST & ELIZABETH STREET NORTH,1,1,0,0,1,3,,0,30,0,0,0,0,0,4,2,8
,2016_32344,39.738285,-104.9292135,3/30/2016 7:45,7:45,12,0,0,14TH AVENUE 5000 EAST & ELM STREET NORTH,1,1,0,0,1,4,,0,30,0,0,0,0,0,4,3,13
,2016_32345,39.723156,-104.927184,7/22/2016 13:03,13:03,8,0,0,FOURTH AVENUE EAST & FOREST STREET NORTH,1,1,0,0,1,1,,0,30,0,0,0,0,0,4,2,14
,2016_32347,39.738456,-104.995314,1/19/2016 17:41,17:41,10,0,0,14TH AVENUE 500 WEST & FOX STREET,1,3,0,0,1,4,,0,25,0,0,0,0,0,4,2,13
,2016_32348,39.738438,-104.983623,3/2/2016 14:20,14:20,3,0,0,14TH AVENUE EAST & GRANT STREET NORTH,1,1,0,0,1,1,,0,35,0,0,0,0,0,4,2,13
,2016_32349,39.738393,-104.9695605,5/15/2016 10:57,10:57,3,0,0,14TH AVENUE EAST & HUMBOLDT STREET NORTH,1,1,0,7,1,1,,0,30,0,0,0,0,0,4,2,8
,2016_32350,39.738447,-104.986143,4/15/2016 0:41,0:41,3,0,0,14TH AVENUE EAST & LINCOLN STREET NORTH,1,3,1,7,1,1,,0,35,0,0,0,0,0,4,2,1
,2016_32351,39.73842,-104.9752845,10/23/2016 0:24,0:24,3,0,0,14TH AVENUE EAST & OGDEN STREET NORTH,1,1,0,7,1,1,,0,30,0,0,0,0,0,4,2,16
,2016_32352,39.738375,-104.965992,9/13/2016 16:30,16:30,3,0,0,14TH AVENUE EAST & WILLIAMS STREET NORTH,1,1,0,1,1,1,,0,30,0,0,0,0,0,4,2,13
,2016_32353,39.741966,-104.8858155,3/9/2016 5:53,5:53,3,0,0,16TH AVENUE EAST & XENIA STREET NORTH,1,1,0,7,1,1,,0,25,0,0,0,0,0,4,2,16
,2016_32354,39.74001,-104.99202,6/15/2016 12:35,12:35,15,0,0,17TH AVENUE & 2300 BLOCK EAST,1,1,0,0,1,3,,0,30,0,0,0,0,0,4,2,1
,2016_32355,39.743226,-104.961006,12/16/2016 17:01,17:01,3,0,0,17TH AVENUE EAST & GAYLORD STREET NORTH,1,3,0,7,1,1,,0,30,0,0,0,0,0,4,3,14
,2016_32356,39.762,-105.0236055,3/13/2016 12:12,12:12,3,0,0,32ND AVENUE 2800 BLOCK WEST & ELIOT STREET NORTH,1,1,0,0,1,1,,0,25,0,0,0,0,0,4,2,7
,2016_32357,39.743415,-104.95926,12/15/2016 21:32,21:32,3,0,0,17TH AVENUE EAST & JOSEPHINE STREET,1,3,0,0,1,1,,0,35,0,0,0,0,0,4,3,8
,2016_32358,39.743244,-104.9798925,1/16/2016 18:23,18:23,10,0,0,17TH AVENUE 800 BLOCK EAST & PEARL STREET NORTH,1,3,0,0,1,5,,0,30,0,0,0,0,0,4,2,8
,2016_32359,39.743199,-104.963454,9/9/2016 20:14,20:14,3,0,0,17TH AVENUE EAST & RACE STREET NORTH,1,3,0,7,1,1,,0,60,0,0,0,0,0,4,2,14
,2016_32360,39.743784,-104.897565,4/16/2016 9:25,9:25,3,0,0,17TH AVENUE EAST & SPRUCE STREET NORTH,4,1,0,2,1,1,,0,30,0,0,0,0,0,4,2,16
,2016_32361,39.743235,-104.965992,4/4/2016 16:50,16:50,12,0,0,17TH AVENUE 1600 BLOCK EAST & WILLIAMS STREET NORTH,1,1,0,7,1,4,,0,30,0,0,0,0,0,4,4,3
,2016_32362,39.716505,-104.97915,2/6/2016 19:45,19:45,6,0,0,WASHINGTON STREET NORTH & ELLSWORTH AVENUE EAST,6,4,1,0,1,4,,0,25,0,0,0,0,0,4,2,14
,2016_32363,39.744837,-104.976144,12/11/2016 12:00,12:00,3,0,0,18TH AVENUE EAST & EMERSON STREET NORTH,1,1,0,7,1,1,,0,,0,0,0,0,0,4,2,16
,2016_32364,39.747357,-105.023412,11/10/2016 11:11,11:11,3,0,1,20TH AVENUE & MILE HIGH STADIUM CIRCLE,1,1,1,0,1,1,,0,30,0,0,0,0,2,4,2,13
,2016_32365,39.747528,-104.978304,8/9/2016 17:40,17:40,12,0,0,20TH AVENUE EAST & PARK AVENUE WEST,1,1,1,7,1,1,,0,30,0,0,0,0,0,4,2,16
,2016_32366,39.749805,-104.9081355,1/14/2016 14:57,14:57,3,0,0,22ND AVENUE EAST & ONEIDA STREET NORTH,1,1,0,0,1,1,,0,25,0,0,0,0,0,4,2,14
,2016_32367,39.74001,-104.99202,3/17/2016 8:05,8:05,3,0,0,25TH AVENUE & 800 BLOCK EAST,1,1,0,0,1,5,,0,30,0,0,0,0,0,4,2,7
,2016_32368,39.754818,-105.020514,12/16/2016 15:04,15:04,15,0,0,26TH AVENUE & CLAY,1,1,1,0,1,4,,0,30,0,0,0,0,0,4,2,13
,2016_32369,39.759633,-105.012495,8/26/2016 12:18,12:18,12,0,0,30TH AVENUE WEST & LYLE COURT,1,1,0,0,1,3,,0,30,0,0,0,0,0,4,2,14
,2016_32370,39.760749,-104.959782,5/4/2016 4:10,4:10,3,0,0,31ST AVENUE EAST & YORK STREET NORTH,1,3,0,7,1,1,,0,30,0,0,0,0,0,4,2,1
,2016_32371,39.763827,-104.915214,12/10/2016 9:22,9:22,3,0,0,33RD AVENUE & LEYDEN STREET,2,1,0,7,1,1,,0,25,0,0,0,0,0,4,2,14
,2016_32372,39.765636,-104.9034645,6/15/2016 18:51,18:51,1,0,0,35TH AVENUE EAST & QUEBEC STREET NORTH,1,1,0,7,1,1,,0,35,0,0,0,0,0,4,2,14
,2016_32373,39.765636,-105.01119,1/3/2016 13:20,13:20,3,0,1,35TH AVENUE WEST & TEJON STREET NORTH,1,1,0,0,1,1,,0,30,0,0,0,1,2,4,2,7
,2016_32374,39.767382,-104.90346,3/9/2016 20:22,20:22,1,0,0,36TH AVENUE EAST & QUEBEC STREET NORTH,1,3,0,7,1,1,,0,35,0,0,0,0,0,4,2,7
,2016_32375,39.769551,-105.034617,6/27/2016 8:25,8:25,3,0,0,38TH AVENUE EAST & LOWELL BOULEVARD NORTH,1,1,0,7,1,1,,0,35,0,0,0,0,0,4,2,16
,2016_32376,39.769254,-104.9097735,5/15/2016 17:37,17:37,3,0,0,38TH AVENUE EAST & NEWPORT STREET NORTH,1,1,0,7,1,1,,0,25,0,0,0,0,0,4,2,16
,2016_32377,39.769182,-104.949882,11/4/2016 15:38,15:38,12,0,0,38TH AVENUE EAST & STEELE STREET NORTH,1,1,0,0,1,4,,0,20,0,0,0,0,0,4,2,13
,2016_32378,39.769272,-105.0111945,3/2/2016 13:25,13:25,5,0,0,38TH AVENUE WEST & TEJON STREET NORTH,1,1,0,0,3,3,,0,30,0,0,0,0,0,4,1,7
,2016_32379,39.772872,-104.8016205,11/14/2016 11:55,11:55,15,0,0,40TH AVENUE 15900 BLOCK EAST & KITTREDGE STREET NORTH,1,1,0,7,1,4,,0,15,0,0,0,0,0,4,2,16
,2016_32380,39.77343,-104.7708135,6/10/2016 3:33,3:33,6,0,0,42ND AVENUE EAST & ANDES COURT NORTH,1,3,0,0,1,4,,0,15,0,0,0,0,0,4,2,8
,2016_32381,39.77865,-104.865912,11/2/2016 18:00,18:00,12,0,0,45TH AVENUE EAST & HAVANA STREET NORTH,1,1,0,7,1,1,,0,40,0,0,0,0,0,4,2,16
,2016_32382,39.778929,-104.958261,11/10/2016 8:29,8:29,3,0,0,45TH AVENUE EAST & JOSEPHINE STREET NORTH,1,1,0,7,1,1,,0,25,0,0,0,0,0,4,2,1
,2016_32383,39.78252,-104.872095,1/22/2016 17:30,17:30,15,0,0,47TH AVENUE 9900 BLOCK EAST & FLORENCE STREET NORTH,1,3,0,0,1,4,,0,30,0,0,0,0,0,4,2,13
,2016_32384,39.782394,-104.848956,8/2/2016 13:17,13:17,1,0,1,47TH AVENUE EAST & PARIS STREET NORTH,1,1,1,7,1,1,,0,35,0,0,0,0,2,4,2,16
,2016_32385,39.783834,-105.0082515,5/4/2016 10:53,10:53,15,0,0,48TH AVENUE WEST & QUIVAS STREET NORTH,1,1,0,0,1,3,,0,30,0,0,0,0,1,4,2,14
,2016_32386,39.783852,-105.04395,3/2/2016 8:05,8:05,3,0,0,48TH AVENUE WEST & TENNYSON STREET NORTH,1,1,0,0,1,1,,0,35,0,0,0,0,0,4,2,14
,2016_32387,39.786201,-104.8194135,4/25/2016 22:39,22:39,6,0,0,51ST AVENUE EAST & DULUTH COURT NORTH,1,3,1,0,1,4,,0,30,0,0,0,0,0,4,2,7
,2016_32388,39.798315,-104.8754655,8/4/2016 16:33,16:33,1,0,0,56TH AVENUE EAST & DALLAS STREET NORTH,1,1,0,7,1,1,,0,45,0,0,0,0,0,4,2,16
,2016_32389,39.798396,-104.786415,9/20/2016 14:40,14:40,3,0,0,56TH AVENUE EAST & PENA BOULEVARD OUTBOUND SOUTHBOUND OFF RAMP,1,1,0,0,1,3,,0,45,0,0,0,0,0,4,2,13
,2016_32390,39.798234,-104.7721815,1/17/2016 18:28,18:28,12,0,0,56TH AVENUE EAST & TOWER ROAD NORTH,1,2,0,0,1,1,,0,45,0,0,0,0,1,4,3,5
,2016_32391,39.832011,-104.71554,9/26/2016 8:18,8:18,15,0,0,75TH AVENUE 23300 BLOCK EAST & GUN CLUB NORTH,1,1,0,0,1,1,,0,35,0,0,0,0,0,4,2,8
,2016_32392,39.78668412,-104.9887195,2/1/2016 19:00,19:00,6,0,0,ACOMA STREET & 800 BLOCK NORTH,4,3,0,2,1,4,,0,30,0,0,0,0,0,4,3,13
,2016_32393,39.78668412,-104.9887195,12/9/2016 18:30,18:30,6,0,0,ACOMA STREET NORTH & 1100 BLOCK,1,3,0,0,1,4,,0,25,0,0,0,0,0,4,2,13
,2016_32394,39.730437,-104.988852,2/4/2016 11:40,11:40,6,0,0,ACOMA STREET NORTH & NINTH AVENUE WEST,5,1,0,0,1,4,,0,30,0,0,0,0,0,4,3,13
,2016_32395,39.687579,-104.9887845,11/29/2016 9:40,9:40,6,0,0,ACOMA STREET 1500 BLOCK SOUTH & IOWA AVENUE WEST,1,1,0,0,1,4,,0,,0,0,0,0,0,4,2,13
,2016_32396,39.711159,-104.9900175,4/12/2016 17:34,17:34,12,0,0,ALAMEDA AVENUE WEST & BANNOCK STREET SOUTH,1,1,0,7,1,3,,0,30,0,0,0,0,1,4,3,3
,2016_32397,39.711186,-104.9482305,7/7/2016 19:06,19:06,12,0,0,ALAMEDA AVENUE EAST & CHERRY CREEK SOUTH DRIVE EAST,1,1,0,7,1,3,,0,25,0,0,0,0,0,4,2,14
,2016_32398,39.711186,-104.997132,7/11/2016 17:11,17:11,12,0,0,ALAMEDA AVENUE 900 BLOCK WEST & SANTA FE DRIVE SOUTH,1,1,0,7,1,1,,0,25,0,0,0,0,0,4,2,14
,2016_32399,39.711006,-104.949972,11/1/2016 16:30,16:30,12,0,0,ALAMEDA AVENUE 3100 BLOCK EAST & STEELE STREET SOUTH,1,1,0,7,1,4,,0,25,0,0,0,0,1,4,2,14
,2016_32400,39.711114,-104.959305,8/2/2016 21:57,21:57,12,0,0,ALAMEDA AVENUE 2300 BLOCK EAST & UNIVERSITY BOULEVARD SOUTH,1,3,1,7,1,4,,0,30,0,0,0,0,0,4,2,3
,2016_32402,39.7759725,-104.936166,10/13/2016 8:00,8:00,3,0,0,ALBION STREET & 4000 BLOCK NORTH,1,1,0,0,1,2,,0,15,0,0,0,0,0,4,3,14
,2016_32403,39.780621,-104.841774,9/16/2016 19:46,19:46,12,0,0,ALBROOK DRIVE EAST & 46TH AVENUE EAST,1,5,0,4,1,1,,0,,0,0,0,0,0,4,4,16
,2016_32404,39.789972,-104.7712905,3/5/2016 9:15,9:15,15,0,0,ANDES STREET NORTH & BURLINGTON PLACE EAST,1,1,0,0,1,4,,0,25,0,0,0,0,0,4,2,16
,2016_32405,39.744468,-105.0000435,2/1/2016 7:55,7:55,12,0,0,ARAPAHOE STREET 1300 BLOCK & SPEER BOULEVARD,4,1,1,2,1,4,,0,30,0,0,0,0,0,4,2,16
,2016_32406,39.746547,-105.0076035,4/14/2016 12:18,12:18,1,0,0,AURARIA PARKWAY & NINTH STREET,1,1,1,0,1,1,,0,40,0,0,0,0,1,4,2,13
,2016_32407,39.746547,-105.0076035,5/31/2016 9:31,9:31,12,0,0,AURARIA PARKWAY & NINTH STREET,1,1,0,7,1,3,,0,35,0,0,0,0,0,4,3,14
,2016_32408,39.716577,-104.9908635,12/28/2016 15:25,15:25,3,0,0,BANNOCK STREET & ELLSWORTH AVENUE WEST,1,1,0,0,1,1,,0,25,0,0,0,0,0,4,2,13
,2016_32409,39.624219,-104.8898565,8/1/2016 8:45,8:45,1,0,0,BELLEVIEW AVENUE EAST & DTC BOULEVARD SOUTH,1,1,0,7,1,1,,0,35,0,0,0,0,0,4,2,16
,2016_32410,39.800223,-104.76747,6/3/2016 15:42,15:42,3,0,0,57TH AVENUE EAST & BISCAY STREET,1,1,0,0,1,1,,0,25,0,0,0,0,0,4,2,3
,2016_32411,39.759489,-104.9876505,4/28/2016 22:14,22:14,6,0,0,BLAKE STREET 2400 BLOCK & BROADWAY NORTH,2,3,0,1,1,4,,0,30,0,0,0,0,0,4,2,5
,2016_32412,39.779253,-104.801634,11/17/2016 17:39,17:39,5,0,0,BOLLING DRIVE 16000 BLOCK EAST & KITTEREDGE STREET NORTH,5,4,0,2,2,4,,0,30,0,0,0,0,0,4,1,7
,2016_32413,39.71934,-104.987502,5/11/2016 17:16,17:16,3,0,0,BROADWAY & SECOND AVENUE EAST,1,1,0,0,1,2,,0,35,0,0,0,0,0,4,3,13
,2016_32414,39.72726,-104.987403,11/11/2016 15:10,15:10,15,0,0,BROADWAY & SEVENTH AVENUE EAST,1,1,0,7,1,4,,0,30,0,0,0,0,0,4,2,16
,2016_32415,39.735243,-104.9873805,1/9/2016 10:00,10:00,15,0,0,BROADWAY STREET NORTH & 12TH AVENUE WEST,1,1,0,0,1,1,,0,30,0,0,0,0,0,4,2,8
,2016_32416,39.715659,-104.9875335,10/22/2016 2:06,2:06,15,0,0,BROADWAY SOUTH & ARCHER PLACE WEST,1,3,0,0,1,4,,0,30,0,0,0,0,0,4,3,5
,2016_32417,39.714759,-104.9875425,11/18/2016 17:38,17:38,12,0,0,BROADWAY SOUTH & BAYAUD AVENUE EAST,1,3,0,7,1,4,,0,30,0,0,0,0,0,4,3,16
,2016_32418,39.712995,-104.987574,10/21/2016 17:18,17:18,12,0,0,BROADWAY SOUTH & CEDAR AVENUE EAST,1,2,0,7,1,3,,0,30,0,0,0,0,0,4,2,16
,2016_32419,39.687543,-104.9875245,7/14/2016 19:00,19:00,1,0,0,BROADWAY SOUTH & IOWA AVENUE EAST,1,1,0,0,1,1,,0,35,0,0,0,0,0,4,2,13
,2016_32420,39.693024,-104.987466,9/16/2016 7:52,7:52,1,0,0,BROADWAY STREET & LOUISIANA AVENUE WEST,1,1,0,0,1,1,,0,25,0,0,0,0,0,4,2,13
,2016_32421,39.693744,-104.9780835,1/30/2016 21:27,21:27,5,0,1,BUCHTEL BOULEVARD EAST & CLARKSON T SOUTH,1,3,0,2,3,4,,0,35,0,0,0,0,2,4,1,5
,2016_32422,39.691647,-104.9757615,4/19/2016 14:10,14:10,12,0,0,BUCHTEL BOULEVARD SOUTH & OGDEN STREET SOUTH,1,1,0,7,1,1,,0,30,0,0,0,0,0,4,2,3
,2016_32423,39.682755,-104.959332,2/19/2016 6:34,6:34,12,0,0,BUCHTEL BOULEVARD & UNIVERSITY BOULEVARD SLIP RAMP,1,1,0,0,1,1,,0,45,0,0,0,0,0,4,2,5
,2016_32424,39.712086,-104.987583,12/9/2016 17:30,17:30,6,0,0,BYERS PLACE WEST & BROADWAY STREET SOUTH,5,3,0,0,1,5,,0,25,0,0,0,0,0,4,2,14
,2016_32425,39.705696,-104.986323,1/26/2016 4:36,4:36,5,0,0,CENTER AVENUE EAST & LINCOLN STREET SOUTH,1,3,0,0,2,1,,0,30,0,0,0,0,0,4,1,8
,2016_32426,39.705696,-104.982804,12/19/2016 19:45,19:45,3,0,1,CENTER AVENUE EAST & LOGAN STREET SOUTH,6,3,0,7,1,1,,0,25,0,0,0,0,2,4,2,7
,2016_32427,39.7053,-104.912982,8/9/2016 18:35,18:35,3,0,0,CENTER AVENUE EAST & MONACO STREET SOUTH,1,1,0,0,1,1,,0,25,0,0,0,0,0,4,2,13
,2016_32428,39.7432688,-104.9981263,6/24/2016 10:25,10:25,6,0,0,CHAMPA STREET & 1400 BLOCK,1,1,0,0,1,4,,0,30,0,0,0,0,0,4,2,13
,2016_32429,39.753054,-104.9854905,1/12/2016 5:40,5:40,3,0,0,CHAMPA STREET & PARK AVENUE WEST,1,3,0,0,1,1,,0,30,0,0,0,0,0,4,2,13
,2016_32430,39.77666713,-104.9911518,6/16/2016 7:00,7:00,6,0,0,CHEROKEE STREET & 1331 NORTH,1,3,0,0,5,7,,0,5,0,0,0,0,0,3,2,13
,2016_32431,39.729213,-104.9339925,6/29/2016 8:23,8:23,3,0,0,CHERRY STREET DEXTER STREET ALLEY & EIGHTH AVENUE,1,1,0,7,1,5,,0,30,0,0,0,0,0,4,2,16
,2016_32432,39.709539,-104.9460525,2/25/2016 17:41,17:41,12,0,0,CHERRY CREEK SOUTH DRIVE & GARFIELD STREET SOUTH,1,1,0,7,1,1,,0,25,0,0,0,0,0,4,2,16
,2016_32433,39.74331972,-104.9774955,9/6/2016 7:17,7:17,12,0,0,CLARKSON STREET 1700 BLOCK NORTH & 17TH AVENUE EAST,1,1,0,0,1,5,,0,30,0,0,0,0,0,4,2,7
,2016_32434,39.747501,-104.9775615,5/16/2016 17:50,17:50,3,0,0,CLARKSON STREET NORTH & 20TH AVENUE EAST,2,1,0,1,1,1,,0,25,0,0,0,0,0,4,2,16
,2016_32435,39.754602,-104.976954,5/31/2016 10:08,10:08,6,0,0,CLARKSON STREET NORTH & 26TH AVENUE EAST,1,1,0,0,1,4,,0,25,0,0,0,0,0,4,2,13
,2016_32436,39.718197,-104.9558355,1/30/2016 13:39,13:39,12,0,0,CLAYTON LANE & FIRST AVENUE EAST,1,1,0,0,1,4,,0,20,0,0,0,0,0,4,2,7
,2016_32437,39.689316,-104.935077,12/7/2016 19:41,19:41,12,0,0,CLERMONT STREET 1400 BLOCK SOUTH & FLORIDA AVENUE EAST,4,4,0,7,1,3,,0,25,0,0,0,0,0,4,2,1
,2016_32438,39.73681238,-104.9472146,2/14/2016 17:00,17:00,6,0,0,COOK STREET 1300 BLOCK NORTH & 13TH AVENUE EAST,1,1,0,0,1,4,,0,25,0,0,0,0,0,4,2,10
,2016_32439,39.738384,-104.974164,12/17/2016 16:45,16:45,3,0,0,CORORNA STREET NORTH & 14TH AVENUE EAST,4,3,0,2,1,1,,0,25,0,0,0,0,0,4,2,1
,2016_32440,39.707199,-105.037083,6/2/2016 15:01,15:01,12,0,0,CUSTER PLACE WEST & NEWTON STREET SOUTH,1,1,0,0,1,2,,0,25,0,0,0,0,0,4,2,7
,2016_32441,39.753801,-104.890734,2/29/2016 17:55,17:55,10,0,0,25TH DRIVE EAST & CENTRAL PARK BOULEVARD NORTH,1,3,0,0,1,1,,0,30,0,0,0,0,0,4,3,16
,2016_32442,39.725622,-104.976405,2/4/2016 8:30,8:30,6,0,0,EMERSON STREET & SIXTH AVENUE EAST,5,1,1,0,1,4,,0,25,0,0,0,0,0,4,2,7
,2016_32443,39.667464,-104.931603,11/18/2016 8:00,8:00,15,0,0,DAHLIA STREET 2700 BLOCK SOUTH & YALE AVENUE EAST,4,1,0,0,1,3,,0,25,0,0,0,0,0,4,2,13
,2016_32444,39.709026,-104.875443,5/24/2016 12:13,12:13,12,0,0,DAYTON STREET SOUTH & ALAMEDA AVENUE EAST,1,1,0,7,1,3,,0,40,0,0,0,0,0,4,2,16
,2016_32445,39.712995,-105.022674,8/4/2016 17:10,17:10,3,0,1,DECATUR STREET SOUTH & CEDAR AVENUE WEST,1,1,1,7,1,1,,0,25,0,0,0,0,2,4,2,7
,2016_32446,39.77661467,-104.9922896,3/2/2016 15:07,15:07,3,0,0,DELAWARE STREET & 600 BLOCK NORTH,1,1,1,0,1,2,,0,,0,0,0,0,0,4,2,16
,2016_32447,39.733848,-104.992956,4/1/2016 14:10,14:10,6,0,0,DELAWARE STREET NORTH & 11TH AVENUE,1,1,0,0,1,4,,0,25,0,0,0,0,0,4,2,7
,2016_32448,39.76283001,-104.9733612,10/19/2016 11:54,11:54,12,0,0,DOWNING STREET & 2500 BLOCK NORTH,1,1,0,0,1,3,,0,30,0,0,0,0,1,4,2,13
,2016_32449,39.749463,-104.973381,2/2/2016 14:51,14:51,15,0,0,DOWNING STREET & 22ND AVENUE EAST,6,1,0,0,1,4,,0,30,0,0,0,0,0,4,2,13
,2016_32450,39.674889,-104.973471,7/20/2016 15:05,15:05,6,0,0,DOWNING STREET 2300 BLOCK SOUTH & ILIFF AVENUE EAST,1,1,1,0,1,4,,0,30,0,0,0,0,1,4,2,1
,2016_32451,39.685743,-104.973453,2/17/2016 18:11,18:11,15,0,0,DOWNING STREET 1700 BLOCK SOUTH & MEXICO AVENUE EAST,1,3,0,7,1,3,,0,30,0,0,0,0,0,4,2,16
,2016_32452,39.624219,-104.8898565,12/11/2016 7:35,7:35,5,0,0,DTC BOULEVARD 5000 BLOCK SOUTH & BELLEVIEW AVENUE EAST,4,1,0,2,2,4,,0,35,0,0,0,0,0,4,1,7
,2016_32453,39.741588,-104.9610105,6/22/2016 8:35,8:35,6,0,0,GAYLORD STREET NORTH & 16TH AVENUE EAST,1,1,0,0,1,4,,0,25,0,0,0,0,0,4,2,13
,2016_32454,39.631356,-104.8923,4/22/2016 16:31,16:31,15,0,0,DTC BOULEVARD SOUTH & UNION AVENUE EAST,1,1,0,0,1,1,,0,35,0,0,0,0,0,4,2,13
,2016_32455,39.631356,-104.8923,11/2/2016 17:35,17:35,12,0,0,DTC BOULEVARD 4700 BLOCK SOUTH & UNION AVENUE EAST,1,1,0,7,1,3,,0,35,0,0,0,0,0,4,3,16
,2016_32456,39.7305,-104.959215,10/1/2016 23:11,23:11,5,0,0,JOSEPHINE STREET 900 BLOCK NORTH & NINTH AVENUE EAST,1,3,0,0,2,4,,0,30,0,0,0,0,0,4,1,5
,2016_32457,39.784878,-104.815197,3/5/2016 10:13,10:13,10,0,0,ENID WAY NORTH & GATEWAY AVENUE EAST,1,1,0,0,1,2,,0,25,0,0,0,0,0,4,2,13
,2016_32460,39.678417,-104.9642147,2/22/2016 13:30,13:30,3,0,0,EVANS AVENUE & 6625 EAST,1,1,0,0,1,2,,0,35,0,0,0,0,0,4,2,14
,2016_32461,39.656808,-105.025203,7/5/2016 10:00,10:00,6,0,0,FLOYD AVENUE WEST & FEDERAL BOULEVARD SOUTH,1,1,0,0,1,4,,0,25,0,0,0,0,0,4,2,13
,2016_32462,39.678426,-104.9363145,11/1/2016 14:27,14:27,12,0,0,EVANS AVENUE 4300 BLOCK EAST & BIRCH STREET SOUTH,1,1,0,7,1,3,,0,35,0,0,0,0,0,4,2,3
,2016_32463,39.678444,-104.931612,4/6/2016 8:50,8:50,12,0,0,EVANS AVENUE EAST & DAHLIA STREET SOUTH,1,1,0,7,1,1,,0,35,0,0,0,0,0,4,2,16