id,drcog_id,latitude,longitude,crashtime,time,crashtype,numbkilled,numbinjurd,drcoglocat,rdconditin,lightngcon,roadcntgrd,weatherco,location,roaddescrp,schoolzone,constrzone,splimit,bikeinv,pedinv,sctrinv,motoinv,svrty,rdsystem,ttlvehcls,hcf
,2016_32464,39.678444,-104.931612,7/30/2016 16:09,16:09,3,0,0,EVANS AVENUE EAST & DAHLIA STREET SOUTH,1,1,0,0,1,3,,0,10,0,0,0,1,1,4,3,3
,2016_32465,39.677733,-104.9251815,4/9/2016 16:00,16:00,15,0,0,EVANS STREET 5300 BLOCK EAST & GRAPE STREET SOUTH,1,1,0,0,1,4,,1,25,0,0,0,0,0,4,2,13
,2016_32466,39.783879,-104.8117905,9/24/2016 19:09,19:09,3,0,0,GATEWAY AVENUE EAST & FRASER WAY NORTH,1,3,0,0,1,1,,0,25,0,0,0,0,0,4,2,13
,2016_32467,39.678435,-104.9251905,12/15/2016 12:22,12:22,15,0,0,EVANS AVENUE 5400 BLOCK EAST & GRAPE STREET SOUTH,1,1,1,7,1,3,,0,35,0,0,0,0,0,4,2,16
,2016_32468,39.678579,-105.027867,2/23/2016 17:22,17:22,12,0,0,EVANS AVENUE WEST & HAZEL COURT SOUTH,1,3,0,7,1,1,,0,30,0,0,0,0,0,4,3,7
,2016_32469,39.678435,-104.922234,5/18/2016 6:32,6:32,3,0,0,EVANS AVENUE EAST & HOLLY STREET,1,1,0,0,1,2,,0,15,0,0,0,0,0,4,2,13
,2016_32470,39.678435,-104.922234,9/5/2016 2:07,2:07,12,0,0,EVANS AVENUE 5500 BLOCK EAST & HOLLY STREET SOUTH,1,3,0,0,1,4,,0,35,0,0,0,0,1,4,2,14
,2016_32471,39.678444,-104.908194,6/29/2016 18:18,18:18,12,0,1,EVANS AVENUE EAST & ONEIDA STREET SOUTH,1,1,1,7,1,4,,0,35,0,0,0,0,2,4,3,14
,2016_32472,39.67866,-105.0110325,9/12/2016 11:09,11:09,3,0,0,EVANS AVENUE WEST & TEJON STREET SOUTH,1,1,0,0,1,1,,0,35,0,0,0,0,0,4,2,13
,2016_32473,39.703968,-105.003855,10/21/2016 2:35,2:35,5,0,0,EXPOSITION AVENUE WEST & NAVAJO STREET SOUTH,1,4,1,7,2,5,,0,25,0,0,0,0,0,4,1,14
,2016_32474,39.76180203,-104.953653,12/25/2016 21:50,21:50,6,0,0,FILLMORE STREET NORTH & 1400 BLOCK,1,3,0,0,1,4,,0,25,0,0,0,0,0,4,8,5
,2016_32475,39.689334,-104.9150655,7/1/2016 16:05,16:05,12,0,0,FLORIDA AVENUE 6300 BLOCK EAST & LEYDEN STREET SOUTH,2,1,0,7,1,4,,0,30,0,0,0,0,1,4,3,16
,2016_32476,39.689217,-105.0003,5/10/2016 6:12,6:12,5,0,0,FLORIDA AVENUE 900 BLOCK WEST & PLATTE RIVER DRIVE SOUTH,1,1,0,7,3,4,,0,30,0,0,0,0,0,4,1,16
,2016_32477,39.725694,-104.996412,5/1/2016 13:05,13:05,1,0,0,GALAPAGO STREET NORTH & SIXTH AVENUE WEST,2,1,0,1,1,1,,0,25,0,0,0,0,0,4,2,13
,2016_32478,39.783879,-104.8117905,3/16/2016 11:45,11:45,3,0,0,GATEWAY AVENUE EAST & FRASER WAY,1,1,0,6,1,1,,0,30,0,0,0,0,0,4,2,16
,2016_32479,39.766653,-104.9765805,11/5/2016 1:33,1:33,12,0,0,34TH STREET & WALNUT STREET,1,3,0,0,1,1,,0,30,0,0,0,0,0,4,2,3
,2016_32480,39.704994,-105.046083,3/13/2016 7:09,7:09,6,0,0,GILL PLACE WEST & UTICA STREET SOUTH,1,1,0,0,1,4,,0,15,0,0,0,0,0,4,3,13
,2016_32481,39.74001,-104.99202,6/18/2016 3:15,3:15,6,0,0,GIRARD AVENUE & 10000 BLOCK EAST,1,3,0,0,1,2,,0,25,0,0,0,0,0,4,4,5
,2016_32482,39.71655,-105.039693,9/14/2016 15:45,15:45,6,0,0,PERRY STREET NORTH & PERRY STREET 3600 BLOCK NORTH,1,1,1,0,1,4,,0,25,0,0,0,0,0,4,2,13
,2016_32483,39.780324,-104.810634,1/6/2016 22:30,22:30,6,0,0,GRANBY STREET 4900 BLOCK NORTH & BOLLING DRIVE EAST,1,3,0,7,1,4,,0,25,0,0,0,0,0,4,3,3
,2016_32484,39.698244,-104.9800635,11/13/2016 8:36,8:36,6,0,0,PEARL STREET 1000 BLOCK NORTH & 11TH AVENUE EAST,1,1,1,0,1,4,,0,,0,0,0,0,0,4,2,13
,2016_32485,39.73195997,-104.9836054,3/6/2016 3:30,3:30,6,0,0,GRANT STREET NORTH & 1550,1,3,0,0,1,4,,0,30,0,0,0,0,0,4,2,13
,2016_32486,39.783771,-104.8096575,12/22/2016 16:38,16:38,1,0,0,GREEN VALLEY RANCH /GATEWAY & CHAMBERS ROAD,1,1,0,0,1,1,,0,35,0,0,0,0,1,4,2,14
,2016_32487,39.783609,-104.7913916,11/6/2016 14:50,14:50,1,0,0,GREEN VALLEY RANCH BOULEVARD & PENA BOULEVARD,1,1,0,0,1,1,,0,10,0,0,0,0,0,4,2,13
,2016_32488,39.74629044,-105.0052057,4/30/2016 7:50,7:50,5,0,0,WALNUT STREET & 3814,2,3,0,2,3,4,,0,30,0,0,0,0,0,4,1,5
,2016_32489,39.67126885,-104.9781445,3/3/2016 1:45,1:45,6,0,0,HARVARD AVENUE EAST & 9995,1,4,0,0,1,4,,0,25,0,0,0,0,0,4,3,14
,2016_32490,39.678435,-104.922234,4/29/2016 12:01,12:01,3,0,0,HOLLY STREET 2100 BLOCK SOUTH & EVANS AVENUE EAST,2,1,0,2,1,2,,0,30,0,0,0,0,0,4,2,13
,2016_32491,39.753612,-104.993451,5/8/2016 2:50,2:50,12,0,0,20TH STREET & MARKET STREET,1,3,0,7,1,1,,0,30,0,0,0,0,0,4,2,5
,2016_32492,39.759858,-104.9971526,6/3/2016 21:25,21:25,6,0,0,HURON STREET & 1000 BLOCK SOUTH,1,3,0,0,1,4,,0,,0,0,0,0,0,4,2,13
,2016_32494,39.674826,-104.956524,6/29/2016 8:27,8:27,3,0,0,ILIFF AVENUE EAST & COLUMBINE STREET SOUTH,1,1,0,7,1,1,,0,30,0,0,0,0,0,4,2,16
,2016_32495,39.687543,-104.984001,5/18/2016 8:44,8:44,1,0,0,IOWA AVENUE EAST & GRANT STREET SOUTH,1,1,1,0,1,1,,0,30,0,0,0,0,1,4,2,13
,2016_32496,39.687372,-104.903604,5/13/2016 14:39,14:39,3,0,0,IOWA AVENUE EAST & QUEBEC STREET SOUTH,1,1,1,0,1,1,,0,25,0,0,0,0,1,4,2,3
,2016_32497,39.689352,-104.918346,6/2/2016 14:15,14:15,6,0,0,JASMINE WAY SOUTH & FLORIDA AVENUE EAST,1,1,1,0,1,4,,0,25,0,0,0,0,0,4,2,14
,2016_32498,39.729114,-104.959071,4/6/2016 18:50,18:50,3,0,0,JOSEPHINE STREET NORTH & EIGHTH AVENUE EAST,1,1,0,7,1,1,,0,30,0,0,0,0,0,4,2,3
,2016_32499,39.736935,-104.95827,6/23/2016 12:55,12:55,15,0,0,JOSEPHINE STREET 1300 BLOCK NORTH & 14TH AVENUE EAST,1,1,0,0,1,4,,0,5,0,0,0,0,0,4,2,1
,2016_32500,39.740103,-104.9588415,12/16/2016 12:07,12:07,12,0,0,JOSEPHINE STREET 1400 BLOCK NORTH & COLFAX AVENUE EAST,1,1,0,7,1,4,,0,35,0,0,0,0,0,4,2,3
,2016_32501,39.734757,-105.032151,6/20/2016 10:03,10:03,10,0,0,KNOX COURT NORTH & 12TH AVENUE WEST,1,1,0,0,1,1,,0,30,0,0,0,0,0,4,2,14
,2016_32502,39.740364,-105.032277,2/29/2016 7:50,7:50,6,0,0,KNOX COURT NORTH & COLFAX AVENUE WEST,1,3,1,0,1,4,,0,30,0,0,0,0,0,4,3,13
,2016_32503,39.794067,-104.810553,2/28/2016 2:03,2:03,8,0,0,LACKLAND PLACE EAST & GRANBY STREET NORTH,1,3,0,0,1,1,,0,30,0,0,0,0,1,4,2,1
,2016_32504,39.746403,-105.0014385,5/12/2016 21:43,21:43,15,0,0,LARIMER STREET & SPEER BOULEVARD NORTH,1,3,0,7,1,1,,0,30,0,0,0,0,0,4,2,16
,2016_32505,39.748536,-104.99652,6/6/2016 19:15,19:15,12,0,0,LAWRENCE STREET & 16TH STREET,1,1,0,0,1,4,,0,25,0,0,0,0,0,4,2,13
,2016_32506,39.73190582,-104.9861681,5/2/2016 8:58,8:58,15,0,0,LINCOLN STREET & COURT PLACE,1,1,0,0,1,4,,0,30,0,0,0,0,0,4,2,1
,2016_32507,39.725649,-104.986314,12/4/2016 14:14,14:14,15,0,0,LINCOLN STREET NORTH & SIXTH AVENUE EAST,1,1,0,0,1,2,,0,30,0,0,0,0,0,4,2,13
,2016_32508,39.7321561,-105.0016154,7/14/2016 12:13,12:13,6,0,0,LIPAN STREET & 3800 BLOCK NORTH,1,1,1,7,1,4,,0,25,0,0,0,0,0,4,2,16
,2016_32509,39.702447,-105.0015555,5/31/2016 12:26,12:26,6,0,0,LIPAN STREET & OHIO AVENUE WEST,1,1,0,0,1,4,,0,25,0,0,0,0,0,4,2,7
,2016_32510,39.758787,-105.0014925,2/1/2016 16:55,16:55,12,0,0,LITTLE RAVEN STREET 1900 BLOCK & 20TH STREET,4,3,0,2,1,3,,0,25,0,0,0,0,0,4,2,7
,2016_32511,39.678552,-104.9828715,8/14/2016 12:54,12:54,3,0,0,LOGAN STREET SOUTH & EVANS AVENUE EAST,1,1,0,7,1,1,,0,30,0,0,0,0,1,4,2,16
,2016_32512,39.693015,-104.9827815,3/4/2016 22:03,22:03,12,0,0,LOUISIANA AVENUE EAST & LOGAN STREET SOUTH,1,3,0,0,1,1,,0,30,0,0,0,0,0,4,2,5
,2016_32513,39.693168,-105.050736,4/10/2016 20:45,20:45,14,0,0,LOUISIANA AVENUE WEST & YATES STREET SOUTH,2,3,0,1,1,1,,0,25,0,0,0,0,0,4,2,13
,2016_32514,39.67857,-105.034365,6/26/2016 9:19,9:19,3,0,0,LOWELL BOULEVARD SOUTH & EVANS AVENUE WEST,1,1,0,7,1,1,,0,30,0,0,0,0,0,4,2,16
,2016_32515,39.724326,-104.8827735,8/10/2016 0:05,0:05,5,0,1,LOWRY BOULEVARD 9100 BLOCK EAST & GOLFERS WAY NORTH,1,3,0,7,2,4,,0,30,0,0,0,0,2,4,1,5
,2016_32516,39.64405487,-105.0621915,11/26/2016 23:00,23:00,6,0,0,MANSFIELD AVENUE WEST & 6000 BLOCK,1,3,0,0,1,4,,0,25,0,0,0,0,0,4,2,14
,2016_32517,39.769281,-105.002964,9/21/2016 14:31,14:31,6,0,0,MARIPOSA STREET NORTH & 38TH AVENUE WEST,1,1,0,0,1,2,,0,25,0,0,0,0,0,4,2,4
,2016_32518,39.751731,-104.9958765,1/18/2016 16:39,16:39,15,0,0,MARKET STREET & 18TH STREET,1,1,0,0,1,1,,0,25,0,0,0,0,0,4,2,13
,2016_32519,39.685698,-104.9316705,2/1/2016 10:14,10:14,3,0,0,MEXICO AVENUE EAST & DAHLIA STREET SOUTH,5,1,0,2,1,1,,0,25,0,0,0,0,0,4,2,14
,2016_32520,39.761964,-104.903451,3/23/2016 20:00,20:00,3,0,0,MLK BOULEVARD & QUEBEC STREET NORTH,5,3,0,0,1,1,,0,30,0,0,0,0,0,4,2,7
,2016_32521,39.759876,-104.890752,12/20/2016 10:19,10:19,3,0,0,MLK BOULEVARD & CENTRAL PARK BOULEVARD NORTH,1,1,0,7,1,1,,0,35,0,0,0,0,0,4,2,16
,2016_32522,39.762,-104.9318325,6/15/2016 19:33,19:33,5,0,0,MLK BOULEVARD & DAHLIA STREET,1,1,0,0,3,1,,0,35,0,0,0,0,0,4,1,5
,2016_32523,39.726864,-104.912811,2/23/2016 16:30,16:30,12,0,0,MONACO STREET NORTH & SEVENTH AVENUE EAST,1,1,0,1,1,3,,0,35,0,0,0,0,0,4,2,16
,2016_32524,39.729276,-104.9128155,11/10/2016 13:38,13:38,12,0,0,MONACO STREET NORTH & EIGHTH AVENUE EAST,1,1,0,7,1,4,,0,35,0,0,0,0,0,4,2,3
,2016_32525,39.75471,-104.9128335,9/24/2016 17:09,17:09,12,0,0,MONACO STREET NORTH & 26TH AVENUE EAST,1,1,0,7,1,4,,0,30,0,0,0,0,0,4,2,1
,2016_32526,39.74256,-104.912451,7/5/2016 15:13,15:13,12,0,0,MONACO STREET 1600 BLOCK NORTH & BATAVIA PLACE EAST,2,1,0,7,1,4,,0,35,0,0,0,0,0,4,2,14
,2016_32527,39.713094,-104.9129415,8/10/2016 7:28,7:28,15,0,0,MONACO PARKWAY SOUTH & CEDAR AVENUE EAST,1,1,0,0,1,4,,0,30,0,0,0,0,0,4,3,2
,2016_32528,39.691422,-104.912901,4/10/2016 19:01,19:01,3,0,0,MONACO STREET SOUTH & CHERRY CREEK NORTH DRIVE EAST,2,3,0,1,1,1,,0,35,0,0,0,0,0,4,2,16
,2016_32529,39.678435,-104.9127435,5/26/2016 15:53,15:53,12,0,0,MONACO STREET SOUTH & EVANS AVENUE EAST,2,1,0,1,1,1,,0,,0,0,0,0,0,4,2,16
,2016_32530,39.656511,-104.912991,11/15/2016 7:19,7:19,15,0,0,MONACO STREET 3300 BLOCK SOUTH & FLOYD AVENUE EAST,1,1,0,7,1,4,,0,25,0,0,0,0,0,4,2,7
,2016_32532,39.762,-104.912865,6/12/2016 8:55,8:55,3,0,0,MONACO STREET NORTH & MLK BOULEVARD,1,1,0,7,1,1,,0,35,0,0,0,0,0,4,2,8
,2016_32534,39.651165,-104.91309,11/27/2016 16:31,16:31,12,0,0,MONACO STREET SOUTH & NARCISSUS WAY SOUTH,1,2,0,7,1,1,,0,60,0,0,0,0,0,4,2,16
,2016_32535,39.653073,-104.9130225,7/9/2016 11:01,11:01,3,0,0,MONACO STREET SOUTH & HAMPDEN AVENUE EAST,1,1,0,0,1,2,,0,30,0,0,0,0,0,4,2,13
,2016_32536,39.777993,-104.912901,9/20/2016 19:24,19:24,3,0,3,MONACO STREET NORTH & STAPLETON SOUTH DRIVE WEST,1,3,0,0,1,1,,0,30,0,0,0,0,2,4,2,4
,2016_32537,39.747456,-104.884695,2/10/2016 16:53,16:53,12,0,0,MONTVIEW BOULEVARD EAST & CENTRAL PARK BOULEVARD NORTH,1,2,0,7,1,1,,0,30,0,0,0,0,0,4,2,3
,2016_32538,39.704697,-105.04206,6/10/2016 23:36,23:36,6,0,1,MORRISON ROAD & RALEIGH STREET SOUTH,1,3,0,0,1,4,,0,35,0,0,0,0,2,4,2,5
,2016_32539,39.703959,-105.043095,4/12/2016 10:47,10:47,3,0,0,MORRISON ROAD WEST & WALSH PLACE WEST,1,1,0,0,1,2,,0,30,0,0,0,0,1,4,2,13
,2016_32540,39.74001,-104.99202,4/19/2016 12:30,12:30,6,0,0,MOSIER PLACE & 1700 BLOCK WEST,1,1,0,0,1,4,,0,25,0,0,0,0,0,4,2,14
,2016_32541,39.782385,-104.8526325,11/1/2016 12:00,12:00,6,0,0,NOME STREET 4800 NORTH & 47TH AVENUE EAST,1,1,0,0,1,4,,0,30,0,0,0,0,0,4,2,14
,2016_32542,39.733668,-104.9752755,12/2/2016 15:50,15:50,6,0,0,OGDEN STREET & 11TH AVENUE EAST,1,1,0,0,1,4,,0,25,0,0,0,0,0,4,2,14
,2016_32543,39.743235,-104.974821,10/24/2016 8:40,8:40,3,0,0,OGDEN STREET NORTH & 17TH AVENUE EAST,1,1,0,1,1,1,,0,35,0,0,0,0,0,4,2,3
,2016_32544,39.75975821,-104.9069183,10/25/2016 8:45,8:45,3,0,0,OLIVE STREET NORTH & 3200 BLOCK,1,1,1,0,1,2,,0,25,0,0,0,0,0,4,2,7
,2016_32545,39.674835,-104.908896,6/9/2016 10:20,10:20,6,0,0,ONEIDA STREET & ILIFF AVENUE EAST,1,1,0,0,1,4,,0,30,0,0,0,0,0,4,2,13
,2016_32546,39.7809,-104.886144,8/7/2016 18:00,18:00,12,0,0,46TH PLACE 9100 BLOCK EAST & XENIA STREET NORTH,1,1,0,7,1,4,,0,30,0,0,0,0,0,4,2,16
,2016_32547,39.747528,-104.978304,12/9/2016 19:27,19:27,1,0,2,PARK AVENUE WEST & 20TH AVENUE EAST,1,3,0,7,1,1,,0,35,0,0,0,0,2,4,2,4
,2016_32548,39.765726,-104.9948415,4/26/2016 17:15,17:15,12,0,0,PARK AVENUE WEST & GLOBEVILLE ROAD,2,1,0,1,1,1,,0,35,0,0,0,0,0,4,3,1
,2016_32549,39.765726,-104.9948415,9/5/2016 11:31,11:31,1,0,0,PARK AVENUE WEST & GLOBEVILLE ROAD,1,1,0,0,1,1,,0,35,0,0,0,0,0,4,2,14
,2016_32550,39.765726,-104.9948415,10/25/2016 17:25,17:25,12,0,0,PARK AVENUE WEST & GLOBEVILLE ROAD,1,1,0,7,1,3,,0,25,0,0,0,0,0,4,3,1
,2016_32551,39.755088,-104.988114,5/10/2016 16:52,16:52,12,0,0,PARK AVENUE WEST & LAWRENCE STREET,2,1,0,1,1,4,,0,35,0,0,0,0,0,4,4,16
,2016_32552,39.757887,-104.9917545,6/29/2016 18:41,18:41,10,0,0,PARK AVENUE WEST & WAZEE STREET,1,1,0,0,1,1,,0,30,0,0,0,0,0,4,2,13
,2016_32553,39.757887,-104.9917545,10/26/2016 17:28,17:28,3,0,0,PARK AVENUE WEST & WAZEE STREET,1,1,1,7,1,1,,0,30,0,0,0,0,1,4,2,16
,2016_32554,39.759282,-104.993892,5/9/2016 11:00,11:00,15,0,0,PARK AVENUE WEST & WEWATTA STREET,1,1,0,7,1,1,,0,30,0,0,0,0,0,4,2,16
,2016_32555,39.69117,-104.9804505,12/2/2016 10:57,10:57,12,0,0,PEARL STREET SOUTH & ARKANSAS AVENUE EAST,1,1,1,7,1,1,,0,25,0,0,0,0,0,4,2,3
,2016_32556,39.678543,-104.980482,9/29/2016 14:20,14:20,14,0,0,PEARL STREET 2000 BLOCK SOUTH & EVANS AVENUE EAST,1,1,1,0,1,3,,0,25,0,0,0,0,0,4,2,1
,2016_32557,39.844602,-104.6809395,7/14/2016 17:01,17:01,5,0,0,PENA BOULEVARD NORTHBOUND & 5800 BLOCK,1,1,0,0,2,4,,0,65,0,0,0,0,0,4,1,13
,2016_32558,39.750619,-105.0195615,11/6/2016 5:20,5:20,5,0,0,PLATTE RIVER DRIVE & 2600 BLOCK SOUTH,1,3,0,0,2,4,,0,35,0,0,0,0,0,4,1,1
,2016_32559,39.844602,-104.6809395,4/30/2016 15:36,15:36,15,0,1,PENA BOULEVARD & 8400 BLOCK NORTH,2,1,1,2,1,4,,0,25,0,0,0,0,2,4,2,8
,2016_32560,39.844602,-104.6809395,7/12/2016 22:09,22:09,15,0,0,PENA BOULEVARD & 8400 BLOCK,1,3,1,0,1,4,,0,35,0,0,0,0,0,4,2,1
,2016_32561,39.798396,-104.7873105,12/16/2016 6:10,6:10,15,0,0,PENA BOULEVARD 6800 BLOCK & 56TH AVENUE EAST,1,3,0,7,1,4,,0,65,0,0,0,0,0,4,2,16
,2016_32562,39.783609,-104.7913916,2/16/2016 17:20,17:20,12,0,0,PENA BOULEVARD & GREEN VALLEY RANCH BOULEVARD EAST,1,2,0,7,1,1,,0,40,0,0,0,0,0,4,2,16
,2016_32563,39.783609,-104.7913916,4/20/2016 15:30,15:30,12,0,0,PENA BOULEVARD & GREEN VALLEY RANCH BOULEVARD EAST,1,1,0,7,1,3,,0,35,0,0,0,0,0,4,2,14
,2016_32564,39.75498,-104.995143,8/5/2016 22:56,22:56,12,0,0,20TH STREET & WAZEE STREET,1,3,0,7,1,1,,0,35,0,0,0,0,0,4,2,14
,2016_32565,39.83338151,-104.771988,4/26/2016 5:40,5:40,12,0,0,PENA BOULEVARD 6400 BLOCK & TOWER ROAD NORTH,1,2,0,7,1,4,,0,55,0,0,0,0,1,4,2,16
,2016_32566,39.83338151,-104.771988,11/22/2016 5:10,5:10,15,0,0,PENA BOULEVARD 6400 BLOCK & TOWER ROAD,2,3,0,1,1,4,,0,0,0,0,0,0,0,4,2,13
,2016_32567,39.78191736,-104.981211,10/3/2016 14:00,14:00,6,0,0,PENNSYLVANIA STREET & 1700 BLOCK NORTH,1,1,0,0,1,4,,0,30,0,0,0,0,0,4,2,5
,2016_32568,39.778047,-104.8471245,5/11/2016 7:15,7:15,12,0,0,PEORIA STREET NORTH & 45TH AVENUE EAST,1,1,0,7,1,1,,0,35,0,0,0,0,0,4,5,1
,2016_32569,39.777255,-104.8460535,12/17/2016 13:00,13:00,12,0,0,PEORIA STREET 4400 BLOCK NORTH & 45TH AVENUE EAST,4,1,0,7,1,4,,0,40,0,0,0,0,0,4,2,7
,2016_32570,39.782385,-104.847093,12/28/2016 9:15,9:15,1,0,0,PEORIA STREET NORTH & 47TH AVENUE EAST,1,1,0,7,1,1,,0,40,0,0,0,0,1,4,3,3
,2016_32571,39.771063,-104.8470435,11/4/2016 12:25,12:25,12,0,0,PEORIA STREET NORTH & EAST 39TH STREET,1,1,1,0,1,4,,0,30,0,0,0,0,0,4,2,3
,2016_32573,39.77111967,-104.8469854,9/2/2016 15:38,15:38,12,0,0,PEORIA STREET 3900 BLOCK NORTH & I70 EASTBOUND ON RAMP,1,1,0,0,1,4,,0,40,0,0,0,0,0,4,3,1
,2016_32574,39.639195,-104.891472,5/3/2016 11:59,11:59,12,0,0,PRINCETON AVENUE 8300 BLOCK EAST & VALENTIA STREET SOUTH,1,1,1,0,1,2,,0,25,0,0,0,0,0,4,2,13
,2016_32575,39.62582713,-104.9041192,3/21/2016 7:11,7:11,3,0,0,QUEBEC STREET SOUTH & 1050,1,1,1,0,1,1,,0,30,0,0,0,0,0,4,2,13
,2016_32576,39.729267,-104.9034735,7/29/2016 21:25,21:25,12,0,0,QUEBEC STREET 700 BLOCK NORTH & EIGHTH AVENUE EAST,1,3,0,7,1,4,,0,35,0,0,0,0,0,4,2,14
,2016_32577,39.732885,-104.9034735,8/15/2016 18:32,18:32,3,0,0,QUEBEC STREET NORTH & 11TH AVENUE EAST,1,1,0,7,1,1,,0,30,0,0,0,0,0,4,2,3
,2016_32578,39.763827,-104.903451,11/10/2016 17:43,17:43,3,0,0,QUEBEC STREET & 33RD AVENUE EAST,1,1,0,7,1,1,,0,25,0,0,0,0,0,4,2,16
,2016_32579,39.767382,-104.90346,12/3/2016 17:44,17:44,10,0,0,QUEBEC STREET NORTH & 36TH AVENUE EAST,1,3,0,0,1,1,,0,45,0,0,0,0,1,4,2,13
,2016_32580,39.711222,-104.903505,5/27/2016 11:59,11:59,12,0,0,QUEBEC STREET SOUTH & ALAMEDA AVENUE EAST,1,1,0,7,1,1,,0,30,0,0,0,0,0,4,2,16
,2016_32581,39.711222,-104.903505,7/7/2016 21:10,21:10,1,0,0,QUEBEC STREET SOUTH & ALAMEDA AVENUE EAST,1,3,0,7,1,1,,0,35,0,0,0,0,0,4,2,16
,2016_32582,39.770037,-104.96349,1/9/2016 19:10,19:10,3,0,0,RACE STREET NORTH & 38TH AVENUE EAST,4,3,0,0,1,1,,0,30,0,0,0,0,0,4,2,13
,2016_32583,39.63354659,-105.0433097,4/4/2016 7:58,7:58,6,0,0,RALEIGH STREET 4600 BLOCK NORTH & 46TH AVENUE WEST,1,1,0,0,1,1,,0,25,0,0,0,0,0,4,2,14
,2016_32584,39.71715983,-105.0086025,3/11/2016 17:48,17:48,3,0,0,RARITAN STREET & 1000 BLOCK SOUTH,1,1,1,0,1,2,,0,25,0,0,0,0,0,4,2,7
,2016_32585,39.696741,-105.009381,2/1/2016 18:10,18:10,3,0,0,RARITAN STREET SOUTH & MISSISSIPPI AVENUE WEST,4,3,0,2,1,1,,0,25,0,0,0,0,1,4,2,3
,2016_32587,39.745305,-104.9971905,12/21/2016 17:58,17:58,6,0,0,14TH STREET & CURTIS STREET,1,3,0,0,1,3,,0,30,0,0,0,0,0,4,2,1
,2016_32588,39.750255,-105.001182,3/13/2016 10:45,10:45,6,0,0,15TH STREET & WAZEE STREET,1,1,0,0,1,1,,0,25,0,0,0,0,0,4,2,13
,2016_32589,39.743595,-104.992524,6/9/2016 16:38,16:38,15,0,0,15TH STREET 500 BLOCK & WELTON STREET,1,1,1,7,1,4,,0,30,0,0,0,0,0,4,2,7
,2016_32590,39.759192,-105.0104835,1/3/2016 14:30,14:30,6,0,0,16TH STREET 2500 BLOCK & BOULDER STREET,1,1,0,7,3,4,,0,25,0,0,0,0,0,4,2,16
,2016_32591,39.743856,-104.990436,10/17/2016 7:46,7:46,1,0,0,16TH STREET & GLENARM PLACE,1,1,0,7,1,1,,0,30,0,0,0,0,0,4,2,16
,2016_32592,39.750651,-104.991984,2/4/2016 10:08,10:08,12,0,0,19TH STREET 1100 BLOCK & ARAPAHOE STREET,5,1,0,2,1,3,,0,35,0,0,0,0,0,4,2,14
,2016_32593,39.753612,-104.993451,2/8/2016 0:16,0:16,1,0,0,20TH STREET & MARKET STREET,1,4,0,7,1,1,,0,30,0,0,0,0,0,4,2,5
,2016_32594,39.7515147,-104.9883216,5/15/2016 19:49,19:49,12,0,0,21ST STREET & 1000 BLOCK,2,1,0,1,1,4,,0,30,0,0,0,0,0,4,2,13
,2016_32595,39.749175,-104.9853105,7/15/2016 12:48,12:48,3,0,0,21ST STREET & WELTON STREET,1,1,0,7,1,1,,0,30,0,0,0,0,0,4,2,16
,2016_32596,39.755457,-104.9910525,5/29/2016 18:31,18:31,12,0,0,22ND STREET & MARKET STREET,1,1,0,7,1,4,,0,25,0,0,0,0,0,4,2,16
,2016_32597,39.754269,-104.982183,11/17/2016 13:39,13:39,3,0,0,25TH STREET & STOUT STREET,2,1,0,2,1,1,,0,,0,0,0,0,0,4,2,16
,2016_32598,39.763872,-104.980194,3/4/2016 22:15,22:15,6,0,0,31ST STREET 1400 BLOCK & WALNUT STREET,1,4,1,0,1,4,,0,35,0,0,0,0,0,4,2,14
,2016_32599,39.771234,-104.977692,6/25/2016 16:38,16:38,3,0,0,36TH STREET & BRIGHTON BOULEVARD NORTH,1,1,0,7,1,1,,0,35,0,0,0,0,0,4,2,14
,2016_32600,39.736845,-104.9987115,11/26/2016 11:59,11:59,3,0,0,SANTA FE DRIVE NORTH & 13TH AVENUE WEST,1,1,0,7,1,1,,0,30,0,0,0,0,0,4,2,16
,2016_32601,39.712266,-104.997654,6/27/2016 19:02,19:02,15,0,0,SANTA FE DRIVE SOUTH & BYERS PLACE WEST,1,1,0,0,1,1,,0,30,0,0,0,0,0,4,2,3
,2016_32602,39.713508,-104.998284,5/27/2016 13:57,13:57,15,0,0,SANTA FE DRIVE SOUTH & CEDAR AVENUE WEST,1,1,0,7,1,1,,0,35,0,0,0,0,0,4,2,3
,2016_32603,39.776517,-104.9853105,10/23/2016 13:20,13:20,6,0,0,SHERMAN STREET NORTH & 44TH AVENUE WEST,1,1,0,0,1,4,,0,25,0,0,0,0,0,4,2,3
,2016_32604,39.775815,-104.93172,4/20/2016 17:09,17:09,5,0,0,SMITH ROAD EAST & DAHILA STREET NORTH,1,1,0,0,2,3,,0,30,0,0,0,0,0,4,1,8
,2016_32605,39.729717,-104.9912235,7/22/2016 17:10,17:10,15,0,1,SPEER BOULEVARD & BANNOCK STREET NORTH,1,1,1,0,1,4,,0,35,0,0,0,1,2,4,2,3
,2016_32606,39.72726,-104.987403,7/22/2016 20:45,20:45,15,0,0,SPEER BOULEVARD EAST & BROADWAY STREET NORTH,1,3,0,0,1,1,,0,30,0,0,0,0,0,4,2,8