id,drcog_id,latitude,longitude,crashtime,time,crashtype,numbkilled,numbinjurd,drcoglocat,rdconditin,lightngcon,roadcntgrd,weatherco,location,roaddescrp,schoolzone,constrzone,splimit,bikeinv,pedinv,sctrinv,motoinv,svrty,rdsystem,ttlvehcls,hcf
,2016_32607,39.752343,-105.007563,2/5/2016 18:53,18:53,1,0,0,SPEER BOULEVARD NORTH & ELITCH CIRCLE,1,3,0,7,1,1,,0,35,0,0,0,0,0,4,2,16
,2016_32608,39.76209,-105.0289335,12/8/2016 8:20,8:20,12,0,0,SPEER BOULEVARD & GREEN COURT NORTH,1,1,0,7,1,4,,0,35,0,0,0,0,0,4,2,16
,2016_32609,39.725649,-104.986314,6/11/2016 14:48,14:48,10,0,0,SPEER BOULEVARD EAST & LINCOLN STREET NORTH,1,1,0,0,1,1,,0,35,0,0,0,0,0,4,2,13
,2016_32610,39.747672,-105.002334,3/23/2016 19:45,19:45,1,0,0,SPEER BOULEVARD NORTH & MARKET STREET,6,3,0,7,1,1,,0,35,0,0,0,0,0,4,3,14
,2016_32611,39.720456,-104.9791185,1/3/2016 19:58,19:58,3,0,0,SPEER BOULEVARD EAST & WASHINGTON STREET NORTH,1,3,0,0,1,1,,0,30,0,0,0,0,1,4,3,3
,2016_32612,39.778722,-104.9222925,6/23/2016 16:39,16:39,12,0,0,STATPLETON NORTH DRIVE 5600 BLOCK EAST & HOLLY STREET NORTH,2,1,0,1,1,4,,0,35,0,0,0,0,1,4,2,1
,2016_32613,39.778308,-104.823198,8/3/2016 10:00,10:00,6,0,0,45TH AVENUE & DULUTH WAY APPROXIMATELY,1,4,0,0,1,4,,0,,0,0,0,0,0,4,2,13
,2016_32614,39.78875689,-104.9499343,8/10/2016 8:30,8:30,15,0,0,STEELE STREET NORTH & 4500 BLOCK,1,1,0,0,1,4,,0,30,0,0,0,0,0,4,2,1
,2016_32615,39.714651,-104.949972,3/22/2016 9:03,9:03,1,0,0,STEELE STREET SOUTH & BAYAUD AVENUE EAST,1,1,0,0,1,1,,0,30,0,0,0,0,0,4,2,13
,2016_32616,39.716235,-104.949963,6/23/2016 15:00,15:00,12,0,0,STEELE STREET NORTH & ELLSWORTH AVENUE EAST,1,1,0,7,1,4,,0,30,0,0,0,0,1,4,2,16
,2016_32617,39.75798312,-104.9772794,4/21/2016 17:30,17:30,12,0,0,STOUT STREET 2900 BLOCK & 30TH STREET,1,1,0,7,1,4,,0,30,0,0,0,1,0,4,2,16
,2016_32618,39.678372,-104.9508135,3/30/2016 7:45,7:45,12,0,0,STREET PAUL STREET SOUTH & EVANS AVENUE EAST,2,1,0,7,1,1,,0,35,0,0,0,0,0,4,2,16
,2016_32619,39.666042,-104.8922325,2/8/2016 17:00,17:00,14,0,0,SYRACUSE WAY SOUTH & VALENTIA STREET SOUTH,1,2,0,0,1,1,,0,25,0,0,0,0,0,4,2,13
,2016_32620,39.638664,-104.89266,2/24/2016 11:07,11:07,12,0,0,TAMARAC DRIVE SOUTH & QUINCY AVENUE EAST,1,1,0,0,1,1,,0,35,0,0,0,0,0,4,2,13
,2016_32621,39.783609,-104.772222,6/8/2016 14:40,14:40,12,0,0,TOWER ROAD NORTH & GREEN VALLEY RANCH BOULEVARD EAST,1,1,0,7,1,1,,0,,0,0,0,0,0,4,2,3
,2016_32623,39.631338,-104.885973,7/27/2016 16:46,16:46,1,0,0,UNION AVENUE EAST & XENIA STREET SOUTH,1,1,1,0,1,1,,0,30,0,0,0,0,0,4,2,13
,2016_32624,39.74001,-104.99202,3/19/2016 0:45,0:45,6,0,0,UNITA STREET & 1600 BLOCK NORTH,1,4,0,0,1,4,,0,30,0,0,0,0,0,4,3,14
,2016_32625,39.671316,-104.869944,7/20/2016 15:25,15:25,3,0,0,VASSAR DRIVE EAST & HARVARD AVENUE EAST,1,1,1,7,1,1,,0,25,0,0,0,0,0,4,3,16
,2016_32626,39.691125,-104.959332,4/11/2016 14:55,14:55,12,0,0,UNIVERSITY BOULEVARD 1400 BLOCK SOUTH & ARKANSAS AVENUE EAST,1,1,0,7,1,3,,0,30,0,0,0,0,0,4,3,16
,2016_32627,39.7435807,-104.9924306,1/15/2016 19:10,19:10,12,0,0,WELTON STREET 1500 BLOCK & 16TH STREET,1,4,0,0,1,4,,0,30,0,0,0,0,0,4,2,1
,2016_32628,39.715263,-104.959323,8/2/2016 16:30,16:30,1,0,0,UNIVERSITY BOULEVARD SOUTH & CHERRY CREEK SOUTH DRIVE,1,1,0,0,1,1,,0,30,0,0,0,0,0,4,3,13
,2016_32629,39.709305,-104.959323,9/10/2016 18:15,18:15,12,0,0,UNIVERSITY BOULEVARD SOUTH & DAKOTA AVENUE EAST,1,1,0,7,1,3,,0,30,0,0,0,0,1,4,2,8
,2016_32630,39.678363,-104.959404,6/6/2016 8:10,8:10,12,0,0,UNIVERSITY BOULEVARD 2100 BLOCK SOUTH & EVANS AVENUE EAST,1,1,0,7,1,3,,0,30,0,0,0,0,0,4,2,10
,2016_32631,39.703851,-104.95935,10/22/2016 14:42,14:42,12,0,0,UNIVERSITY BOULEVARD SOUTH & EXPOSITION AVENUE EAST,1,1,0,7,1,4,,0,30,0,0,0,0,0,4,2,16
,2016_32632,39.689289,-104.959341,9/29/2016 8:31,8:31,12,0,0,UNIVERSITY BOULEVARD SOUTH & FLORIDA AVENUE EAST,1,1,0,0,1,3,,0,30,0,0,0,0,0,4,2,13
,2016_32633,39.692952,-104.9593455,7/31/2016 10:22,10:22,3,0,0,UNIVERSITY BOULEVARD SOUTH & LOUISIANA AVENUE EAST,1,1,0,7,1,1,,0,35,0,0,0,0,1,4,3,16
,2016_32634,39.702006,-104.959341,5/26/2016 18:46,18:46,12,0,0,UNIVERSITY BOULEVARD 700 BLOCK SOUTH & OHIO AVENUE EAST,2,1,0,1,1,4,,0,30,0,0,0,0,1,4,3,3
,2016_32635,39.747447,-104.8916745,5/27/2016 17:30,17:30,12,0,0,VALENTIA STREET NORTH & MONTVIEW BOULEVARD,2,1,0,7,1,1,,0,30,0,0,0,0,0,4,2,12
,2016_32637,39.703941,-105.013332,12/18/2016 8:43,8:43,3,0,0,VALLEJO STREET SOUTH & EXPOSITION AVENUE WEST,4,1,1,7,1,1,,0,25,0,0,0,0,0,4,2,1
,2016_32638,39.669471,-104.984046,10/7/2016 0:01,0:01,6,0,0,VASSAR AVENUE EAST & GRANT STREET SOUTH,1,4,2,0,1,4,,0,25,0,0,0,0,0,4,2,14
,2016_32639,39.739986,-104.962257,6/6/2016 21:00,21:00,10,0,0,VINE STREET & COLFAX AVENUE EAST,1,3,1,0,1,4,,0,25,0,0,0,0,0,4,2,13
,2016_32640,39.740085,-104.889375,2/9/2016 22:00,22:00,6,0,0,WABASH STREET & COLFAX AVENUE EAST,1,3,0,0,1,4,,0,20,0,0,0,0,0,4,2,13
,2016_32641,39.74448468,-104.9911981,8/15/2016 17:35,17:35,12,0,0,WELTON STREET 1600 BLOCK & 17TH STREET,1,1,0,7,1,4,,0,25,0,0,0,0,0,4,2,16
,2016_32642,39.75759,-104.9744205,12/2/2016 10:26,10:26,10,0,0,WELTON STREET & 30TH STREET,1,1,0,0,1,1,,0,30,0,0,0,0,1,4,2,8
,2016_32643,39.7565174,-104.9974236,2/13/2016 20:53,20:53,5,0,0,WEWATTA STREET & 1500 BLOCK,1,3,0,0,2,4,,0,30,0,0,0,0,0,4,1,14
,2016_32644,39.740346,-105.0474915,6/25/2016 22:00,22:00,6,0,0,WINONA COURT NORTH & COLFAX WEST,1,3,0,0,1,2,,0,30,0,0,0,0,0,4,2,7
,2016_32645,39.709755,-105.048594,12/7/2016 0:05,0:05,6,0,0,WOLFF STREET SOUTH & DAKOTA AVENUE WEST,5,3,0,2,1,3,,0,25,0,0,0,0,0,4,2,13
,2016_32646,39.667563,-104.940711,3/18/2016 16:19,16:19,15,0,0,YALE AVENUE 3900 BLOCK EAST & COLORADO BOULEVARD SOUTH,1,1,0,0,1,3,,0,35,0,0,0,0,0,4,2,1
,2016_32647,39.73222149,-104.9598047,5/4/2016 13:45,13:45,6,0,0,YORK STREET 1000 BLOCK NORTH & 11TH AVENUE EAST,1,1,1,0,1,4,,0,30,0,0,0,0,0,4,2,14
,2016_32648,39.703851,-104.9605515,4/1/2016 17:00,17:00,3,0,0,YORK STREET SOUTH & EXPOSITION AVENUE EAST,1,1,0,7,1,1,,0,25,0,0,0,0,0,4,2,16
,2016_32649,39.624192,-104.885334,5/2/2016 7:57,7:57,12,0,0,YOSEMITE STREET 5100 BLOCK SOUTH & BELLEVIEW AVENUE EAST,1,1,0,7,1,2,,0,35,0,0,0,0,0,4,2,1
,2016_32650,39.78458426,-104.884983,11/17/2016 16:59,16:59,15,0,0,YOSEMITE STREET 600 BLOCK NORTH & IRVINGTON PLACE EAST,4,3,0,2,1,4,,0,35,0,0,0,0,0,4,2,14
,2016_32651,39.651102,-104.8848435,2/25/2016 15:45,15:45,1,0,0,YOSEMITE STREET SOUTH & JEFFERSON AVENUE EAST,1,1,0,7,1,1,,0,45,0,0,0,0,0,4,2,16
,2016_32652,39.72393,-104.8839413,4/9/2016 21:49,21:49,15,0,0,YOSEMITE STREET NORTH & LOWRY BOULEVARD EAST,1,3,0,0,1,6,,0,40,0,0,0,0,0,4,2,13
,2016_32653,39.656718,-105.049674,8/25/2016 15:50,15:50,15,0,0,ZENOBIA STREET SOUTH & DARTMOUTH AVENUE WEST,1,1,0,0,1,2,,0,25,0,0,0,0,0,4,3,13
,2016_32654,39.777759,-105.015861,1/5/2016 12:50,12:50,3,0,0,ZUNI STREET NORTH & 45TH AVENUE WEST,1,1,1,0,1,1,,0,30,0,0,0,1,1,4,2,1
,2016_32655,39.696759,-105.0156675,8/7/2016 2:12,2:12,6,0,0,ZUNI STREET SOUTH & MISSISSIPPI AVENUE WEST,1,3,0,0,1,4,,0,25,0,0,0,0,1,4,2,5
,2016_32656,39.75633,-105.015852,2/28/2016 21:40,21:40,12,0,0,ZUNI STREET 2700 BLOCK NORTH & SPEER BOULEVARD NORTH,1,3,1,7,1,1,,0,30,0,0,0,0,0,4,2,5
,2016_32657,39.75633,-105.015852,8/14/2016 16:56,16:56,12,0,0,ZUNI STREET NORTH & SPEER BOULEVARD NORTH,1,1,0,7,1,1,,0,30,0,0,0,0,0,4,2,1
,2016_32658,39.75633,-105.015852,12/18/2016 15:00,15:00,12,0,0,ZUNI STREET 2700 BLOCK NORTH & SPEER BOULEVARD NORTH,6,1,1,7,1,3,,0,35,0,0,0,0,0,4,2,16
,2016_32974,39.77659217,-105.0063939,12/16/2016 23:12,23:12,5,0,0,PECOS STREET 4400 BLOCK NORTH & 44TH AVENUE WEST,4,2,0,1,3,4,,0,35,0,0,0,0,0,4,1,7
,2016_32981,39.764637,-105.025284,9/26/2016 15:31,15:31,12,0,0,FEDERAL BOULEVARD NORTH & 34TH AVENUE WEST,1,1,0,0,1,1,,0,30,0,0,0,0,0,2,2,13
,2016_33131,39.838059,-104.7154635,8/19/2016 20:28,20:28,5,0,0,GUN CLUB ROAD & 78TH AVENUE EAST,1,3,0,0,4,1,,0,30,0,0,0,0,0,4,1,10
,2016_33155,39.751209,-105.0000435,10/11/2016 22:13,22:13,6,0,0,WAZEE STREET & 16TH STREET,1,3,0,0,1,4,,0,30,0,0,0,0,0,4,2,13
,2016_33293,39.782376,-104.856597,9/27/2016 18:56,18:56,5,0,0,47TH AVENUE EAST & LIMA STREET NORTH,1,3,0,0,2,1,,0,35,0,0,0,0,0,4,1,1
,2016_33324,39.745206,-105.0095835,8/31/2016 18:00,18:00,15,0,0,AURARIA PARKWAY & SEVENTH STREET,1,1,0,0,1,1,,0,,0,0,0,0,0,4,2,13
,2016_33407,39.790809,-104.762304,7/28/2016 23:43,23:43,5,0,0,DUNKIRK STREET NORTH & DUNKIRK WAY EAST,1,3,0,0,3,1,,0,40,0,0,0,0,0,4,1,7
,2016_33430,39.75633,-105.015852,1/24/2016 17:35,17:35,3,0,0,SPEER BOULEVARD & ZUNI STREET NORTH,1,3,0,0,1,1,,0,35,0,0,0,0,0,4,2,2
,2016_33431,39.742263,-104.9993505,7/27/2016 23:50,23:50,15,0,0,SPEER BOULEVARD NORTH & CHAMPA STREET APPROXIMATELY,1,3,0,0,1,1,,0,35,0,0,0,0,0,4,2,13
,2016_33432,39.793509,-104.903334,8/10/2016 15:32,15:32,12,0,0,QUEBEC STREET NORTH & 53RD PLACE EAST,1,1,0,0,1,4,,0,40,0,0,0,0,0,4,5,13
,2016_33433,39.744072,-104.988285,8/18/2016 18:00,18:00,6,0,0,TREMONT PLACE & 17TH STREET,1,1,1,0,1,4,,0,,0,0,0,0,0,4,2,13
,2016_33434,39.674754,-104.875281,8/21/2016 21:29,21:29,1,0,0,DAYTON WAY SOUTH & ILIFF AVENUE EAST,1,3,0,0,1,1,,0,40,0,0,0,0,0,4,2,13
,2016_33435,39.73833,-104.915043,8/23/2016 16:44,16:44,3,0,0,14TH AVENUE EAST & LEYDEN STREET NORTH,1,1,0,0,1,1,,0,25,0,0,0,0,0,4,2,14
,2016_33436,39.783762,-104.798043,8/25/2016 14:50,14:50,10,0,0,GREEN VALLEY RANCH BOULEVARD & MEMPHIS STREET NORTH,1,1,0,0,1,4,,0,35,0,0,0,0,0,4,2,14
,2016_33437,39.682287,-105.053202,8/26/2016 21:04,21:04,15,0,1,JEWELL AVENUE WEST & SHERIDAN BOULEVARD SOUTH,1,3,0,0,1,4,,0,30,0,0,0,0,2,4,2,1
,2016_33438,39.75204993,-104.9989788,8/27/2016 23:39,23:39,12,0,0,WAZEE STREET & 1518,1,3,0,0,1,4,,0,30,0,0,0,0,0,4,2,14
,2016_33439,39.683844,-104.908221,8/28/2016 17:05,17:05,8,0,0,COLORADO AVENUE EAST & ONEIDA STREET SOUTH,1,1,1,0,1,3,,0,25,0,0,0,0,1,4,2,3
,2016_33440,39.772755,-104.9593815,8/28/2016 20:27,20:27,3,0,0,40TH AVENUE EAST & YORK STREET NORTH,1,3,0,0,1,1,,0,30,0,0,0,0,0,4,2,13
,2016_33441,39.678435,-104.922234,8/30/2016 15:46,15:46,12,0,0,HOLLY STREET SOUTH & EVANS AVENUE EAST,1,1,0,0,1,3,,0,30,0,0,0,0,0,4,2,3
,2016_33442,39.775032,-104.809923,8/30/2016 17:35,17:35,15,0,0,CHAMBERS ROAD & ANDREWS DRIVE EAST,1,1,0,1,1,2,,0,40,0,0,0,0,0,4,2,14
,2016_33443,39.748185,-104.9864445,9/6/2016 9:15,9:15,10,0,0,20TH STREET & WELTON STREET,1,1,0,0,1,1,,0,25,0,0,0,0,0,4,2,13
,2016_33444,39.791961,-104.8429125,9/7/2016 8:40,8:40,6,0,0,SCRANTON STREET NORTH & ELMENDORF PLACE EAST,1,1,1,0,1,4,,0,20,0,0,0,0,0,4,2,12
,2016_33445,39.747438,-104.90346,9/7/2016 11:43,11:43,12,0,0,QUEBEC STREET NORTH & MONTVIEW BOULEVARD EAST,1,1,1,0,1,3,,0,30,0,0,0,0,0,4,2,13
,2016_33446,39.72627,-105.0002055,9/7/2016 12:26,12:26,10,0,0,KALAMATH STREET & SIXTH AVENUE WEST,1,1,1,0,1,1,,0,30,0,0,0,0,0,4,2,3
,2016_33447,39.71115,-104.987592,9/7/2016 22:49,22:49,12,0,0,BROADWAY SOUTH & ALAMEDA AVENUE EAST,1,3,0,0,1,1,,0,30,0,0,0,0,0,4,2,13
,2016_33448,39.764412,-105.012783,9/8/2016 1:50,1:50,6,0,0,TEJON / VALLEJO ALLEY & 34TH AVENUE,1,3,0,0,1,5,,0,25,0,0,0,0,0,4,2,4
,2016_33449,39.711114,-104.959305,9/8/2016 7:35,7:35,1,0,0,UNIVERSITY BOULEVARD SOUTH & ALAMEDA AVENUE EAST,1,1,1,0,1,1,,0,30,0,0,0,0,0,4,2,13
,2016_33450,39.678507,-104.973444,9/8/2016 8:24,8:24,1,0,0,EVANS AVENUE EAST & DOWNING STREET SOUTH,1,1,0,0,1,1,,0,35,0,0,0,0,0,4,2,7
,2016_33451,39.70386,-104.903496,9/9/2016 7:43,7:43,12,0,0,QUEBEC STREET & EXPOSITION AVENUE EAST,1,1,0,0,1,3,,0,30,0,0,0,0,1,4,3,7
,2016_33452,39.738393,-104.9695605,9/9/2016 12:10,12:10,3,0,0,14TH AVENUE EAST & HUMBOLDT STREET NORTH,1,1,0,0,1,1,,0,25,0,0,0,0,0,4,2,13
,2016_33453,39.689496,-105.0117525,9/9/2016 22:12,22:12,10,0,0,FLORIDA AVENUE WEST & TEJON STREET SOUTH,1,3,0,0,1,1,,0,30,0,0,0,0,0,4,2,5
,2016_33454,39.676608,-104.959386,9/13/2016 13:34,13:34,1,0,0,WARREN AVENUE EAST & UNIVERSITY BOULEVARD SOUTH,1,1,1,0,1,1,,0,25,0,0,0,0,0,4,2,13
,2016_33455,39.678435,-104.922234,9/14/2016 9:22,9:22,12,0,1,HOLLY STREET & EVANS AVENUE EAST,1,1,0,0,1,2,,0,25,0,0,0,0,2,4,2,13
,2016_33456,39.709026,-104.875443,9/14/2016 16:37,16:37,12,0,0,ALAMEDA AVENUE EAST & DAYTON STREET SOUTH,1,1,0,0,1,4,,0,40,0,0,0,0,0,4,2,6
,2016_33457,39.698757,-104.91759,9/18/2016 8:06,8:06,6,0,0,KEARNEY STREET SOUTH & TENNESSEE AVENUE,1,3,0,0,1,4,,0,,0,0,0,0,0,4,3,13
,2016_33458,39.7170765,-104.8955513,9/20/2016 3:45,3:45,5,0,0,FAIRMOUNT DRIVE EAST & LOWRY BOULEVARD EAST ROUNDABOUT,1,3,0,0,2,6,,0,15,0,0,0,0,0,4,1,13
,2016_33459,39.766968,-104.972103,9/20/2016 8:27,8:27,3,0,0,MARION STREET NORTH & 36TH AVENUE EAST,1,1,0,0,1,1,,0,30,0,0,0,0,0,4,2,13
,2016_33460,39.725622,-104.983605,9/22/2016 13:20,13:20,15,0,0,SIXTH AVENUE EAST & GRANT STREET NORTH,1,1,0,0,1,3,,0,30,0,0,0,0,0,4,2,13
,2016_33461,39.678453,-104.915952,9/23/2016 17:30,17:30,3,0,0,EVANS AVENUE EAST & LEYDEN STREET SOUTH,1,1,0,0,1,2,,0,35,0,0,0,0,0,4,2,13
,2016_33462,39.798396,-104.786415,9/25/2016 11:52,11:52,15,0,0,PENA BOULEVARD & 56TH AVENUE EAST,1,1,0,0,1,4,,0,65,0,0,0,0,0,4,3,1
,2016_33463,39.726594,-104.987412,9/28/2016 11:44,11:44,3,0,0,BROADWAY & SPEER BOULEVARD,1,1,1,0,1,1,,0,30,0,0,0,0,0,4,2,3
,2016_33464,39.762,-105.0236055,10/1/2016 18:45,18:45,3,0,0,32ND AVENUE WEST & ELIOT STREET NORTH,1,3,0,0,1,1,,0,25,0,0,0,0,0,4,2,13
,2016_33465,39.766932,-104.949873,10/2/2016 17:50,17:50,6,0,0,STEELE STREET & 36TH AVENUE EAST,1,1,0,0,1,4,,0,30,0,0,0,0,0,4,2,5
,2016_33466,39.674754,-104.870862,10/6/2016 14:44,14:44,12,0,0,ILIFF AVENUE EAST & PARKER ROAD SOUTH,1,1,0,0,1,4,,0,40,0,0,0,0,0,4,2,3
,2016_33467,39.727314,-104.990283,10/7/2016 7:44,7:44,5,0,0,BANNOCK STREET NORTH & SEVENTH AVENUE WEST,1,1,0,0,3,1,,0,25,0,0,0,0,0,4,1,13
,2016_33468,39.78458426,-104.884983,10/7/2016 23:15,23:15,15,0,0,YOSEMITE STREET & 1255 NORTH,1,3,0,0,1,1,,0,,0,0,0,0,0,4,3,13
,2016_33469,39.718152,-105.0263325,10/9/2016 17:46,17:46,9,0,1,GROVE STREET NORTH & FIRST AVENUE WEST,1,1,0,0,1,1,,0,25,0,0,0,1,2,4,1,9
,2016_33470,39.741957,-104.898744,10/10/2016 17:13,17:13,3,0,0,16TH AVENUE EAST & SYRACUSE STREET NORTH,1,1,0,0,1,1,,0,30,0,0,0,0,0,4,2,5
,2016_33471,39.751542,-104.9874255,12/3/2016 7:50,7:50,12,0,0,BROADWAY NORTH & CHAMPA STREET,1,1,0,0,1,2,,0,30,0,0,0,0,0,4,2,13
,2016_33472,39.74001,-104.99202,11/2/2016 11:15,11:15,15,0,0,FIRST AVENUE & 3000 BLOCK EAST,1,1,0,0,1,4,,0,30,0,0,0,0,0,4,2,13
,2016_33473,39.718179,-104.959314,11/3/2016 13:40,13:40,12,0,0,FIRST AVENUE 2300 BLOCK EAST & UNIVERSITY BOULEVARD NORTH,1,1,1,7,1,3,,0,30,0,0,0,0,0,4,3,3
,2016_33474,39.720222,-105.0131745,2/12/2016 16:15,16:15,8,0,0,SECOND AVENUE WEST & VALLEJO STREET NORTH,1,1,0,0,1,1,,0,30,0,0,0,0,0,4,2,14
,2016_33475,39.720987,-104.9546475,12/7/2016 12:12,12:12,3,0,0,THIRD AVENUE EAST & DETROIT STREET NORTH,4,1,0,0,1,1,,0,25,0,0,0,0,0,4,2,1
,2016_33476,39.720915,-104.98626,9/18/2016 18:40,18:40,3,0,0,THIRD AVENUE EAST & LINCOLN STREET NORTH,1,2,0,0,1,1,,0,25,0,0,0,0,0,4,2,4
,2016_33477,39.721959,-104.9127435,4/1/2016 10:28,10:28,12,0,0,FOURTH AVENUE EAST & MONACO STREET NORTH,1,1,0,7,1,1,,0,35,0,0,0,0,0,4,2,14
,2016_33478,39.722643,-104.9007465,5/13/2016 8:19,8:19,6,0,0,FOURTH AVENUE & RAMPART WAY NORTH,1,1,0,0,1,4,,0,20,0,0,0,0,0,4,2,14
,2016_33479,39.724074,-104.97753,12/19/2016 19:41,19:41,3,0,0,FIFTH AVENUE EAST & CLARKSON STREET NORTH,6,3,1,0,1,1,,0,30,0,0,0,0,0,4,5,13
,2016_33480,39.725595,-104.974101,11/28/2016 15:53,15:53,12,0,0,SIXTH AVENUE 1000 BLOCK EAST & CORONA STREET NORTH,1,1,0,7,1,1,,0,30,0,0,0,0,0,4,2,16
,2016_33481,39.72627,-105.0002055,6/22/2016 10:42,10:42,12,0,0,SIXTH AVENUE 1100 BLOCK WEST & KALAMATH STREET NORTH,1,1,0,7,1,4,,0,45,0,0,0,0,0,4,2,1
,2016_33482,39.725649,-104.986314,6/6/2016 8:12,8:12,10,0,0,SIXTH AVENUE EAST & LINCOLN STREET NORTH,1,1,0,0,1,1,,0,30,0,0,0,0,0,4,2,7
,2016_33483,39.727413,-104.936004,12/11/2016 23:30,23:30,6,0,0,SEVENTH AVENUE EAST & BIRCH STREET NORTH,5,3,0,0,1,4,,0,,0,0,0,0,0,4,2,13
,2016_33484,39.729087,-104.987412,2/20/2016 11:35,11:35,15,0,0,EIGHTH AVENUE 000 BLOCK EAST & BROADWAY STREET NORTH,1,1,0,7,1,4,,0,30,0,0,0,0,0,4,2,16
,2016_33485,39.729087,-104.987412,3/23/2016 18:24,18:24,3,0,2,EIGHTH AVENUE EAST & BROADWAY STREET NORTH,6,1,0,7,1,1,,0,35,0,0,0,0,2,4,2,14
,2016_33486,39.728934,-104.992866,2/4/2016 17:00,17:00,3,0,0,EIGHTH AVENUE WEST & DELAWARE STREET NORTH,1,1,0,0,1,1,,0,20,0,0,0,0,0,4,2,13
,2016_33487,39.729114,-104.942916,5/12/2016 19:13,19:13,1,0,0,EIGHTH AVENUE EAST & JACKSON STREET NORTH,1,1,0,7,1,1,,0,30,0,0,0,0,0,4,2,16
,2016_33488,39.762027,-105.007095,11/15/2016 21:41,21:41,5,0,0,32ND AVENUE WEST & BOULDER STREET,1,3,0,7,3,3,,0,25,0,0,0,0,0,4,1,1
,2016_33489,39.728943,-105.000183,6/17/2016 17:11,17:11,3,0,0,EIGHTH AVENUE 1100 BLOCK WEST & KALAMATH STREET NORTH,1,1,0,7,1,5,,0,30,0,0,0,0,0,4,2,14
,2016_33490,39.729069,-104.971761,7/1/2016 11:18,11:18,3,0,0,EIGHTH AVENUE EAST & MARION STREET,1,1,0,7,1,1,,0,25,0,0,0,0,0,4,2,14
,2016_33491,39.671262,-104.997411,5/1/2016 15:16,15:16,5,0,0,HARVARD AVENUE WEST & PLATTE RIVER DRIVE SOUTH,2,5,0,2,4,1,,0,25,0,0,0,0,0,4,1,1
,2016_33492,39.728907,-104.998644,2/13/2016 17:04,17:04,3,0,0,EIGHTH AVENUE WEST & SANTA FE DRIVE NORTH,1,1,0,7,1,1,,0,35,0,0,0,0,0,4,2,16
,2016_33493,39.728907,-104.998644,11/17/2016 17:51,17:51,3,0,0,EIGHTH AVENUE WEST & SANTA FE DRIVE NORTH,2,3,0,2,1,1,,0,30,0,0,0,0,1,4,2,16
,2016_33494,39.77208923,-104.9765841,1/23/2016 13:25,13:25,12,0,0,BRIGHTON BOULEVARD NORTH & FORTRUST WAY,1,1,0,7,1,4,,0,0,0,0,0,0,0,4,2,7
,2016_33495,39.728934,-104.9906115,7/2/2016 8:30,8:30,3,0,0,EIGHTH AVENUE WEST & SPEER BOULEVARD NORTH,2,1,1,2,1,1,,0,35,0,0,0,0,0,4,3,8
,2016_33496,39.7304442,-104.9731899,4/13/2016 9:45,9:45,3,0,0,NINTH AVENUE EAST & 4400 BLOCK,1,1,0,0,1,2,,0,25,0,0,0,0,0,4,2,7
,2016_33497,39.732093,-105.001614,5/3/2016 11:04,11:04,15,0,0,10TH AVENUE WEST & LIPAN STREET NORTH,1,1,0,0,1,1,,0,25,0,0,0,0,1,4,2,14
,2016_33498,39.732021,-104.981031,3/12/2016 19:50,19:50,6,0,0,10TH AVENUE EAST & PENNSYLVANIA STREET NORTH,1,3,0,0,1,1,,0,35,0,0,0,0,0,4,2,13
,2016_33499,39.732039,-104.9848515,8/16/2016 16:20,16:20,3,0,0,10TH AVENUE EAST & SHERMAN STREET NORTH,1,1,0,7,1,1,,0,25,0,0,0,0,0,4,2,16
,2016_33500,39.73383,-104.988843,2/2/2016 13:59,13:59,12,0,0,11TH AVENUE WEST & ACOMA STREET NORTH,4,1,0,2,1,4,,0,30,0,0,0,0,0,4,3,16
,2016_33501,39.733848,-104.9836005,12/17/2016 17:56,17:56,12,0,0,11TH AVENUE 200 BLOCK EAST & GRANT STREET NORTH,4,3,1,7,1,4,,0,25,0,0,0,0,1,4,2,7
,2016_33503,39.73383,-104.986161,1/3/2016 12:55,12:55,3,0,0,11TH AVENUE EAST & LINCOLN STREET NORTH,1,1,0,0,1,1,,0,30,0,0,0,0,0,4,2,13
,2016_33504,39.733623,-104.9941215,1/15/2016 19:05,19:05,12,0,0,11TH AVENUE WEST & SPEER BOULEVARD NORTH,1,3,0,0,1,1,,0,35,0,0,0,0,0,4,2,13
,2016_33505,39.736476,-104.935014,6/6/2016 13:46,13:46,12,0,0,13TH AVENUE EAST & CLERMONT STREET NORTH,1,1,0,7,1,4,,0,30,0,0,0,0,0,4,2,3
,2016_33506,39.7368,-104.9610105,5/5/2016 15:13,15:13,10,0,0,13TH AVENUE EAST & GAYLORD STREET NORTH,1,1,0,0,1,1,,0,30,0,0,0,0,0,4,2,14
,2016_33507,39.7368,-104.9586435,3/6/2016 13:44,13:44,12,0,0,13TH AVENUE EAST & JOSEPHINE STREET NORTH,1,1,0,7,1,4,,0,30,0,0,0,0,0,4,2,14
,2016_33508,39.736863,-104.982336,1/1/2016 10:47,10:47,10,0,0,13TH AVENUE 400 BLOCK EAST & LOGAN STREET NORTH,1,1,0,0,1,2,,0,35,0,0,0,0,0,4,2,14
,2016_33509,39.736836,-104.912811,3/24/2016 16:52,16:52,12,0,0,13TH AVENUE EAST & MONACO PRKWAY,1,1,0,7,1,1,,0,30,0,0,0,0,0,4,2,16