id,drcog_id,latitude,longitude,crashtime,time,crashtype,numbkilled,numbinjurd,drcoglocat,rdconditin,lightngcon,roadcntgrd,weatherco,location,roaddescrp,schoolzone,constrzone,splimit,bikeinv,pedinv,sctrinv,motoinv,svrty,rdsystem,ttlvehcls,hcf
,2016_33510,39.736836,-104.912811,5/28/2016 14:14,14:14,12,0,0,13TH AVENUE EAST & MONACO PARKWAY,1,1,0,7,1,1,,0,30,0,0,0,0,0,4,2,16
,2016_33511,39.790764,-104.984721,10/27/2016 17:20,17:20,6,0,0,GRANT STREET & 0 BLOCK NORTH,1,1,0,0,1,4,,0,25,0,0,0,0,0,4,2,13
,2016_33512,39.736863,-104.996484,12/12/2016 0:15,0:15,15,0,0,13TH AVENUE WEST & SPEER BOULEVARD NORTHBOUND,1,1,1,0,1,1,,0,30,0,0,0,0,0,4,2,13
,2016_33513,39.737259,-104.896413,10/22/2016 22:05,22:05,15,0,0,13TH AVENUE EAST & TRENTON STREET NORTH,1,3,0,7,1,1,,0,30,0,0,0,0,0,4,2,16
,2016_33514,39.737259,-104.8905405,6/19/2016 13:06,13:06,3,0,0,13TH AVENUE EAST & VERBENA STREET NORTH,1,1,0,7,1,1,,0,30,0,0,0,0,0,4,2,16
,2016_33515,39.736854,-104.9787,2/18/2016 22:00,22:00,6,0,0,13TH AVENUE EAST & WASHINGTON STREET NORTH,1,3,0,0,1,4,,0,30,0,0,0,0,0,4,2,14
,2016_33516,39.737259,-104.8870035,1/5/2016 13:28,13:28,10,0,0,13TH AVENUE EAST & XANTHIA STREET NORTH,1,1,0,0,1,1,,0,30,0,0,0,0,0,4,2,14
,2016_33517,39.7383978,-104.9712315,8/11/2016 9:05,9:05,12,0,0,14TH AVENUE EAST & 000 BLOCK EAST,1,1,0,0,1,3,,0,30,0,0,0,0,0,4,3,13
,2016_33518,39.7383978,-104.9712315,10/19/2016 13:56,13:56,12,0,0,14TH AVENUE & 200 WEST,1,1,0,0,1,5,,0,15,0,0,0,0,0,4,2,13
,2016_33519,39.738267,-104.9350005,3/2/2016 15:34,15:34,12,0,0,14TH AVENUE EAST & CLERMONT STREET NORTH,1,1,0,7,1,4,,0,30,0,0,0,0,0,4,3,14
,2016_33520,39.738384,-104.974164,11/17/2016 19:33,19:33,10,0,0,14TH AVENUE EAST & CORONA STREET NORTH,6,3,0,2,1,1,,0,35,0,0,0,0,0,4,2,13
,2016_33521,39.738456,-104.995314,11/9/2016 13:10,13:10,3,0,0,14TH AVENUE WEST & FOX STREET NORTH,14,1,0,7,1,1,,0,30,0,0,0,0,0,4,2,16
,2016_33522,39.738456,-104.9976405,2/25/2016 11:50,11:50,3,0,0,14TH AVENUE WEST & SPEER BOULEVARD NORTH,1,1,0,7,1,1,,0,30,0,0,0,0,0,4,2,16
,2016_33523,39.77312829,-104.9892215,2/1/2016 17:56,17:56,5,0,0,BROADWAY & 1700 BLOCK,4,3,0,2,3,4,,0,30,0,0,0,0,0,4,1,5
,2016_33524,39.738681,-104.898762,11/15/2016 14:23,14:23,3,0,1,14TH AVENUE EAST & SYRACUSE STREET NORTH,1,1,0,7,1,1,,0,30,0,0,0,0,2,4,2,16
,2016_33525,39.79653748,-104.8125375,10/17/2016 6:00,6:00,6,0,0,FAIRPLAY STREET & 5225 NORTH,1,2,0,0,1,4,,0,25,0,0,0,0,0,4,2,1
,2016_33526,39.741651,-104.9734305,7/6/2016 9:21,9:21,10,0,0,16TH AVENUE EAST & DOWNING STREET NORTH,1,1,0,0,1,1,,0,,0,0,0,0,0,4,2,1
,2016_33527,39.741633,-104.969691,3/17/2016 15:00,15:00,3,0,0,16TH AVENUE EAST & HUMBOLDT STREET,1,1,0,7,1,1,,0,30,0,0,0,0,0,4,2,16
,2016_33528,39.741957,-104.903451,8/13/2016 10:05,10:05,10,0,0,16TH AVENUE EAST & QUEBEC STREET NORTH,1,1,0,0,1,1,,0,25,0,0,0,0,0,4,2,7
,2016_33529,39.743226,-104.961006,11/8/2016 16:28,16:28,3,0,0,17TH AVENUE EAST & GAYLORD STREET NORTH,1,2,0,7,1,1,,0,30,0,0,0,0,0,4,2,14
,2016_33531,39.743748,-104.941881,1/22/2016 16:05,16:05,12,0,0,17TH AVENUE EAST & HARRISON STREET NORTH,1,1,0,0,1,1,,0,30,0,0,0,0,0,4,2,12
,2016_33532,39.746187,-104.981085,10/20/2016 18:25,18:25,15,0,0,19TH AVENUE EAST & PENNSYLVANIA STREET NORTH,1,5,0,7,1,1,,0,30,0,0,0,0,0,4,2,14
,2016_33533,39.747555,-104.981094,4/5/2016 17:47,17:47,3,0,0,20TH AVENUE EAST & PENNSYLVANIA STREET NORTH,1,2,0,0,1,1,,0,30,0,0,0,0,0,4,2,13
,2016_33534,39.747546,-104.984793,3/10/2016 13:12,13:12,15,0,0,20TH AVENUE EAST & SHERMAN STREET NORTH,1,1,0,7,1,3,,0,35,0,0,0,0,0,4,2,14
,2016_33535,39.752667,-104.98743,1/19/2016 12:15,12:15,15,0,0,22ND AVENUE & BROADWAY,1,1,0,0,1,1,,0,30,0,0,0,0,0,4,2,13
,2016_33536,39.751002,-104.903442,11/23/2016 21:00,21:00,6,0,0,23RD AVENUE EAST & QUEBEC STREET NORTH,1,1,0,0,1,4,,0,25,0,0,0,0,0,4,2,13
,2016_33537,39.753234,-104.973372,9/30/2016 15:00,15:00,12,0,0,25TH AVENUE EAST & DOWNING STREET NORTH,1,1,0,0,1,1,,0,30,0,0,0,0,0,4,2,13
,2016_33538,39.754854,-105.048756,7/31/2016 9:45,9:45,6,0,0,26TH AVENUE WEST & WOLFF STREET NORTH,1,1,0,0,1,1,,0,30,0,0,0,0,0,4,2,8
,2016_33539,39.756987,-104.973372,10/19/2016 16:39,16:39,12,0,0,28TH AVENUE EAST & DOWNING STREET NORTH,1,1,0,7,1,4,,0,30,0,0,0,0,0,4,4,14
,2016_33540,39.75849183,-105.0456682,2/4/2016 16:38,16:38,12,0,0,29TH AVENUE WEST & 2500 BLOCK,1,1,1,0,1,4,,0,30,0,0,0,0,1,4,2,13
,2016_33541,39.757986,-104.903451,11/4/2016 16:11,16:11,12,0,0,29TH AVENUE EAST & QUEBEC STREET NORTH,1,1,0,7,1,4,,0,35,0,0,0,0,0,4,2,16
,2016_33542,39.758409,-105.014457,2/26/2016 7:40,7:40,1,0,0,29TH AVENUE WEST & WYANDOT STREET NORTH,1,1,0,7,1,1,,0,30,0,0,0,0,0,4,2,14
,2016_33543,39.760749,-104.959782,3/18/2016 18:37,18:37,15,0,0,31ST AVENUE EAST & YORK STREET NORTH,1,1,0,0,1,4,,0,30,0,0,0,0,0,4,2,13
,2016_33544,39.76352666,-104.8724068,12/22/2016 13:30,13:30,6,0,0,32ND AVENUE & 3400 BLOCK,2,1,1,0,1,4,,0,30,0,0,0,0,0,4,2,13
,2016_33545,39.763251,-105.0052725,5/4/2016 8:32,8:32,14,0,0,33RD AVENUE & OSAGE STREET NORTH,1,1,1,0,1,4,,0,25,0,0,0,0,0,4,2,13
,2016_33546,39.764412,-105.0204915,7/5/2016 12:11,12:11,3,0,0,34TH AVENUE WEST & CLAY STREET NORTH,1,1,0,7,1,1,,0,25,0,0,0,0,0,4,2,16
,2016_33547,39.764412,-105.0143715,5/22/2016 0:01,0:01,6,0,0,34TH AVENUE & WYANDOT STREET,1,3,0,0,1,4,,0,25,0,0,0,0,0,4,3,3
,2016_33548,39.767382,-104.90346,7/13/2016 21:25,21:25,12,0,0,36TH AVENUE EAST & QUEBEC STREET NORTH,1,1,0,7,1,1,,0,35,0,0,0,0,1,4,2,8
,2016_33549,39.768147,-104.964714,5/7/2016 15:45,15:45,3,0,2,37TH AVENUE EAST & HIGH STREET NORTH,2,1,0,1,1,1,,0,25,0,0,0,0,2,4,4,7
,2016_33550,39.74001,-104.99202,3/31/2016 18:55,18:55,14,0,0,38TH AVENUE & 1300 BLOCK WEST,5,2,0,2,1,4,,0,35,0,0,0,0,0,4,2,14
,2016_33551,39.76924477,-104.9176392,2/1/2016 18:23,18:23,5,0,0,38TH AVENUE & 3600 WEST,5,3,0,2,3,3,,0,35,0,0,0,0,0,4,1,7
,2016_33552,39.769272,-105.0174225,6/19/2016 12:40,12:40,5,0,0,38TH AVENUE 2500 BLOCK WEST & ALCOTT STREET NORTH,1,1,0,0,3,4,,0,30,0,0,0,0,0,4,2,1
,2016_33553,39.769245,-104.9164155,6/22/2016 14:32,14:32,5,0,0,38TH AVENUE EAST & KRAMERIA STREET,1,1,0,0,3,4,,0,30,0,0,0,0,1,4,2,2
,2016_33554,39.769263,-104.904522,6/12/2016 7:05,7:05,3,0,0,38TH AVENUE EAST & POPLAR STREET NORTH,1,1,0,0,1,3,,0,25,0,0,0,0,0,4,2,13
,2016_33555,39.775797,-104.9787495,1/28/2016 6:59,6:59,3,0,0,38TH AVENUE EAST & RINGSBY COURT,1,1,0,7,1,1,,0,30,0,0,0,0,0,4,2,1
,2016_33556,39.769407,-105.0440445,10/10/2016 11:55,11:55,3,0,0,38TH AVENUE WEST & TENNYSON STREET NORTH,1,1,0,0,1,1,,0,35,0,0,0,0,0,4,2,3
,2016_33557,39.771135,-105.0440355,9/11/2016 11:25,11:25,1,0,0,39TH AVENUE WEST & TENNYSON STREET NORTH,1,1,0,0,1,1,,0,30,0,0,0,1,0,4,2,13
,2016_33558,39.74001,-104.99202,4/13/2016 7:55,7:55,15,0,0,40TH AVENUE EASTBOUND & 3200 BLOCK EAST,1,1,1,0,1,4,,0,35,0,0,0,0,0,4,2,7
,2016_33559,39.772008,-105.0252435,10/10/2016 8:25,8:25,15,0,0,40TH AVENUE 2900 BLOCK WEST & FEDERAL BOULEVARD NORTH,1,1,0,0,1,4,,0,30,0,0,0,0,0,4,2,9
,2016_33560,39.771819,-105.0299415,2/5/2016 13:31,13:31,12,0,0,40TH AVENUE 3300 BLOCK WEST & IRVING STREET NORTH,2,1,0,2,1,4,,0,25,0,0,0,0,0,4,2,14
,2016_33561,39.772872,-104.7991005,5/12/2016 19:10,19:10,3,0,0,40TH AVENUE EAST & MEMPHIS COURT NORTH,1,1,0,7,1,2,,0,40,0,0,0,0,0,4,2,7
,2016_33562,39.77236116,-104.8473031,3/21/2016 15:00,15:00,15,0,0,40TH AVENUE EAST & PEORIA STREET NORTH,1,1,0,0,1,1,,0,30,0,0,0,0,0,4,2,3
,2016_33563,39.774114,-105.0123825,7/8/2016 7:35,7:35,5,0,0,42ND AVENUE WEST & UMATILLA STREET NORTH,1,1,0,0,1,4,,0,15,0,0,0,0,0,4,1,7
,2016_33564,39.671775,-105.0250725,12/24/2016 22:30,22:30,6,0,0,HARVARD AVENUE & FEDERAL BOULEVARD SOUTH,1,4,0,0,1,4,,0,25,0,0,0,0,0,4,2,1
,2016_33565,39.776427,-104.8469535,2/25/2016 15:59,15:59,1,0,0,44TH AVENUE EAST & PEORIA STREET NORTH,1,1,0,7,1,1,,0,40,0,0,0,0,1,4,2,8
,2016_33566,39.77804605,-104.8241936,11/17/2016 12:25,12:25,8,0,0,45TH AVENUE EAST & 11700 BLOCK,2,1,0,2,1,4,,0,15,0,0,0,0,0,4,2,1
,2016_33567,39.74001,-104.99202,6/24/2016 13:43,13:43,10,0,0,62ND AVENUE EAST & TOWER ROAD NORTH,1,1,0,0,1,2,,0,30,0,0,0,0,0,4,2,13
,2016_33568,39.7838835,-104.992623,10/18/2016 16:56,16:56,12,0,0,48TH AVENUE WEST & ELATI STREET NORTH,1,1,1,7,1,4,,0,35,0,0,0,0,1,4,3,16
,2016_33569,39.74001,-104.99202,11/11/2016 13:54,13:54,6,0,0,49TH AVENUE & 3300 BLOCK WEST,1,1,1,0,1,4,,0,30,0,0,0,0,0,4,2,13
,2016_33571,39.790107,-104.8660335,3/28/2016 17:35,17:35,12,0,0,51ST AVENUE 10400 BLOCK EAST & HAVANA STREET NORTH,1,1,1,7,1,4,,0,25,0,0,0,0,0,4,2,16
,2016_33572,39.789279,-104.8471785,7/4/2016 18:20,18:20,15,0,0,51ST AVENUE EAST & PEORIA STREET NORTH,1,1,0,0,1,1,,0,30,0,0,0,0,0,4,2,13
,2016_33573,39.791052,-104.8355865,6/25/2016 16:50,16:50,15,0,0,51ST AVENUE EAST & UVALDA STREET NORTH,1,1,0,0,1,1,,0,25,0,0,0,0,0,4,2,1
,2016_33574,39.787893,-104.809806,5/16/2016 14:40,14:40,1,0,0,52ND AVENUE EAST & CHAMBERS ROAD NORTH,2,1,0,1,1,1,,0,25,0,0,0,0,0,4,2,8
,2016_33575,39.791079,-105.022782,8/2/2016 7:52,7:52,6,0,0,52ND AVENUE WEST & ELM COURT NORTH,1,1,0,0,1,3,,0,35,0,0,0,0,0,4,2,14
,2016_33576,39.797244,-104.88447,11/30/2016 22:34,22:34,5,0,1,55TH AVENUE EAST & CENTRAL PARK BOULEVARD NORTH,1,3,0,0,2,4,,0,65,0,0,0,0,2,4,1,5
,2016_33577,39.798324,-104.753322,6/10/2016 15:38,15:38,3,0,0,56TH AVENUE EAST & IRELAND STREET NORTH,1,1,0,0,1,1,,0,25,0,0,0,0,1,4,2,13
,2016_33578,39.798396,-104.786415,1/8/2016 7:10,7:10,15,0,0,56TH AVENUE EAST & PENA BOULEVARD,4,1,0,2,1,4,,0,45,0,0,0,0,0,4,2,13
,2016_33579,39.798396,-104.786415,3/5/2016 3:40,3:40,5,0,0,56TH AVENUE EAST & PENA BOULEVARD,1,3,0,0,2,4,,0,35,0,0,0,0,0,4,1,5
,2016_33580,39.798234,-104.7721815,6/4/2016 22:19,22:19,1,0,0,56TH AVENUE 18600 EAST & TOWER ROAD NORTH,1,3,0,0,1,1,,0,35,0,0,0,0,0,4,2,2
,2016_33581,39.74001,-104.99202,2/16/2016 4:57,4:57,10,0,0,78TH AVENUE & 25000 BLOCK EAST,1,3,0,0,1,2,,0,45,0,0,0,0,0,4,2,8
,2016_33583,39.720924,-104.989194,12/8/2016 16:05,16:05,3,0,0,ACOMA STREET NORTH & THIRD AVENUE WEST,4,2,0,7,1,1,,0,25,0,0,0,0,0,4,2,16
,2016_33584,39.711114,-104.9679378,10/19/2016 11:20,11:20,12,0,0,ALAMEDA AVENUE EAST & 1200 BLOCK WEST,1,1,0,0,1,4,,0,35,0,0,0,0,0,4,2,13
,2016_33585,39.711168,-104.99238,7/9/2016 7:11,7:11,3,0,0,ALAMEDA AVENUE WEST & CHEROKEE STREET SOUTH,1,1,0,7,1,1,,0,25,0,0,0,0,0,4,2,16
,2016_33586,39.711168,-104.99238,11/2/2016 11:50,11:50,12,0,0,ALAMEDA AVENUE WEST & CHEROKEE STREET,1,1,0,7,1,1,,0,35,0,0,0,0,1,4,2,14
,2016_33587,39.711348,-104.935113,10/20/2016 15:00,15:00,10,0,0,ALAMEDA AVENUE 4500 BLOCK EAST & CLERMONT STREET SOUTH,1,1,0,0,1,3,,0,35,0,0,0,0,0,4,2,8
,2016_33588,39.711312,-104.931612,10/17/2016 9:20,9:20,12,0,0,ALAMEDA AVENUE EAST & DAHLIA STREET SOUTH,1,1,0,7,1,1,,0,35,0,0,0,0,0,4,2,3
,2016_33589,39.711447,-104.9437755,4/25/2016 18:22,18:22,15,0,0,ALAMEDA AVENUE 3600 BLOCK EAST & GARFIELD STREET SOUTH,1,1,0,7,1,4,,0,30,0,0,0,0,0,4,2,16
,2016_33590,39.711204,-104.9222835,6/6/2016 17:25,17:25,1,0,0,ALAMEDA AVENUE EAST & HOLLY STREET SOUTH,2,1,0,1,1,1,,0,35,0,0,0,0,0,4,2,16
,2016_33591,39.711204,-104.9222835,8/5/2016 20:40,20:40,3,0,0,ALAMEDA AVENUE EAST & HOLLY STREET SOUTH,1,3,0,0,1,1,,0,45,0,0,0,0,0,4,2,13
,2016_33592,39.71142,-104.9366835,12/2/2016 17:55,17:55,12,0,0,ALAMEDA AVENUE 4200 BLOCK EAST & LEETSDALE DRIVE,1,3,1,7,1,4,,0,30,0,0,0,0,0,4,2,1
,2016_33593,39.71142,-104.9366835,12/14/2016 15:50,15:50,1,0,0,ALAMEDA AVENUE 4200 BLOCK EAST & LEETSDALE DRIVE,1,1,1,0,1,2,,0,35,0,0,0,0,1,4,2,13
,2016_33594,39.711384,-104.906493,12/13/2016 17:55,17:55,3,0,0,ALAMEDA AVENUE EAST & OLIVE WAY SOUTH,3,5,1,7,1,1,,0,25,0,0,0,0,0,4,2,16
,2016_33595,39.711186,-104.997132,8/17/2016 23:55,23:55,5,0,0,ALAMEDA AVENUE 1000 BLOCK WEST & SANTA FE DRIVE SOUTH,1,4,0,0,3,4,,0,25,0,0,0,0,0,4,1,8
,2016_33596,39.711186,-104.997132,9/19/2016 17:10,17:10,12,0,0,ALAMEDA AVENUE 800 BLOCK WEST & SANTA FE DRIVE SOUTH,1,1,0,0,1,3,,0,30,0,0,0,0,0,4,2,13
,2016_33597,39.711114,-104.9605605,11/9/2016 17:15,17:15,3,0,0,ALAMEDA AVENUE EAST & YORK STREET SOUTH,1,1,0,0,1,1,,0,30,0,0,0,0,1,4,2,13
,2016_33598,39.687489,-104.9394825,1/24/2016 9:41,9:41,3,0,0,ALBION STREET SOUTH & IOWA AVENUE EAST,1,1,0,7,1,1,,0,25,0,0,0,0,0,4,2,7
,2016_33599,39.77900443,-104.8392994,3/1/2016 19:26,19:26,15,0,0,ALBROOK DRIVE & 12300 BLOCK EAST,1,3,0,0,1,4,,0,25,0,0,0,0,0,4,2,13
,2016_33600,39.759426,-104.9937435,5/20/2016 9:48,9:48,10,0,0,PARK AVENUE WEST & DELGANY STREET,1,1,0,0,1,1,,0,35,0,0,0,0,0,4,2,13
,2016_33601,39.777849,-104.835582,5/24/2016 6:15,6:15,3,0,1,ALBROOK DRIVE & ATCHISON WAY,1,1,0,7,1,1,,0,25,0,0,0,0,2,4,2,16
,2016_33602,39.783357,-104.8466025,1/19/2016 17:45,17:45,10,0,0,ALBROOK DRIVE 12100 BLOCK EAST & PEORIA STREET NORTH,1,3,0,0,1,2,,0,30,0,0,0,0,0,4,2,13
,2016_33603,39.720987,-104.9546475,6/20/2016 15:56,15:56,12,0,0,THIRD AVENUE EAST & DETROIT FILLMORE ALLEY NORTH,1,1,0,0,1,5,,0,15,0,0,0,0,0,4,2,13
,2016_33604,39.777426,-104.8239135,4/3/2016 13:25,13:25,12,0,0,ANDREWS DRIVE EAST & 44TH AVENUE EAST,1,1,0,7,1,1,,0,25,0,0,0,0,1,4,2,16
,2016_33605,39.691143,-104.9570528,2/26/2016 21:00,21:00,6,0,0,ARKANSAS AVENUE & 1780 WEST,1,4,0,0,1,4,,0,25,0,0,0,0,0,4,2,3
,2016_33606,39.691134,-104.9734215,4/27/2016 17:59,17:59,3,0,0,ARKANSAS AVENUE EAST & DOWNING STREET SOUTH,1,1,1,7,1,3,,0,25,0,0,0,0,0,4,2,14
,2016_33607,39.714642,-104.9437575,5/31/2016 21:58,21:58,5,0,0,BAYAUD AVENUE 3700 BLOCK EAST & GARFIELD STREET SOUTH,1,3,0,7,3,4,,0,25,0,0,0,0,1,4,1,15
,2016_33608,39.790566,-105.0556275,3/17/2016 14:30,14:30,6,0,0,BENTON STREET & 2700 BLOCK SOUTH,1,1,1,0,1,4,,0,25,0,0,0,0,0,4,2,14
,2016_33609,39.75130672,-104.9981625,10/27/2016 7:30,7:30,15,0,0,BLAKE STREET & 1500 BLOCK,1,1,0,0,1,4,,0,30,0,0,0,0,0,4,2,13
,2016_33610,39.781359,-104.816853,4/7/2016 6:45,6:45,12,0,0,BOLLING DRIVE EAST & ENID WAY NORTH,1,1,0,7,1,1,,0,25,0,0,0,0,0,4,2,7
,2016_33611,39.72820138,-104.9874076,6/4/2016 11:55,11:55,15,0,0,BROADWAY NORTH & 2100 BLOCK,1,1,0,0,1,3,,0,30,0,0,0,0,0,4,2,13
,2016_33612,39.71934,-104.987502,1/4/2016 13:17,13:17,10,0,0,BROADWAY STREET NORTH & SECOND AVENUE EAST,1,5,0,0,1,1,,0,30,0,0,0,0,0,4,2,13
,2016_33613,39.725631,-104.9874435,4/30/2016 11:29,11:29,12,0,0,BROADWAY NORTH & SIXTH AVENUE WEST,2,1,1,2,1,1,,0,35,0,0,0,0,1,4,2,16
,2016_33614,39.725631,-104.9874435,6/28/2016 7:38,7:38,15,0,0,BROADWAY NORTH & SIXTH AVENUE EAST,1,1,0,0,1,1,,0,30,0,0,0,0,0,4,2,13
,2016_33615,39.743388,-104.9873895,3/16/2016 7:50,7:50,15,0,0,BROADWAY & 17TH AVENUE EAST,1,1,0,7,1,4,,0,30,0,0,0,0,0,4,2,16
,2016_33616,39.748878,-104.987448,1/14/2016 1:11,1:11,12,0,0,BROADWAY STREET NORTH & CALIFORNIA STREET,1,3,0,0,1,1,,0,30,0,0,0,0,0,4,2,13
,2016_33617,39.751542,-104.9874255,2/27/2016 20:35,20:35,10,0,0,BROADWAY NORTH & CHAMPA STREET,1,3,0,0,1,3,,0,30,0,0,0,0,0,4,2,13
,2016_33618,39.742191,-104.9873715,4/9/2016 17:20,17:20,15,0,0,BROADWAY & CLEVELAND PLACE,2,1,0,1,1,4,,0,35,0,0,0,0,0,4,2,16
,2016_33619,39.755565,-104.987448,4/23/2016 18:14,18:14,12,0,0,BROADWAY STREET 2300 BLOCK NORTH & LAWRENCE STREET,1,1,0,0,1,3,,0,30,0,0,0,0,0,4,2,13
,2016_33620,39.707514,-104.98761,2/15/2016 17:55,17:55,12,0,0,BROADWAY & VIRGINIA AVENUE WEST,1,3,0,0,1,3,,0,35,0,0,0,0,0,4,2,5
,2016_33621,39.764475,-104.949891,6/30/2016 19:05,19:05,10,0,0,BRUCE RANDOLPH AVENUE EAST & STEELE STREET NORTH,1,1,1,0,1,1,,0,30,0,0,0,0,0,4,2,13
,2016_33622,39.712149,-105.0110235,4/18/2016 14:30,14:30,6,0,0,BYERS PLACE WEST & TEJON STREET SOUTH,1,1,1,0,1,1,,0,25,0,0,0,0,0,4,2,7
,2016_33623,39.729321,-105.019803,9/6/2016 9:03,9:03,12,0,0,CANOSA COURT 750 & EIGHTH AVENUE WEST,1,1,0,0,1,4,,0,35,0,0,0,0,0,4,2,14
,2016_33624,39.712932,-104.9827815,4/29/2016 19:40,19:40,3,0,0,CEDAR AVENUE EAST & LOGAN STREET SOUTH,2,3,0,1,1,1,,0,25,0,0,0,0,0,4,2,16
,2016_33625,39.712905,-104.9804055,12/13/2016 1:00,1:00,6,0,0,CEDAR AVENUE EAST & PEARL STREET SOUTH,1,3,0,0,1,4,,0,,0,0,0,0,0,4,3,14
,2016_33626,39.747456,-104.884695,9/21/2016 8:35,8:35,15,0,0,CENTRAL PARK BOULEVARD NORTH & MONTVIEW BOULEVARD EAST,1,1,0,0,1,4,,0,35,0,0,0,0,0,4,2,14
,2016_33627,39.74652,-104.9939235,7/27/2016 7:10,7:10,12,0,0,CHAMPA STREET & 16TH STREET,1,1,0,0,1,1,,0,25,0,0,0,0,0,4,3,13
,2016_33628,39.669489,-104.99112,6/5/2016 14:30,14:30,6,0,0,CHEROKEE STREET & VASSAR AVENUE WEST,1,1,0,0,1,4,,0,25,0,0,0,0,0,4,3,3
,2016_33629,39.696597,-104.9219055,3/17/2016 17:53,17:53,12,0,0,CHERRY CREEK NORTH DRIVE & HOLLY STREET SOUTH,2,1,0,2,1,4,,0,25,0,0,0,0,0,4,2,3
,2016_33630,39.750732,-104.976963,5/16/2016 15:50,15:50,3,0,0,CLARKSON STREET NORTH & 23RD AVENUE EAST,2,1,1,1,1,1,,0,25,0,0,0,0,0,4,2,16
,2016_33631,39.740004,-104.9776245,3/30/2016 22:30,22:30,5,0,0,CLARKSON STREET 1500 BLOCK NORTH & COLFAX AVENUE EAST,1,3,0,0,1,4,,0,,0,0,0,0,0,4,1,13
,2016_33632,39.7828575,-104.960295,3/13/2016 21:37,21:37,6,0,0,CLAUDE COURT & 4700 BLOCK NORTH,1,1,1,7,1,4,,0,25,0,0,0,0,0,4,2,16
,2016_33633,39.734667,-104.935014,10/28/2016 15:26,15:26,10,0,0,CLERMONT STREET NORTH & 12TH AVENUE EAST,1,1,0,0,1,1,,0,25,0,0,0,0,0,4,2,8
,2016_33634,39.682782,-104.934663,3/21/2016 18:08,18:08,6,0,0,CLERMONT STREET SOUTH & BAILS PLACE EAST,1,5,0,0,1,1,,0,25,0,0,0,0,0,4,2,13
,2016_33635,39.79067593,-104.9570017,8/23/2016 10:50,10:50,6,0,0,COLUMBINE STREET & 2900 BLOCK NORTH,1,1,0,0,1,3,,0,25,0,0,0,0,0,4,3,1
,2016_33636,39.78947618,-104.94756,2/1/2016 12:42,12:42,6,0,0,COOK STREET & 1470 NORTH,4,1,0,2,1,4,,0,25,0,0,0,0,1,4,2,12
,2016_33637,39.755682,-104.94765,7/13/2016 14:30,14:30,6,0,0,COOK STREET NORTH & 27TH AVENUE EAST,1,1,0,0,1,4,,0,25,0,0,0,0,0,4,2,3
,2016_33638,39.618297,-105.0913845,7/31/2016 15:05,15:05,3,0,0,CRESTLINE AVENUE WEST & WADSWORTH BOULEVARD SOUTH,1,1,0,0,1,1,,0,30,0,0,0,0,0,4,2,3
,2016_33639,39.706299,-105.04935,6/18/2016 16:50,16:50,6,0,0,CUSTER PLACE 4800 BLOCK WEST & XAVIER STREET SOUTH,1,1,0,7,1,4,,0,25,0,0,0,0,0,4,2,12
,2016_33640,39.758805,-104.86305,1/24/2016 3:45,3:45,15,0,0,29TH DRIVE EAST & HAVANA STREET NORTH,1,3,0,0,1,1,,0,30,0,0,0,0,0,4,2,5
,2016_33641,39.783411,-104.931603,12/1/2016 7:00,7:00,12,0,0,DAHLIA STREET NORTH & 48TH AVENUE EAST,1,5,0,7,1,3,,0,35,0,0,0,0,0,4,2,1
,2016_33642,39.678444,-104.931612,8/19/2016 18:09,18:09,15,0,0,DAHLIA STREET SOUTH & EVANS AVENUE EAST,2,1,0,1,1,1,,0,,0,0,0,0,0,4,2,13
,2016_33643,39.747375,-104.932053,8/17/2016 17:55,17:55,14,0,0,DAHLIA STREET 2000 BLOCK NORTH & MONTVIEW BOULEVARD,1,1,0,7,1,4,,0,25,0,0,0,0,0,4,2,16
,2016_33644,39.709269,-104.973372,11/4/2016 18:37,18:37,3,0,1,DAKOTA AVENUE EAST & DOWNING STREET SOUTH,1,2,0,0,1,1,,0,25,0,0,0,0,2,4,2,13
,2016_33645,39.659769,-105.0672915,4/7/2016 15:04,15:04,8,0,0,DARTMOUTH AVENUE WEST & LAMAR STREET SOUTH,1,1,0,7,1,1,,0,,0,0,0,0,0,4,2,16
,2016_33646,39.671568,-104.8753035,3/28/2016 9:09,9:09,6,0,0,DAYTON WAY SOUTH & HARVARD AVENUE,1,1,0,0,1,4,,0,25,0,0,0,0,0,4,5,14
,2016_33647,39.7572878,-105.021987,8/8/2016 12:16,12:16,12,0,0,DECATUR STREET 2800 BLOCK SOUTH & 28TH AVENUE WEST,1,1,0,0,1,4,,0,25,0,0,0,0,0,4,2,14
,2016_33648,39.720969,-104.932764,8/15/2016 15:45,15:45,3,0,0,DEXTER STREET NORTH & THIRD AVENUE EAST,1,1,0,0,1,1,,0,25,0,0,0,0,1,4,2,13
,2016_33649,39.76283001,-104.9733612,11/11/2016 15:00,15:00,15,0,0,DOWNING STREET & 00 BLOCK NORTH,1,1,1,0,1,3,,0,30,0,0,0,0,0,4,3,13
,2016_33650,39.76283001,-104.9733612,5/23/2016 0:55,0:55,6,0,0,DOWNING STREET & 1400 BLOCK NORTH,1,3,0,0,1,4,,0,30,0,0,0,0,0,4,6,5
,2016_33651,39.730446,-104.9729625,12/11/2016 11:24,11:24,15,0,0,DOWNING STREET 900 BLOCK NORTH & NINTH AVENUE EAST,1,1,0,0,1,4,,0,30,0,0,0,0,0,4,2,2