id,drcog_id,latitude,longitude,crashtime,time,crashtype,numbkilled,numbinjurd,drcoglocat,rdconditin,lightngcon,roadcntgrd,weatherco,location,roaddescrp,schoolzone,constrzone,splimit,bikeinv,pedinv,sctrinv,motoinv,svrty,rdsystem,ttlvehcls,hcf
,2016_33652,39.750714,-104.973354,12/4/2016 2:37,2:37,12,0,0,DOWNING STREET NORTH & 23RD AVENUE EAST,1,3,0,7,1,1,,0,35,0,0,0,0,0,4,2,3
,2016_33653,39.762054,-104.973345,4/5/2016 18:34,18:34,15,0,0,DOWNING STREET NORTH & MLK BOULEVARD,1,1,0,0,1,4,,0,35,0,0,0,0,0,4,2,14
,2016_33654,39.707469,-104.973381,12/4/2016 2:20,2:20,6,0,0,DOWNING STREET SOUTH & VIRGINIA AVENUE EAST,1,3,0,0,1,4,,0,30,0,0,0,0,0,4,3,3
,2016_33655,39.631356,-104.8923,3/28/2016 15:35,15:35,3,0,0,DTC BOULEVARD SOUTH & UNION AVENUE EAST,1,1,0,7,1,1,,0,35,0,0,0,0,1,4,2,12
,2016_33656,39.6927,-104.976954,4/30/2016 0:01,0:01,3,0,0,EMERSON STREET SOUTH & BUCHTEL BOULEVARD EAST,2,3,0,2,1,1,,0,30,0,0,0,0,0,4,2,12
,2016_33657,39.678678,-105.0180255,3/1/2016 10:45,10:45,3,0,0,EVAN AVENUE WEST & BRYANT STREET SOUTH,1,1,0,7,1,1,,0,25,0,0,0,0,0,4,2,16
,2016_33658,39.678462,-104.956515,5/21/2016 0:46,0:46,12,0,0,EVANS AVENUE EAST & COLUMBINE STREET SOUTH,1,3,0,0,1,3,,0,30,0,0,0,0,0,4,2,4
,2016_33659,39.678426,-104.937435,1/22/2016 16:10,16:10,12,0,0,EVANS AVENUE EAST & BELLAIRE STREET SOUTH,1,1,0,7,1,1,,0,35,0,0,0,0,0,4,2,3
,2016_33660,39.678426,-104.9363145,7/15/2016 13:50,13:50,12,0,0,EVANS AVENUE 4300 BLOCK EAST & BIRCH STREET SOUTH,1,1,0,7,1,4,,0,35,0,0,0,0,0,4,3,1
,2016_33661,39.67866,-105.020352,12/4/2016 16:48,16:48,3,0,0,EVANS AVENUE WEST & CLAY STREET SOUTH,1,2,0,0,1,2,,0,35,0,0,0,0,0,4,2,7
,2016_33662,39.678435,-104.9407425,5/9/2016 21:26,21:26,12,0,0,EVANS AVENUE 3900 BLOCK EAST & COLORADO BOULEVARD SOUTH,1,3,0,7,1,4,,0,35,0,0,0,0,1,4,3,3
,2016_33663,39.69203614,-104.961744,6/4/2016 12:16,12:16,12,0,0,EVANS AVENUE EAST & GAYLORD STREET SOUTH,1,1,0,7,1,4,,0,35,0,0,0,0,1,4,2,3
,2016_33664,39.678435,-104.9187915,7/23/2016 15:43,15:43,15,0,0,EVANS AVENUE EAST & JASMINE STREET SOUTH,1,1,0,7,1,4,,0,35,0,0,0,0,0,4,2,3
,2016_33665,39.678435,-104.9187915,8/9/2016 19:00,19:00,12,0,0,EVANS AVENUE 5900 BLOCK EAST & JASMINE STREET SOUTH,2,1,1,7,1,3,,0,35,0,0,0,0,1,4,2,14
,2016_33666,39.678435,-104.912892,8/2/2016 15:05,15:05,15,0,0,EVANS AVENUE EAST & MONACO STREET SOUTH,1,1,0,0,1,3,,0,35,0,0,0,0,0,4,2,13
,2016_33667,39.679182,-105.0383205,7/28/2016 1:52,1:52,6,0,0,EVANS AVENUE WEST & PATTON COURT SOUTH,1,3,0,0,1,3,,0,30,0,0,0,0,0,4,3,13
,2016_33668,39.678588,-105.006402,12/18/2016 18:13,18:13,1,0,0,EVANS AVENUE & PECOS STREET SOUTH,4,4,0,0,1,3,,0,30,0,0,0,0,0,4,2,1
,2016_33669,39.678525,-104.9640525,7/27/2016 14:56,14:56,15,0,0,EVANS AVENUE 2000 BLOCK EAST & RACE STREET SOUTH,1,1,0,7,1,4,,0,30,0,0,0,0,0,4,2,14
,2016_33670,39.678372,-104.9508135,8/1/2016 17:25,17:25,3,0,0,EVANS AVENUE EAST & STREET PAUL STREET SOUTH,1,1,0,7,1,1,,0,30,0,0,0,0,0,4,2,16
,2016_33671,39.679263,-105.0459435,4/1/2016 7:45,7:45,6,0,0,EVANS AVENUE & VRAIN STREET SOUTH,1,1,0,0,1,4,,0,,0,0,0,0,0,4,3,12
,2016_33672,39.711186,-104.892912,7/12/2016 11:16,11:16,1,0,0,FAIRMOUNT DRIVE SOUTH & ALAMEDA AVENUE EAST,1,1,1,7,1,1,,0,30,0,0,0,0,0,4,2,16
,2016_33673,39.7170765,-104.8955513,7/28/2016 8:10,8:10,12,0,0,FAIRMOUNT DRIVE EAST & LOWRY BOULEVARD EAST,1,1,0,0,1,6,,0,15,0,0,0,0,0,4,2,13
,2016_33674,39.761388,-105.018201,12/18/2016 17:49,17:49,6,0,0,FIFE COURT NORTH & ARGYLE PLACE WEST,5,3,1,0,1,4,,0,25,0,0,0,0,0,4,2,13
,2016_33675,39.689442,-105.034365,5/28/2016 23:04,23:04,14,0,0,FLORIDA AVENUE WEST & LOWELL BOULEVARD SOUTH,1,3,0,0,6,3,,0,35,0,0,0,0,0,4,3,14
,2016_33676,39.689451,-105.0355305,5/22/2016 17:28,17:28,12,0,0,FLORIDA AVENUE WEST & MEADE STREET SOUTH,1,1,0,7,1,1,,0,30,0,0,0,0,0,4,2,3
,2016_33677,39.689316,-104.950035,4/29/2016 11:44,11:44,3,0,0,FLORIDA AVENUE EAST & STEELE STREET SOUTH,2,1,0,1,1,1,,0,25,0,0,0,0,0,4,2,14
,2016_33679,39.716577,-104.9951745,7/3/2016 18:15,18:15,3,0,0,FOX STREET NORTH & ELLSWORTH AVENUE WEST,1,1,0,7,1,1,,0,25,0,0,0,0,1,4,2,16
,2016_33680,39.707469,-104.968701,2/19/2016 7:46,7:46,15,0,0,FRANKLIN STREET 400 BLOCK SOUTH & VIRGINIA AVENUE,1,1,0,0,1,4,,0,30,0,0,0,0,0,4,2,13
,2016_33681,39.654279,-104.8988205,11/15/2016 17:14,17:14,1,0,0,GIRARD AVENUE EAST & TAMARAC DRIVE SOUTH,1,3,0,7,1,1,,0,35,0,0,0,0,1,4,2,16
,2016_33682,39.833838,-104.7468689,6/21/2016 3:00,3:00,4,0,0,PENA BOULEVARD & E470,1,3,0,0,1,4,,0,55,0,0,0,0,0,4,1,13
,2016_33683,39.741894,-104.9832,5/20/2016 17:10,17:10,12,0,0,GRANT STREET 1600 BLOCK NORTH & 16TH AVENUE EAST,1,1,1,7,1,4,,0,30,0,0,0,0,0,4,3,16
,2016_33684,39.74004,-104.983596,6/18/2016 21:42,21:42,15,0,0,GRANT STREET 1400 BLOCK NORTH & COLFAX AVENUE EAST,1,3,0,7,1,4,,0,30,0,0,0,0,1,4,2,5
,2016_33686,39.616758,-105.0716205,1/7/2016 15:13,15:13,12,0,0,GRANT RANCH BOULEVARD WEST & DORADO DRIVE WEST,1,1,0,0,1,1,,0,30,0,0,0,0,0,4,2,3
,2016_33687,39.68838,-105.013818,12/1/2016 7:48,7:48,3,0,0,GUNNISON DRIVE WEST & VALLEJO STREET SOUTH,1,1,0,7,1,1,,0,30,0,0,0,0,0,4,2,3
,2016_33688,39.783654,-104.764914,1/26/2016 15:20,15:20,3,0,0,GREEN VALLEY RANCH BOULEVARD EAST & ARGONNE STREET NORTH,1,1,0,0,1,1,,0,40,0,0,0,0,1,4,3,3
,2016_33689,39.78378,-104.80176,11/2/2016 16:15,16:15,12,0,0,GREEN VALLEY RANCH BOULEVARD 15800 BLOCK EAST & KITTREDGE STREET NORTH,1,1,0,7,1,4,,0,40,0,0,0,0,1,4,3,3
,2016_33690,39.783762,-104.798043,7/29/2016 16:05,16:05,12,0,0,GREEN VALLEY RANCH BOULEVARD EAST & MEMPHIS STREET NORTH,1,1,0,7,1,1,,0,40,0,0,0,0,0,4,2,3
,2016_33691,39.783762,-104.798043,10/27/2016 11:31,11:31,12,0,0,GREEN VALLEY RANCH BOULEVARD EAST & MEMPHIS STREET NORTH,1,1,1,7,1,2,,0,40,0,0,0,0,0,4,2,4
,2016_33692,39.670767,-104.934591,12/11/2016 7:30,7:30,6,0,0,HARVARD AVENUE 4500 BLOCK EAST & CHERRY STREET SOUTH,4,1,1,2,1,4,,0,25,0,0,0,0,0,4,2,13
,2016_33693,39.798387,-104.866074,6/17/2016 15:00,15:00,12,0,0,HAVANA STREET NORTH & 56TH AVENUE EAST,1,1,0,7,1,1,,0,35,0,0,0,0,0,4,2,16
,2016_33694,39.77813658,-104.9223064,1/18/2016 3:56,3:56,6,0,1,HOLLY STREET & 1700 BLOCK SOUTH,1,3,0,0,1,4,,0,35,0,0,0,0,2,4,3,12
,2016_33695,39.77813658,-104.9223064,1/4/2016 11:50,11:50,10,0,0,HOLLY STREET & 4700 BLOCK NORTH,1,1,0,0,1,2,,0,30,0,0,0,0,0,4,2,7
,2016_33696,39.711204,-104.9222835,5/15/2016 22:10,22:10,3,0,0,HOLLY STREET SOUTH & ALAMEDA AVENUE EAST,2,3,0,1,1,1,,0,35,0,0,0,0,0,4,2,12
,2016_33697,39.77661608,-105.0287715,7/13/2016 6:00,6:00,6,0,0,HOOKER STREET & 200 BLOCK SOUTH,1,1,1,0,1,4,,0,25,0,0,0,0,0,4,2,13
,2016_33698,39.732048,-104.969484,7/25/2016 2:15,2:15,6,0,0,HUMBOLDT STREET NORTH & 10TH AVENUE EAST,1,4,0,0,1,4,,0,30,0,0,0,0,0,4,3,13
,2016_33699,39.740976,-104.9697315,11/10/2016 14:30,14:30,3,0,0,HUMBOLDT STREET NORTH & PARK AVENUE WEST,1,1,0,0,1,1,,0,30,0,0,0,0,1,4,2,8
,2016_33700,39.674835,-104.912973,8/14/2016 0:08,0:08,12,0,0,ILIFF AVENUE EAST & MONACO STREET SOUTH,1,3,0,0,1,3,,0,35,0,0,0,0,0,4,2,5
,2016_33701,39.717459,-104.987502,2/16/2016 16:10,16:10,6,0,0,IRVINGTON PLACE WEST & BROADWAY STREET SOUTH,1,1,0,0,1,4,,0,5,0,0,0,0,0,4,2,5
,2016_33702,39.76185884,-104.9187495,2/4/2016 15:20,15:20,6,0,0,JASMINE STREET & 1600 BLOCK NORTH,4,1,0,2,1,2,,0,20,0,0,0,0,0,4,2,13
,2016_33703,39.651102,-104.8848435,7/20/2016 15:55,15:55,14,0,1,JEFFERSON AVENUE 8900 BLOCK EAST & YOSEMITE STREET SOUTH,1,1,0,0,1,3,,0,,0,0,0,0,2,4,2,13
,2016_33704,39.724128,-104.9582655,5/9/2016 18:15,18:15,15,0,0,JOSEPHINE STREET NORTH & FIFTH AVENUE EAST,1,1,0,7,1,1,,0,30,0,0,0,0,0,4,2,16
,2016_33705,39.7368,-104.9586435,4/1/2016 13:55,13:55,12,0,0,JOSEPHINE STREET NORTH & 13TH AVENUE EAST,1,1,0,2,1,1,,0,30,0,0,0,0,0,4,3,14
,2016_33706,39.781953,-104.9592915,7/15/2016 14:40,14:40,5,0,0,YORK & 47TH AVENUE EAST,2,1,0,1,3,5,,0,25,0,0,0,0,0,4,1,13
,2016_33707,39.738456,-105.0001605,3/24/2016 15:57,15:57,1,0,0,KALAMATH STREET & 14TH AVENUE WEST,1,1,1,0,1,1,,0,30,0,0,0,0,0,4,2,13
,2016_33708,39.77621548,-104.917577,5/4/2016 11:37,11:37,6,0,0,KEARNEY STREET & 400 BLOCK NORTH,1,1,1,0,1,4,,0,25,0,0,0,0,0,4,2,14
,2016_33709,39.743937,-105.03306,11/2/2016 8:00,8:00,1,0,1,KING STREET NORTH & 17TH AVENUE WEST,1,1,0,7,1,1,,0,30,0,0,0,1,2,4,2,16
,2016_33710,39.785769,-104.858271,11/14/2016 16:05,16:05,12,0,0,KINGSTON STREET 4900 BLOCK NORTH & 51ST AVENUE EAST,1,1,0,7,1,4,,0,35,0,0,0,0,0,4,2,3
,2016_33711,39.718152,-105.032484,4/12/2016 18:40,18:40,12,0,0,KNOX COURT NORTH & FIRST AVENUE WEST,1,1,0,7,1,3,,0,25,0,0,0,0,0,4,2,16
,2016_33712,39.683511,-105.032736,8/26/2016 17:20,17:20,3,0,0,KNOX CT/KING STREET ALLEY & 10TH AVENUE,1,1,0,0,1,5,,0,10,0,0,0,0,0,4,2,1
,2016_33713,39.74598613,-104.9998826,9/2/2016 18:50,18:50,5,0,0,LAWRENCE STREET & 1600 BLOCK,1,1,0,0,1,2,,0,,0,0,0,0,0,4,1,3
,2016_33714,39.71835,-104.9862735,4/9/2016 13:14,13:14,15,0,0,LINCOLN STREET NORTH & FIRST AVENUE EAST,1,1,0,0,1,4,,0,30,0,0,0,0,0,4,2,13
,2016_33715,39.744801,-104.9861205,6/15/2016 16:55,16:55,15,0,0,LINCOLN STREET NORTH & 18TH AVENUE EAST,1,1,0,0,1,4,,0,35,0,0,0,0,0,4,2,13
,2016_33716,39.725649,-104.986314,4/28/2016 10:17,10:17,3,0,0,LINCOLN STREET NORTH & SPEER BOULEVARD EAST,2,1,1,0,1,1,,0,35,0,0,0,0,0,4,2,7
,2016_33717,39.7321561,-105.0016154,2/23/2016 7:53,7:53,15,0,0,LIPAN STREET & 700 BLOCK NORTH,1,1,1,0,1,4,,0,20,0,0,0,0,0,4,2,13
,2016_33718,39.674853,-105.0017535,6/21/2016 7:30,7:30,10,0,0,LIPAN STREET 2300 BLOCK SOUTH & ILIFF AVENUE WEST,1,1,0,0,1,4,,0,25,0,0,0,0,0,4,2,13
,2016_33719,39.74004,-104.982363,6/18/2016 19:00,19:00,12,0,0,LOGAN STREET NORTH & COLFAX AVENUE EAST,1,1,0,0,1,2,,0,30,0,0,0,0,0,4,2,13
,2016_33720,39.701988,-104.982795,7/28/2016 12:26,12:26,12,0,0,LOGAN STREET 700 BLOCK SOUTH & OHIO AVENUE EAST,1,1,1,7,1,4,,0,30,0,0,0,0,0,4,3,3
,2016_33721,39.701988,-104.982795,11/8/2016 9:19,9:19,12,0,0,LOGAN STREET SOUTH & OHIO AVENUE EAST,1,1,0,7,1,3,,0,30,0,0,0,0,0,4,3,14
,2016_33722,39.692925,-104.944203,9/15/2016 7:59,7:59,3,0,0,LOUISIANA AVENUE EAST & GARFIELD STREET SOUTH,1,1,0,0,1,1,,0,25,0,0,0,0,0,4,2,13
,2016_33723,39.693105,-105.039072,8/12/2016 10:00,10:00,3,0,0,LOUISIANA AVENUE WEST & PATTON COURT SOUTH,1,1,0,7,1,1,,0,30,0,0,0,0,0,4,2,16
,2016_33724,39.693006,-104.9804415,7/20/2016 8:12,8:12,12,0,0,LOUISIANA AVENUE 500 BLOCK EAST & PEARL STREET SOUTH,1,1,0,7,1,3,,0,30,0,0,0,0,0,4,2,1
,2016_33725,39.76552276,-105.0346227,1/15/2016 15:11,15:11,15,0,0,LOWELL BOULEVARD & 1500 BLOCK NORTH,1,1,1,0,1,4,,0,25,0,0,0,0,0,4,2,13
,2016_33726,39.66336,-105.03477,1/31/2016 18:30,18:30,12,0,0,LOWELL BOULEVARD SOUTH & AMHERST AVENUE WEST,4,4,1,2,1,3,,0,25,0,0,0,0,0,4,2,14
,2016_33727,39.706758,-105.03504,4/1/2016 21:09,21:09,6,0,0,LOWELL BOULEVARD SOUTH & CUSTER PLACE WEST,1,3,0,0,1,4,,0,25,0,0,0,0,0,4,2,5
,2016_33728,39.7172835,-104.8960418,9/24/2016 8:10,8:10,10,0,0,LOWRY BOULEVARD EAST & RAMPART WAY NORTH,1,1,0,0,1,1,,0,25,0,0,0,0,0,4,2,8
,2016_33729,39.78252882,-104.9717383,1/20/2016 0:00,0:00,6,0,0,MARION STREET & 1311,1,4,0,0,1,4,,0,,0,0,0,0,0,4,2,13
,2016_33730,39.741642,-104.9721525,8/24/2016 14:14,14:14,12,0,0,MARION STREET NORTH & 16TH AVENUE EAST,2,1,1,1,1,4,,0,25,0,0,0,0,0,4,2,8
,2016_33731,39.75031845,-104.9977268,4/8/2016 18:42,18:42,15,0,0,MARKET STREET & 1600 BLOCK,1,2,0,0,1,4,,0,25,0,0,0,0,0,4,2,1
,2016_33732,39.782619,-105.0357915,6/16/2016 21:30,21:30,6,0,0,MEADE STREET & 3700 BLOCK NORTH,1,3,0,0,1,4,,0,25,0,0,0,0,0,4,2,13
,2016_33733,39.760038,-104.865813,3/18/2016 22:21,22:21,12,0,0,MLK BOULEVARD & HAVANA STREET NORTH,1,3,0,7,1,3,,0,,0,0,0,0,0,4,2,14
,2016_33734,39.760038,-104.865813,12/5/2016 11:34,11:34,3,0,0,MLK BOULEVARD & HAVANA STREET NORTH,1,1,1,7,1,1,,0,35,0,0,0,0,0,4,2,16
,2016_33735,39.762018,-104.959773,1/31/2016 19:20,19:20,3,0,0,MLK BOULEVARD & YORK STREET NORTH,2,3,0,2,1,1,,0,30,0,0,0,0,1,4,2,3
,2016_33736,39.735108,-104.912811,7/19/2016 17:09,17:09,12,0,0,MONACO STREET NORTH & 12TH AVENUE EAST,1,1,0,7,1,4,,0,30,0,0,0,0,1,4,2,4
,2016_33737,39.711366,-104.912964,2/20/2016 6:59,6:59,3,0,0,MONACO STREET SOUTH & ALAMEDA AVENUE EAST,1,1,0,7,1,1,,0,35,0,0,0,0,0,4,2,1
,2016_33738,39.713094,-104.9129415,12/22/2016 22:11,22:11,8,0,0,MONACO STREET & CEDAR AVENUE,1,3,0,0,1,3,,0,30,0,0,0,0,0,4,4,13
,2016_33739,39.691422,-104.912901,11/2/2016 8:57,8:57,6,0,0,MONACO STREET 1300 BLOCK SOUTH & CHERRY CREEK NORTH DRIVE EAST,1,1,0,0,1,4,,0,35,0,0,0,0,0,4,2,10
,2016_33740,39.678435,-104.9127435,2/5/2016 8:21,8:21,6,0,0,MONACO STREET SOUTH & EVANS AVENUE EAST,2,1,0,0,1,4,,0,35,0,0,0,0,0,4,2,13
,2016_33741,39.69846,-104.9129235,10/9/2016 11:30,11:30,12,0,0,MONACO STREET SOUTH & TENNESSEE AVENUE EAST,1,1,0,7,1,1,,0,40,0,0,0,0,0,4,2,16
,2016_33742,39.667626,-104.912964,3/23/2016 8:30,8:30,12,0,0,MONACO STREET 2600 BLOCK SOUTH & YALE STREET,4,1,0,2,1,3,,0,35,0,0,0,0,1,4,2,16
,2016_33743,39.73925455,-105.0213076,2/23/2016 2:14,2:14,6,0,0,MORRISON ROAD & 3900 BLOCK SOUTHWEST,2,3,0,2,1,4,,0,35,0,0,0,0,0,4,5,5
,2016_33744,39.700404,-105.0481305,6/20/2016 7:25,7:25,3,0,0,MORRISON ROAD & KENTUCKY AVENUE WEST,1,1,0,0,1,1,,0,35,0,0,0,0,0,4,2,13
,2016_33745,39.702204,-105.027534,1/14/2016 15:47,15:47,3,0,0,OHIO AVENUE WEST & HAZEL COURT SOUTH,1,1,0,0,1,1,,0,25,0,0,0,0,0,4,4,5
,2016_33746,39.78740365,-105.0051105,10/21/2016 12:18,12:18,12,0,0,OSAGE STREET & 3700 BLOCK NORTH,1,1,0,0,1,3,,0,30,0,0,0,0,0,4,2,13
,2016_33747,39.736863,-105.005322,3/14/2016 12:28,12:28,3,0,0,OSAGE STREET NORTH & 13TH AVENUE WEST,1,1,1,0,1,1,,0,30,0,0,0,0,0,4,2,16
,2016_33748,39.720744,-104.898906,5/10/2016 18:12,18:12,3,0,0,FIRST PLACE EAST & RAMPART WAY NORTH,2,1,1,7,1,1,,0,25,0,0,0,0,0,4,2,3
,2016_33749,39.771882,-104.768091,2/7/2016 19:05,19:05,5,0,0,40TH PLACE EAST & ANDES WAY NORTH,5,3,0,7,2,4,,0,25,0,0,0,0,0,4,1,1
,2016_33750,39.746178,-104.976576,6/15/2016 19:15,19:15,1,0,0,PARK AVENUE WEST & 19TH AVENUE,1,1,0,0,1,1,,0,30,0,0,0,0,0,4,2,13
,2016_33751,39.755745,-104.989014,5/16/2016 9:55,9:55,10,0,0,PARK AVENUE WEST & LARIMER STREET,2,1,0,1,1,1,,0,30,0,0,0,0,0,4,2,8
,2016_33752,39.755088,-104.988114,11/23/2016 10:00,10:00,6,0,0,PARK AVENUE WEST & LAWRENCE STREET,1,1,0,0,1,4,,0,30,0,0,0,0,0,4,2,13
,2016_33753,39.752667,-104.98743,3/19/2016 20:32,20:32,10,0,0,BROADWAY NORTH & 22ND STREET,1,3,0,0,1,1,,0,30,0,0,0,0,0,4,2,8
,2016_33754,39.729042,-104.979951,10/26/2016 7:37,7:37,10,0,0,PEARL STREET NORTH & EIGHTH AVENUE EAST,1,1,1,0,1,1,,0,30,0,0,0,0,0,4,2,14
,2016_33755,39.771738,-105.0064335,7/1/2016 1:10,1:10,6,0,0,PECOS NORTH & 40TH AVENUE WEST,2,3,0,1,1,4,,0,25,0,0,0,0,0,4,2,5
,2016_33756,39.83358199,-104.7220845,3/10/2016 18:59,18:59,12,0,0,PENA BOULEVARD 7500 BLOCK & MM 7,1,3,0,7,1,4,,0,65,0,0,0,0,0,4,2,8
,2016_33757,39.844602,-104.6809395,11/25/2016 22:45,22:45,4,0,2,PENA BOULEVARD & 7400 BLOCK APPROXIMATELY,1,3,0,0,1,4,,1,65,0,0,0,0,2,4,2,7
,2016_33758,39.844602,-104.6809395,7/31/2016 21:24,21:24,12,0,0,PENA BOULEVARD & 8200,1,3,0,0,1,4,,0,35,0,0,0,0,0,4,2,7
,2016_33759,39.844602,-104.6809395,4/25/2016 21:59,21:59,6,0,0,PENA BOULEVARD & 8400 BLOCK,1,3,0,0,1,4,,0,10,0,0,0,0,0,4,2,13
,2016_33760,39.844602,-104.6809395,5/6/2016 10:40,10:40,15,0,0,PENA BOULEVARD 4000 BLOCK & 40TH AVENUE EAST,1,1,1,7,1,4,,0,65,0,0,0,0,0,4,2,8
,2016_33761,39.798396,-104.786415,11/1/2016 15:25,15:25,1,0,0,PENA BOULEVARD & 56TH AVENUE EAST,1,1,0,0,1,1,,0,40,0,0,0,0,0,4,2,5
,2016_33762,39.83358199,-104.7220845,12/11/2016 5:43,5:43,5,0,0,PENA BOULEVARD 7500 BLOCK & 75TH AVENUE EAST,4,3,0,2,3,4,,0,65,0,0,0,0,0,4,1,1
,2016_33763,39.834405,-104.715504,3/23/2016 7:00,7:00,15,0,0,PENA BOULEVARD 23100 BLOCK & GUN CLUB ROAD,4,3,1,2,1,4,,0,65,0,0,0,0,0,4,2,16
,2016_33764,39.844602,-104.6809395,2/2/2016 9:30,9:30,5,0,0,PENA BOULEVARD 7700 & PENA BOULEVARD CIRCLE RETURN LOOP,4,5,1,0,2,4,,0,45,0,0,0,0,0,4,1,14
,2016_33765,39.83338151,-104.771988,1/19/2016 16:25,16:25,15,0,0,PENA BOULEVARD & TOWER ROAD,1,1,0,0,1,4,,0,45,0,0,0,0,0,4,2,14
,2016_33766,39.777255,-104.8460535,7/11/2016 15:35,15:35,15,0,0,PEORIA STREET 4400 BLOCK NORTH & 45TH AVENUE EAST,1,1,0,7,1,4,,0,35,0,0,0,0,0,4,3,16
,2016_33767,39.784005,-104.84712,1/13/2016 11:40,11:40,1,0,0,PEORIA STREET NORTH & ALBROOK DRIVE EAST,1,1,0,0,1,1,,0,40,0,0,0,0,0,4,2,13
,2016_33768,39.786219,-104.8469715,3/15/2016 7:30,7:30,15,0,0,PEORIA STREET NORTH & ANDREWS DRIVE EAST,1,1,0,0,1,1,,0,45,0,0,0,0,0,4,2,3
,2016_33769,39.774204,-104.84712,3/30/2016 15:51,15:51,12,0,0,NORTHBOUND NORTH PEORIA STREET & I70 HIGHWAY EASTBOUND,2,1,0,2,1,3,,0,35,0,0,0,0,0,4,2,16
,2016_33770,39.678462,-104.9976135,5/19/2016 14:33,14:33,12,0,0,PLATTE RIVER DRIVE SOUTH & EVANS AVENUE WEST,1,1,0,7,1,3,,0,30,0,0,0,0,0,4,2,10
,2016_33771,39.77171824,-104.90281,10/16/2016 3:12,3:12,12,0,0,QUEBEC STREET & 1100 BLOCK NORTH,1,3,0,0,1,3,,0,30,0,0,0,0,0,4,2,14
,2016_33772,39.754728,-104.9034015,12/14/2016 13:48,13:48,12,0,0,QUEBEC STREET NORTH & 26TH AVENUE EAST,1,1,0,7,1,1,,0,35,0,0,0,0,0,4,2,16
,2016_33773,39.711348,-104.9035005,11/23/2016 19:40,19:40,12,0,0,QUEBEC STREET 200 BLOCK SOUTH & ALAMEDA AVENUE EAST,1,3,0,7,1,3,,0,35,0,0,0,0,1,4,2,16
,2016_33774,39.742596,-104.90346,7/25/2016 15:16,15:16,3,0,0,QUEBEC STREET NORTH & BATAVIA PLACE EAST,1,1,0,0,1,1,,0,30,0,0,0,0,1,4,2,14
,2016_33775,39.684987,-104.9035905,6/12/2016 18:15,18:15,15,0,0,QUEBEC STREET SOUTH & CHERRY CREEK SOUTH DRIVE EAST,1,1,0,7,1,4,,0,25,0,0,0,0,0,4,2,16
,2016_33776,39.747438,-104.90346,9/29/2016 15:00,15:00,14,0,0,QUEBEC STREET NORTH & MONTVIEW BOULEVARD EAST,1,1,0,0,1,3,,0,40,0,0,0,0,0,4,2,13
,2016_33777,39.730032,-104.9034735,4/29/2016 12:53,12:53,12,0,0,QUEBEC STREET NORTH & EIGHTH PLACE EAST,2,1,2,2,1,3,,0,30,0,0,0,0,0,4,3,7
,2016_33779,39.63861,-104.899284,1/26/2016 6:44,6:44,3,0,0,QUICY AVENUE EAST & SYRACUSE STREET SOUTH,1,3,0,0,1,2,,0,35,0,0,0,0,1,4,2,13
,2016_33780,39.637341,-105.037164,8/6/2016 10:02,10:02,6,0,0,QUIGLEY DRIVE WEST & NEWTON STREET SOUTH,1,1,0,0,1,4,,0,25,0,0,0,0,0,4,2,14
,2016_33781,39.735189,-104.963184,4/4/2016 21:50,21:50,6,0,0,RACE STREET 1200 BLOCK NORTH & 13TH AVENUE EAST,1,3,0,0,1,4,,0,25,0,0,0,0,0,4,3,13
,2016_33783,39.751182,-105.041673,6/29/2016 17:35,17:35,3,0,1,RALEIGH STREET NORTH & 23RD AVENUE WEST,1,1,1,0,1,1,,0,25,0,0,0,1,2,4,2,13
,2016_33784,39.738321,-104.917248,8/1/2016 9:15,9:15,3,0,0,14TH AVENUE EAST & KEARNEY STREET NORTH,1,1,0,7,1,1,,0,25,0,0,0,0,0,4,2,16
,2016_33785,39.754323,-105.006564,2/3/2016 9:25,9:25,3,0,0,15TH STREET & LITTLE RAVEN STREET,4,1,0,7,1,1,,0,30,0,0,0,0,0,4,2,16
,2016_33786,39.745845,-104.9930325,4/28/2016 8:16,8:16,6,0,0,16TH STREET 700 BLOCK & STOUT STREET,1,1,0,0,1,4,,0,15,0,0,0,0,0,4,2,13
,2016_33787,39.748797,-104.9944635,11/18/2016 11:27,11:27,15,0,0,17TH STREET 1200 BLOCK & ARAPAHOE STREET,2,1,0,7,1,4,,0,30,0,0,0,0,0,4,2,16
,2016_33788,39.746106,-104.9909715,3/18/2016 9:04,9:04,15,0,0,17TH STREET 600 BLOCK & CALIFORNIA STREET,5,1,0,2,1,4,,0,25,0,0,0,0,0,4,2,16
,2016_33789,39.7611,-105.0104925,1/30/2016 20:10,20:10,6,0,0,17TH STREET & ERIE STREET,2,3,1,2,1,4,,0,30,0,0,0,0,0,4,2,14
,2016_33790,39.752154,-104.9988465,11/1/2016 18:20,18:20,6,0,0,17TH STREET & WAZEE STREET,1,2,0,0,1,3,,0,30,0,0,0,0,0,4,3,7
,2016_33791,39.752001,-104.9938155,4/23/2016 22:04,22:04,15,0,0,19TH STREET & LARIMER STREET,1,3,0,7,1,1,,0,30,0,0,0,0,0,4,2,14
,2016_33792,39.758787,-105.0026535,3/6/2016 15:27,15:27,6,0,0,19TH STREET 2200 BLOCK & LITTLE RAVEN STREET,1,1,0,0,1,4,,0,25,0,0,0,0,0,4,2,1