id,drcog_id,latitude,longitude,crashtime,time,crashtype,numbkilled,numbinjurd,drcoglocat,rdconditin,lightngcon,roadcntgrd,weatherco,location,roaddescrp,schoolzone,constrzone,splimit,bikeinv,pedinv,sctrinv,motoinv,svrty,rdsystem,ttlvehcls,hcf
,2016_33793,39.750912,-104.9899545,2/29/2016 7:46,7:46,10,0,0,20TH STREET & CURTIS STREET,1,1,0,0,1,3,,0,30,0,0,0,0,0,4,2,8
,2016_33794,39.752946,-104.992614,2/7/2016 23:00,23:00,12,0,0,20TH STREET & LARIMER STREET,1,3,1,7,1,3,,0,30,0,0,0,0,0,4,2,5
,2016_33795,39.759579,-105.0017805,6/13/2016 8:25,8:25,12,0,0,20TH STREET 2200 BLOCK & LITTLE RAVEN STREET,1,1,1,7,1,4,,0,30,0,0,0,0,0,4,2,6
,2016_33796,39.75417,-104.9893335,11/25/2016 13:00,13:00,3,0,0,22ND STREET & LAWRENCE STREET,1,1,0,7,1,1,,0,30,0,0,0,0,0,4,2,16
,2016_33797,39.753576,-104.9813325,7/23/2016 15:27,15:27,3,0,0,25TH STREET & CALIFORNIA STREET,1,1,0,0,1,1,,0,25,0,0,0,0,0,4,2,13
,2016_33798,39.77208923,-104.9765841,10/2/2016 2:11,2:11,15,0,0,26TH STREET & BRIGHTON BOULEVARD,1,3,0,7,1,4,,0,35,0,0,0,1,0,4,2,14
,2016_33799,39.765843,-104.988492,8/16/2016 15:50,15:50,3,0,0,29TH STREET & ARKINS COURT,1,1,1,0,1,1,,0,30,0,0,0,0,0,4,3,13
,2016_33800,39.770298,-104.9789115,8/10/2016 17:10,17:10,3,0,0,35TH STREET & BRIGHTON BOULEVARD NORTH,1,1,0,0,1,1,,0,25,0,0,0,0,0,4,2,8
,2016_33801,39.768543,-104.974173,7/4/2016 17:23,17:23,3,0,0,36TH STREET & WALNUT STREET,1,1,0,7,1,1,,0,30,0,0,0,0,0,4,2,8
,2016_33802,39.727305,-104.9986125,6/25/2016 23:26,23:26,15,0,0,SANTA FE DRIVE NORTH & SEVENTH AVENUE WEST,1,3,0,0,1,3,,0,30,0,0,0,0,0,4,2,8
,2016_33803,39.711186,-104.997132,4/21/2016 4:05,4:05,10,0,0,SANTA FE DRIVE SOUTH & ALAMEDA AVENUE WEST,1,3,0,0,1,1,,0,30,0,0,0,0,0,4,2,13
,2016_33804,39.771774,-104.903442,11/11/2016 11:15,11:15,3,0,0,SMITH ROAD EAST & QUEBEC STREET NORTH,1,1,0,7,1,1,,0,35,0,0,0,0,0,4,2,16
,2016_33805,39.720105,-104.9775525,2/16/2016 19:42,19:42,10,0,0,SPEER BOULEVARD EAST & CLARKSON STREET NORTH,1,3,0,0,1,1,,0,35,0,0,0,0,0,4,2,8
,2016_33806,39.762342,-105.029091,12/2/2016 19:36,19:36,12,0,0,SPEER BOULEVARD NORTH & GROVE STREET NORTH,1,3,0,7,1,1,,0,35,0,0,0,0,0,4,2,5
,2016_33807,39.722616,-104.982624,6/27/2016 10:28,10:28,12,0,0,SPEER BOULEVARD EAST & LOGAN STREET NORTH,1,1,0,7,1,3,,0,30,0,0,0,0,0,4,2,16
,2016_33808,39.750192,-105.0047415,2/25/2016 15:20,15:20,12,0,0,SPEER BOULEVARD NORTH & WEWATTA STREET,1,1,0,7,1,4,,0,30,0,0,0,0,0,4,3,14
,2016_33809,39.779757,-104.9317335,1/28/2016 5:45,5:45,3,0,0,STAPLETON DRIVE NORTH & DAHLIA STREET NORTH,1,4,0,7,1,1,,0,30,0,0,0,0,0,4,2,14
,2016_33810,39.777975,-104.917599,3/9/2016 18:13,18:13,10,0,0,STAPLETON SOUTH DRIVE EAST & KEARNEY STREET NORTH,1,3,0,0,1,1,,0,40,0,0,0,0,0,4,2,14
,2016_33811,39.79281162,-104.9487031,4/29/2016 13:40,13:40,6,0,0,STEELE 100 BLOCK NORTH & ADAMS STREET ALLEY,2,1,0,2,1,5,,0,15,0,0,0,0,0,4,2,14
,2016_33812,39.74001,-104.99202,8/2/2016 19:00,19:00,6,0,0,STREET PAUL STREET & 1374 NORTH,1,1,0,0,1,3,,0,30,0,0,0,0,0,4,2,1
,2016_33815,39.62565,-104.899581,6/27/2016 12:43,12:43,12,0,0,SYRACUSE STREET SOUTH & SYRACUSE CIRCLE EAST,1,1,0,7,1,4,,0,30,0,0,0,0,0,4,2,3
,2016_33816,39.657474,-104.900085,8/10/2016 13:31,13:31,15,0,0,TAMARAC STREET 3100 BLOCK SOUTH & EASTMAN AVENUE EAST,1,1,1,0,1,3,,0,30,0,0,0,0,0,4,2,13
,2016_33817,39.764421,-105.011181,11/8/2016 8:50,8:50,6,0,0,TEJON STREET NORTH & 34TH AVENUE WEST,1,1,0,0,1,4,,0,30,0,0,0,0,0,4,2,13
,2016_33818,39.77699651,-104.7816707,10/28/2016 18:30,18:30,12,0,0,TELLURIDE COURT 4400 BLOCK NORTH & 45TH AVENUE EAST,1,3,0,7,1,4,,0,30,0,0,0,0,1,4,2,16
,2016_33819,39.698433,-104.910543,4/9/2016 0:04,0:04,6,0,0,TENNESSEE AVENUE EAST & NIAGARA STREET SOUTH,1,3,0,0,1,4,,0,35,0,0,0,0,0,4,3,5
,2016_33820,39.693123,-105.043743,7/21/2016 15:49,15:49,9,0,1,TENNYSON STREET SOUTH & LOUISIANA AVENUE WEST,1,1,0,7,1,1,,0,25,0,0,0,1,2,4,1,1
,2016_33821,39.7944,-104.838201,1/31/2016 4:00,4:00,6,0,0,TULSA WAY NORTH & LACKLAND DRIVE EAST,2,3,0,2,1,4,,0,25,0,0,0,0,0,4,3,13
,2016_33822,39.737259,-104.892876,12/27/2016 23:40,23:40,3,0,0,UINTA STREET NORTH & 13TH AVENUE EAST,1,3,0,7,1,1,,0,,0,0,0,0,0,4,2,16
,2016_33823,39.787029,-104.893227,6/8/2016 11:40,11:40,15,0,0,UINTA STREET & 49TH PLACE EAST,1,1,0,0,1,5,,0,10,0,0,0,0,0,4,2,14
,2016_33824,39.629457,-104.895333,6/6/2016 17:17,17:17,12,0,0,ULSTER STREET 4600 BLOCK SOUTH & UNION AVENUE EAST,2,1,0,1,1,1,,0,30,0,0,0,0,0,4,2,3
,2016_33825,39.631356,-104.8923,4/21/2016 15:30,15:30,1,0,0,UNION AVENUE EAST & DTC BOULEVARD SOUTH,1,1,0,7,1,1,,0,35,0,0,0,0,0,4,2,16
,2016_33826,39.678363,-104.959404,6/5/2016 18:04,18:04,12,0,0,UNIVERSITY BOULEVARD SOUTH & EVANS AVENUE EAST,1,1,0,0,1,4,,0,35,0,0,0,0,1,4,2,13
,2016_33828,39.711114,-104.959305,4/14/2016 8:53,8:53,12,0,0,UNIVERSITY BOULEVARD 200 BLOCK SOUTH & ALAMEDA AVENUE EAST,1,1,0,7,1,3,,0,30,0,0,0,0,0,4,2,3
,2016_33829,39.684708,-104.9594715,4/29/2016 4:24,4:24,5,0,1,UNIVERSITY BOULEVARD SOUTH & FROM I25,2,3,0,1,2,4,,0,25,0,0,0,0,2,4,1,13
,2016_33830,39.698388,-104.959332,8/11/2016 14:40,14:40,1,0,0,UNIVERSITY BOULEVARD SOUTH & TENNESSEE AVENUE EAST,1,1,0,0,1,1,,0,30,0,0,0,0,0,4,2,13
,2016_33831,39.764826,-104.9789835,6/9/2016 17:44,17:44,10,0,0,WALNUT STREET & 32ND STREET,1,1,0,0,1,1,,0,30,0,0,0,0,1,4,2,13
,2016_33832,39.725622,-104.978754,12/1/2016 12:09,12:09,6,0,0,WASHINGTON STREET NORTH & SIXTH AVENUE EAST,1,1,1,0,1,4,,0,25,0,0,0,0,0,4,2,13
,2016_33833,39.787677,-104.97789,3/20/2016 14:54,14:54,5,0,0,WASHINGTON STREET 5000 BLOCK NORTH & 50TH AVENUE EAST,1,1,0,7,3,4,,0,35,0,0,0,0,0,4,1,14
,2016_33834,39.74133235,-104.9953824,3/6/2016 14:00,14:00,6,0,0,WELTON STREET & 1400 BLOCK,1,1,0,0,1,4,,0,30,0,0,0,0,0,4,2,15
,2016_33835,39.732966,-104.8876515,7/9/2016 21:22,21:22,6,0,0,WILLOW STREET 1100 BLOCK NORTH & 12TH AVENUE EAST,1,3,0,0,1,4,,0,25,0,0,0,0,0,4,2,3
,2016_33836,39.693159,-105.0495615,2/12/2016 13:16,13:16,3,0,0,XAVIER STREET SOUTH & LOUISIANA AVENUE WEST,1,1,0,7,1,1,,0,25,0,0,0,0,1,4,2,1
,2016_33837,39.667725,-104.9787631,2/1/2016 8:01,8:01,6,0,0,YALE AVENUE & 9900 BLOCK EAST,5,1,0,2,1,4,,0,25,0,0,0,0,0,4,2,1
,2016_33838,39.667563,-104.940711,11/27/2016 13:12,13:12,3,0,0,YALE AVENUE 4100 BLOCK EAST & COLORADO BOULEVARD SOUTH,1,1,0,7,1,1,,0,30,0,0,0,0,1,4,3,8
,2016_33839,39.667716,-105.040683,7/1/2016 14:24,14:24,3,0,0,YALE AVENUE WEST & QUITMAN STREET SOUTH,1,1,0,7,1,1,,0,25,0,0,0,0,0,4,2,7
,2016_33840,39.7821206,-104.9592915,2/1/2016 18:55,18:55,5,0,0,YORK STREET & 845 NORTH,5,3,0,2,3,4,,0,30,0,0,0,0,1,4,1,7
,2016_33841,39.728538,-104.8871835,12/12/2016 7:40,7:40,12,0,0,YOSEMITE STREET & EIGHTH AVENUE,1,1,0,0,1,2,,0,25,0,0,0,0,0,4,2,13
,2016_33842,39.640392,-104.88519,11/21/2016 11:53,11:53,15,0,0,YOSEMITE STREET 4000 BLOCK SOUTH & OXFORD DRIVE EAST,1,1,0,0,1,3,,0,35,0,0,0,0,0,4,2,7
,2016_33843,39.77539495,-105.0158122,2/26/2016 18:20,18:20,12,0,0,ZUNI STREET 4300 BLOCK NORTH & 44TH AVENUE WEST,1,3,0,7,1,3,,0,35,0,0,0,0,1,4,2,16
,2016_33844,39.783969,-105.015843,10/19/2016 2:43,2:43,6,0,0,ZUNI STREET NORTH & 48TH AVENUE WEST,1,3,0,0,1,4,,0,35,0,0,0,0,0,4,3,5
,2016_34292,39.707514,-105.0192135,9/8/2016 19:00,19:00,6,0,0,VIRGINIA AVENUE & CANOSA COURT SOUTH,1,2,0,0,1,4,,0,25,0,0,0,0,0,4,3,3
,2016_34347,39.77458519,-105.0334092,5/8/2016 20:00,20:00,6,0,0,KING STREET & 2768 SOUTH,1,3,1,0,1,3,,0,25,0,0,0,0,0,4,2,1
,2016_34366,39.798063,-104.83074,10/1/2016 9:40,9:40,5,0,0,56TH AVENUE EAST & WORCHESTER STREET NORTH,1,1,0,0,3,4,,0,40,0,0,0,0,0,4,1,2
,2016_34392,39.760029,-104.885676,9/7/2016 8:05,8:05,5,0,0,MLK BOULEVARD & XENIA STREET,2,1,0,0,3,4,,0,35,0,0,0,0,0,4,2,14
,2016_34452,39.801843,-104.76477,12/19/2016 19:51,19:51,6,0,0,58TH AVENUE & CEYLON WAY,4,3,0,0,1,4,,0,,0,0,0,0,0,4,2,13
,2016_34541,39.718152,-105.032484,12/24/2016 0:38,0:38,6,0,0,KNOX COURT NORTH & FIRST AVENUE WEST,1,3,0,0,1,4,,0,25,0,0,0,0,0,4,2,2
,2016_34552,39.798396,-104.786415,12/17/2016 2:29,2:29,5,0,0,PENA BOULEVARD NORTH & 56TH AVENUE,4,3,0,0,3,4,,0,65,0,0,0,0,0,4,1,7
,2016_34564,39.77416845,-104.8993552,6/1/2016 17:25,17:25,5,0,0,ROSEMARY STREET & 1166 NORTH,1,1,0,0,3,4,,0,25,0,0,0,0,0,4,1,6
,2016_34573,39.75897781,-104.8876117,8/17/2016 9:40,9:40,6,0,0,29TH PLACE & 7479 EAST,1,1,0,0,1,6,,0,15,0,0,0,0,0,4,2,7
,2016_34584,39.742506,-104.988681,9/3/2016 14:22,14:22,6,0,0,COURT PLACE 150 BLOCK & 16TH STREET,1,1,0,0,1,4,,0,25,0,0,0,0,0,4,2,1
,2016_34595,39.738393,-104.9718645,7/12/2016 22:20,22:20,6,0,0,14TH AVENUE EAST & MARION STREET NORTH,1,3,0,0,1,1,,0,20,0,0,0,0,0,4,2,13
,2016_34606,39.635046,-105.081804,1/6/2016 10:07,10:07,6,0,0,OLD WADSWORTH BOULEVARD SOUTH  & STANFORD AVENUE WEST,1,1,1,0,1,4,,0,25,0,0,0,0,0,4,2,2
,2016_34607,39.758499,-105.034617,1/11/2016 1:30,1:30,5,0,0,LOWELL BOULEVARD NORTH & 29TH AVENUE WEST,1,3,1,0,2,1,,0,30,0,0,0,0,0,4,1,5
,2016_34608,39.713067,-104.942556,1/11/2016 14:18,14:18,3,0,0,JACKSON STREET SOUTH & CEDAR AVENUE EAST,1,1,1,0,1,1,,0,25,0,0,0,0,0,4,2,3
,2016_34609,39.71835,-104.912784,3/13/2016 3:05,3:05,5,0,0,MONACO STREET NORTH & FIRST AVENUE EAST,1,3,0,0,3,4,,0,,0,0,0,0,0,4,1,13
,2016_34610,39.782277,-104.863284,6/24/2016 7:45,7:45,3,0,0,IRONTON STREET NORTH & 47TH AVENUE EAST,1,1,0,0,1,1,,0,35,0,0,0,0,0,4,2,1
,2016_34611,39.667698,-104.9723325,7/10/2016 20:49,20:49,5,0,0,YALE AVENUE EAST & MARION STREET SOUTH,1,3,0,0,3,3,,0,,0,0,0,0,0,4,1,13
,2016_34612,39.752343,-105.007563,7/16/2016 10:42,10:42,3,0,0,ELITCH CIRCLE & SPEER BOULEVARD,1,1,0,0,1,1,,0,35,0,0,0,0,0,4,2,3
,2016_34613,39.700242,-104.987511,7/19/2016 16:05,16:05,15,0,0,BROADWAY SOUTH & KENTUCKY AVENUE EAST,1,1,0,0,1,3,,0,,0,0,0,0,0,4,2,13
,2016_34614,39.73383,-104.986161,8/14/2016 19:20,19:20,15,0,0,LINCOLN STREET NORTH & 11TH AVENUE EAST,1,1,1,0,1,4,,0,30,0,0,0,0,0,4,2,14
,2016_34615,39.77440197,-105.0462973,8/14/2016 20:43,20:43,6,0,1,VRAIN STREET & 3100 BLOCK,1,4,0,0,1,4,,0,25,0,0,0,0,2,4,3,3
,2016_34616,39.711186,-104.892912,8/15/2016 15:47,15:47,3,0,0,ALAMEDA AVENUE EAST & FAIRMOUNT DRIVE EAST,1,1,0,0,1,1,,0,40,0,0,0,0,0,4,2,14
,2016_34617,39.736845,-104.9929335,8/17/2016 13:50,13:50,3,0,0,13TH AVENUE WEST & DELAWARE STREET NORTH,1,1,0,0,1,1,,0,30,0,0,0,0,1,4,2,13
,2016_34618,39.725622,-104.977566,8/19/2016 10:01,10:01,10,0,0,CLARKSON STREET NORTH & SIXTH AVENUE EAST,1,1,0,0,1,2,,0,30,0,0,0,0,0,4,2,8
,2016_34619,39.674826,-104.9507865,8/22/2016 16:06,16:06,6,0,0,ILIFF AVENUE EAST & SAINT PAUL STREET SOUTH,1,1,0,0,1,4,,0,25,0,0,0,0,0,4,2,7
,2016_34620,39.724146,-104.989203,8/28/2016 14:45,14:45,3,0,0,ACOMA STREET NORTH & FIFTH STREET WEST,1,1,0,0,1,1,,0,25,0,0,0,0,0,4,2,13
,2016_34621,39.711159,-104.9900175,8/29/2016 7:50,7:50,1,0,0,ALAMEDA AVENUE & BANNOCK STREET SOUTH,1,1,0,0,1,1,,0,35,0,0,0,0,1,4,2,1
,2016_34622,39.72411,-104.9546115,8/29/2016 14:28,14:28,6,0,0,FIFTH AVENUE EAST & DETROIT STREET NORTH,2,1,0,1,1,4,,0,25,0,0,0,0,0,4,2,3
,2016_34623,39.656808,-105.025203,8/31/2016 7:45,7:45,3,0,0,FLOYD AVENUE & FEDERAL BOULEVARD SOUTH,1,1,0,0,1,1,,0,45,0,0,0,0,0,4,2,13
,2016_34624,39.729087,-104.986152,1/3/2016 2:15,2:15,5,0,0,EIGHTH AVENUE 000 BLOCK EAST & LINCOLN STREET NORTH,1,3,1,0,3,1,,0,25,0,0,0,0,0,4,1,12
,2016_34625,39.743784,-104.9500395,9/1/2016 7:00,7:00,1,0,0,17TH AVENUE EAST & STEELE STREET NORTH,1,1,0,0,1,1,,0,30,0,0,0,0,0,4,2,7
,2016_34626,39.73190582,-104.9861681,9/6/2016 7:40,7:40,12,0,0,LINCOLN STREET & 1000,1,1,0,0,1,4,,0,30,0,0,0,0,1,4,2,13
,2016_34627,39.735135,-104.9787225,9/7/2016 13:45,13:45,3,0,0,12TH AVENUE EAST & WASHINGTON STREET NORTH,1,1,0,0,1,1,,0,30,0,0,0,0,0,4,2,13
,2016_34628,39.711105,-104.9745645,9/7/2016 16:15,16:15,1,0,0,ALAMEDA AVENUE EAST & CORONA STREET SOUTH,1,1,1,0,1,3,,0,30,0,0,0,0,0,4,2,13
,2016_34629,39.67308,-104.9875335,9/8/2016 7:32,7:32,15,0,0,BROADWAY SOUTH & WESLEY AVENUE EAST,1,1,0,0,1,3,,0,35,0,0,0,0,0,4,2,13
,2016_34630,39.732012,-104.9776155,9/9/2016 12:58,12:58,3,0,0,10TH AVENUE EAST & CLARKSON STREET NORTH,1,1,0,0,1,1,,0,30,0,0,0,0,0,4,2,13
,2016_34631,39.68748,-104.9383305,9/9/2016 18:27,18:27,14,0,0,IOWA AVENUE EAST & ASH STREET SOUTH,1,3,0,0,1,1,,0,25,0,0,0,1,0,4,2,7
,2016_34632,39.711141,-104.9863905,9/10/2016 2:24,2:24,12,0,0,LINCOLN STREET SOUTH & ALAMEDA AVENUE EAST,1,3,0,0,1,1,,0,,0,0,0,0,0,4,2,13
,2016_34633,39.779577,-104.8471335,9/10/2016 14:26,14:26,3,0,1,PEORIA STREET NORTH & 46TH AVENUE,1,1,0,0,1,1,,0,40,0,0,0,0,2,4,2,7
,2016_34634,39.723435,-104.983794,9/13/2016 12:09,12:09,15,0,0,GRANT STREET NORTH & SPEER BOULEVARD EAST,1,1,0,0,1,3,,0,25,0,0,0,0,0,4,2,13
,2016_34635,39.725622,-104.978754,9/13/2016 20:10,20:10,3,0,0,SIXTH AVENUE EAST & WASHINGTON STREET NORTH,1,3,0,0,1,1,,0,30,0,0,0,0,0,4,2,12
,2016_34636,39.714642,-104.941332,9/14/2016 16:02,16:02,9,0,0,BAYAUD AVENUE & HARRISON STREET,1,1,0,0,1,4,,0,30,0,0,0,0,0,4,2,13
,2016_34637,39.73725,-104.898753,9/14/2016 20:40,20:40,3,0,1,13TH AVENUE EAST & SYRACUSE STREET NORTH,1,3,0,0,1,1,,0,35,0,0,0,0,2,4,2,12
,2016_34638,39.725595,-104.945085,9/16/2016 16:07,16:07,3,0,0,SIXTH AVENUE EAST & MONROE STREET NORTH,1,1,0,0,1,1,,0,25,0,0,0,1,1,4,2,14
,2016_34639,39.693105,-105.0297345,9/25/2016 14:20,14:20,3,0,0,IRVING STREET SOUTH & LOUISIANA AVENUE WEST,1,1,0,0,1,1,,0,,0,0,0,0,0,4,2,13
,2016_34640,39.718197,-104.955831,10/3/2016 17:45,17:45,15,0,0,FIRST AVENUE & CLAYTON STREET NORTH,1,1,0,0,1,4,,0,30,0,0,0,0,1,4,2,13
,2016_34641,39.678363,-104.959404,10/4/2016 9:24,9:24,12,0,0,UNIVERSITY BOULEVARD & EVANS AVENUE EAST,1,1,0,0,1,3,,0,30,0,0,0,0,0,4,3,13
,2016_34642,39.740337,-105.0404805,10/5/2016 19:00,19:00,3,0,0,QUITMAN STREET NORTH & COLFAX AVENUE WEST APPROXIMATELY,1,2,0,0,1,2,,0,5,0,0,0,0,0,4,2,13
,2016_34643,39.748932,-105.001254,10/6/2016 16:48,16:48,10,0,0,14TH STREET & BLAKE STREET,1,1,1,0,1,1,,0,30,0,0,0,0,0,4,2,8
,2016_34645,39.729087,-104.986152,10/8/2016 7:00,7:00,3,0,0,EIGHTH AVENUE EAST & LINCOLN STREET NORTH,1,1,0,0,1,1,,0,30,0,0,0,0,1,4,2,13
,2016_34646,39.829194,-104.7809205,10/10/2016 8:00,8:00,10,0,0,PENA BOULEVARD & MM 5,1,1,0,0,1,4,,0,65,0,0,0,0,0,4,3,13
,2016_34647,39.74075314,-104.9926813,10/14/2016 11:05,11:05,15,0,0,TREMONT PLACE & 1400 BLOCK,1,1,0,0,1,4,,0,30,0,0,0,0,0,4,2,13
,2016_34648,39.689442,-105.034365,12/31/2016 19:45,19:45,15,0,0,FLORIDA AVENUE WEST & LOWELL BOULEVARD SOUTH,1,4,0,0,1,4,,0,,0,0,0,0,0,4,2,13
,2016_34649,39.67126974,-104.9801693,1/24/2016 20:07,20:07,6,0,0,FIRST AVENUE & ALLEY PEARL STREET / WASHINGTON STREET NORTH,1,3,1,0,1,5,,0,25,0,0,0,0,0,4,2,13
,2016_34650,39.718332,-104.987502,4/29/2016 7:24,7:24,14,0,0,FIRST AVENUE EAST & BROADWAY STREET,2,1,0,2,1,1,,0,25,0,0,0,0,0,4,2,1
,2016_34651,39.751182,-105.041673,4/25/2016 20:50,20:50,6,0,1,23RD AVENUE & RALEIGH STREET NORTH,1,3,0,0,1,4,,0,25,0,0,0,0,2,4,2,5
,2016_34652,39.720222,-105.0151905,4/28/2016 11:36,11:36,1,0,0,SECOND AVENUE WEST & YUMA STREET NORTH,2,1,0,1,1,1,,0,25,0,0,0,0,0,4,2,12
,2016_34653,39.720969,-104.942538,2/27/2016 10:30,10:30,3,0,0,THIRD AVENUE EAST & JACKSON STREET NORTH,1,1,0,7,1,1,,0,25,0,0,0,0,0,4,2,16
,2016_34654,39.722913,-105.0324705,5/27/2016 17:36,17:36,1,0,0,FOURTH AVENUE WEST & KNOX COURT NORTH,1,1,0,7,1,1,,0,35,0,0,0,0,1,4,2,16
,2016_34655,39.725631,-104.9874435,1/8/2016 17:40,17:40,12,0,0,SIXTH AVENUE EAST & BROADWAY STREET NORTH,4,3,0,2,1,1,,0,35,0,0,0,0,0,4,2,3
,2016_34656,39.725676,-104.994063,11/23/2016 8:42,8:42,12,0,0,SIXTH AVENUE WEST & ELATI STREET NORTH,1,1,0,7,1,3,,0,30,0,0,0,0,1,4,2,14
,2016_34657,39.725595,-104.944005,5/13/2016 15:11,15:11,15,0,0,SIXTH AVENUE EAST & GARFIELD STREET NORTH,1,1,0,7,1,4,,0,30,0,0,0,0,0,4,2,16
,2016_34658,39.725595,-104.946183,7/12/2016 16:40,16:40,12,0,0,SIXTH AVENUE EAST & MADISON STREET NORTH,1,1,0,7,1,1,,0,30,0,0,0,0,0,4,2,14
,2016_34659,39.74001,-104.99202,5/1/2016 15:40,15:40,12,0,0,14TH AVENUE & 300 BLOCK EAST,1,1,0,0,1,4,,0,,0,0,0,1,0,4,2,13
,2016_34660,39.725334,-104.912793,11/30/2016 20:35,20:35,15,0,0,SIXTH AVENUE EAST & MONACO STREET NORTH,1,3,0,0,1,1,,0,35,0,0,0,0,0,4,3,13
,2016_34661,39.725649,-105.005763,5/19/2016 9:00,9:00,12,0,0,SIXTH AVENUE WEST  & OSAGE STREET,1,1,0,0,1,4,,0,45,0,0,0,0,0,4,2,14
,2016_34662,39.729321,-105.019803,10/18/2016 16:09,16:09,3,0,0,EIGHTH AVENUE WEST & CANOSA COURT NORTH,1,1,1,0,1,1,,0,30,0,0,0,0,1,4,2,13
,2016_34663,39.729069,-104.97411,4/12/2016 8:40,8:40,15,0,0,EIGHTH AVENUE 1100 BLOCK EAST & CORONA STREET NORTH,1,1,0,7,1,4,,0,30,0,0,0,0,0,4,2,8
,2016_34664,39.729078,-104.9694525,2/17/2016 16:13,16:13,3,0,0,EIGHTH AVENUE EAST & HUMBOLDT STREET NORTH,1,1,0,7,1,1,,0,25,0,0,0,0,0,4,2,16
,2016_34665,39.729123,-104.9461965,1/8/2016 9:55,9:55,10,0,0,EIGHTH AVENUE EAST & MADISON STREET NORTH,5,1,0,2,1,1,,0,35,0,0,0,0,0,4,2,13
,2016_34666,39.728934,-104.9906115,3/3/2016 15:04,15:04,3,0,0,EIGHTH AVENUE WEST & SPEER BOULEVARD NORTH,1,1,1,0,1,1,,0,30,0,0,0,0,0,4,2,16
,2016_34667,39.73203,-104.982273,7/3/2016 1:48,1:48,5,0,0,10TH AVENUE EAST & LOGAN STREET NORTH,1,3,0,7,3,1,,0,30,0,0,0,0,0,4,1,6
,2016_34668,39.732984,-105.0394815,2/10/2016 8:05,8:05,3,0,0,10TH AVENUE WEST & PERRY STREET NORTH,1,1,0,7,1,1,,0,30,0,0,0,0,0,4,2,14
,2016_34669,39.73383,-104.9902515,5/6/2016 22:30,22:30,12,0,0,11TH AVENUE WEST & BANNOCK STREET NORTH,1,4,0,7,1,1,,0,30,0,0,0,0,0,4,2,16
,2016_34670,39.733839,-104.9873895,7/23/2016 0:10,0:10,12,0,0,11TH AVENUE EAST & BROADWAY STREET NORTH,1,3,0,7,1,3,,0,30,0,0,0,0,0,4,2,14
,2016_34671,39.732849,-104.8905855,5/22/2016 4:55,4:55,3,0,0,11TH AVENUE EAST & VERBENA STREET NORTH,1,2,0,0,1,1,,0,25,0,0,0,0,0,4,2,14
,2016_34672,39.743775,-104.886981,12/3/2016 10:01,10:01,15,0,0,17TH AVENUE EAST & XANTHIA STREET,1,1,0,7,1,4,,0,30,0,0,0,0,0,4,2,16
,2016_34673,39.738267,-104.9350005,9/26/2016 7:45,7:45,15,0,0,14TH AVENUE 4500 BLOCK EAST & CLERMONT STREET NORTH,1,1,0,0,1,4,,0,30,0,0,0,0,0,4,3,13
,2016_34674,39.738366,-104.9562765,6/24/2016 6:52,6:52,6,0,1,14TH AVENUE EAST & ELIZABETH STREET NORTH,1,1,0,0,1,4,,0,30,0,0,0,0,2,4,3,13
,2016_34675,39.73842,-104.976468,3/14/2016 15:12,15:12,13,0,0,14TH AVENUE EAST & EMERSON STREET NORTH,1,1,0,0,1,1,,0,,0,0,0,0,0,4,2,13
,2016_34676,39.738375,-104.961015,9/15/2016 18:00,18:00,3,0,0,14TH AVENUE EAST & GAYLORD STREET NORTH,1,1,0,0,1,1,,0,,0,0,0,0,0,4,2,13
,2016_34677,39.738438,-104.983623,12/1/2016 1:37,1:37,3,0,0,14TH AVENUE EAST & GRANT STREET NORTH,1,3,0,7,1,1,,0,35,0,0,0,0,0,4,2,16
,2016_34678,39.73869,-104.9011515,4/10/2016 17:35,17:35,3,0,0,14TH AVENUE EAST & ROSLYN STREET NORTH,1,1,0,7,1,1,,0,25,0,0,0,0,0,4,2,7
,2016_34679,39.738456,-104.984847,2/16/2016 9:30,9:30,3,0,0,14TH AVENUE EAST & SHERMAN STREET NORTH,1,1,1,0,1,1,,0,30,0,0,0,0,0,4,2,13
,2016_34680,39.738474,-105.0463665,1/24/2016 10:35,10:35,12,0,0,14TH AVENUE WEST & VRAIN STREET NORTH,1,1,0,7,1,1,,0,30,0,0,0,0,0,4,2,16
,2016_34681,39.738681,-104.88582,2/1/2016 11:25,11:25,3,0,0,14TH AVENUE EAST & XENIA STREET NORTH,2,1,0,2,1,1,,0,25,0,0,0,0,0,4,2,7
,2016_34682,39.74001,-104.99202,6/25/2016 2:00,2:00,15,0,0,17TH AVENUE & 4000 BLOCK EAST,1,3,0,0,1,3,,0,5,0,0,0,0,0,4,2,13
,2016_34683,39.743235,-104.974821,3/7/2016 13:15,13:15,3,0,0,17TH AVENUE EAST & OGDEN STREET NORTH,2,1,0,1,1,1,,0,35,0,0,0,0,0,4,3,13
,2016_34684,39.743235,-104.974821,4/8/2016 16:05,16:05,5,0,0,17TH AVENUE EAST & OGDEN STREET NORTH,1,1,1,0,2,4,,0,30,0,0,0,0,0,4,2,14