id,drcog_id,latitude,longitude,crashtime,time,crashtype,numbkilled,numbinjurd,drcoglocat,rdconditin,lightngcon,roadcntgrd,weatherco,location,roaddescrp,schoolzone,constrzone,splimit,bikeinv,pedinv,sctrinv,motoinv,svrty,rdsystem,ttlvehcls,hcf
,2016_34685,39.743235,-104.9726565,6/7/2016 14:28,14:28,15,0,0,17TH AVENUE EAST & PARK AVENUE WEST,1,1,1,7,1,3,,0,30,0,0,0,0,0,4,2,16
,2016_34686,39.743766,-104.8846725,2/4/2016 11:40,11:40,3,0,0,17TH AVENUE EAST & YOSEMITE STREET NORTH,1,1,0,7,1,1,,0,30,0,0,0,0,0,4,2,16
,2016_34687,39.746187,-104.9823135,4/21/2016 17:20,17:20,3,0,0,19TH AVENUE EAST & LOGAN STREET NORTH,1,1,0,7,1,1,,0,30,0,0,0,0,0,4,2,16
,2016_34688,39.745575,-104.8846725,12/27/2016 13:50,13:50,3,0,0,19TH AVENUE EAST & YOSEMITE STREET NORTH,1,1,0,7,1,1,,0,25,0,0,0,0,0,4,2,16
,2016_34689,39.747564,-105.034581,2/28/2016 23:13,23:13,3,0,0,20TH AVENUE WEST & LOWELL BOULEVARD NORTH,1,3,0,0,1,1,,0,30,0,0,0,0,0,4,4,5
,2016_34690,39.753612,-104.993451,12/16/2016 14:19,14:19,1,0,0,20TH STREET & MARKET STREET,1,1,0,0,1,1,,0,30,0,0,0,0,0,4,2,13
,2016_34691,39.7512,-105.023601,7/30/2016 9:45,9:45,3,0,0,23RD AVENUE WEST & ELIOT STREET NORTH,1,1,0,7,1,1,,0,25,0,0,0,0,0,4,2,14
,2016_34692,39.781143,-104.9246168,10/30/2016 12:00,12:00,6,0,0,47TH AVENUE & 2200 EAST,1,1,0,0,1,4,,0,25,0,0,0,0,0,4,2,13
,2016_34693,39.75444,-104.9598,9/25/2016 9:00,9:00,12,0,0,26TH AVENUE EAST & YORK STREET NORTH,1,1,0,0,1,1,,0,25,0,0,0,0,0,4,2,1
,2016_34694,39.757986,-104.903451,10/7/2016 6:07,6:07,1,0,0,29TH AVENUE EAST & QUEBEC STREET NORTH,1,3,0,0,1,1,,0,45,0,0,0,0,1,4,2,13
,2016_34695,39.765744,-105.042852,12/18/2016 13:15,13:15,3,0,0,35TH AVENUE WEST & STUART STREET NORTH,5,1,0,7,1,1,,0,30,0,0,0,0,0,4,2,16
,2016_34696,39.770253,-104.9719725,12/9/2016 6:18,6:18,3,0,0,38TH AVENUE EAST & WALNUT STREET NORTH,5,1,0,7,1,1,,0,30,0,0,0,0,0,4,2,3
,2016_34697,39.772872,-104.8016205,2/12/2016 12:32,12:32,1,0,1,40TH AVENUE EAST & KITTREDGE STREET NORTH,1,1,0,7,1,1,,0,40,0,0,0,0,2,4,2,16
,2016_34698,39.774744,-105.0463035,2/22/2016 9:35,9:35,1,0,0,43RD AVENUE WEST & VRAIN STREET NORTH,1,1,0,7,1,3,,0,30,0,0,0,0,0,4,2,14
,2016_34699,39.77667664,-104.8451997,12/27/2016 11:59,11:59,15,0,0,44TH AVENUE & 3600 BLOCK,1,1,1,0,1,2,,0,30,0,0,0,0,0,4,2,13
,2016_34700,39.778335,-104.9793615,6/6/2016 8:11,8:11,12,0,0,45TH AVENUE EAST & WASHINGTON STREET NORTH,1,1,0,7,1,3,,0,35,0,0,0,1,1,4,2,14
,2016_34701,39.779757,-104.9317335,10/20/2016 18:15,18:15,12,0,0,46TH AVENUE EAST & DAHLIA STREET NORTH,1,1,0,7,1,4,,0,35,0,0,0,0,0,4,2,16
,2016_34702,39.778308,-104.817384,11/2/2016 19:40,19:40,6,0,0,46TH AVENUE 14800 BLOCK EAST & EUGENE WAY NORTH,1,3,0,0,3,4,,0,25,0,0,0,0,0,4,2,12
,2016_34703,39.780162,-105.0064425,7/16/2016 23:25,23:25,1,0,0,46TH AVENUE WEST & PECOS STREET NORTH,1,3,0,0,1,1,,0,25,0,0,0,0,0,4,2,7
,2016_34704,39.780162,-105.0095835,9/28/2016 6:39,6:39,6,0,0,46TH AVENUE & SHOSHONE STREET,1,1,0,0,1,4,,0,35,0,0,0,0,0,4,2,14
,2016_34705,39.782016,-105.023952,7/27/2016 10:46,10:46,15,0,0,47TH AVENUE WEST & ELIOT STREET NORTH,1,1,0,0,1,1,,0,25,0,0,0,0,0,4,2,13
,2016_34706,39.782277,-104.8659255,6/13/2016 16:02,16:02,15,0,0,47TH AVENUE EAST & HAVANA STREET NORTH,2,1,0,1,1,1,,0,35,0,0,0,0,0,4,2,8
,2016_34707,39.782385,-104.847093,6/3/2016 16:10,16:10,12,0,0,47TH AVENUE EAST & PEORIA STREET NORTH,1,1,0,7,1,3,,0,30,0,0,0,0,0,4,2,16
,2016_34708,39.786408,-104.847156,11/24/2016 23:10,23:10,12,0,0,49TH AVENUE EAST & PEORIA STREET NORTH,1,3,0,7,1,1,,0,35,0,0,0,0,1,4,2,14
,2016_34709,39.786408,-104.847156,11/29/2016 8:36,8:36,3,0,0,49TH AVENUE EAST & PEORIA STREET NORTH,1,1,0,0,1,1,,0,40,0,0,0,0,0,4,2,13
,2016_34710,39.791124,-105.0357825,11/22/2016 8:49,8:49,3,0,0,52ND AVENUE WEST & MEADE STREET NORTH,2,1,0,1,1,1,,0,35,0,0,0,0,0,4,2,13
,2016_34711,39.79629781,-104.7376475,7/1/2016 21:25,21:25,12,0,0,55TH AVENUE & 13165 EAST,2,3,0,1,1,2,,0,25,0,0,0,0,1,4,2,13
,2016_34712,39.798324,-104.753322,11/15/2016 15:30,15:30,3,0,0,56TH AVENUE EAST & IRELAND STREET NORTH,1,2,0,0,1,1,,0,25,0,0,0,0,0,4,2,13
,2016_34713,39.798396,-104.786415,12/5/2016 19:20,19:20,1,0,0,56TH AVENUE & PENA BOULEVARD,1,3,0,0,1,1,,0,35,0,0,0,0,0,4,2,7
,2016_34714,39.720924,-104.989194,2/12/2016 16:40,16:40,3,0,0,ACOMA STREET NORTH & THIRD AVENUE WEST,1,1,1,7,1,1,,0,25,0,0,0,0,0,4,2,16
,2016_34715,39.709026,-104.875443,10/25/2016 17:35,17:35,12,0,0,ALAMEDA AVENUE 9700 BLOCK EAST & DAYTON STREET SOUTH,1,1,0,7,1,4,,0,40,0,0,0,0,0,4,2,16
,2016_34716,39.711186,-104.892912,2/26/2016 7:14,7:14,3,0,0,ALAMEDA AVENUE EAST & FAIRMOUNT DRIVE EAST,1,1,0,7,1,1,,0,35,0,0,0,0,0,4,2,16
,2016_34717,39.711204,-104.9222835,7/16/2016 14:40,14:40,3,0,0,ALAMEDA AVENUE EAST & HOLLY STREET SOUTH,1,1,0,7,1,1,,0,25,0,0,0,0,0,4,2,14
,2016_34718,39.711438,-104.942565,12/15/2016 14:25,14:25,1,0,0,ALAMEDA AVENUE EAST & JACKSON STREET SOUTH,1,1,0,0,1,1,,0,35,0,0,0,0,0,4,2,13
,2016_34719,39.711366,-104.9141835,4/4/2016 6:54,6:54,12,0,0,ALAMEDA AVENUE 6400 BLOCK EAST & LOCUST STREET SOUTH,1,1,0,7,1,4,,0,35,0,0,0,0,0,4,2,1
,2016_34720,39.83338151,-104.771988,6/24/2016 9:09,9:09,5,0,0,PENA BOULEVARD INBOUND & TOWER ROAD NORTH,1,1,1,0,3,4,,1,55,0,0,0,0,0,4,1,14
,2016_34721,39.711186,-104.9087025,2/10/2016 18:00,18:00,12,0,0,ALAMEDA AVENUE EAST & NEWPORT WAY SOUTH,1,3,0,7,1,1,,0,35,0,0,0,0,0,4,2,16
,2016_34722,39.708549,-105.0298425,6/27/2016 20:41,20:41,6,0,0,ALASKA PLACE WEST & IRVING STREET SOUTH,1,3,0,0,1,3,,0,25,0,0,0,0,0,4,2,13
,2016_34723,39.719385,-105.0168641,10/16/2016 6:15,6:15,6,0,0,ALCOTT STREET & 1863 SOUTH,1,2,0,0,1,4,,0,25,0,0,0,0,0,4,2,3
,2016_34724,39.719385,-105.0168641,7/21/2016 18:40,18:40,5,0,0,ALCOTT STREET & 3224,1,1,0,0,3,5,,0,10,0,0,0,0,0,4,1,5
,2016_34725,39.74001,-104.99202,4/16/2016 18:57,18:57,3,0,0,14TH AVENUE EAST ALLEY & 8700 BLOCK,4,2,0,2,1,5,,0,15,0,0,0,0,0,4,4,7
,2016_34726,39.777426,-104.8239135,2/1/2016 20:39,20:39,6,0,0,ANDREWS DRIVE EAST & 44TH AVENUE EAST,4,3,0,2,1,4,,0,35,0,0,0,0,0,4,4,1
,2016_34727,39.750651,-104.991984,7/13/2016 16:48,16:48,15,0,0,ARAPAHOE STREET & 19TH STREET,1,1,0,0,1,4,,0,30,0,0,0,0,0,4,2,13
,2016_34728,39.736836,-104.9902335,5/21/2016 1:00,1:00,6,0,0,BANNOCK STREET & 13TH AVENUE WEST,1,1,0,0,1,5,,0,30,0,0,0,0,0,4,2,14
,2016_34729,39.754701,-105.005988,4/19/2016 10:45,10:45,6,0,0,BASSETT CIRCLE  & LITTLE RAVEN STREET,1,1,0,0,1,4,,0,25,0,0,0,0,0,4,2,13
,2016_34730,39.62471075,-104.8872847,12/8/2016 14:00,14:00,6,0,0,BELLEWOOD PLACE & 9500 WEST,5,5,0,0,1,4,,0,30,0,0,0,0,0,4,2,13
,2016_34731,39.692943,-104.9362245,7/3/2016 1:50,1:50,6,0,0,BIRCH STREET SOUTH & LOUISIANA AVENUE EAST,1,3,0,0,1,4,,0,25,0,0,0,0,0,4,2,13
,2016_34732,39.75332175,-104.995428,1/24/2016 23:15,23:15,6,0,0,BLAKE STREET 1900 BLOCK & 20TH STREET,1,3,0,7,1,4,,0,30,0,0,0,0,0,4,2,14
,2016_34733,39.759192,-105.0104835,10/29/2016 19:30,19:30,6,0,0,BOULDER STREET & 16TH STREET,1,1,0,0,1,4,,0,25,0,0,0,0,0,4,2,13
,2016_34734,39.712995,-104.987574,2/19/2016 16:05,16:05,15,0,0,BROADWAY SOUTH & CEDAR AVENUE WEST,1,1,0,0,1,1,,0,30,0,0,0,0,0,4,2,13
,2016_34735,39.716559,-104.9875155,7/6/2016 15:41,15:41,15,0,0,BROADWAY & ELLSWORTH AVENUE,1,1,0,7,1,4,,0,30,0,0,0,0,0,4,2,7
,2016_34736,39.678498,-104.987565,11/25/2016 10:30,10:30,15,0,0,BROADWAY SOUTH & EVANS AVENUE WEST,1,1,0,7,1,4,,0,35,0,0,0,0,0,4,2,16
,2016_34737,39.674889,-104.9875335,9/25/2016 16:00,16:00,1,0,0,BROADWAY STREET SOUTH & ILIFF AVENUE WEST,1,1,0,0,1,1,,0,35,0,0,0,0,1,4,2,7
,2016_34738,39.693024,-104.987466,5/12/2016 14:35,14:35,12,0,0,BROADWAY SOUTH & LOUISIANA AVENUE EAST,1,1,0,0,1,3,,0,35,0,0,0,0,0,4,2,3
,2016_34739,39.70215,-104.9875605,7/16/2016 14:37,14:37,15,0,0,BROADWAY & OHIO,1,1,0,0,1,3,,0,40,0,0,0,0,0,4,2,13
,2016_34740,39.667707,-104.987511,4/5/2016 6:06,6:06,5,0,0,BROADWAY & YALE AVENUE EAST,1,1,0,7,3,4,,0,35,0,0,0,0,0,4,1,14
,2016_34741,39.748887,-104.9874525,12/4/2016 12:49,12:49,12,0,0,CALIFORNIA STREET & 20TH STREET,1,1,0,0,1,3,,0,30,0,0,0,0,0,4,2,14
,2016_34742,39.75618879,-104.8903655,11/12/2016 13:14,13:14,6,0,0,CENTRAL PARK BOULEVARD 2800 BLOCK NORTH & 29TH AVENUE EAST,1,1,0,0,3,4,,0,60,0,0,0,0,0,4,3,12
,2016_34743,39.780873,-104.8829445,5/10/2016 16:35,16:35,12,0,0,CENTRAL PARK BOULEVARD & 46TH AVENUE EAST,2,1,0,7,1,1,,0,35,0,0,0,0,0,4,2,7
,2016_34744,39.75934702,-104.929376,2/5/2016 15:28,15:28,6,0,0,ELM STREET & 1729 SOUTH,4,1,0,0,1,4,,0,25,0,0,0,0,0,4,2,14
,2016_34745,39.780873,-104.8829445,10/30/2016 18:25,18:25,1,0,0,CENTRAL PARK BOULEVARD & 46TH PLACE EAST,1,3,0,7,1,1,,0,35,0,0,0,0,1,4,3,7
,2016_34746,39.773178,-104.809932,7/13/2016 13:00,13:00,12,0,0,CHAMBERS ROAD NORTH & 40TH AVENUE EAST,1,1,0,0,1,3,,0,45,0,0,0,0,0,4,3,3
,2016_34747,39.77330738,-104.8096856,6/26/2016 16:20,16:20,12,0,0,CHAMBERS ROAD 4000 BLOCK NORTH & 40TH AVENUE EAST,1,1,0,7,1,3,,0,40,0,0,0,0,0,4,2,14
,2016_34748,39.753054,-104.9854905,6/13/2016 13:28,13:28,12,0,0,CHAMPA STREET & PARK AVENUE WEST,1,1,0,7,1,1,,0,25,0,0,0,0,0,4,2,16
,2016_34749,39.69182412,-104.913688,6/18/2016 0:30,0:30,5,0,0,CHERRY CREEK NORTH DRIVE & 320 BLOCK EAST,1,3,0,0,2,4,,0,35,0,0,0,0,0,4,1,14
,2016_34750,39.695895,-104.922234,10/23/2016 13:00,13:00,6,0,0,CHERRY CREEK DRIVE NORTH & HOLLY STREET SOUTH,1,1,0,0,3,4,,0,35,0,0,0,0,0,4,2,14
,2016_34751,39.75669,-104.999652,1/10/2016 15:01,15:01,15,0,0,CHESTNUT PLACE 1900 BLOCK & 19TH STREET,1,1,0,0,1,1,,0,30,0,0,0,0,0,4,2,13
,2016_34752,39.696732,-105.02037,6/30/2016 9:41,9:41,3,0,0,CLAY STREET SOUTH & MISSISSIPPI AVENUE WEST,1,1,0,7,1,1,,0,25,0,0,0,0,0,4,2,16
,2016_34753,39.734667,-104.935014,1/20/2016 11:30,11:30,6,0,1,CLERMONT STREET NORTH & 12TH AVENUE EAST,1,1,0,0,1,4,,0,30,0,0,0,0,2,4,2,14
,2016_34754,39.768327,-105.034644,6/14/2016 7:00,7:00,6,0,0,CLYDE PLACE WEST & LOWELL BOULEVARD NORTH,1,1,0,0,1,3,,0,30,0,0,0,0,0,4,2,14
,2016_34755,39.735144,-104.9741325,12/18/2016 10:11,10:11,12,0,0,CORONA STREET NORTH & 12TH AVENUE EAST,6,1,0,7,1,4,,0,25,0,0,0,0,0,4,3,16
,2016_34756,39.735198,-104.9607315,9/13/2016 13:00,13:00,6,0,0,GAYLORD STREET 1200 BLOCK NORTH & 12TH AVENUE EAST,1,1,0,0,1,4,,0,25,0,0,0,0,0,4,2,13
,2016_34757,39.758805,-104.86305,2/23/2016 7:05,7:05,12,0,0,29TH DRIVE EAST & HAVANA STREET NORTH,5,1,0,1,1,4,,0,35,0,0,0,0,0,4,2,14
,2016_34758,39.78486,-104.9310135,7/20/2016 16:04,16:04,3,0,0,DAHLIA STREET 4900 BLOCK NORTH & 48TH AVENUE EAST,1,1,0,0,1,2,,0,35,0,0,0,0,0,4,2,14
,2016_34759,39.709332,-104.990004,1/8/2016 16:01,16:01,3,0,0,DAKOTA AVENUE EAST & BANNOCK STREET SOUTH,1,1,0,0,1,1,,0,25,0,0,0,0,0,4,2,13
,2016_34760,39.777012,-104.8201695,5/25/2016 23:40,23:40,6,0,0,DEARBORN STREET NORTH & SCOTT PLACE EAST,1,3,0,0,1,4,,0,25,0,0,0,0,1,4,2,5
,2016_34761,39.760758,-104.9733405,12/24/2016 0:39,0:39,12,0,0,DOWNING STREET NORTH & 31ST AVENUE EAST,1,3,0,0,1,1,,0,30,0,0,0,0,0,4,2,13
,2016_34762,39.678507,-104.973444,8/10/2016 12:32,12:32,12,0,0,DOWNING STREET 2000 BLOCK SOUTH & EVANS AVENUE EAST,1,1,1,7,1,4,,0,30,0,0,0,0,1,4,2,3
,2016_34763,39.682143,-104.9734305,1/13/2016 13:30,13:30,3,0,0,DOWNING STREET SOUTH & JEWELL AVENUE EAST,1,1,0,0,1,1,,0,25,0,0,0,0,0,4,2,8
,2016_34764,39.692988,-104.973417,5/2/2016 12:50,12:50,15,0,0,DOWNING STREET 1300 BLOCK SOUTH & LOUISIANA AVENUE EAST,1,1,0,0,1,4,,0,30,0,0,0,0,0,4,2,1
,2016_34765,39.673098,-104.973462,11/22/2016 12:16,12:16,12,0,0,DOWNING STREET SOUTH & WESLEY AVENUE EAST,1,5,0,7,1,4,,0,30,0,0,0,0,0,4,2,16
,2016_34766,39.631356,-104.8923,7/18/2016 15:49,15:49,3,0,0,DTC BOULEVARD SOUTH & UNION AVENUE EAST,1,1,0,7,1,1,,0,30,0,0,0,0,0,4,2,3
,2016_34767,39.747978,-105.023304,6/27/2016 20:59,20:59,6,0,0,ELIOT STREET 2000 BLOCK NORTH & 21ST AVENUE WEST,1,2,0,0,1,4,,0,30,0,0,0,0,0,4,2,14
,2016_34768,39.740175,-104.9562675,1/3/2016 12:08,12:08,6,0,0,ELIZABETH STREET NORTH & COLFAX AVENUE EAST,1,1,0,0,1,4,,0,25,0,0,0,0,0,4,2,13
,2016_34770,39.716235,-104.949963,8/16/2016 14:16,14:16,12,0,0,ELLSWORTH AVENUE EAST & STEELE / ADAMS ALLEY,1,1,0,0,1,5,,0,25,0,0,0,0,0,4,2,14
,2016_34771,39.727287,-104.976423,8/16/2016 8:29,8:29,3,0,0,EMERSON STREET NORTH & SEVENTH AVENUE EAST,1,1,0,7,1,1,,0,25,0,0,0,0,1,4,3,1
,2016_34772,39.743244,-104.976171,7/7/2016 13:06,13:06,6,0,0,EMERSON STREET 1700 NORTH & 17TH AVENUE EAST,1,1,0,0,1,4,,0,30,0,0,0,0,0,4,2,14
,2016_34773,39.74001,-104.99202,9/1/2016 11:00,11:00,12,0,0,ESPLANADE PARKWAY NORTH & ESPLANADE PARKWAY 1600 NORTH,1,1,0,0,1,7,,0,10,0,0,0,0,0,4,2,13
,2016_34774,39.774294,-104.8193505,6/23/2016 6:23,6:23,3,0,0,EUGENE WAY NORTH & ANDREWS DRIVE EAST,2,1,0,1,1,1,,0,30,0,0,0,0,0,4,2,14
,2016_34775,39.678417,-104.9642147,5/9/2016 12:49,12:49,3,0,0,EVANS AVENUE EAST & 6359,1,1,0,0,1,2,,0,35,0,0,0,0,0,4,2,13
,2016_34776,39.752136,-104.998581,1/15/2016 11:57,11:57,15,0,0,WAZEE STREET 1700 BLOCK & 18TH STREET,1,1,0,0,1,4,,0,35,0,0,0,0,0,4,2,14
,2016_34777,39.678426,-104.9395905,5/10/2016 17:10,17:10,1,0,0,EVANS AVENUE EAST & ALBION STREET SOUTH,1,1,0,0,1,1,,0,35,0,0,0,0,0,4,2,13
,2016_34778,39.678435,-104.9407425,1/20/2016 17:05,17:05,12,0,0,EVANS AVENUE 3900 BLOCK EAST & COLORADO BOULEVARD SOUTH,1,3,0,7,1,4,,0,35,0,0,0,0,0,4,2,16
,2016_34779,39.678435,-104.9407425,4/13/2016 18:32,18:32,12,0,0,EVANS AVENUE 3900 BLOCK EAST & COLORADO BOULEVARD SOUTH,1,1,0,0,1,4,,0,0,0,0,0,0,0,4,3,3
,2016_34780,39.678435,-104.9407425,11/23/2016 9:28,9:28,3,0,1,EVANS AVENUE 3900 BLOCK EAST & COLORADO BOULEVARD SOUTH,1,1,0,0,1,2,,0,35,0,0,0,0,2,4,2,14
,2016_34781,39.678489,-104.9652315,6/18/2016 9:30,9:30,3,0,0,EVANS AVENUE EAST & HIGH STREET SOUTH,1,1,0,7,1,1,,0,35,0,0,0,0,0,4,2,16
,2016_34782,39.678435,-104.912892,3/25/2016 12:50,12:50,1,0,0,EVANS AVENUE EAST & MONACO STREET SOUTH,1,1,0,7,1,2,,0,35,0,0,0,0,0,4,2,16
,2016_34783,39.678435,-104.912892,11/14/2016 18:10,18:10,3,0,0,EVANS AVENUE 6600 BLOCK EAST & MONACO STREET SOUTH,1,3,0,7,1,2,,0,35,0,0,0,0,0,4,2,7
,2016_34784,39.679182,-105.0383205,7/23/2016 10:30,10:30,10,0,1,EVANS AVENUE WEST & PATTON COURT SOUTH,1,1,0,0,1,1,,0,30,0,0,0,0,2,4,2,13
,2016_34785,39.74001,-104.99202,9/23/2016 15:52,15:52,12,0,0,EVANS AVENUE 3000 BLOCK EAST & STREET PAUL STREET SOUTH,1,1,1,0,1,3,,0,30,0,0,0,0,0,4,2,3
,2016_34786,39.678363,-104.959404,8/17/2016 19:30,19:30,1,0,2,EVANS AVENUE EAST & UNIVERSITY BOULEVARD SOUTH,1,2,0,0,1,1,,0,35,0,0,0,0,2,4,2,13
,2016_34787,39.678363,-104.959404,12/20/2016 8:35,8:35,12,0,0,EVANS AVENUE EAST & UNIVERSITY BOULEVARD SOUTH,1,1,0,7,1,1,,0,35,0,0,0,0,0,4,2,7
,2016_34788,39.703833,-104.9407425,3/1/2016 14:10,14:10,3,0,0,EXPOSITION AVENUE 3900 BLOCK EAST & COLORADO BOULEVARD SOUTH,1,1,1,0,1,2,,0,30,0,0,0,0,1,4,3,13
,2016_34789,39.79069248,-104.9534325,4/7/2016 7:20,7:20,15,0,0,FILLMORE STREET & 1500 BLOCK NORTH,1,1,1,0,1,4,,0,25,0,0,0,0,0,4,2,7
,2016_34790,39.718206,-104.953554,3/1/2016 16:34,16:34,6,0,0,FILLMORE STREET NORTH & FIRST AVENUE EAST,1,1,0,0,1,4,,0,25,0,0,0,0,0,4,2,13
,2016_34792,39.689505,-105.0227325,10/7/2016 18:10,18:10,15,0,0,FLORIDA AVENUE 2700 BLOCK WEST & DECATUR STREET SOUTH,1,1,0,0,1,1,,0,30,0,0,0,0,0,4,2,14
,2016_34793,39.689325,-104.8967235,4/4/2016 18:05,18:05,12,0,0,FLORIDA AVENUE 7800 BLOCK EAST & QUEBEC WAY SOUTH,1,1,1,7,1,4,,0,25,0,0,0,0,0,4,2,3
,2016_34794,39.725694,-104.995197,7/12/2016 14:01,14:01,6,0,0,FOX STREET NORTH & SIXTH AVENUE WEST,1,1,0,0,1,4,,0,25,0,0,0,0,0,4,2,14
,2016_34795,39.676644,-104.968746,11/16/2016 19:54,19:54,6,0,0,FRANKLIN STREET SOUTH & WARREN AVENUE EAST,1,4,0,0,1,1,,0,25,0,0,0,0,0,4,5,5
,2016_34796,39.784878,-104.814252,3/3/2016 18:31,18:31,3,0,0,GATEWAY AVENUE EAST & ENID COURT NORTH,1,4,0,0,1,1,,0,30,0,0,0,0,0,4,2,13
,2016_34797,39.750696,-104.967162,7/15/2016 16:45,16:45,3,0,0,GILPIN STREET NORTH & 23RD AVENUE EAST,1,1,0,7,1,1,,0,25,0,0,0,0,0,4,2,3
,2016_34798,39.743856,-104.990436,11/4/2016 19:35,19:35,12,0,1,GLENARM PLACE & 16TH STREET,1,3,0,7,1,4,,0,25,0,0,0,0,2,4,2,3
,2016_34799,39.781962,-104.7528405,5/1/2016 1:05,1:05,15,0,0,GREEN VALLEY RANCH BOULEVARD EAST & IRELAND STREET NORTH,2,3,0,0,1,4,,0,,0,0,0,0,0,4,2,14
,2016_34800,39.79331362,-104.941695,6/24/2016 19:42,19:42,5,0,0,HARRISON STREET & 1300 BLOCK NORTH,1,1,0,0,3,4,,0,25,0,0,0,0,0,4,1,12
,2016_34801,39.772854,-104.865894,5/11/2016 10:35,10:35,12,0,0,HAVANA STREET NORTH & 40TH AVENUE EAST,1,1,0,7,1,1,,0,35,0,0,0,0,0,4,2,1
,2016_34802,39.782277,-104.8659255,5/20/2016 12:44,12:44,15,0,0,HAVANA STREET NORTH & 47TH AVENUE EAST,1,1,0,7,1,1,,0,35,0,0,0,0,0,4,2,16
,2016_34803,39.682089,-104.9652315,5/16/2016 22:25,22:25,6,0,0,HIGH STREET SOUTH & JEWELL AVENUE EAST,2,3,0,1,1,3,,0,25,0,0,0,0,0,4,2,5
,2016_34804,39.696597,-104.9219055,12/5/2016 18:00,18:00,1,0,0,HOLLY STREET SOUTH & CHERRY CREEK NORTH DRIVE EAST,1,3,0,7,1,1,,0,30,0,0,0,0,0,4,2,16
,2016_34805,39.72886177,-104.9975817,6/10/2016 12:31,12:31,6,0,0,INCA STREET & 900 BLOCK NORTH,1,1,1,7,1,4,,0,25,0,0,0,0,0,4,2,16
,2016_34806,39.711339,-104.921127,1/13/2016 15:15,15:15,3,0,0,IVY STREET SOUTH & ALAMEDA AVENUE EAST,1,1,1,0,1,1,,0,30,0,0,0,0,0,4,2,3
,2016_34807,39.830004,-104.692977,3/18/2016 4:15,4:15,3,0,1,JACKSON GAP & 74TH AVENUE,4,3,0,2,1,3,,0,35,0,0,0,0,2,4,2,7
,2016_34808,39.68568,-104.943024,2/8/2016 15:30,15:30,15,0,0,JACKSON STREET 1700 BLOCK SOUTH & MEXICO AVENUE EAST,1,1,0,0,1,4,,0,25,0,0,0,0,1,4,2,13
,2016_34809,39.77662894,-105.03108,7/21/2016 14:21,14:21,6,0,0,JULIAN STREET & 1400 BLOCK NORTH,1,1,1,7,1,4,,0,25,0,0,0,0,0,4,2,16
,2016_34810,39.720933,-105.000192,7/23/2016 15:38,15:38,12,0,0,KALAMATH STREET NORTH & THIRD AVENUE WEST,1,1,0,7,1,4,,0,35,0,0,0,0,1,4,2,3
,2016_34811,39.72627,-105.0002055,5/7/2016 16:24,16:24,15,0,0,KALAMATH STREET & SIXTH AVENUE WEST,2,1,0,1,1,1,,0,35,0,0,0,0,0,4,2,8
,2016_34812,39.74001,-104.99202,5/27/2016 9:37,9:37,3,0,0,g & THAVE WEST,1,1,0,0,1,1,,0,30,0,0,0,0,0,4,2,14
,2016_34813,39.700359,-105.029802,5/2/2016 7:20,7:20,3,0,0,KENTUCKY AVENUE WEST & IRVING STREET SOUTH,1,1,0,7,1,1,,0,25,0,0,0,0,0,4,2,16
,2016_34814,39.77458519,-105.0334092,7/23/2016 11:20,11:20,6,0,0,KING STREET & 1951 SOUTH,1,1,0,0,1,4,,0,25,0,0,0,0,0,4,2,14
,2016_34815,39.70134,-105.0324435,4/6/2016 16:47,16:47,12,0,0,KNOX COURT SOUTH & ADA PLACE WEST,1,1,0,7,1,1,,0,30,0,0,0,0,0,4,2,7
,2016_34816,39.714966,-105.032493,3/27/2016 10:23,10:23,3,0,0,KNOX COURT SOUTH & BAYAUD AVENUE,1,1,0,7,1,1,,0,25,0,0,0,0,0,4,2,16
,2016_34817,39.754485,-104.9708835,6/1/2016 16:29,16:29,12,0,0,LAFAYETTE STREET NORTH & 26TH AVENUE EAST,1,1,0,7,1,1,,0,25,0,0,0,0,0,4,2,16
,2016_34818,39.73190582,-104.9861681,5/11/2016 13:35,13:35,6,0,0,LINCOLN STREET & 1600 BLOCK NORTH,1,1,0,0,1,4,,0,30,0,0,0,0,0,4,3,1
,2016_34819,39.71835,-104.9862735,5/21/2016 10:10,10:10,10,0,0,LINCON STREET NORTH & FIRST AVENUE EAST,1,1,0,0,1,1,,0,30,0,0,0,0,0,4,2,7
,2016_34820,39.798234,-104.7721815,6/25/2016 9:11,9:11,9,0,0,TOWER ROAD NORTH & 56TH AVENUE EAST,1,1,0,7,1,1,,0,45,0,0,0,0,0,4,1,1
,2016_34821,39.747501,-104.9861115,1/1/2016 0:25,0:25,15,0,0,LINCOLN STREET NORTH & 20TH AVENUE EAST,1,3,0,0,1,1,,0,20,0,0,0,0,0,4,2,13
,2016_34822,39.696615,-104.986242,6/7/2016 20:00,20:00,3,0,0,LINCOLN STREET & MISSISSIPPI AVENUE EAST,1,1,1,0,1,2,,0,25,0,0,0,1,1,4,2,13
,2016_34823,39.725649,-104.986314,12/22/2016 19:26,19:26,10,0,0,LINCOLN STREET & SPEER BOULEVARD,1,3,0,0,1,1,,0,35,0,0,0,0,1,4,2,13
,2016_34824,39.75310668,-105.0079201,6/25/2016 5:30,5:30,5,0,0,LITTLE RAVEN STREET 1400 BLOCK & 15TH STREET,1,2,0,0,1,4,,0,30,0,0,0,0,0,4,1,5