id,drcog_id,latitude,longitude,crashtime,time,crashtype,numbkilled,numbinjurd,drcoglocat,rdconditin,lightngcon,roadcntgrd,weatherco,location,roaddescrp,schoolzone,constrzone,splimit,bikeinv,pedinv,sctrinv,motoinv,svrty,rdsystem,ttlvehcls,hcf
,2016_34826,39.733686,-104.9823,5/2/2016 19:06,19:06,12,0,0,LOGAN STREET & 11TH AVENUE EAST,1,1,0,0,1,4,,0,30,0,0,0,0,0,4,2,5
,2016_34827,39.746187,-104.9823135,5/20/2016 8:45,8:45,3,0,0,LOGAN STREET NORTH & 19TH AVENUE EAST,1,1,0,7,1,1,,0,30,0,0,0,0,0,4,2,16
,2016_34828,39.74004,-104.982363,5/27/2016 17:00,17:00,6,0,0,LOGAN STREET & COLFAX AVENUE EAST,1,3,1,0,1,4,,0,30,0,0,0,0,0,4,2,13
,2016_34829,39.709296,-104.9827815,10/14/2016 17:21,17:21,12,0,0,LOGAN STREET 400 BLOCK SOUTH & DAKOTA AVENUE EAST,1,2,0,7,1,4,,0,30,0,0,0,0,0,4,2,16
,2016_34830,39.678552,-104.9828715,7/11/2016 0:18,0:18,6,0,0,LOGAN STREET SOUTH & EVANS AVENUE EAST,1,3,0,0,1,4,,0,30,0,0,0,0,0,4,4,2
,2016_34831,39.703887,-104.9827905,2/26/2016 17:00,17:00,15,0,0,LOGAN STREET 700 BLOCK SOUTH & EXPOSITION AVENUE EAST,1,1,0,0,1,4,,0,30,0,0,0,0,0,4,2,13
,2016_34832,39.693087,-105.034383,2/8/2016 17:17,17:17,10,0,0,LOUISIANA AVENUE WEST & LOWELL BOULEVARD SOUTH,1,2,0,0,1,1,,0,30,0,0,0,0,0,4,2,13
,2016_34833,39.722922,-105.0350355,2/3/2016 20:48,20:48,3,0,0,LOWELL BOULEVARD NORTH & FOURTH AVENUE WEST,4,3,1,7,1,1,,0,25,0,0,0,0,0,4,2,5
,2016_34834,39.778092,-105.0343335,8/25/2016 16:40,16:40,12,0,0,LOWELL BOULEVARD 4500 BLOCK NORTH & 46TH AVENUE WEST,1,1,0,0,1,4,,0,35,0,0,0,0,0,4,2,3
,2016_34835,39.72393,-104.8839413,10/10/2016 18:30,18:30,15,0,0,LOWRY BOULEVARD EAST & YOSEMITE STREET NORTH,1,3,0,0,1,6,,0,30,0,0,0,0,0,4,2,13
,2016_34836,39.645576,-105.053301,2/6/2016 8:50,8:50,3,0,0,MANSFIELD AVENUE WEST & SHERIDAN BOULEVARD SOUTH,5,1,0,0,1,1,,0,25,0,0,0,0,0,4,2,13
,2016_34837,39.748941,-104.9995305,12/19/2016 9:13,9:13,12,0,0,MARKET STREET & 15TH STREET,5,1,0,7,1,1,,0,30,0,0,0,0,0,4,2,16
,2016_34838,39.753207,-104.993451,6/4/2016 2:30,2:30,15,0,0,MARKET STREET 1900 BLOCK & 19TH STREET,1,3,0,0,1,4,,0,25,0,0,0,0,0,4,2,3
,2016_34840,39.761973,-104.910561,5/13/2016 16:45,16:45,1,0,0,MLK BOULEVARD & NIAGRA STREET,1,1,0,0,1,1,,0,30,0,0,0,0,0,4,2,13
,2016_34841,39.74001,-104.99202,6/9/2016 14:36,14:36,8,0,0,MEADE STREET NORTH & 3300 BLOCK NORTH,1,1,1,0,1,1,,0,30,0,0,0,0,0,4,2,13
,2016_34842,39.695652,-104.903595,5/11/2016 15:29,15:29,15,0,0,MISSISSIPPI AVENUE EAST & QUEBEC STREET SOUTH,1,1,0,0,1,4,,0,25,0,0,0,0,0,4,2,3
,2016_34843,39.696759,-105.0156675,9/3/2016 20:05,20:05,1,0,0,MISSISSIPPI AVENUE WEST & ZUNI STREET SOUTH,1,3,0,0,1,1,,0,30,0,0,0,0,0,4,2,13
,2016_34844,39.76090776,-104.9003048,6/27/2016 19:20,19:20,12,0,0,MLK BOULEVARD & 4800 EAST,1,1,0,0,1,3,,0,35,0,0,0,0,1,4,2,13
,2016_34846,39.798396,-104.786415,9/24/2016 4:00,4:00,5,0,1,PENA BOULEVARD & 56TH AVENUE,1,3,0,0,3,4,,0,65,0,0,0,0,2,4,1,2
,2016_34847,39.762009,-104.93685,12/14/2016 8:20,8:20,12,0,0,MLK BOULEVARD & BELLAIRE STREET NORTH,1,1,0,7,1,3,,0,35,0,0,0,0,0,4,2,8
,2016_34848,39.762,-104.912865,3/27/2016 20:17,20:17,3,0,0,MLK BOULEVARD & MONACO STREET NORTH,1,3,0,7,1,1,,0,30,0,0,0,0,0,4,2,14
,2016_34849,39.761982,-104.9094045,11/2/2016 17:43,17:43,12,0,0,MLK BOULEVARD & NEWPORT STREET NORTH,1,1,0,7,1,1,,0,35,0,0,0,0,0,4,2,3
,2016_34850,39.711366,-104.912964,4/17/2016 3:30,3:30,12,0,0,MONACO STREET 300 BLOCK SOUTH & ALAMEDA AVENUE EAST,2,3,0,2,1,4,,0,35,0,0,0,0,0,4,2,16
,2016_34851,39.695283,-104.912973,3/11/2016 22:49,22:49,15,0,0,MONACO STREET 1200 BLOCK SOUTH & ARIZONA AVENUE EAST,1,3,0,7,1,4,,0,35,0,0,0,0,0,4,2,16
,2016_34852,39.691422,-104.912901,3/3/2016 6:57,6:57,3,0,0,MONACO STREET SOUTH & CHERRY CREEK DRIVE SOUTH,1,1,0,0,1,1,,0,30,0,0,0,0,0,4,2,13
,2016_34853,39.662721,-104.912991,7/30/2016 20:35,20:35,3,0,0,MONACO STREET SOUTH & CORNELL AVENUE EAST,1,3,0,7,1,1,,0,35,0,0,0,0,1,4,2,3
,2016_34854,39.678435,-104.9127435,4/27/2016 10:19,10:19,12,0,0,MONACO STREET 2000 BLOCK SOUTH & EVANS AVENUE EAST,1,1,0,7,1,3,,0,35,0,0,0,0,0,4,2,1
,2016_34855,39.696615,-104.912973,4/21/2016 14:24,14:24,12,0,0,MONACO STREET 1100 BLOCK SOUTH & MISSISSIPPI AVENUE EAST,1,1,0,7,1,4,,0,40,0,0,0,0,0,4,2,16
,2016_34856,39.667635,-104.912964,12/29/2016 17:45,17:45,15,0,0,MONACO PARKWAY SOUTH & YALE AVENUE EAST,1,2,0,0,1,1,,0,35,0,0,0,0,0,4,2,13
,2016_34857,39.671163,-104.945364,11/7/2016 12:18,12:18,6,0,0,MONROE STREET SOUTH & HARVARD AVENUE SOUTH,1,1,0,0,1,4,,0,25,0,0,0,0,0,4,2,10
,2016_34858,39.71023191,-105.0062355,12/10/2016 1:34,1:34,6,0,0,NEVADA PLACE & 3400 BLOCK,1,3,0,0,1,4,,0,25,0,0,0,0,0,4,2,13
,2016_34859,39.710295,-105.027543,3/21/2016 9:55,9:55,3,0,0,NEVADA PLACE WEST & HAZEL COURT SOUTH,1,1,0,0,1,2,,0,25,0,0,0,0,0,4,2,13
,2016_34860,39.785724,-104.883093,4/16/2016 11:05,11:05,5,0,0,NORTHFIELD BOULEVARD & CENTRAL PARK BOULEVARD NORTH,4,1,0,2,1,1,,0,35,0,0,0,0,1,4,2,13
,2016_34861,39.702204,-105.027534,11/8/2016 7:55,7:55,3,0,0,OHIO AVENUE WEST & HAZEL COURT 9,1,1,0,0,1,2,,0,25,0,0,0,0,0,4,2,13
,2016_34863,39.71655,-105.0384915,6/20/2016 6:56,6:56,6,0,0,OSCEOLA STREET NORTH & 5165 NORTH OSCEOLA STREET,1,2,0,0,1,4,,0,25,0,0,0,0,0,4,2,14
,2016_34864,39.765726,-104.9948415,10/14/2016 13:25,13:25,12,0,0,PARK AVENUE WEST & GLOBEVILLE ROAD,1,1,0,0,1,4,,0,35,0,0,0,0,0,4,2,13
,2016_34865,39.776427,-104.8469535,1/7/2016 15:35,15:35,1,0,0,PEORIA STREET NORTH & 44TH AVENUE EAST,1,1,0,0,1,1,,0,40,0,0,0,0,0,4,2,13
,2016_34866,39.779919,-104.846454,2/22/2016 13:20,13:20,3,0,0,PEORIA STREET 4600 BLOCK NORTH & 47TH AVENUE EAST,1,1,0,0,1,2,,0,40,0,0,0,0,0,4,2,13
,2016_34867,39.77171824,-104.90281,3/12/2016 17:42,17:42,12,0,0,QUEBEC STREET & 5500 BLOCK NORTH,1,1,0,0,1,4,,0,40,0,0,0,0,0,4,2,13
,2016_34868,39.754395,-104.987241,2/24/2016 11:51,11:51,12,0,1,PARK AVENUE WEST & ARAPAHOE STREET / BROADWAY,1,1,0,0,1,1,,0,30,0,0,0,0,2,4,3,3
,2016_34869,39.749022,-104.98023,6/19/2016 19:10,19:10,5,0,0,PARK AVENUE WEST & COURT PLACE,1,1,0,0,2,1,,0,30,0,0,0,0,0,4,1,13
,2016_34870,39.756411,-104.989833,10/25/2016 16:13,16:13,12,0,0,PARK AVENUE WEST & MARKET STREET,1,1,0,7,1,1,,0,30,0,0,0,0,0,4,2,16
,2016_34871,39.75237,-104.984631,11/2/2016 12:21,12:21,3,0,0,PARK AVENUE WEST & STOUT STREET,1,1,0,7,1,1,,0,30,0,0,0,0,1,4,2,3
,2016_34872,39.757887,-104.9917545,6/1/2016 17:09,17:09,10,0,0,PARK AVENUE WEST & WAZEE STREET,1,1,0,0,1,3,,0,,0,0,0,0,0,4,2,8
,2016_34873,39.759282,-104.993892,3/14/2016 7:54,7:54,12,0,0,PARK AVENUE WEST & WEWATTA STREET,1,1,0,7,1,4,,0,30,0,0,0,0,1,4,2,16
,2016_34874,39.759282,-104.993892,11/17/2016 20:25,20:25,12,0,0,PARK AVENUE WEST & WEWATTA STREET,5,3,2,2,1,3,,0,35,0,0,0,0,0,4,2,16
,2016_34875,39.7859126,-104.9800304,3/6/2016 21:05,21:05,6,0,0,PEARL STREET & 500 BLOCK SOUTH,1,4,0,0,1,4,,0,25,0,0,0,0,1,4,5,5
,2016_34876,39.711114,-104.980383,5/20/2016 17:07,17:07,6,0,0,PEARL STREET & ALAMEDA AVENUE EAST,1,1,0,0,1,4,,0,25,0,0,0,1,0,4,2,3
,2016_34877,39.83358199,-104.7220845,5/18/2016 17:26,17:26,15,0,0,PENA BOULEVARD 7500 BLOCK & MM 9,1,1,0,0,1,4,,0,55,0,0,0,0,0,4,2,1
,2016_34878,39.844602,-104.6809395,3/6/2016 14:30,14:30,5,0,0,PENA BOULEVARD & 8200 BLOCK,1,1,0,0,3,4,,0,40,0,0,0,0,0,4,1,4
,2016_34879,39.83868479,-104.6719364,11/6/2016 13:50,13:50,12,0,0,PENA BOULEVARD 8400 & 84TH AVENUE EAST,1,1,0,0,1,4,,0,15,0,0,0,0,0,4,2,7
,2016_34880,39.834405,-104.715504,7/21/2016 14:21,14:21,12,0,0,PENA BOULEVARD 7500 BLOCK & GUN CLUB ROAD NORTH,1,1,0,7,1,4,,0,45,0,0,0,0,0,4,3,1
,2016_34881,39.83338151,-104.771988,2/26/2016 10:20,10:20,15,0,1,PENA BOULEVARD & TOWER ROAD,1,1,0,0,1,4,,0,55,0,0,0,0,2,4,2,1
,2016_34882,39.735621,-104.9034645,3/7/2016 18:50,18:50,12,0,0,QUEBEC STREET NORTH & 12TH AVENUE EAST,1,3,0,7,1,4,,0,30,0,0,0,0,0,4,2,3
,2016_34883,39.74562,-104.9034825,5/7/2016 14:16,14:16,12,0,0,QUEBEC STREET & 19TH AVENUE EAST,2,1,0,1,1,4,,0,30,0,0,0,0,0,4,2,16
,2016_34884,39.767616,-104.9023125,6/14/2016 23:44,23:44,15,0,0,QUEBEC STREET 3600 BLOCK NORTH & 36TH AVENUE EAST,1,3,0,7,1,4,,0,45,0,0,0,0,0,4,2,7
,2016_34885,39.767382,-104.90346,7/29/2016 9:30,9:30,10,0,0,QUEBEC STREET NORTH & 36TH AVENUE EAST,1,1,0,0,1,1,,0,40,0,0,0,0,0,4,2,1
,2016_34886,39.79571674,-104.9032445,11/3/2016 18:30,18:30,12,0,0,QUEBEC STREET 5500 BLOCK NORTH & 56TH AVENUE EAST,1,3,0,7,1,4,,0,35,0,0,0,0,0,4,2,1
,2016_34887,39.687426,-104.894964,4/4/2016 7:51,7:51,10,0,0,QUEBEC WAY 1800 BLOCK SOUTH & IOWA AVENUE,1,1,0,0,1,2,,0,30,0,0,0,0,0,4,2,13
,2016_34888,39.717045,-104.903793,7/7/2016 10:27,10:27,1,0,0,QUEBEC STREET NORTH & LOWRY BOULEVARD EAST,1,1,1,7,1,1,,0,35,0,0,0,0,1,4,2,16
,2016_34889,39.695652,-104.903595,1/9/2016 12:23,12:23,3,0,0,QUEBEC STREET SOUTH & MISSISSIPPI AVENUE EAST,2,1,0,0,1,1,,0,0,0,0,0,0,0,4,2,13
,2016_34890,39.88808971,-104.6754949,6/20/2016 19:44,19:44,5,0,0,QUEENSBURG STREET & 9900 BLOCK NORTH,1,1,0,0,3,4,,0,35,0,0,0,0,0,4,1,8
,2016_34891,39.696741,-105.009381,9/6/2016 7:00,7:00,6,0,0,RARITAN SOUTH & MISSISSIPPI AVENUE WEST,1,1,0,0,1,1,,0,35,0,0,0,0,0,4,2,13
,2016_34892,39.760551,-104.9001615,9/29/2016 16:40,16:40,15,0,0,ROSLYN STREET NORTH & MLK BOULEVARD,1,1,0,0,1,1,,0,35,0,0,0,0,1,4,3,13
,2016_34893,39.745206,-105.0095835,10/27/2016 23:12,23:12,15,0,0,SEVENTH STREET 1500 BLOCK & AURARIA PARKWAY,1,3,0,7,1,4,,0,25,0,0,0,0,0,4,2,16
,2016_34894,39.743298,-104.994621,5/27/2016 22:08,22:08,7,0,0,14TH STREET 700 BLOCK  & CALIFORNIA/STOUT,1,3,0,7,1,5,,0,20,0,0,0,0,0,4,2,8
,2016_34895,39.744657,-104.9963625,12/9/2016 21:41,21:41,15,0,0,14TH STREET & CHAMPA STREET,1,3,0,0,1,1,,0,25,0,0,0,0,0,4,2,14
,2016_34896,39.738447,-104.9916645,2/16/2016 10:50,10:50,15,0,0,14TH STREET 200 BLOCK & CHEROKEE STREET,1,1,0,7,1,4,,0,30,0,0,0,0,0,4,2,1
,2016_34897,39.745305,-104.9971905,7/9/2016 17:37,17:37,15,0,0,14TH STREET 1000 BLOCK & CURTIS STREET,1,1,0,7,1,3,,0,25,0,0,0,0,0,4,2,16
,2016_34898,39.748023,-105.0006915,1/17/2016 16:48,16:48,3,0,0,14TH STREET & MARKET STREET,1,1,0,0,1,1,,0,30,0,0,0,0,0,4,2,8
,2016_34899,39.743955,-104.9954625,12/26/2016 20:30,20:30,15,0,0,14TH STREET & STOUT STREET,1,3,0,0,1,4,,0,25,0,0,0,0,0,4,2,13
,2016_34900,39.74885078,-104.999416,7/20/2016 12:00,12:00,15,0,0,15TH STREET & 500 BLOCK,1,1,0,0,1,3,,0,30,0,0,0,0,0,4,2,13
,2016_34901,39.75741,-105.0105015,5/25/2016 20:20,20:20,12,0,0,15TH STREET & CENTRAL STREET,1,3,0,7,1,4,,0,25,0,0,0,0,0,4,2,14
,2016_34902,39.74292,-104.991642,10/26/2016 14:56,14:56,10,0,1,15TH STREET & GLENARM PLACE,1,1,0,0,1,1,,0,30,0,0,0,0,2,4,2,13
,2016_34903,39.743172,-104.9895405,11/25/2016 2:48,2:48,5,0,0,16TH STREET 400 BLOCK & TREMONT STREET,1,3,0,0,1,3,,0,25,0,0,0,0,0,4,1,5
,2016_34904,39.747708,-104.990616,4/11/2016 18:15,18:15,10,0,0,18TH STREET & STOUT STREET,1,1,0,0,1,1,,0,25,0,0,0,0,0,4,2,13
,2016_34905,39.7479564,-104.9886347,11/10/2016 21:23,21:23,15,0,0,19TH STREET & 700 19TH STREET,1,3,0,0,1,4,,0,,0,0,0,0,0,4,2,13
,2016_34906,39.75781591,-105.0013202,11/18/2016 20:00,20:00,6,0,0,19TH STREET & 1000 BLOCK,5,3,0,0,1,4,,0,0,0,0,0,0,0,4,2,13
,2016_34907,39.75781591,-105.0013202,7/2/2016 2:15,2:15,15,0,0,19TH STREET & 1400 BLOCK,2,3,0,0,1,4,,0,35,0,0,0,0,0,4,2,5
,2016_34908,39.752001,-104.9938155,11/8/2016 18:40,18:40,12,0,0,19TH STREET & LARIMER STREET,1,3,0,0,1,3,,0,25,0,0,0,0,0,4,2,13
,2016_34909,39.757653,-104.998635,3/5/2016 14:50,14:50,12,0,0,20TH STREET & CHESTNUT PLACE,1,1,1,7,1,4,,0,30,0,0,0,0,0,4,2,16
,2016_34910,39.757653,-104.998635,7/24/2016 18:55,18:55,12,0,0,20TH STREET 2000 BLOCK & CHESTNUT PLACE,1,1,1,7,1,4,,0,30,0,0,0,0,0,4,2,7
,2016_34911,39.7485,-104.984424,3/22/2016 2:15,2:15,6,0,0,21ST STREET & GLENARM PLACE,1,3,0,0,1,1,,0,30,0,0,0,0,0,4,3,13
,2016_34912,39.694617,-104.9847705,12/15/2016 20:06,20:06,6,0,0,SHERMAN STREET 1200 BLOCK NORTH & 12TH AVENUE EAST,1,3,0,0,1,2,,0,30,0,0,0,0,0,4,2,7
,2016_34913,39.75075,-104.984946,9/16/2016 8:35,8:35,3,0,1,22ND STREET & CALIFORNIA STREET,1,1,0,0,1,1,,0,30,0,0,0,0,2,4,2,13
,2016_34914,39.753999,-104.9842935,12/1/2016 17:26,17:26,1,0,0,24TH STREET 900 BLOCK & CHAMPA STREET,1,3,0,0,1,3,,0,25,0,0,0,0,0,4,2,4
,2016_34915,39.765843,-104.988492,12/30/2016 22:20,22:20,10,0,0,29TH STREET 1900 BLOCK & ARKINS COURT,1,3,0,0,1,4,,0,,0,0,0,0,0,4,2,1
,2016_34916,39.74001,-104.99202,5/1/2016 4:59,4:59,6,0,0,52ND AVENUE & 1800 BLOCK WEST,2,4,0,1,1,4,,0,25,0,0,0,0,0,4,2,5
,2016_34917,39.727305,-104.9986125,7/12/2016 7:25,7:25,12,0,0,SANTA FE DRIVE NORTH & SEVENTH AVENUE WEST,1,1,0,7,1,1,,0,35,0,0,0,0,0,4,2,1
,2016_34918,39.73527,-104.9987025,9/1/2016 14:20,14:20,3,0,0,SANTA FE DRIVE NORTH & 12TH AVENUE WEST,1,1,0,0,1,3,,0,30,0,0,0,0,0,4,2,13
,2016_34919,39.711186,-104.997132,7/15/2016 8:00,8:00,3,0,0,SANTA FE DRIVE SOUTH & ALAMEDA AVENUE WEST,1,1,0,7,1,1,,0,25,0,0,0,0,0,4,2,16
,2016_34920,39.711186,-104.997132,11/11/2016 12:34,12:34,15,0,0,SANTA FE DRIVE 300 BLOCK SOUTH & ALAMEDA AVENUE WEST,1,1,0,0,1,3,,0,25,0,0,0,0,0,4,2,1
,2016_34921,39.711186,-104.997132,11/15/2016 7:29,7:29,3,0,0,SANTA FE DRIVE SOUTH & ALAMEDA AVENUE WEST,1,1,0,7,1,1,,0,30,0,0,0,0,0,4,2,16
,2016_34922,39.712266,-104.997654,2/16/2016 11:19,11:19,15,0,0,SANTA FE DRIVE SOUTH & BYERS PLACE WEST,1,1,1,7,1,1,,0,30,0,0,0,0,0,4,2,8
,2016_34923,39.745755,-105.000174,1/15/2016 22:47,22:47,9,0,0,SPEER BOULEVARD NORTH & LAWRENCE STREET,1,3,0,0,1,1,,0,35,0,0,0,0,0,4,3,13
,2016_34924,39.725649,-104.986314,9/27/2016 15:30,15:30,12,0,0,SPEER BOULEVARD 100 BLOCK EAST & LINCOLN STREET NORTH,1,1,1,0,1,4,,0,35,0,0,0,0,0,4,2,3
,2016_34925,39.650499,-105.053085,7/5/2016 17:14,17:14,1,0,0,SHERIDAN BOULEVARD SOUTH & KENYON AVENUE WEST,1,1,0,0,1,1,,0,35,0,0,0,0,0,4,3,7
,2016_34926,39.713859,-104.9850315,4/15/2016 17:36,17:36,3,0,0,SHERMAN STREET SOUTH & MAPLE AVENUE EAST,2,1,0,7,1,1,,0,25,0,0,0,0,0,4,2,3
,2016_34927,39.774528,-104.9223105,11/25/2016 1:33,1:33,5,0,0,SMITH ROAD & HOLLY STREET NORTH,1,3,0,0,2,1,,0,35,0,0,0,0,0,4,1,13
,2016_34928,39.73851768,-104.9969761,12/8/2016 12:36,12:36,12,0,0,SPEER BOULEVARD & 2800 BLOCK,1,1,1,0,1,4,,0,30,0,0,0,0,1,4,2,13
,2016_34929,39.738456,-104.9976405,5/10/2016 22:10,22:10,3,0,0,SPEER BOULEVARD & 14TH AVENUE WEST,1,3,0,0,1,1,,0,30,0,0,0,0,0,4,2,5
,2016_34930,39.758445,-105.0213735,3/11/2016 15:35,15:35,12,0,0,SPEER BOULEVARD NORTH & 29TH AVENUE WEST,1,1,1,7,1,1,,0,35,0,0,0,0,0,4,2,8
,2016_34931,39.744468,-105.0000435,10/26/2016 8:30,8:30,15,0,0,SPEER BOULEVARD & ARAPAHOE STREET,1,1,0,7,1,4,,0,30,0,0,0,0,0,4,2,16
,2016_34932,39.729717,-104.9912235,11/12/2016 9:03,9:03,12,0,0,SPEER BOULEVARD 700 BLOCK NORTH & BANNOCK STREET NORTH,1,1,0,7,1,3,,0,30,0,0,0,0,0,4,2,7
,2016_34933,39.742263,-104.9993505,12/2/2016 22:15,22:15,15,0,0,SPEER BOULEVARD NORTH & CHAMPA STREET,1,3,0,7,1,4,,0,35,0,0,0,0,0,4,2,16
,2016_34934,39.740022,-104.998824,8/8/2016 8:23,8:23,12,0,0,SPEER BOULEVARD NORTH & COLFAX AVENUE WEST,1,1,0,7,1,4,,0,40,0,0,0,0,0,4,3,14
,2016_34935,39.746403,-105.0014385,7/14/2016 23:02,23:02,15,0,0,SPEER BOULEVARD NORTH & LARIMER STREET,1,3,0,7,1,1,,0,30,0,0,0,0,0,4,2,16
,2016_34936,39.745755,-105.000174,10/2/2016 13:20,13:20,15,0,0,SPEER BOULEVARD NORTH & LAWRENCE STREET,1,1,0,0,1,4,,0,35,0,0,0,0,0,4,2,13
,2016_34937,39.702546,-105.0109965,4/6/2016 2:30,2:30,6,0,0,TEJON STREET SOUTH & OHIO AVENUE WEST,1,4,0,0,1,4,,0,25,0,0,0,0,0,4,2,5
,2016_34938,39.747672,-105.002334,1/3/2016 8:35,8:35,3,0,0,SPEER BOULEVARD & MARKET STREET,1,1,0,0,1,1,,0,30,0,0,0,0,0,4,2,13
,2016_34939,39.741426,-104.9988915,4/21/2016 9:19,9:19,12,0,0,SPEER BOULEVARD & STOUT STREET,1,1,0,0,1,4,,0,45,0,0,0,0,0,4,2,14
,2016_34940,39.748752,-105.003324,3/29/2016 21:55,21:55,15,0,0,SPEER BOULEVARD 1500 BLOCK & WAZEE STREET,2,3,0,1,1,4,,0,35,0,0,0,0,0,4,2,16
,2016_34941,39.750192,-105.0047415,1/7/2016 8:20,8:20,12,0,0,SPEER BOULEVARD & WEWATTA STREET,1,1,0,0,1,1,,0,25,0,0,0,0,0,4,2,13
,2016_34942,39.716235,-104.949963,11/21/2016 13:06,13:06,1,0,0,STEELE STREET NORTH & ELLSWORTH AVENUE EAST,1,1,0,7,1,1,,0,30,0,0,0,0,0,4,2,16
,2016_34943,39.74384859,-104.9955888,2/9/2016 8:45,8:45,15,0,0,STOUT STREET & 1500 BLOCK,1,1,0,0,1,4,,0,30,0,0,0,0,0,4,2,8
,2016_34945,39.74001,-104.99202,3/17/2016 17:19,17:19,6,0,0,STREET PAUL STREET & 1300 BLOCK NORTH,2,1,0,2,1,4,,0,25,0,0,0,0,0,4,2,13
,2016_34946,39.74001,-104.99202,2/24/2016 15:32,15:32,6,0,0,STREET PAUL STREET & 3300 BLOCK NORTH,1,1,0,0,1,4,,0,30,0,0,0,0,0,4,2,1
,2016_34947,39.745593,-104.898753,4/28/2016 17:07,17:07,6,0,0,SYRACUSE STREET NORTH & 19TH AVENUE EAST,1,1,0,0,1,4,,0,25,0,0,0,0,0,4,2,13
,2016_34948,39.64588616,-104.8956573,5/28/2016 3:38,3:38,5,0,1,TAMARAC DRIVE SOUTH & 3800 BLOCK,1,3,1,0,2,4,,0,30,0,0,0,0,2,4,1,5
,2016_34949,39.654279,-104.8988205,7/29/2016 22:41,22:41,12,0,0,TAMARAC DRIVE 3300 BLOCK SOUTH & GIRARD AVENUE EAST,1,3,0,7,1,4,,0,30,0,0,0,0,1,4,3,16
,2016_34950,39.649095,-104.8978305,12/30/2016 15:22,15:22,12,0,0,TAMARAC DRIVE 3500 BLOCK SOUTH & ROSEMARY WAY SOUTH,1,1,0,7,1,1,,0,30,0,0,0,0,0,4,2,14
,2016_34951,39.791088,-105.043905,1/25/2016 12:19,12:19,3,0,0,TENNYSON STREET NORTH & 52ND AVENUE WEST,1,1,1,0,1,1,,0,25,0,0,0,0,1,4,2,13
,2016_34952,39.74001,-104.99202,10/17/2016 11:15,11:15,15,0,0,13TH AVENUE & 1200 BLOCK EAST,1,1,0,0,1,4,,0,60,0,0,0,0,0,4,2,14
,2016_34953,39.785886,-104.7722445,12/1/2016 20:40,20:40,10,0,0,TOWER ROAD NORTH & 49TH AVENUE EAST,1,3,0,0,1,1,,0,10,0,0,0,0,0,4,2,3
,2016_34954,39.71950109,-104.95944,8/14/2016 20:40,20:40,12,0,0,UNIVERSITY BOULEVARD & 2100 BLOCK SOUTH,1,2,0,0,1,4,,0,35,0,0,0,0,1,4,2,3
,2016_34955,39.719412,-104.95944,3/31/2016 9:19,9:19,12,0,0,UNIVERSITY BOULEVARD NORTH & SECOND AVENUE EAST,2,1,0,2,1,1,,0,30,0,0,0,0,0,4,2,16
,2016_34956,39.715263,-104.959323,6/30/2016 8:20,8:20,12,0,0,UNIVERSITY BOULEVARD SOUTH & CHERRY CREEK DRIVE SOUTH,1,1,0,0,1,1,,0,30,0,0,0,0,0,4,2,3
,2016_34957,39.678363,-104.959404,5/18/2016 20:33,20:33,1,0,1,UNIVERSITY BOULEVARD SOUTH & EVANS AVENUE EAST,1,3,0,7,1,1,,0,30,0,0,0,0,2,4,2,1
,2016_34958,39.702006,-104.959341,7/26/2016 17:15,17:15,12,0,0,UNIVERSITY BOULEVARD 800 BLOCK SOUTH & OHIO AVENUE EAST,1,1,0,7,1,1,,0,30,0,0,0,0,0,4,2,8
,2016_34959,39.702006,-104.959341,11/2/2016 19:08,19:08,12,0,0,UNIVERSITY BOULEVARD SOUTH & OHIO AVENUE EAST,1,3,0,7,1,4,,0,30,0,0,0,0,1,4,2,16
,2016_34960,39.707487,-104.959323,5/6/2016 17:50,17:50,12,0,0,UNIVERSITY BOULEVARD 500 BLOCK SOUTH & VIRGINIA AVENUE EAST,1,1,1,7,1,3,,0,30,0,0,0,0,0,4,2,14
,2016_34961,39.669462,-104.9875335,9/14/2016 16:18,16:18,6,0,0,VASSAR AVENUE EAST & BROADWAY STREET SOUTH,1,1,0,0,1,4,,0,25,0,0,0,0,0,4,2,13
,2016_34962,39.7962951,-104.889474,8/20/2016 1:57,1:57,6,0,0,WABASH STREET NORTH & 1700 BLOCK,1,4,0,0,1,4,,0,25,0,0,0,0,0,4,3,13
,2016_34963,39.766653,-104.9765805,3/18/2016 9:18,9:18,10,0,0,WALNUT STREET & 34TH STREET,5,1,0,0,1,4,,0,30,0,0,0,0,0,4,5,14
,2016_34965,39.676572,-104.946561,12/8/2016 15:35,15:35,3,0,0,WARREN AVENUE EAST & MADISON STREET SOUTH,4,1,0,7,1,1,,0,30,0,0,0,0,0,4,2,2
,2016_34966,39.75822,-104.973363,6/7/2016 15:45,15:45,3,0,0,WELTON STREET & DOWNING STREET NORTH,1,1,0,0,1,1,,0,30,0,0,0,0,0,4,2,13
,2016_34967,39.771333,-104.9659515,6/9/2016 17:50,17:50,3,0,0,WILLIAMS STREET NORTH & 39TH AVENUE EAST,1,1,0,7,1,1,,0,25,0,0,0,0,1,4,2,10
,2016_34968,39.7748035,-105.0497508,1/9/2016 7:50,7:50,6,0,0,XAVIER STREET & 2596 SOUTH,5,1,0,0,3,1,,0,25,0,0,0,0,0,4,2,13
,2016_34969,39.667725,-104.9787631,5/7/2016 17:18,17:18,3,0,0,YALE AVENUE & 7500 BLOCK WEST,1,1,0,0,1,2,,0,30,0,0,0,0,1,4,2,7