id,drcog_id,latitude,longitude,crashtime,time,crashtype,numbkilled,numbinjurd,drcoglocat,rdconditin,lightngcon,roadcntgrd,weatherco,location,roaddescrp,schoolzone,constrzone,splimit,bikeinv,pedinv,sctrinv,motoinv,svrty,rdsystem,ttlvehcls,hcf
,2016_34970,39.667464,-104.929416,1/8/2016 9:55,9:55,14,0,0,YALE AVENUE EAST & FAIRFAX STREET SOUTH,8,1,1,2,1,4,,0,35,0,0,0,0,1,4,2,14
,2016_34971,39.667626,-104.9036175,2/15/2016 14:00,14:00,1,0,2,YALE AVENUE EAST & QUEBEC STREET SOUTH,1,1,1,0,1,1,,0,30,0,0,0,0,2,4,2,13
,2016_34972,39.783618,-104.774463,9/29/2016 13:20,13:20,10,0,0,YAMPA STREET 4700 BLOCK NORTH & GREEN VALLEY RANCH BOULEVARD EAST,1,1,0,0,1,2,,0,30,0,0,0,0,0,4,2,14
,2016_34973,39.729456,-105.051042,6/12/2016 13:57,13:57,12,0,0,YATES STREET & EIGHTH AVENUE NORTH,1,1,0,0,1,2,,0,25,0,0,0,0,0,4,2,13
,2016_34974,39.7821206,-104.9592915,10/18/2016 18:18,18:18,12,0,0,YORK STREET & 1300 BLOCK NORTH,1,3,0,0,1,4,,0,25,0,0,0,0,0,4,2,13
,2016_34975,39.7821206,-104.9592915,5/10/2016 6:40,6:40,15,0,0,YORK STREET & 3100 BLOCK NORTH,1,1,0,0,1,4,,0,30,0,0,0,0,0,4,3,7
,2016_34976,39.7821206,-104.9592915,7/15/2016 17:57,17:57,12,0,0,YORK STREET & 3100 NORTH,2,1,0,1,1,3,,0,35,0,0,0,0,0,4,3,13
,2016_34977,39.762018,-105.015843,2/18/2016 19:36,19:36,6,0,0,ZUNI STREET & 32ND AVENUE WEST,1,3,1,0,1,4,,0,30,0,0,0,0,0,4,2,14
,2016_35276,39.707496,-104.9816025,8/15/2016 8:34,8:34,6,0,0,PENNSYLVANIA & VIRGINIA AVENUE EAST,1,1,0,0,1,4,,0,25,0,0,0,0,0,4,2,14
,2016_35425,39.678489,-104.9652315,12/7/2016 15:00,15:00,5,0,0,EVANS AVENUE 2000 BLOCK EAST & HIGH STREET SOUTH,4,1,1,7,3,4,,0,30,0,0,0,0,0,4,1,16
,2016_35430,39.728223,-105.0373035,12/28/2016 15:51,15:51,6,0,0,SEVENTH AVENUE & NEWTON STREET,1,1,0,0,1,4,,0,25,0,0,0,0,0,4,2,13
,2016_35456,39.758499,-105.034617,4/22/2016 19:30,19:30,12,0,0,29TH AVENUE WEST & LOWELL BOULEVARD NORTH,1,3,0,7,1,1,,0,25,0,0,0,0,0,4,2,16
,2016_35581,39.784896,-104.8408605,12/26/2016 2:55,2:55,5,0,0,ANDREWS DRIVE EAST & TULSA COURT NORTH,1,3,0,7,2,4,,0,25,0,0,0,0,0,4,1,7
,2016_35586,39.759579,-105.0017805,12/7/2016 20:23,20:23,15,0,0,LITTLE RAVEN STREET & 20TH STREET,5,3,1,0,1,3,,0,30,0,0,0,0,0,4,2,13
,2016_35693,39.740166,-104.9526968,9/30/2016 15:25,15:25,6,0,0,FILLMORE / MILWAUKEE ALLEY & 300 BLOCK NORTH,1,1,1,0,1,5,,0,,0,0,0,0,0,4,2,13
,2016_35700,39.711159,-104.9900175,10/2/2016 2:30,2:30,12,0,0,ALAMEDA AVENUE WEST & BANNOCK STREET SOUTH,1,3,0,0,1,1,,0,,0,0,0,0,0,4,2,13
,2016_35708,39.844602,-104.6809395,10/27/2016 13:00,13:00,15,0,0,PENA BOULEVARD & 4000 BLOCK,1,1,0,0,1,4,,0,65,0,0,0,0,0,4,2,14
,2016_35715,39.751002,-104.8962465,9/15/2016 1:36,1:36,6,0,0,23RD AVENUE & SPRUCE STREET NORTH,1,3,0,0,1,4,,0,25,0,0,0,0,1,4,3,5
,2016_35717,39.7716201,-104.9898212,1/2/2016 12:00,12:00,12,0,0,BROADWAY STREET & 00 BLOCK NORTH,1,1,1,0,1,4,,0,,0,0,0,0,0,4,2,13
,2016_35718,39.69666,-104.8917105,3/26/2016 14:45,14:45,3,0,0,MISSISSIPPI AVENUE EAST & VALENTIA STREET SOUTH,2,1,0,0,1,1,,0,40,0,0,0,0,0,4,2,13
,2016_35719,39.74481,-104.9610015,4/14/2016 9:50,9:50,6,0,0,GAYLORD STREET & 18TH AVENUE EAST,1,1,0,0,1,4,,0,25,0,0,0,0,0,4,2,13
,2016_35720,39.742263,-104.9993505,5/22/2016 20:04,20:04,12,0,0,SPEER BOULEVARD & CHAMPA STREET,1,1,0,0,1,4,,0,35,0,0,0,0,0,4,2,5
,2016_35722,39.743775,-104.9034825,5/31/2016 18:26,18:26,12,0,0,QUEBEC STREET NORTH & 17TH AVENUE EAST,1,1,0,0,1,4,,0,35,0,0,0,0,0,4,3,14
,2016_35723,39.736845,-104.9873715,7/17/2016 11:55,11:55,10,0,0,BROADWAY NORTH & 13TH AVENUE EAST,1,1,0,0,1,4,,0,35,0,0,0,0,1,4,2,13
,2016_35724,39.7611,-104.983794,8/9/2016 4:20,4:20,6,0,0,WALNUT STREET & 28TH STREET,1,3,0,0,1,4,,0,,0,0,0,0,0,4,6,13
,2016_35725,39.707505,-104.98635,8/16/2016 22:15,22:15,3,0,0,LINCOLN STREET SOUTH & VIRGINIA AVENUE EAST,1,4,0,0,1,1,,0,30,0,0,0,0,0,4,2,13
,2016_35726,39.696606,-104.980392,8/19/2016 0:24,0:24,6,0,0,MISSISSIPPI AVENUE & PEARL STREET SOUTH,1,3,0,0,1,4,,0,25,0,0,0,0,1,4,3,5
,2016_35727,39.79026,-104.8097835,8/19/2016 22:55,22:55,1,0,0,53RD AVENUE EAST & CHAMBERS ROAD NORTH,2,3,0,0,1,1,,0,40,0,0,0,0,0,4,2,14
,2016_35728,39.768948,-104.995332,8/21/2016 0:15,0:15,15,0,0,38TH AVENUE WEST & FOX STREET NORTH,1,3,0,0,1,1,,0,35,0,0,0,0,0,4,2,7
,2016_35729,39.698532,-105.021531,8/22/2016 3:00,3:00,6,0,0,DALE COURT SOUTH & TENNESSEE AVENUE WEST,1,1,0,0,1,4,,0,,0,0,0,0,0,4,2,13
,2016_35730,39.751002,-104.903442,8/23/2016 7:52,7:52,12,0,0,QUEBEC STREET NORTH & 23RD AVENUE EAST,1,1,1,0,1,1,,0,35,0,0,0,0,0,4,4,7
,2016_35731,39.77171824,-104.90281,8/24/2016 17:15,17:15,12,0,0,QUEBEC STREET & 3203 NORTH,2,1,0,1,1,2,,0,35,0,0,0,0,0,4,3,13
,2016_35732,39.678174,-105.029802,8/25/2016 5:51,5:51,1,0,0,EVANS AVENUE WEST & IRVING STREET SOUTH,1,1,0,0,1,1,,0,25,0,0,0,0,0,4,2,3
,2016_35733,39.673008,-104.9508315,8/25/2016 9:03,9:03,6,0,0,SAINT PAUL STREET SOUTH & WESLEY AVENUE EAST,1,1,0,0,1,4,,0,25,0,0,0,0,0,4,2,13
,2016_35734,39.674889,-104.973471,8/25/2016 12:15,12:15,3,0,0,ILIFF AVENUE EAST & DOWNING STREET SOUTH,1,1,0,0,1,1,,0,30,0,0,0,0,0,4,2,13
,2016_35735,39.764394,-105.02361,8/29/2016 11:54,11:54,6,0,0,34TH AVENUE WEST & ELIOT STREET NORTH,1,1,0,0,1,4,,0,30,0,0,0,0,0,4,2,14
,2016_35736,39.737259,-104.908131,8/31/2016 11:09,11:09,10,0,0,13TH AVENUE EAST & ONEIDA STREET NORTH,1,1,0,0,1,1,,0,30,0,0,0,0,0,4,2,8
,2016_35737,39.785652,-104.893254,8/31/2016 15:17,15:17,3,0,0,NORTHFIELD BOULEVARD & UNITA STREET NORTH,1,1,0,0,1,1,,0,35,0,0,0,0,0,4,2,13
,2016_35738,39.733839,-104.987394,9/1/2016 19:50,19:50,12,0,0,BROADWAY NORTH & 11TH AVENUE,1,2,0,0,1,1,,0,35,0,0,0,0,1,4,2,14
,2016_35739,39.722616,-104.982624,9/5/2016 1:05,1:05,5,0,0,SPEER BOULEVARD EAST & LOGAN STREET NORTH,1,4,0,0,3,4,,0,30,0,0,0,0,0,4,1,5
,2016_35740,39.75696,-104.9659515,9/6/2016 18:42,18:42,6,0,0,28TH AVENUE EAST & WILLIAMS STREET NORTH,1,1,0,0,1,4,,0,,0,0,0,0,0,4,2,13
,2016_35741,39.634749,-105.1032285,9/9/2016 8:59,8:59,10,0,1,STANFORD AVENUE & HOLLAND STREET SOUTH,1,1,0,0,1,3,,0,25,0,0,0,0,2,4,3,7
,2016_35742,39.750192,-105.0047415,9/14/2016 7:01,7:01,12,0,0,SPEER BOULEVARD & WEWATTA STREET,1,1,0,0,1,1,,0,35,0,0,0,0,0,4,3,13
,2016_35743,39.647502,-104.884983,9/14/2016 8:04,8:04,1,0,0,YOSEMITE STREET SOUTH & LEHIGH AVENUE EAST,1,1,0,0,1,1,,0,,0,0,0,0,0,4,2,13
,2016_35744,39.74001,-104.99202,9/14/2016 8:55,8:55,12,0,0,13TH AVENUE & 600 BLOCK WEST,1,1,0,0,1,3,,0,30,0,0,0,0,1,4,3,13
,2016_35745,39.753198,-105.0025905,9/15/2016 17:04,17:04,12,0,0,WEWATTA STREET & 16TH STREET,1,1,0,0,1,3,,0,25,0,0,0,0,0,4,2,13
,2016_35746,39.733092,-105.051042,9/15/2016 17:45,17:45,12,0,0,10TH AVENUE WEST & YATES STREET NORTH,1,1,0,0,1,3,,0,25,0,0,0,0,1,4,3,4
,2016_35747,39.689325,-104.931702,9/20/2016 7:50,7:50,15,0,0,FLORIDA AVENUE & DAHLIA STREET,1,1,0,0,1,3,,0,35,0,0,0,0,0,4,2,14
,2016_35748,39.745593,-104.898753,9/20/2016 7:50,7:50,3,0,0,19TH AVENUE EAST & SYRACUSE STREET,1,1,0,0,1,3,,0,20,0,0,0,0,1,4,2,8
,2016_35749,39.785634,-104.897601,9/26/2016 20:14,20:14,15,0,0,NORTHFIELD BOULEVARD & SPRUCE WAY NORTH,1,3,0,0,1,4,,0,,0,0,0,0,0,4,3,13
,2016_35750,39.728943,-105.000183,10/3/2016 11:07,11:07,12,0,0,KALAMATH STREET NORTH & EIGHTH AVENUE WEST,1,1,0,0,1,4,,0,30,0,0,0,0,0,4,2,3
,2016_35751,39.725424,-104.903793,10/28/2016 12:05,12:05,5,0,0,SIXTH AVENUE EAST & QUEBEC STREET NORTH,1,1,0,0,2,4,,0,30,0,0,0,0,0,4,1,14
,2016_35752,39.838023,-104.7097305,10/5/2016 6:00,6:00,14,0,1,CALAWBA COURT & 78TH AVENUE EAST,1,3,0,0,1,3,,0,25,0,0,0,0,2,4,2,7
,2016_35753,39.749886,-104.998311,10/5/2016 17:18,17:18,15,0,0,MARKET STREET & 16TH STREET,1,1,0,0,1,4,,0,30,0,0,0,0,0,4,2,13
,2016_35754,39.766266,-104.973633,7/26/2016 21:40,21:40,6,0,0,LAWRENCE STREET & 35TH STREET,1,3,0,0,1,4,,0,25,0,0,0,0,0,4,2,7
,2016_35755,39.71835,-104.9745915,10/5/2016 20:55,20:55,15,0,0,SPEER BOULEVARD EAST & CORONA STREET NORTH,1,4,0,0,1,1,,0,30,0,0,0,0,0,4,2,14
,2016_35756,39.71655,-104.998572,10/7/2016 12:24,12:24,12,0,0,SANTA FE DRIVE SOUTH & ELLSWORTH AVENUE WEST,1,1,1,0,1,1,,0,30,0,0,0,0,1,4,2,13
,2016_35757,39.736899,-105.01596,10/9/2016 17:20,17:20,10,0,0,13TH AVENUE WEST & ZUNI STREET NORTH,1,1,0,0,1,1,,1,30,0,0,0,0,0,4,2,13
,2016_35758,39.689559,-105.0520905,10/11/2016 6:49,6:49,12,0,0,FLORIDA AVENUE & ZENOBIA STREET SOUTH,1,2,0,0,1,4,,0,30,0,0,0,0,0,4,2,13
,2016_35759,39.780873,-104.8829445,10/14/2016 13:46,13:46,15,0,0,46TH AVENUE EAST & CENTRAL PARK BOULEVARD,1,1,0,0,1,1,,0,25,0,0,0,0,0,4,2,13
,2016_35760,39.75633,-105.015852,11/8/2016 9:39,9:39,12,0,0,SPEER BOULEVARD WB & ZUNI STREET,1,1,0,0,1,1,,0,35,0,0,0,0,0,4,2,13
,2016_35761,39.728934,-104.9906115,11/8/2016 15:19,15:19,12,0,0,EIGHTH AVENUE WEST & SPEER BOULEVARD,1,1,0,0,1,1,,0,30,0,0,0,0,0,4,2,13
,2016_35762,39.740022,-105.000012,11/28/2016 11:46,11:46,15,0,0,SANTA FE DRIVE NORTH & COLFAX AVENUE EAST,1,1,0,0,1,2,,0,30,0,0,0,0,0,4,2,1
,2016_35763,39.68388,-104.9509035,12/21/2016 15:36,15:36,5,0,0,SAINT PAUL STREET SOUTH & COLORADO AVENUE EAST,1,1,0,0,1,4,,0,30,0,0,0,0,0,4,1,14
,2016_35764,39.77666713,-104.9911518,12/28/2016 13:30,13:30,6,0,0,CHEROKEE STREET & 188 SOUTH,1,1,0,0,1,4,,0,,0,0,0,0,0,4,2,13
,2016_35765,39.718197,-104.9558355,4/1/2016 12:13,12:13,12,0,0,FIRST AVENUE 2700 BLOCK EAST & CLAYTON LANE NORTH,1,1,0,0,1,3,,0,30,0,0,0,0,0,4,2,3
,2016_35766,39.718197,-104.9558355,7/13/2016 12:50,12:50,15,0,0,FIRST AVENUE 2600 BLOCK EAST & CLAYTON AVENUE NORTH,1,1,0,0,1,3,,0,30,0,0,0,0,0,4,2,13
,2016_35767,39.718197,-104.9558355,7/15/2016 9:01,9:01,15,0,0,FIRST AVENUE 2600 BLOCK EAST & CLAYTON LANE NORTH,1,1,0,0,1,4,,0,35,0,0,0,0,0,4,2,14
,2016_35768,39.718206,-104.954625,7/14/2016 10:11,10:11,15,0,0,FIRST AVENUE 2800 BLOCK EAST & DETROIT STREET NORTH,1,1,0,0,1,4,,0,20,0,0,0,0,0,4,2,14
,2016_35769,39.718152,-105.032484,5/23/2016 8:20,8:20,13,0,0,FIRST AVENUE WEST & KNOX COURT SOUTH,1,1,0,0,1,1,,0,30,0,0,0,0,0,4,2,13
,2016_35770,39.718026,-104.9522265,1/5/2016 13:06,13:06,12,0,0,FIRST AVENUE 2900 BLOCK EAST & MILWAUKEE STREET NORTH,1,1,0,0,1,4,,0,30,0,0,0,0,0,4,4,13
,2016_35771,39.718404,-104.903784,3/25/2016 8:49,8:49,3,0,0,FIRST AVENUE EAST & QUEBEC STREET NORTH,1,1,0,0,1,1,,0,35,0,0,0,0,0,4,2,13
,2016_35772,39.720924,-104.9875065,12/22/2016 10:25,10:25,3,0,0,THIRD AVENUE & BROADWAY STREET NORTH,1,1,1,0,1,2,,0,25,0,0,0,0,0,4,2,13
,2016_35773,39.721941,-104.9729445,11/14/2016 9:06,9:06,3,0,0,FOURTH AVENUE EAST & DOWNING STREET NORTH,1,1,0,7,1,1,,0,25,0,0,0,0,0,4,2,16
,2016_35774,39.72411,-104.9546115,10/23/2016 15:44,15:44,6,0,0,FIFTH AVENUE EAST & DETROIT STREET NORTH,1,1,0,0,1,4,,0,25,0,0,0,0,0,4,2,14
,2016_35775,39.725631,-104.9874435,12/27/2016 13:09,13:09,15,0,0,SIXTH AVENUE & BROADWAY NORTH,1,1,0,0,1,4,,0,60,0,0,0,0,0,4,2,14
,2016_35776,39.725658,-104.9908725,8/9/2016 14:25,14:25,10,0,0,SIXTH AVENUE WEST & BANNOCK STREET NORTH,1,1,0,0,1,1,,0,30,0,0,0,0,0,4,2,8
,2016_35777,39.725631,-104.9874435,6/22/2016 6:38,6:38,12,0,0,SIXTH AVENUE 000 BLOCK WEST & BROADWAY STREET NORTH,1,1,0,7,1,2,,0,30,0,0,0,0,0,4,2,14
,2016_35778,39.725694,-104.995197,12/21/2016 20:05,20:05,10,0,0,SIXTH AVENUE WEST & FOX STREET NORTH,1,3,0,0,1,1,,0,35,0,0,0,0,0,4,4,13
,2016_35779,39.725316,-104.922801,11/2/2016 13:55,13:55,3,0,0,SIXTH AVENUE EAST & HOLLY STREET NORTH,1,1,0,7,1,1,,0,30,0,0,0,0,0,4,2,16
,2016_35780,39.725649,-104.986314,11/2/2016 7:47,7:47,12,0,0,SIXTH AVENUE EAST & LINCOLN STREET NORTH,1,3,0,7,1,1,,0,35,0,0,0,0,0,4,2,14
,2016_35781,39.72564,-104.982381,4/29/2016 11:27,11:27,3,0,0,SIXTH AVENUE EAST & LOGAN STREET NORTH,2,1,0,2,1,1,,0,30,0,0,0,0,0,4,2,2
,2016_35782,39.725334,-104.912793,7/12/2016 11:30,11:30,3,0,0,SIXTH AVENUE EAST & MONACO STREET NORTH,1,1,0,7,1,1,,0,30,0,0,0,0,1,4,2,7
,2016_35783,39.727287,-104.976423,1/21/2016 18:12,18:12,3,0,1,SEVENTH AVENUE EAST & EMERSON STREET NORTH,1,4,0,7,1,1,,0,30,0,0,0,0,2,4,2,16
,2016_35784,39.729087,-104.987412,6/15/2016 10:15,10:15,10,0,0,EIGHTH AVENUE EAST & BROADWAY STREET NORTH,1,1,0,0,1,1,,0,30,0,0,0,0,0,4,2,13
,2016_35785,39.729222,-104.931612,11/26/2016 13:23,13:23,6,0,0,EIGHTH AVENUE EAST & DAHLIA STREET,1,1,0,0,1,4,,0,35,0,0,0,0,1,4,3,14
,2016_35786,39.728934,-104.992866,2/12/2016 15:59,15:59,3,0,0,EIGHTH AVENUE WEST & DELAWARE STREET NORTH,1,1,0,7,1,3,,0,30,0,0,0,0,0,4,2,16
,2016_35787,39.728934,-104.992866,10/31/2016 17:10,17:10,12,0,0,EIGHTH AVENUE WEST & DELAWARE STREET NORTH,1,2,0,7,1,3,,0,35,0,0,0,0,0,4,2,12
,2016_35788,39.729078,-104.983614,2/1/2016 5:49,5:49,3,0,0,EIGHTH AVENUE EAST & GRANT STREET NORTH,2,1,0,2,1,1,,0,30,0,0,0,0,0,4,2,8
,2016_35789,39.729078,-104.983614,7/28/2016 13:38,13:38,15,0,0,EIGHTH AVENUE 300 BLOCK EAST & GRANT STREET NORTH,1,1,1,7,1,3,,0,30,0,0,0,0,0,4,2,16
,2016_35790,39.728943,-105.000183,5/23/2016 13:24,13:24,3,0,0,EIGHTH AVENUE WEST & KALAMATH STREET NORTH,1,1,1,0,1,1,,0,30,0,0,0,0,0,4,2,13
,2016_35791,39.729177,-104.8962915,12/27/2016 12:01,12:01,5,0,0,EIGHTH AVENUE & TRENTON STREET,1,1,0,0,3,3,,0,25,0,0,0,0,1,4,1,10
,2016_35792,39.731175,-105.021711,3/23/2016 13:15,13:15,3,0,0,NINTH AVENUE WEST & DECATUR STREET NORTH,4,1,0,2,1,1,,0,25,0,0,0,0,0,4,2,16
,2016_35793,39.73104,-104.925762,10/21/2016 21:00,21:00,6,0,1,NINTH AVENUE EAST & GLENCOE STREET NORTH,1,3,0,0,1,4,,0,15,0,0,0,0,2,4,2,2
,2016_35794,39.732003,-104.978682,5/6/2016 7:55,7:55,3,0,1,10TH AVENUE EAST & WASHINGTON STREET NORTH,1,1,0,0,1,1,,0,30,0,0,0,0,2,4,3,8
,2016_35795,39.733677,-105.0001605,10/28/2016 0:45,0:45,3,0,6,11TH AVENUE WEST & KALAMATH NORTH,1,3,0,0,1,3,,0,30,0,0,0,0,2,4,3,6
,2016_35796,39.73365,-104.9161545,10/29/2016 17:46,17:46,3,0,0,11TH AVENUE EAST & KRAMERIA STREET,1,2,0,7,1,1,,0,25,0,0,0,0,0,4,2,16
,2016_35797,39.732885,-104.9034735,6/28/2016 10:15,10:15,3,0,0,11TH AVENUE EAST & QUEBEC STREET NORTH,1,1,0,0,1,1,,0,35,0,0,0,0,0,4,2,7
,2016_35798,39.657474,-104.900085,10/1/2016 15:55,15:55,5,0,0,EASTMAN AVENUE 8000 BLOCK EAST & TAMARAC DRIVE 3300 SOUTH,1,1,1,0,3,2,,0,25,0,0,0,0,0,4,1,13
,2016_35799,39.735135,-104.9810625,12/30/2016 10:15,10:15,3,0,0,12TH AVENUE EAST & PENNSYLVANIA STREET NORTH,1,1,0,7,1,1,,0,30,0,0,0,0,0,4,2,16
,2016_35800,39.74001,-104.99202,10/18/2016 7:40,7:40,12,0,0,13TH AVENUE & 4400 BLOCK EAST,1,1,0,0,1,4,,0,30,0,0,0,0,0,4,2,3
,2016_35801,39.736845,-104.9873715,10/26/2016 14:20,14:20,12,0,0,13TH AVENUE EAST & BROADWAY STREET NORTH,1,1,1,7,1,4,,0,30,0,0,0,0,0,4,3,2
,2016_35802,39.736476,-104.933844,8/19/2016 13:21,13:21,10,0,0,13TH AVENUE EAST & CHERRY STREET NORTH,1,1,0,0,1,1,,0,30,0,0,0,0,0,4,2,8
,2016_35803,39.787875,-104.811444,12/31/2016 6:42,6:42,6,0,0,52ND AVENUE 15100 BLOCK EAST & FRASER STREET NORTH,1,3,0,0,1,4,,0,25,0,0,0,0,0,4,2,14
,2016_35804,39.736863,-104.9941215,6/1/2016 17:45,17:45,12,0,0,13TH AVENUE 500 BLOCK WEST & ELATI STREET NORTH,1,1,0,7,1,4,,0,30,0,0,0,0,0,4,2,7
,2016_35805,39.737259,-104.8999725,8/6/2016 15:10,15:10,5,0,0,13TH AVENUE EAST & ROSEMARY STREET NORTH,1,1,0,0,1,1,,0,30,0,0,0,0,0,4,1,8
,2016_35806,39.73725,-104.8952205,9/13/2016 15:55,15:55,10,0,0,13TH AVENUE EAST & TAMARAC STREET NORTH,1,1,0,0,1,1,,0,30,0,0,0,0,0,4,2,7
,2016_35808,39.736836,-104.965983,4/28/2016 17:30,17:30,6,0,0,13TH AVENUE 1700 BLOCK EAST & WILLIAMS STREET NORTH,1,1,0,7,1,4,,0,30,0,0,0,0,0,4,3,14
,2016_35809,39.73842,-104.976468,2/3/2016 7:38,7:38,3,0,0,14TH AVENUE EAST & EMERSON STREET NORTH,5,1,1,0,1,5,,0,30,0,0,0,0,0,4,3,13
,2016_35810,39.738438,-104.983623,2/3/2016 8:05,8:05,3,0,0,14TH AVENUE EAST & GRANT STREET NORTH,4,1,0,7,1,1,,0,30,0,0,0,0,0,4,2,16
,2016_35811,39.738357,-104.958702,5/11/2016 13:43,13:43,3,0,0,14TH AVENUE EAST & JOSEPHINE STREET NORTH,1,1,0,7,1,1,,0,30,0,0,0,0,0,4,2,16
,2016_35812,39.738456,-105.0311205,5/25/2016 17:14,17:14,15,0,0,14TH AVENUE WEST & JULIAN STREET NORTH,1,1,0,0,1,4,,0,25,0,0,0,0,0,4,2,9
,2016_35813,39.73833,-104.9450535,11/9/2016 17:33,17:33,3,0,0,14TH AVENUE EAST & MONROE STREET NORTH,1,3,0,7,1,1,,0,30,0,0,0,0,0,4,2,16
,2016_35814,39.738375,-104.9622525,7/18/2016 17:00,17:00,6,0,0,14TH AVENUE & VINE STREET,1,1,0,0,1,4,,0,30,0,0,0,0,0,4,2,13
,2016_35815,39.738474,-105.047523,10/1/2016 7:15,7:15,6,0,0,14TH AVENUE WEST & WINONA COURT,1,1,0,0,1,4,,0,30,0,0,0,0,0,4,2,13
,2016_35816,39.738366,-104.9598225,6/20/2016 10:05,10:05,6,0,0,14TH AVENUE EAST & YORK STREET NORTH,1,1,0,0,1,4,,0,30,0,0,0,0,0,4,2,13
,2016_35817,39.7427265,-105.043428,12/13/2016 21:00,21:00,6,0,0,16TH AVENUE & 2200 BLOCK,1,3,0,0,1,4,,0,30,0,0,0,0,0,4,2,13
,2016_35818,39.741651,-104.9734305,5/5/2016 17:36,17:36,12,0,0,16TH AVENUE 1200 BLOCK EAST & DOWNING STREET NORTH,1,1,0,7,1,4,,0,30,0,0,0,0,0,4,2,3
,2016_35819,39.743802,-104.9566815,1/29/2016 16:00,16:00,15,0,0,17TH AVENUE EAST & ESPLANADE PARKWAY,1,1,0,0,1,3,,0,15,0,0,0,0,0,4,2,7
,2016_35820,39.743379,-104.9257935,1/3/2016 9:00,9:00,6,0,0,17TH AVENUE EAST & GLENCOE STREET NORTH,1,1,0,7,1,4,,0,25,0,0,0,0,0,4,4,3
,2016_35821,39.743928,-105.0299325,2/20/2016 9:07,9:07,10,0,0,17TH AVENUE 3200 BLOCK WEST & IRVING STREET,1,1,0,0,1,4,,0,25,0,0,0,0,0,4,2,13
,2016_35822,39.743415,-104.95926,2/20/2016 0:01,0:01,12,0,0,17TH AVENUE EAST & JOSEPHINE STREET NORTH,1,3,0,7,1,4,,0,35,0,0,0,0,0,4,2,14
,2016_35823,39.743226,-104.970906,5/17/2016 21:17,21:17,3,0,0,17TH AVENUE EAST & LAFAYETTE STREET NORTH,2,3,0,1,1,1,,0,30,0,0,0,0,0,4,3,8
,2016_35824,39.743478,-104.9128155,7/13/2016 16:30,16:30,12,0,0,17TH AVENUE EAST & MONACO STREET NORTH,1,1,0,7,1,1,,0,35,0,0,0,0,0,4,2,1
,2016_35825,39.743199,-104.962248,1/4/2016 17:23,17:23,3,0,0,17TH AVENUE EAST & VINE STREET NORTH,1,3,0,0,1,1,,0,30,0,0,0,0,0,4,2,14
,2016_35826,39.743244,-104.978736,3/26/2016 2:35,2:35,8,0,0,17TH AVENUE EAST & WASHINGTON STREET NORTH,1,3,0,7,1,1,,0,30,0,0,0,0,0,4,2,5
,2016_35827,39.744828,-104.969655,8/7/2016 13:30,13:30,10,0,0,18TH AVENUE EAST & HUMBOLDT STREET NORTH,1,1,0,0,1,1,,0,30,0,0,0,0,0,4,2,13
,2016_35828,39.744801,-104.9861205,4/30/2016 9:54,9:54,3,0,0,18TH AVENUE EAST & LINCOLN STREET NORTH,2,1,1,2,1,1,,0,30,0,0,0,0,1,4,2,8
,2016_35829,39.744819,-104.9721435,7/28/2016 9:00,9:00,1,0,0,18TH AVENUE EAST & MARION STREET NORTH,1,1,0,7,1,1,,0,30,0,0,0,0,0,4,2,16
,2016_35830,39.744846,-104.9748075,2/9/2016 12:18,12:18,15,0,0,18TH AVENUE & PARK AVENUE WEST,1,1,0,7,1,1,,0,35,0,0,0,0,0,4,2,16
,2016_35831,39.747519,-104.9782995,8/19/2016 13:30,13:30,15,0,0,20TH AVENUE 700 BLOCK EAST & PARK AVENUE,1,1,0,0,1,4,,0,30,0,0,0,0,0,4,3,13
,2016_35832,39.751029,-104.940783,12/10/2016 21:04,21:04,12,0,0,23RD AVENUE EAST & COLORADO BOULEVARD NORTH,1,3,0,7,1,4,,0,30,0,0,0,0,1,4,3,3
,2016_35833,39.750714,-104.978133,4/29/2016 9:10,9:10,12,0,0,23RD AVENUE EAST & WASHINGTON,2,1,0,1,1,1,,0,30,0,0,0,0,0,4,2,16
,2016_35834,39.755439,-104.9788935,1/12/2016 15:02,15:02,6,0,0,27TH AVENUE EAST & CALIFORNIA STREET,1,1,0,7,1,4,,0,20,0,0,0,0,0,4,2,16
,2016_35835,39.758265,-104.964714,12/21/2016 9:26,9:26,3,0,1,29TH AVENUE EAST & HIGH STREET NORTH,5,1,0,7,1,1,,0,25,0,0,0,0,2,4,2,7
,2016_35836,39.758445,-105.0213735,12/9/2016 14:00,14:00,3,0,0,29TH AVENUE WEST & SPEER BOULEVARD NORTH,2,1,0,7,1,1,,0,35,0,0,0,0,0,4,2,16
,2016_35837,39.760173,-104.931693,4/13/2016 20:00,20:00,6,0,0,30TH AVENUE EAST & DAHLIA STREET NORTH,1,3,0,0,6,4,,0,25,0,0,0,0,0,4,2,13
,2016_35838,39.760731,-104.9659515,6/17/2016 11:40,11:40,15,0,0,31ST AVENUE EAST & WILLIAMS STREET NORTH,1,1,0,0,1,1,,0,30,0,0,0,0,0,4,2,12