id,drcog_id,latitude,longitude,crashtime,time,crashtype,numbkilled,numbinjurd,drcoglocat,rdconditin,lightngcon,roadcntgrd,weatherco,location,roaddescrp,schoolzone,constrzone,splimit,bikeinv,pedinv,sctrinv,motoinv,svrty,rdsystem,ttlvehcls,hcf
,2016_35839,39.783807,-104.809833,6/27/2016 22:46,22:46,5,0,0,GATEWAY AVENUE EAST & CHAMBERS ROAD NORTH,1,4,0,0,2,4,,0,35,0,0,0,0,0,4,1,14
,2016_35840,39.765069,-104.8905405,11/17/2016 22:23,22:23,5,0,0,35TH AVENUE EAST & CENTAL PARK BOULEVARD NORTH,10,3,0,2,2,4,,0,35,0,0,0,0,0,4,3,14
,2016_35841,39.765627,-104.915214,5/7/2016 12:26,12:26,15,0,0,35TH AVENUE EAST & LEYDEN STREET NORTH,2,1,0,1,1,1,,0,25,0,0,0,0,0,4,2,13
,2016_35842,39.76733118,-104.8896186,11/18/2016 8:50,8:50,3,0,0,36TH AVENUE & QUINCE,5,1,0,0,1,2,,0,30,0,0,0,0,1,4,2,13
,2016_35843,39.769344,-104.865822,4/12/2016 8:25,8:25,15,0,0,37TH AVENUE 10500 BLOCK EAST & HAVANA STREET,1,1,0,0,1,4,,0,25,0,0,0,0,0,4,2,8
,2016_35844,39.769272,-105.0174225,4/12/2016 20:41,20:41,6,0,0,38TH AVENUE 2500 BLOCK WEST & ALCOTT STREET NORTH,1,3,0,0,1,4,,0,30,0,0,0,0,0,4,2,7
,2016_35845,39.769398,-105.0299505,12/28/2016 14:31,14:31,3,0,0,38TH AVENUE & IRVING STREET NORTH,1,1,0,0,1,2,,0,35,0,0,0,0,0,4,2,13
,2016_35846,39.769272,-105.0111945,5/2/2016 7:50,7:50,3,0,0,38TH AVENUE WEST & TEJON STREET,1,1,0,0,1,2,,0,35,0,0,0,0,0,4,2,14
,2016_35847,39.798126,-104.838741,2/1/2016 22:00,22:00,12,0,0,56TH AVENUE EAST & TUCSON STREET NORTH,4,3,0,2,1,1,,0,35,0,0,0,0,0,4,2,13
,2016_35848,39.771054,-104.949864,5/11/2016 16:22,16:22,12,0,0,39TH AVENUE EAST & STEELE STREET NORTH,2,1,0,1,1,1,,0,25,0,0,0,0,0,4,3,16
,2016_35849,39.772854,-104.941701,3/24/2016 15:10,15:10,12,0,0,40TH AVENUE EAST & HARRISON STREET NORTH,4,1,0,2,1,3,,0,35,0,0,0,0,0,4,2,13
,2016_35850,39.773115,-105.033402,5/19/2016 1:25,1:25,5,0,0,41ST AVENUE WEST & KING STREET NORTH,1,3,0,0,2,1,,0,25,0,0,0,0,0,4,1,13
,2016_35851,39.772476,-105.044013,12/21/2016 10:00,10:00,5,0,0,41ST AVENUE WEST & TENNYSON STREET NORTH,2,1,0,0,3,5,,0,10,0,0,0,0,0,4,1,13
,2016_35852,39.780162,-105.0064425,2/29/2016 19:36,19:36,3,0,0,46TH AVENUE WEST & PECOS STREET NORTH,1,2,0,0,1,2,,0,10,0,0,0,0,0,4,2,13
,2016_35853,39.79646182,-104.7479121,7/18/2016 9:00,9:00,6,0,0,47TH AVENUE & KILLARNEY STREET,1,1,0,0,1,2,,0,25,0,0,0,0,0,4,2,5
,2016_35854,39.782358,-104.8589955,2/16/2016 6:55,6:55,15,0,0,47TH AVENUE EAST & KINGSTON STREET,1,1,0,0,1,1,,0,35,0,0,0,0,0,4,2,13
,2016_35855,39.782376,-104.8879935,2/8/2016 14:27,14:27,3,0,0,47TH AVENUE EAST & WILLOW STREET NORTH,1,1,0,7,1,1,,0,30,0,0,0,0,0,4,2,8
,2016_35856,39.786228,-104.850684,3/31/2016 8:35,8:35,3,0,0,49TH AVENUE EAST & OAKLAND STREET NORTH,1,1,0,7,1,1,,0,25,0,0,0,0,0,4,2,16
,2016_35857,39.785553,-104.9782905,12/1/2016 17:15,17:15,1,0,0,49TH AVENUE EAST & WASHINGTON STREET NORTH,2,5,0,1,1,1,,0,35,0,0,0,0,0,4,2,7
,2016_35858,39.787029,-104.822163,4/7/2016 13:45,13:45,5,0,0,51ST AVENUE EAST & CRYSTAL WAY NORTH,1,1,0,0,3,1,,0,25,0,0,0,0,0,4,1,7
,2016_35859,39.791043,-105.055632,1/14/2016 9:42,9:42,8,0,0,52ND AVENUE 5300 BLOCK WEST & BENTON STREET,1,1,0,0,1,1,,0,35,0,0,0,0,1,4,2,14
,2016_35860,39.796299,-104.847264,12/25/2016 12:26,12:26,3,0,0,55TH AVENUE & PEORIA STREET NORTH,1,1,0,0,1,1,,0,30,0,0,0,0,0,4,2,7
,2016_35861,39.798234,-104.7721815,8/18/2016 9:30,9:30,1,0,0,56TH AVENUE EAST & TOWER ROAD NORTH,1,1,0,0,1,1,,0,40,0,0,0,0,0,4,3,13
,2016_35862,39.745566,-104.995152,2/7/2016 16:00,16:00,6,0,0,15TH STREET & CHAMPA STREET,1,2,0,0,1,1,,0,,0,0,0,0,0,4,2,13
,2016_35863,39.711141,-104.987592,1/10/2016 12:10,12:10,15,0,0,ALAMEDA AVENUE EAST & BROADWAY STREET SOUTH,1,1,0,0,1,1,,0,30,0,0,0,0,0,4,2,13
,2016_35864,39.71115,-104.987592,4/4/2016 14:32,14:32,12,0,0,ALAMEDA AVENUE 000 BLOCK WEST & BROADWAY SOUTH,1,1,0,7,1,3,,0,30,0,0,0,0,0,4,2,3
,2016_35865,39.711186,-104.892912,3/21/2016 18:59,18:59,3,0,0,ALAMEDA AVENUE EAST & FAIRMONT DRIVE EAST,1,1,0,7,1,1,,0,40,0,0,0,0,1,4,2,16
,2016_35866,39.710151,-104.870754,7/9/2016 9:55,9:55,12,0,0,ALAMEDA AVENUE 10000 BLOCK EAST & GALENA STREET SOUTH,1,1,0,7,1,4,,0,35,0,0,0,0,0,4,2,16
,2016_35868,39.711438,-104.942565,7/15/2016 16:41,16:41,3,0,0,ALAMEDA AVENUE EAST & JACKSON STREET SOUTH,2,1,0,1,1,1,,0,25,0,0,0,0,0,4,2,3
,2016_35869,39.711546,-104.9461605,5/15/2016 13:51,13:51,12,0,0,ALAMEDA AVENUE EAST & MADISON STREET SOUTH,1,1,0,7,1,4,,0,30,0,0,0,0,0,4,3,3
,2016_35870,39.705696,-104.986323,8/2/2016 13:30,13:30,6,0,0,CENTER AVENUE EAST & LINCOLN STREET SOUTH,1,1,0,0,1,4,,0,25,0,0,0,0,0,4,2,1
,2016_35871,39.711105,-104.972427,5/5/2016 7:57,7:57,15,0,0,ALAMEDA AVENUE EAST & MARION STREET SOUTH,1,1,0,7,1,4,,0,35,0,0,0,0,0,4,2,16
,2016_35872,39.77312829,-104.9892215,1/14/2016 11:27,11:27,15,0,0,BROADWAY & 1300 BLOCK,1,1,0,0,1,4,,0,30,0,0,0,0,0,4,2,13
,2016_35873,39.707064,-104.8854105,1/6/2016 18:15,18:15,15,0,0,ALAMEDA AVENUE 8600 BLOCK EAST & XENIA STREET SOUTH,1,3,0,0,1,4,,0,40,0,0,0,0,0,4,2,13
,2016_35874,39.7759725,-104.936166,12/6/2016 23:40,23:40,6,0,0,ALBION STREET & 4000 NORTH,4,3,0,2,1,4,,0,25,0,0,0,0,0,4,2,1
,2016_35875,39.783357,-104.8466025,12/24/2016 7:42,7:42,3,0,0,ALBROOK DRIVE 12200 BLOCK EAST & PEORIA STREET NORTH,1,1,0,7,1,2,,0,25,0,0,0,0,0,4,2,16
,2016_35876,39.775086,-104.9448623,8/5/2016 12:41,12:41,5,0,0,MONROE STREET SOUTH / GARFIELD STREET SOUTH ALLEY & FLORIDA AVENUE EAST,1,1,0,0,2,5,,0,15,0,0,0,0,0,4,1,3
,2016_35877,39.786219,-104.8469715,11/16/2016 13:30,13:30,1,0,0,ANDREWS DRIVE EAST & PEORIA STREET NORTH,1,1,0,0,1,1,,0,35,0,0,0,0,0,4,2,13
,2016_35878,39.694734,-104.9500035,10/20/2016 16:15,16:15,3,0,0,ARIZONA AVENUE EAST & STEELE STREET SOUTH,1,1,0,7,1,1,,0,25,0,0,0,0,0,4,2,16
,2016_35879,39.691134,-104.9734215,12/21/2016 17:00,17:00,3,0,0,ARKANSAS AVENUE EAST & DOWNING STREET SOUTH,1,3,1,7,1,1,,0,25,0,0,0,0,0,4,2,16
,2016_35880,39.691296,-105.02973,8/12/2016 15:57,15:57,3,0,0,ARKANSAS AVENUE WEST & IRVING STREET SOUTH,1,1,0,7,1,1,,0,35,0,0,0,0,0,4,2,7
,2016_35881,39.745206,-105.0095835,1/3/2016 15:33,15:33,12,0,0,AURARIA PARKWAY 700 BLOCK & SEVENTH STREET,1,1,0,0,1,3,,0,35,0,0,0,0,0,4,2,1
,2016_35882,39.678426,-104.9363145,1/8/2016 17:40,17:40,6,0,0,BIRCH STREET 2100 BLOCK SOUTH & EVANS AVENUE EAST,4,3,0,7,1,4,,0,25,0,0,0,0,0,4,2,1
,2016_35883,39.75130672,-104.9981625,7/10/2016 1:46,1:46,6,0,0,BLAKE STREET & 2800 BLOCK,1,3,0,0,1,4,,0,35,0,0,0,0,0,4,3,5
,2016_35884,39.753333,-104.995521,2/5/2016 23:26,23:26,6,0,0,BLAKE STREET & 19TH STREET,5,3,0,0,1,4,,0,30,0,0,0,0,0,4,2,4
,2016_35885,39.753333,-104.995521,8/18/2016 6:55,6:55,12,0,0,BLAKE STREET & 19TH STREET,1,1,1,0,1,1,,0,30,0,0,0,0,0,4,2,13
,2016_35886,39.77312829,-104.9892215,2/17/2016 15:31,15:31,12,0,0,BROADWAY & 1100 BLOCK SOUTH,1,1,0,0,1,3,,0,30,0,0,0,0,1,4,2,13
,2016_35887,39.725631,-104.9874435,2/17/2016 7:29,7:29,15,0,0,BROADWAY & SIXTH AVENUE WEST,1,1,0,7,1,1,,0,35,0,0,0,0,0,4,2,14
,2016_35888,39.73842,-104.987394,5/5/2016 11:08,11:08,10,0,0,BROADWAY NORTH & 14TH AVENUE EAST,1,1,0,0,1,1,,0,45,0,0,0,0,0,4,2,14
,2016_35889,39.73842,-104.987394,8/11/2016 11:00,11:00,15,0,0,BROADWAY NORTH & 14TH AVENUE EAST,1,1,0,0,1,1,,0,30,0,0,0,0,0,4,2,13
,2016_35890,39.71115,-104.987592,3/31/2016 14:45,14:45,3,0,0,BROADWAY SOUTH & ALAMEDA AVENUE EAST,2,1,0,2,1,1,,0,30,0,0,0,0,0,4,2,13
,2016_35891,39.691152,-104.987493,2/3/2016 9:10,9:10,12,0,0,BROADWAY SOUTH & ARKANSAS AVENUE EAST,5,1,0,7,1,1,,0,30,0,0,0,0,0,4,2,8
,2016_35892,39.712995,-104.987574,8/8/2016 15:06,15:06,3,0,0,BROADWAY SOUTH & CEDAR AVENUE WEST,1,1,0,7,1,1,,0,30,0,0,0,0,1,4,2,3
,2016_35893,39.742191,-104.9873715,8/21/2016 1:43,1:43,5,0,0,BROADWAY STREET 1600 BLOCK NORTH & CLEVELAND PLACE,1,3,1,0,3,4,,0,,0,0,0,0,0,4,1,13
,2016_35894,39.739986,-104.987421,3/27/2016 9:11,9:11,15,0,0,BROADWAY & COLFAX AVENUE EAST,1,1,1,7,1,4,,0,30,0,0,0,0,0,4,2,16
,2016_35895,39.75453,-104.987421,3/31/2016 16:00,16:00,12,0,0,BROADWAY & PARK AVENUE WEST,2,1,0,2,1,3,,0,35,0,0,0,0,0,4,2,14
,2016_35896,39.745044,-104.987394,10/1/2016 10:56,10:56,10,0,0,BROADWAY & 18TH STREET,1,1,0,0,1,1,,0,25,0,0,0,0,0,4,2,13
,2016_35897,39.76447081,-104.9361796,3/28/2016 14:20,14:20,10,0,0,BRUCE RANDOLPH AVENUE & 4000 BLOCK EAST,1,1,0,0,1,2,,0,30,0,0,0,0,0,4,2,7
,2016_35898,39.764502,-104.973354,3/20/2016 21:54,21:54,5,0,0,BRUCE RANDOLPH AVENUE EAST & DOWNING STREET NORTH,1,3,0,0,3,1,,0,30,0,0,0,0,1,4,1,10
,2016_35899,39.712896,-104.9734035,2/16/2016 18:15,18:15,3,0,0,CEDAR AVENUE EAST & DOWNING STREET SOUTH,1,3,0,7,1,1,,0,25,0,0,0,0,0,4,2,16
,2016_35900,39.705669,-105.0250905,5/14/2016 17:01,17:01,6,0,0,CENTER AVENUE WEST & FEDERAL BOULEVARD SOUTH,1,1,0,0,1,4,,0,25,0,0,0,0,0,4,3,13
,2016_35901,39.767346,-104.8905135,2/21/2016 2:04,2:04,12,0,0,CENTRAL PARK BOULEVARD NORTH & 36TH AVENUE EAST,1,3,0,0,1,1,,0,35,0,0,0,0,0,4,2,5
,2016_35903,39.774105,-104.882778,3/23/2016 10:15,10:15,8,0,0,CENTRAL PARK BOULEVARD 3900 BLOCK NORTH & 40TH AVENUE EAST,5,1,1,2,1,4,,0,35,0,0,0,0,0,4,2,14
,2016_35904,39.79677514,-104.8841895,1/5/2016 18:08,18:08,12,0,0,CENTRAL PARK BOULEVARD 5500 BLOCK NORTH & 56TH AVENUE EAST,1,3,0,0,1,1,,0,30,0,0,0,0,0,4,2,13
,2016_35905,39.783771,-104.8096575,2/1/2016 18:18,18:18,12,0,0,CHAMBERS ROAD NORTH & GREEN VALLEY RANCH BOULEVARD EAST,5,3,0,2,1,1,,0,40,0,0,0,0,0,4,2,7
,2016_35906,39.75773963,-104.9793268,3/17/2016 17:30,17:30,12,0,0,CHAMPA STREET 2800 BLOCK & 29TH STREET,2,1,0,2,1,4,,0,35,0,0,0,0,0,4,3,16
,2016_35907,39.69182412,-104.913688,12/22/2016 16:10,16:10,3,0,0,CHERRY CREEK NORTH DRIVE & 3800 BLOCK,3,3,0,0,1,2,,0,30,0,0,0,0,0,4,4,13
,2016_35908,39.73336064,-104.9776037,5/4/2016 13:46,13:46,12,0,0,CLARKSON STREET NORTH & 1500 BLOCK,1,1,0,0,1,3,,0,30,0,0,0,0,0,4,2,13
,2016_35909,39.707505,-105.0203745,5/28/2016 18:50,18:50,12,0,0,CLAY STREET SOUTH & VIRGINIA AVENUE WEST,1,1,0,7,1,1,,0,25,0,0,0,0,0,4,2,6
,2016_35910,39.78011667,-104.95413,1/29/2016 15:30,15:30,6,0,0,CLAYTON STREET & 1400 BLOCK,1,1,0,0,1,4,,0,25,0,0,0,0,0,4,2,13
,2016_35911,39.735306,-104.9572125,2/14/2016 18:00,18:00,6,0,0,COLUMBINE STREET 1200 BLOCK NORTH & 12TH AVENUE EAST,1,3,0,0,1,3,,0,25,0,0,0,0,0,4,2,1
,2016_35912,39.698235,-104.974263,2/27/2016 1:59,1:59,6,0,1,CORONA STREET 1000 BLOCK NORTH & 11TH AVENUE EAST,1,3,1,0,1,4,,0,30,0,0,0,0,2,4,3,5
,2016_35913,39.711105,-104.9745645,12/9/2016 17:52,17:52,3,0,0,CORONA STREET SOUTH & ALAMEDA AVENUE EAST,1,3,0,7,1,1,,0,25,0,0,0,0,1,4,2,16
,2016_35914,39.71835,-104.9745915,2/25/2016 15:34,15:34,15,0,0,CORONA STREET NORTH & SPEER BOULEVARD EAST,1,1,0,0,1,3,,0,30,0,0,0,0,0,4,2,13
,2016_35915,39.749049,-104.9923935,1/17/2016 12:29,12:29,3,0,0,CURTIS STREET & 18TH STREET,1,1,0,7,1,1,,0,30,0,0,0,0,0,4,2,16
,2016_35916,39.756699,-104.9314005,3/23/2016 10:00,10:00,6,0,0,DAHLIA STREET 2800 BLOCK NORTH & 29TH AVENUE EAST,4,1,0,2,1,4,,0,25,0,0,0,0,0,4,3,1
,2016_35917,39.697605,-105.0218325,9/24/2016 6:00,6:00,6,0,0,DALE COURT SOUTH & 1065 SOUTH DALE COURT,1,1,0,0,1,4,,0,25,0,0,0,0,0,4,2,13
,2016_35919,39.780297,-104.825394,11/30/2016 15:58,15:58,3,0,0,DAVENPORT STREET NORTH & ANDREWS DRIVE EAST,1,1,0,7,1,1,,0,25,0,0,0,0,0,4,2,16
,2016_35920,39.731175,-105.021711,8/7/2016 16:53,16:53,6,0,0,DECATUR STREET & NINTH AVENUE NORTH,1,1,0,0,1,4,,0,25,0,0,0,0,1,4,2,5
,2016_35921,39.728934,-104.992866,3/16/2016 17:12,17:12,3,0,0,DELAWARE STREET NORTH & EIGHTH AVENUE WEST,1,1,1,0,1,1,,0,25,0,0,0,0,1,4,2,16
,2016_35922,39.761883,-104.990994,8/9/2016 9:00,9:00,3,0,0,DENARGO STREET NORTH & WEWATTA WAY,1,1,0,0,1,1,,0,30,0,0,0,1,0,4,2,13
,2016_35923,39.679146,-105.05727,3/5/2016 11:15,11:15,3,0,0,DEPEW STREET SOUTH & EVANS AVENUE WEST,1,1,0,0,1,2,,0,25,0,0,0,0,0,4,2,13
,2016_35924,39.738357,-104.954157,3/21/2016 14:35,14:35,6,0,0,DETROIT STREET NORTH & 14TH STREET EAST,1,1,0,0,1,4,,0,25,0,0,0,0,0,4,2,13
,2016_35925,39.674889,-104.973471,4/22/2016 11:00,11:00,12,0,0,DOWNING STREET SOUTH & ILIFF AVENUE EAST,1,1,0,7,1,1,,0,35,0,0,0,0,0,4,2,7
,2016_35926,39.716577,-104.993982,12/13/2016 14:34,14:34,3,0,0,ELATI STREET NORTH & ELLSWORTH AVENUE WEST,1,1,0,7,1,1,,0,25,0,0,0,0,0,4,2,16
,2016_35927,39.73342757,-104.9764217,6/28/2016 19:46,19:46,12,0,0,EMERSON STREET NORTH & 1500 BLOCK,1,2,0,0,1,4,,0,,0,0,0,0,0,4,2,13
,2016_35928,39.6927,-104.976954,1/29/2016 22:14,22:14,3,0,0,EMERSON STREET SOUTH & BUCHTEL BOULEVARD EAST,1,3,0,7,1,1,,0,25,0,0,0,0,1,4,2,7
,2016_35929,39.678498,-104.9875605,9/15/2016 19:11,19:11,12,0,0,EVANS AVENUE EAST & EVANS AVENUE 3900 BLOCK EAST,1,3,0,0,1,3,,0,35,0,0,0,0,0,4,3,14
,2016_35930,39.678426,-104.9385015,1/19/2016 17:33,17:33,3,0,0,EVANS AVENUE 4200 BLOCK EAST & ASH STREET SOUTH,1,3,0,0,1,2,,0,30,0,0,0,0,0,4,2,14
,2016_35932,39.678426,-104.9363145,7/15/2016 13:57,13:57,3,0,0,EVANS AVENUE EAST & BIRCH STREET SOUTH,1,1,0,0,1,1,,0,25,0,0,0,0,0,4,2,3
,2016_35933,39.678489,-104.9875605,11/20/2016 0:00,0:00,12,0,0,EVANS AVENUE EAST & BROADWAY STREET SOUTH,1,3,0,7,1,1,,0,,0,0,0,0,0,4,2,3
,2016_35934,39.678516,-104.974605,8/9/2016 7:53,7:53,12,0,0,EVANS AVENUE 1100 BLOCK EAST & CORONA STREET SOUTH,1,1,0,7,1,4,,0,30,0,0,0,0,0,4,3,1
,2016_35935,39.678624,-105.0250365,5/22/2016 16:35,16:35,3,0,0,EVANS AVENUE & FEDERAL BOULEVARD SOUTH,1,1,1,0,1,2,,0,35,0,0,0,0,1,4,2,14
,2016_35936,39.74001,-104.99202,5/10/2016 8:59,8:59,12,0,0,EVANS AVENUE 2200 BLOCK EAST & GAYLORD STREET SOUTH,1,1,0,7,1,4,,0,35,0,0,0,0,0,4,2,1
,2016_35937,39.678435,-104.922234,10/28/2016 2:10,2:10,10,0,0,EVANS AVENUE EAST & HOLLY STREET SOUTH,1,3,0,0,1,2,,0,35,0,0,0,0,1,4,2,13
,2016_35938,39.678552,-104.9828715,8/14/2016 11:44,11:44,3,0,0,EVANS AVENUE EAST & LOGAN STREET SOUTH,1,1,0,7,1,1,,0,35,0,0,0,0,0,4,2,4
,2016_35939,39.678552,-104.9828715,12/21/2016 10:50,10:50,12,0,0,EVANS AVENUE 300 BLOCK EAST & LOGAN STREET SOUTH,1,1,1,7,1,3,,0,35,0,0,0,0,0,4,2,12
,2016_35940,39.78281111,-104.9645476,10/21/2016 21:15,21:15,6,0,0,HIGH STREET & 1300 BLOCK NORTH,1,3,0,0,1,4,,0,25,0,0,0,0,0,4,2,13
,2016_35941,39.678435,-104.912892,1/28/2016 19:00,19:00,15,0,0,EVANS AVENUE 6400 BLOCK EAST & MONACO STREET SOUTH,1,3,0,7,1,4,,0,35,0,0,0,0,0,4,2,16
,2016_35942,39.678444,-104.908194,5/27/2016 12:45,12:45,1,0,0,EVANS AVENUE EAST & ONEIDA AVENUE SOUTH,1,1,1,7,1,1,,0,35,0,0,0,0,0,4,2,3
,2016_35943,39.678588,-105.006402,8/26/2016 21:30,21:30,12,0,0,EVANS AVENUE WEST & PECOS STREET SOUTH,1,3,0,0,1,1,,0,35,0,0,0,0,0,4,2,7
,2016_35944,39.678435,-104.922234,1/27/2016 22:25,22:25,1,0,0,EVANS AVENUE EAST & HOLLY STREET SOUTH,1,1,0,0,1,2,,0,35,0,0,0,0,0,4,2,13
,2016_35945,39.67866,-105.0110325,7/15/2016 16:25,16:25,10,0,0,EVANS AVENUE WEST & TEJON STREET SOUTH,2,1,0,1,1,2,,0,40,0,0,0,0,0,4,3,7
,2016_35946,39.67866,-105.0110325,8/10/2016 15:24,15:24,12,0,0,EVANS AVENUE WEST & TEJON STREET SOUTH,1,1,0,7,1,1,,0,40,0,0,0,0,0,4,2,7
,2016_35947,39.678363,-104.959404,2/8/2016 9:57,9:57,1,0,2,EVANS AVENUE EAST & UNIVERSITY BOULEVARD SOUTH,1,1,0,7,1,1,,0,30,0,0,0,0,2,4,2,16
,2016_35948,39.678363,-104.959404,6/10/2016 7:53,7:53,15,0,0,EVANS AVENUE 2300 BLOCK EAST & UNIVERSITY BOULEVARD SOUTH,1,1,0,7,1,3,,0,35,0,0,0,0,0,4,2,8
,2016_35949,39.678498,-104.9664015,7/11/2016 0:12,0:12,6,0,0,EVANS AVENUE EAST & WILLIAMS STREET SOUTH,1,3,0,0,1,4,,0,30,0,0,0,0,0,4,3,10
,2016_35950,39.704004,-105.027534,5/20/2016 14:34,14:34,6,0,0,EXPOSITION AVENUE WEST & HAZEL COURT SOUTH,1,1,0,0,1,4,,0,25,0,0,0,0,0,4,2,13
,2016_35951,39.711186,-104.892912,3/7/2016 14:59,14:59,3,0,0,FAIRMOUNT DRIVE 400 BLOCK EAST & ALAMEDA AVENUE EAST,1,1,1,7,1,2,,0,30,0,0,0,0,0,4,2,3
,2016_35952,39.706497,-104.885694,11/18/2016 16:06,16:06,6,0,0,FAIRMOUNT DRIVE 8800 BLOCK EAST & XENIA STREET SOUTH,2,1,0,0,1,4,,0,35,0,0,0,0,0,4,2,13
,2016_35953,39.74885078,-104.999416,7/22/2016 8:13,8:13,6,0,0,15TH STREET & 300 BLOCK,1,1,0,0,1,4,,0,30,0,0,0,0,0,4,2,13
,2016_35954,39.689388,-104.979294,4/7/2016 17:45,17:45,1,0,0,FLORIDA AVENUE EAST & WASHINGTON STREET SOUTH,1,1,0,7,1,1,,0,25,0,0,0,0,0,4,2,3
,2016_35955,39.711114,-104.9686965,6/22/2016 17:55,17:55,1,0,0,FRANKLIN STREET SOUTH & ALAMEDA AVENUE EAST,1,1,0,0,1,1,,0,25,0,0,0,0,0,4,2,13
,2016_35956,39.725694,-104.996412,6/19/2016 11:10,11:10,3,0,0,GALAPAGO STREET NORTH & SIXTH AVENUE WEST,1,1,1,7,1,1,,0,25,0,0,0,0,0,4,2,16
,2016_35957,39.782187,-104.8688415,1/6/2016 16:27,16:27,15,0,0,GENEVA STREET NORTH & 47TH AVENUE EAST,1,1,0,0,1,4,,0,35,0,0,0,0,0,4,2,1
,2016_35958,39.654045,-104.9130135,5/24/2016 8:47,8:47,3,0,0,GIRARD AVENUE EAST & MONACO STREET SOUTH,1,1,0,0,1,1,,0,25,0,0,0,0,0,4,2,13
,2016_35960,39.711141,-104.9840235,11/5/2016 18:30,18:30,6,0,0,GRANT STREET 200 BLOCK SOUTH & ALAMEDA AVENUE EAST,1,1,0,0,1,4,,0,25,0,0,0,0,0,4,2,8
,2016_35961,39.76209,-105.0289335,8/8/2016 6:20,6:20,6,0,0,GREEN COURT NORTH & SPEER BOULEVARD,1,1,0,0,1,3,,0,35,0,0,0,0,0,4,2,14
,2016_35962,39.783609,-104.7913916,3/8/2016 11:10,11:10,1,0,0,GREEN VALLEY RANCH BOULEVARD EAST & PENA BOULEVARD,1,1,0,0,1,1,,0,40,0,0,0,0,0,4,2,13
,2016_35963,39.783609,-104.772222,5/22/2016 16:18,16:18,12,0,0,GREEN VALLEY RANCH BOULEVARD EAST & TOWER ROAD NORTH,1,1,0,7,1,1,,0,40,0,0,0,0,0,4,2,16
,2016_35964,39.783609,-104.772222,6/3/2016 12:45,12:45,1,0,0,GREEN VALLEY RANCH BOULEVARD EAST & TOWER ROAD NORTH,1,1,0,7,1,2,,0,35,0,0,0,0,0,4,2,16
,2016_35965,39.67128,-104.9899635,4/10/2016 7:03,7:03,6,0,0,HARVARD AVENUE WEST & BANNOCK STREET SOUTH,1,4,0,0,1,4,,0,25,0,0,0,0,0,4,2,5
,2016_35966,39.672585,-104.8681845,8/17/2016 11:32,11:32,6,0,0,HARVARD AVENUE EAST & PARKER ROAD SOUTH,1,1,1,0,1,4,,0,25,0,0,0,0,0,4,2,13
,2016_35967,39.682062,-104.922234,12/18/2016 10:32,10:32,3,0,0,HOLLY STREET SOUTH & JEWELL AVENUE EAST,5,1,0,7,1,1,,0,30,0,0,0,0,0,4,2,16
,2016_35968,39.707298,-104.922261,1/13/2016 17:34,17:34,12,0,0,HOLLY STREET 400 BLOCK SOUTH & LEETSDALE DRIVE,1,3,1,0,1,4,,0,30,0,0,0,0,0,4,4,3
,2016_35969,39.674754,-104.875281,4/19/2016 16:31,16:31,12,0,0,ILIFF AVENUE EAST & DAYTON WAY SOUTH,1,1,0,7,1,1,,0,35,0,0,0,0,1,4,2,3
,2016_35970,39.674754,-104.875281,6/17/2016 23:55,23:55,12,0,0,ILIFF AVENUE EAST & DAYTON WAY SOUTH,1,3,0,7,1,1,,0,35,0,0,0,0,1,4,2,16
,2016_35971,39.674835,-104.9594175,11/18/2016 15:17,15:17,15,0,0,ILIFF AVENUE 2300 BLOCK EAST & UNIVERSITY BOULEVARD SOUTH,5,1,0,0,1,1,,0,25,0,0,0,0,0,4,2,13
,2016_35972,39.704022,-104.9992155,4/6/2016 13:16,13:16,3,0,0,JASON STREET SOUTH & EXPOSITION AVENUE WEST,1,1,0,0,1,2,,0,30,0,0,0,0,0,4,2,7
,2016_35973,39.682278,-105.022692,12/6/2016 17:00,17:00,3,0,0,JEWELL AVENUE WEST & DECATUR STREET SOUTH,1,3,0,7,1,1,,0,25,0,0,0,0,0,4,2,16
,2016_35974,39.682215,-105.0320835,4/6/2016 23:50,23:50,5,0,0,JEWELL AVENUE 3400 BLOCK WEST & KNOX COURT SOUTH,1,3,0,7,3,4,,0,35,0,0,0,0,0,4,1,7
,2016_35975,39.68217,-105.0018345,5/6/2016 14:04,14:04,1,0,0,JEWELL AVENUE WEST & PLATTE RIVER DRIVE SOUTH,1,1,1,0,1,2,,0,20,0,0,0,0,0,4,2,1
,2016_35976,39.682287,-105.053202,2/22/2016 17:25,17:25,3,0,0,JEWELL AVENUE WEST & SHERIDAN BOULEVARD SOUTH,1,1,0,0,1,2,,0,30,0,0,0,0,0,4,2,7
,2016_35977,39.733416,-104.9586435,10/18/2016 11:00,11:00,10,0,0,JOSEPHINE STREET NORTH & 11TH AVENUE EAST,1,1,0,0,1,1,,0,30,0,0,0,0,0,4,2,13
,2016_35978,39.730518,-105.000174,3/12/2016 22:20,22:20,6,0,0,KALAMATH STREET 800 BLOCK NORTH & NINTH AVENUE WEST,1,3,0,0,1,4,,0,35,0,0,0,0,0,4,2,3
,2016_35979,39.754053,-105.001524,6/10/2016 17:10,17:10,15,0,0,17TH STREET & WEWATTA STREET,1,1,0,7,1,1,,0,25,0,0,0,0,0,4,2,16