id,drcog_id,latitude,longitude,crashtime,time,crashtype,numbkilled,numbinjurd,drcoglocat,rdconditin,lightngcon,roadcntgrd,weatherco,location,roaddescrp,schoolzone,constrzone,splimit,bikeinv,pedinv,sctrinv,motoinv,svrty,rdsystem,ttlvehcls,hcf
,2016_35980,39.740022,-105.000192,5/4/2016 12:04,12:04,3,0,0,KALAMATH STREET & COLFAX AVENUE WEST,1,1,0,0,1,2,,0,35,0,0,0,0,0,4,2,14
,2016_35981,39.700233,-104.9152635,11/11/2016 13:19,13:19,3,0,0,KENTUCKY AVENUE EAST & LEYDEN STREET SOUTH,1,1,0,7,1,1,,0,25,0,0,0,0,1,4,2,16
,2016_35982,39.700278,-104.9804235,10/21/2016 16:40,16:40,3,0,0,KENTUCKY AVENUE EAST & PEARL STREET SOUTH,1,1,0,7,1,1,,0,30,0,0,0,1,1,4,2,16
,2016_35983,39.7500428,-105.033057,12/5/2016 9:21,9:21,6,0,0,KING STREET 2200 BLOCK NORTH & 22ND AVENUE WEST,1,1,0,0,1,4,,0,25,0,0,0,0,0,4,2,14
,2016_35984,39.716541,-105.032493,9/15/2016 2:50,2:50,6,0,0,KNOX COURT & KNOX COURT 1663 SOUTH,1,4,0,0,1,4,,0,25,0,0,0,0,0,4,2,5
,2016_35985,39.748257,-104.998662,10/15/2016 21:00,21:00,6,0,0,LARIMER STREET & 15TH STREET,1,3,0,0,1,4,,0,25,0,0,0,0,0,4,2,13
,2016_35986,39.754809,-104.990193,8/4/2016 12:30,12:30,6,0,0,LARIMER STREET & 22ND STREET,1,1,0,0,1,4,,0,30,0,0,0,0,0,4,2,1
,2016_35987,39.74598613,-104.9998826,2/1/2016 16:39,16:39,15,0,0,LAWRENCE STREET & 2200 BLOCK,4,1,0,2,1,4,,0,25,0,0,0,0,0,4,2,13
,2016_35988,39.7467,-104.9989815,9/20/2016 16:04,16:04,3,0,0,LAWRENCE STREET & 14TH STREET,1,1,1,0,1,2,,0,30,0,0,0,0,0,4,2,2
,2016_35989,39.749445,-104.995323,1/27/2016 7:00,7:00,6,0,0,LAWRENCE STREET & 17TH STREET,1,1,0,0,1,4,,0,30,0,0,0,0,0,4,2,13
,2016_35990,39.724137,-104.986314,2/1/2016 22:00,22:00,3,0,0,LINCOLN STREET NORTH & FIFTH AVENUE EAST,4,3,0,2,1,1,,0,30,0,0,0,0,0,4,2,16
,2016_35991,39.736845,-104.98617,12/14/2016 4:46,4:46,5,0,0,LINCOLN STREET & 13TH AVENUE EAST,1,3,0,0,2,4,,0,30,0,0,0,0,1,4,1,5
,2016_35992,39.716532,-104.9862825,3/31/2016 12:00,12:00,12,0,0,LINCOLN STREET 000 BLOCK SOUTH & ELLSWORTH AVENUE EAST,2,1,0,7,1,3,,0,30,0,0,0,0,1,4,2,16
,2016_35993,39.696615,-104.986242,6/2/2016 13:57,13:57,3,0,0,LINCOLN STREET 1000 BLOCK SOUTH & MISSISSIPPI AVENUE EAST,1,1,0,0,1,2,,0,25,0,0,0,0,0,4,2,14
,2016_35994,39.678516,-105.0017625,12/8/2016 12:50,12:50,1,0,0,LIPAN STREET SOUTH & EVANS AVENUE WEST,8,1,0,7,1,1,,0,25,0,0,0,0,1,4,2,16
,2016_35995,39.71115,-104.982795,7/15/2016 12:21,12:21,12,0,0,LOGAN STREET 300 BLOCK SOUTH & ALAMEDA AVENUE EAST,1,1,0,7,1,4,,0,30,0,0,0,0,0,4,2,2
,2016_35996,39.703887,-104.9827905,5/3/2016 17:24,17:24,12,0,0,LOGAN STREET 600 BLOCK SOUTH & EXPOSITION AVENUE EAST,1,1,0,7,1,4,,0,30,0,0,0,0,0,4,3,3
,2016_35997,39.693096,-105.028461,3/15/2016 18:00,18:00,12,0,0,LOUISIANA AVENUE WEST & HOOKER STREET SOUTH,1,1,0,0,1,2,,0,25,0,0,0,0,0,4,3,13
,2016_35998,39.76552276,-105.0346227,12/10/2016 1:00,1:00,6,0,0,LOWELL BOULEVARD & 4000 BLOCK,1,3,0,0,1,4,,0,30,0,0,0,0,0,4,2,5
,2016_35999,39.7172835,-104.8960418,5/19/2016 10:52,10:52,10,0,0,LOWRY BOULEVARD & RAMPART WAY NORTH,1,1,0,0,1,6,,0,15,0,0,0,0,0,4,2,14
,2016_36000,39.72393,-104.8839413,11/2/2016 11:51,11:51,10,0,0,LOWRY BOULEVARD EAST & YOSEMITE STREET NORTH,1,1,0,0,1,6,,0,15,0,0,0,0,0,4,2,8
,2016_36001,39.71740384,-104.91165,12/12/2016 8:50,8:50,6,0,0,MAGNOLIA WAY & 3755 SOUTH,1,1,0,0,1,4,,0,30,0,0,0,0,0,4,2,14
,2016_36002,39.768183,-105.002604,12/4/2016 8:00,8:00,6,0,0,MARIPOSA STREET NORTH 3700 BLOCK & 37TH AVENUE,1,1,0,0,1,4,,0,25,0,0,0,0,0,4,2,13
,2016_36003,39.755754,-104.990211,10/16/2016 17:00,17:00,6,0,0,MARKET STREET & 2200 MARKET STREET,1,1,0,0,1,4,,0,25,0,0,0,0,0,4,2,13
,2016_36004,39.748023,-105.0006915,4/14/2016 12:52,12:52,6,0,0,MARKET STREET & 14TH STREET,1,1,0,0,1,4,,0,30,0,0,0,0,0,4,2,5
,2016_36005,39.685689,-104.937354,6/1/2016 12:16,12:16,12,0,0,MEXICO AVENUE 4300 BLOCK EAST & BELLAIRE STREET SOUTH,1,1,0,7,1,1,,0,25,0,0,0,0,0,4,2,14
,2016_36006,39.722535,-104.9522175,12/15/2016 8:42,8:42,3,0,0,MILWAUKEE STREET NORTH & FOURTH AVENUE EAST,1,1,0,7,1,1,,0,25,0,0,0,0,0,4,2,3
,2016_36007,39.696696,-105.001533,10/15/2016 17:39,17:39,3,0,0,MISSISSIPPI AVENUE WEST & LIPAN STREET SOUTH,1,1,0,7,1,1,,0,30,0,0,0,0,1,4,2,16
,2016_36008,39.69657,-104.9465205,2/3/2016 14:05,14:05,3,0,0,MISSISSIPPI AVENUE EAST & MADISON STREET SOUTH,4,1,0,7,1,5,,0,15,0,0,0,0,1,4,2,14
,2016_36009,39.696669,-104.9929605,10/14/2016 8:01,8:01,15,0,0,MISSISSIPPI AVENUE WEST & PLATTE RIVER DRIVE SOUTH,1,1,0,0,1,1,,0,35,0,0,0,0,0,4,2,13
,2016_36010,39.761964,-104.903451,6/15/2016 16:30,16:30,12,0,0,MLK BOULEVARD & QUEBEC STREET NORTH,1,1,0,7,1,1,,0,35,0,0,0,0,0,4,2,3
,2016_36011,39.725334,-104.912793,12/8/2016 21:42,21:42,1,0,0,MONACO STREET NORTH & SIXTH AVENUE EAST,9,3,1,7,1,1,,0,30,0,0,0,0,0,4,2,3
,2016_36012,39.654045,-104.9130135,11/16/2016 21:25,21:25,12,0,0,MONACO STREET SOUTH & GIRARD AVENUE EAST,1,3,0,0,1,3,,0,35,0,0,0,0,0,4,2,14
,2016_36013,39.773142,-104.9127615,8/1/2016 8:30,8:30,12,0,0,MONACO STREET NORTH & SMITH ROAD EAST,1,1,0,7,1,3,,0,30,0,0,0,0,0,4,2,2
,2016_36014,39.63799513,-104.9126831,9/29/2016 7:45,7:45,12,0,1,MONACO STREET 2600 BLOCK SOUTH & VASSAR AVENUE EAST,1,1,0,7,1,3,,0,35,0,0,0,0,2,4,3,16
,2016_36015,39.667635,-104.912964,1/2/2016 11:17,11:17,3,0,0,MONACO PARKWAY SOUTH & YALE AVENUE EAST,1,1,0,0,1,1,,0,35,0,0,0,0,0,4,2,13
,2016_36016,39.716235,-104.944941,7/17/2016 3:00,3:00,6,0,0,MONROE STREET SOUTH & 1856 SOUTH MONROE STREET,1,3,1,0,1,4,,0,25,0,0,0,0,0,4,2,13
,2016_36018,39.747456,-104.888214,4/8/2016 17:00,17:00,12,0,0,MONTVIEW BOULEVARD 8600 BLOCK EAST & WILLOW STREET NORTH,1,1,0,7,1,4,,0,35,0,0,0,0,1,4,2,4
,2016_36019,39.70881,-105.0362235,6/10/2016 21:13,21:13,3,0,0,MORRISON ROAD & MEADE STREET SOUTH,1,3,0,0,1,1,,0,35,0,0,0,0,0,4,2,13
,2016_36020,39.73085701,-105.0040916,12/20/2016 14:00,14:00,6,0,0,NAVAJO STREET NORTH & 3900 BLOCK,6,1,1,0,1,4,,0,25,0,0,0,0,0,4,2,13
,2016_36021,39.785652,-104.893254,5/28/2016 17:35,17:35,12,0,0,NORTHFIELD BOULEVARD 8000 BLOCK EAST & UINTA STREET NORTH,1,1,0,7,1,4,,0,30,0,0,0,0,1,4,2,16
,2016_36022,39.76536244,-105.0381491,11/12/2016 7:31,7:31,6,0,0,OSCEOLA STREET NORTH & 4300 BLOCK,1,1,0,0,1,4,,0,20,0,0,0,0,0,4,2,5
,2016_36023,39.782394,-104.848956,4/16/2016 10:50,10:50,15,0,0,PARIS STREET NORTH & 47TH AVENUE EAST,6,1,0,2,1,1,,0,40,0,0,0,0,0,4,2,8
,2016_36024,39.743235,-104.9726565,12/22/2016 20:38,20:38,12,0,0,PARK AVENUE WEST & 17TH AVENUE EAST,1,4,0,7,1,1,,0,30,0,0,0,0,0,4,2,16
,2016_36025,39.757086,-104.990715,2/15/2016 9:35,9:35,15,0,0,PARK AVENUE WEST & BLAKE STREET,1,1,0,0,1,1,,0,35,0,0,0,0,1,4,2,12
,2016_36026,39.743793,-104.9734035,3/24/2016 7:43,7:43,3,0,0,PARK AVENUE WEST & DOWNING STREET,5,1,0,7,1,1,,0,30,0,0,0,0,1,4,2,14
,2016_36027,39.742848,-104.9721615,8/21/2016 0:33,0:33,3,0,0,PARK AVENUE & NORTH MARION STREET,1,3,1,0,1,1,,0,30,0,0,0,0,0,4,2,13
,2016_36028,39.743793,-104.9734035,5/3/2016 16:34,16:34,1,0,0,PARK AVENUE & DOWNING STREET NORTH,1,1,0,0,1,1,,0,30,0,0,0,0,1,4,2,13
,2016_36029,39.700278,-104.9804235,3/24/2016 17:05,17:05,3,0,0,PEARL STREET SOUTH & KENTUCKY AVENUE EAST,1,1,0,7,1,1,,0,25,0,0,0,0,1,4,2,14
,2016_36030,39.784968,-105.0062535,1/27/2016 16:36,16:36,12,0,0,PECOS STREET 4800 BLOCK NORTH & 48TH AVENUE,1,1,1,0,1,4,,0,20,0,0,0,0,0,4,2,13
,2016_36031,39.83346903,-104.692932,10/13/2016 20:43,20:43,12,0,0,PENA BOULEVARD 7900 BLOCK & JACKSON GAP STREET,1,3,0,7,1,4,,0,55,0,0,0,0,0,4,2,1
,2016_36032,39.77614197,-104.8469535,1/27/2016 6:55,6:55,12,0,0,PEORIA STREET NORTH & 4600 BLOCK,1,1,0,0,1,4,,0,30,0,0,0,0,1,4,2,13
,2016_36033,39.777255,-104.8460535,2/25/2016 18:55,18:55,15,0,0,PEORIA STREET 4400 BLOCK NORTH & 45TH AVENUE EAST,1,3,0,0,1,3,,0,40,0,0,0,0,0,4,3,13
,2016_36034,39.778047,-104.8471245,4/29/2016 12:40,12:40,3,0,0,PEORIA STREET NORTH & 45TH AVENUE EAST,2,1,0,2,1,2,,0,35,0,0,0,0,0,4,2,13
,2016_36035,39.779577,-104.8471335,6/30/2016 13:00,13:00,1,0,0,PEORIA STREET NORTH & 46TH AVENUE EAST,1,1,0,7,1,1,,0,40,0,0,0,0,1,4,2,16
,2016_36036,39.782385,-104.847093,1/25/2016 11:57,11:57,1,0,2,PEORIA STREET NORTH & 47TH AVENUE EAST,1,1,0,7,1,1,,0,40,0,0,0,0,2,4,2,7
,2016_36037,39.78244238,-104.8468826,9/19/2016 15:38,15:38,15,0,0,PEORIA STREET 4700 BLOCK NORTH & 47TH AVENUE EAST,1,1,0,7,1,4,,0,40,0,0,0,0,0,4,2,16
,2016_36038,39.76533298,-105.03929,2/5/2016 19:23,19:23,6,0,0,PERRY STREET & 214 SOUTH,5,3,0,7,2,4,,0,25,0,0,0,0,0,4,2,7
,2016_36039,39.77061301,-104.904522,6/15/2016 2:00,2:00,5,0,0,POPLAR STREET & 2610 NORTH ALLEY,1,3,0,0,2,5,,0,15,0,0,0,0,0,4,1,13
,2016_36040,39.642309,-104.8964535,6/20/2016 16:33,16:33,6,0,0,PRINCETON AVENUE EAST & SIDNEY COURT SOUTH,1,1,0,0,1,4,,0,25,0,0,0,0,1,4,2,3
,2016_36041,39.77171824,-104.90281,1/13/2016 9:55,9:55,12,0,0,QUEBEC STREET & 800 BLOCK NORTH,1,1,1,0,1,4,,0,30,0,0,0,0,0,4,2,13
,2016_36042,39.77171824,-104.90281,3/20/2016 14:00,14:00,12,0,0,QUEBEC STREET & 1600 BLOCK NORTH,1,1,0,0,1,3,,0,30,0,0,0,0,0,4,3,13
,2016_36044,39.74483072,-104.9597645,11/23/2016 15:10,15:10,12,0,0,YORK STREET 1800 BLOCK NORTH & 18TH AVENUE EAST,1,1,0,7,1,4,,0,30,0,0,0,0,0,4,2,14
,2016_36045,39.77171824,-104.90281,3/29/2016 10:50,10:50,15,0,0,QUEBEC STREET & 2900 BLOCK NORTH,1,1,0,0,1,4,,0,35,0,0,0,0,0,4,2,7
,2016_36046,39.73869,-104.9034645,12/13/2016 12:25,12:25,12,0,0,QUEBEC STREET & 14TH AVENUE EAST,1,1,0,0,1,4,,0,30,0,0,0,0,1,4,2,13
,2016_36047,39.757986,-104.903451,12/10/2016 18:30,18:30,15,0,0,QUEBEC STREET & 29TH AVENUE EAST,1,3,0,7,1,4,,0,35,0,0,0,0,0,4,2,16
,2016_36048,39.749994,-104.991156,7/10/2016 19:25,19:25,3,0,0,19TH STREET & CURTIS STREET,1,1,0,0,1,1,,0,30,0,0,0,0,0,4,2,13
,2016_36049,39.711348,-104.9035005,12/13/2016 12:44,12:44,15,0,0,QUEBEC STREET 200 BLOCK SOUTH & ALAMEDA AVENUE EAST,1,1,1,7,1,3,,0,30,0,0,0,0,0,4,2,3
,2016_36050,39.761964,-104.903451,3/11/2016 7:45,7:45,15,0,0,QUEBEC STREET & MLK BOULEVARD,1,1,0,0,1,1,,0,35,0,0,0,0,0,4,2,13
,2016_36051,39.761964,-104.903451,1/18/2016 15:50,15:50,15,0,0,QUEBEC STREET NORTH & MLK BOULEVARD,1,1,0,0,1,1,,0,35,0,0,0,0,0,4,2,13
,2016_36052,39.761964,-104.903451,5/24/2016 15:31,15:31,12,0,0,QUEBEC STREET NORTH & MLK BOULEVARD,1,1,0,7,1,1,,0,35,0,0,0,0,0,4,2,16
,2016_36053,39.63816,-104.912532,2/23/2016 17:08,17:08,3,0,0,QUINCY AVENUE EAST & MONACO STREET SOUTH,1,2,1,0,1,3,,0,30,0,0,0,0,0,4,2,13
,2016_36054,39.733002,-105.041673,8/5/2016 13:27,13:27,6,0,0,RALEIGH STREET NORTH & 10TH AVENUE WEST,1,1,0,0,2,4,,0,25,0,0,0,0,0,4,2,13
,2016_36055,39.746547,-105.0076035,2/4/2016 9:30,9:30,1,0,0,NINTH STREET & AURARIA PARKWAY,1,5,0,1,1,1,,0,35,0,0,0,0,0,4,2,16
,2016_36056,39.756375,-104.977692,4/2/2016 10:00,10:00,6,0,0,28TH STREET & CALIFORNIA STREET,1,3,0,0,1,1,,0,25,0,0,0,0,0,4,2,14
,2016_36057,39.742002,-104.99283,7/11/2016 13:50,13:50,3,0,0,14TH STREET & GLENARM PLACE,1,1,0,0,1,1,,0,30,0,0,0,0,0,4,2,13
,2016_36058,39.756456,-105.0093135,2/29/2016 21:11,21:11,3,0,0,15TH STREET & PLATTE STREET,1,3,0,7,1,1,,0,25,0,0,0,0,0,4,2,16
,2016_36059,39.75093,-105.0021,7/21/2016 12:35,12:35,15,0,0,15TH STREET & WYNKOOP STREET,1,1,0,0,1,1,,0,25,0,0,0,0,1,4,2,13
,2016_36060,39.746772,-104.991813,7/20/2016 17:48,17:48,15,0,0,17TH STREET & STOUT STREET,1,1,1,0,1,1,,0,30,0,0,0,0,0,4,2,7
,2016_36061,39.745431,-104.9901075,8/20/2016 14:00,14:00,15,0,0,17TH STREET 600 BLOCK & WELTON STREET,1,1,0,0,1,4,,0,30,0,0,0,0,0,4,2,13
,2016_36062,39.75762822,-104.9985991,7/30/2016 7:25,7:25,12,0,0,20TH STREET & 1400 BLOCK,1,1,0,0,1,2,,0,30,0,0,0,0,1,4,2,13
,2016_36063,39.757653,-104.998635,6/25/2016 18:25,18:25,12,0,0,20TH STREET & CHESTNUT PLACE,1,1,1,7,1,3,,0,30,0,0,0,0,1,4,2,1
,2016_36064,39.75498,-104.995143,7/27/2016 8:30,8:30,12,0,0,20TH STREET 1600 BLOCK & WAZEE STREET,1,1,0,7,1,3,,0,30,0,0,0,0,0,4,2,16
,2016_36065,39.751434,-104.9858325,5/21/2016 15:23,15:23,6,0,0,22ND STREET & STOUT STREET,1,1,0,0,1,4,,0,30,0,0,0,0,0,4,2,14
,2016_36067,39.753423,-104.988402,11/22/2016 11:21,11:21,12,0,0,22ND STREET 1000 BLOCK & ARAPAHOE STREET,1,1,0,0,1,4,,0,0,0,0,0,0,0,4,2,7
,2016_36069,39.75417,-104.9893335,2/15/2016 9:25,9:25,3,0,0,22ND STREET & LAWRENCE STREET,1,1,0,0,1,1,,0,30,0,0,0,0,0,4,2,8
,2016_36070,39.759192,-104.9862105,11/19/2016 17:38,17:38,15,0,0,26TH STREET & WALNUT STREET,1,2,0,0,1,4,,0,30,0,0,0,0,0,4,2,8
,2016_36071,39.723435,-104.983794,12/5/2016 16:23,16:23,5,0,0,SPEER BOULEVARD 200 BLOCK EAST & GRANT STREET NORTH,1,1,1,7,3,4,,0,60,0,0,0,0,0,4,1,7
,2016_36072,39.73138636,-104.9986792,11/14/2016 15:08,15:08,3,0,0,SANTA FE DRIVE & 1300 BLOCK NORTH,1,1,0,0,1,2,,0,30,0,0,0,0,0,4,1,13
,2016_36073,39.733668,-104.998698,2/20/2016 17:22,17:22,10,0,0,SANTA FE DRIVE NORTH & 11TH AVENUE WEST,1,1,0,0,1,1,,0,35,0,0,0,0,0,4,2,16
,2016_36074,39.733803,-104.9985315,3/2/2016 9:40,9:40,15,0,0,SANTA FE 1100 BLOCK & 11TH AVENUE WEST,1,1,0,0,1,4,,0,30,0,0,0,0,0,4,2,13
,2016_36075,39.716559,-104.998572,10/26/2016 13:50,13:50,10,0,0,SANTA FE DRIVE NORTH & ELLSWORTH AVENUE WEST,1,1,0,0,1,4,,0,30,0,0,0,0,0,4,2,13
,2016_36076,39.773034,-104.911893,10/5/2016 10:36,10:36,3,0,0,SMITH ROAD & MAGNOLIA STREET,1,5,0,0,1,1,,0,35,0,0,0,0,0,4,2,3
,2016_36077,39.73851768,-104.9969761,3/14/2016 14:49,14:49,15,0,0,SPEER BOULEVARD & 2600 BLOCK NORTH,1,1,1,0,1,4,,0,30,0,0,0,0,0,4,2,16
,2016_36078,39.728934,-104.9906115,3/18/2016 14:41,14:41,3,0,0,SPEER BOULEVARD NORTH & EIGHTH AVENUE WEST,1,1,1,0,1,1,,0,30,0,0,0,0,1,4,2,16
,2016_36079,39.738456,-104.9976405,12/11/2016 11:07,11:07,3,0,0,SPEER BOULEVARD NORTH & 14TH AVENUE WEST,1,5,1,7,1,1,,0,30,0,0,0,0,0,4,2,16
,2016_36080,39.744468,-105.0000435,12/30/2016 16:11,16:11,12,0,0,SPEER BOULEVARD NORTH & ARAPAHOE STREET,1,1,0,7,1,4,,0,30,0,0,0,0,1,4,2,16
,2016_36081,39.748446,-105.0033735,5/2/2016 7:58,7:58,12,0,0,SPEER BOULEVARD NORTH & AURARIA PARKWAY,1,1,0,7,1,1,,0,35,0,0,0,0,0,4,2,14
,2016_36082,39.748446,-105.0033735,10/22/2016 15:15,15:15,3,0,0,SPEER BOULEVARD NORTH & AURARIA PARKWAY,1,1,0,7,1,1,,0,35,0,0,0,0,0,4,3,2
,2016_36083,39.752343,-105.007563,1/20/2016 17:40,17:40,15,0,0,SPEER BOULEVARD NORTH & ELICH CIRCLE,1,1,1,0,1,1,,0,35,0,0,0,0,0,4,2,16
,2016_36084,39.752343,-105.007563,12/13/2016 8:11,8:11,12,0,0,SPEER BOULEVARD NORTH & ELITCH CIRCLE,1,1,0,7,1,4,,0,,0,0,0,0,0,4,2,16
,2016_36085,39.745755,-105.000174,12/9/2016 20:40,20:40,12,0,0,SPEER BOULEVARD 1100 BLOCK NORTH & LAWRENCE STREET,1,3,0,7,1,4,,0,30,0,0,0,0,1,4,2,2
,2016_36086,39.755133,-105.0127335,10/20/2016 14:33,14:33,12,0,0,SPEER BOULEVARD NORTH & I25 NORTHBOUND ON RAMP,1,5,0,0,1,4,,0,35,0,0,0,0,0,4,2,13
,2016_36087,39.75633,-105.015852,5/18/2016 12:40,12:40,1,0,0,SPEER BOULEVARD NORTH & ZUNI STREET,1,1,0,0,1,1,,0,35,0,0,0,0,1,4,2,14
,2016_36088,39.717792,-104.9508225,8/24/2016 16:25,16:25,12,0,0,STEELE STREET NORTH & FIRST AVENUE EAST,1,1,0,0,1,4,,0,30,0,0,0,0,0,4,2,13
,2016_36089,39.717792,-104.9508225,11/4/2016 11:52,11:52,15,0,0,STEELE STREET NORTH & FIRST AVENUE EAST,1,1,1,0,1,3,,0,25,0,0,0,0,0,4,2,13
,2016_36090,39.685698,-104.9500935,4/29/2016 13:19,13:19,1,0,0,STEELE STREET SOUTH & MEXICO AVENUE EAST,2,1,1,2,1,3,,0,25,0,0,0,0,0,4,2,14
,2016_36091,39.74384859,-104.9955888,12/18/2016 18:43,18:43,15,0,0,STOUT STREET & 1400 BLOCK,6,3,0,0,1,4,,0,25,0,0,0,0,0,4,2,13
,2016_36092,39.78261899,-105.0427634,4/19/2016 4:15,4:15,5,0,0,STUART STREET & 185 NORTH,2,3,1,2,2,5,,0,25,0,0,0,0,0,4,1,13
,2016_36093,39.6531,-104.898753,7/2/2016 15:03,15:03,3,0,0,TAMARAC DRIVE 3500 BLOCK SOUTH & HAMPDEN AVENUE EAST,1,1,0,0,1,1,,0,15,0,0,0,0,0,4,2,3
,2016_36094,39.698532,-105.020352,10/21/2016 17:20,17:20,3,0,2,TENNESSEE AVENUE WEST & CLAY STREET SOUTH,1,1,0,7,1,1,,0,25,0,0,0,0,2,4,2,5
,2016_36095,39.81105,-104.772213,4/8/2016 13:43,13:43,5,0,0,TOWER ROAD NORTH & 63RD AVENUE EAST,1,1,0,0,1,1,,0,45,0,0,0,0,0,4,2,13
,2016_36096,39.67402196,-104.9594005,12/1/2016 19:01,19:01,15,0,0,UNIVERSITY BOULEVARD SOUTH & 000 BLOCK,1,3,0,0,1,4,,0,30,0,0,0,0,0,4,2,14
,2016_36097,39.718179,-104.959314,5/7/2016 12:30,12:30,12,0,0,UNIVERSITY BOULEVARD NORTH & FIRST AVENUE EAST,2,1,0,1,1,4,,0,30,0,0,0,0,0,4,2,16
,2016_36098,39.694752,-104.959323,7/16/2016 10:00,10:00,12,0,0,UNIVERSITY BOULEVARD 1100 BLOCK SOUTH & ARIZONA AVENUE EAST,1,1,0,7,1,4,,0,30,0,0,0,0,0,4,2,14
,2016_36099,39.715983,-104.959314,10/27/2016 7:25,7:25,12,0,0,UNIVERSITY BOULEVARD 000 BLOCK NORTH & CHERRY CREEK NORTH DRIVE,1,1,0,7,1,4,,0,30,0,0,0,0,0,4,2,3
,2016_36100,39.678363,-104.959404,4/30/2016 15:07,15:07,3,0,0,UNIVERSITY BOULEVARD SOUTH & EVANS AVENUE EAST,2,1,0,2,1,1,,0,30,0,0,0,0,0,4,2,13
,2016_36101,39.700224,-104.959323,2/16/2016 15:39,15:39,1,0,0,UNIVERSITY BOULEVARD SOUTH & KENTUCKY AVENUE EAST,1,1,1,7,1,1,,0,30,0,0,0,0,0,4,2,7
,2016_36102,39.700224,-104.959323,3/15/2016 16:40,16:40,12,0,0,UNIVERSITY BOULEVARD 900 BLOCK SOUTH & KENTUCKY AVENUE EAST,1,1,0,7,1,4,,0,30,0,0,0,0,0,4,2,16
,2016_36103,39.702006,-104.959341,9/14/2016 18:43,18:43,12,0,0,UNIVERSITY BOULEVARD SOUTH & OHIO AVENUE EAST,1,1,0,0,1,4,,0,35,0,0,0,0,0,4,2,13
,2016_36104,39.673008,-104.9593905,5/6/2016 17:36,17:36,3,0,0,UNIVERSITY BOULEVARD SOUTH & WESLEY AVENUE EAST,1,1,0,7,1,1,,0,25,0,0,0,0,0,4,2,3
,2016_36105,39.70747887,-104.9734936,11/26/2016 2:19,2:19,6,0,1,VIRGINIA AVENUE & 5100 BLOCK WEST,1,3,1,0,1,4,,0,25,0,0,0,0,2,4,2,5
,2016_36106,39.707514,-104.98761,1/21/2016 12:27,12:27,15,0,0,VIRGINIA AVENUE EAST & BROADWAY SOUTH,1,1,0,0,1,1,,0,30,0,0,0,0,1,4,2,8
,2016_36108,39.70755,-105.0038505,1/2/2016 23:19,23:19,6,0,0,VIRGINIA AVENUE 1300 BLOCK WEST & NAVAJO STREET SOUTH,5,3,1,7,1,4,,0,25,0,0,0,0,0,4,5,9
,2016_36109,39.750255,-105.001182,10/12/2016 21:04,21:04,12,0,0,WAZEE STREET & 15TH STREET,1,3,0,0,1,1,,0,25,0,0,0,0,1,4,2,14
,2016_36110,39.742704,-104.9931405,6/15/2016 11:46,11:46,12,0,0,WELTON STREET 1400 BLOCK & 14TH STREET,1,1,0,7,1,4,,0,25,0,0,0,0,0,4,2,16
,2016_36111,39.742686,-104.993721,10/15/2016 11:11,11:11,3,0,0,WELTON STREET & 14TH STREET,1,1,0,0,1,3,,0,30,0,0,0,0,0,4,2,13
,2016_36112,39.757086,-104.996502,5/10/2016 17:34,17:34,15,0,0,WEWATTA STREET & 21ST STREET,2,1,1,7,1,4,,0,25,0,0,0,0,0,4,2,4
,2016_36113,39.738474,-105.047523,6/5/2016 15:40,15:40,6,0,0,WINONA COURT NORTH & 14TH AVENUE WEST,1,1,0,0,1,4,,0,25,0,0,0,0,0,4,2,13
,2016_36114,39.667725,-104.9787631,5/6/2016 20:05,20:05,3,0,0,YALE AVENUE & 2725 WEST,1,1,0,0,1,2,,0,50,0,0,0,0,0,4,2,5
,2016_36115,39.667464,-104.929416,5/4/2016 17:38,17:38,12,0,0,YALE AVENUE EAST & FAIRFAX STREET SOUTH,1,1,0,7,1,4,,0,35,0,0,0,0,1,4,2,3
,2016_36116,39.667734,-105.0448365,11/7/2016 11:40,11:40,12,0,0,YALE AVENUE WEST & UTICA STREET SOUTH,1,1,0,7,1,3,,0,35,0,0,0,0,0,4,2,7
,2016_36118,39.750696,-104.959773,9/6/2016 15:46,15:46,1,0,0,YORK STREET NORTH & 23RD AVENUE EAST,1,1,0,0,1,1,,0,30,0,0,0,0,0,4,2,1
,2016_36119,39.738672,-104.8846635,7/23/2016 10:35,10:35,3,0,0,YOSEMITE STREET NORTH & 14TH AVENUE EAST,1,1,0,7,1,1,,0,30,0,0,0,0,0,4,2,16
,2016_36120,39.651102,-104.8848435,8/18/2016 22:45,22:45,15,0,0,YOSEMITE STREET SOUTH & JEFFERSON AVENUE EAST,1,3,0,0,1,4,,0,35,0,0,0,0,0,4,2,2
,2016_36121,39.713049,-105.014475,12/19/2016 12:10,12:10,6,0,0,YUMA STREET & CEDAR AVENUE WEST,6,1,0,0,1,4,,0,25,0,0,0,0,0,4,2,2
,2016_36122,39.75633,-105.015852,1/30/2016 20:43,20:43,12,0,0,ZUNI STREET 2700 BLOCK NORTH & SPEER BOULEVARD NORTH,2,3,1,2,1,4,,0,30,0,0,0,0,0,4,2,13
,2016_36467,39.844602,-104.6809395,1/8/2016 7:05,7:05,5,0,0,PENA BOULEVARD 7700 BLOCK & PENA COUNTY ROAD,4,1,1,2,2,4,,0,45,0,0,0,0,0,4,1,14