id,drcog_id,latitude,longitude,crashtime,time,crashtype,numbkilled,numbinjurd,drcoglocat,rdconditin,lightngcon,roadcntgrd,weatherco,location,roaddescrp,schoolzone,constrzone,splimit,bikeinv,pedinv,sctrinv,motoinv,svrty,rdsystem,ttlvehcls,hcf
,2016_36530,39.743937,-105.0236235,9/8/2016 23:02,23:02,8,0,0,DICK CONNOR AVENUE WEST & MILE HIGH STADIUM COUNTY ROAD,1,1,1,0,1,1,,0,25,0,0,0,0,0,4,2,3
,2016_36544,39.844602,-104.6809395,6/21/2016 12:35,12:35,12,0,1,PENA BOULEVARD 7800 BLOCK & PENA COUNTY ROAD,1,1,1,7,1,4,,0,55,0,0,0,0,2,4,2,5
,2016_36554,39.71933,-104.97998,2/9/2016 11:02,11:02,1,0,0,SPEER BOULEVARD SOUTHBOUND NORTH & CHOPPER COUNTY ROAD,1,1,0,0,1,1,,0,35,0,0,0,0,0,4,2,14
,2016_36572,39.72413437,-104.9787558,3/26/2016 17:33,17:33,6,0,0,FIFTH AVENUE & 700 BLOCK EAST,1,1,0,7,1,4,,0,30,0,0,0,0,0,4,2,16
,2016_36596,39.70231105,-104.9735983,5/18/2016 17:13,17:13,6,0,0,DOWNING STREET SOUTH & 783 SOUTH,1,1,0,0,1,4,,0,30,0,0,0,0,0,4,2,13
,2016_36609,39.73844382,-104.9713238,11/9/2016 20:45,20:45,5,0,0,MARION STREET 1400 BLOCK NORTH & LAFAYETTE STREET ALLEY NORTH,1,3,0,0,1,5,,0,10,0,0,0,0,0,4,2,13
,2016_36625,39.72395572,-105.018645,8/9/2016 7:10,7:10,9,0,1,FIFTH AVENUE & 2600 BLOCK WEST,1,1,1,0,1,2,,0,30,0,0,0,1,2,4,2,3
,2016_36637,39.76996645,-104.9711877,1/23/2016 19:00,19:00,5,0,0,LAFAYETTE STREET & 3777 NORTH,1,2,0,0,4,5,,0,15,0,0,0,0,0,4,1,14
,2016_36642,39.70757307,-105.0298421,7/19/2016 21:59,21:59,6,0,0,IRVING STREET SOUTH & 455 SOUTH,1,1,0,0,1,4,,0,25,0,0,0,0,0,4,2,5
,2016_36643,39.68703643,-105.0392391,11/10/2016 16:20,16:20,6,0,0,PATTON COURT SOUTH & 1641 SOUTH,1,1,0,0,1,4,,0,25,0,0,0,0,0,4,2,7
,2016_36653,39.73425117,-104.9417926,6/9/2016 11:00,11:00,6,0,0,HARRISON STREET & 1135 NORTH,1,1,0,7,1,2,,0,15,0,0,0,0,0,4,2,16
,2016_36661,39.740079,-104.923266,6/21/2016 0:49,0:49,2,1,0,COLFAX AVENUE & 5500 BLOCK EAST,1,1,0,0,1,4,,0,30,1,0,0,0,4,2,2,14
,2016_36666,39.718332,-104.966784,6/12/2016 1:27,1:27,2,1,0,FIRST AVENUE EAST & GILPIN STREET NORTH,1,3,0,0,1,1,,0,30,1,0,0,0,4,4,2,14
,2016_36667,39.697956,-104.8823235,10/17/2016 9:30,9:30,2,1,0,ALTON WAY SOUTH & MISSISSIPPI AVENUE SOUTH,1,5,0,0,1,1,,0,,1,0,0,0,4,4,2,13
,2016_36668,39.764349,-104.986584,3/18/2016 14:36,14:36,2,1,0,BRIGHTON BOULEVARD NORTH & 29TH STREET,1,1,0,0,1,1,,0,25,1,0,0,0,4,4,2,14
,2016_36671,39.682419,-105.025016,9/16/2016 3:41,3:41,11,1,0,FEDERAL BOULEVARD  & JEWELL AVENUE,1,3,0,0,1,4,,0,,0,1,0,0,4,2,2,13
,2016_36672,39.740028,-105.002766,3/31/2016 6:32,6:32,11,1,0,COLFAX AVENUE WEST & MARIPOSA STREET NORTH,1,3,0,0,1,1,,0,,0,1,0,0,4,2,2,13
,2016_36674,39.686878,-104.940544,11/5/2016 16:33,16:33,11,1,0,COLORADO BOULEVARD 1500 BLOCK SOUTH & IOWA STREET,1,1,0,0,1,4,,0,40,0,1,0,0,4,2,2,13
,2016_36676,39.758284,-104.940525,10/26/2016 20:08,20:08,11,1,0,29TH AVENUE EAST & COLORADO BOULEVARD NORTH,1,3,0,0,1,1,,0,,0,1,0,0,4,2,2,13
,2016_36679,39.740086,-104.889819,1/29/2016 19:51,19:51,11,1,0,COLFAX AVENUE  & WABASH STREET,1,3,0,0,1,4,,0,,0,1,0,0,4,2,2,13
,2016_36681,39.753353,-105.015038,10/12/2016 0:45,0:45,11,1,0,I25 & SPEER BOULEVARD NORTH,1,3,0,0,1,4,,0,,0,1,0,0,4,1,2,13
,2016_36683,39.786998,-105.025221,9/19/2016 4:50,4:50,11,1,0,FEDERAL BOULEVARD  & 50TH AVENUE WEST,1,3,0,0,1,4,,0,,0,1,0,0,4,2,2,13
,2016_36684,39.711151,-105.034708,8/28/2016 20:50,20:50,11,1,0,ALAMEDA AVENUE WEST & LOWELL BOULEVARD SOUTH,1,3,0,0,1,4,,0,35,0,1,0,0,4,2,2,1
,2016_36689,39.781828,-104.90174,5/8/2016 23:35,23:35,11,1,0,QUEBEC STREET NORTH & SANDCREEK DRIVE SOUTH,1,3,0,0,1,4,,0,40,0,1,0,0,4,2,2,13
,2016_36695,39.71871,-104.973282,8/31/2016 19:35,19:35,11,1,0,FIRST AVENUE EAST & DOWNING STREET NORTH,1,2,0,0,1,1,,0,30,0,1,0,0,4,4,2,5
,2016_36697,39.736845,-104.9873715,10/30/2016 2:07,2:07,11,1,1,13TH AVENUE EAST & BROADWAY STREET NORTH,1,3,0,0,1,1,,0,30,0,1,0,0,4,4,3,5
,2016_36699,39.798396,-104.786415,9/8/2016 5:20,5:20,11,2,0,56TH AVENUE EAST & PENA BOULEVARD,1,3,0,0,1,1,,0,45,0,1,0,0,4,4,3,13
,2016_36701,39.783609,-104.7913916,11/6/2016 20:55,20:55,11,1,0,PENA BOULEVARD  & GREEN VALLEY RANCH BOULEVARD,1,4,1,0,1,4,,0,,0,1,0,0,4,4,2,13
,2016_36704,39.747528,-104.978304,6/12/2016 21:11,21:11,11,1,0,20TH AVENUE EAST & PARK AVENUE WEST,1,3,0,0,1,1,,0,,0,1,0,0,4,4,2,13
,2016_36709,39.638664,-104.89266,12/21/2016 18:45,18:45,11,1,0,QUINCY AVENUE EAST & TAMARAC DRIVE SOUTH,1,3,0,0,1,1,,0,30,0,1,0,0,4,4,2,5
,2016_36711,39.708135,-104.879142,11/3/2016 7:10,7:10,11,1,0,ALAMEDA AVENUE EAST & CLINTON STREET SOUTH,1,2,0,0,1,1,,0,,0,1,0,0,4,4,2,13
,2016_36712,39.733848,-104.9836005,11/14/2016 19:10,19:10,11,1,0,11TH AVENUE EAST & GRANT STREET NORTH,1,3,1,0,1,1,,0,30,0,1,0,0,4,4,2,13
,2016_36714,39.74979987,-104.9033,7/18/2016 22:00,22:00,11,1,0,QUEBEC STREET & 2200 BLOCK NORTH,1,3,0,0,1,4,,0,30,0,1,0,0,4,4,2,13
,2016_36716,39.66702998,-104.9477942,7/13/2016 13:32,13:32,11,1,2,YALE WAY & 3400 BLOCK EAST,1,1,1,0,3,4,,0,25,0,1,0,0,4,4,3,15
,2016_36720,39.76111,-105.004124,8/5/2016 1:09,1:09,5,2,0,I25 NORTHBOUND SLIP ON PAMP & 20TH STREET,1,3,1,0,2,14,,0,30,0,0,0,1,4,1,1,13
,2016_36731,39.72542,-105.028118,9/25/2016 15:22,15:22,15,1,1,SIXTH AVENUE WEST & KNOX COURT NORTH,1,1,1,0,1,4,,0,55,0,0,0,1,4,2,2,1
,2016_36734,39.654046,-104.867567,5/13/2016 2:21,2:21,8,1,6,HAVANA STREET  & GALENA STREET SOUTH,1,3,1,0,1,4,,0,35,0,0,0,0,4,2,2,1
,2016_36740,39.720583,-105.007689,6/6/2016 12:03,12:03,9,1,1,I25 & SIXTH AVENUE WEST,1,1,0,0,1,4,,0,55,0,0,0,1,4,1,2,3
,2016_36746,39.698742,-104.903946,1/27/2016 6:48,6:48,13,1,0,LEETSDALE DRIVE  & QUEBEC STREET,1,2,0,0,1,3,,0,,0,0,0,0,4,2,2,13
,2016_36749,39.685533,-104.940543,1/3/2016 14:20,14:20,12,2,5,COLORADO BOULEVARD SOUTH & MEXICO AVENUE EAST,1,1,1,0,1,1,,0,35,0,0,0,0,4,2,4,10
,2016_36772,39.740378,-105.017114,9/4/2016 21:13,21:13,15,1,0,COLFAX AVENUE WEST & I25 SOUTHBOUND SLIP ON RAMP,1,3,0,0,1,4,,0,40,0,0,0,1,4,2,3,14
,2016_36773,39.777139,-104.882953,4/16/2016 14:40,14:40,3,1,0,CENTRAL PARK BOULEVARD NORTH & I70,2,1,0,2,1,1,,0,40,0,0,0,0,4,1,2,1
,2016_36774,39.779931,-104.898744,7/18/2016 20:20,20:20,9,1,0,I270 & NORTHFIELD QUEBEC STREET NORTH,1,2,0,0,2,4,,0,65,0,0,0,1,4,1,1,13
,2016_36776,39.711193,-105.042148,4/21/2016 20:40,20:40,1,1,0,ALAMEDA AVENUE WEST & RALEIGH STREET SOUTH,1,3,0,0,1,1,,0,35,0,0,0,1,4,2,2,1
,2016_36780,39.696679,-104.991877,10/25/2016 1:48,1:48,5,1,0,SANTA FE DRIVE SOUTH & MISSISSIPPI AVENUE EAST,1,3,0,0,3,1,,0,45,0,0,0,0,4,2,1,13
,2016_36787,39.766715,-104.99817,9/17/2016 5:42,5:42,12,1,0,I25 & PARK AVENUE,1,3,0,0,1,4,,0,55,0,0,0,0,4,1,2,14
,2016_36798,39.775962,-104.940523,10/10/2016 16:40,16:40,12,1,1,COLORADO BOULEVARD  & I70,1,2,1,0,1,4,,0,35,0,0,0,0,4,2,5,5
,2016_36804,39.696847,-104.991827,2/21/2016 2:31,2:31,9,1,0,PLATTE RIVER DRIVE  & MISSISSIPPI AVENUE WEST,1,3,0,0,3,4,,0,45,0,0,0,0,4,2,1,13
,2016_36813,39.715129,-105.025138,10/29/2016 22:19,22:19,9,1,0,FEDERAL BOULEVARD SOUTH & BAYAUD AVENUE WEST,1,3,1,0,2,4,,0,90,0,0,0,0,4,2,1,1
,2016_36816,39.711183,-105.008617,12/10/2016 17:29,17:29,1,1,0,ALAMEDA AVENUE WEST & RARITAN STREET,1,3,0,0,1,1,,0,35,0,0,0,1,4,2,2,7
,2016_36820,39.741426,-104.9988915,5/11/2016 14:52,14:52,5,1,1,STOUT STREET & SPEER BOULEVARD NORTH,1,1,0,0,3,4,,0,25,0,0,0,1,4,4,1,13
,2016_36828,39.711366,-104.912964,4/11/2016 22:03,22:03,1,1,0,ALAMEDA AVENUE EAST & MONACO STREET SOUTH,1,3,0,0,1,1,,0,35,0,0,0,1,4,4,2,1
,2016_36836,39.787479,-104.9689035,1/13/2016 2:01,2:01,5,2,0,FRANKLIN STREET  & NATIONAL WESTERN DRIVE,1,3,0,0,2,3,,0,30,0,0,0,0,4,4,1,1
,2016_36848,39.769272,-105.006456,9/19/2016 17:42,17:42,15,1,1,38TH AVENUE  & PECOS STREET NORTH,1,1,0,0,1,3,,0,35,0,0,0,1,4,4,2,1
,2016_36849,39.747429,-104.898771,11/11/2016 1:48,1:48,5,1,0,MONTVIEW BOULEVARD  & SYRACUSE STREET NORTH,1,3,0,0,2,3,,0,30,0,0,0,1,4,4,1,1
,2016_36854,39.678372,-104.9508135,5/30/2016 7:34,7:34,3,1,0,EVANS AVENUE EAST & STREET PAUL STREET SOUTH,1,1,0,0,1,1,,0,35,0,0,0,1,4,4,2,13
,2016_36867,39.66760379,-104.9523746,7/13/2016 13:35,13:35,5,1,0,YALE WAY & 3000 BLOCK EAST,1,1,0,0,3,4,,0,25,0,0,0,0,4,4,1,14
,2016_36878,39.75775826,-104.8572948,7/24/2016 18:32,18:32,9,1,0,HAVANA WAY & 2800 BLOCK NORTH,1,1,1,0,3,4,,0,30,0,0,0,0,4,4,1,14
,2016_36882,39.66654088,-104.9128544,4/10/2016 5:50,5:50,8,2,0,MONACO STREET & 2700 BLOCK SOUTH,1,3,0,0,1,4,,0,35,0,0,0,0,4,4,2,5
,2016_36883,39.66776004,-105.0744954,6/27/2016 9:55,9:55,12,1,0,YALE AVENUE & 7100 WEST,1,1,0,0,1,4,,0,30,0,0,0,1,4,4,2,1
,2016_36886,39.73474354,-105.032159,5/30/2016 1:42,1:42,5,1,0,KNOX COURT & 1200 BLOCK NORTH,1,3,1,0,1,4,,0,25,0,0,0,0,4,4,1,13
,2016_36896,39.783735,-105.0345945,10/11/2016 11:25,11:25,2,0,1,48TH AVENUE WEST & LOWELL BOULEVARD,1,1,0,0,1,1,,0,,1,0,0,0,3,4,2,13
,2016_36899,39.725334,-105.021388,8/5/2016 15:33,15:33,2,0,1,SIXTH AVENUE WEST & FEDERAL BOULEVARD NORTH,1,1,0,0,1,4,,0,,1,0,0,0,3,2,2,14
,2016_36903,39.750887,-104.940597,7/28/2016 7:25,7:25,2,0,1,23RD AVENUE EAST & COLORADO BOULEVARD NORTH,1,1,0,0,1,1,,0,25,1,0,0,0,3,2,2,13
,2016_36904,39.740005,-104.987167,7/9/2016 20:00,20:00,2,0,1,BROADWAY STREET NORTH & COLFAX AVENUE EAST,1,1,0,0,1,1,,0,30,1,0,0,0,3,2,3,13
,2016_36906,39.739998,-104.978667,7/27/2016 17:55,17:55,2,0,1,COLFAX AVENUE EAST & WASHINGTON STREET NORTH,1,1,0,0,1,1,,0,30,1,0,0,0,3,2,2,13
,2016_36914,39.755975,-105.025134,8/30/2016 15:47,15:47,2,0,1,FEDERAL BOULEVARD NORTH & 27TH AVENUE WEST,1,1,0,0,1,3,,0,,1,0,0,0,3,2,2,14
,2016_36917,39.740386,-105.017508,1/18/2016 13:24,13:24,2,0,1,COLFAX AVENUE WB ON RAMP & AURARIA PARKWAY,1,1,1,0,1,14,,0,40,1,0,0,0,3,2,2,13
,2016_36918,39.762205,-104.94051,12/11/2016 19:35,19:35,2,0,1,COLORADO BOULEVARD NORTH & MLK BOULEVARD EAST,1,3,0,0,1,4,,0,30,1,0,0,0,3,2,2,14
,2016_36926,39.710285,-104.998352,4/16/2016 7:10,7:10,5,0,2,I25 & ALAMEDA AVENUE WEST,5,1,1,2,2,4,,0,60,0,0,0,0,3,1,1,5
,2016_36927,39.75498,-104.995143,3/1/2016 19:43,19:43,2,0,1,20TH STREET & WAZEE STREET,1,3,1,0,1,1,,0,25,1,0,0,0,3,4,2,13
,2016_36931,39.768048,-105.020505,9/16/2016 15:39,15:39,2,0,1,37TH AVENUE WEST & CLAY STREET NORTH,1,1,1,0,1,1,,0,,1,0,0,0,3,4,2,1
,2016_36940,39.740526,-104.9888205,10/19/2016 21:32,21:32,2,0,1,COLFAX AVENUE 100 WEST & 15TH STREET,1,3,0,0,1,4,,0,25,1,0,0,0,3,2,2,13
,2016_36943,39.678516,-104.9757615,11/18/2016 18:56,18:56,2,0,1,EVANS AVENUE EAST & OGDEN STREET SOUTH,1,4,0,0,1,1,,0,,1,0,0,0,3,4,2,13
,2016_36944,39.657474,-104.900085,6/14/2016 9:29,9:29,2,0,1,TAMARAC DRIVE 3100 BLOCK SOUTH & EASTMAN AVENUE EAST,1,1,0,0,1,1,,0,25,1,0,0,0,3,4,2,7
,2016_36948,39.731013,-104.9351445,11/3/2016 13:06,13:06,2,0,1,NINTH AVENUE EAST & CLERMONT NORTH,1,1,0,0,1,1,,0,25,1,0,0,0,3,4,2,8
,2016_36949,39.735081,-104.9418225,7/18/2016 21:45,21:45,2,0,1,12TH AVENUE EAST & HARRISON STREET NORTH,1,3,0,0,1,1,,0,25,1,0,0,0,3,4,2,13
,2016_36952,39.724083,-104.9811435,6/9/2016 7:51,7:51,2,0,1,FIFTH AVENUE EAST & PENNSYLVANIA STREET NORTH,1,1,0,0,1,1,,0,25,1,0,0,0,3,4,2,14
,2016_36955,39.738465,-105.035814,10/26/2016 15:31,15:31,2,0,1,MEADE STREET NORTH & 14TH AVENUE WEST,1,1,1,0,1,1,,0,25,1,0,0,0,3,4,2,13
,2016_36958,39.656808,-105.025203,8/30/2016 18:11,18:11,2,0,1,FLOYD AVENUE 3100 BLOCK WEST & FEDERAL BOULEVARD SOUTH,1,1,0,0,1,4,,0,,1,0,0,0,3,4,2,13
,2016_36959,39.689325,-104.8967235,8/23/2016 20:06,20:06,2,0,1,FLORIDA AVENUE EAST & QUEBEC WAY SOUTH,1,3,0,0,1,1,,0,30,1,0,0,0,3,4,2,13
,2016_36960,39.733668,-104.9965605,7/9/2016 17:07,17:07,2,0,1,11TH AVENUE WEST & GALAPAGO STREET NORTH,1,1,0,0,1,1,,0,25,1,0,0,0,3,4,2,13
,2016_36969,39.716523,-104.97339,6/16/2016 15:29,15:29,2,0,1,DOWNING STREET 0 BLOCK NORTH & ELLSWORTH AVENUE EAST,1,1,0,0,1,4,,0,25,1,0,0,0,3,4,2,13
,2016_36970,39.753423,-104.988402,9/8/2016 13:10,13:10,2,0,1,22ND STREET & ARAPAHOE STREET,1,1,0,0,1,1,,0,30,1,0,0,0,3,4,2,5
,2016_36973,39.752721,-105.015411,1/19/2016 6:32,6:32,2,0,1,SEVENTH STREET & I25 NORTHBOUND OFF RAMP,2,3,1,0,1,4,,0,25,1,0,0,0,3,4,2,13
,2016_36975,39.75444,-104.9598,8/13/2016 20:12,20:12,2,0,1,26TH AVENUE EAST & YORK STREET NORTH,1,2,0,0,1,1,,0,35,1,0,0,0,3,4,2,14
,2016_36976,39.749886,-104.998311,6/8/2016 0:52,0:52,2,0,1,16TH STREET & MARKET STREET LARIMER STREET ALLEY,1,3,0,0,1,5,,0,20,1,0,0,0,3,4,2,14
,2016_36977,39.756456,-105.0093135,6/18/2016 7:56,7:56,2,0,1,15TH STREET & PLATTE STREET,1,1,0,0,1,1,,0,30,1,0,0,0,3,4,2,7
,2016_36978,39.772962,-104.975442,10/20/2016 18:20,18:20,2,0,2,38TH STREET & BRIGHTON BOULEVARD,1,1,0,0,1,1,,0,35,1,0,0,0,3,4,5,5
,2016_36981,39.75633,-105.015852,3/7/2016 18:21,18:21,2,0,1,SPEER BOULEVARD NORTH & ZUNI STREET NORTH,1,3,1,0,1,1,,0,35,1,0,0,0,3,4,2,13
,2016_36987,39.744774,-104.9598225,7/21/2016 12:45,12:45,2,0,1,18TH AVENUE & YORK STREET,1,1,0,0,1,4,,0,,1,0,0,0,3,4,2,13
,2016_36988,39.766959,-104.9727555,6/15/2016 16:32,16:32,2,0,1,LAWRENCE STREET & 36TH AVENUE EAST,1,1,0,0,1,1,,0,35,1,0,0,0,3,4,2,14
,2016_36989,39.735162,-104.9706675,8/4/2016 0:09,0:09,2,0,1,12TH AVENUE EAST & LAFAYETTE STREET NORTH,1,4,0,0,1,1,,0,,1,0,0,0,3,4,2,1
,2016_36990,39.717909,-104.951223,4/26/2016 21:00,21:00,2,0,1,FIRST AVENUE EAST & STREET PAUL STREET NORTH,1,3,0,0,1,1,,0,30,1,0,0,0,3,4,2,13
,2016_36993,39.735243,-104.98617,8/30/2016 13:03,13:03,2,0,1,12TH AVENUE EAST & LINCOLN STREET NORTH,1,1,1,0,1,5,,0,15,1,0,0,0,3,4,2,13
,2016_36996,39.68217,-105.0018345,7/29/2016 13:32,13:32,2,0,1,PLATTE RIVER DRIVE SOUTH & JEWELL AVENUE WEST,1,1,0,0,1,1,,0,35,1,0,0,0,3,4,2,7
,2016_37000,39.75293547,-104.9925999,7/3/2016 2:33,2:33,2,0,1,LARIMER STREET & 2000 BLOCK,1,3,0,0,1,2,,0,25,1,0,0,0,3,4,2,1
,2016_37002,39.731166,-105.019272,11/5/2016 13:26,13:26,11,0,1,BRYANT STREET 900 BLOCK NORTH & NINTH AVENUE NORTH,1,1,0,0,1,4,,0,,0,1,0,0,3,4,2,13
,2016_37005,39.740028,-104.982228,11/11/2016 9:20,9:20,11,0,1,COLFAX AVENUE EAST & LOGAN STREET NORTH,1,1,0,0,1,3,,0,,0,1,0,0,3,2,2,13
,2016_37006,39.740166,-104.951624,2/7/2016 21:41,21:41,11,0,1,COLFAX AVENUE EAST & STREET PAUL STREET NORTH,1,3,0,0,1,4,,0,,0,1,0,0,3,2,2,13
,2016_37008,39.72871,-104.940605,11/18/2016 14:58,14:58,11,0,1,EIGHTH AVENUE EAST & COLORADO BOULEVARD NORTH,1,1,0,0,1,1,,0,,0,1,0,0,3,2,2,13
,2016_37012,39.780013,-104.9594,3/23/2016 21:42,21:42,11,0,1,I70 & YORK STREET NORTH,5,3,0,2,1,4,,0,55,0,1,0,0,3,1,3,7
,2016_37014,39.740007,-104.987765,2/10/2016 0:25,0:25,5,0,1,COLFAX AVENUE & BROADWAY NORTH,1,3,0,0,2,4,,0,30,0,0,0,0,3,2,1,13
,2016_37015,39.789272,-105.025199,9/25/2016 15:30,15:30,11,0,1,55TH AVENUE WEST & FEDERAL BOULEVARD,1,1,0,0,1,3,,0,,0,1,0,0,3,2,2,13
,2016_37020,39.708306,-104.927746,7/1/2016 22:06,22:06,11,0,1,LEETSDALE DRIVE & FOREST STREET SOUTH,2,3,0,1,1,4,,0,,0,1,0,0,3,2,3,13
,2016_37021,39.780012,-104.960565,1/31/2016 1:10,1:10,11,0,2,I70 & YORK STREET NORTH,2,3,0,2,1,4,,0,55,0,1,0,0,3,1,3,5
,2016_37023,39.725455,-105.032456,9/16/2016 10:45,10:45,11,0,1,SIXTH AVENUE WEST & KNOX COURT NORTH,1,1,0,0,1,4,,0,,0,1,0,0,3,2,2,13
,2016_37027,39.740086,-104.892825,11/1/2016 11:08,11:08,11,0,1,COLFAX AVENUE EAST & UINTA STREET NORTH,1,1,0,0,1,1,,0,35,0,1,0,0,3,2,2,2
,2016_37029,39.71334,-105.025151,1/22/2016 23:17,23:17,11,0,1,FEDERAL BOULEVARD SOUTH & CEDAR AVENUE WEST,1,3,0,0,1,4,,0,40,0,1,0,0,3,2,2,13
,2016_37031,39.76111,-105.004124,9/19/2016 1:33,1:33,11,0,1,I25 NORTHBOUND ON RAMP & 20TH STREET,1,3,1,0,1,14,,0,35,0,1,0,0,3,1,2,13
,2016_37033,39.745265,-105.025233,7/4/2016 19:25,19:25,11,0,1,FEDERAL BOULEVARD & 18TH AVENUE WEST,1,1,0,0,1,4,,0,,0,1,0,0,3,2,2,14
,2016_37035,39.760997,-105.004271,6/24/2016 11:44,11:44,11,0,1,I25 HIGHWAY SOUTHBOUND & 20TH STREET INTERCHANGE,1,1,0,0,1,4,,0,55,0,1,0,0,3,1,3,13
,2016_37036,39.740013,-104.969683,9/13/2016 0:30,0:30,11,0,1,COLFAX AVENUE EAST & HUMBOLDT STREET NORTH ROAD SOUTH APPROXIMATELY,1,3,0,0,1,4,,0,,0,1,0,0,3,2,2,14
,2016_37038,39.693033,-105.025057,3/13/2016 14:34,14:34,11,0,1,FEDERAL BOULEVARD SOUTH & LOUISIANA AVENUE WEST,1,1,0,0,1,1,,0,40,0,1,0,0,3,2,2,13
,2016_37039,39.689495,-105.025043,7/26/2016 21:18,21:18,11,0,1,FEDERAL BOULEVARD SOUTH & FLORIDA AVENUE WEST,1,3,0,0,1,1,,0,,0,1,0,0,3,2,2,13
,2016_37041,39.75854,-105.025143,4/27/2016 19:50,19:50,11,0,1,29TH AVENUE WEST & FEDERAL BOULEVARD NORTH,1,3,0,0,1,1,,0,,0,1,0,0,3,2,2,13
,2016_37042,39.740086,-104.891886,10/23/2016 19:12,19:12,11,0,1,COLFAX AVENUE EAST & VALENTIA STREET NORTH,1,3,0,0,1,4,,0,,0,1,0,0,3,2,2,13
,2016_37043,39.737067,-105.025323,7/10/2016 21:30,21:30,11,0,1,FEDERAL BOULEVARD 1300 BLOCK NORTH & 14TH AVENUE WEST,1,2,0,0,1,4,,0,,0,1,0,0,3,2,2,13
,2016_37044,39.710806,-105.025084,6/2/2016 10:30,10:30,11,0,1,FEDERAL BOULEVARD SOUTH & ALAMEDA AVENUE WEST,1,1,1,0,1,3,,0,,0,1,0,0,3,2,2,13
,2016_37045,39.737614,-105.025293,8/11/2016 13:45,13:45,11,0,1,FEDERAL BOULEVARD 1300 BLOCK NORTH & 14TH AVENUE WEST,1,1,1,0,1,4,,0,,0,1,0,0,3,2,2,13
,2016_37046,39.665444,-105.025139,1/18/2016 9:30,9:30,11,0,1,FEDERAL BOULEVARD SOUTH & AMHERST AVENUE WEST,1,1,1,0,1,1,,0,40,0,1,0,0,3,2,2,13
,2016_37049,39.740005,-104.987167,5/3/2016 14:52,14:52,11,0,1,COLFAX AVENUE & BROADWAY NORTH,1,1,0,1,1,3,,0,30,0,1,0,0,3,2,2,12
,2016_37051,39.740009,-104.968553,11/2/2016 0:55,0:55,11,0,1,COLFAX AVENUE 1500 BLOCK EAST & FRANKLIN STREET NORTH,1,3,0,0,1,3,,0,,0,1,0,0,3,2,2,13
,2016_37055,39.684908,-104.961021,7/5/2016 0:58,0:58,11,0,1,I25 NORTHBOUND & UNIVERSITY BOULEVARD SOUTH,1,3,0,0,1,4,,0,,0,1,0,0,3,1,2,13
,2016_37056,39.778295,-104.903454,9/6/2016 11:09,11:09,5,0,1,I70 & QUEBEC STREET NORTH,1,1,1,0,2,4,,0,55,0,0,0,0,3,1,3,14
,2016_37060,39.628148,-104.903985,7/23/2016 7:20,7:20,12,0,2,I25 & UNION AVENUE,1,1,0,0,1,4,,0,55,0,0,0,0,3,1,3,1
,2016_37064,39.728626,-105.053228,10/18/2016 18:54,18:54,11,0,1,SHERIDAN BOULEVARD NORTH & SIXTH AVENUE WEST,1,3,0,0,1,4,,0,,0,1,0,0,3,2,2,14
,2016_37066,39.67863,-105.025035,3/22/2016 5:40,5:40,11,0,1,FEDERAL BOULEVARD SOUTH & EVANS AVENUE WEST,1,3,0,0,1,1,,0,,0,1,0,0,3,2,2,13
,2016_37068,39.776686,-105.025228,8/16/2016 20:39,20:39,11,0,1,FEDERAL BOULEVARD NORTH & 44TH AVENUE WEST,1,3,0,1,1,1,,0,,0,1,0,0,3,2,2,13
,2016_37071,39.740005,-104.987167,4/30/2016 23:15,23:15,11,0,1,COLFAX AVENUE & BROADWAY,2,3,0,1,1,3,,0,,0,1,0,0,3,2,2,13
,2016_37072,39.739998,-104.966103,4/16/2016 1:40,1:40,11,0,1,COLFAX AVENUE EAST & WILLIAMS STREET NORTH,2,3,0,1,1,1,,0,30,0,1,0,0,3,2,3,13
,2016_37075,39.75471,-104.897151,2/15/2016 10:45,10:45,11,0,1,26TH AVENUE EAST & SPRUCE STREET NORTH,1,1,0,0,1,4,,0,25,0,1,0,0,3,4,2,13
,2016_37076,39.729069,-104.972958,12/12/2016 20:27,20:27,11,0,1,EIGHTH AVENUE EAST & DOWNING STREET NORTH,1,3,0,0,1,1,,0,25,0,1,0,0,3,4,2,13
,2016_37077,39.739986,-104.987421,12/9/2016 23:00,23:00,11,0,1,BROADWAY & COLFAX AVENUE EAST,1,3,0,0,1,3,,0,,0,1,0,0,3,4,2,13
,2016_37078,39.796731,-104.7594645,12/24/2016 15:30,15:30,11,0,1,ESPANA COURT 5500 BLOCK NORTH & ROBINS DRIVE EAST,1,1,0,0,1,4,,0,25,0,1,0,0,3,4,2,7
,2016_37079,39.783609,-104.772222,5/23/2016 21:02,21:02,11,0,1,GREEN VALLEY RANCH BOULEVARD EAST & TOWER ROAD NORTH,1,3,1,0,1,1,,0,,0,1,0,0,3,4,2,13
,2016_37080,39.704922,-105.027534,5/8/2016 21:15,21:15,11,0,1,HAZEL COURT SOUTH & GILL PLACE WEST,1,1,0,0,1,1,,0,30,0,1,0,0,3,4,2,3
,2016_37081,39.735243,-104.98617,12/11/2016 1:50,1:50,11,0,1,LINCOLN STREET NORTH & 12TH AVENUE EAST,1,3,0,0,1,4,,0,30,0,1,0,0,3,4,2,13
,2016_37084,39.735243,-104.9873805,11/17/2016 18:00,18:00,11,0,1,BROADWAY & 12TH AVENUE WEST,4,3,0,2,1,1,,0,,0,1,0,0,3,4,2,13