id,drcog_id,latitude,longitude,crashtime,time,crashtype,numbkilled,numbinjurd,drcoglocat,rdconditin,lightngcon,roadcntgrd,weatherco,location,roaddescrp,schoolzone,constrzone,splimit,bikeinv,pedinv,sctrinv,motoinv,svrty,rdsystem,ttlvehcls,hcf
,2016_37902,39.825486,-104.7719655,8/18/2016 17:38,17:38,3,0,1,71ST AVENUE EAST & TOWER ROAD NORTH,1,1,0,0,1,3,,0,30,0,0,0,1,3,4,2,13
,2016_37903,39.660192,-104.902281,6/23/2016 5:13,5:13,5,0,1,QUEBEC STREET SOUTH & DARTMOUTH AVENUE EAST,1,2,0,7,3,4,,0,30,0,0,0,0,3,4,1,5
,2016_37913,39.762108,-105.0487425,3/19/2016 13:30,13:30,6,0,1,32ND AVENUE 4800 BLOCK WEST & WOLFF STREET NORTH,1,1,0,0,1,4,,0,30,0,0,0,0,3,4,2,14
,2016_37914,39.765726,-104.9948415,6/17/2016 16:57,16:57,15,0,1,PARK AVENUE WEST & GLOBEVILLE ROAD,1,1,0,0,1,1,,0,35,0,0,0,1,3,4,2,13
,2016_37915,39.711204,-105.0006645,5/12/2016 17:32,17:32,3,0,1,PLATTE RIVER DRIVE & ALAMEDA AVENUE WEST,1,1,0,0,1,2,,0,35,0,0,0,1,3,4,2,12
,2016_37916,39.748446,-105.0033735,1/5/2016 13:36,13:36,1,0,1,SPEER BOULEVARD NORTH & AURARIA PARKWAY,1,1,0,0,1,1,,0,35,0,0,0,0,3,4,2,3
,2016_37917,39.785598,-105.0135255,11/5/2016 16:15,16:15,6,0,2,VALLEJO STREET NORTH & 49TH AVENUE WEST,1,1,0,0,1,4,,0,35,0,0,0,0,3,4,3,1
,2016_37930,39.72627,-105.0002055,7/2/2016 10:45,10:45,12,0,2,SIXTH AVENUE WEST & KALAMATH STREET NORTH,1,1,1,7,1,4,,0,35,0,0,0,0,3,4,3,14
,2016_37931,39.706758,-105.0298335,4/25/2016 7:08,7:08,13,0,1,IRVING STREET 500 BLOCK SOUTH & CUSTER PLACE WEST,1,1,0,0,1,3,,0,25,0,0,0,0,3,4,2,14
,2016_37932,39.68946,-105.0297165,4/22/2016 20:37,20:37,1,0,1,IRVING STREET SOUTH & FLORIDA AVENUE WEST,1,3,0,0,1,1,,0,30,0,0,0,1,3,4,2,7
,2016_37933,39.714966,-105.032493,1/6/2016 18:00,18:00,3,0,4,KNOX COURT SOUTH & BAYAUD AVENUE WEST,5,3,0,0,1,1,,0,30,0,0,0,0,3,4,2,9
,2016_37942,39.720924,-104.9874975,10/2/2016 12:28,12:28,3,0,1,THIRD AVENUE EAST & BROADWAY STREET NORTH,1,1,0,0,1,1,,0,30,0,0,0,1,3,4,2,1
,2016_37943,39.722643,-104.8795335,11/30/2016 0:20,0:20,6,0,1,ALTON WAY NORTH & FIFTH AVENUE EAST,1,3,0,0,3,4,,0,25,0,0,0,0,3,4,3,5
,2016_37944,39.689397,-104.9827905,10/19/2016 15:12,15:12,3,0,1,FLORIDA AVENUE EAST & LOGAN STREET SOUTH,1,1,0,7,1,1,,0,25,0,0,0,0,3,4,2,16
,2016_37945,39.783654,-104.7611925,7/14/2016 10:55,10:55,3,0,1,GREEN VALLEY RANCH BOULEVARD EAST & FLANDERS WAY NORTH,1,1,0,0,1,1,,0,15,0,0,0,0,3,4,2,13
,2016_37946,39.76299,-105.0346035,3/9/2016 19:04,19:04,1,0,1,LOWELL BOULEVARD NORTH & MONCRIEFF PLACE WEST,1,1,0,0,1,1,,0,25,0,0,0,0,3,4,2,13
,2016_37970,39.67857,-105.034365,9/23/2016 12:22,12:22,10,0,1,LOWELL BOULEVARD SOUTH & EVANS AVENUE WEST OR WARREN APPROXIMATELY,1,1,0,0,1,4,,0,30,0,0,0,0,3,4,2,2
,2016_37971,39.702204,-105.027534,10/10/2016 8:15,8:15,6,0,1,OHIO AVENUE WEST & HAZEL SOUTH,1,1,0,0,1,4,,0,25,0,0,0,0,3,4,3,2
,2016_37972,39.738465,-105.0381405,5/26/2016 1:38,1:38,3,0,2,14TH AVENUE WEST & OSCEOLA STREET NORTH,1,3,0,7,1,1,,0,30,0,0,0,0,3,4,2,16
,2016_37973,39.754728,-104.9034015,5/8/2016 17:39,17:39,1,0,2,QUEBEC STREET NORTH & 26TH AVENUE EAST,1,1,0,0,1,1,,0,35,0,0,0,0,3,4,2,5
,2016_37974,39.700422,-105.0513435,8/1/2016 15:13,15:13,15,0,1,YATES STREET SOUTH & KENTUCKY AVENUE WEST,1,1,0,0,1,4,,0,25,0,0,0,0,3,4,2,13
,2016_37987,39.729204,-104.9394735,10/29/2016 22:06,22:06,1,0,1,EIGHTH AVENUE EAST & ALBION STREET NORTH,1,3,0,0,1,1,,0,30,0,0,0,0,3,4,2,5
,2016_37988,39.738393,-104.973048,7/20/2016 14:30,14:30,3,0,1,DOWNING STREET NORTH & 14TH AVENUE EAST,1,1,0,7,1,1,,0,30,0,0,0,0,3,4,2,16
,2016_37989,39.755088,-104.988114,5/26/2016 7:50,7:50,10,0,1,LAWRENCE STREET & PARK AVENUE WEST,1,1,0,0,1,1,,0,30,0,0,0,1,3,4,2,13
,2016_37990,39.735243,-104.98617,6/22/2016 13:00,13:00,6,0,1,LINCOLN STREET 1200 NORTH & 12TH AVENUE EAST,1,1,0,0,1,3,,0,30,0,0,0,0,3,4,2,13
,2016_37991,39.785724,-104.883093,12/23/2016 18:12,18:12,3,0,1,NORTHFIELD BOULEVARD & CENTRAL PARK BOULEVARD NORTH,1,3,0,0,1,1,,0,35,0,0,0,0,3,4,2,8
,2016_37992,39.786408,-104.847156,1/16/2016 11:50,11:50,3,0,2,PEORIA STREET NORTH & 49TH AVENUE EAST,1,1,0,0,1,1,,0,35,0,0,0,0,3,4,2,13
,2016_38006,39.79804384,-104.8920815,10/20/2016 16:35,16:35,12,0,2,56TH AVENUE 8200 BLOCK EAST & VALENTIA STREET NORTH,1,1,0,7,1,4,,0,45,0,0,0,0,3,4,2,1
,2016_38007,39.762,-104.915214,1/21/2016 3:30,3:30,5,0,4,MLK BOULEVARD 6200 BLOCK & LEYDEN STREET NORTH,1,3,0,0,2,3,,0,35,0,0,0,0,3,4,1,4
,2016_38008,39.7368,-104.9586435,6/17/2016 16:15,16:15,12,0,1,13TH AVENUE 2400 BLOCK EAST & JOSEPHINE STREET NORTH,1,1,0,7,1,4,,0,30,0,0,0,0,3,4,3,16
,2016_38009,39.667626,-104.912964,3/17/2016 18:05,18:05,1,0,1,YALE AVENUE EAST & MONACO STREET SOUTH,2,1,0,2,1,1,,0,35,0,0,0,0,3,4,2,16
,2016_38020,39.705696,-104.986323,5/28/2016 10:45,10:45,12,0,2,LINCOLN STREET SOUTH & CENTER AVENUE EAST,1,1,0,7,1,4,,0,30,0,0,0,0,3,4,3,16
,2016_38021,39.752307,-105.035553,3/28/2016 6:30,6:30,6,0,2,MEADE STREET 2400 BLOCK NORTH & 25TH AVENUE WEST,1,4,0,0,1,4,,0,25,0,0,0,0,3,4,2,5
,2016_38022,39.83338151,-104.771988,10/31/2016 5:39,5:39,1,0,2,TOWER ROAD NORTH & PENA BOULEVARD NORTH,1,3,0,0,1,1,,0,45,0,0,0,0,3,4,2,14
,2016_38035,39.7116,-104.9408055,7/8/2016 17:51,17:51,1,0,1,ALAMEDA AVENUE 4200 BLOCK EAST & COLORADO BOULEVARD SOUTH,1,1,0,0,1,1,,0,30,0,0,0,1,3,4,2,1
,2016_38036,39.764475,-104.949891,8/13/2016 7:32,7:32,1,0,4,BRUCE RANDOLPH AVENUE EAST & STEELE STREET NORTH,1,1,1,7,1,1,,0,30,0,0,0,0,3,4,2,16
,2016_38037,39.638727,-104.904081,11/12/2016 17:25,17:25,1,0,1,QUINCY AVENUE EAST & EASTMOOR DRIVE EAST,1,2,0,0,1,1,,0,35,0,0,0,1,3,4,2,1
,2016_38039,39.754305,-104.9942745,10/14/2016 14:20,14:20,12,0,1,20TH STREET 1400 BLOCK & BLAKE STREET,1,1,0,0,1,4,,0,30,0,0,0,0,3,4,3,13
,2016_38054,39.725586,-104.964804,7/14/2016 17:10,17:10,3,0,3,SIXTH AVENUE EAST & HIGH STREET NORTH,1,1,0,0,1,1,,0,30,0,0,0,0,3,4,2,13
,2016_38055,39.724506,-105.032502,11/8/2016 13:16,13:16,3,0,2,FIFTH AVENUE WEST & KNOX COURT NORTH,1,1,0,7,1,1,,0,35,0,0,0,0,3,4,2,7
,2016_38056,39.72933,-105.019236,2/18/2016 18:10,18:10,3,0,1,EIGHTH AVENUE WEST & BRYANT STREET NORTH,1,3,0,0,1,1,,0,25,0,0,0,0,3,4,2,1
,2016_38057,39.769272,-105.00057,6/17/2016 18:28,18:28,12,0,1,38TH AVENUE WEST & KALAMATH STREET NORTH,1,1,1,0,1,5,,0,35,0,0,0,0,3,4,2,13
,2016_38058,39.678624,-105.0250365,12/7/2016 18:36,18:36,1,0,1,EVANS AVENUE WEST & FEDERAL BOULEVARD SOUTH,5,3,0,2,1,5,,0,35,0,0,0,0,3,4,2,7
,2016_38074,39.735252,-104.9941305,9/21/2016 16:03,16:03,9,0,1,12TH AVENUE WEST & ELATI STREET NORTH,1,1,0,0,1,1,,0,30,0,0,0,1,3,4,1,5
,2016_38075,39.783357,-104.8466025,5/24/2016 14:30,14:30,10,0,1,ALBROOK DRIVE & PEORIA STREET NORTH,2,1,0,2,1,4,,0,25,0,0,0,0,3,4,2,13
,2016_38076,39.785724,-104.883093,6/5/2016 17:19,17:19,3,0,1,CENTRAL PARK BOULEVARD & NORTHFIELD BOULEVARD,1,1,0,7,1,1,,0,35,0,0,0,0,3,4,2,14
,2016_38088,39.741966,-104.89284,1/1/2016 23:50,23:50,5,0,1,16TH AVENUE EAST & UINTA STREET NORTH,5,3,0,0,3,4,,0,25,0,0,0,0,3,4,1,14
,2016_38092,39.752343,-105.007563,4/16/2016 16:25,16:25,12,0,7,SPEER BOULEVARD NORTH & ELITCH CIRCLE,2,1,1,2,1,1,,0,35,0,0,0,0,3,4,2,8
,2016_38107,39.783816,-104.7816855,9/27/2016 8:37,8:37,12,0,2,GREEN VALLEY RANCH BOULEVARD & TELLURIDE STREET NORTH,1,1,0,0,1,4,,0,35,0,0,0,0,3,4,2,7
,2016_38108,39.743964,-105.0475005,1/2/2016 20:58,20:58,12,0,1,17TH AVENUE WEST & WINONA COURT NORTH,6,3,0,0,1,1,,0,35,0,0,0,0,3,4,2,5
,2016_38109,39.755565,-104.987448,11/30/2016 9:25,9:25,9,0,2,BROADWAY & LAWRENCE STREET,1,1,0,0,1,4,,0,30,0,0,0,0,3,4,1,9
,2016_38110,39.765636,-104.9034645,8/5/2016 10:05,10:05,9,0,1,QUEBEC STREET NORTH & 35TH AVENUE EAST,1,1,0,7,1,4,,0,35,0,0,0,1,3,4,1,7
,2016_38111,39.747609,-104.997762,3/20/2016 18:18,18:18,6,0,1,15TH STREET 1200 BLOCK & LAWRENCE STREET,1,1,0,0,1,4,,0,30,0,0,0,0,3,4,5,5
,2016_38112,39.742245,-104.99076,4/17/2016 0:29,0:29,3,0,1,15TH STREET & TREMONT PLACE,2,3,0,2,1,1,,0,30,0,0,0,0,3,4,2,5
,2016_38128,39.769272,-105.006456,3/17/2016 8:59,8:59,3,0,3,38TH AVENUE WEST & PECOS STREET NORTH,1,1,0,0,1,1,,0,35,0,0,0,0,3,4,3,14
,2016_38129,39.751056,-104.995026,3/30/2016 17:40,17:40,3,0,1,18TH STREET & LARIMER STREET,2,1,0,2,1,1,,0,30,0,0,0,0,3,4,2,3
,2016_38130,39.779757,-104.9317335,3/19/2016 17:25,17:25,3,0,3,STAPLETON SOUTH DRIVE EAST & DAHLIA STREET NORTH,1,1,0,7,1,1,,0,30,0,0,0,0,3,4,2,16
,2016_38131,39.750129,-104.9841,4/12/2016 15:48,15:48,3,0,1,WELTON STREET & 22ND STREET,1,1,0,0,1,1,,0,30,0,0,0,1,3,4,2,13
,2016_38132,39.649113,-104.8849155,4/11/2016 21:00,21:00,1,0,3,YOSEMITE STREET SOUTH & KENYON AVENUE EAST,1,3,0,7,1,1,,0,35,0,0,0,0,3,4,2,16
,2016_38144,39.761838,-104.922261,1/5/2016 19:50,19:50,12,0,1,MLK BOULEVARD EAST & HOLLY STREET NORTH,1,3,1,0,1,1,,0,35,0,0,0,0,3,4,2,5
,2016_38145,39.741957,-104.898744,11/21/2016 15:18,15:18,3,0,1,16TH AVENUE EAST & SYRACUSE STREET NORTH,1,1,0,7,1,1,,0,25,0,0,0,0,3,4,2,16
,2016_38146,39.755214,-104.992632,2/15/2016 18:38,18:38,9,0,1,BLAKE STREET 2100 BLOCK & 22ND STREET,1,3,0,7,1,4,,0,25,0,0,0,0,3,4,1,5
,2016_38147,39.712995,-105.022674,3/11/2016 18:17,18:17,9,0,1,CEDAR AVENUE WEST & DECATUR STREET SOUTH,1,1,0,0,1,4,,0,25,0,0,0,1,3,4,2,14
,2016_38156,39.724506,-105.032502,6/24/2016 16:00,16:00,3,0,1,FIFTH AVENUE WEST & KNOX COURT NORTH,1,1,0,0,1,1,,0,30,0,0,0,1,3,4,2,14
,2016_38157,39.737259,-104.8893705,9/16/2016 2:10,2:10,5,0,1,13TH AVENUE 850 BLOCK EAST & WABASH STREET NORTH,1,3,0,0,3,4,,0,30,0,0,0,0,3,4,1,5
,2016_38158,39.782385,-104.8526325,10/27/2016 14:40,14:40,1,0,1,47TH AVENUE 11700 BLOCK EAST & NOME STREET NORTH,1,1,0,7,1,2,,0,35,0,0,0,1,3,4,2,16
,2016_38159,39.667635,-104.912964,11/17/2016 20:11,20:11,5,0,1,YALE AVENUE 6400 BLOCK EAST & MONACO PARKWAY SOUTH,2,3,0,2,3,4,,0,35,0,0,0,0,3,4,1,8
,2016_38162,39.729222,-104.931612,6/4/2016 12:11,12:11,3,0,1,EIGHTH AVENUE EAST & DAHLIA STREET NORTH,1,1,0,7,1,1,,0,25,0,0,0,0,3,4,2,1
,2016_38174,39.733839,-104.9873895,9/18/2016 1:49,1:49,1,0,2,11TH AVENUE EAST & BROADWAY NORTH,1,3,1,0,1,1,,0,35,0,0,0,0,3,4,2,1
,2016_38176,39.73842,-104.977674,7/8/2016 8:38,8:38,3,0,2,14TH AVENUE EAST & CLARKSON STREET NORTH,1,1,0,7,1,1,,0,35,0,0,0,0,3,4,2,3
,2016_38177,39.782277,-104.8613175,4/4/2016 15:28,15:28,5,0,1,47TH AVENUE & JOLIET STREET NORTH,1,1,0,0,1,4,,0,35,0,0,0,1,3,4,1,13
,2016_38178,39.798387,-104.866074,7/30/2016 17:43,17:43,12,0,1,56TH AVENUE EAST & HAVANA STREET NORTH,1,1,0,7,1,1,,0,45,0,0,0,0,3,4,2,16
,2016_38179,39.732057,-104.99166,6/25/2016 10:13,10:13,6,0,1,CHEROKEE STREET 1000 NORTH & 10TH AVENUE WEST,1,1,0,0,1,4,,0,25,0,0,0,0,3,4,2,12
,2016_38180,39.700134,-104.8753215,12/16/2016 6:52,6:52,13,0,1,DAYTON STREET 800 BLOCK SOUTH & KENTUCKY AVENUE EAST,1,3,2,0,1,4,,0,30,0,0,0,0,3,4,2,8
,2016_38181,39.743388,-104.987394,9/8/2016 8:05,8:05,11,0,0,BROADWAY & COURT PLACE,1,1,0,0,1,4,,0,,0,1,0,0,1,4,2,13
,2016_38182,39.7647,-105.029955,5/29/2016 16:15,16:15,1,0,2,IRVING STREET NORTH & 34TH AVENUE WEST,1,1,0,0,1,2,,0,35,0,0,0,1,3,4,2,8
,2016_38194,39.760173,-105.0068835,10/8/2016 23:18,23:18,5,0,1,CENTRAL STREET & 18TH STREET,1,3,0,0,3,4,,0,25,0,0,0,0,3,4,1,7
,2016_38195,39.729087,-104.986152,6/22/2016 14:54,14:54,3,0,1,EIGHTH AVENUE EAST & LINCOLN STREET NORTH,1,1,0,7,1,1,,0,30,0,0,0,1,3,4,2,16
,2016_38196,39.798441,-104.762772,11/24/2016 23:30,23:30,3,0,2,56TH AVENUE EAST & DUNKIRK STREET NORTH,1,3,0,7,1,1,,0,40,0,0,0,0,3,4,2,16
,2016_38197,39.71115,-104.987592,6/25/2016 8:59,8:59,3,0,1,BROADWAY SOUTH & ALAMEDA AVENUE WEST,1,1,0,7,1,1,,0,30,0,0,0,0,3,4,2,16
,2016_38207,39.743244,-104.986107,8/28/2016 15:35,15:35,3,0,2,LINCOLN STREET NORTH & 17TH STREET EAST,1,1,0,0,1,1,,0,30,0,0,0,0,3,4,5,13
,2016_38208,39.77262,-104.9706225,7/31/2016 13:35,13:35,3,0,2,40TH AVENUE 16485 EAST & 40TH CIRCLE EAST,1,1,0,0,1,1,,0,40,0,0,0,0,3,4,2,13
,2016_38218,39.780342,-104.963463,11/14/2016 21:05,21:05,5,0,1,46TH AVENUE EAST & RACE STREET NORTH,1,3,1,0,2,4,,0,25,0,0,0,0,3,4,1,14
,2016_38223,39.694761,-104.9913045,3/13/2016 11:08,11:08,3,0,1,CHEROKEE STREET SOUTH & ARIZONA AVENUE,1,1,1,7,1,1,,0,25,0,0,0,0,3,4,2,14
,2016_38224,39.747708,-104.990616,4/6/2016 6:06,6:06,6,0,1,18TH STREET & STOUT STREET,1,3,0,0,1,1,,0,30,0,0,0,0,3,4,3,12
,2016_38225,39.745206,-105.0095835,4/26/2016 8:36,8:36,3,0,1,SEVENTH STREET & AURARIA PARKWAY,1,1,0,7,1,1,,0,35,0,0,0,1,3,4,2,14
,2016_38226,39.83338151,-104.771988,4/9/2016 16:33,16:33,1,0,1,TOWER ROAD NORTH & PENA BOULEVARD INBOUND,1,1,0,0,1,2,,0,45,0,0,0,0,3,4,2,13
,2016_38231,39.725667,-104.99283,7/5/2016 12:22,12:22,3,0,2,SIXTH AVENUE WEST & DELAWARE STREET NORTH,1,1,0,7,1,1,,0,35,0,0,0,0,3,4,2,3
,2016_38244,39.761883,-104.990994,2/16/2016 12:35,12:35,3,0,1,DENARGO STREET & PRIVATE DRIVE ROAD WEST / WEWATTA WAY ROAD EAST,1,1,0,0,1,2,,0,25,0,0,0,1,3,4,2,13
,2016_38245,39.730437,-104.983614,6/3/2016 19:17,19:17,9,0,1,GRANT STREET 800 BLOCK NORTH & NINTH AVENUE EAST,1,1,1,0,1,4,,0,30,0,0,0,1,3,4,1,1
,2016_38246,39.71781,-104.942565,12/26/2016 18:54,18:54,3,0,1,JACKSON STREET NORTH & FIRST AVENUE EAST,1,3,0,0,1,2,,0,25,0,0,0,0,3,4,2,13
,2016_38256,39.73833,-104.9161455,8/1/2016 18:32,18:32,1,0,1,14TH AVENUE EAST & KRAMERIA STREET NORTH,1,1,1,7,1,1,,0,30,0,0,0,0,3,4,2,7
,2016_38257,39.768318,-104.846382,7/8/2016 17:20,17:20,12,0,3,PEORIA STREET 3700 BLOCK NORTH & 38TH AVENUE EAST,1,1,0,7,1,4,,0,35,0,0,0,0,3,4,2,3
,2016_38259,39.761118,-105.008094,9/27/2016 16:29,16:29,3,0,2,18TH STREET & BOULDER STREET,1,1,1,7,1,1,,0,25,0,0,0,0,3,4,2,1
,2016_38260,39.72717,-104.8884615,9/16/2016 20:53,20:53,5,0,3,UINTA WAY & 717 NORTH YOSEMITE STREET,1,4,0,0,4,4,,0,,0,0,0,0,3,4,1,13
,2016_38263,39.7410719,-104.8869946,6/14/2016 17:45,17:45,5,0,1,XANTHIA STREET & 1545 NORTH,1,1,0,0,2,4,,0,15,0,0,0,0,3,4,1,6
,2016_38278,39.716541,-105.0384915,9/15/2016 14:36,14:36,5,0,1,OSCEOLA STREET SOUTH & OSCEOLA STREET 400 SOUTH,1,1,0,0,2,4,,0,25,0,0,0,0,3,4,1,10
,2016_38280,39.684987,-104.9035905,9/30/2016 8:12,8:12,1,0,1,QUEBEC STREET SOUTH & CHERRY CREEK SOUTH DRIVE,1,1,0,0,1,1,,0,35,0,0,0,0,3,4,2,13
,2016_38291,39.733713,-104.9695155,4/20/2016 4:00,4:00,5,0,2,11TH AVENUE & HUMBOLDT STREET,1,3,0,0,4,4,,0,25,0,0,0,0,3,4,1,5
,2016_38292,39.778047,-104.8471245,10/6/2016 17:15,17:15,1,0,4,PEORIA STREET & 45TH AVENUE EAST,1,1,0,0,1,2,,0,40,0,0,0,0,3,4,2,13
,2016_38293,39.73215116,-104.9964049,1/1/2016 2:10,2:10,5,0,3,GALAPAGO STREET 1000 BLOCK NORTH & 10TH AVENUE WEST,1,3,0,0,3,4,,0,25,0,0,0,0,3,4,1,14
,2016_38295,39.729222,-104.9283045,4/2/2016 13:06,13:06,3,0,1,EIGHTH AVENUE EAST & FAIRFAX STREET NORTH,1,1,0,0,1,1,,0,25,0,0,0,1,3,4,2,13
,2016_38296,39.769272,-104.9127165,11/22/2016 22:18,22:18,3,0,1,38TH AVENUE EAST & MONACO PARKWAY NORTH,1,3,0,7,1,1,,0,25,0,0,0,0,3,4,2,8
,2016_38297,39.776652,-105.0392745,4/28/2016 8:17,8:17,3,0,2,44TH AVENUE WEST & PERRY STREET NORTH,1,1,0,7,1,1,,0,25,0,0,0,0,3,4,2,14
,2016_38298,39.791016,-104.817213,6/3/2016 2:17,2:17,6,0,1,53RD AVENUE EAST & DURHAM COURT NORTH,1,3,0,0,1,4,,0,30,0,0,0,0,3,4,3,14
,2016_38299,39.660498,-105.0251535,7/27/2016 6:45,6:45,10,0,1,DARTMOUTH AVENUE WEST & FEDERAL BOULEVARD,1,1,0,0,1,4,,0,35,0,0,0,1,3,4,2,3
,2016_38300,39.73869,-104.9034645,5/1/2016 20:54,20:54,3,0,1,QUEBEC STREET NORTH & 14TH AVENUE EAST,1,3,0,7,1,1,,0,30,0,0,0,0,3,4,2,16
,2016_38301,39.742452,-105.0001245,9/2/2016 22:48,22:48,15,0,1,SPEER BOULEVARD NORTH & STREET FRANCIS WAY,1,3,0,0,1,4,,0,35,0,0,0,1,3,4,2,7
,2016_38302,39.779757,-104.9317335,7/30/2016 7:02,7:02,3,0,1,STAPLETON NORTH DRIVE EAST & DAHLIA STREET NORTH,1,1,0,7,1,1,,0,35,0,0,0,0,3,4,2,14
,2016_38317,39.674997,-105.022728,2/8/2016 11:45,11:45,3,0,1,ILIFF AVENUE WEST & DECATUR STREET SOUTH,1,1,0,0,1,1,,0,30,0,0,0,0,3,4,2,9
,2016_38318,39.759282,-104.993892,7/13/2016 15:28,15:28,15,0,1,PARK AVENUE WEST & WEWATTA STREET,1,1,0,0,1,4,,0,30,0,0,0,0,3,4,2,13
,2016_38326,39.73682942,-104.9976166,5/19/2016 20:34,20:34,5,0,1,13TH AVENUE  & 800 BLOCK EAST,1,3,1,0,1,4,,0,25,0,0,0,0,3,4,1,14
,2016_38328,39.79395168,-104.903293,11/16/2016 17:40,17:40,12,0,1,QUEBEC STREET 5400 BLOCK NORTH & 53RD AVENUE EAST,1,3,0,7,1,4,,0,40,0,0,0,0,3,4,4,16
,2016_38332,39.80744155,-104.7719603,7/15/2016 19:15,19:15,5,0,1,PENA BOULEVARD 8100 BLOCK & 61ST AVENUE EAST,1,1,0,7,2,4,,0,45,0,0,0,0,3,4,1,10
,2016_38337,39.73072663,-104.9034339,6/24/2016 20:55,20:55,8,0,3,QUEBEC STREET & 900 BLOCK NORTH,1,3,0,0,1,1,,0,35,0,0,0,0,3,4,3,5
,2016_38340,39.73371815,-104.9986681,6/2/2016 22:10,22:10,5,0,1,SANTA FE DRIVE 1000 BLOCK NORTH & 11TH AVENUE WEST,1,3,0,0,2,4,,0,35,0,0,0,1,3,4,1,7
,2016_38343,39.83868479,-104.6719364,11/3/2016 12:44,12:44,3,0,1,PENA BOULEVARD 8400 BLOCK & 84TH AVENUE EAST,1,5,0,7,1,1,,0,,0,0,0,0,3,4,2,16
,2016_38347,39.68231274,-105.0179727,9/24/2016 1:35,1:35,6,0,2,JEWELL AVENUE & 2600 BLOCK WEST,1,3,0,0,1,4,,0,30,0,0,0,0,3,4,2,5
,2016_38358,39.84066901,-104.7093814,7/4/2016 11:50,11:50,15,0,1,78TH AVENUE EAST & 23000 BLOCK EAST,1,1,0,0,1,4,,0,,0,0,0,0,3,4,2,7
,2016_38360,39.79068821,-104.8911847,7/2/2016 13:33,13:33,5,0,1,BEEKMAN PLACE & STREET PAUL STREET WEST,2,1,0,0,1,4,,0,25,0,0,0,1,3,4,1,14
,2016_38361,39.76742304,-104.9332269,10/12/2016 9:48,9:48,5,0,1,DEXTER STREET NORTH & 3700 BLOCK,1,1,0,0,1,4,,0,25,0,0,0,0,3,4,1,13
,2016_38363,39.7919385,-104.9033053,8/10/2016 15:20,15:20,12,0,2,QUEBEC STREET 5300 BLOCK NORTH & 54TH AVENUE EAST,1,1,0,7,1,4,,0,35,0,0,0,0,3,4,3,16
,2016_38368,39.778731,-104.7425715,9/6/2016 20:13,20:13,11,0,1,45TH AVENUE & MALAYA STREET,1,3,1,0,1,4,,0,,0,1,0,0,2,4,2,13
,2016_38370,39.696718,-105.025071,12/14/2016 23:30,23:30,11,0,0,MISSISSIPPI AVENUE WEST & FEDERAL BOULEVARD SOUTH,1,3,0,0,1,1,,0,,0,1,0,0,1,2,2,13
,2016_38374,39.740018,-104.981104,9/24/2016 11:15,11:15,11,0,1,COLFAX AVENUE EAST & PENNSYLVANIA STREET NORTH,1,1,0,0,1,1,,0,20,0,1,0,0,2,2,2,14
,2016_38376,39.754834,-105.025131,7/13/2016 12:10,12:10,11,0,0,26TH AVENUE WEST & FEDERAL BOULEVARD NORTH,1,1,0,0,1,1,,0,35,0,1,0,0,0,2,2,14
,2016_38379,39.740042,-104.998686,2/16/2016 7:30,7:30,11,0,0,COLFAX AVENUE WEST & SPEER BOULEVARD NORTH SOUTHBOUND,1,1,0,0,1,1,,0,30,0,1,0,0,1,2,2,1
,2016_38380,39.740014,-104.99328,10/20/2016 10:15,10:15,11,0,1,COLFAX AVENUE WEST & DELAWARE STREET NORTH,1,1,0,0,1,1,,0,30,0,1,0,0,2,2,2,4
,2016_38381,39.740005,-104.987167,10/9/2016 14:17,14:17,11,0,0,COLFAX AVENUE WEST & BROADWAY NORTH,1,1,0,0,1,1,,0,30,0,1,0,0,0,2,3,13
,2016_38382,39.740028,-104.982228,4/22/2016 10:35,10:35,11,0,1,LOGAN STREET NORTH & COLFAX AVENUE EAST,1,1,0,0,1,3,,0,30,0,1,0,0,2,2,2,13
,2016_38383,39.739982,-104.96271,8/2/2016 15:00,15:00,11,0,0,COLFAX AVENUE EAST & VINE STREET NORTH,1,1,0,0,1,3,,0,,0,1,0,0,1,2,2,13
,2016_38387,39.653079,-104.893989,1/5/2016 17:55,17:55,11,0,1,HAMPDEN AVENUE EAST & ULSTER STREET SOUTH,1,3,0,0,1,1,,0,,0,1,0,0,2,2,2,13
,2016_38391,39.740009,-104.972303,5/23/2016 15:20,15:20,11,0,1,COLFAX AVENUE EAST & MARION STREET NORTH,1,1,0,0,1,1,,0,30,0,1,0,0,2,2,2,13
,2016_38394,39.747498,-105.025223,10/5/2016 16:10,16:10,11,0,0,20TH AVENUE WEST & FEDERAL BOULEVARD NORTH,1,1,1,0,1,1,,0,30,0,1,0,0,1,2,2,13
,2016_38396,39.69659,-104.940565,11/6/2016 11:25,11:25,11,0,0,COLORADO BOULEVARD SOUTH & MISSISSIPPI AVENUE EAST,1,1,0,0,1,1,,0,35,0,1,0,0,1,2,2,13
,2016_38397,39.72871,-104.940605,12/9/2016 16:48,16:48,11,0,0,COLORADO BOULEVARD & EIGHTH AVENUE EAST,1,3,0,0,1,1,,0,35,0,1,0,0,1,2,2,13