id,drcog_id,latitude,longitude,crashtime,time,crashtype,numbkilled,numbinjurd,drcoglocat,rdconditin,lightngcon,roadcntgrd,weatherco,location,roaddescrp,schoolzone,constrzone,splimit,bikeinv,pedinv,sctrinv,motoinv,svrty,rdsystem,ttlvehcls,hcf
,2016_38398,39.653087,-104.914636,11/29/2016 7:45,7:45,11,0,1,HAMPDEN AVENUE EAST & LOCUST STREET SOUTH,1,1,0,0,1,4,,0,,0,1,0,0,2,2,2,13
,2016_38399,39.740005,-104.987167,3/3/2016 19:45,19:45,11,0,1,BROADWAY & COLFAX AVENUE EAST,1,3,0,0,1,1,,0,30,0,1,0,0,2,2,2,13
,2016_38406,39.653077,-104.898619,1/5/2016 4:30,4:30,11,0,0,TAMARAC DRIVE SOUTH & HAMPDEN AVENUE EAST,1,3,1,0,1,1,,0,30,0,1,0,0,1,2,2,13
,2016_38407,39.739998,-104.966103,7/27/2016 23:01,23:01,11,0,0,COLFAX AVENUE EAST  & WILLIAMS STREET / HIGH STREET ALLEY,1,3,0,0,1,5,,0,30,0,1,0,0,0,2,2,13
,2016_38408,39.778341,-104.92238,6/18/2016 1:00,1:00,6,0,2,I70 & HOLLY STREET NORTH,1,3,0,0,1,4,,0,,0,0,0,0,2,1,3,4
,2016_38412,39.74724,-104.940599,9/22/2016 7:47,7:47,11,0,1,MONTVIEW BOULEVARD & COLORADO BOULEVARD,1,1,0,0,1,1,,0,,0,1,0,0,2,2,2,14
,2016_38413,39.711077,-105.025075,11/11/2016 13:12,13:12,11,0,1,ALAMEDA AVENUE 3000 BLOCK WEST & FEDERAL BOULEVARD SOUTH,1,1,0,0,1,3,,0,,0,1,0,0,2,2,2,13
,2016_38414,39.739983,-104.959859,3/21/2016 11:31,11:31,11,0,0,COLFAX AVENUE EAST & YORK STREET,1,1,0,0,1,1,,0,30,0,1,0,0,1,2,2,3
,2016_38416,39.682251,-105.053195,5/20/2016 22:05,22:05,11,0,0,JEWELL AVENUE WEST & SHERIDAN BOULEVARD SOUTH,1,3,0,0,1,1,,0,,0,1,0,0,1,2,2,13
,2016_38419,39.740157,-104.958386,8/18/2016 12:36,12:36,11,0,0,COLFAX AVENUE & JOSEPHINE STREET NORTH,1,1,0,0,1,4,,0,,0,1,0,0,0,2,2,13
,2016_38420,39.740341,-105.033284,2/26/2016 17:25,17:25,11,0,0,COLFAX AVENUE WEST & KING STREET NORTH,1,1,0,0,1,1,,0,35,0,1,0,0,1,2,2,13
,2016_38433,39.740033,-104.982791,11/3/2016 10:35,10:35,11,0,0,COLFAX AVENUE 1500 BLOCK EAST & LOGAN STREET NORTH,1,1,0,0,1,5,,0,,0,1,0,0,0,2,2,14
,2016_38434,39.740014,-104.980541,1/22/2016 12:30,12:30,11,0,1,COLFAX AVENUE EAST & PENNSYLVANIA STREET NORTH,1,1,0,0,1,4,,0,,0,1,0,0,2,2,2,13
,2016_38435,39.740009,-104.972303,10/31/2016 19:25,19:25,11,0,0,COLFAX AVENUE 1300 EAST & MARION STREET NORTH,1,4,0,0,1,4,,0,,0,1,0,0,0,2,2,13
,2016_38436,39.739983,-104.959859,1/26/2016 17:50,17:50,11,0,1,COLFAX AVENUE EAST & YORK STREET NORTH,1,3,0,0,1,1,,0,30,0,1,0,0,2,2,2,3
,2016_38438,39.779441,-104.979019,12/28/2016 9:43,9:43,11,0,0,WASHINGTON STREET & I70 EASTBOUND OFF RAMP,1,1,0,0,1,1,,0,,0,1,0,0,1,1,2,13
,2016_38440,39.711077,-105.025265,11/13/2016 12:02,12:02,11,0,0,ALAMEDA AVENUE WEST & FEDERAL BOULEVARD SOUTH,1,1,0,0,1,4,,0,35,0,1,0,0,0,2,2,13
,2016_38442,39.70817,-104.92701,10/30/2016 17:10,17:10,11,0,1,LEETSDALE DRIVE & FOREST STREET SOUTH,1,1,0,0,1,1,,0,35,0,1,0,0,2,2,2,13
,2016_38443,39.704019,-105.02509,5/2/2016 17:50,17:50,11,0,1,EXPOSITION AVENUE WEST & FEDERAL BOULEVARD SOUTH,1,1,0,0,1,1,,0,25,0,1,0,0,2,2,2,13
,2016_38444,39.689495,-105.025043,1/13/2016 9:21,9:21,11,0,0,FLORIDA AVENUE WEST & FEDERAL BOULEVARD SOUTH,1,1,0,0,1,1,,0,35,0,1,1,0,1,2,2,13
,2016_38448,39.696718,-105.025071,10/28/2016 16:37,16:37,11,0,0,MISSISSIPPI AVENUE WEST & FEDERAL BOULEVARD SOUTH,1,1,0,0,1,1,,0,,0,1,0,0,1,2,2,13
,2016_38449,39.689495,-105.025043,4/28/2016 21:45,21:45,11,0,1,FEDERAL BOULEVARD SOUTH & FLORIDA AVENUE WEST,2,3,0,1,1,1,,0,35,0,1,0,0,2,2,2,14
,2016_38452,39.740337,-105.039295,2/16/2016 9:42,9:42,11,0,0,COLFAX AVENUE WEST & PERRY STREET NORTH,1,1,0,0,1,1,,0,35,0,1,0,0,1,2,3,14
,2016_38453,39.67863,-105.025035,2/23/2016 16:38,16:38,11,0,0,EVANS AVENUE WEST & FEDERAL BOULEVARD SOUTH,1,1,0,0,1,1,,0,,0,1,0,0,1,2,2,13
,2016_38454,39.653077,-104.909036,8/15/2016 20:53,20:53,11,0,1,HAMPDEN AVENUE EAST & ONEIDA WAY SOUTH,1,3,0,0,1,1,,0,45,0,1,0,0,2,2,2,13
,2016_38455,39.687326,-104.940544,10/10/2016 20:20,20:20,11,0,0,COLORADO BOULEVARD SOUTH & IOWA AVENUE EAST,1,3,0,0,1,1,,0,,0,1,0,0,1,2,2,13
,2016_38457,39.740069,-105.005027,5/2/2016 10:15,10:15,11,0,0,COLFAX AVENUE WEST & OSAGE STREET NORTH,1,1,0,0,1,3,,0,,0,1,0,0,1,2,2,13
,2016_38458,39.703865,-105.025087,7/4/2016 19:05,19:05,11,0,0,FEDERAL BOULEVARD 600 BLOCK SOUTH & EXPOSITION AVENUE WEST,1,1,0,0,1,3,,0,40,0,1,0,0,1,2,3,13
,2016_38460,39.772969,-105.053235,7/11/2016 9:58,9:58,11,0,1,SHERIDAN BOULEVARD NORTH & 41ST AVENUE WEST,1,1,0,0,1,1,,0,25,0,1,0,0,2,2,2,14
,2016_38468,39.698339,-105.025077,9/2/2016 20:09,20:09,11,0,1,FEDERAL BOULEVARD SOUTH & MM 2.85,1,2,0,0,1,4,,0,,0,1,0,0,2,2,2,5
,2016_38470,39.733188,-105.053221,5/14/2016 9:22,9:22,11,0,1,10TH AVENUE WEST & SHERIDAN BOULEVARD NORTH,1,1,0,0,1,1,,0,,0,1,0,0,2,2,2,13
,2016_38477,39.740345,-105.052121,11/8/2016 18:36,18:36,11,0,1,COLFAX AVENUE WEST & ZENOBIA STREET NORTH,1,3,1,0,1,1,,0,,0,1,0,0,2,2,2,13
,2016_38482,39.67843,-104.940638,7/22/2016 11:38,11:38,11,0,0,EVANS AVENUE EAST & COLORADO BOULEVARD SOUTH,1,1,1,0,1,1,,0,30,0,1,0,0,1,2,2,1
,2016_38488,39.710806,-105.025084,4/22/2016 21:50,21:50,11,0,1,FEDERAL BOULEVARD SOUTH & ALAMEDA AVENUE WEST,1,3,0,0,1,4,,0,,0,1,0,0,2,2,2,13
,2016_38489,39.689495,-105.025043,10/1/2016 12:14,12:14,11,0,1,FLORIDA AVENUE WEST & FEDERAL BOULEVARD SOUTH,1,1,0,0,1,1,,0,35,0,1,0,0,2,2,2,1
,2016_38490,39.689495,-105.025043,10/8/2016 21:40,21:40,12,0,1,FEDERAL BOULEVARD SOUTH & FLORIDA AVENUE WEST,1,3,0,0,1,3,,0,40,0,0,0,0,2,2,3,13
,2016_38493,39.73842,-104.987394,4/26/2016 16:26,16:26,11,0,0,14TH AVENUE & BROADWAY,2,1,0,1,1,3,,0,,0,1,0,0,1,4,2,13
,2016_38499,39.740041,-104.983728,9/20/2016 16:10,16:10,11,0,1,COLFAX AVENUE EAST & GRANT STREET NORTH,1,1,0,0,1,1,,0,,0,1,0,0,2,2,2,13
,2016_38500,39.740079,-104.923453,5/14/2016 13:20,13:20,11,0,1,COLFAX AVENUE EAST & HUDSON STREET NORTH,1,1,0,0,1,1,,0,25,0,1,0,0,2,2,2,13
,2016_38501,39.65388,-105.053104,7/21/2016 15:40,15:40,11,0,1,SHERIDAN BOULEVARD & HAMPDEN AVENUE WEST,1,1,1,0,1,4,,0,40,0,1,0,0,2,2,3,13
,2016_38503,39.740236,-104.940601,9/9/2016 22:05,22:05,11,0,1,COLORADO BOULEVARD & COLFAX AVENUE EAST,1,3,0,0,1,1,,0,35,0,1,0,0,2,2,2,14
,2016_38504,39.711208,-104.998391,9/28/2016 11:22,11:22,11,0,0,ALAMEDA AVENUE WEST & KALAMATH STREET SOUTH,1,1,0,0,1,3,,0,,0,1,0,0,0,2,2,13
,2016_38506,39.754511,-104.940546,2/20/2016 15:50,15:50,11,0,1,26TH AVENUE EAST & COLORADO BOULEVARD NORTH,1,1,0,0,1,1,,0,,0,1,0,0,2,2,2,13
,2016_38509,39.754122,-105.025128,10/20/2016 11:54,11:54,11,0,0,FEDERAL BOULEVARD SOUTHBOUND 2500 BLOCK & 26TH AVENUE WEST,1,1,0,0,1,4,,0,,0,1,0,0,1,2,2,14
,2016_38510,39.735276,-104.940603,2/9/2016 18:25,18:25,11,0,1,COLORADO BOULEVARD NORTH & 12TH AVENUE EAST,1,4,0,0,1,1,,0,35,0,1,0,0,2,2,2,14
,2016_38513,39.779441,-104.979019,11/23/2016 21:33,21:33,11,0,0,I70 & WASHINGTON STREET,1,3,0,0,1,4,,0,55,0,1,0,0,0,1,2,3
,2016_38515,39.732914,-105.025176,1/27/2016 16:12,16:12,11,0,0,NORTH FEDERAL BOULEVARD & WEST 10TH AVENUE,1,2,1,0,1,1,,0,30,0,1,0,0,1,2,2,13
,2016_38516,39.682275,-105.025016,1/12/2016 17:23,17:23,11,0,0,JEWELL AVENUE WEST & FEDERAL BOULEVARD SOUTH,1,3,0,0,1,4,,0,30,0,1,0,0,0,2,2,13
,2016_38519,39.740084,-104.903536,2/4/2016 11:58,11:58,11,0,0,COLFAX AVENUE EAST & QUEBEC STREET NORTH,1,1,0,0,1,1,,0,30,0,1,0,0,1,2,2,13
,2016_38521,39.740005,-104.987167,2/25/2016 11:04,11:04,11,0,0,COLFAX AVENUE EAST & BROADWAY STREET NORTH,1,1,0,0,1,1,,0,30,0,1,0,0,1,2,2,13
,2016_38522,39.740018,-104.981104,7/30/2016 23:42,23:42,11,0,0,COLFAX AVENUE EAST & PENNSYLVANIA STREET NORTH,1,3,0,0,1,3,,0,30,0,1,0,0,1,2,2,13
,2016_38527,39.740028,-104.982228,3/21/2016 20:30,20:30,11,0,0,LOGAN STREET NORTH & COLFAX AVENUE EAST,1,3,0,0,1,1,,0,,0,1,0,0,0,2,2,13
,2016_38528,39.740009,-104.968553,5/10/2016 17:51,17:51,11,0,1,COLFAX AVENUE EAST & FRANKLIN STREET NORTH,2,1,0,1,1,1,,0,30,0,1,0,0,2,2,2,13
,2016_38532,39.740078,-104.925708,1/22/2016 10:25,10:25,11,0,1,COLFAX AVENUE EAST & GLENCOE STREET NORTH,1,1,0,0,1,1,,0,30,0,1,0,0,2,2,2,3
,2016_38538,39.70817,-104.92701,12/27/2016 11:05,11:05,11,0,0,LEETSDALE DRIVE & FOREST STREET SOUTH,1,1,1,0,1,1,,0,25,0,1,0,0,1,2,3,14
,2016_38540,39.666909,-105.025131,8/3/2016 6:05,6:05,11,0,1,FEDERAL BOULEVARD SOUTH & YALE AVENUE WEST,1,1,0,0,1,1,,0,40,0,1,0,0,2,2,2,7
,2016_38542,39.653084,-104.91283,1/19/2016 9:12,9:12,11,0,0,HAMPDEN AVENUE EAST & MONACO PARKWAY SOUTH,2,1,0,0,1,1,,0,45,0,1,0,0,0,2,2,13
,2016_38543,39.653079,-104.910662,11/22/2016 13:08,13:08,11,0,1,HAMPDEN AVENUE 6700 BLOCK EAST & ONEIDA WAY SOUTH,1,1,0,0,1,4,,0,,0,1,0,0,2,2,3,13
,2016_38544,39.707876,-104.865977,11/10/2016 21:45,21:45,11,0,0,HAVANA STREET SOUTH & VIRGINIA AVENUE EAST,1,3,0,0,1,4,,0,,0,1,0,0,1,2,2,14
,2016_38545,39.740076,-105.005215,1/19/2016 17:13,17:13,11,0,0,COLFAX AVENUE WEST & SEVENTH STREET,1,1,1,0,1,1,,0,30,0,1,0,0,1,2,2,13
,2016_38546,39.74003,-105.002578,1/12/2016 21:06,21:06,11,0,0,COLFAX AVENUE WEST & LIPAN STREET NORTH,1,3,0,0,1,4,,0,35,0,1,0,0,1,2,2,13
,2016_38547,39.73998,-104.962333,10/21/2016 17:02,17:02,11,0,0,VINE STREET NORTH & COLFAX AVENUE EAST,1,1,0,0,1,1,,0,35,0,1,0,0,1,2,2,14
,2016_38548,39.740113,-104.958751,12/30/2016 10:59,10:59,11,0,0,JOSEPHINE STREET NORTH & COLFAX AVENUE EAST,1,1,0,0,1,1,,0,35,0,1,0,0,1,2,2,14
,2016_38550,39.708238,-104.927379,11/22/2016 6:35,6:35,11,0,0,LEETSDALE DRIVE & FOREST STREET SOUTH,2,3,0,2,1,4,,0,,0,1,0,0,0,2,2,13
,2016_38551,39.660488,-105.025192,6/22/2016 20:40,20:40,11,0,0,DARTMOUTH AVENUE WEST & FEDERAL BOULEVARD SOUTH,1,2,0,0,1,4,,0,30,0,1,0,0,1,2,2,3
,2016_38555,39.740013,-104.969307,3/6/2016 22:39,22:39,11,0,1,COLFAX AVENUE 1500 BLOCK EAST & PARK AVENUE WEST  FRANKLIN STREET,1,3,0,0,1,4,,0,,0,1,0,0,2,2,2,13
,2016_38559,39.717811,-105.004406,5/22/2016 21:16,21:16,11,0,0,I25 & MM 209,1,3,0,0,1,4,,0,,0,1,0,0,0,1,3,13
,2016_38565,39.740236,-104.940601,10/1/2016 13:00,13:00,11,0,1,COLFAX AVENUE EAST & COLORADO BOULEVARD NORTH,1,1,0,0,1,1,,0,35,0,1,0,0,2,2,2,13
,2016_38567,39.73998,-104.962333,12/20/2016 18:15,18:15,11,0,0,COLFAX AVENUE EAST & VINE STREET NORTH,1,3,0,0,1,1,,0,30,0,1,0,0,1,2,2,13
,2016_38571,39.737983,-105.025273,12/1/2016 15:38,15:38,11,0,1,FEDERAL BOULEVARD NORTH & 14TH AVENUE WEST,1,1,1,0,1,1,,0,35,0,1,0,0,2,2,21,13
,2016_38573,39.785424,-105.025223,3/7/2016 17:37,17:37,11,0,0,FEDERAL BOULEVARD & 4800 BLOCK NORTH,1,1,1,0,1,4,,0,,0,1,0,0,1,2,2,13
,2016_38574,39.732212,-104.940604,3/3/2016 18:07,18:07,11,0,0,10TH AVENUE EAST & COLORADO BOULEVARD NORTH,1,2,1,0,1,1,,0,25,0,1,0,0,1,2,2,1
,2016_38576,39.740082,-104.912367,10/3/2016 6:05,6:05,5,0,1,MONACO PARKWAY NORTHBOUND LNS & COLFAX AVENUE EAST APPROXIMATELY,1,2,0,0,1,4,,0,35,0,0,0,0,2,2,2,13
,2016_38578,39.784162,-105.026393,5/2/2016 11:55,11:55,11,0,1,I70 EASTBOUND & FEDERAL BOULEVARD NORTH,1,1,0,0,1,4,,0,55,0,1,0,0,2,1,2,13
,2016_38588,39.73833,-104.9439825,9/3/2016 11:28,11:28,11,0,1,14TH AVENUE EAST & GARFIELD STREET NORTH,1,1,0,0,1,1,,0,,0,1,0,0,2,4,2,5
,2016_38589,39.738699,-104.888178,9/16/2016 12:40,12:40,11,0,1,14TH AVENUE EAST & WILLOW STREET NORTH,1,1,0,0,1,4,,0,30,0,1,0,0,2,4,2,13
,2016_38590,39.747456,-104.992722,9/28/2016 14:00,14:00,11,0,1,CHAMPA STREET 1700 NORTH & 17TH STREET,1,1,0,0,1,4,,0,,0,1,0,0,2,4,2,13
,2016_38591,39.67866,-105.020352,3/29/2016 21:20,21:20,11,0,0,CLAY STREET SOUTH & EVANS AVENUE WEST,2,4,0,1,1,4,,0,25,0,1,0,0,0,4,2,14
,2016_38592,39.68199,-104.980194,8/10/2016 8:50,8:50,11,0,1,PEARL STREET 1900 BLOCK NORTH & 19TH AVENUE EAST,1,1,0,0,1,4,,0,25,0,1,0,0,2,4,2,14
,2016_38593,39.753333,-104.995521,9/24/2016 16:03,16:03,11,0,0,19TH STREET & BLAKE STREET,1,1,0,0,1,1,,0,30,0,1,0,0,1,4,2,8
,2016_38602,39.729114,-104.942916,8/20/2016 9:51,9:51,11,0,1,EIGHTH AVENUE EAST & JACKSON STREET NORTH,1,1,0,0,1,1,,0,30,0,1,0,0,2,4,2,13
,2016_38603,39.783843,-104.7504915,4/2/2016 17:55,17:55,11,0,0,49TH AVENUE EAST & IRELAND STREET NORTH,1,1,0,0,1,1,,0,25,0,1,0,0,0,4,2,13
,2016_38604,39.743244,-104.986107,10/14/2016 17:27,17:27,11,0,0,LINCOLN STREET NORTH & 17TH AVENUE EAST,1,1,0,0,1,1,,0,35,0,1,0,0,1,4,2,3
,2016_38605,39.756456,-105.0093135,9/21/2016 8:49,8:49,11,0,0,15TH STREET & PLATTE STREET,1,1,0,0,1,1,,0,35,0,1,0,0,1,4,2,14
,2016_38606,39.678363,-104.959404,5/21/2016 0:38,0:38,11,0,0,UNIVERSITY BOULEVARD SOUTH & EVANS AVENUE EAST,1,2,0,0,1,4,,0,30,0,1,0,0,1,4,2,14
,2016_38607,39.739995,-104.9598135,6/2/2016 13:07,13:07,11,0,0,YORK STREET NORTH & COLFAX AVENUE EAST,1,1,0,0,1,2,,0,,0,1,1,0,1,4,2,13
,2016_38618,39.74001,-104.99202,12/7/2016 14:10,14:10,11,0,0,51ST AVENUE & 14500 BLOCK EAST,4,1,0,2,1,4,,0,35,0,1,0,0,0,4,2,13
,2016_38619,39.725658,-104.9908725,6/17/2016 7:48,7:48,11,0,1,BANNOCK STREET NORTH & SIXTH AVENUE WEST,1,1,1,0,1,2,,0,25,0,1,0,0,2,4,2,7
,2016_38620,39.693114,-105.016653,6/16/2016 16:30,16:30,11,0,0,LOUISIANA AVENUE 2400 BLOCK WEST & ALCOTT STREET SOUTH,1,1,0,0,1,4,,0,30,0,1,0,0,1,4,2,13
,2016_38638,39.762,-104.9318325,10/7/2016 8:40,8:40,11,0,1,MLK BOULEVARD & DAHLIA STREET NORTH,1,1,0,0,1,3,,0,35,0,1,0,0,2,4,2,13
,2016_38639,39.728907,-104.9964435,11/4/2016 18:14,18:14,11,0,0,GALAPAGO STREET NORTH & EIGHTH AVENUE WEST,1,3,0,0,1,1,,0,25,0,1,0,0,1,4,2,3
,2016_38640,39.687579,-104.9887845,12/15/2016 16:30,16:30,11,0,0,IOWA AVENUE & ACOMA STREET,1,2,0,0,1,3,,0,30,0,1,0,0,1,4,2,13
,2016_38641,39.700386,-105.027543,10/18/2016 7:12,7:12,11,0,1,KENTUCKY AVENUE WEST & HAZEL COURT SOUTH,1,1,0,0,1,1,,0,20,0,1,0,0,2,4,2,13
,2016_38642,39.75487798,-104.9708835,8/3/2016 12:30,12:30,11,0,1,LAFAYETTE STREET & ALLEY,1,1,0,0,1,5,,0,5,0,1,0,0,2,4,2,14
,2016_38643,39.700404,-105.0481305,10/20/2016 17:27,17:27,11,0,0,MORRISON ROAD & KENTUCKY AVENUE WEST,1,1,0,0,1,1,,0,35,0,1,0,0,1,4,2,8
,2016_38644,39.720204,-104.903622,6/13/2016 9:06,9:06,11,0,1,QUEBEC STREET NORTH & SECOND AVENUE EAST,1,1,0,0,1,2,,0,25,0,1,0,0,2,4,2,1
,2016_38645,39.751875,-105.000903,6/21/2016 11:01,11:01,11,0,0,WYNKOOP STREET & 16TH STREET,1,1,0,0,1,4,,0,30,0,1,0,0,0,4,2,1
,2016_38660,39.736809,-104.9622615,8/24/2016 7:48,7:48,3,0,1,13TH AVENUE EAST & VINE STREET NORTH,1,1,0,0,1,1,,0,30,0,0,0,0,2,4,3,7
,2016_38661,39.77172,-105.0158745,9/28/2016 6:20,6:20,11,0,0,40TH AVENUE WEST & ZUNI STREET NORTH,1,1,0,0,1,4,,0,,0,1,0,0,1,4,2,13
,2016_38662,39.73842,-104.987394,7/25/2016 14:50,14:50,11,0,1,BROADWAY NORTH & 14TH AVENUE EAST,1,1,0,0,1,1,,0,,0,1,0,0,2,4,2,13
,2016_38663,39.71781,-104.943753,11/8/2016 10:47,10:47,11,0,0,GARFIELD STREET NORTH & FIRST AVENUE EAST,1,1,1,0,1,1,,0,25,0,1,0,0,0,4,2,13
,2016_38664,39.732084,-105.000174,2/9/2016 14:50,14:50,11,0,0,KALAMATH STREET & 10TH AVENUE WEST,1,1,0,0,1,3,,0,,0,1,0,0,1,4,2,14
,2016_38665,39.78177906,-104.9159144,4/16/2016 17:07,17:07,11,0,0,LEYDEN STREET & 1366 NORTH,6,1,0,2,1,2,,0,25,0,1,0,0,1,4,2,13
,2016_38666,39.756141,-104.991912,3/4/2016 12:15,12:15,11,0,1,22ND STREET & BLAKE STREET,1,1,0,0,1,1,,0,30,0,1,0,0,2,4,2,13
,2016_38667,39.740013,-104.9799015,11/2/2016 10:55,10:55,11,0,1,PEARL STREET 1400 BLOCK NORTH & COLFAX AVENUE EAST,1,1,0,0,1,4,,0,25,0,1,0,0,2,4,2,13
,2016_38668,39.747843,-104.995674,3/29/2016 13:35,13:35,11,0,1,16TH STREET & ARAPAHOE STREET,1,1,0,0,1,4,,0,,0,1,0,0,2,4,2,13
,2016_38669,39.741813,-104.987826,9/20/2016 18:13,18:13,11,0,1,16TH STREET & CLEVELAND PLACE,1,1,0,0,1,1,,0,25,0,1,0,0,2,4,2,1
,2016_38670,39.753198,-104.9905665,10/22/2016 22:55,22:55,11,0,0,21ST STREET & LAWRENCE STREET,1,3,0,0,1,4,,0,,0,1,0,0,1,4,2,14
,2016_38671,39.680289,-104.9664015,5/1/2016 19:48,19:48,11,0,1,WILLIAMS STREET SOUTH & ASBURY AVENUE EAST,1,3,0,0,1,1,,0,25,0,1,0,0,2,4,2,1
,2016_38679,39.735243,-104.98617,5/13/2016 9:06,9:06,11,0,1,12TH AVENUE EAST & LINCOLN STREET NORTH,1,1,0,0,1,1,,0,30,0,1,0,0,2,4,2,13
,2016_38680,39.765726,-104.9948415,7/14/2016 17:00,17:00,11,0,0,BROADWAY STREET NORTH & PARK AVENUE WEST,1,1,0,0,1,1,,0,,0,1,0,0,0,4,2,13
,2016_38681,39.75101903,-104.9745597,2/28/2016 11:18,11:18,11,0,0,OGDEN STREET & 2428,1,1,1,0,1,2,,0,5,0,1,0,0,1,4,2,13
,2016_38682,39.752946,-104.992614,10/29/2016 23:16,23:16,11,0,1,20TH STREET & LARIMER STREET,1,3,1,0,1,1,,0,,0,1,0,0,2,4,2,13
,2016_38683,39.750192,-105.0047415,3/23/2016 18:10,18:10,11,0,0,SPEER BOULEVARD NORTH & WEWATTA STREET,4,1,0,2,1,1,,0,35,0,1,0,0,0,4,2,13
,2016_38692,39.798297,-104.88447,8/18/2016 11:20,11:20,11,0,1,56TH AVENUE EAST & CENTRAL PARK BOULEVARD,1,1,1,0,1,2,,0,40,0,1,0,0,2,4,2,14
,2016_38693,39.733839,-104.987394,6/20/2016 1:12,1:12,11,0,0,BROADWAY NORTH & 11TH AVENUE WEST,1,3,0,0,1,4,,0,,0,1,0,0,0,4,2,13
,2016_38694,39.782385,-104.847093,9/13/2016 18:15,18:15,11,0,0,47TH AVENUE EAST & PEORIA STREET NORTH,1,2,0,0,1,1,,0,,0,1,0,0,1,4,2,13
,2016_38695,39.694761,-104.934006,5/4/2016 23:00,23:00,11,0,0,CHERRY STREET SOUTH & ARIZONA AVENUE EAST,1,4,0,0,1,2,,0,25,0,1,0,0,1,4,2,13
,2016_38696,39.678444,-104.931612,7/26/2016 13:28,13:28,11,0,0,DAHLIA STREET SOUTH & EVANS AVENUE EAST,1,1,1,0,1,1,,0,25,0,1,0,0,1,4,2,3
,2016_38697,39.696696,-105.001533,7/28/2016 19:35,19:35,11,0,1,LIPAN STREET SOUTH & MISSISSIPPI AVENUE WEST,1,1,0,0,1,1,,0,,0,1,0,0,2,4,2,13
,2016_38698,39.749688,-104.9811255,9/27/2016 14:35,14:35,11,0,1,PARK AVENUE WEST & TREMONT PLACE,1,1,0,0,1,3,,0,25,0,1,0,0,2,4,2,14
,2016_38699,39.752946,-104.992614,9/22/2016 21:32,21:32,11,0,0,20TH STREET & LARIMER STREET,1,3,0,0,1,1,,0,,0,1,0,0,1,4,2,14
,2016_38709,39.75849,-105.044004,8/25/2016 6:08,6:08,11,0,1,29TH AVENUE WEST & TENNYSON STREET NORTH,2,2,1,4,1,1,,0,30,0,1,0,0,2,4,2,3
,2016_38710,39.78144,-104.842332,2/12/2016 17:48,17:48,11,0,0,ALLBROOK DRIVE EAST & TULSA COURT NORTH,1,2,0,0,1,1,,0,35,0,1,0,0,1,4,2,12
,2016_38711,39.680289,-104.987583,12/10/2016 15:05,15:05,11,0,0,BROADWAY SOUTH & ASBURY AVENUE EAST,1,1,0,0,1,1,,0,,0,1,0,1,1,4,2,13
,2016_38712,39.747609,-104.997762,2/10/2016 16:45,16:45,11,0,0,15TH STREET & LAWERENCE,1,1,0,0,1,1,,0,25,0,1,0,0,0,4,2,13
,2016_38713,39.752676,-104.9946705,6/4/2016 1:52,1:52,11,0,1,19TH STREET & MARKET STREET,1,3,0,0,1,1,,0,25,0,1,0,0,2,4,2,14
,2016_38714,39.680226,-104.959404,6/30/2016 14:35,14:35,11,0,0,UNIVERSITY BOULEVARD & ASBURY AVENUE EAST,1,1,0,0,1,3,,0,25,0,1,0,0,1,4,2,13
,2016_38715,39.712149,-105.014502,6/17/2016 15:04,15:04,11,0,0,YUMA STREET SOUTH & BYERS DRIVE WEST,1,1,0,0,1,4,,0,,0,1,0,0,1,4,2,13
,2016_38726,39.720978,-104.95827,2/18/2016 20:10,20:10,11,0,0,THIRD AVENUE EAST & JOSEPHINE STREET NORTH,1,3,0,0,1,4,,0,25,0,1,0,0,0,4,2,13
,2016_38727,39.725631,-104.9874435,1/4/2016 19:13,19:13,11,0,1,SIXTH AVENUE EAST & BROADWAY STREET NORTH,1,3,0,0,1,1,,0,30,0,1,0,0,2,4,2,3
,2016_38728,39.725649,-104.986314,12/23/2016 14:27,14:27,11,0,0,SIXTH AVENUE EAST & LINCOLN STREET NORTH,1,1,0,0,1,1,,0,30,0,1,0,0,1,4,2,13
,2016_38729,39.76929,-105.001767,2/8/2016 7:49,7:49,11,0,1,38TH AVENUE WEST & LIPAN STREET NORTH,1,1,0,0,1,1,,0,35,0,1,0,0,2,4,2,14
,2016_38730,39.736845,-104.9873715,6/22/2016 14:30,14:30,11,0,1,BROADWAY & 13TH AVENUE EAST,1,1,0,0,1,4,,0,30,0,1,0,0,2,4,2,13
,2016_38731,39.776562,-105.0017535,5/27/2016 19:33,19:33,11,0,1,LIPAN STREET NORTH & 44TH AVENUE WEST,1,2,0,0,1,4,,0,,0,1,0,0,2,4,2,13
,2016_38732,39.77171824,-104.90281,10/16/2016 23:49,23:49,11,0,0,QUEBEC STREET & 1100 BLOCK SOUTH,1,3,0,0,1,4,,0,,0,1,0,0,1,4,2,13
,2016_38733,39.744495,-104.991291,12/23/2016 14:42,14:42,11,0,0,16TH STREET & WELTON STREET,1,1,0,0,1,4,,0,,0,1,0,0,1,4,2,14
,2016_38734,39.753612,-104.993451,3/13/2016 19:45,19:45,11,0,1,20TH STREET & MARKET STREET,1,3,1,0,1,1,,0,,0,1,0,0,2,4,2,13