id,drcog_id,latitude,longitude,crashtime,time,crashtype,numbkilled,numbinjurd,drcoglocat,rdconditin,lightngcon,roadcntgrd,weatherco,location,roaddescrp,schoolzone,constrzone,splimit,bikeinv,pedinv,sctrinv,motoinv,svrty,rdsystem,ttlvehcls,hcf
,2016_39083,39.752946,-104.992614,5/2/2016 11:49,11:49,11,0,0,20TH STREET & LARIMER STREET,1,1,0,0,1,1,,0,,0,1,0,0,1,4,2,13
,2016_39091,39.717045,-104.903793,9/22/2016 20:45,20:45,11,0,0,QUEBEC STREET SOUTH & LOWRY BOULEVARD EAST,1,1,0,0,1,1,,0,,0,1,0,0,0,4,2,13
,2016_39092,39.790413,-104.8123125,2/10/2016 17:00,17:00,11,0,0,53RD AVENUE & FAIRPLAY STREET NORTH,1,1,0,0,1,4,,0,35,0,1,0,0,0,4,2,5
,2016_39094,39.798396,-104.786415,9/8/2016 5:22,5:22,11,0,0,56TH AVENUE EAST & PENA BOULEVARD OUTBOUND,1,4,0,0,1,1,,0,45,0,1,0,0,1,4,2,13
,2016_39095,39.74603268,-105.0022112,12/9/2016 12:15,12:15,11,0,0,LARIMER STREET & 1400 BLOCK,1,1,0,0,1,4,,0,30,0,1,0,0,1,4,2,13
,2016_39096,39.752262,-104.991804,5/19/2016 12:12,12:12,11,0,0,20TH STREET & LAWRENCE STREET,1,1,0,0,1,1,,0,30,0,1,0,0,1,4,2,13
,2016_39111,39.718134,-105.04449,12/29/2016 8:14,8:14,11,0,0,FIRST AVENUE & UTICA STREET NORTH,1,1,0,0,1,4,,0,30,0,1,0,0,1,4,2,14
,2016_39112,39.728934,-104.9906115,6/23/2016 15:54,15:54,11,0,0,EIGHTH AVENUE 100 WEST & SPEER BOULEVARD NORTH,1,1,0,0,1,4,,0,30,0,1,0,0,1,4,2,14
,2016_39113,39.702897,-104.948595,5/13/2016 13:40,13:40,11,0,0,ADAMS STREET & BELCARO LANE,1,1,1,0,1,3,,0,25,0,1,0,0,1,4,2,1
,2016_39114,39.689334,-104.9546835,1/20/2016 19:23,19:23,11,0,0,FLORIDA AVENUE EAST & CLAYTON STREET SOUTH,1,3,0,0,1,4,,0,25,0,1,0,0,1,4,2,13
,2016_39115,39.689334,-104.903604,11/30/2016 16:09,16:09,11,0,2,FLORIDA AVENUE EAST & QUEBEC STREET SOUTH,1,1,0,0,1,1,,0,25,0,1,0,0,2,4,3,13
,2016_39116,39.693069,-104.9980005,3/31/2016 13:01,13:01,11,0,0,INCA STREET SOUTH & LOUISIANA AVENUE WEST,1,1,3,0,1,3,,0,30,0,1,0,0,1,4,2,14
,2016_39117,39.748941,-104.9995305,5/6/2016 8:44,8:44,11,0,1,15TH STREET & MARKET STREET,1,1,0,0,1,2,,0,30,0,1,0,0,2,4,2,13
,2016_39126,39.689523,-105.0156945,9/23/2016 7:45,7:45,11,0,0,ZUNI STREET SOUTH & FLORIDA AVENUE WEST,1,1,0,0,1,1,,0,25,0,1,0,0,1,4,3,7
,2016_39127,39.75822,-104.973363,9/26/2016 16:43,16:43,11,0,1,DOWNING STREET NORTH & 29TH AVENUE EAST,1,1,0,0,1,1,,0,30,0,1,0,0,1,4,2,14
,2016_39128,39.725631,-104.9874435,9/5/2016 9:07,9:07,11,0,1,SIXTH AVENUE WEST & BROADWAY STREET NORTH,1,1,0,0,1,1,,0,,0,1,0,0,2,4,2,15
,2016_39129,39.731013,-104.9351445,10/19/2016 7:40,7:40,11,0,0,NINTH AVENUE EAST & CLERMONT STREET NORTH,2,1,0,0,1,1,,0,25,0,1,0,0,0,4,2,7
,2016_39130,39.743388,-104.9873895,10/18/2016 9:06,9:06,11,0,1,17TH AVENUE EAST & BROADWAY STREET NORTH,1,1,0,0,1,1,,0,30,0,1,0,0,2,4,2,8
,2016_39131,39.680226,-104.959404,5/25/2016 22:15,22:15,11,0,0,ASBURY AVENUE & UNIVERSITY BOULEVARD SOUTH,1,4,0,0,1,3,,0,30,0,1,0,0,1,4,2,14
,2016_39132,39.678435,-104.922234,2/9/2016 16:45,16:45,11,0,0,HOLLY STREET SOUTH & EVANS AVENUE EAST,1,1,0,0,1,4,,0,30,0,1,0,0,0,4,2,13
,2016_39133,39.692952,-104.9687325,5/4/2016 15:20,15:20,11,0,0,LOUISIANA AVENUE EAST & FRANKLIN STREET SOUTH,1,1,0,0,1,1,,0,25,0,1,0,0,1,4,2,3
,2016_39134,39.794769,-104.810535,3/14/2016 17:53,17:53,11,0,0,MAXWELL PLACE EAST & GRANDBY STREET NORTH,1,1,0,0,1,1,,0,25,0,1,0,0,1,4,2,14
,2016_39138,39.74001,-104.99202,7/14/2016 7:51,7:51,11,0,1,FIFTH AVENUE & 7300 BLOCK EAST,1,1,0,0,1,2,,0,25,0,1,0,0,2,4,2,13
,2016_39140,39.736476,-104.9303835,9/2/2016 8:45,8:45,2,0,0,13TH AVENUE EAST & EUDORA STREET NORTH,14,1,0,0,1,3,,0,,1,0,0,0,0,4,2,13
,2016_39142,39.676733,-104.940633,10/25/2016 10:16,10:16,2,0,0,WARREN AVENUE EAST & COLORADO BOULEVARD SOUTH,1,1,0,0,1,3,,0,35,1,0,0,0,1,2,2,14
,2016_39150,39.653077,-104.898619,10/30/2016 8:59,8:59,2,0,0,HAMPDEN AVENUE EAST & TAMARAC DRIVE SOUTH,1,1,0,0,1,3,,0,15,1,0,0,0,1,2,2,13
,2016_39157,39.720324,-105.025183,11/10/2016 17:59,17:59,2,0,1,FEDERAL BOULEVARD & SECOND AVENUE,1,3,0,0,1,3,,0,35,1,0,0,0,2,2,2,14
,2016_39160,39.618006,-105.091112,3/11/2016 16:08,16:08,2,0,1,WADSWORTH BOULEVARD SOUTH & CRESTLINE AVENUE WEST,1,1,0,0,1,1,,0,45,1,0,0,0,2,2,2,3
,2016_39162,39.740006,-104.987006,10/18/2016 14:25,14:25,2,0,0,COLFAX AVENUE 000 BLOCK EAST & BROADWAY STREET NORTH,1,1,1,0,1,4,,0,30,1,0,0,0,0,2,2,13
,2016_39166,39.776686,-105.025228,2/26/2016 15:31,15:31,2,0,0,FEDERAL BOULEVARD NORTH & 44TH AVENUE WEST,1,1,0,0,1,1,,0,35,1,0,0,0,1,2,2,13
,2016_39182,39.740124,-104.971526,9/20/2016 17:03,17:03,2,0,0,COLFAX AVENUE EAST & MARION / LAFAYETTE ALLEY ROAD NORTH,1,1,0,0,1,5,,0,,1,0,0,0,1,2,2,7
,2016_39189,39.783149,-105.006371,5/7/2016 12:29,12:29,2,0,1,PECOS STREET & 48TH AVENUE WEST,2,1,0,1,1,3,,0,30,1,0,0,0,2,1,2,7
,2016_39195,39.734838,-104.940603,6/23/2016 17:00,17:00,2,0,1,12TH AVENUE EAST  & COLORADO BOULEVARD NORTH,2,1,0,1,1,1,,0,35,1,0,0,0,2,2,2,13
,2016_39196,39.653049,-104.871681,6/3/2016 10:53,10:53,2,0,1,FLORENCE STREET & HAMPDEN AVENUE EAST,1,1,0,0,1,1,,0,25,1,0,0,0,2,2,2,3
,2016_39197,39.740343,-105.031217,2/24/2016 7:41,7:41,2,0,0,COLFAX AVENUE WEST & JULIAN STREET NORTH,1,1,0,0,1,1,,0,30,1,0,0,0,1,2,2,14
,2016_39201,39.701466,-104.987451,9/12/2016 16:45,16:45,2,0,0,I25 EASTBOUND OFF RAMP & BROADWAY STREET SOUTH,1,1,0,0,1,1,,0,,1,0,0,0,1,1,2,14
,2016_39202,39.71109,-105.028936,12/13/2016 18:00,18:00,2,0,0,ALAMEDA AVENUE WEST & HOOKER STREET SOUTH,1,3,0,0,1,3,,0,60,1,0,0,0,1,2,2,13
,2016_39205,39.733188,-105.053221,9/30/2016 18:22,18:22,2,0,0,10TH AVENUE WEST & SHERIDAN BOULEVARD NORTH,1,1,0,0,1,1,,0,35,1,0,0,0,1,2,2,13
,2016_39207,39.711077,-105.025075,7/25/2016 14:11,14:11,2,0,0,FEDERAL BOULEVARD SOUTH & ALAMEDA AVENUE WEST,1,1,0,0,1,1,,0,35,1,0,0,0,1,2,2,7
,2016_39208,39.711077,-105.025075,8/18/2016 0:00,0:00,2,0,0,ALAMEDA AVENUE WEST & FEDERAL BOULEVARD SOUTH,1,3,0,0,1,1,,0,,1,0,0,0,0,2,2,13
,2016_39210,39.69659,-104.940565,7/28/2016 18:08,18:08,2,0,1,MISSISSIPPI AVENUE EAST & COLORADO BOULEVARD SOUTH,1,1,0,0,1,1,,0,30,1,0,0,0,2,2,2,1
,2016_39215,39.789272,-105.025199,11/15/2016 17:44,17:44,2,0,0,51ST AVENUE WEST & FEDERAL BOULEVARD NORTH,1,2,1,0,1,1,,0,30,1,0,0,0,1,2,2,13
,2016_39217,39.690911,-104.940547,8/3/2016 16:34,16:34,2,0,0,COLORADO BOULEVARD SOUTH & ARKANSAS AVENUE EAST,1,1,0,0,1,1,,0,35,1,0,0,0,1,2,2,13
,2016_39219,39.760997,-105.004271,9/1/2016 20:10,20:10,2,0,0,20TH STREET & I25 NORTHBOUND RAMP OFF,1,3,1,0,1,1,,0,,1,0,0,0,1,1,2,7
,2016_39223,39.740082,-104.911615,10/31/2016 14:15,14:15,2,0,1,COLFAX AVENUE EAST & MAGNOLIA STREET NORTH,1,1,1,0,1,1,,0,30,1,0,0,0,2,2,2,13
,2016_39224,39.76662769,-105.052926,6/10/2016 7:26,7:26,5,0,1,SHERIDAN BOULEVARD & 36TH AVENUE WEST,1,1,0,0,1,4,,0,35,0,0,0,1,3,2,1,14
,2016_39228,39.689481,-104.99207,8/27/2016 20:28,20:28,2,0,0,SANTA FE DRIVE SOUTH & FLORIDA AVENUE WEST,1,3,0,0,1,1,,0,30,1,0,0,0,0,2,2,13
,2016_39230,39.653084,-104.913191,6/4/2016 1:30,1:30,5,0,1,HAMPDEN AVENUE EAST & MONACO PARKWAY SOUTH,1,3,0,0,3,4,,0,40,0,0,0,0,2,2,2,13
,2016_39231,39.69659,-104.940565,2/20/2016 16:43,16:43,2,0,1,COLORADO BOULEVARD SOUTH & MISSISSIPPI AVENUE EAST,1,1,1,0,1,1,,0,35,1,0,0,0,2,2,2,13
,2016_39237,39.696679,-104.991877,10/14/2016 14:30,14:30,2,0,0,MISSISSIPPI AVENUE WEST & SANTA FE DRIVE SOUTH,1,1,0,0,1,1,,0,35,1,0,0,0,0,2,2,12
,2016_39240,39.65298,-104.925844,11/8/2016 16:00,16:00,2,0,0,GLENCOE STREET SOUTH & HAMPDEN AVENUE EAST,1,1,1,0,1,3,,0,25,1,0,0,0,0,2,2,13
,2016_39255,39.730518,-104.9976135,7/19/2016 21:20,21:20,2,0,1,NINTH AVENUE WEST & INCA STREET,1,4,0,0,1,1,,0,30,1,0,0,0,2,4,2,14
,2016_39256,39.687176,-104.940544,11/19/2016 0:36,0:36,2,0,1,COLORADO BOULEVARD SOUTH & IOWA AVENUE EAST,1,3,1,0,1,4,,0,35,1,0,0,0,2,2,2,5
,2016_39258,39.740006,-104.986844,8/12/2016 13:30,13:30,2,0,1,COLFAX AE EAST & BROADWAY STREET NORTH,1,1,1,0,1,1,,0,30,1,0,0,0,2,2,2,7
,2016_39268,39.740061,-104.939436,6/7/2016 15:13,15:13,2,0,1,ALBION STREET NORTH  & COLFAX AVENUE EAST,1,1,0,0,1,4,,0,35,1,0,0,0,2,2,2,13
,2016_39270,39.734838,-104.940603,10/5/2016 15:30,15:30,2,0,0,COLORADO BOULEVARD NORTH & 12TH AVENUE EAST,1,1,0,0,1,1,,0,,1,0,0,0,1,2,2,14
,2016_39273,39.673239,-105.025064,10/31/2016 7:55,7:55,2,0,1,FEDERAL BOULEVARD & WESLEY AVENUE WEST,1,1,1,0,1,1,,0,5,1,0,0,0,2,2,2,13
,2016_39278,39.740141,-104.944097,11/4/2016 10:35,10:35,2,0,0,COLFAX AVENUE EAST & GARFIELD STREET NORTH,1,1,0,0,1,1,,0,30,1,0,0,0,1,2,2,14
,2016_39279,39.778295,-104.903454,6/15/2016 13:47,13:47,2,0,0,I70 & QUEBEC STREET,1,1,0,0,1,4,,0,55,1,0,0,0,0,1,2,13
,2016_39289,39.671783,-105.025072,10/31/2016 7:55,7:55,2,0,1,FEDERAL BOULEVARD SOUTH & FEDERAL BOULEVARD 2400 BLOCK SOUTH,1,1,1,0,1,1,,0,5,1,0,0,0,2,2,2,13
,2016_39297,39.740358,-105.050705,4/28/2016 17:05,17:05,2,0,0,COLFAX AVENUE & 4855 WEST,1,1,0,0,1,2,,0,30,1,0,0,0,0,2,2,13
,2016_39298,39.740061,-104.940192,7/21/2016 12:05,12:05,2,0,1,COLFAX AVENUE EAST & COLORADO BOULEVARD NORTH,1,1,0,0,1,2,,0,35,1,0,0,0,2,2,2,5
,2016_39300,39.783848,-105.025224,12/26/2016 18:35,18:35,2,0,0,I70 EASTBOUND OFF RAMP & FEDERAL,1,3,0,0,1,1,,0,20,1,0,0,0,1,2,2,13
,2016_39302,39.711104,-105.025094,10/21/2016 20:14,20:14,2,0,1,ALAMEDA AVENUE WEST & SANTA FE DRIVE SOUTH,1,3,0,0,1,1,,0,35,1,0,0,0,2,2,2,1
,2016_39306,39.741633,-104.967225,5/12/2016 6:45,6:45,2,0,1,16TH AVENUE & GILPIN STREET NORTH,1,2,0,0,1,3,,0,15,1,0,0,0,2,4,2,14
,2016_39307,39.711183,-105.011003,8/29/2016 17:50,17:50,2,0,0,HIGHWAY 26B / ALAMEDA AVENUE & TEJON STREET SOUTH,1,1,3,0,1,1,,0,25,1,0,0,0,0,2,2,13
,2016_39308,39.740176,-104.954823,5/21/2016 18:18,18:18,2,0,1,COLFAX AVENUE EAST & DETROIT STREET NORTH,1,1,0,0,1,1,,0,30,1,0,0,0,2,2,2,13
,2016_39309,39.711104,-105.025094,6/7/2016 14:01,14:01,2,0,0,FEDERAL BOULEVARD SOUTH & ALAMEDA AVENUE WEST,1,1,1,0,1,1,,0,35,1,0,0,0,1,2,2,7
,2016_39310,39.78571,-105.025223,8/13/2016 17:50,17:50,2,0,0,49TH AVENUE WEST & FEDERAL BOULEVARD NORTH,1,1,0,0,1,1,,0,35,1,0,0,0,1,2,2,7
,2016_39314,39.696679,-104.991877,7/13/2016 12:40,12:40,2,0,0,SANTA FE DRIVE SOUTH & MISSISSIPPI AVENUE WEST,1,1,0,0,1,1,,1,25,1,0,0,0,1,2,3,13
,2016_39315,39.654131,-105.053114,1/6/2016 8:20,8:20,2,0,1,HIGHWAY 95A / SHERIDAN BOULEVARD & DARTMOUTH AVENUE WEST,1,1,1,0,1,1,,0,40,1,0,0,0,2,2,2,3
,2016_39322,39.73383,-104.986161,1/28/2016 8:35,8:35,2,0,0,11TH AVENUE EAST & LINCOLN STREET NORTH,1,1,1,0,1,1,,0,30,1,0,0,0,0,4,2,13
,2016_39329,39.729321,-105.019803,10/24/2016 16:30,16:30,2,0,0,EIGHTH AVENUE WEST & CANOSA COURT NORTH,1,1,0,0,1,1,,0,35,1,0,0,0,1,4,2,7
,2016_39330,39.733839,-104.9873895,5/11/2016 12:50,12:50,2,0,1,11TH AVENUE EAST & BROADWAY,1,1,1,0,1,3,,0,30,1,0,0,0,2,4,2,13
,2016_39331,39.741678,-104.982354,9/13/2016 18:48,18:48,2,0,1,16TH AVENUE EAST & LOGAN STREET NORTH,1,1,1,0,1,4,,0,,1,0,0,0,2,4,2,13
,2016_39332,39.752865,-104.930514,2/26/2016 15:30,15:30,2,0,1,25TH AVENUE EAST & EUDORA STREET NORTH,1,1,0,0,1,1,,0,25,1,0,0,0,2,4,2,13
,2016_39333,39.741651,-104.9734305,6/2/2016 9:30,9:30,2,0,0,DOWNING STREET NORTH & 16TH AVENUE EAST,1,1,0,0,1,1,,0,,1,0,0,0,1,4,2,7
,2016_39334,39.678444,-104.908194,3/16/2016 15:05,15:05,2,0,0,ONEIDA STREET SOUTH & EVANS AVENUE EAST,1,1,0,0,1,1,,0,25,1,0,0,0,1,4,2,13
,2016_39335,39.748941,-104.9995305,4/3/2016 1:26,1:26,2,0,1,15TH STREET & MARKET STREET,1,3,0,0,1,1,,0,30,1,0,0,0,2,4,2,13
,2016_39336,39.754305,-104.9942745,7/9/2016 22:35,22:35,2,0,0,20TH STREET 1600 BLOCK & BLAKE STREET,1,3,1,0,1,4,,0,25,1,0,0,0,0,4,2,1
,2016_39337,39.772278,-104.9745645,12/16/2016 16:34,16:34,2,0,0,WYNKOOP STREET & 38TH STREET,1,1,0,0,1,1,,0,30,1,0,0,0,0,4,2,13
,2016_39351,39.680316,-104.9734215,2/11/2016 16:15,16:15,2,0,0,DOWNING STREET SOUTH & ASBURY AVENUE SOUTH,1,1,0,0,1,1,,0,30,1,0,0,0,1,4,2,13
,2016_39352,39.74001,-104.99202,2/17/2016 8:59,8:59,2,0,1,EVANS AVENUE & 2100 BLOCK EAST,1,1,0,0,1,2,,0,,1,0,0,0,2,4,2,14
,2016_39353,39.748509,-105.0031305,6/30/2016 18:35,18:35,2,0,0,SPEER BOULEVARD NORTH & BLAKE STREET,1,1,1,0,1,2,,0,,1,0,0,0,0,4,2,14
,2016_39354,39.765735,-105.0449445,9/27/2016 10:49,10:49,2,0,1,UTICA STREET NORTH & 35TH AVENUE WEST,1,1,1,0,1,1,,0,25,1,0,0,0,2,4,2,13
,2016_39370,39.772962,-104.975442,9/24/2016 15:00,15:00,2,0,0,38TH AVENUE EAST & BRIGHTON BOULEVARD NORTH,1,1,0,0,1,1,,0,,1,0,0,0,0,4,2,13
,2016_39372,39.736863,-104.982336,9/5/2016 21:55,21:55,2,0,0,13TH AVENUE EAST & LOGAN STREET NORTH,1,3,0,0,1,1,,0,,1,0,0,0,1,4,2,13
,2016_39373,39.743379,-104.9337945,1/28/2016 17:35,17:35,2,0,0,17TH AVENUE EAST & CHERRY STREET NORTH,1,2,0,0,1,1,,0,30,1,0,0,0,0,4,2,1
,2016_39374,39.74938994,-104.9830891,7/3/2016 22:02,22:02,2,0,0,GLENARM PLACE 2200 BLOCK & 22ND AVENUE,1,3,0,0,1,4,,0,25,1,0,0,0,1,4,2,1
,2016_39375,39.707487,-105.025095,5/23/2016 19:25,19:25,2,0,1,VIRGINIA AVENUE WEST & FEDERAL BOULEVARD SOUTH,1,1,0,0,1,5,,0,25,1,0,0,0,2,4,2,1
,2016_39383,39.746241,-104.9959755,7/1/2016 15:03,15:03,2,0,0,15TH STREET & CURTIS STREET,1,1,0,0,1,1,,0,25,1,0,0,0,0,4,2,13
,2016_39384,39.752874,-104.9175315,9/21/2016 8:04,8:04,2,0,0,KEARNEY STREET NORTH & 25TH AVENUE EAST,1,1,0,0,1,1,,0,,1,0,0,0,1,4,2,7
,2016_39385,39.727287,-104.983596,7/7/2016 7:25,7:25,2,0,1,SEVENTH AVENUE EAST & GRANT STREET NORTH,1,1,0,0,1,5,,0,30,1,0,0,0,2,4,2,14
,2016_39387,39.774744,-105.0439725,11/9/2016 10:46,10:46,2,0,0,TENNYSON STREET SOUTHBOUND NORTH & 43RD AVENUE WEST,1,1,0,0,1,1,,0,35,1,0,0,0,1,4,2,14
,2016_39399,39.720996,-104.9234265,9/19/2016 17:22,17:22,2,0,0,THIRD AVENUE 5400 BLOCK EAST & HUDSON STREET SOUTH,1,1,0,0,1,4,,0,,1,0,0,0,0,4,2,14
,2016_39401,39.732039,-104.9902425,12/8/2016 17:24,17:24,2,0,0,10TH AVENUE & BANNOCK STREET NORTH,1,3,0,0,1,1,,0,25,1,0,0,0,0,4,2,8
,2016_39402,39.754485,-104.9708835,7/27/2016 15:00,15:00,2,0,1,26TH AVENUE EAST & LAFAYETTE STREET NORTH,1,1,0,0,1,1,,0,30,1,0,0,0,2,4,2,13
,2016_39403,39.759579,-105.0017805,10/28/2016 18:24,18:24,2,0,0,20TH STREET & LITTLE RAVEN STREET,1,1,0,0,1,1,,0,25,1,0,0,0,0,4,2,1
,2016_39404,39.729717,-104.9912235,5/17/2016 19:16,19:16,2,0,1,SPEER BOULEVARD NORTH & BANNOCK STREET NORTH,2,1,0,0,1,1,,0,35,1,0,0,0,2,4,2,1
,2016_39405,39.75237,-104.984631,7/29/2016 8:00,8:00,2,0,0,STOUT STREET & PARK AVENUE WEST,1,1,0,0,1,1,,0,30,1,0,0,0,0,4,2,13
,2016_39422,39.75741,-105.0105015,9/16/2016 14:45,14:45,2,0,0,15TH STREET & CENTRAL STREET,1,1,1,0,1,1,,0,15,1,0,0,0,0,4,2,13
,2016_39423,39.733695,-104.9787135,9/16/2016 15:13,15:13,2,0,1,11TH AVENUE 600 BLOCK EAST & WASHINGTON STREET NORTH,1,1,0,0,1,5,,0,25,1,0,0,0,2,4,2,13
,2016_39424,39.722535,-104.987502,8/4/2016 16:10,16:10,2,0,0,BROADWAY NORTH & FOURTH AVENUE EAST,1,1,0,0,1,1,,0,30,1,0,0,0,1,4,2,13
,2016_39425,39.682116,-104.987583,1/19/2016 12:04,12:04,2,0,0,BROADWAY SOUTH & JEWELL AVENUE WEST,5,1,1,0,1,1,,0,30,1,0,0,0,1,4,2,13
,2016_39426,39.76788931,-104.9948145,6/27/2016 19:00,19:00,2,0,0,PARK AVENUE WEST & 300 BLOCK WEST,1,1,0,0,1,4,,0,30,1,0,0,0,0,4,2,13
,2016_39427,39.712905,-104.981553,2/13/2016 16:28,16:28,2,0,1,PENNYSLVANIA STREET SOUTH & CEDAR AVENUE EAST,1,1,0,0,1,1,,0,25,1,0,0,0,2,4,2,13
,2016_39428,39.66768,-104.9899905,6/25/2016 17:23,17:23,2,0,1,YALE AVENUE WEST & BANNOCK STREET SOUTH,1,1,0,0,1,1,,0,25,1,0,0,0,2,4,2,3
,2016_39439,39.787416,-105.0330915,1/25/2016 17:32,17:32,2,0,0,REGIS BOULEVARD WEST & REGIS UNIVERSITY ROAD,1,3,0,2,1,1,,0,,1,0,0,0,0,4,2,13
,2016_39443,39.750264,-104.9891625,4/25/2016 16:00,16:00,2,0,0,CHAMPA STREET & 20TH STREET,1,1,0,0,1,1,,0,30,1,0,0,0,0,4,2,13
,2016_39446,39.734748,-105.0346035,7/6/2016 13:46,13:46,2,0,0,12TH AVENUE WEST & LOWELL BOULEVARD NORTH,1,1,0,0,1,4,,0,10,1,0,0,0,1,4,2,14
,2016_39447,39.698532,-105.020352,9/3/2016 17:25,17:25,2,0,1,TENNESSEE AVENUE WEST & CLAY STREET SOUTH,1,1,0,0,1,1,,0,25,1,0,0,0,2,4,2,12
,2016_39457,39.751974,-104.968413,8/29/2016 8:50,8:50,2,0,1,24TH AVENUE EAST & FRANKLIN STREET NORTH,1,1,0,0,1,1,,0,25,1,0,0,0,2,4,2,3
,2016_39458,39.751434,-104.9858325,9/22/2016 16:15,16:15,2,0,0,22ND STREET & STOUT STREET,1,1,0,0,1,4,,0,,1,0,0,0,1,4,2,14
,2016_39460,39.728232,-105.0394635,3/9/2016 20:21,20:21,2,0,1,SEVENTH AVENUE WEST & PERRY STREET NORTH,1,3,0,0,1,1,,0,25,1,0,0,0,2,4,2,13
,2016_39461,39.712995,-104.987574,2/7/2016 13:04,13:04,2,0,0,BROADWAY SOUTH & CEDAR AVENUE,1,1,0,0,1,1,,0,30,1,0,0,0,0,4,2,13
,2016_39462,39.735252,-104.9929335,12/6/2016 10:55,10:55,2,0,0,DELAWARE STREET NORTH & 12TH AVENUE WEST,1,1,0,0,1,1,,0,30,1,0,0,0,1,4,2,13
,2016_39463,39.798063,-104.83074,6/18/2016 12:28,12:28,2,0,1,WORCHESTER STREET NORTH & 56TH AVENUE EAST,1,1,1,0,1,1,,0,,1,0,0,0,2,4,2,8
,2016_39471,39.752343,-105.007563,7/28/2016 9:34,9:34,2,0,0,ELITCH CIRCLE & SPEER BOULEVARD,1,1,0,0,1,2,,0,30,1,0,0,0,0,4,2,13
,2016_39481,39.772899,-104.9498235,9/1/2016 17:08,17:08,2,0,0,40TH AVENUE EAST & STEELE STREET NORTH,1,1,0,0,1,1,,0,,1,0,0,0,1,4,2,14
,2016_39482,39.729312,-105.015933,6/2/2016 15:39,15:39,2,0,0,EIGHTH AVENUE WEST & ZUNI STREET NORTH,1,1,0,0,1,1,,0,30,1,0,0,0,0,4,2,13
,2016_39483,39.75554776,-104.8612207,5/20/2016 17:15,17:15,2,0,1,27TH AVENUE & 2400 BLOCK,1,1,1,0,1,2,,0,30,1,0,0,0,2,4,2,13
,2016_39484,39.751452,-104.9979645,4/29/2016 14:30,14:30,2,0,0,BLAKE STREET & 17TH STREET,2,1,1,2,1,1,,0,25,1,0,0,0,0,4,3,13
,2016_39485,39.75669,-104.999652,12/7/2016 18:30,18:30,2,0,0,CHESTNUT STREET 1900 BLOCK & 20TH STREET,1,1,0,0,1,2,,0,,1,0,0,0,1,4,2,13
,2016_39486,39.69203614,-104.961744,6/18/2016 21:08,21:08,2,0,0,EVANS AVENUE EAST & GAYLORD STREET SOUTH,1,3,1,0,1,4,,0,,1,0,0,0,1,4,2,13
,2016_39487,39.689514,-105.0442425,6/27/2016 18:40,18:40,2,0,0,FLORIDA AVENUE WEST & TENNYSON STREET SOUTH,1,1,0,0,1,1,,0,30,1,0,0,0,1,4,2,8
,2016_39488,39.674817,-104.943735,2/29/2016 13:57,13:57,2,0,1,JACKSON STREET SOUTH & ILIFF AVENUE EAST,1,1,0,0,1,4,,0,25,1,0,0,0,2,4,2,13
,2016_39491,39.758814,-104.983272,9/26/2016 0:44,0:44,2,0,0,27TH STREET & LAWRENCE STREET,1,3,0,0,1,1,,0,,1,0,0,0,0,4,2,5
,2016_39501,39.738447,-104.986143,10/12/2016 10:07,10:07,2,0,1,14TH AVENUE & LINCOLN STREET NORTH,1,1,2,0,1,2,,0,,1,0,0,0,2,4,2,1
,2016_39502,39.74001,-104.99202,5/19/2016 16:30,16:30,2,0,1,28TH AVENUE & 1200 BLOCK EAST,1,1,0,0,1,5,,0,15,1,0,0,0,2,4,2,13
,2016_39503,39.742506,-104.988681,5/17/2016 8:52,8:52,2,0,1,COURT PLACE & 16TH STREET,2,1,0,0,1,4,,0,30,1,0,0,0,2,4,2,4
,2016_39504,39.743595,-104.992524,4/22/2016 17:25,17:25,2,0,0,WELTON STREET & 15TH STREET,1,1,0,0,1,1,,0,30,1,0,0,0,0,4,2,13
,2016_39517,39.729267,-104.913936,11/14/2016 17:25,17:25,2,0,0,EIGHTH AVENUE & LOCUST STREET,1,3,0,0,1,1,,0,25,1,0,0,0,0,4,2,14
,2016_39518,39.738402,-104.970681,5/22/2016 18:15,18:15,2,0,1,14TH AVENUE EAST & LAFAYETTE STREET NORTH,1,1,0,0,1,1,,0,30,1,0,0,0,2,4,2,13
,2016_39519,39.729087,-104.986152,5/22/2016 16:39,16:39,2,0,1,LINCOLN STREET & EIGHTH AVENUE EAST,1,1,1,0,1,4,,0,30,1,0,0,0,2,4,2,13
,2016_39520,39.667626,-104.912964,8/2/2016 20:30,20:30,2,0,0,MONACO STREET SOUTH & YALE AVENUE EAST,1,3,0,0,1,4,,0,15,1,0,0,0,0,4,2,13
,2016_39521,39.722499,-104.978745,7/30/2016 13:44,13:44,2,0,0,WASHINGTON STREET NORTH & FOURTH AVENUE EAST,1,1,0,0,1,1,,0,25,1,0,0,0,1,4,2,3
,2016_39522,39.627099,-104.885352,3/29/2016 18:13,18:13,2,0,1,YOSEMITE STREET SOUTH & CHENANGO AVENUE EAST,1,1,2,0,1,1,,0,35,1,0,0,0,2,4,2,3
,2016_39537,39.74001,-104.99202,9/20/2016 6:45,6:45,2,0,1,HAVANA STREET NORTHBOUND & I70 WB SLIP RAMP OFF MERGE LANE,1,3,0,0,1,3,,0,40,1,0,0,0,2,4,2,14
,2016_39538,39.712896,-104.9734035,10/4/2016 16:23,16:23,2,0,1,CEDAR AVENUE EAST & DOWNING STREET SOUTH,1,1,0,0,1,3,,0,,1,0,0,0,2,4,2,13