id,drcog_id,latitude,longitude,crashtime,time,crashtype,numbkilled,numbinjurd,drcoglocat,rdconditin,lightngcon,roadcntgrd,weatherco,location,roaddescrp,schoolzone,constrzone,splimit,bikeinv,pedinv,sctrinv,motoinv,svrty,rdsystem,ttlvehcls,hcf
,2016_39539,39.741651,-104.9734305,4/5/2016 14:30,14:30,2,0,0,16TH AVENUE EAST & DOWNING STREET NORTH,1,1,0,0,1,1,,0,30,1,0,0,0,0,4,2,13
,2016_39540,39.756141,-104.991912,5/30/2016 2:18,2:18,2,0,1,BLAKE STREET & 22ND STREET,1,3,0,0,1,4,,0,30,1,0,0,0,2,4,2,1
,2016_39542,39.731697,-104.9919525,6/27/2016 19:57,19:57,2,0,1,CHEROKEE STREET NORTH & SPEER BOULEVARD NORTH,1,1,0,0,1,3,,0,,1,0,0,0,2,4,2,7
,2016_39543,39.692997,-104.9772645,4/13/2016 7:17,7:17,2,0,1,LOUISANA AVENUE EAST & BUCHTEL BOULEVARD EAST,1,1,0,0,1,1,,0,30,1,0,0,0,2,4,2,14
,2016_39544,39.729717,-104.9912235,8/11/2016 11:25,11:25,2,0,1,SPEER BOULEVARD NORTH & BANNOCK STREET NORTH,1,1,0,0,1,1,,0,30,1,0,0,0,2,4,2,13
,2016_39545,39.751812,-105.0005205,11/25/2016 10:47,10:47,2,0,0,WYNKOOP STREET 1600 BLOCK & 16TH STREET MALL,1,1,1,0,1,2,,0,30,1,0,0,0,1,4,2,13
,2016_39553,39.75444,-104.9598,8/23/2016 22:19,22:19,2,0,0,YORK STREET NORTH & 26TH AVENUE EAST,1,3,0,0,1,4,,0,,1,0,0,0,1,4,2,14
,2016_39554,39.750129,-104.9841,9/28/2016 8:39,8:39,2,0,1,WELTON STREET & 22ND STREET,1,1,0,0,1,1,,0,25,1,0,0,0,2,4,2,13
,2016_39555,39.752946,-104.992614,1/3/2016 10:11,10:11,2,0,0,20TH STREET & LARIMER STREET,1,1,0,0,1,1,,0,30,1,0,0,0,0,4,2,8
,2016_39556,39.742686,-104.993721,6/24/2016 19:01,19:01,2,0,0,14TH STREET 500 BLOCK & WELTON STREET,1,1,0,0,1,2,,0,30,1,0,0,0,1,4,2,8
,2016_39557,39.678363,-104.959404,11/10/2016 20:55,20:55,2,0,0,UNIVERSITY BOULEVARD SOUTH & EVANS AVENUE EAST,1,3,0,0,1,1,,0,35,1,0,0,0,1,4,2,13
,2016_39558,39.711114,-104.9605605,10/12/2016 18:28,18:28,2,0,1,YORK STREET SOUTH & ALAMEDA AVENUE EAST,1,2,1,0,1,2,,0,30,1,0,0,0,2,4,2,14
,2016_39573,39.765717,-104.9585625,8/13/2016 23:36,23:36,2,0,1,35TH AVENUE EAST & JOSEPHINE STREET NORTH,1,3,1,0,1,4,,0,,1,0,0,0,2,4,2,9
,2016_39574,39.738456,-104.9902425,7/15/2016 16:50,16:50,2,0,0,14TH AVENUE WEST & BANNOCK STREET NORTH,1,1,0,0,1,1,,0,35,1,0,0,0,0,4,2,13
,2016_39575,39.738276,-104.9418045,11/1/2016 17:00,17:00,2,0,0,14TH AVENUE EAST & HARRISON STREET NORTH,1,1,0,0,1,1,,0,30,1,0,0,0,1,4,2,13
,2016_39576,39.741678,-104.977584,10/23/2016 23:24,23:24,2,0,1,16TH AVENUE EAST & CLARKSON STREET NORTH,1,3,0,0,1,1,,0,25,1,0,0,0,2,4,3,13
,2016_39577,39.741651,-104.9787315,9/23/2016 16:05,16:05,2,0,0,16TH AVENUE EAST & WASHINGTON STREET NORTH,1,1,0,0,1,1,,0,30,1,0,0,0,0,4,2,13
,2016_39578,39.758409,-105.014457,9/22/2016 8:10,8:10,2,0,1,29TH AVENUE WEST & WYANDOT STREET NORTH,1,1,0,0,1,1,,0,,1,0,0,0,2,4,2,13
,2016_39579,39.801816,-104.7674835,7/16/2016 16:46,16:46,2,0,0,58TH AVENUE 18800 BLOCK EAST & BISCAY STREET NORTH,1,1,3,0,1,4,,0,,1,0,0,0,0,4,2,13
,2016_39581,39.706758,-105.03504,7/16/2016 13:47,13:47,2,0,1,LOWELL BOULEVARD SOUTH & CUSTER PLACE WEST,1,1,0,0,1,1,,0,30,1,0,0,0,2,4,2,13
,2016_39596,39.74598613,-104.9998826,10/24/2016 16:13,16:13,2,0,0,LAWRENCE STREET & 1500 BLOCK,1,1,0,0,1,2,,0,30,1,0,0,0,1,4,2,13
,2016_39597,39.689334,-104.912901,10/14/2016 8:04,8:04,2,0,1,MONACO STREET SOUTH & FLORIDA AVENUE EAST,1,1,0,0,1,1,,0,30,1,0,0,0,2,4,2,14
,2016_39598,39.758355,-105.011802,6/22/2016 11:48,11:48,2,0,0,15TH STREET 2500 BLOCK & BOULDER,1,1,0,0,1,4,,0,35,1,0,0,0,1,4,2,14
,2016_39599,39.760767,-104.9737815,8/8/2016 14:39,14:39,2,0,0,32ND STREET & STOUT STREET,1,1,0,0,1,1,,0,30,1,0,0,0,1,4,2,13
,2016_39600,39.760794,-105.0111405,2/3/2016 17:17,17:17,2,0,0,TEJON STREET NORTH & 31ST AVENUE WEST,5,2,1,0,1,1,,0,30,1,0,0,0,0,4,2,14
,2016_39601,39.775797,-104.978754,7/21/2016 12:36,12:36,14,0,1,WASHINGTON STREET NORTH & RINGSBY COURT,1,1,1,0,1,1,,0,35,0,0,0,0,2,4,2,13
,2016_39602,39.748293,-104.9859135,11/29/2016 18:11,18:11,5,0,1,WELTON STREET 2000 BLOCK & 20TH STREET,1,3,0,0,1,4,,0,30,0,0,0,0,2,4,2,13
,2016_39618,39.69675,-105.0215535,10/4/2016 18:20,18:20,2,0,0,DALE COURT SOUTH & MISSISSIPPI AVENUE WEST,1,2,0,0,1,1,,0,,1,0,0,0,1,4,2,7
,2016_39619,39.733839,-104.9873895,11/11/2016 15:45,15:45,2,0,0,11TH AVENUE EAST & BROADWAY STREET NORTH,1,1,1,0,1,1,,0,30,1,0,0,0,0,4,2,14
,2016_39620,39.74652,-104.9939235,1/19/2016 12:41,12:41,2,0,1,CHAMPA STREET & 16TH STREET,1,1,0,0,1,2,,0,30,1,0,0,0,2,4,2,7
,2016_39621,39.667698,-104.9735025,11/7/2016 9:21,9:21,2,0,1,DOWNING STREET SOUTH & YALE AVENUE EAST,1,1,0,0,1,1,,0,30,1,0,0,0,2,4,2,14
,2016_39622,39.696597,-104.9219055,7/8/2016 15:55,15:55,2,0,0,HOLLY STREET SOUTH & CHERRY CREEK NORTH DRIVE EAST,1,1,0,0,1,1,,0,30,1,0,0,0,1,4,2,3
,2016_39623,39.748257,-104.998662,4/19/2016 18:27,18:27,2,0,0,15TH STREET & LARIMER STREET,1,1,0,0,1,1,,0,,1,0,0,0,0,4,2,13
,2016_39624,39.794148,-104.84226,10/23/2016 17:12,17:12,2,0,1,SCRANTON STREET NORTH & HICKMAN PLACE EAST,1,1,0,0,1,2,,0,25,1,0,0,0,2,4,2,7
,2016_39635,39.732867,-104.9072715,7/9/2016 9:20,9:20,2,0,0,11TH AVENUE EAST & ONEIDA PLACE NORTH,1,1,0,0,1,1,,0,20,1,0,0,0,1,4,2,7
,2016_39636,39.736863,-104.996484,2/9/2016 17:51,17:51,2,0,0,13TH AVENUE & SPEER BOULEVARD,1,3,0,0,1,4,,0,25,1,0,0,0,0,4,2,5
,2016_39637,39.741642,-104.986134,10/27/2016 11:00,11:00,2,0,0,16TH AVENUE EAST & LINCOLN STREET NORTH,1,1,2,0,1,1,,0,30,1,0,0,0,1,4,2,13
,2016_39638,39.680109,-104.9407605,9/17/2016 18:09,18:09,2,0,0,BUCHTEL BOULEVARD 3900 BLOCK EAST & COLORADO BOULEVARD SOUTH,1,1,0,0,1,2,,0,30,1,0,0,0,1,4,2,3
,2016_39639,39.783816,-104.7816855,5/19/2016 8:30,8:30,2,0,1,GREEN VALLEY RANCH BOULEVARD EAST & TELLURIDE STREET NORTH,1,1,0,0,1,1,,0,45,1,0,0,0,2,4,2,1
,2016_39640,39.696705,-104.9991345,9/13/2016 17:10,17:10,3,0,0,MISSISSIPPI AVENUE WEST & JASON STREET SOUTH,2,1,0,0,1,1,,0,35,0,0,0,0,0,4,3,3
,2016_39641,39.75012,-104.9962005,6/24/2016 17:30,17:30,2,0,0,17TH STREET & LARIMER STREET,1,1,0,0,1,3,,0,,1,0,0,0,0,4,2,13
,2016_39659,39.730446,-104.9729625,9/8/2016 22:35,22:35,2,0,1,NINTH AVENUE EAST & DOWNING STREET NORTH,1,3,0,0,1,1,,0,30,1,0,0,0,2,4,2,13
,2016_39660,39.754593,-104.880852,11/8/2016 17:52,17:52,2,0,0,26TH AVENUE EAST & BEELER STREET NORTH,1,4,0,0,1,1,,0,25,1,0,0,0,1,4,2,14
,2016_39661,39.750786,-104.9970735,5/22/2016 1:09,1:09,2,0,0,MARKET STREET & 17TH STREET,1,3,0,0,1,4,,0,30,1,0,0,0,1,4,3,2
,2016_39662,39.744495,-104.991291,10/23/2016 21:10,21:10,2,0,0,16TH STREET & WELTON STREET,1,3,0,0,1,1,,0,,1,0,0,0,0,4,2,13
,2016_39674,39.729231,-104.922801,9/10/2016 14:14,14:14,2,0,0,HOLLY STREET NORTH & EIGHTH AVENUE EAST,1,1,0,0,1,1,,0,30,1,0,0,0,1,4,2,4
,2016_39675,39.742002,-104.99283,9/16/2016 16:36,16:36,2,0,0,14TH STREET & GLENARM PLACE,1,1,0,0,1,1,,0,30,1,0,0,0,1,4,2,13
,2016_39676,39.741633,-104.969691,12/11/2016 17:08,17:08,2,0,0,16TH AVENUE & HUMBOLDT STREET,1,1,0,0,1,3,,0,60,1,0,0,0,0,4,2,13
,2016_39677,39.758409,-105.0158835,6/25/2016 16:36,16:36,2,0,0,29TH AVENUE WEST & ZUNI STREET NORTH,1,1,0,0,1,1,,0,30,1,0,0,0,0,4,2,13
,2016_39678,39.738456,-104.9902425,7/28/2016 14:30,14:30,2,0,0,BANNOCK STREET NORTH & 14TH AVENUE,1,1,0,0,1,2,,0,25,1,0,0,0,0,4,2,13
,2016_39679,39.678498,-104.987565,10/25/2016 17:35,17:35,2,0,0,BROADWAY & EVANS AVENUE EAST,1,1,1,0,1,2,,0,35,1,0,0,0,1,4,2,13
,2016_39680,39.757464,-104.9815215,6/15/2016 19:46,19:46,2,0,1,CURTIS STREET & 27TH STREET,1,1,0,0,1,1,,0,25,1,0,0,0,2,4,2,13
,2016_39681,39.680307,-104.9687235,6/15/2016 11:20,11:20,2,0,0,FRANKLIN STREET SOUTH & ASBURY AVENUE EAST,1,1,0,0,1,1,,0,25,1,0,0,0,0,4,2,13
,2016_39682,39.744882,-104.99427,10/27/2016 18:10,18:10,2,0,0,15TH STREET & STOUT STREET,1,1,0,0,1,2,,0,25,1,0,0,0,1,4,2,13
,2016_39683,39.752262,-104.991804,11/4/2016 22:05,22:05,2,0,0,20TH STREET & LAWRENCE STREET,1,3,0,0,1,1,,0,30,1,0,0,0,0,4,2,13
,2016_39700,39.735144,-104.9741325,7/18/2016 12:53,12:53,2,0,0,12TH AVENUE & CORONA STREET NORTH,1,1,0,0,1,1,,0,30,1,0,0,0,1,4,2,13
,2016_39701,39.743244,-104.986107,3/4/2016 13:00,13:00,2,0,1,17TH AVENUE EAST & LINCOLN STREET NORTH,1,1,0,0,1,1,,0,30,1,0,0,0,2,4,2,13
,2016_39702,39.700386,-105.027543,12/15/2016 15:26,15:26,2,0,0,KENTUCKY AVENUE & HAZEL COURT SOUTH,1,1,0,0,1,1,,0,25,1,0,0,0,1,4,2,7
,2016_39715,39.789234,-105.0345855,3/5/2016 15:00,15:00,2,0,0,51ST AVENUE WEST & LOWELL BOULEVARD NORTH,1,1,0,0,1,1,,0,30,1,0,0,0,0,4,2,16
,2016_39716,39.772962,-104.975442,11/4/2016 8:38,8:38,2,0,1,BRIGHTON BOULEVARD NORTH & 38TH STREET EAST,1,1,0,0,1,1,,0,30,1,0,0,0,2,4,2,13
,2016_39717,39.714435,-104.972742,5/9/2016 7:59,7:59,2,0,1,MARION STREET & BAYAUD AVENUE EAST,1,1,0,0,1,4,,0,25,1,0,0,0,2,4,2,13
,2016_39718,39.762018,-104.9258115,10/20/2016 17:33,17:33,2,0,1,MLK BOULEVARD & GLENCOE STREET NORTH,1,1,0,0,1,1,,0,35,1,0,0,0,2,4,2,13
,2016_39719,39.762306,-104.9805405,4/26/2016 15:58,15:58,2,0,0,30TH STREET & LARIMER STREET,2,1,0,1,1,1,,0,30,1,0,0,0,0,4,3,13
,2016_39733,39.75948,-104.959782,9/27/2016 11:05,11:05,2,0,1,30TH AVENUE EAST & YORK STREET NORTH,1,1,0,0,1,4,,0,,1,0,0,0,2,4,2,3
,2016_39734,39.71115,-104.987592,10/10/2016 14:40,14:40,2,0,1,BROADWAY SOUTH & ALAMEDA AVENUE WEST,1,1,0,0,1,1,,0,30,1,0,0,0,2,4,2,1
,2016_39735,39.730446,-104.9729625,9/5/2016 18:00,18:00,2,0,1,NINTH AVENUE EAST & DOWNING STREET NORTH,1,1,0,0,1,1,,0,,1,0,0,0,2,4,2,13
,2016_39736,39.735243,-104.9873805,3/4/2016 17:15,17:15,2,0,0,12TH AVENUE EAST & BROADWAY STREET NORTH,1,1,0,0,1,1,,0,30,1,0,0,0,0,4,2,13
,2016_39737,39.759498,-104.90346,5/15/2016 15:28,15:28,2,0,0,29TH DRIVE EAST & QUEBEC STREET NORTH,1,1,0,0,1,3,,0,35,1,0,0,0,0,4,2,13
,2016_39738,39.747429,-104.9128245,10/10/2016 14:19,14:19,2,0,1,MONTVIEW BOULEVARD EAST & MONACO STREET NORTH,1,1,0,0,1,1,,0,30,1,0,0,0,2,4,2,13
,2016_39739,39.748932,-105.001254,4/20/2016 17:31,17:31,2,0,0,14TH STREET & BLAKE STREET,1,1,0,0,1,4,,0,30,1,0,0,0,0,4,2,13
,2016_39740,39.741606,-104.98995,5/25/2016 8:25,8:25,2,0,0,15TH STREET & COURT PLACE,1,1,0,0,1,4,,0,25,1,0,0,0,1,4,2,13
,2016_39757,39.684708,-104.965074,8/31/2016 7:32,7:32,2,0,1,BUCHTEL BOULEVARD EAST & HIGH STREET SOUTH,1,1,0,0,1,1,,0,,1,0,0,0,2,4,2,13
,2016_39758,39.750417,-104.8856445,8/31/2016 8:21,8:21,2,0,0,23RD AVENUE EAST & XENIA STREET NORTH,1,1,0,0,1,1,,0,,1,0,0,0,0,4,2,13
,2016_39759,39.741606,-104.9647635,10/30/2016 13:00,13:00,2,0,0,16TH AVENUE EAST & HIGH STREET NORTH,1,1,0,0,1,1,,0,30,1,0,0,0,1,4,2,3
,2016_39760,39.684987,-104.9035905,5/3/2016 13:32,13:32,2,0,1,CHERRY CREEK SOUTH DRIVE & QUEBEC STREET SOUTH,1,1,0,0,1,1,,0,30,1,0,0,0,2,4,2,7
,2016_39761,39.678435,-104.912892,12/23/2016 6:20,6:20,2,0,0,EVANS AVENUE EAST & MONACO STREET SOUTH,1,3,0,0,1,3,,0,65,1,0,0,0,0,4,2,13
,2016_39762,39.713373,-105.032484,3/10/2016 8:19,8:19,2,0,1,KNOX COURT SOUTH & CEDAR AVENUE WEST,1,1,1,0,1,1,,0,30,1,0,0,0,2,4,2,3
,2016_39764,39.74853099,-104.9964266,5/5/2016 18:00,18:00,2,0,0,LAWRENCE STREET 1600 BLOCK & 17TH STREET,1,1,0,0,1,2,,0,30,1,0,0,0,1,4,2,8
,2016_39765,39.716496,-104.9791545,7/13/2016 18:41,18:41,2,0,0,WASHINGTON STREET 51 NORTH & ELLSWORTH AVENUE EAST,1,1,0,0,1,2,,0,25,1,0,0,0,1,4,2,13
,2016_39782,39.724101,-104.995197,7/8/2016 9:14,9:14,2,0,1,FIFTH AVENUE 700 BLOCK WEST & FOX STREET NORTH,1,1,0,0,1,5,,0,25,1,0,0,0,2,4,2,13
,2016_39783,39.735108,-104.946174,8/11/2016 19:50,19:50,2,0,1,12TH AVENUE EAST & MADISON STREET NORTH,1,1,0,0,1,1,,0,25,1,0,0,0,2,4,2,1
,2016_39784,39.735162,-104.971824,8/14/2016 18:00,18:00,2,0,1,12TH AVENUE EAST & MARION STREET NORTH,1,1,0,0,1,1,,0,,1,0,0,0,2,4,2,13
,2016_39785,39.747501,-104.9861115,10/26/2016 7:41,7:41,2,0,0,20TH AVENUE EAST & LINCOLN STREET NORTH,1,1,0,0,1,1,,0,35,1,0,0,0,0,4,2,1
,2016_39786,39.732021,-104.98617,5/27/2016 21:38,21:38,2,0,0,LINCOLN STREET NORTH & 10TH AVENUE EAST,1,3,0,0,1,1,,0,35,1,0,0,0,1,4,2,13
,2016_39788,39.63411,-105.034761,6/9/2016 7:35,7:35,2,0,1,LOWELL BOULEVARD SOUTH & TUFTS AVENUE WEST,1,1,1,0,1,2,,0,25,1,0,0,0,2,4,2,1
,2016_39789,39.762018,-104.968404,6/15/2016 7:49,7:49,2,0,0,MLK BOULEVARD & FRANKLIN STREET NORTH,1,1,1,0,1,1,,0,25,1,0,0,0,0,4,2,13
,2016_39790,39.755745,-104.989014,6/20/2016 18:13,18:13,2,0,0,PARK AVENUE WEST & LARIMER STREET,1,1,0,0,1,1,,0,35,1,0,0,0,1,4,2,13
,2016_39791,39.756456,-105.0093135,10/22/2016 21:30,21:30,2,0,1,15TH STREET & PLATTE STREET,1,3,1,0,1,4,,0,25,1,0,0,0,2,4,2,6
,2016_39810,39.735144,-104.9823225,10/5/2016 7:56,7:56,2,0,0,12TH AVENUE EAST & LOGAN STREET NORTH,1,1,0,0,1,1,,0,30,1,0,0,0,0,4,2,7
,2016_39811,39.734757,-105.032151,6/5/2016 20:30,20:30,2,0,1,12TH AVENUE WEST & KNOX COURT NORTH,1,2,0,0,1,1,,0,30,1,0,0,0,2,4,2,13
,2016_39812,39.754692,-104.926995,5/17/2016 7:41,7:41,2,0,1,26TH AVENUE EAST & FOREST STREET NORTH,2,1,0,1,1,1,,0,25,1,0,0,0,2,4,2,13
,2016_39813,39.754476,-104.965956,5/25/2016 17:30,17:30,2,0,0,26TH AVENUE EAST & WILLIAMS STREET NORTH,1,1,0,0,1,1,,0,30,1,0,0,0,1,4,2,7
,2016_39814,39.753711,-104.98635,5/9/2016 17:15,17:15,2,0,0,CURTIS STREET & PARK AVENUE WEST,1,1,0,0,1,1,,0,35,1,0,0,0,0,4,2,13
,2016_39815,39.689325,-104.930532,7/8/2016 17:42,17:42,2,0,0,EUDORA STREET SOUTH & FLORIDA AVENUE EAST,1,1,1,0,1,1,,0,25,1,0,0,0,0,4,2,14
,2016_39816,39.682125,-104.9863545,5/10/2016 8:10,8:10,2,0,1,JEWELL AVENUE EAST & LINCOLN STREET SOUTH,1,1,1,0,1,1,,0,25,1,0,0,0,2,4,2,13
,2016_39818,39.700404,-105.0481305,10/26/2016 16:43,16:43,2,0,1,KENTUCKY AVENUE WEST & MORRISON ROAD,1,1,0,0,1,1,,0,35,1,0,0,0,2,4,2,7
,2016_39819,39.724533,-105.0394635,12/28/2016 16:15,16:15,2,0,1,PERRY STREET NORTH & FIFTH AVENUE WEST,1,1,1,0,1,3,,0,,1,0,0,0,2,4,2,1
,2016_39820,39.730446,-104.984865,7/15/2016 17:05,17:05,2,0,1,SHERMAN STREET NORTH & NINTH AVENUE EAST,1,1,0,0,1,4,,0,20,1,0,0,0,2,4,2,14
,2016_39821,39.78875689,-104.9499343,7/14/2016 7:26,7:26,2,0,1,STEELE STREET & 200 BLOCK SOUTH,1,1,0,0,1,3,,0,25,1,0,0,0,2,4,2,1
,2016_39822,39.725586,-104.965857,4/27/2016 17:42,17:42,2,0,1,WILLIAMS STREET NORTH & SIXTH AVENUE EAST,1,1,1,0,1,1,,0,25,1,0,0,0,2,4,2,1
,2016_39832,39.777669,-104.95827,8/27/2016 18:37,18:37,2,0,0,44TH AVENUE EAST & JOSEPHINE STREET NORTH,1,1,0,0,1,1,,0,30,1,0,0,0,0,4,2,13
,2016_39833,39.747339,-104.9874345,10/1/2016 0:50,0:50,2,0,1,BROADWAY NORTH & WELTON STREET,1,3,0,0,1,4,,0,,1,0,0,0,2,4,2,13
,2016_39834,39.729321,-105.0139935,10/12/2016 7:57,7:57,2,0,0,EIGHTH AVENUE WEST & WYANDOT STREET NORTH,2,1,0,1,1,1,,0,,1,0,0,0,1,4,2,7
,2016_39835,39.73383,-104.988843,3/2/2016 16:44,16:44,2,0,0,11TH AVENUE & ACOMA STREET NORTH,1,1,0,0,1,1,,0,25,1,0,0,0,1,4,2,13
,2016_39836,39.774105,-104.882778,8/1/2016 17:10,17:10,2,0,1,40TH AVENUE EAST & CENTRAL PARK BOULEVARD,1,1,0,0,1,1,,0,40,1,0,0,0,2,4,2,13
,2016_39837,39.706731,-105.039144,5/15/2016 11:47,11:47,2,0,1,PATTON COURT SOUTH & MORRISON ROAD,1,1,1,0,1,1,,0,25,1,0,0,0,2,4,2,13
,2016_39838,39.765843,-104.988492,7/21/2016 16:30,16:30,2,0,0,29TH STREET & ARKINS COURT,1,1,1,0,1,3,,0,30,1,0,0,0,1,4,2,1
,2016_39854,39.763233,-105.011235,9/9/2016 16:28,16:28,2,0,0,TEJON STREET NORTH & 33RD AVENUE WEST,1,1,1,0,1,1,,0,,1,0,0,0,0,4,2,13
,2016_39855,39.727251,-104.9788035,10/18/2016 19:00,19:00,2,0,1,SEVENTH AVENUE 600 BLOCK EAST & WASHINGTON STREET NORTH,1,3,0,0,1,5,,0,25,1,0,0,0,2,4,2,13
,2016_39856,39.762009,-105.01317,3/13/2016 13:25,13:25,2,0,0,32ND AVENUE WEST & VALLEJO STREET NORTH,1,1,0,0,1,1,,0,25,1,0,0,0,0,4,2,13
,2016_39857,39.759489,-104.9876505,6/15/2016 17:24,17:24,2,0,0,BROADWAY NORTH & BLAKE STREET,1,1,0,0,1,1,,0,30,1,0,0,0,0,4,2,13
,2016_39858,39.718278,-104.973777,8/24/2016 8:00,8:00,2,0,1,DOWNING STREET NORTH & SPEER BOULEVARD EAST,1,1,1,0,1,1,,0,30,1,0,0,0,2,4,2,13
,2016_39859,39.745566,-104.995152,8/26/2016 10:56,10:56,2,0,0,15TH STREET & CHAMPA STREET,1,1,0,0,1,1,,0,,1,0,0,0,0,4,2,13
,2016_39860,39.736863,-104.996484,10/18/2016 20:53,20:53,2,0,1,SPEER BOULEVARD NORTH & 13TH AVENUE WEST,1,4,0,0,1,1,,0,30,1,0,0,0,2,4,2,13
,2016_39873,39.707478,-104.9792625,9/22/2016 8:10,8:10,2,0,0,WASHINGTON STREET SOUTH & VIRGINIA AVENUE EAST,1,1,1,0,1,1,,0,,1,0,0,0,0,4,2,13
,2016_39874,39.777993,-104.7720735,9/15/2016 7:30,7:30,2,0,1,45TH AVENUE EAST & TOWER ROAD NORTH,1,1,0,0,1,1,,0,40,1,0,0,0,2,4,2,13
,2016_39875,39.691134,-104.931702,6/16/2016 15:28,15:28,2,0,1,ARKANSAS AVENUE EAST & DAHLIA STREET SOUTH,1,1,0,1,1,1,,0,25,1,0,0,0,2,4,2,14
,2016_39876,39.746529,-104.9936625,5/4/2016 12:21,12:21,2,0,0,CHAMPA STREET 1600 BLOCK & 16TH STREET,1,1,0,0,1,2,,0,30,1,0,0,0,0,4,2,13
,2016_39877,39.682269,-105.0479955,8/14/2016 10:37,10:37,2,0,1,JEWELL AVENUE WEST & WOLFF STREET SOUTH,1,1,0,0,1,1,,0,15,1,0,0,0,2,4,2,13
,2016_39878,39.693015,-104.9827815,7/25/2016 7:23,7:23,2,0,1,LOUISIANA AVENUE EAST & LOGAN STREET SOUTH,1,1,0,0,1,1,,0,30,1,0,0,0,2,4,2,13
,2016_39879,39.751002,-104.903442,5/2/2016 7:39,7:39,2,0,0,23RD AVENUE EAST & QUEBEC STREET NORTH,1,1,0,0,1,1,,0,35,1,0,0,0,0,4,2,13
,2016_39891,39.743739,-104.9408145,8/31/2016 21:00,21:00,2,0,0,17TH AVENUE EAST & COLORADO BOULEVARD NORTH,1,3,0,0,1,1,,0,30,1,0,0,0,0,4,2,8
,2016_39892,39.74697,-104.987412,3/7/2016 7:51,7:51,2,0,1,BROADWAY & 19TH STREET,1,1,0,0,1,2,,0,15,1,0,0,0,2,4,2,13
,2016_39893,39.75927337,-105.0080877,10/16/2016 17:15,17:15,2,0,0,CENTRAL STREET & 1600 BLOCK,1,2,0,0,1,4,,0,30,1,0,0,0,1,4,2,13
,2016_39894,39.678498,-104.9699115,12/28/2016 13:00,13:00,2,0,1,EVANS AVENUE & HUMBOLDT STREET SOUTH,1,1,0,0,1,4,,0,35,1,0,0,0,2,4,2,1
,2016_39895,39.674853,-104.967585,11/15/2016 8:15,8:15,2,0,1,GILPIN STREET SOUTH & ILIFF AVENUE EAST,1,1,0,0,1,1,,0,30,1,0,0,0,2,4,2,14
,2016_39896,39.758445,-105.0213735,3/1/2016 16:19,16:19,2,0,1,SPEER BOULEVARD NORTH & 29TH AVENUE WEST,1,1,1,0,1,1,,0,30,1,0,0,0,2,4,2,16
,2016_39897,39.632904,-104.900391,11/11/2016 7:40,7:40,2,0,0,ULSTER STREET SOUTH & TECHNOLOGY WAY EAST,1,1,1,0,1,4,,0,35,1,0,0,0,1,4,2,14
,2016_39911,39.735162,-104.971824,5/11/2016 19:55,19:55,2,0,1,12TH AVENUE EAST & MARION STREET NORTH,1,1,0,0,1,1,,0,30,1,0,0,0,2,4,2,13
,2016_39912,39.736863,-104.981085,8/20/2016 18:18,18:18,2,0,0,13TH AVENUE EAST & PENNSYLVANIA STREET,1,1,0,1,1,1,,0,30,1,0,0,0,0,4,2,14
,2016_39913,39.741606,-104.9591925,4/6/2016 7:24,7:24,2,0,0,16TH AVENUE EAST & JOSEPHINE STREET,1,1,0,0,1,2,,0,25,1,0,0,0,1,4,2,7
,2016_39914,39.743784,-104.9500395,10/31/2016 4:45,4:45,2,0,0,17TH AVENUE EAST & STEELE STREET NORTH,1,3,0,0,1,1,,0,30,1,0,0,0,1,4,2,13
,2016_39915,39.744846,-104.9734035,8/3/2016 6:27,6:27,2,0,0,18TH AVENUE EAST & DOWNING STREET NORTH,1,1,0,0,1,1,,0,30,1,0,0,0,1,4,2,14
,2016_39916,39.756159,-104.88744,4/25/2016 16:19,16:19,2,0,1,28TH AVENUE EAST & XANTHIA STREET NORTH,1,1,0,0,1,1,,0,25,1,0,0,0,2,4,2,14
,2016_39917,39.7656,-104.9318235,7/12/2016 7:22,7:22,2,0,0,35TH AVENUE EAST & DAHLIA STREET NORTH,1,1,0,0,1,1,,0,25,1,0,0,0,1,4,2,13
,2016_39918,39.77255,-104.829971,11/3/2016 10:45,10:45,5,0,0,I70 & I225 WB FLYOVER RAMP,1,1,0,0,1,4,,0,55,0,0,0,0,0,1,1,1
,2016_39919,39.73203,-104.987403,2/15/2016 17:30,17:30,2,0,0,BROADWAY & 10TH AVENUE EAST,1,1,0,0,1,2,,0,25,1,0,0,0,1,4,2,13
,2016_39920,39.750543,-104.9991615,4/23/2016 11:32,11:32,2,0,0,16TH STREET & BLAKE STREET,1,1,0,0,1,1,,0,5,1,0,0,0,0,4,2,13
,2016_39921,39.74001,-104.99202,7/13/2016 15:35,15:35,2,0,0,TEJON STREET NORTH & 4000 BLOCK NORTH,1,1,1,0,1,4,,0,25,1,0,0,0,1,4,2,3
,2016_39935,39.73383,-104.984874,9/1/2016 7:32,7:32,2,0,1,11TH AVENUE EAST & SHERMAN STREET NORTH,1,1,0,0,1,1,,0,30,1,0,0,0,2,4,2,13