id,drcog_id,latitude,longitude,crashtime,time,crashtype,numbkilled,numbinjurd,drcoglocat,rdconditin,lightngcon,roadcntgrd,weatherco,location,roaddescrp,schoolzone,constrzone,splimit,bikeinv,pedinv,sctrinv,motoinv,svrty,rdsystem,ttlvehcls,hcf
,2016_39936,39.741597,-104.9598135,10/4/2016 17:15,17:15,2,0,0,16TH AVENUE EAST & YORK STREET NORTH,1,1,0,0,1,1,,0,30,1,0,0,0,1,4,2,3
,2016_39937,39.727305,-104.9986125,11/26/2016 19:18,19:18,2,0,0,SEVENTH AVENUE 800 BLOCK WEST & SANTA FE DRIVE NORTH,1,4,0,0,1,4,,0,35,1,0,0,0,1,4,2,13
,2016_39938,39.77289,-104.9464035,6/6/2016 16:20,16:20,2,0,1,40TH AVENUE EAST & MADISON STREET NORTH,1,1,1,0,1,1,,0,35,1,0,0,0,2,4,2,13
,2016_39939,39.74598,-104.9980725,12/19/2016 15:40,15:40,2,0,1,ARAPAHOE STREET & 14TH STREET,6,1,1,0,1,1,,0,30,1,0,0,0,2,4,2,14
,2016_39940,39.757653,-104.998635,6/4/2016 14:10,14:10,2,0,0,CHESTNUT PLACE & 20TH STREET,1,1,0,0,1,3,,0,30,1,0,0,0,1,4,2,13
,2016_39941,39.682287,-105.020343,9/22/2016 7:45,7:45,2,0,0,CLAY STREET SOUTH & JEWELL AVENUE WEST,1,1,0,0,1,1,,0,,1,0,0,0,1,4,2,13
,2016_39943,39.743388,-104.987394,7/2/2016 10:27,10:27,2,0,0,COURT PLACE & BROADWAY NORTH,2,1,0,0,1,1,,0,35,1,0,0,0,1,4,2,14
,2016_39944,39.790206,-104.9825025,9/1/2016 13:40,13:40,2,0,0,LOGAN STREET 5100 BLOCK NORTH & 52ND AVENUE WEST,1,1,0,0,1,2,,0,,1,0,0,0,0,4,3,13
,2016_39945,39.726594,-104.9874165,9/26/2016 0:00,0:00,2,0,1,SPEER 600 BLOCK NORTH & BROADWAY STREET NORTH,1,2,0,0,1,4,,0,,1,0,0,0,2,4,2,13
,2016_39950,39.711105,-104.9745645,9/13/2016 16:50,16:50,2,0,0,CORONA STREET SOUTH & ALAMEDA AVENUE EAST,2,1,0,0,1,1,,0,25,1,0,0,0,1,4,2,13
,2016_39951,39.729303,-105.015033,7/5/2016 18:24,18:24,2,0,1,EIGHTH AVENUE & ALBIONASH ALLEY,1,5,1,0,1,5,,0,25,1,0,0,0,2,4,2,3
,2016_39952,39.74124606,-104.9672163,12/2/2016 18:50,18:50,2,0,1,12TH AVENUE EAST & GILPIN STREET NORTH,1,3,0,0,1,1,,0,5,1,0,0,0,2,4,2,13
,2016_39953,39.741669,-104.9848245,3/16/2016 7:00,7:00,2,0,0,16TH AVENUE 100 BLOCK EAST & SHERMAN STREET NORTH,1,2,0,0,1,2,,0,30,1,0,0,0,1,4,2,13
,2016_39954,39.747555,-104.981094,1/26/2016 5:15,5:15,2,0,0,20TH AVENUE EAST & PENNSYLVANIA STREET NORTH,1,3,0,0,1,1,,0,25,1,0,0,0,1,4,2,13
,2016_39956,39.780252,-105.023943,5/5/2016 20:24,20:24,2,0,0,46TH AVENUE WEST & ELIOT STREET NORTH,1,3,0,0,1,1,,0,25,1,0,0,0,1,4,2,3
,2016_39957,39.701988,-104.983956,7/1/2016 20:25,20:25,2,0,0,GRANT STREET 800 BLOCK SOUTH & OHIO AVENUE EAST,1,2,0,0,1,4,,0,30,1,0,0,0,1,4,2,3
,2016_39958,39.730464,-104.970636,5/20/2016 8:28,8:28,2,0,1,LAFAYETTE STREET NORTH & NINTH AVENUE EAST,1,1,0,0,1,1,,0,25,1,0,0,0,2,4,2,14
,2016_39959,39.748122,-104.993595,1/21/2016 13:58,13:58,2,0,0,17TH STREET & CURTIS STREET,1,1,0,0,1,1,,0,30,1,0,0,0,0,4,2,13
,2016_39963,39.74853188,-105.0063171,7/20/2016 15:24,15:24,2,0,0,CHOPPER CIRCLE & 1000 CHOPPER COUNTY ROAD,1,1,0,0,1,1,,0,,1,0,0,0,0,4,2,13
,2016_39970,39.694691,-104.9814487,8/2/2016 7:30,7:30,12,0,0,I25 & WASHINGTON STREET SOUTH,1,1,0,0,1,4,,0,50,0,0,0,0,0,1,2,3
,2016_39971,39.781424,-104.9928576,4/9/2016 16:13,16:13,5,0,1,I25 NORTHBOUND ON RAMP & I70 EASTBOUND,1,1,0,0,2,14,,0,55,0,0,0,1,3,1,1,7
,2016_39973,39.6732699,-105.0272398,11/21/2016 15:41,15:41,12,0,0,FEDERAL BOULEVARD SOUTH & HARVARD AVENUE WEST,1,1,0,0,1,3,,0,10,0,0,0,0,1,2,2,7
,2016_39974,39.6732699,-105.0272398,10/18/2016 7:54,7:54,15,0,0,FEDERAL BOULEVARD SOUTH & HARVARD AVENUE,1,1,0,0,1,1,,0,40,0,0,0,0,0,2,2,13
,2016_39977,39.749995,-105.0259848,6/17/2016 18:20,18:20,12,0,0,FEDERAL BOULEVARD NORTH & 22ND AVENUE WEST,1,1,0,0,1,1,,0,35,0,0,0,0,0,2,3,13
,2016_39978,39.778371,-104.9046364,3/23/2016 21:20,21:20,5,0,0,I70 & QUEBEC STREET,5,3,1,2,3,4,,0,55,0,0,0,0,0,1,4,7
,2016_39981,39.77696602,-104.8863768,11/1/2016 19:59,19:59,12,0,0,I270 & MM 5.06,1,4,0,0,1,4,,0,55,0,0,0,0,0,1,2,13
,2016_40007,39.69655242,-104.8946664,10/22/2016 22:30,22:30,15,0,3,MISSISSIPPI AVENUE & TAMARAC STREET SOUTH,1,3,0,0,1,2,,0,35,0,0,0,0,3,4,2,7
,2016_40009,39.7981332,-104.8284219,3/23/2016 12:05,12:05,12,0,1,56TH AVENUE & 9600 BLOCK EAST,5,3,1,0,1,3,,0,45,0,0,0,0,3,4,2,13
,2016_40013,39.79822349,-104.8500013,8/24/2016 16:14,16:14,12,0,1,56TH AVENUE EAST & OSWEGO STREET NORTH,2,1,0,0,1,4,,0,40,0,0,0,0,3,4,2,13
,2016_40029,39.66772164,-105.081152,10/1/2016 14:50,14:50,1,0,4,WADSWORTH BOULEVARD & YALE AVENUE WEST,1,1,0,0,1,1,,0,45,0,0,0,0,3,2,2,13
,2016_40038,39.6529644,-105.0666882,9/27/2016 19:53,19:53,11,0,1,KENDALL STREET & 3500 BLOCK SOUTH KENDALL STREET,1,3,0,0,1,4,,0,,0,1,0,0,3,4,2,13
,2016_40039,39.71835971,-105.0532109,12/16/2016 10:55,10:55,11,0,1,FIRST AVENUE WEST & SHERIDAN BOULEVARD NORTH,1,1,1,0,1,1,,0,35,0,1,0,0,3,2,2,13
,2016_40040,39.71834753,-105.0531953,5/22/2016 1:48,1:48,11,0,1,SHERIDAN BOULEVARD NORTH & FIRST AVENUE WEST,1,3,0,0,1,1,,0,,0,1,0,0,3,2,2,13
,2016_40043,39.74032573,-105.0531526,1/11/2016 18:37,18:37,11,0,1,SHERIDAN BOULEVARD NORTH & COLFAX AVENUE WEST,1,3,0,0,1,1,,0,30,0,1,0,0,3,2,2,13
,2016_40044,39.74033518,-105.0531541,7/26/2016 1:04,1:04,11,0,1,SHERIDAN BOULEVARD NORTH & COLFAX AVENUE WEST,1,3,0,0,1,4,,0,,0,1,0,0,3,2,2,13
,2016_40045,39.71858062,-105.0531601,3/2/2016 16:43,16:43,11,0,1,SHERIDAN BOULEVARD NORTH & FIRST AVENUE WEST,1,1,0,0,1,3,,0,,0,1,0,0,3,2,2,13
,2016_40046,39.74018204,-104.8848001,3/18/2016 21:00,21:00,11,0,1,COLFAX AVENUE EAST & YOSEMITE STREET NORTH,1,3,0,0,1,1,,0,30,0,1,0,0,3,2,2,1
,2016_40049,39.7535677,-105.0531569,1/14/2016 20:34,20:34,6,0,2,SHERIDAN BOULEVARD & 2517 NORTH,1,3,1,0,6,4,,0,35,0,0,0,0,3,2,4,9
,2016_40050,39.70454383,-105.0531499,12/19/2016 6:52,6:52,8,0,2,SHERIDAN BOULEVARD 600 BLOCK SOUTH & GILL PLACE WEST,5,2,1,0,1,1,,0,35,0,0,0,0,3,2,3,7
,2016_40051,39.75302911,-105.05318,12/3/2016 14:15,14:15,1,0,1,SHERIDAN BOULEVARD NORTH & BYRON PLACE WEST,1,1,0,0,1,1,,0,35,0,0,0,0,3,2,2,13
,2016_40052,39.74397149,-105.0530142,1/29/2016 22:49,22:49,12,0,2,SHERIDAN BOULEVARD NORTH & 17TH AVENUE WEST,1,3,1,0,1,1,,0,35,0,0,0,0,3,2,3,5
,2016_40054,39.76209595,-105.0530882,3/29/2016 17:08,17:08,3,0,1,SHERIDAN BOULEVARD NORTH & WEST 32ND AVENUE,1,1,1,0,1,1,,0,35,0,0,0,0,3,2,3,13
,2016_40056,39.70043759,-105.0520986,2/8/2016 0:50,0:50,3,0,3,SHERIDAN BOULEVARD SOUTH & KENTUCKY AVENUE WEST,1,3,0,0,1,2,,0,35,0,0,0,0,3,2,2,14
,2016_40058,39.76209938,-105.0529162,7/15/2016 22:56,22:56,3,0,1,SHERIDAN BOULEVARD NORTH & 32ND AVENUE WEST,1,3,1,0,1,1,,0,40,0,0,0,0,3,2,3,13
,2016_40083,39.69629,-104.897364,7/12/2016 18:32,18:32,12,0,0,PARKER ROAD SOUTH & MISSISSIPPI AVENUE EAST,1,1,0,0,1,3,,0,45,0,0,0,0,0,2,2,3
,2016_40118,39.667733,-105.081421,3/24/2016 16:28,16:28,12,0,0,WADSWORTH BOULEVARD SOUTH & YALE AVENUE WEST,1,1,1,0,1,1,,0,45,0,0,0,0,0,2,2,14
,2016_40119,39.667869,-105.081418,3/8/2016 8:56,8:56,12,0,0,WADSWORTH BOULEVARD SOUTH & YALE AVENUE WEST,1,1,1,0,1,3,,0,45,0,0,0,0,0,2,2,10
,2016_40156,39.67476,-104.870723,3/12/2016 22:00,22:00,15,0,0,PARKER ROAD SOUTH & ILIFF AVENUE EAST,1,3,0,0,1,1,,0,45,0,0,0,0,0,2,2,7
,2016_40158,39.790899,-105.053234,10/25/2016 19:11,19:11,12,0,0,SHERIDAN BOULEVARD NORTH & 52ND AVENUE WEST,1,3,1,0,1,1,,0,35,0,0,0,0,0,2,2,3
,2016_40159,39.791053,-105.053233,6/7/2016 20:34,20:34,12,0,0,SHERIDAN BOULEVARD & 52ND AVENUE,1,1,0,0,1,4,,0,40,0,0,0,0,0,2,3,13
,2016_40168,39.665707,-105.081432,12/19/2016 8:59,8:59,12,0,0,WADSWORTH BOULEVARD & AMHERST AVENUE WEST,5,1,0,0,1,3,,0,45,0,0,0,0,0,2,2,7
,2016_40178,39.698614,-104.903606,9/14/2016 8:20,8:20,5,0,0,LEETSDALE STREET WEST & QUEBEC STREET,1,1,0,0,3,3,,0,45,0,0,0,0,0,2,2,3
,2016_40217,39.697686,-104.901149,1/17/2016 16:04,16:04,3,0,0,PARKER ROAD & 1039 SOUTH,1,1,1,0,1,2,,0,40,0,0,0,0,0,2,2,16
,2016_40219,39.790899,-105.053234,3/23/2016 8:55,8:55,3,0,0,52ND AVENUE WEST & SHERIDAN BOULEVARD NORTH,5,1,0,2,1,1,,0,35,0,0,0,0,0,2,2,14
,2016_40250,39.667733,-105.081421,12/3/2016 10:44,10:44,3,0,0,WADSWORTH BOULEVARD & YALE AVENUE WEST,1,1,0,0,1,1,,0,45,0,0,0,0,0,2,2,14
,2016_40271,39.67476,-104.870723,2/29/2016 8:25,8:25,1,0,0,ILIFF AVENUE EAST & PARKER ROAD SOUTH,1,1,0,0,1,1,,0,40,0,0,0,0,1,2,2,13
,2016_40276,39.667733,-105.081421,1/11/2016 12:42,12:42,1,0,0,WADSWORTH BOULEVARD SOUTH & YALE AVENUE WEST,1,1,1,0,1,1,,0,45,0,0,0,0,0,2,2,13
,2016_40295,39.66905,-105.081394,1/21/2016 20:25,20:25,5,0,0,WADSWORTH BOULEVARD SOUTH & 2638 SOUTH WADSWORTH BOULEVARD,1,3,1,0,3,4,,0,35,0,0,0,0,0,2,1,14
,2016_40349,39.67476,-104.870723,3/26/2016 21:45,21:45,12,0,0,ILIFF AVENUE EAST & PARKER ROAD,1,3,0,0,1,1,,0,40,0,0,0,0,0,2,2,13
,2016_40446,39.737037,-105.053215,5/26/2016 13:05,13:05,15,0,0,SHERIDAN BOULEVARD & 1300 BLOCK NORTH,1,1,1,0,1,4,,0,35,0,0,0,0,0,2,2,13
,2016_40456,39.666648,-105.081427,12/6/2016 7:46,7:46,3,0,0,WADSWORTH BOULEVARD SOUTH & YALE AVENUE WEST,1,1,0,0,1,2,,0,45,0,0,0,0,1,2,2,13
,2016_40457,39.667733,-105.081421,4/1/2016 13:30,13:30,15,0,0,WADSWORTH BOULEVARD SOUTH & YALE AVENUE WEST,1,1,1,0,1,3,,0,45,0,0,0,0,0,2,2,3
,2016_40469,39.69817,-104.902462,10/13/2016 7:40,7:40,15,0,0,PARKER ROAD & QUEBEC STREET SOUTH,1,1,0,0,1,4,,0,40,0,0,0,0,0,2,2,1
,2016_40478,39.667733,-105.081421,5/19/2016 9:10,9:10,3,0,0,WADSWORTH BOULEVARD SOUTH & YALE AVENUE WEST,1,1,0,0,1,1,,0,45,0,0,0,0,1,2,3,3
,2016_40506,39.662458,-105.081435,8/25/2016 17:27,17:27,12,0,0,WADSWORTH BOULEVARD SOUTH & DUQUESNE AVENUE WEST,1,1,0,0,1,1,,0,45,0,0,0,0,0,2,2,3
,2016_40507,39.667733,-105.081421,6/30/2016 21:15,21:15,12,0,0,WADSWORTH BOULEVARD SOUTH & YALE AVENUE WEST,2,3,1,1,1,1,,0,45,0,0,0,0,1,2,2,7
,2016_40528,39.667733,-105.081421,12/18/2016 17:53,17:53,1,0,0,WADSWORTH BOULEVARD & YALE AVENUE WEST,10,3,1,0,1,1,,0,40,0,0,0,0,0,2,2,14
,2016_40546,39.698614,-104.903606,3/1/2016 19:30,19:30,8,0,0,PARKER ROAD SOUTH & QUEBEC STREET SOUTH,1,3,0,0,1,3,,0,40,0,0,0,0,1,2,2,16
,2016_40548,39.790899,-105.053234,5/12/2016 15:20,15:20,12,0,0,SHERIDAN BOULEVARD NORTH & 52ND AVENUE WEST,1,1,1,0,1,1,,0,35,0,0,0,0,0,2,3,13
,2016_40549,39.790899,-105.053234,12/17/2016 11:30,11:30,3,0,0,HIGHWAY 95 & 52ND AVENUE WEST,10,1,1,0,1,1,,0,45,0,0,0,0,0,2,2,13
,2016_40554,39.662458,-105.081435,12/25/2016 11:45,11:45,3,0,1,WADSWORTH BOULEVARD 3150 SOUTH & DUQUESNE AVENUE WEST,1,1,1,0,1,2,,0,45,0,0,0,0,2,2,2,7
,2016_40555,39.667733,-105.081421,10/22/2016 11:13,11:13,1,0,0,WADSWORTH BOULEVARD & YALE AVENUE WEST,1,1,1,0,1,1,,0,45,0,0,0,0,1,2,2,13
,2016_40566,39.77238,-104.828321,4/21/2016 18:45,18:45,12,0,0,I70 WB & MM 282,1,1,0,0,1,4,,0,55,0,0,0,0,1,1,2,1
,2016_40569,39.709165,-104.931536,2/4/2016 9:17,9:17,12,0,0,LEETSDALE DRIVE EAST & DAHLIA STREET SOUTH,1,1,1,0,1,1,,0,35,0,0,0,0,1,2,2,3
,2016_40573,39.774719,-105.053242,3/9/2016 7:07,7:07,14,0,0,43RD AVENUE WEST & SHERIDAN BOULEVARD NORTH,1,1,0,0,1,1,,0,25,0,0,0,0,0,2,2,14
,2016_40574,39.790899,-105.053234,6/25/2016 8:14,8:14,12,0,0,SHERIDAN BOULEVARD & 52ND AVENUE,1,1,1,0,1,1,,0,45,0,0,0,0,1,2,3,14
,2016_40577,39.793947,-105.025236,8/16/2016 15:15,15:15,12,0,0,FEDERAL BOULEVARD & 54TH AVENUE,1,1,1,0,1,4,,0,35,0,0,0,0,1,2,3,1
,2016_40597,39.665707,-105.081432,12/19/2016 8:23,8:23,12,0,0,WADSWORTH BOULEVARD & AMHERST AVENUE WEST,5,1,0,0,1,3,,0,45,0,0,0,0,0,2,2,7
,2016_40598,39.668164,-105.081412,12/27/2016 11:43,11:43,12,0,0,WADSWORTH BOULEVARD & WEST VASSAR AVENUE,1,1,1,0,1,4,,0,45,0,0,0,0,0,2,2,14
,2016_40607,39.790899,-105.053234,10/21/2016 21:25,21:25,15,0,0,SHERIDAN BOULEVARD NORTH & 52ND AVENUE WEST,1,3,0,0,1,1,,0,35,0,0,0,0,0,2,2,13
,2016_40635,39.790899,-105.053234,12/21/2016 19:17,19:17,1,0,0,SHERIDAN BOULEVARD NORTH & 52ND AVENUE WEST,1,3,1,0,1,1,,0,,0,0,0,0,1,2,2,13
,2016_40671,39.67476,-104.870723,4/18/2016 10:02,10:02,12,0,0,ILIFF AVENUE & PARKER ROAD SOUTH,2,1,0,0,1,3,,0,40,0,0,0,0,0,2,2,1
,2016_40681,39.629064,-104.904487,7/28/2016 16:40,16:40,15,0,0,I25 & BELLEVIEW AVENUE EAST,1,1,0,0,1,4,,0,65,0,0,0,0,0,1,2,14
,2016_40694,39.697686,-104.901149,1/27/2016 17:26,17:26,3,0,0,PARKER ROAD SOUTH & PARKER ROAD 1039 SOUTH,1,3,1,0,1,2,,0,45,0,0,0,0,1,2,2,13
,2016_40695,39.735326,-105.053218,6/21/2016 17:30,17:30,12,0,0,SHERIDAN BOULEVARD NORTH & 12TH AVENUE WEST,1,1,0,0,1,4,,0,35,0,0,0,0,0,2,2,7
,2016_40696,39.791053,-105.053233,2/18/2016 6:52,6:52,15,0,0,SHERIDAN BOULEVARD & 5200 BLOCK,1,1,1,0,1,2,,0,40,0,0,0,0,0,2,2,16
,2016_40723,39.67476,-104.870723,6/9/2016 9:20,9:20,15,0,0,PARKER ROAD SOUTH & ILIFF AVENUE EAST,1,1,0,0,1,3,,0,45,0,0,0,0,0,2,2,13
,2016_40749,39.668312,-105.081409,1/11/2016 7:01,7:01,12,0,0,WADSWORTH BOULEVARD SOUTH & YALE AVENUE WEST,1,2,1,0,1,3,,0,45,0,0,0,0,0,2,3,13
,2016_40786,39.798261,-104.847282,4/30/2016 21:13,21:13,5,0,0,56TH AVENUE & PEORIA STREET,3,4,0,1,2,4,,0,,0,0,0,0,0,4,1,13
,2016_40787,39.791115,-105.0346305,7/23/2016 13:15,13:15,3,0,0,52ND AVENUE & LOWELL BOULEVARD,1,1,1,0,1,1,,0,25,0,0,0,0,1,4,2,4
,2016_40788,39.78939908,-105.0380927,5/2/2016 17:48,17:48,5,0,0,OSCEOLA STREET & 5353,1,1,0,0,2,2,,0,25,0,0,0,0,0,4,1,13
,2016_40804,39.798108,-104.8356135,6/15/2016 17:35,17:35,3,0,0,56TH AVENUE WEST & UVALDA STREET,1,1,0,0,1,1,,0,40,0,0,0,1,0,4,2,13
,2016_40827,39.674754,-104.875281,12/30/2016 6:45,6:45,12,0,0,ILIFF AVENUE EAST & DAYTON WAY SOUTH,1,2,1,7,1,4,,0,40,0,0,0,0,0,4,3,16
,2016_40828,39.629898,-105.1099178,4/8/2016 21:22,21:22,6,0,0,SARATOGA PLACE & 11140 WEST,1,3,1,7,1,4,,0,30,0,0,0,0,1,4,2,5
,2016_40835,39.781341,-105.0095745,10/13/2016 13:30,13:30,5,0,0,SHOSHONE STREET & 5570 SHOSHONE STREET,1,1,0,7,3,1,,0,25,0,0,0,0,0,4,1,16
,2016_40886,39.653307,-105.032151,1/21/2016 15:25,15:25,10,0,0,HAMPDEN AVENUE & KNOX COURT SOUTH,1,1,1,0,1,1,,0,25,0,0,0,0,0,4,2,13
,2016_40887,39.79102584,-104.97597,2/23/2016 9:00,9:00,5,0,0,52ND AVENUE EAST & EMERSON STREET,1,1,0,0,2,1,,0,25,0,0,0,0,0,4,1,10
,2016_40900,39.624192,-105.0945435,9/28/2016 15:53,15:53,3,0,0,BELLEVIEW AVENUE WEST & DUDLEY STREET SOUTH,1,1,0,0,1,1,,0,40,0,0,0,0,0,4,2,13
,2016_40949,39.674745,-104.8740345,9/14/2016 15:10,15:10,12,0,0,EMPORIA STREET SOUTH & ILIFF AVENUE EAST,1,1,0,7,1,1,,0,25,0,0,0,0,0,4,2,3
,2016_40950,39.674745,-104.8740345,9/17/2016 17:58,17:58,12,0,0,SOUTH EMPORIA STREET & ILIFF AVENUE EAST,1,1,1,7,1,3,,0,35,0,0,0,0,0,4,2,7
,2016_40951,39.791097,-105.043581,6/24/2016 11:28,11:28,12,0,0,52ND AVENUE WEST & TENNYSON STREET,1,1,0,0,1,4,,0,35,0,0,0,0,0,4,2,13
,2016_40971,39.62421,-105.0992531,9/25/2016 19:40,19:40,12,0,0,WEST BELLEVIEW AVENUE & SOUTH CARR STREET,1,3,0,7,1,1,,0,35,0,0,0,0,0,4,2,16
,2016_40974,39.791115,-105.0346305,10/14/2016 10:40,10:40,3,0,0,LOWELL BOULEVARD & 52ND AVENUE WEST APPROXIMATELY,1,1,1,0,1,2,,0,10,0,0,0,0,0,4,2,13
,2016_40998,39.791025,-105.00642,6/6/2016 12:30,12:30,3,0,0,PECOS STREET & 52ND AVENUE,1,1,0,0,1,1,,0,,0,0,0,0,0,4,2,14
,2016_41017,39.791025,-105.00642,9/21/2016 8:35,8:35,10,0,0,PECOS STREET & 52ND AVENUE,1,1,0,0,1,1,,0,35,0,0,0,0,0,4,2,14
,2016_41030,39.674106,-104.903694,7/5/2016 15:00,15:00,15,0,0,QUEBEC STREET & WESLEY AVENUE EAST,1,1,0,7,1,4,,0,,0,0,0,0,0,4,2,16
,2016_41069,39.674754,-104.875281,3/8/2016 23:45,23:45,5,0,0,ILIFF AVENUE EAST & DAYTON WAY SOUTH,1,4,1,0,2,4,,0,45,0,0,0,0,0,4,1,5
,2016_41080,39.671217,-104.9036805,10/22/2016 20:00,20:00,3,0,0,QUEBEC STREET SOUTH & HIGH LINE SMITH WAY,1,3,0,7,1,1,,0,15,0,0,0,0,1,4,2,16
,2016_41127,39.694824,-104.9018535,12/5/2016 14:08,14:08,15,0,0,QUEBEC STREET & MISSISSIPPI AVENUE EAST,1,1,0,7,1,4,,0,40,0,0,0,0,1,4,2,16
,2016_41129,39.791097,-105.043581,1/27/2016 9:08,9:08,12,0,0,TENNYSON STREET & 52ND AVENUE,1,1,1,0,1,1,,0,35,0,0,0,0,0,4,2,14
,2016_41171,39.674754,-104.875281,12/30/2016 7:17,7:17,12,0,0,ILIFF AVENUE & DAYTON WAY,1,1,1,7,1,4,,0,40,0,0,0,0,0,4,3,16
,2016_41172,39.791025,-105.00642,7/1/2016 15:44,15:44,12,0,0,PECOS STREET & 52ND AVENUE,1,1,0,7,1,4,,0,35,0,0,0,0,0,4,2,16
,2016_41173,39.791025,-105.00642,11/25/2016 11:55,11:55,3,0,0,PECOS STREET & 52ND AVENUE WEST,1,1,0,7,1,1,,0,35,0,0,0,0,1,4,2,16
,2016_41181,39.78685353,-104.9875451,2/6/2016 2:15,2:15,12,0,0,BROADWAY STREET & 900 BLOCK NORTH,1,3,0,0,1,4,,0,30,0,0,0,0,0,4,2,1
,2016_41197,39.791124,-105.0357825,2/23/2016 9:42,9:42,3,0,0,MEADE STREET & 52ND AVENUE,1,1,0,0,1,1,,0,25,0,0,0,0,1,4,2,16
,2016_41210,39.674754,-104.875281,12/30/2016 7:40,7:40,12,0,0,ILIFF AVENUE EAST & DAYTON WAY SOUTH,1,1,1,0,1,4,,0,40,0,0,0,0,0,4,2,3
,2016_41211,39.791097,-105.043581,3/18/2016 8:45,8:45,12,0,0,52ND AVENUE EAST & TENNYSON STREET,5,1,0,2,1,1,,0,,0,0,0,0,0,4,2,16
,2016_41257,39.777408,-104.903613,1/30/2016 17:55,17:55,11,0,0,QUEBEC STREET A & QUEBEC STREET 2470,1,3,0,0,1,2,,0,,0,1,0,0,1,4,2,13
,2016_41279,39.667733,-105.081421,10/20/2016 16:09,16:09,2,0,0,WADSWORTH BOULEVARD SOUTH & YALE AVENUE WEST,1,1,1,0,1,1,,0,45,1,0,0,0,0,2,2,13
,2016_41296,39.77295123,-104.7899274,4/29/2016 16:54,16:54,1,0,3,40TH AVENUE EAST & AIRPORT BOULEVARD NORTH,2,1,1,2,1,1,,0,40,0,0,0,0,3,4,2,8
,2016_41302,39.667733,-105.081421,10/8/2016 19:37,19:37,1,0,0,WADSWORTH BOULEVARD SOUTH & YALE AVENUE WEST,1,3,0,0,1,1,,0,40,0,0,0,0,0,2,2,7
,2016_41315,39.665036,-105.081436,10/13/2016 14:58,14:58,12,0,0,WADSWORTH BOULEVARD SOUTH & AMHERST AVENUE WEST,1,1,0,0,1,3,,0,45,0,0,0,0,0,2,2,7
,2016_41327,39.668312,-105.081409,2/6/2016 2:50,2:50,5,0,0,WADSWORTH BOULEVARD SOUTH & YALE AVENUE WEST,1,3,2,0,3,4,,0,45,0,0,0,0,0,2,1,5
,2016_41354,39.665707,-105.081432,1/2/2016 18:08,18:08,12,0,0,AMHERST AVENUE WEST & WADSWORTH BOULEVARD SOUTH,1,3,0,0,1,4,,0,45,0,0,0,0,0,2,2,7
,2016_41374,39.667733,-105.081421,9/12/2016 16:50,16:50,1,0,0,WADSWORTH BOULEVARD SOUTH & YALE AVENUE WEST,1,1,0,0,1,1,,0,45,0,0,0,0,0,2,2,7
,2016_41385,39.665707,-105.081432,10/29/2016 19:39,19:39,3,0,0,AMHERST AVENUE WEST & WADSWORTH BOULEVARD SOUTH,1,3,0,0,1,1,,0,40,0,0,0,0,0,2,2,14
,2016_41472,39.665842,-105.081431,4/9/2016 11:51,11:51,15,0,0,WADSWORTH BOULEVARD SOUTH & AMHERST AVENUE WEST,1,1,0,0,1,3,,0,45,0,0,0,0,0,2,2,14
,2016_41473,39.66846,-105.081406,9/19/2016 15:30,15:30,1,0,0,WADSWORTH BOULEVARD & MM 8.6,1,1,1,0,1,2,,0,45,0,0,0,0,1,2,2,3
,2016_41515,39.667733,-105.081421,9/12/2016 13:47,13:47,1,0,0,WADSWORTH BOULEVARD SOUTH & YALE AVENUE WEST,1,1,0,0,1,1,,0,45,0,0,0,0,0,2,2,7
,2016_41530,39.667733,-105.081421,12/21/2016 17:00,17:00,1,0,0,YALE AVENUE WEST & WADSWORTH BOULEVARD SOUTH,1,3,0,0,1,1,,0,80,0,0,0,0,0,2,2,13
,2016_41553,39.667733,-105.081421,11/17/2016 16:00,16:00,12,0,0,YALE AVENUE WEST & WADSWORTH BOULEVARD SOUTH,4,1,1,2,1,1,,0,,0,0,0,0,0,2,4,13
,2016_41598,39.662307,-105.081434,11/29/2016 15:24,15:24,12,0,0,WADSWORTH BOULEVARD SOUTH & DARTMOUTH AVENUE WEST,1,1,0,0,1,3,,0,45,0,0,0,0,0,2,2,7
,2016_41617,39.667319,-105.081424,6/29/2016 8:20,8:20,12,0,0,WADSWORTH BOULEVARD & 2700 SOUTH,1,1,0,0,1,4,,0,45,0,0,0,0,0,2,2,13
,2016_41731,39.667733,-105.081421,4/21/2016 23:14,23:14,12,0,0,WADSWORTH BOULEVARD SOUTH & YALE AVENUE WEST,1,3,0,0,1,1,,0,40,0,0,0,0,0,2,2,13
,2016_41732,39.667733,-105.081421,11/3/2016 14:59,14:59,15,0,0,WADSWORTH BOULEVARD SOUTH & YALE AVENUE WEST,1,1,0,0,1,1,,0,45,0,0,0,0,0,2,2,7
,2016_41823,39.665304,-105.081434,9/8/2016 15:10,15:10,12,0,0,WADSWORTH BOULEVARD SOUTH & AMHERST AVENUE WEST,1,1,0,0,1,3,,0,40,0,0,0,0,1,2,3,13
,2016_41824,39.667319,-105.081424,11/26/2016 13:00,13:00,12,0,0,WADSWORTH BOULEVARD & 2700 BLOCK SOUTH,1,1,0,0,1,4,,0,40,0,0,0,0,0,2,3,3
,2016_41895,39.666513,-105.081428,8/25/2016 19:42,19:42,12,0,0,WADSWORTH BOULEVARD SOUTH & YALE AVENUE WEST APPROXIMATELY,1,1,1,0,1,4,,0,45,0,0,0,0,0,2,3,1