id,drcog_id,latitude,longitude,crashtime,time,crashtype,numbkilled,numbinjurd,drcoglocat,rdconditin,lightngcon,roadcntgrd,weatherco,location,roaddescrp,schoolzone,constrzone,splimit,bikeinv,pedinv,sctrinv,motoinv,svrty,rdsystem,ttlvehcls,hcf
,2016_41914,39.665304,-105.081434,4/1/2016 16:38,16:38,12,0,0,WADSWORTH BOULEVARD SOUTH & AMHERST AVENUE WEST,1,1,0,0,1,3,,0,40,0,0,0,0,0,2,2,7
,2016_41915,39.665842,-105.081431,7/13/2016 17:31,17:31,12,0,0,WADSWORTH BOULEVARD SOUTH & AMHERST AVENUE WEST,1,1,0,0,1,3,,0,45,0,0,0,0,0,2,2,7
,2016_41996,39.80698464,-104.8845532,6/6/2016 17:30,17:30,15,0,0,CENTRAL PARK BOULEVARD 4000 BLOCK NORTH & CENTRAL PARK BOULEVARD NORTH,2,1,0,1,1,4,,0,30,0,0,0,0,0,4,2,16
,2016_42060,39.624192,-105.0945435,11/3/2016 16:04,16:04,3,0,0,BELLEVIEW AVENUE WEST & DUDLEY STREET SOUTH,1,1,0,0,1,1,,0,10,0,0,0,0,0,4,2,13
,2016_42132,39.80698464,-104.8845532,1/12/2016 6:20,6:20,15,0,0,CENTRAL PARK BOULEVARD & 4700 BLOCK NORTH,1,1,0,0,1,4,,0,35,0,0,0,0,0,4,2,13
,2016_42199,39.80698464,-104.8845532,1/26/2016 7:45,7:45,12,0,0,CENTRAL PARK BOULEVARD & 3900 BLOCK NORTH,2,1,1,0,1,4,,0,40,0,0,0,0,0,4,2,13
,2016_42282,39.624192,-105.0945435,3/22/2016 10:25,10:25,3,0,0,BELLEVIEW AVENUE WEST & DUDLEY STREET,1,1,0,0,1,1,,0,40,0,0,0,0,1,4,2,7
,2016_42453,39.80698464,-104.8845532,1/18/2016 10:30,10:30,15,0,0,CENTRAL PARK BOULEVARD NORTH & 4000 BLOCK,1,1,0,0,1,4,,0,35,0,0,0,0,0,4,2,8
,2016_42454,39.624192,-105.0945435,10/7/2016 20:30,20:30,12,0,0,DUDLEY STREET SOUTH & BELLEVIEW AVENUE WEST,1,3,0,7,1,1,,0,30,0,0,0,0,1,4,2,5
,2016_42491,39.74544,-105.0036435,10/14/2016 9:22,9:22,5,0,0,11TH STREET & LARIMER STREET,1,1,0,0,3,4,,0,15,0,0,0,0,0,4,1,13
,2016_42552,39.624192,-105.0945435,10/8/2016 19:48,19:48,1,0,0,DUDLEY STREET SOUTH & BELLEVIEW AVENUE WEST,1,3,0,0,1,1,,0,45,0,0,0,0,0,4,2,13
,2016_42557,39.711204,-105.032745,12/10/2016 20:15,20:15,5,0,0,KNOX COURT SOUTH & ALAMEDA AVENUE WEST,1,3,1,7,3,4,,0,30,0,0,0,0,0,4,1,7
,2016_42583,39.726278,-105.053133,5/27/2016 2:11,2:11,5,0,3,NORTH SHERIDAN BOULEVARD & WEST SIXTH AVENUE WB ON RAMP,2,3,1,1,3,1,,0,35,0,0,0,0,2,2,1,9
,2016_42602,39.80698464,-104.8845532,3/23/2016 7:20,7:20,11,0,1,CENTRAL PARK BOULEVARD & 2400 BLOCK NORTH,4,1,0,2,3,4,,0,35,0,1,0,0,2,4,2,13
,2016_42619,39.639223,-104.885207,11/22/2016 9:25,9:25,12,0,0,I225 & YOSEMITE STREET,1,1,0,0,1,4,,0,55,0,0,0,0,0,1,2,13
,2016_42620,39.669351,-104.866091,4/16/2016 4:33,4:33,5,0,0,SOUTH PARKER ROAD & SOUTH HAVANA STREET,2,3,1,2,3,1,,0,45,0,0,0,0,0,2,1,5
,2016_42626,39.731335,-105.053224,12/6/2016 16:37,16:37,1,0,0,SHERIDAN BOULEVARD & NINTH AVENUE WEST,1,4,1,0,1,1,,0,35,0,0,0,0,0,2,2,13
,2016_42633,39.784821,-104.902141,6/8/2016 12:22,12:22,15,0,0,I270 & QUEBEC STREET,1,1,0,0,1,4,,0,55,0,0,0,0,0,1,2,13
,2016_42637,39.712661,-104.940611,6/15/2016 17:31,17:31,12,0,0,COLORADO BOULEVARD & 300 BLOCK SOUTH,1,1,0,0,1,4,,0,35,0,0,0,0,0,2,2,13
,2016_42644,39.682251,-105.053195,3/31/2016 7:18,7:18,1,0,0,SHERIDAN BOULEVARD SOUTH & JEWELL AVENUE WEST,1,1,0,0,1,1,,0,40,0,0,0,0,0,2,2,13
,2016_42651,39.773844,-105.053238,7/28/2016 16:11,16:11,12,0,0,SHERIDAN BOULEVARD & 4200 BLOCK,1,1,0,0,1,4,,0,35,0,0,0,0,0,2,2,3
,2016_42652,39.783687,-105.04473,3/19/2016 7:44,7:44,12,0,0,I70 & MM 271,5,1,1,2,1,4,,0,55,0,0,0,0,0,1,2,14
,2016_42655,39.667733,-105.081421,5/27/2016 9:00,9:00,15,0,0,WADSWORTH SOUTH & YALE AVENUE WEST,1,1,0,0,1,1,,0,45,0,0,0,0,0,2,2,13
,2016_42660,39.69659,-104.940565,2/2/2016 10:45,10:45,3,0,0,COLORADO BOULEVARD SOUTH & MISSISSIPPI AVENUE EAST,10,1,1,2,1,1,,0,35,0,0,0,0,0,2,2,13
,2016_42662,39.669351,-104.866091,6/7/2016 15:19,15:19,12,0,0,HAVANA STREET SOUTH & PARKER ROAD SOUTH,1,1,1,0,1,1,,0,45,0,0,0,0,0,2,2,13
,2016_42663,39.669351,-104.866091,11/23/2016 14:12,14:12,12,0,0,HAVANA STREET SOUTH & PARKER ROAD SOUTH,1,1,1,0,1,4,,0,45,0,0,0,0,1,2,7,13
,2016_42665,39.691391,-105.0532,6/10/2016 18:44,18:44,12,0,0,ARKANSAS AVENUE WEST & SHERIDAN BOULEVARD SOUTH,1,1,0,0,1,3,,0,25,0,0,0,0,0,2,2,7
,2016_42666,39.693285,-105.053215,8/19/2016 13:20,13:20,12,0,0,SHERIDAN BOULEVARD SOUTH & LOUISANA AVENUE WEST,1,1,0,0,1,1,,0,40,0,0,0,0,0,2,2,3
,2016_42669,39.724175,-105.053225,3/2/2016 18:27,18:27,1,0,0,SHERIDAN BOULEVARD & 20TH AVENUE WEST,1,3,0,0,1,2,,0,35,0,0,0,0,1,2,2,13
,2016_42670,39.725821,-105.05313,11/2/2016 8:53,8:53,12,0,0,SHERIDAN BOULEVARD & SIXTH AVENUE WEST,1,1,0,0,1,3,,0,35,0,0,0,0,0,2,2,3
,2016_42671,39.725821,-105.05313,11/22/2016 10:47,10:47,12,0,0,SHERIDAN BOULEVARD & SIXTH AVENUE WEST,2,1,1,1,1,1,,0,35,0,0,0,0,1,2,2,7
,2016_42672,39.726278,-105.053133,11/14/2016 12:01,12:01,12,0,0,SHERIDAN BOULEVARD & SIXTH AVENUE WEST,1,1,1,0,1,3,,0,35,0,0,0,0,1,2,2,3
,2016_42673,39.729624,-105.053227,6/24/2016 16:05,16:05,1,0,0,SHERIDAN BOULEVARD & EIGHTH AVENUE WEST,1,1,1,0,1,1,,0,35,0,0,0,0,0,2,2,1
,2016_42674,39.731192,-105.053224,10/12/2016 15:35,15:35,14,0,0,SHERIDAN BOULEVARD & NINTH AVENUE WEST,1,1,1,0,1,3,,0,35,0,0,0,0,0,2,2,13
,2016_42680,39.631722,-104.904971,5/11/2016 17:12,17:12,12,0,0,I225 3901 SOUTH & MM 1.7,1,1,0,0,1,4,,0,65,0,0,0,0,0,1,2,13
,2016_42688,39.660018,-104.866322,5/2/2016 17:26,17:26,12,0,0,HAVANA STREET SOUTH & DARTMOUTH AVENUE EAST,1,1,0,0,1,4,,0,25,0,0,0,0,1,2,2,13
,2016_42690,39.708812,-104.930308,11/19/2016 16:46,16:46,1,0,0,LEETSDALE DRIVE & 4900 BLOCK,1,3,0,0,1,1,,0,35,0,0,0,0,1,2,2,13
,2016_42691,39.71129,-104.936428,4/11/2016 13:07,13:07,3,0,0,LEETSDALE DRIVE & 4300 BLOCK,1,1,1,0,1,1,,0,35,0,0,0,0,0,2,2,13
,2016_42699,39.650679,-105.06645,1/1/2016 23:38,23:38,5,0,0,JEFFERSON PLACE & 3210 WEST JEFFERSON PLACE,5,3,0,0,2,4,,0,25,0,0,0,0,1,4,1,5
,2016_42700,39.733188,-105.053221,10/9/2016 21:34,21:34,1,0,0,SHERIDAN BOULEVARD & 10TH AVENUE WEST,1,1,0,0,1,1,,0,40,0,0,0,0,0,2,2,1
,2016_42713,39.711332,-105.053258,2/12/2016 13:58,13:58,1,0,0,ALAMEDA AVENUE & SHERIDAN BOULEVARD,1,1,0,0,1,1,,0,35,0,0,0,0,1,2,2,13
,2016_42715,39.669351,-104.866091,2/1/2016 8:00,8:00,12,0,0,SOUTH HAVANA STREET & SOUTH PARKER ROAD,4,1,0,0,1,3,,0,40,0,0,0,0,0,2,2,7
,2016_42716,39.67036,-104.866066,1/29/2016 16:03,16:03,12,0,0,SOUTH HAVANA STREET & SOUTH PARKER ROAD,1,1,1,0,1,3,,0,45,0,0,0,0,0,2,2,7
,2016_42718,39.709165,-104.931536,1/29/2016 17:59,17:59,14,0,0,LEETSDALE DRIVE 4600 BLOCK & SOUTH DAHLIA STREET,1,3,0,0,1,3,,0,35,0,0,0,0,0,2,2,1
,2016_42721,39.725821,-105.05313,12/3/2016 10:50,10:50,12,0,0,SHERIDAN BOULEVARD & SIXTH AVENUE WB,1,1,1,0,1,4,,0,35,0,0,0,0,1,2,2,4
,2016_42722,39.726278,-105.053133,5/30/2016 2:14,2:14,1,0,0,SHERIDAN BOULEVARD & SIXTH AVENUE WB ON RAMP,1,3,0,0,1,1,,0,35,0,0,0,0,0,2,2,9
,2016_42723,39.726278,-105.053133,7/15/2016 7:22,7:22,12,0,0,SHERIDAN BOULEVARD SOUTH & SIXTH AVENUE WEST WB ON RAMP,1,1,1,0,1,1,,0,35,0,0,0,0,0,2,2,7
,2016_42724,39.731192,-105.053224,2/9/2016 19:44,19:44,5,0,0,SHERIDAN BOULEVARD & NINTH AVENUE,1,3,1,0,3,4,,0,35,0,0,0,0,0,2,1,13
,2016_42728,39.618006,-105.091112,12/22/2016 17:26,17:26,12,0,0,WADSWORTH BOULEVARD SOUTH & CRESTLINE AVENUE WEST,1,3,0,0,1,1,,0,45,0,0,0,0,1,2,2,14
,2016_42742,39.726278,-105.053133,7/24/2016 2:17,2:17,3,0,0,SHERIDAN BOULEVARD SOUTH & WEST SIXTH AVENUE WB OFF RAMP,1,3,0,0,1,1,,0,35,0,0,0,0,0,2,2,13
,2016_42745,39.774719,-105.053242,5/7/2016 13:49,13:49,15,0,0,SHERIDAN BOULEVARD & 43RD AVENUE,2,1,0,1,1,4,,0,35,0,0,0,0,0,2,3,13
,2016_42748,39.785327,-104.902489,3/15/2016 14:24,14:24,12,0,0,I270 & QUEBEC STREET,1,1,0,0,1,4,,0,,0,0,0,0,0,1,2,13
,2016_42754,39.669351,-104.866091,8/23/2016 8:20,8:20,1,0,0,PARKER ROAD SOUTH & HAVANA STREET SOUTH,1,1,1,0,1,1,,0,45,0,0,0,0,1,2,2,14
,2016_42755,39.772821,-104.833114,8/16/2016 9:00,9:00,12,0,0,I70 EASTBOUND RAMP OFF  & I225 SOUTHBOUND ON RAMP,1,1,1,0,1,14,,0,65,0,0,0,0,1,1,3,3
,2016_42761,39.725821,-105.05313,3/23/2016 12:38,12:38,12,0,0,SHERIDAN BOULEVARD & SIXTH AVENUE WEST,4,1,0,2,1,1,,0,45,0,0,0,0,0,2,2,14
,2016_42772,39.69734,-104.940604,3/14/2016 16:33,16:33,1,0,0,COLORADO BOULEVARD & 1000 BLOCK SOUTH,1,1,0,0,1,2,,0,35,0,0,0,0,1,2,2,13
,2016_42777,39.791058,-104.94127,9/1/2016 14:10,14:10,12,0,0,VASQUEZ BOULEVARD & 52ND AVENUE EAST,1,1,0,0,1,4,,0,,0,0,0,0,1,2,2,14
,2016_42780,39.671831,-104.867123,3/16/2016 13:20,13:20,15,0,0,PARKER ROAD SOUTH & HAVANA STREET SOUTHBOUND OFF SLIP RAMP GORE POINT,1,1,0,0,1,2,,0,45,0,0,0,0,0,2,2,14
,2016_42785,39.731335,-105.053224,12/10/2016 13:34,13:34,3,0,0,NINTH AVENUE WEST & SHERIDAN BOULEVARD,1,1,0,0,1,2,,0,20,0,0,0,0,0,2,2,7
,2016_42788,39.639385,-104.884877,1/19/2016 18:06,18:06,12,0,0,I225 & 3900 BLOCK,1,2,0,0,1,4,,0,65,0,0,0,0,0,1,2,13
,2016_42789,39.766806,-105.025171,8/19/2016 8:40,8:40,15,0,0,FEDERAL BOULEVARD & 3600 BLOCK SOUTH,1,1,1,0,1,4,,0,40,0,0,0,0,0,2,2,3
,2016_42795,39.669351,-104.866091,5/1/2016 11:38,11:38,12,0,0,HAVANA STREET SOUTH & PARKER ROAD SOUTH,2,1,0,2,1,1,,0,40,0,0,0,0,0,2,2,14
,2016_42796,39.669351,-104.866091,5/5/2016 6:23,6:23,12,0,0,HAVANA STREET SOUTH & PARKER ROAD SOUTH,1,1,1,0,1,1,,0,45,0,0,0,0,0,2,2,3
,2016_42797,39.740342,-105.047622,12/24/2016 18:24,18:24,5,0,0,COLFAX AVENUE & CHASE STREET,1,3,0,0,3,1,,0,35,0,0,0,0,0,2,1,12
,2016_42798,39.67476,-104.870723,4/16/2016 11:28,11:28,12,0,0,PARKER ROAD & ILIFF AVENUE EAST,6,1,0,2,1,1,,0,35,0,0,0,0,0,2,2,14
,2016_42804,39.725974,-105.053131,11/27/2016 16:05,16:05,12,0,0,SHERIDAN BOULEVARD  & SIXTH AVENUE WEST INTERCHANGE,1,1,1,0,1,4,,0,45,0,0,0,0,0,2,2,14
,2016_42814,39.670486,-104.866063,12/27/2016 17:45,17:45,12,0,0,HAVANA STREET SOUTH & PARKER ROAD SOUTH,1,3,1,0,1,4,,0,45,0,0,0,0,1,2,2,13
,2016_42815,39.733188,-105.053221,12/25/2016 17:45,17:45,1,0,0,SHERIDAN BOULEVARD & 10TH AVENUE WEST,1,3,0,6,1,1,,0,40,0,0,0,0,0,2,2,13
,2016_42817,39.693285,-105.053215,5/1/2016 20:21,20:21,15,0,0,SHERIDAN BOULEVARD SOUTH & LOUISIANA AVENUE WEST,1,3,1,0,1,1,,0,40,0,0,0,0,0,2,3,14
,2016_42818,39.693722,-105.053218,8/14/2016 17:00,17:00,15,0,0,SHERIDAN BOULEVARD & 1200 BLOCK SOUTH,1,1,0,0,1,4,,0,35,0,0,0,0,0,2,2,13
,2016_42821,39.725353,-105.053144,8/17/2016 17:00,17:00,3,0,0,SHERIDAN BOULEVARD & SIXTH AVENUE EASTBOUND OFF RAMP,1,1,0,0,1,1,,0,35,0,0,0,0,0,2,2,14
,2016_42822,39.725821,-105.05313,1/19/2016 18:06,18:06,12,0,0,SHERIDAN BOULEVARD & SIXTH AVENUE WEST,1,3,1,0,1,4,,0,35,0,0,0,0,0,2,2,13
,2016_42838,39.669225,-104.866094,1/6/2016 12:31,12:31,12,0,0,HAVANA STREET NORTHBOUND OFF SLIP RAMP & SOUTH PARKER ROAD,1,1,1,0,1,14,,0,40,0,0,0,0,1,2,2,3
,2016_42839,39.707393,-104.86598,11/29/2016 13:40,13:40,12,0,0,HAVANA STREET SOUTH & VIRGINIA AVENUE EAST,1,1,0,0,1,3,,0,40,0,0,0,0,0,2,2,13
,2016_42842,39.669603,-104.866084,5/27/2016 16:40,16:40,12,0,0,HAVANA STREET & PARKER ROAD,1,1,1,0,1,3,,0,40,0,0,0,0,0,2,2,7
,2016_42846,39.738462,-105.053213,10/31/2016 8:43,8:43,3,0,0,SHERIDAN BOULEVARD & 14TH AVENUE,1,1,0,0,1,1,,0,35,0,0,0,0,1,2,2,14
,2016_42851,39.771656,-105.05323,11/24/2016 19:31,19:31,5,0,0,SHERIDAN BOULEVARD & 3929 SHERIDAN BOULEVARD,1,3,0,0,3,4,,0,35,0,0,0,0,0,2,1,5
,2016_42853,39.712661,-104.940611,10/21/2016 17:01,17:01,12,0,0,COLORADO BOULEVARD & 300 BLOCK SOUTH,1,1,0,0,1,4,,0,35,0,0,0,0,0,2,2,14
,2016_42857,39.70511,-104.86597,7/17/2016 10:55,10:55,12,0,0,HAVANA STREET SOUTH & VIRGINIA AVENUE EAST,1,1,0,0,1,3,,0,40,0,0,0,0,0,2,2,1
,2016_42859,39.693139,-105.053214,8/26/2016 18:02,18:02,12,0,0,SHERIDAN BOULEVARD SOUTH & LOUISIANA AVENUE WEST,1,1,1,0,1,4,,0,35,0,0,0,0,1,2,2,1
,2016_42860,39.694013,-105.053221,4/1/2016 17:46,17:46,12,0,0,SHERIDAN BOULEVARD SOUTH & LOUISIANA AVENUE EAST,1,1,0,0,1,4,,0,35,0,0,0,0,0,2,2,3
,2016_42864,39.725821,-105.05313,12/16/2016 16:05,16:05,12,0,0,SHERIDAN BOULEVARD & SIXTH AVENUE WEST,1,1,0,0,1,4,,0,45,0,0,0,0,1,2,2,3
,2016_42865,39.729197,-105.053227,10/30/2016 20:45,20:45,5,0,0,SHERIDAN BOULEVARD & 747 SHERIDAN BOULEVARD,1,3,1,0,3,4,,0,40,0,0,0,0,0,2,1,13
,2016_42867,39.78401,-105.053277,3/20/2016 16:20,16:20,12,0,0,48TH AVENUE & NORTH SHERIDAN BOULEVARD NORTH,1,1,0,0,1,1,,0,35,0,0,0,0,0,2,2,14
,2016_42869,39.641497,-104.880626,4/27/2016 18:21,18:21,12,0,0,I225 3900 BLOCK & MM 1.62,1,1,0,0,1,4,,0,60,0,0,0,0,1,1,2,14
,2016_42873,39.669351,-104.866091,10/15/2016 18:40,18:40,12,0,0,HAVANA STREET SOUTH & PARKER ROAD SOUTH,1,3,0,0,1,1,,0,40,0,0,0,0,0,2,3,13
,2016_42875,39.707393,-104.86598,12/18/2016 12:10,12:10,5,0,0,HAVANA STREET SOUTH & VIRGINIA AVENUE EAST,4,1,0,0,3,4,,0,40,0,0,0,0,0,2,1,14
,2016_42878,39.682251,-105.053195,10/18/2016 7:09,7:09,3,0,0,SHERIDAN BOULEVARD SOUTH & JEWELL AVENUE WEST,1,1,0,0,1,1,,0,30,0,0,0,0,0,2,3,1
,2016_42879,39.690378,-105.053219,8/22/2016 12:46,12:46,15,0,1,SHERIDAN BOULEVARD SOUTH & FLORIDA AVENUE WEST,1,1,1,0,1,4,,0,40,0,0,0,0,2,2,3,1
,2016_42882,39.725821,-105.05313,8/14/2016 11:54,11:54,12,0,0,SHERIDAN BOULEVARD & SIXTH AVENUE WEST,1,1,1,0,1,1,,0,40,0,0,0,0,0,2,2,3
,2016_42883,39.725821,-105.05313,9/14/2016 22:38,22:38,12,0,0,SHERIDAN BOULEVARD NORTH & SIXTH AVENUE WEST,1,3,0,0,1,1,,0,35,0,0,0,0,0,2,2,13
,2016_42884,39.727355,-105.05323,8/14/2016 23:13,23:13,3,0,0,SHERIDAN BOULEVARD & SIXTH AVENUE FRONTAGE ROAD NORTH,1,3,0,0,1,1,,0,40,0,0,0,0,0,4,2,13
,2016_42887,39.78401,-105.053277,8/18/2016 8:50,8:50,12,0,0,SHERIDAN BOULEVARD & 48TH AVENUE,1,1,0,0,1,1,,0,35,0,0,0,0,0,2,2,13
,2016_42889,39.638576,-105.081621,9/27/2016 5:34,5:34,15,0,0,WADSWORTH BOULEVARD SOUTH & QUINCY AVENUE WEST,1,3,1,0,1,4,,0,45,0,0,0,0,0,2,2,14
,2016_42891,39.69734,-104.940604,6/23/2016 15:08,15:08,12,0,0,COLORADO BOULEVARD & 1000 BLOCK SOUTH,1,1,0,0,1,4,,0,35,0,0,0,0,0,2,2,13
,2016_42898,39.670108,-104.866072,8/28/2016 14:31,14:31,1,0,0,PARKER ROAD SOUTH & HAVANA STREET SOUTH,1,1,0,0,1,2,,0,40,0,0,0,0,1,2,2,13
,2016_42902,39.70817,-104.92701,11/10/2016 22:16,22:16,15,0,0,LEETSDALE DRIVE & FOREST STREET SOUTH,1,3,0,0,1,1,,0,35,0,0,0,0,0,2,2,13
,2016_42904,39.631444,-105.025488,12/21/2016 7:13,7:13,1,0,0,FEDERAL BOULEVARD & UNION AVENUE,1,1,0,0,1,1,,0,35,0,0,0,0,0,2,2,13
,2016_42906,39.726278,-105.053133,8/1/2016 10:03,10:03,15,0,0,SHEIRDAN BOULEVARD & SIXTH AVENUE WEST,1,1,1,0,1,1,,0,35,0,0,0,0,0,2,2,13
,2016_42907,39.729909,-105.053226,5/4/2016 15:58,15:58,12,0,0,SHERIDAN BOULEVARD & EIGHTH AVENUE WEST,1,1,1,0,1,4,,0,35,0,0,0,0,0,2,2,14
,2016_42908,39.735184,-105.053218,11/25/2016 15:00,15:00,15,0,0,SHERIDAN BOULEVARD & 12TH AVENUE WEST,1,1,0,0,1,4,,0,35,0,0,0,0,0,2,2,8
,2016_42915,39.637245,-105.081769,10/23/2016 10:48,10:48,15,0,0,QUINCY AVENUE WEST & WADSWORTH BOULEVARD SOUTH,1,1,0,0,1,4,,0,30,0,0,0,0,0,2,2,14
,2016_42919,39.69659,-104.940565,3/18/2016 6:50,6:50,12,0,0,COLORADO BOULEVARD SOUTH & MISSISSIPPI AVENUE EAST,5,2,0,2,1,1,,0,35,0,0,0,0,0,2,2,14
,2016_42920,39.69659,-104.940565,12/26/2016 13:15,13:15,3,0,0,COLORADO BOULEVARD SOUTH & MISSISSIPPI AVENUE EAST,1,1,0,0,1,1,,0,35,0,0,0,0,1,2,2,14
,2016_42926,39.711246,-105.048406,2/18/2016 19:03,19:03,12,0,0,WADSWORTH BOULEVARD SOUTH & ALAMEDA AVENUE WEST,1,3,0,0,1,1,,0,40,0,0,0,0,1,2,2,13
,2016_42927,39.65302,-104.87557,7/21/2016 16:48,16:48,3,0,0,DAYTON STREET SOUTH & HAMPDEN AVENUE,1,1,1,0,1,2,,0,25,0,0,0,0,0,2,2,13
,2016_42928,39.667964,-104.866125,11/28/2016 18:04,18:04,12,0,0,HAVANA STREET SOUTH & PARKER ROAD SOUTH,1,3,0,0,1,4,,0,45,0,0,0,0,0,2,2,13
,2016_42929,39.707393,-104.86598,10/3/2016 12:10,12:10,12,0,0,HAVANA STREET SOUTH & VIRGINIA AVENUE EAST,1,1,0,0,1,4,,0,40,0,0,0,0,0,2,2,13
,2016_42938,39.618148,-105.09111,10/26/2016 16:16,16:16,12,0,0,WADSWORTH BOULEVARD SOUTH & CRESTLINE AVENUE WEST,1,1,0,0,1,3,,0,40,0,0,0,0,0,2,2,13
,2016_42944,39.667772,-104.995925,9/16/2016 15:11,15:11,12,0,0,SANTA FE SOUTH & 2700 BLOCK SOUTH,1,1,0,0,1,4,,0,55,0,0,0,0,0,2,2,13
,2016_42949,39.725353,-105.053144,8/18/2016 18:22,18:22,10,0,0,SHERIDAN BOULEVARD & SIXTH AVENUE EASTBOUND RAMP,1,1,0,0,1,1,,0,35,0,0,0,0,0,2,2,13
,2016_42953,39.78401,-105.053277,1/22/2016 19:00,19:00,3,0,0,SHERIDAN BOULEVARD & 48TH AVENUE,1,3,0,0,1,1,,0,35,0,0,0,0,1,2,2,8
,2016_42957,39.618148,-105.09111,12/10/2016 18:30,18:30,12,0,0,WADSWORTH BOULEVARD SOUTH & CRESTLINE AVENUE WEST,1,3,0,0,1,3,,0,45,0,0,0,0,0,2,2,13
,2016_42964,39.791728,-104.940666,10/24/2016 15:17,15:17,12,0,0,VASQUEZ BOULEVARD & 52ND AVENUE EAST,1,1,0,0,1,4,,0,,0,0,0,0,0,2,2,13
,2016_42966,39.705872,-104.865974,2/25/2016 18:49,18:49,1,0,0,HAVANA STREET SOUTH & GALENA WAY SOUTH,1,1,1,0,1,1,,0,40,0,0,0,0,0,2,2,16
,2016_42968,39.68432,-105.053187,3/9/2016 13:55,13:55,12,0,0,MEXICO AVENUE WEST & SHERIDAN BOULEVARD SOUTH,1,1,0,0,1,1,,0,30,0,0,0,0,0,2,2,13
,2016_42973,39.725038,-105.053159,3/4/2016 3:25,3:25,5,0,0,SHERIDAN BOULEVARD & SIXTH AVENUE EASTBOUND OFF SLIP RAMP,1,3,0,0,3,1,,0,30,0,0,0,0,0,2,1,5
,2016_42974,39.738462,-105.053213,1/12/2016 12:41,12:41,12,0,0,SHERIDAN BOULEVARD & 14TH AVENUE WEST,1,1,0,0,1,1,,0,35,0,0,0,0,1,2,2,13
,2016_42980,39.784821,-104.902141,1/5/2016 16:04,16:04,12,0,0,I270 & QUEBEC STREET,1,1,0,0,1,4,,0,55,0,0,0,0,1,1,3,1
,2016_42988,39.708306,-104.927746,1/26/2016 13:46,13:46,12,0,0,LEETSDALE DRIVE & 5100 BLOCK,1,1,0,0,1,4,,0,35,0,0,0,0,0,2,4,14
,2016_42992,39.725353,-105.053144,4/29/2016 17:01,17:01,12,0,0,SHERIDAN BOULEVARD & SIXTH AVENUE WEST EASTBOUND ON RAMP,2,1,0,1,1,1,,0,35,0,0,0,0,0,2,2,5
,2016_42993,39.726278,-105.053133,10/6/2016 7:59,7:59,5,0,0,SHERIDAN BOULEVARD & SIXTH AVENUE WEST WB ON RAMP,2,1,1,1,3,1,,0,45,0,0,0,0,1,2,1,7
,2016_43005,39.631444,-105.025488,6/20/2016 7:44,7:44,12,0,0,FEDERAL BOULEVARD SOUTH & UNION AVENUE WEST,1,1,0,0,1,1,,0,35,0,0,0,0,0,2,2,13
,2016_43006,39.631444,-105.025488,10/10/2016 8:10,8:10,15,0,0,UNION AVENUE WEST & FEDERAL BOULEVARD SOUTH,1,1,0,0,1,1,,0,35,0,0,0,0,0,2,2,1
,2016_43007,39.693285,-105.053215,2/12/2016 20:32,20:32,10,0,0,SHERIDAN BOULEVARD SOUTH & LOUISIANA AVENUE,1,1,0,0,1,1,,0,35,0,0,0,0,0,2,2,7
,2016_43008,39.65298,-104.931126,5/14/2016 11:28,11:28,12,0,0,HAMPDEN AVENUE & 4800 HAMPDEN AVENUE,1,1,0,0,1,4,,0,40,0,0,0,0,0,2,2,13
,2016_43010,39.725821,-105.05313,8/19/2016 23:15,23:15,12,0,0,SHERIDAN BOULEVARD & SIXTH AVENUE WEST,2,3,0,1,1,4,,0,40,0,0,0,0,0,2,2,3
,2016_43011,39.726278,-105.053133,10/4/2016 12:32,12:32,12,0,0,SIXTH AVENUE WEST WB OFF RAMP & SHERIDAN BOULEVARD,1,1,1,0,1,1,,0,35,0,0,0,0,1,2,2,7
,2016_43012,39.641497,-104.880626,8/15/2016 18:17,18:17,12,0,0,I225 & 3900 BLOCK SOUTH,1,1,0,0,1,4,,0,65,0,0,0,0,1,1,2,14
,2016_43015,39.711332,-105.053258,3/28/2016 21:47,21:47,1,0,0,ALAMEDA AVENUE WEST & SHERIDAN BOULEVARD SOUTH,1,3,0,0,1,1,,0,40,0,0,0,0,0,2,2,13
,2016_43020,39.672056,-104.867399,4/11/2016 19:45,19:45,12,0,0,PARKER ROAD SOUTH & HAVANA STREET SOUTH,1,3,0,7,1,4,,0,45,0,0,0,0,0,2,2,16
,2016_43021,39.667772,-104.995925,9/13/2016 16:35,16:35,5,0,0,SANTA FE DRIVE & 2700 BLOCK SOUTH,2,1,0,1,3,4,,0,65,0,0,0,0,0,2,1,7
,2016_43022,39.631444,-105.025488,10/31/2016 7:24,7:24,1,0,0,FEDERAL BOULEVARD SOUTH & UNION AVENUE WEST,1,1,0,0,1,1,,0,35,0,0,0,0,0,2,2,13
,2016_43025,39.68432,-105.053187,7/28/2016 16:21,16:21,12,0,0,SHERIDAN BOULEVARD SOUTH & MEXICO AVENUE WEST,1,1,1,0,1,4,,0,40,0,0,0,0,0,2,2,14
,2016_43026,39.693285,-105.053215,12/23/2016 19:20,19:20,12,0,0,SHERIDAN BOULEVARD & LOUISIANA AVENUE WEST,1,1,0,1,1,3,,0,35,0,0,0,0,0,2,2,13
,2016_43030,39.774573,-105.053241,3/30/2016 1:39,1:39,6,0,2,SHERIDAN BOULEVARD SOUTH & 43RD AVENUE,1,3,0,0,1,4,,0,35,0,0,0,0,2,2,2,5
,2016_43033,39.618006,-105.091112,9/17/2016 12:14,12:14,12,0,0,WADSWORTH BOULEVARD SOUTH & CRESTLINE AVENUE WEST,1,1,0,0,1,3,,0,45,0,0,0,0,1,2,3,14