id,drcog_id,latitude,longitude,crashtime,time,crashtype,numbkilled,numbinjurd,drcoglocat,rdconditin,lightngcon,roadcntgrd,weatherco,location,roaddescrp,schoolzone,constrzone,splimit,bikeinv,pedinv,sctrinv,motoinv,svrty,rdsystem,ttlvehcls,hcf
,2016_43039,39.712661,-104.940611,10/5/2016 16:22,16:22,12,0,1,COLORADO BOULEVARD & 300 BLOCK SOUTH,1,1,0,0,1,3,,0,35,0,0,0,0,2,2,3,13
,2016_43043,39.711332,-105.053258,5/21/2016 11:24,11:24,12,0,1,ALAMEDA AVENUE WEST & SHERIDAN BOULEVARD SOUTH,1,1,0,0,1,1,,0,40,0,0,0,0,2,2,2,7
,2016_43046,39.671156,-104.866294,5/20/2016 12:53,12:53,15,0,0,HAVANA STREET & PARKER ROAD,1,1,1,0,1,4,,0,45,0,0,0,0,0,2,2,13
,2016_43047,39.708812,-104.930308,12/7/2016 18:51,18:51,3,0,0,LEETSDALE DRIVE & 4900 BLOCK,5,3,0,0,1,2,,0,35,0,0,0,0,0,2,4,13
,2016_43055,39.667733,-105.081421,10/29/2016 19:50,19:50,14,0,0,YALE AVENUE WEST & WADSWORTH BOULEVARD SOUTH,1,3,0,0,1,1,,0,35,0,0,0,0,0,2,2,1
,2016_43063,39.711332,-105.053258,3/4/2016 0:54,0:54,5,0,0,ALAMEDA AVENUE WEST & SHERIDAN BOULEVARD SOUTH,1,3,0,0,2,1,,0,30,0,0,0,0,0,2,1,5
,2016_43065,39.669477,-104.866088,3/24/2016 10:50,10:50,15,0,0,HAVANA STREET SOUTH & PARKER ROAD SOUTH,5,1,1,0,1,3,,0,40,0,0,0,0,0,2,2,7
,2016_43070,39.682251,-105.053195,12/4/2016 17:01,17:01,1,0,0,SHERIDAN BOULEVARD SOUTH & JEWELL AVENUE,1,2,0,0,1,1,,0,35,0,0,0,0,1,2,3,14
,2016_43074,39.727355,-105.05323,4/19/2016 16:03,16:03,12,0,0,SHERIDAN BOULEVARD & SIXTH AVENUE FRONTAGE ROAD NORTH,1,1,0,0,1,3,,0,45,0,0,0,0,1,2,2,13
,2016_43075,39.73832,-105.053213,11/23/2016 15:45,15:45,12,0,0,14TH AVENUE WEST & SHERIDAN BOULEVARD,1,1,0,0,1,3,,0,25,0,0,0,0,0,2,2,13
,2016_43076,39.738462,-105.053213,12/18/2016 12:50,12:50,12,0,0,14TH AVENUE & SHERIDAN BOULEVARD,4,1,0,0,1,1,,0,30,0,0,0,0,0,2,2,14
,2016_43079,39.618006,-105.091112,2/1/2016 18:28,18:28,15,0,0,WADSWORTH BOULEVARD SOUTH & CRESTLINE AVENUE WEST,4,3,0,0,1,1,,0,45,0,0,0,0,0,2,2,14
,2016_43089,39.772428,-104.828873,12/18/2016 9:19,9:19,12,0,0,I70 & CHAMBERS ROAD WEST,2,1,0,0,1,4,,0,65,0,0,0,0,0,1,2,14
,2016_43090,39.709165,-104.931536,9/3/2016 3:51,3:51,5,0,0,LEETSDALE DRIVE & 4400 BLOCK,1,3,0,0,3,3,,0,35,0,0,0,0,1,2,1,13
,2016_43095,39.726278,-105.053133,7/31/2016 10:34,10:34,12,0,0,SHERIDAN BOULEVARD & SIXTH AVENUE WEST WB RAMPS,1,1,1,0,1,1,,0,30,0,0,0,0,0,2,2,5
,2016_43103,39.711332,-105.053258,3/19/2016 22:35,22:35,12,0,0,ALAMEDA AVENUE WEST & SHERIDAN BOULEVARD SOUTH,1,3,1,0,1,1,,0,40,0,0,0,0,0,2,2,7
,2016_43104,39.709165,-104.931536,8/24/2016 13:48,13:48,14,0,0,LEETSDALE DRIVE & 4400 BLOCK SOUTH,2,1,0,1,1,2,,0,35,0,0,0,0,0,2,2,13
,2016_43105,39.682251,-105.053195,4/11/2016 5:40,5:40,1,0,0,SHERIDAN BOULEVARD SOUTH & JEWELL AVENUE WEST,1,2,1,0,1,1,,0,40,0,0,0,0,0,2,2,13
,2016_43106,39.683581,-105.053188,12/30/2016 16:06,16:06,15,0,0,SHERIDAN BOULEVARD & COLORADO AVENUE,1,1,1,0,1,4,,0,35,0,0,0,0,0,2,3,1
,2016_43109,39.691391,-105.0532,12/31/2016 12:10,12:10,12,0,0,SHERIDAN BOULEVARD & ARKANSAS AVENUE WEST,1,1,1,0,1,4,,0,45,0,0,0,0,1,2,3,8
,2016_43110,39.693285,-105.053215,2/12/2016 16:28,16:28,3,0,0,LOUISIANA AVENUE WEST & SHERIDAN BOULEVARD SOUTH,1,1,0,0,1,1,,0,45,0,0,0,0,0,2,2,13
,2016_43111,39.693285,-105.053215,8/8/2016 15:25,15:25,12,0,0,LOUISIANA AVENUE WEST & SHERIDAN BOULEVARD SOUTH,1,1,0,0,1,1,,0,,0,0,0,0,0,2,2,14
,2016_43113,39.725353,-105.053144,12/10/2016 22:19,22:19,3,0,0,SHERIDAN BOULEVARD & SIXTH AVENUE WEST EASTBOUND OFF RAMP,1,3,0,0,1,1,,0,40,0,0,0,0,0,2,2,3
,2016_43114,39.72643,-105.053134,5/26/2016 17:14,17:14,12,0,0,SHERIDAN BOULEVARD & SIXTH AVENUE,1,1,0,0,1,4,,0,35,0,0,0,0,0,2,2,12
,2016_43115,39.738462,-105.053213,12/12/2016 20:47,20:47,1,0,0,14TH AVENUE WEST & SHERIDAN BOULEVARD,1,1,0,0,1,1,,0,30,0,0,0,0,1,2,2,14
,2016_43119,39.618006,-105.091112,5/22/2016 22:23,22:23,12,0,0,WADSWORTH BOULEVARD SOUTH & CRESTLINE AVENUE WEST,1,3,0,0,1,3,,0,45,0,0,0,0,0,2,3,13
,2016_43120,39.65298,-104.931126,8/29/2016 13:16,13:16,12,0,0,HAMPDEN AVENUE & 4800 BLOCK EAST,1,1,0,0,1,4,,0,40,0,0,0,0,0,2,2,3
,2016_43124,39.69659,-104.940565,6/27/2016 10:22,10:22,3,0,0,COLORADO BOULEVARD SOUTH & MISSISSIPPI AVENUE EAST,1,1,1,0,1,1,,0,35,0,0,0,0,0,2,2,3
,2016_43129,39.711332,-105.053258,2/9/2016 19:28,19:28,15,0,0,ALAMEDA AVENUE WEST & SHERIDAN BOULEVARD SOUTH,1,3,0,0,1,1,,0,35,0,0,0,0,0,2,3,13
,2016_43130,39.793504,-104.903381,4/8/2016 18:38,18:38,3,0,0,QUEBEC STREET & 53RD PLACE EAST,1,1,0,0,1,2,,0,45,0,0,0,0,0,2,2,13
,2016_43132,39.682251,-105.053195,10/2/2016 0:40,0:40,3,0,0,JEWELL AVENUE WEST & SHERIDAN BOULEVARD SOUTH,1,3,0,0,1,1,,0,40,0,0,0,0,0,2,2,14
,2016_43134,39.691391,-105.0532,9/15/2016 21:25,21:25,5,0,0,SHERIDAN BOULEVARD SOUTH & ARKANSAS AVENUE,1,3,0,0,2,3,,0,40,0,0,0,0,0,2,1,13
,2016_43135,39.692556,-105.053209,10/9/2016 22:55,22:55,12,0,0,SHERIDAN BOULEVARD SOUTH & WYOMING PLACE WEST,1,1,0,0,1,1,,0,35,0,0,0,0,0,2,2,3
,2016_43136,39.693285,-105.053215,11/18/2016 17:26,17:26,1,0,0,SHERIDAN BOULEVARD SOUTH & LOUISIANA AVENUE EAST,1,3,0,0,1,1,,0,35,0,0,0,0,1,2,2,13
,2016_43142,39.733188,-105.053221,7/12/2016 17:03,17:03,12,0,0,10TH AVENUE WEST & SHERIDAN BOULEVARD,1,1,0,0,1,4,,0,35,0,0,0,0,0,2,4,14
,2016_43143,39.738462,-105.053213,6/3/2016 14:09,14:09,3,0,0,SHERIDAN BOULEVARD & 14TH AVENUE WEST,1,1,0,0,1,1,,0,30,0,0,0,0,0,2,2,7
,2016_43147,39.670108,-104.866072,2/25/2016 18:09,18:09,12,0,0,HAVANA STREET SOUTH & PARKER ROAD SOUTH,1,3,1,0,1,3,,0,45,0,0,0,0,0,2,2,16
,2016_43157,39.709064,-104.931185,8/4/2016 9:41,9:41,12,0,0,LEETSDALE DRIVE & 4700 BLOCK,1,1,0,0,1,3,,0,35,0,0,0,0,0,2,2,13
,2016_43159,39.691536,-105.053202,6/17/2016 16:23,16:23,12,0,0,SHERIDAN BOULEVARD SOUTH & ARKANSAS AVENUE WEST,1,1,0,0,1,2,,0,40,0,0,0,0,0,2,2,14
,2016_43160,39.693285,-105.053215,7/19/2016 12:57,12:57,12,0,0,SHERIDAN BOULEVARD SOUTH & LOUISIANA AVENUE WEST,1,1,0,0,1,3,,0,30,0,0,0,0,0,2,2,3
,2016_43172,39.668973,-104.8661,5/25/2016 11:35,11:35,12,0,2,HAVANA STREET & PARKER ROAD,1,1,0,0,1,4,,0,45,0,0,0,0,2,2,3,3
,2016_43173,39.707556,-104.865979,8/26/2016 17:45,17:45,12,0,0,HAVANA STREET 500 BLOCK SOUTH & VIRGINIA AVENUE EAST,1,1,0,0,1,4,,0,40,0,0,0,0,0,2,3,3
,2016_43174,39.67476,-104.870723,5/21/2016 9:45,9:45,12,0,0,PARKER ROAD & ILIFF AVENUE,1,1,0,0,1,1,,0,40,0,0,0,0,0,2,2,14
,2016_43175,39.683137,-105.053189,11/16/2016 12:31,12:31,15,0,0,SHERIDAN BOULEVARD SOUTH & JEWELL AVENUE WEST,1,1,1,0,1,3,,0,40,0,0,0,0,0,2,2,13
,2016_43183,39.728626,-105.053228,11/4/2016 7:58,7:58,12,0,0,SHERIDAN BOULEVARD & MAJOR STR  LAKEWOOD GULCH,1,1,1,0,1,1,,0,45,0,0,0,0,0,2,3,14
,2016_43184,39.731335,-105.053224,5/5/2016 16:17,16:17,1,0,0,SHERIDAN BOULEVARD & NINTH AVENUE WEST,1,1,0,0,1,1,,0,35,0,0,0,0,0,2,2,3
,2016_43187,39.641497,-104.880626,12/7/2016 22:43,22:43,15,0,0,I225 NORTH & MM 1.62,4,3,0,2,1,4,,0,65,0,0,0,0,0,1,4,13
,2016_43190,39.69734,-104.940604,1/11/2016 21:54,21:54,3,0,0,SOUTH COLORADO BOULEVARD & 1000 BLOCK,1,3,0,0,1,2,,0,35,0,0,0,0,0,2,2,13
,2016_43192,39.788082,-104.943981,1/12/2016 8:20,8:20,12,0,0,VASQUEZ BOULEVARD & 56TH AVENUE EAST,1,1,0,0,1,4,,0,,0,0,0,0,0,2,3,1
,2016_43196,39.669477,-104.866088,6/16/2016 20:03,20:03,12,0,0,HAVANA STREET SOUTH & PARKER ROAD SOUTH,1,2,1,0,1,3,,0,40,0,0,0,0,0,2,2,14
,2016_43197,39.667911,-104.995889,7/11/2016 15:08,15:08,12,0,0,SANTA FE DRIVE SOUTH & YALE AVENUE,1,1,0,0,1,4,,0,55,0,0,0,0,0,2,2,13
,2016_43199,39.694304,-105.053223,10/31/2016 11:28,11:28,12,0,0,SHERIDAN BOULEVARD SOUTH & LOUISIANA AVENUE EAST,1,1,0,0,1,4,,0,35,0,0,0,0,0,2,2,3
,2016_43205,39.726278,-105.053133,10/14/2016 6:37,6:37,12,0,0,SHERIDAN BOULEVARD & SIXTH AVENUE WB ON RAMP,1,2,1,0,1,1,,0,25,0,0,0,0,0,2,2,14
,2016_43212,39.669351,-104.866091,9/17/2016 23:46,23:46,1,0,3,SOUTH HAVANA STREET & SOUTH PARKER ROAD,1,3,0,0,1,1,,0,45,0,0,0,0,2,2,2,5
,2016_43216,39.685927,-105.053184,6/15/2016 16:46,16:46,12,0,0,SHERIDAN BOULEVARD SOUTH & MEXICO AVENUE WEST,1,1,0,0,1,4,,0,40,0,0,0,0,0,2,2,3
,2016_43220,39.726278,-105.053133,10/25/2016 20:14,20:14,15,0,0,SIXTH AVENUE WB ON RAMP & SHERIDAN BOULEVARD,1,3,0,0,1,3,,0,65,0,0,0,0,0,2,2,13
,2016_43221,39.727355,-105.05323,9/12/2016 12:33,12:33,1,0,0,SHERIDAN BOULEVARD & WEST SIXTH AVENUE NORTH FRONTAGE ROAD,1,1,1,0,1,1,,0,45,0,0,0,0,0,2,2,3
,2016_43226,39.618148,-105.09111,4/12/2016 11:57,11:57,12,0,0,WADSWORTH BOULEVARD SOUTH & CRESTLINE AVENUE WEST,1,1,0,0,1,3,,0,45,0,0,0,0,1,2,2,3
,2016_43227,39.62801,-105.088943,2/5/2016 14:59,14:59,12,0,0,WADSWORTH BOULEVARD & 4800 BLOCK,1,1,1,0,1,4,,0,40,0,0,0,0,0,2,2,13
,2016_43228,39.669346,-105.081388,1/13/2016 15:19,15:19,12,0,0,WADSWORTH BOULEVARD SOUTH & VASSAR AVENUE WEST,1,1,1,0,1,4,,0,45,0,0,0,0,0,2,2,7
,2016_43229,39.639223,-104.885207,8/8/2016 12:28,12:28,12,0,0,I225 & YOSEMITE STREET SOUTH,1,1,0,0,1,4,,0,65,0,0,0,0,0,1,2,3
,2016_43230,39.69659,-104.940565,7/11/2016 9:55,9:55,12,0,0,COLORADO BOULEVARD SOUTH & MISSISSIPPI AVENUE EAST,1,1,0,0,1,1,,0,35,0,0,0,0,0,2,2,13
,2016_43236,39.683433,-105.053188,6/21/2016 11:47,11:47,3,0,1,SHERIDAN BOULEVARD SOUTH & COLORADO AVENUE WEST,1,1,1,0,1,1,,0,30,0,0,0,0,2,2,2,13
,2016_43237,39.693285,-105.053215,11/12/2016 22:50,22:50,3,0,0,LOUISIANA AVENUE WEST & SHERIDAN BOULEVARD SOUTH,1,3,0,0,1,1,,0,30,0,0,0,0,0,2,2,14
,2016_43239,39.724175,-105.053225,10/22/2016 14:51,14:51,15,0,0,SHERIDAN BOULEVARD & FIFTH AVENUE WEST,1,1,0,0,1,3,,0,35,0,0,0,0,0,2,2,14
,2016_43240,39.725821,-105.05313,1/26/2016 16:48,16:48,12,0,0,SHERIDAN BOULEVARD & SIXTH AVENUE WEST,1,1,0,0,1,4,,0,35,0,0,0,0,0,2,2,5
,2016_43243,39.772385,-105.053232,8/16/2016 17:13,17:13,12,0,0,SHERIDAN BOULEVARD & 4000 BLOCK,1,1,0,0,1,4,,0,35,0,0,0,0,1,2,2,3
,2016_43246,39.785327,-104.902489,5/24/2016 17:47,17:47,15,0,0,I270 & QUEBEC STREET,1,1,0,0,1,4,,0,,0,0,0,0,0,1,2,1
,2016_43250,39.69659,-104.940565,9/3/2016 19:30,19:30,1,0,0,COLORADO BOULEVARD SOUTH & MISSISSIPPI AVENUE EAST,1,3,1,0,1,1,,0,35,0,0,0,0,0,2,3,13
,2016_43255,39.791848,-104.94056,7/9/2016 20:41,20:41,9,0,2,VASQUEZ BOULEVARD & 52ND AVENUE EAST,1,2,0,0,1,4,,0,45,0,0,0,0,2,2,1,1
,2016_43259,39.710988,-104.865993,1/26/2016 17:50,17:50,12,0,0,ALAMEDA AVENUE EAST & HAVANA STREET SOUTH,1,3,1,0,1,4,,0,40,0,0,0,0,0,4,2,4
,2016_43261,39.709165,-104.931536,3/29/2016 11:39,11:39,3,0,0,LEETSDALE DRIVE & DAHLIA STREET,1,1,1,0,1,1,,0,30,0,0,0,0,0,2,2,13
,2016_43266,39.733188,-105.053221,11/21/2016 15:59,15:59,12,0,0,10TH AVENUE WEST & SHERIDAN BOULEVARD,1,1,1,0,1,1,,0,35,0,0,0,0,1,2,5,14
,2016_43278,39.669099,-104.866097,5/7/2016 2:43,2:43,10,0,0,HAVANA STREET SOUTH & SOUTH PARKER ROAD,1,3,0,0,1,3,,0,40,0,0,0,0,0,2,2,13
,2016_43279,39.669351,-104.866091,7/28/2016 17:13,17:13,15,0,0,HAVANA STREET SOUTH & PARKER ROAD SOUTH,1,1,0,0,1,3,,0,45,0,0,0,0,1,2,2,3
,2016_43280,39.669351,-104.866091,10/1/2016 17:41,17:41,12,0,0,HAVANA STREET SOUTH & PARKER ROAD SOUTH,1,1,1,0,1,4,,0,45,0,0,0,0,1,2,2,7
,2016_43281,39.669351,-104.866091,11/13/2016 3:00,3:00,12,0,0,HAVANA STREET SOUTH & PARKER ROAD SOUTH,1,3,0,0,1,1,,0,45,0,0,0,0,0,2,2,1
,2016_43282,39.693285,-105.053215,12/20/2016 22:35,22:35,12,0,0,SHERIDAN BOULEVARD & LOUISIANA AVENUE WEST,2,3,0,0,1,3,,0,40,0,0,0,0,0,2,2,13
,2016_43285,39.729624,-105.053227,6/24/2016 16:21,16:21,12,0,0,SHERIDAN BOULEVARD & EIGHTH AVENUE WEST,1,1,1,0,1,1,,0,35,0,0,0,0,0,2,2,13
,2016_43289,39.773552,-105.053237,3/19/2016 18:33,18:33,8,0,2,HIGHWAY 95 & 41ST AVENUE,1,1,0,0,1,4,,0,35,0,0,0,0,2,2,2,5
,2016_43298,39.711931,-104.940612,1/27/2016 13:32,13:32,12,0,0,SOUTH COLORADO BOULEVARD & 300 BLOCK,1,1,1,0,1,4,,0,35,0,0,0,0,0,2,2,13
,2016_43301,39.743766,-104.8846725,12/11/2016 14:37,14:37,12,0,0,YOSEMITE STREET NORTH & 17TH AVENUE EAST,1,1,0,7,1,1,,0,30,0,0,0,0,0,4,2,14
,2016_43308,39.793518,-104.9035005,5/19/2016 14:40,14:40,12,0,0,53RD PLACE EAST & QUEBEC STREET,1,1,0,0,1,4,,0,25,0,0,0,0,0,4,2,13
,2016_43313,39.67865723,-105.0110311,3/26/2016 14:34,14:34,3,0,0,WEST EVANS AVENUE & 2390,2,1,0,0,1,2,,0,30,0,0,0,0,1,4,2,13
,2016_43314,39.624192,-104.8853295,4/8/2016 20:28,20:28,1,0,0,EAST BELLEVIEW AVENUE & YOSEMITE STREET SOUTH,1,3,0,0,1,1,,0,40,0,0,0,0,1,4,3,13
,2016_43315,39.674754,-104.870862,4/26/2016 15:52,15:52,12,0,0,ILIFF AVENUE EAST & PARKER ROAD SOUTH,2,1,0,0,1,4,,0,40,0,0,0,0,0,4,2,14
,2016_43316,39.798297,-104.891796,9/13/2016 17:55,17:55,12,0,0,EAST 56TH AVENUE & VALENTIA STREET,1,1,0,7,1,4,,0,,0,0,0,0,0,4,4,16
,2016_43324,39.624192,-104.8853295,3/11/2016 21:18,21:18,12,0,0,BELLEVIEW AVENUE EAST & YOSEMITE STREET SOUTH,1,3,1,0,1,4,,0,35,0,0,0,0,1,4,2,16
,2016_43331,39.683961,-104.987565,4/3/2016 17:30,17:30,15,0,0,BROADWAY SOUTH & COLORADO AVENUE,1,1,0,0,1,3,,0,35,0,0,0,0,0,4,2,14
,2016_43332,39.678696,-105.015681,11/21/2016 0:00,0:00,1,0,0,ZUNI STREET SOUTH & EVANS AVENUE,1,3,0,7,1,1,,0,30,0,0,0,0,0,4,2,16
,2016_43333,39.624192,-104.8853295,1/19/2016 18:57,18:57,12,0,0,YOSEMITE STREET SOUTH & BELLEVIEW AVENUE EAST,1,3,0,0,1,1,,0,35,0,0,0,0,0,4,3,13
,2016_43334,39.711339,-105.0532605,2/16/2016 14:30,14:30,15,0,0,ALAMEDA AVENUE WEST & SHERIDAN BOULEVARD SOUTH,1,1,1,0,1,4,,0,40,0,0,0,0,0,4,2,1
,2016_43335,39.63453298,-105.1098043,2/12/2016 19:42,19:42,1,0,0,KIPLING STREET SOUTH & STANFORD AVENUE WEST,1,3,0,0,1,1,,0,40,0,0,0,0,0,4,2,13
,2016_43336,39.64891913,-105.0346473,4/3/2016 0:30,0:30,12,0,1,SOUTH LOWELL BOULEVARD & WEST RADCLIFF AVENUE,1,3,1,0,1,1,,0,30,0,0,0,0,2,4,2,13
,2016_43352,39.773187,-104.809932,11/10/2016 18:12,18:12,15,0,0,CHAMBERS ROAD NORTH & 40TH AVENUE EAST,1,3,1,7,1,3,,0,40,0,0,0,0,0,4,2,16
,2016_43353,39.66021,-104.8623165,11/18/2016 8:11,8:11,15,0,1,DARTMOUTH AVENUE EAST & JAMAICA COURT SOUTH,5,1,0,2,1,2,,0,35,0,0,0,0,2,4,2,1
,2016_43359,39.64565651,-104.8803092,3/9/2016 15:44,15:44,12,0,0,BOSTON STREET & 5100 SOUTH,1,1,0,0,1,1,,0,25,0,0,0,0,0,4,2,16
,2016_43360,39.711339,-105.0532605,11/6/2016 7:35,7:35,15,0,0,ALAMEDA AVENUE WEST & SHERIDAN BOULEVARD SOUTH,1,1,1,0,1,4,,0,40,0,0,0,0,0,4,2,14
,2016_43361,39.667491,-104.866164,8/15/2016 23:10,23:10,12,0,0,YALE AVENUE EAST & HAVANA STREET,1,3,0,7,1,3,,0,40,0,0,0,0,0,4,2,16
,2016_43368,39.64565651,-104.8803092,6/28/2016 18:00,18:00,15,0,1,BOSTON STREET & 6600 BLOCK SOUTH,1,1,0,0,1,4,,0,35,0,0,0,1,2,4,1,14
,2016_43369,39.64565651,-104.8803092,11/10/2016 10:21,10:21,6,0,0,BOSTON STREET & 6450,1,1,0,0,5,7,,0,20,0,0,0,0,0,3,2,13
,2016_43370,39.710988,-104.865993,3/7/2016 16:33,16:33,12,0,0,ALAMEDA AVENUE EAST & HAVANA STREET SOUTH,1,1,1,0,1,3,,0,40,0,0,0,0,1,4,3,14
,2016_43371,39.747456,-104.8846905,4/27/2016 18:00,18:00,12,0,0,MONTVIEW BOULEVARD EAST & YOSEMITE STREET NORTH,1,1,0,0,1,4,,0,35,0,0,0,0,0,4,2,3
,2016_43376,39.63546914,-105.034752,1/1/2016 18:21,18:21,6,0,0,LOWELL BOULEVARD & 4642 SOUTH,1,4,0,0,1,4,,0,35,0,0,0,0,0,4,2,8
,2016_43379,39.71266166,-104.9316322,7/6/2016 12:49,12:49,1,0,0,DAHLIA STREET & 900 BLOCK SOUTH,1,1,0,0,1,2,,0,25,0,0,0,0,0,4,2,13
,2016_43382,39.773187,-104.809932,10/15/2016 21:17,21:17,15,0,0,CHAMBERS ROAD NORTH & 40TH AVENUE EAST,1,3,1,1,1,4,,0,40,0,0,0,0,0,4,2,3
,2016_43383,39.798297,-104.891796,4/2/2016 20:07,20:07,12,0,0,VALENTIA STREET & 56TH AVENUE EAST,1,3,0,0,1,3,,0,20,0,0,0,0,0,4,3,16
,2016_43389,39.624192,-104.8853295,11/21/2016 12:20,12:20,12,0,0,BELLEVIEW AVENUE 8900 EAST & YOSEMITE STREET 5100 SOUTH,1,1,1,7,1,3,,0,35,0,0,0,0,0,4,2,4
,2016_43392,39.741948,-104.8846725,10/27/2016 14:03,14:03,3,0,1,16TH AVENUE EAST & YOSEMITE STREET NORTH,1,1,0,7,1,1,,0,25,0,0,0,0,2,4,2,16
,2016_43393,39.71016,-104.870754,10/16/2016 10:31,10:31,12,0,2,ALAMEDA AVENUE EAST & GALENA WAY SOUTH,1,1,0,7,1,3,,0,35,0,0,0,0,2,4,2,1
,2016_43394,39.710988,-104.865993,5/18/2016 6:35,6:35,12,0,0,ALAMEDA AVENUE & HAVANA STREET,1,1,0,0,1,4,,0,40,0,0,0,0,0,4,2,13
,2016_43395,39.689334,-104.903604,5/19/2016 11:39,11:39,15,0,0,FLORIDA AVENUE & QUEBEC STREET,1,1,1,0,1,4,,0,35,0,0,0,0,0,4,2,13
,2016_43396,39.70746,-104.865993,2/29/2016 15:29,15:29,6,0,0,VIRGINIA AVENUE EAST & HAVANA STREET SOUTH,1,1,0,7,1,4,,0,25,0,0,0,0,0,4,2,14
,2016_43401,39.667707,-104.9735025,11/29/2016 14:08,14:08,12,0,0,YALE AVENUE EAST & DOWNING STREET SOUTH,1,1,0,0,1,3,,0,,0,0,0,0,0,4,2,2
,2016_43403,39.66021,-104.8623165,9/12/2016 17:44,17:44,15,0,0,SOUTH DARTMOUTH AVENUE & SOUTH JAMAICA COURT,1,1,0,0,1,1,,0,25,0,0,0,0,0,4,2,1
,2016_43404,39.72555,-104.875353,12/22/2016 22:11,22:11,12,0,0,DAYTON STREET & SIXTH AVENUE EAST,1,3,0,7,1,1,,0,60,0,0,0,0,1,4,2,5
,2016_43405,39.754764,-104.85405,8/30/2016 17:39,17:39,12,0,0,NORTH MOLINE STREET & EAST 26TH AVENUE,1,1,1,7,1,1,,0,25,0,0,0,0,1,4,3,1
,2016_43415,39.71266166,-104.9316322,4/22/2016 10:43,10:43,3,0,0,DAHLIA STREET & 1000 BLOCK,1,1,1,0,1,2,,0,10,0,0,0,0,0,4,2,13
,2016_43416,39.63453298,-105.1098043,11/11/2016 12:11,12:11,3,0,0,KIPLING STREET SOUTH & STANFORD AVENUE WEST,1,1,0,7,1,1,,0,40,0,0,0,0,0,4,2,7
,2016_43418,39.72555,-104.875353,11/16/2016 11:30,11:30,1,0,0,SIXTH AVENUE EAST & DAYTON STREET NORTH,1,1,0,7,1,1,,0,35,0,0,0,0,0,4,2,7
,2016_43419,39.773187,-104.809932,1/20/2016 10:10,10:10,14,0,0,CHAMBERS ROAD NORTH & 40TH AVENUE EAST,1,1,0,0,1,4,,0,40,0,0,0,0,1,4,2,1
,2016_43420,39.747456,-104.8846905,3/14/2016 15:07,15:07,15,0,0,EAST MONTVIEW BOULEVARD & NORTH YOSEMITE STREET,1,1,0,0,1,3,,0,25,0,0,0,0,0,4,2,7
,2016_43421,39.798297,-104.891796,9/1/2016 21:56,21:56,1,0,1,56TH AVENUE EAST & VALENTIA STREET,1,3,0,0,1,1,,0,,0,0,0,0,2,4,2,14
,2016_43422,39.798297,-104.891796,9/12/2016 18:54,18:54,1,0,0,EAST 56TH AVENUE & VALENTIA STREET,1,2,0,7,1,1,,0,45,0,0,0,0,1,4,2,16
,2016_43428,39.710988,-104.865993,6/25/2016 21:58,21:58,12,0,1,ALAMEDA AVENUE EAST & HAVANA STREET SOUTH,1,4,0,7,1,4,,0,40,0,0,0,0,2,4,2,5
,2016_43429,39.674754,-104.870862,11/22/2016 18:17,18:17,12,0,0,ILIFF AVENUE EAST & PARKER ROAD SOUTH,1,3,0,7,1,3,,0,40,0,0,0,0,0,4,2,7
,2016_43430,39.737268,-104.8846815,11/1/2016 19:00,19:00,12,0,0,YOSEMITE STREET NORTH & 13TH AVENUE EAST,1,1,0,7,1,1,,0,30,0,0,0,0,0,4,2,16
,2016_43441,39.743766,-104.8846725,6/15/2016 19:20,19:20,3,0,0,17TH AVENUE EAST & YOSEMITE STREET NORTH,1,1,0,0,1,1,,0,35,0,0,0,0,0,4,3,13
,2016_43453,39.6677025,-104.986314,4/12/2016 18:43,18:43,6,0,0,LINCOLN STREET SOUTH & YALE AVENUE EAST,1,1,0,7,1,3,,0,25,0,0,0,0,0,4,2,16
,2016_43454,39.791043,-105.053265,9/13/2016 5:55,5:55,6,0,0,52ND AVENUE WEST & SHERIDAN BOULEVARD NORTH,1,4,0,0,3,4,,0,30,0,0,0,0,1,4,4,3
,2016_43456,39.79827,-104.8972815,10/22/2016 16:12,16:12,15,0,0,56TH AVENUE EAST & SPRUCE STREET,1,1,0,7,1,4,,0,45,0,0,0,0,0,4,2,16
,2016_43463,39.747456,-104.8846905,12/12/2016 17:00,17:00,3,0,0,MONTVIEW BOULEVARD EAST & YOSEMITE STREET NORTH,1,3,0,0,1,1,,0,35,0,0,0,0,0,4,2,14
,2016_43465,39.783816,-104.912892,10/6/2016 9:23,9:23,3,0,0,48TH AVENUE EAST & MONACO STREET,2,1,0,1,1,1,,0,,0,0,0,0,1,4,2,1
,2016_43479,39.678651,-105.0110325,12/14/2016 13:15,13:15,3,0,0,TEJON & EVANS,1,1,0,0,1,2,,0,35,0,0,0,0,0,4,2,13
,2016_43480,39.63453298,-105.1098043,10/29/2016 18:59,18:59,1,0,0,KIPLING STREET SOUTH & STANDFORD AVENUE WEST,1,3,0,7,1,1,,0,35,0,0,0,0,0,4,2,16
,2016_43481,39.710988,-104.865993,6/23/2016 19:55,19:55,15,0,0,ALAMEDA AVENUE EAST & HAVANA STREET SOUTH,1,1,0,7,1,3,,0,40,0,0,0,0,0,4,2,14
,2016_43482,39.737268,-104.8846815,12/26/2016 19:36,19:36,12,0,0,YOSEMITE STREET NORTH & 13TH AVENUE EAST,1,3,0,7,1,1,,0,35,0,0,0,0,0,4,2,7