id,drcog_id,latitude,longitude,crashtime,time,crashtype,numbkilled,numbinjurd,drcoglocat,rdconditin,lightngcon,roadcntgrd,weatherco,location,roaddescrp,schoolzone,constrzone,splimit,bikeinv,pedinv,sctrinv,motoinv,svrty,rdsystem,ttlvehcls,hcf
,2016_43483,39.738672,-104.8846635,11/4/2016 13:05,13:05,3,0,0,YOSEMITE STREET NORTH & 14TH AVENUE EAST,1,1,0,7,1,1,,0,25,0,0,0,0,1,4,2,16
,2016_43492,39.667707,-104.9735025,12/13/2016 17:27,17:27,1,0,0,DOWNING STREET SOUTH & YALE AVENUE EAST,1,3,0,0,1,1,,0,30,0,0,0,0,0,4,2,13
,2016_43494,39.743766,-104.8846725,3/27/2016 2:05,2:05,6,0,0,17TH AVENUE EAST & YOSEMITE AVENUE NORTH,1,3,0,7,1,4,,0,30,0,0,0,0,0,4,2,5
,2016_43499,39.624192,-104.8853295,2/24/2016 23:09,23:09,15,0,0,BELLEVIEW AVENUE EAST & YOSEMITE STREET SOUTH,1,3,0,0,1,1,,0,15,0,0,0,0,0,4,2,16
,2016_43500,39.720123,-104.875371,3/18/2016 8:03,8:03,6,0,0,NORTH DAYTON STREET & THIRD AVENUE EAST,4,1,0,2,1,4,,0,40,0,0,0,0,0,4,3,14
,2016_43501,39.674754,-104.870862,10/21/2016 19:12,19:12,12,0,0,ILIFF AVENUE EAST & PARKER ROAD SOUTH,1,3,0,7,1,3,,0,30,0,0,0,0,0,4,2,14
,2016_43509,39.624192,-104.8853295,2/19/2016 7:56,7:56,12,0,0,BELLEVIEW AVENUE EAST & YOSEMITE STREET SOUTH,1,1,1,0,1,3,,0,35,0,0,0,0,0,4,2,4
,2016_43510,39.624192,-104.8853295,7/28/2016 14:35,14:35,12,0,0,BELLEVIEW AVENUE EAST & YOSEMITE STREET SOUTH,1,1,0,0,1,1,,0,40,0,0,0,0,0,4,2,14
,2016_43511,39.711339,-105.0532605,1/14/2016 11:01,11:01,12,0,0,ALAMEDA AVENUE WEST & SHERIDAN BOULEVARD SOUTH,8,1,1,0,1,4,,0,40,0,0,0,0,0,4,2,13
,2016_43517,39.63453298,-105.1098043,10/21/2016 13:18,13:18,1,0,0,KIPLING STREET SOUTH & STANFORD AVENUE WEST,1,1,0,7,1,1,,0,45,0,0,0,0,1,4,2,16
,2016_43524,39.732822,-104.884731,6/17/2016 17:45,17:45,12,0,0,11TH AVENUE EAST & YOSEMITE STREET NORTH,1,1,0,0,1,3,,0,30,0,0,0,0,1,4,3,5
,2016_43530,39.660219,-104.864481,5/24/2016 8:05,8:05,1,0,1,DARTMOUTH AVENUE & BETHANY DRIVE,1,1,1,0,1,1,,0,35,0,0,0,0,2,4,2,3
,2016_43540,39.711339,-105.0532605,10/24/2016 21:05,21:05,12,0,0,ALAMEDA AVENUE WEST & SHERIDAN BOULEVARD SOUTH,1,3,0,7,1,4,,0,40,0,0,0,0,1,4,2,16
,2016_43542,39.743766,-104.8846725,6/11/2016 7:56,7:56,1,0,0,17TH AVENUE EAST & YOSEMITE STREET NORTH,1,1,0,0,1,1,,0,30,0,0,0,0,0,4,3,7
,2016_43543,39.660219,-104.864481,11/7/2016 4:30,4:30,5,0,0,BETHANY DRIVE EAST & DARTMOUTH AVENUE EAST,1,4,1,7,3,4,,0,35,0,0,0,0,0,4,1,3
,2016_43553,39.667716,-104.9828625,5/10/2016 13:51,13:51,1,0,0,LOGAN STREET & YALE AVENUE,1,1,0,0,1,1,,0,,0,0,0,0,0,4,2,13
,2016_43554,39.678651,-105.0110325,11/4/2016 9:01,9:01,15,0,0,TEJON STREET SOUTH & EVANS AVENUE WEST,1,1,0,0,1,1,,0,30,0,0,0,0,0,4,2,13
,2016_43556,39.735603,-104.8846905,10/12/2016 17:38,17:38,3,0,1,YOSEMITE STREET NORTH & 12TH AVENUE EAST,1,2,0,7,1,1,,0,25,0,0,0,0,2,4,2,16
,2016_43565,39.678678,-105.01335,4/9/2016 5:56,5:56,5,0,0,VALLEJO STREET SOUTH & EVANS AVENUE WEST,1,2,0,0,3,1,,0,35,0,0,0,0,1,4,1,5
,2016_43566,39.72555,-104.875353,6/22/2016 14:42,14:42,15,0,0,SIXTH AVENUE EAST & DAYTON STREET NORTH,1,1,0,7,1,4,,0,35,0,0,0,0,1,4,2,5
,2016_43567,39.798279,-104.89419,9/15/2016 13:58,13:58,12,0,0,56TH AVENUE & UINTA STREET,1,1,0,7,1,3,,0,35,0,0,0,0,1,4,2,14
,2016_43571,39.64943689,-105.0626158,8/29/2016 2:12,2:12,6,0,0,HARLAN STREET SOUTH & 1218,1,4,0,0,1,4,,0,25,0,0,0,0,1,4,3,5
,2016_43572,39.732822,-104.884731,10/18/2016 8:05,8:05,12,0,0,11TH AVENUE EAST & YOSEMITE STREET NORTH,1,1,0,7,1,3,,0,30,0,0,0,0,0,4,2,3
,2016_43574,39.745575,-104.8846725,5/6/2016 18:33,18:33,3,0,0,YOSEMITE STREET NORTH & 19TH AVENUE EAST,1,2,0,0,1,1,,0,30,0,0,0,0,0,4,2,13
,2016_43575,39.798297,-104.891796,3/3/2016 15:59,15:59,15,0,0,EAST 56TH AVENUE & VALENTIA STREET,1,1,0,0,1,4,,0,45,0,0,0,0,0,4,2,13
,2016_43576,39.785247,-104.9028525,7/19/2016 14:57,14:57,5,0,0,SANDCREEK DRIVE & 49TH AVENUE EAST,1,1,0,0,3,4,,0,35,0,0,0,0,1,4,1,14
,2016_43580,39.667698,-104.987511,1/17/2016 21:00,21:00,6,0,0,BROADWAY SOUTH & YALE AVENUE,1,3,0,7,1,4,,0,35,0,0,0,0,0,4,2,5
,2016_43581,39.660363,-104.9594355,10/12/2016 7:05,7:05,12,0,0,DARTMOUTH AVENUE & UNIVERSITY BOULEVARD,2,1,0,7,1,3,,0,,0,0,0,0,0,4,2,7
,2016_43582,39.71266166,-104.9316322,9/5/2016 18:35,18:35,5,0,1,DAHLIA STREET & 900 BLOCK SOUTH,1,2,0,0,2,2,,0,30,0,0,0,0,2,4,1,5
,2016_43583,39.754764,-104.85405,1/1/2016 3:59,3:59,5,0,0,26TH AVENUE EAST & MOLINE STREET NORTH,1,4,0,0,4,1,,0,25,0,0,0,0,0,4,1,5
,2016_43593,39.64943689,-105.0626158,8/15/2016 7:51,7:51,5,0,0,HARLAN STREET SOUTH & 1680,1,1,0,0,3,1,,0,25,0,0,0,0,0,4,1,15
,2016_43596,39.743766,-104.8846725,1/15/2016 18:27,18:27,12,0,0,17TH AVENUE EAST & YOSEMITE STREET NORTH,1,3,0,0,1,1,,0,25,0,0,0,0,0,4,2,14
,2016_43603,39.624192,-104.8853295,4/27/2016 13:29,13:29,1,0,0,YOSEMITE STREET 5100 SOUTH & BELLEVIEW AVENUE EAST,1,1,0,0,1,1,,0,35,0,0,0,0,0,4,2,14
,2016_43604,39.737268,-104.8846815,3/17/2016 16:52,16:52,3,0,0,YOSEMITE STREET NORTH & 13TH AVENUE EAST,2,1,0,2,1,1,,0,30,0,0,0,0,0,4,3,16
,2016_43616,39.64891913,-105.0346473,8/22/2016 1:31,1:31,6,0,0,LOWELL BOULEVARD & 3600 BLOCK SOUTH,1,3,0,0,1,4,,0,25,0,0,0,0,1,4,2,5
,2016_43618,39.741948,-104.8846725,10/9/2016 9:38,9:38,12,0,0,16TH AVENUE EAST & YOSEMITE STREET NORTH,1,1,0,7,1,3,,0,25,0,0,0,0,0,4,2,5
,2016_43623,39.667779,-105.0651,1/25/2016 20:10,20:10,14,0,0,YALE AVENUE WEST & VASSAR WAY WEST,5,3,1,0,1,4,,0,30,0,0,0,0,0,4,2,1
,2016_43626,39.667716,-104.9828625,10/17/2016 17:40,17:40,6,0,0,YALE AVENUE EAST & LOGAN STREET SOUTH,1,1,0,0,1,1,,0,30,0,0,0,0,0,4,2,8
,2016_43627,39.73311,-105.053247,1/12/2016 8:59,8:59,12,0,0,10TH AVENUE WEST & SHERIDAN BOULEVARD,1,1,0,0,1,4,,0,30,0,0,0,0,0,4,2,13
,2016_43628,39.747456,-104.8846905,11/7/2016 15:13,15:13,12,0,0,YOSEMITE STREET NORTH & MONTVIEW BOULEVARD EAST,1,1,0,7,1,4,,0,35,0,0,0,0,1,4,3,16
,2016_43636,39.711332,-105.053258,9/28/2016 18:42,18:42,11,0,1,SHERIDAN BOULEVARD SOUTH & ALAMEDA AVENUE WEST,1,2,0,0,1,1,,0,,0,1,0,0,2,2,2,14
,2016_43638,39.693285,-105.053215,12/22/2016 12:17,12:17,11,0,1,SHERIDAN BOULEVARD & LOUISIANA AVENUE WEST,1,1,1,0,1,1,,0,35,0,1,0,0,2,2,2,14
,2016_43646,39.631444,-105.025488,2/5/2016 18:56,18:56,11,0,0,FEDERAL BOULEVARD SOUTH & UNION AVENUE WEST,1,3,0,0,1,1,,0,,0,1,0,0,0,2,2,13
,2016_43651,39.63453298,-105.1098043,2/15/2016 18:00,18:00,11,0,1,KIPLING STREET SOUTH & STANFORD AVENUE WEST,1,1,0,0,1,1,,0,30,0,1,0,0,2,4,2,13
,2016_43652,39.801582,-104.7626955,4/25/2016 17:30,17:30,11,0,0,DUNKIRK STREET NORTH & 58TH AVENUE EAST,1,1,0,0,1,1,,0,25,0,1,0,0,1,4,2,13
,2016_43653,39.734181,-104.884713,12/6/2016 16:10,16:10,11,0,0,YOSEMITE STREET NORTH & RICHTHOFEN PLACE EAST,1,1,0,0,1,1,,0,25,0,1,0,0,0,4,2,13
,2016_43656,39.69659,-104.940565,9/22/2016 17:50,17:50,2,0,0,COLORADO BOULEVARD SOUTH & MISSISSIPPI AVENUE EAST,1,1,0,0,1,1,,0,35,1,0,0,0,1,2,2,13
,2016_43657,39.736752,-105.053215,10/30/2016 16:18,16:18,2,0,0,SHERIDAN AVENUE & 13TH AVENUE WEST,1,1,0,0,1,1,,0,35,1,0,0,0,0,2,2,13
,2016_43658,39.772969,-105.053235,5/24/2016 19:29,19:29,2,0,0,41ST AVENUE & SHERIDAN BOULEVARD,1,1,0,0,1,1,,0,40,1,0,0,0,1,2,2,13
,2016_43660,39.80025004,-104.7628635,8/18/2016 19:59,19:59,2,0,1,57TH AVENUE EAST & DUNKIRK STREET NORTH,1,1,0,1,1,1,,0,25,1,0,0,0,2,4,2,13
,2016_43664,39.691296,-105.02973,8/20/2016 21:43,21:43,6,0,0,IRVING STREET SOUTH & ARKANSAS AVENUE WEST,1,3,0,0,3,4,,0,,0,0,0,0,0,4,2,13
,2016_43683,39.7899,-104.827113,9/28/2016 13:45,13:45,5,0,0,CROWN BOULEVARD NORTH & 5141 NORTH CROWN BOULEVARD,1,1,0,0,3,2,,0,25,0,0,0,0,0,4,1,13
,2016_43684,39.73298935,-105.00282,3/1/2016 13:01,13:01,5,0,0,MARIPOSA STREET & 3570 NORTH,1,1,1,0,3,5,,0,15,0,0,0,0,0,4,1,13
,2016_43685,39.760803,-104.985864,5/28/2016 5:11,5:11,5,0,0,27TH STREET & BLAKE STREET,1,2,0,0,4,7,,1,25,0,0,0,0,0,4,1,1
,2016_43687,39.64588616,-104.8956573,9/4/2016 12:00,12:00,5,0,0,TAMARAC DRIVE SOUTH & 3500 BLOCK,1,4,0,0,3,4,,0,35,0,0,0,0,0,4,1,5
,2016_43696,39.722517,-104.9951835,11/26/2016 12:20,12:20,6,0,0,FOX STREET NORTH & FOURTH AVENUE WEST,1,1,0,0,1,4,,0,,0,0,0,0,0,4,3,13
,2016_43699,39.780036,-104.760963,8/13/2016 8:00,8:00,6,0,0,ESPANA WAY & 46TH AVENUE EAST,1,4,0,0,1,1,,0,,0,0,0,0,0,4,2,13
,2016_43703,39.761838,-104.9383125,9/18/2016 8:10,8:10,6,0,0,ASH STREET 3300 BLOCK NORTH & MLK BOULEVARD EAST,1,1,0,0,1,4,,0,,0,0,0,0,0,4,3,13
,2016_43708,39.77938356,-105.0267865,9/27/2016 8:00,8:00,6,0,0,GROVE STREET NORTH & 3300 BLOCK,1,1,0,0,1,4,,0,25,0,0,0,1,0,4,2,14
,2016_43709,39.798396,-104.786415,4/28/2016 0:07,0:07,5,0,0,56TH AVENUE 17700 BLOCK EAST & PENA BOULEVARD,1,3,1,7,3,4,,1,30,0,0,0,0,0,4,1,16
,2016_43713,39.711204,-105.032745,12/7/2016 6:05,6:05,5,0,0,KNOX COURT 200 BLOCK SOUTH & ALAMEDA AVENUE WEST,4,3,1,2,3,4,,0,25,0,0,0,0,0,4,1,7
,2016_43714,39.760893,-104.9502915,3/5/2016 7:37,7:37,5,0,0,STEELE STREET 3101 NORTH & PVT PROP,1,1,0,7,3,3,,0,25,0,0,0,0,0,4,1,16
,2016_43722,39.729265,-105.014796,8/31/2016 16:37,16:37,15,0,0,I25 & EIGHTH AVENUE WEST,1,1,1,0,1,4,,0,,0,0,0,0,0,1,2,13
,2016_43741,39.779758,-104.970202,1/31/2016 19:50,19:50,15,0,0,I70 & BRIGHTON BOULEVARD NORTH,5,3,0,2,1,4,,0,55,0,0,0,0,0,1,2,13
,2016_43743,39.78954,-104.772231,2/16/2016 3:26,3:26,5,0,0,TOWER ROAD NORTH & 51ST AVENUE EAST,1,3,0,0,3,4,,0,45,0,0,0,0,0,4,1,5
,2016_43745,39.785607,-105.035805,9/21/2016 23:00,23:00,6,0,0,MEADE STREET NORTH & 49TH AVENUE EAST,1,3,0,0,1,4,,0,,0,0,0,0,0,4,2,13
,2016_43759,39.725478,-105.01308,11/26/2016 21:10,21:10,5,0,0,SIXTH AVENUE WEST & I25,1,3,0,0,1,4,,0,55,0,0,0,0,0,2,1,13
,2016_43765,39.720915,-105.0117705,2/12/2016 19:40,19:40,5,0,0,THIRD AVENUE WEST & UMATILLA STREET,1,3,0,0,2,1,,0,15,0,0,0,0,0,4,1,8
,2016_43769,39.77829,-104.903604,3/25/2016 4:15,4:15,5,0,0,QUEBEC STREET NORTH & I70,5,3,1,0,3,4,,0,45,0,0,0,0,0,4,1,13
,2016_43771,39.72411,-104.9985945,9/13/2016 12:00,12:00,6,0,0,FIFTH AVENUE WEST & SANTA FE DRIVE NORTH,1,1,0,0,1,4,,0,,0,0,0,0,0,4,2,13
,2016_43779,39.738485,-104.940602,9/2/2016 10:20,10:20,5,0,0,14TH EAST & COLORADO BOULEVARD,1,1,0,0,2,1,,0,40,0,0,0,0,0,2,1,13
,2016_43792,39.65424,-105.040145,1/31/2016 20:23,20:23,5,0,0,HAMPDEN AVENUE & RALEIGH STREET SEP,5,3,0,2,3,4,,0,65,0,0,0,0,1,2,1,14
,2016_43805,39.760997,-105.004271,12/16/2016 1:16,1:16,5,0,0,I25 & 20TH STREET,1,3,0,0,2,4,,0,55,0,0,0,0,0,1,1,1
,2016_43807,39.632192,-104.905941,5/9/2016 22:10,22:10,5,0,0,I25 & MM 199.9,1,4,0,0,2,4,,0,65,0,0,0,0,1,1,1,7
,2016_43823,39.778259,-104.896485,10/26/2016 16:22,16:22,12,0,0,I70 & I270 FLYOVER,1,1,0,0,1,4,,0,55,0,0,0,0,0,1,2,14
,2016_43826,39.639223,-104.885207,1/8/2016 14:11,14:11,5,0,0,I225 & SOUTH YOSEMITE STREET,2,1,0,2,3,4,,0,55,0,0,0,0,0,1,1,13
,2016_43843,39.689119,-104.940546,10/26/2016 21:54,21:54,5,0,0,COLORADO BOULEVARD SOUTH & FLORIDA AVENUE EAST,1,3,0,0,2,1,,0,35,0,0,0,0,0,2,1,5
,2016_43844,39.784135,-104.94045,7/25/2016 15:00,15:00,9,0,0,48TH AVENUE EAST & COLORADO BOULEVARD NORTH,1,1,0,0,1,1,,0,35,0,0,0,0,0,2,1,13
,2016_43848,39.628541,-104.9042,5/6/2016 7:38,7:38,12,0,0,I25 & UNION AVENUE EAST,1,1,0,0,1,4,,0,65,0,0,0,0,0,1,2,3
,2016_43850,39.760997,-105.004271,12/3/2016 18:11,18:11,12,0,0,I25 & 20TH STREET,1,3,0,0,1,4,,0,55,0,0,0,0,0,1,2,8
,2016_43859,39.723536,-105.011305,1/7/2016 17:54,17:54,12,0,0,I25 & SIXTH AVENUE WEST INTERCHANGE,2,3,0,0,1,4,,0,55,0,0,0,0,0,1,2,13
,2016_43870,39.781068,-104.949713,5/10/2016 21:42,21:42,1,0,0,STEELE STREET & 4600 BLOCK NORTH,1,3,0,0,1,3,,0,25,0,0,0,0,1,2,2,13
,2016_43875,39.740028,-104.982228,12/16/2016 20:45,20:45,10,0,0,LOGAN STREET & COLFAX AVENUE EAST,4,3,0,2,1,1,,0,30,0,0,0,0,0,2,2,8
,2016_43878,39.639143,-104.885372,4/27/2016 8:01,8:01,12,0,0,I225 SLIP RAMP ON & YOSEMITE STREET SOUTH,1,1,0,0,1,14,,0,35,0,0,0,0,0,1,2,13
,2016_43879,39.788988,-105.025201,4/13/2016 7:55,7:55,12,0,0,FEDERAL BOULEVARD 5100 BLOCK NORTH & 51ST AVENUE WEST,1,1,0,0,1,4,,0,35,0,0,0,0,0,2,2,13
,2016_43885,39.668578,-105.02509,3/9/2016 13:31,13:31,12,0,0,COLLEGE AVENUE WEST & FEDERAL BOULEVARD SOUTH,1,1,0,0,1,1,,0,40,0,0,0,0,0,2,2,7
,2016_43889,39.74403,-104.9406,3/24/2016 23:53,23:53,9,0,0,COLORADO BOULEVARD NORTH & 17TH AVENUE EAST,2,4,0,0,2,4,,0,30,0,0,0,0,0,2,2,14
,2016_43890,39.639269,-104.910279,12/11/2016 6:58,6:58,5,0,0,I25 & QUINCY AVENUE BRIDGE,5,1,0,0,2,4,,0,60,0,0,0,0,0,1,1,1
,2016_43895,39.724876,-105.025125,12/3/2016 17:30,17:30,15,0,0,HAMPDEN AVENUE WEST & SHERIDAN BOULEVARD SOUTH,1,3,0,0,1,1,,0,55,0,0,0,0,0,2,2,1
,2016_43900,39.780989,-104.967218,9/2/2016 13:26,13:26,5,0,0,46TH AVENUE WEST NOT CDOT & BALDWIN / BRIGHTON ALLEY,1,1,0,0,3,5,,0,15,0,0,0,0,0,4,1,13
,2016_43901,39.712765,-104.999836,2/19/2016 17:29,17:29,15,0,0,I25 & ALAMEDA AVENUE WEST,1,3,0,0,1,4,,0,55,0,0,0,0,0,1,2,13
,2016_43903,39.778295,-104.903454,10/20/2016 17:44,17:44,12,0,0,I70 & NORTHFIELD QUEBEC STREET,1,1,0,0,1,4,,0,55,0,0,0,0,0,1,2,5
,2016_43915,39.696718,-105.025071,12/13/2016 10:30,10:30,5,0,0,FEDERAL BOULEVARD & MISSISSIPPI AVENUE,1,1,0,0,3,1,,0,35,0,0,0,0,1,2,1,14
,2016_43926,39.725402,-105.014889,3/17/2016 0:46,0:46,5,0,0,SIXTH AVENUE 2400 BLOCK WEST & I25,1,3,0,0,2,4,,0,55,0,0,0,0,0,2,1,1
,2016_43933,39.631877,-104.905819,3/29/2016 8:24,8:24,12,0,0,I25 & MM 200,1,1,0,0,1,4,,0,65,0,0,0,0,0,1,2,1
,2016_43935,39.780012,-104.961148,7/16/2016 14:56,14:56,12,0,0,I70 & MM 275,1,1,0,0,1,4,,0,55,0,0,0,1,0,1,2,13
,2016_43939,39.687326,-104.940544,8/20/2016 11:00,11:00,1,0,0,COLORADO BOULEVARD SOUTH & IOWA AVENUE EAST,1,1,0,0,1,1,,0,,0,0,0,0,0,2,2,13
,2016_43942,39.739998,-104.978667,5/8/2016 21:40,21:40,10,0,0,COLFAX AVENUE EAST & WASHINGTON STREET NORTH,1,3,0,0,1,1,,0,30,0,0,0,0,0,2,2,13
,2016_43944,39.714831,-105.02514,11/18/2016 14:46,14:46,5,0,0,FEDERAL BOULEVARD SOUTH & BAYAUD AVENUE WEST,1,1,1,0,2,4,,0,30,0,0,0,0,0,2,1,7
,2016_43948,39.687625,-104.940545,1/6/2016 18:35,18:35,12,0,0,COLORADO BOULEVARD SOUTH & IOWA AVENUE EAST,1,4,0,0,1,4,,0,40,0,0,0,0,0,2,2,14
,2016_43951,39.753678,-105.014696,4/1/2016 15:40,15:40,12,0,0,I25 & SPEER BOULEVARD NORTHBOUND OFF RAMP,1,1,0,0,1,4,,0,55,0,0,0,0,0,1,2,13
,2016_43966,39.653685,-105.044984,9/18/2016 16:50,16:50,15,0,0,HAMPDEN AVENUE WEST & MM 257,1,1,1,0,1,4,,0,65,0,0,0,0,0,2,2,13
,2016_43969,39.711208,-104.998391,7/3/2016 8:10,8:10,1,0,0,ALAMEDA AVENUE WEST & KALAMATH STREET SOUTH,1,1,0,0,1,1,,1,30,0,0,0,0,0,2,2,13
,2016_43972,39.740185,-104.957457,11/10/2016 17:40,17:40,12,0,0,COLFAX AVENUE EAST & COLUMBINE STREET NORTH,1,3,0,0,1,3,,0,35,0,0,0,0,0,2,2,13
,2016_43976,39.697504,-104.982761,8/23/2016 6:50,6:50,15,0,0,I25 & LOGAN STREET SOUTH,1,1,0,0,1,4,,0,,0,0,0,0,0,1,2,13
,2016_43977,39.684917,-104.950829,12/23/2016 19:20,19:20,5,0,0,I25 & STEELE STREET,1,3,0,0,2,4,,0,60,0,0,0,0,0,1,1,13
,2016_43982,39.783443,-105.010422,11/15/2016 13:41,13:41,5,0,0,I70 EASTBOUND OFF RAMP GORE POINT & PECOS STREET,1,1,1,0,2,14,,0,55,0,0,0,0,0,1,1,13
,2016_43989,39.639223,-104.885207,1/4/2016 17:42,17:42,12,0,0,I225 & YOSEMITE STREET SOUTH,1,3,0,0,1,4,,0,55,0,0,0,0,0,1,2,13
,2016_43991,39.725165,-105.012815,11/27/2016 4:20,4:20,9,0,0,I25 NORTHBOUND OFF RAMP & SIXTH AVENUE EASTBOUND / WB EXIT,1,3,1,0,2,14,,0,25,0,0,0,0,0,1,1,5
,2016_43992,39.741759,-105.014471,12/8/2016 7:55,7:55,5,0,1,I25 & COLFAX AVENUE,11,1,1,0,2,4,,0,55,0,0,0,0,2,1,1,7
,2016_44001,39.739992,-104.964783,8/5/2016 12:12,12:12,12,0,0,COLFAX AVENUE & HIGH STREET EAST ROAD SOUTH,1,1,0,0,1,3,,0,,0,0,0,0,0,2,2,13
,2016_44005,39.682977,-104.939968,12/12/2016 6:45,6:45,12,0,0,I25 & COLORADO BOULEVARD SOUTH,1,2,0,0,1,4,,0,65,0,0,0,0,0,1,2,13
,2016_44006,39.740081,-104.915186,8/9/2016 17:37,17:37,12,0,0,COLFAX AVENUE 6200 BLOCK EAST & LEYDEN,1,1,0,0,1,4,,0,,0,0,0,0,0,2,2,13
,2016_44011,39.706469,-105.025085,10/2/2016 11:29,11:29,1,0,0,FEDERAL BOULEVARD SOUTH & 550 SOUTH FEDERAL BOULEVARD,1,1,0,0,1,2,,0,35,0,0,0,0,0,2,2,3
,2016_44020,39.745172,-105.017638,10/28/2016 10:30,10:30,5,0,0,I25 NORTHBOUND  & 18TH AVENUE WEST,1,1,1,0,1,4,,0,55,0,0,0,0,0,1,2,13
,2016_44023,39.734838,-104.940603,1/8/2016 12:40,12:40,12,0,0,12TH AVENUE EAST & COLORADO BOULEVARD NORTH,5,1,0,2,1,1,,0,30,0,0,0,0,0,2,2,13
,2016_44025,39.683094,-104.940452,1/11/2016 15:36,15:36,15,0,0,I25 NORTHBOUND & HIGHWAY 2A / COLORADO BOULEVARD SOUTH,1,1,1,0,1,4,,0,60,0,0,0,0,0,1,2,13
,2016_44026,39.768049,-104.994761,9/15/2016 1:31,1:31,9,0,1,38TH AVENUE WEST SOUTHBOUND RAMP ON & FOX STREET / I25 INTCH,1,3,1,0,3,14,,0,35,0,0,0,1,2,1,1,5
,2016_44038,39.77392,-104.845869,5/27/2016 9:41,9:41,15,0,0,I70 EASTBOUND & PEORIA STREET NORTH,1,1,0,0,1,14,,0,55,0,0,0,0,0,1,2,13
,2016_44046,39.748821,-105.017627,8/28/2016 11:09,11:09,9,0,0,I25 SOUTHBOUND & AURARIA PARKWAY,1,1,1,0,1,4,,0,,0,0,0,0,0,1,2,13
,2016_44054,39.725556,-105.039261,2/23/2016 17:00,17:00,5,0,0,SIXTH AVENUE WEST & PERRY STREET NORTH,1,1,1,0,3,4,,0,45,0,0,0,0,0,2,1,13
,2016_44055,39.711247,-105.048593,2/16/2016 15:15,15:15,5,0,0,ALAMEDA PARKWAY WEST & WEIR DRIVE S/WOLFF STREET,1,1,1,0,3,1,,0,35,0,0,0,0,0,2,1,1
,2016_44068,39.730187,-105.015128,8/22/2016 17:16,17:16,12,0,0,I25 & EIGHTH AVENUE NORTH,1,1,1,0,1,4,,0,,0,0,0,0,0,1,2,13
,2016_44069,39.76416,-105.001304,5/17/2016 9:15,9:15,15,0,0,I25 & 20TH STREET,2,1,1,0,1,4,,0,55,0,0,0,0,0,1,2,13
,2016_44072,39.780012,-104.960177,8/10/2016 6:25,6:25,5,0,0,I70 & YORK STREET NORTH,1,1,0,0,3,4,,0,55,0,0,0,0,1,1,1,13
,2016_44074,39.700199,-104.908042,10/3/2016 19:20,19:20,5,0,0,LEETSDALE DRIVE & ONEIDA STREET SOUTH,1,1,1,0,1,4,,0,,0,0,0,0,0,2,2,13
,2016_44080,39.781384,-104.940487,11/27/2016 23:34,23:34,3,0,0,COLORADO BOULEVARD & I70 WB OFF RAMP,1,3,1,0,1,1,,0,20,0,0,0,0,0,2,2,14
,2016_44083,39.740081,-104.916313,12/3/2016 2:00,2:00,5,0,0,COLFAX AVENUE WEST & KRAMERIA STREET NORTH ROAD NORTH,1,3,0,0,3,1,,0,,0,0,0,0,0,2,1,13
,2016_44093,39.730017,-105.025165,8/19/2016 14:15,14:15,12,0,0,FEDERAL BOULEVARD & MM 0.70 APPROXIMATELY,1,1,1,0,1,4,,0,,0,0,0,0,0,2,2,13
,2016_44096,39.65388,-105.053104,3/9/2016 8:45,8:45,12,0,0,SHERIDAN BOULEVARD WB ON RAMP & 3500 BLOCK SOUTH,1,1,1,0,1,14,,0,35,0,0,0,0,0,2,2,13
,2016_44098,39.783991,-105.025224,4/2/2016 16:25,16:25,15,0,0,FEDERAL BOULEVARD NORTH & I70,1,1,0,0,1,4,,0,35,0,0,0,0,0,2,2,13
,2016_44102,39.697504,-104.982761,1/26/2016 10:10,10:10,5,0,0,I25 & LOGAN STREET SOUTH,1,1,0,0,1,4,,0,60,0,0,0,0,0,1,2,14
,2016_44104,39.740085,-104.899778,12/8/2016 17:09,17:09,6,0,1,COLFAX AVENUE EAST & 7600 BLOCK,1,2,0,0,1,4,,0,35,0,0,0,0,2,2,2,13
,2016_44105,39.779942,-104.966087,6/30/2016 6:30,6:30,5,0,0,I70 & BRIGHTON BOULEVARD,1,1,1,0,3,4,,0,55,0,0,0,0,0,1,2,13
,2016_44106,39.660488,-105.025192,2/16/2016 23:10,23:10,3,0,0,FEDERAL BOULEVARD & DARTMOUTH AVENUE WEST,1,3,0,0,1,2,,0,40,0,0,0,0,1,2,2,13
,2016_44109,39.667393,-104.925443,11/1/2016 15:19,15:19,5,0,0,I25 & YALE AVENUE EAST,1,1,0,0,2,4,,0,55,0,0,0,0,0,1,1,13
,2016_44110,39.725398,-105.012983,12/11/2016 23:46,23:46,5,0,0,I25 & SIXTH AVENUE,3,5,1,0,3,4,,0,45,0,0,0,0,0,1,1,13
,2016_44113,39.779914,-104.988476,3/18/2016 0:20,0:20,5,0,0,I70 & WASHINGTON STREET NORTH,4,3,0,2,2,4,,0,55,0,0,0,0,0,1,1,1
,2016_44115,39.736854,-104.9787,3/13/2016 13:00,13:00,6,0,0,13TH AVENUE 700 BLOCK EAST & WASHINGTON STREET NORTH,1,1,0,0,1,4,,0,25,0,0,0,0,0,4,2,14
,2016_44116,39.77097893,-105.0451493,5/14/2016 8:35,8:35,6,0,0,UTICA STREET & 757,1,1,0,0,1,4,,0,25,0,0,0,0,0,4,2,13
,2016_44117,39.63641608,-105.0758573,7/20/2016 18:30,18:30,6,0,0,STETSON PLACE & 8923 WEST,1,1,0,0,1,4,,0,30,0,0,0,0,0,4,2,13