id,drcog_id,latitude,longitude,crashtime,time,crashtype,numbkilled,numbinjurd,drcoglocat,rdconditin,lightngcon,roadcntgrd,weatherco,location,roaddescrp,schoolzone,constrzone,splimit,bikeinv,pedinv,sctrinv,motoinv,svrty,rdsystem,ttlvehcls,hcf
,2016_44122,39.766608,-105.0507045,9/24/2016 0:30,0:30,6,0,1,36TH AVENUE WEST & YATES STREET NORTH,1,4,0,0,1,4,,0,25,0,0,0,0,2,4,2,5
,2016_44123,39.714723,-104.98048,12/2/2016 23:54,23:54,5,0,0,BAYAUD AVENUE & 2650 WEST,1,2,0,0,3,5,,0,,0,0,0,0,0,4,1,5
,2016_44124,39.778929,-104.958261,5/7/2016 7:20,7:20,3,0,0,45TH AVENUE EAST & JOSEPHINE STREET NORTH,1,2,0,7,1,1,,0,35,0,0,0,0,0,4,2,16
,2016_44125,39.762,-104.919966,5/3/2016 14:00,14:00,5,0,0,IVY STREET NORTH & MLK BOULEVARD,1,1,1,7,2,3,,0,35,0,0,0,0,0,4,1,7
,2016_44126,39.72513078,-104.9811374,12/8/2016 17:58,17:58,6,0,0,PENNSYLVANIA STREET NORTH & 1500 BLOCK,1,3,0,0,1,4,,0,25,0,0,0,0,0,4,2,14
,2016_44130,39.696624,-104.9874525,9/22/2016 9:26,9:26,5,0,0,BROADWAY SOUTH & MISSISSIPPI AVENUE EAST,1,1,0,0,3,1,,1,35,0,0,0,0,0,4,1,10
,2016_44131,39.73563,-104.901147,3/10/2016 5:35,5:35,6,0,0,12TH AVENUE 7400 BLOCK EAST & ROSLYN STREET NORTH,1,2,0,0,1,1,,0,25,0,0,0,0,0,4,2,2
,2016_44132,39.75980737,-104.9057465,7/6/2016 17:45,17:45,6,0,0,PONTIAC STREET & 1500 BLOCK,1,5,0,0,1,2,,0,25,0,0,0,0,0,4,2,5
,2016_44133,39.743766,-104.8846725,12/27/2016 6:45,6:45,6,0,0,YOSEMITE STREET & 17TH AVENUE EAST,1,2,0,0,3,4,,0,30,0,0,0,0,0,4,2,14
,2016_44134,39.74001,-104.99202,10/17/2016 11:20,11:20,6,0,0,STREET PAUL STREET NORTH & 1600 BLOCK NORTH,1,1,0,0,1,4,,0,25,0,0,0,0,0,4,2,7
,2016_44141,39.754827,-105.025284,5/17/2016 18:40,18:40,6,0,0,ELLIOTT STREET / FEDERAL BOULEVARD ALLEY & 26TH AVENUE WEST,2,1,0,1,1,5,,0,15,0,0,0,0,0,4,2,4
,2016_44142,39.79277099,-104.9428621,2/23/2016 16:17,16:17,6,0,0,JACKSON STREET & 3870 NORTH,1,1,0,0,1,4,,0,30,0,0,0,0,0,4,2,13
,2016_44151,39.71124,-105.0238305,2/18/2016 14:21,14:21,6,0,0,ELIOT STREET SOUTH & ALAMEDA AVENUE EAST,1,1,0,0,1,4,,0,25,0,0,0,0,0,4,2,9
,2016_44154,39.760299,-105.0299325,12/15/2016 18:33,18:33,6,0,0,30TH AVENUE & IRVING STREET NORTH,1,3,1,0,1,3,,0,25,0,0,0,0,0,4,2,5
,2016_44155,39.83358199,-104.7220845,4/27/2016 18:23,18:23,9,0,0,PENA BOULEVARD 7500 BLOCK & MM 7,1,1,0,7,1,14,,0,50,0,0,0,0,0,4,1,4
,2016_44158,39.783735,-105.0345945,10/26/2016 22:20,22:20,5,0,0,48TH AVENUE 3500 BLOCK WEST & LOWELL BOULEVARD NORTH,1,3,0,7,1,3,,0,25,0,0,0,0,0,4,1,16
,2016_44162,39.772017,-105.0228855,11/11/2016 15:05,15:05,6,0,0,40TH AVENUE WEST & ELIOT STREET NORTH,1,1,0,0,1,4,,0,25,0,0,0,0,0,4,2,13
,2016_44163,39.724326,-104.8827735,11/22/2016 15:12,15:12,9,0,0,LOWRY BOULEVARD & GOLFER'S WAY,1,1,1,0,1,6,,0,15,0,0,0,0,0,4,1,14
,2016_44164,39.759957,-104.873319,10/18/2016 12:10,12:10,5,0,1,MLK BOULEVARD & EMPORIA CIRCLE NORTH,1,1,1,0,2,1,,0,30,0,0,0,0,2,4,1,5
,2016_44173,39.676698,-104.991111,8/22/2016 17:47,17:47,6,0,0,WARREN AVENUE & CHEROKEE STREET SOUTH,1,1,0,0,1,4,,0,,0,0,0,0,0,4,2,13
,2016_44174,39.749436,-104.964714,9/6/2016 10:30,10:30,6,0,0,HIGH STREET & 22ND AVENUE EAST,1,1,0,0,1,4,,0,,0,0,0,0,0,4,2,13
,2016_44176,39.68217,-105.0018345,3/6/2016 2:25,2:25,5,0,0,JEWELL AVENUE WEST & PLATTE RIVER DRIVE SOUTH,1,3,1,7,2,3,,0,35,0,0,0,0,0,4,1,5
,2016_44177,39.710268,-105.05088,8/16/2016 14:00,14:00,5,0,0,NEVADA AVENUE WEST & YATES STREET 354 SOUTH,1,1,1,0,4,3,,0,25,0,0,0,0,0,4,1,7
,2016_44182,39.733839,-104.987394,9/4/2016 19:00,19:00,6,0,0,11TH AVENUE EAST & 917 EAST 11TH AVENUE,1,3,1,0,1,4,,0,30,0,0,0,0,0,4,2,13
,2016_44183,39.707469,-104.973381,12/29/2016 11:45,11:45,6,0,0,DOWNING STREET & VIRGINIA AVENUE EAST,1,1,0,0,1,4,,0,30,0,0,0,0,0,4,1,13
,2016_44184,39.713373,-105.0275565,12/8/2016 15:19,15:19,6,0,0,HAZEL COURT & CEDAR AVENUE,5,1,1,0,1,4,,0,25,0,0,0,0,0,4,2,13
,2016_44185,39.829194,-104.7809205,3/11/2016 15:31,15:31,5,0,0,PENA BOULEVARD & MM 5,1,1,0,0,3,4,,0,65,0,0,0,0,0,4,1,12
,2016_44191,39.73311,-105.052194,10/12/2016 10:53,10:53,6,0,0,10TH AVENUE WEST & ZENOBIA STREET NORTH,3,1,0,0,1,3,,0,35,0,0,0,0,0,4,2,14
,2016_44192,39.75831427,-105.0117098,3/23/2016 15:14,15:14,5,0,0,BOULDER STREET 1500 BLOCK & 15TH STREET,5,1,1,2,3,4,,0,30,0,0,0,0,0,4,1,13
,2016_44193,39.7859126,-104.9800304,6/16/2016 21:30,21:30,6,0,0,PEARL STREET & 1400 BLOCK NORTH,1,1,0,0,1,4,,0,30,0,0,0,0,0,4,2,13
,2016_44194,39.6738,-105.0298335,4/25/2016 21:00,21:00,5,0,0,IRVING STREET 2395 SOUTH & WESLEY AVENUE,1,3,0,0,3,4,,0,,0,0,0,0,0,4,1,7
,2016_44195,39.687552,-104.982813,11/10/2016 15:09,15:09,5,0,0,LOGAN STREET & IOWA AVENUE EAST,1,1,0,0,3,1,,0,30,0,0,0,0,0,4,1,13
,2016_44196,39.75078361,-104.9969804,5/25/2016 14:57,14:57,6,0,0,MARKET STREET 1700 BLOCK & 17TH STREET,1,1,0,7,1,4,,0,30,0,0,0,0,0,4,2,16
,2016_44197,39.844602,-104.6809395,11/18/2016 15:30,15:30,15,0,0,PENA BOULEVARD 7600 BLOCK & MM 11,1,1,1,7,1,4,,0,45,0,0,0,0,0,4,2,16
,2016_44215,39.70305,-105.0344415,1/18/2016 9:39,9:39,6,0,0,LOWELL BOULEVARD SOUTH & WALSH PLACE WEST,1,1,0,7,1,1,,0,25,0,0,0,0,0,4,2,16
,2016_44220,39.741606,-104.98995,5/24/2016 13:30,13:30,6,0,0,COURT PLACE & 15TH STREET,1,1,0,0,1,4,,0,30,0,0,0,0,0,4,2,13
,2016_44224,39.772854,-104.865894,12/11/2016 5:50,5:50,5,0,0,40TH AVENUE EAST & HAVANA STREET NORTH,4,3,0,2,3,1,,0,10,0,0,0,0,0,4,1,13
,2016_44225,39.74384859,-104.9955888,12/3/2016 11:00,11:00,6,0,0,STOUT STREET & 1600 BLOCK,1,1,0,0,1,4,,0,30,0,0,0,0,0,4,3,1
,2016_44231,39.7692,-104.947542,6/27/2016 19:02,19:02,6,0,0,COOK STREET NORTH & 38TH AVENUE EAST,1,2,0,0,1,4,,0,25,0,0,0,0,0,4,2,1
,2016_44232,39.740166,-104.9529735,9/15/2016 23:21,23:21,6,0,0,FILLMORE STREET NORTH & COLFAX AVENUE EAST,1,3,1,0,1,4,,0,25,0,0,0,0,0,4,2,14
,2016_44233,39.729087,-104.9706045,1/22/2016 10:55,10:55,6,0,0,LAFAYETTE STREET NORTH & EIGHTH AVENUE EAST,1,1,0,0,1,4,,0,25,0,0,0,0,0,4,2,7
,2016_44238,39.763827,-104.903451,1/25/2016 17:20,17:20,3,0,0,33RD AVENUE EAST & QUEBEC STREET NORTH,2,3,0,2,1,1,,0,30,0,0,0,0,1,4,2,13
,2016_44239,39.678543,-105.032142,4/28/2016 2:05,2:05,6,0,0,EVANS AVENUE WEST & KNOX COURT SOUTH,1,4,0,0,1,4,,0,25,0,0,0,0,0,4,2,2
,2016_44244,39.759579,-105.0017805,7/27/2016 2:00,2:00,12,0,0,20TH STREET & LITTLE RAVEN STREET,1,3,1,0,1,1,,0,30,0,0,0,0,0,4,2,1
,2016_44245,39.722535,-104.987502,11/18/2016 14:42,14:42,3,0,0,BROADWAY NORTH & FOURTH AVENUE EAST,1,1,0,0,1,1,,0,30,0,0,0,0,0,4,2,13
,2016_44246,39.751056,-104.9828805,11/6/2016 2:26,2:26,12,0,0,PARK AVENUE WEST & WELTON STREET,1,3,0,7,1,1,,0,30,0,0,0,0,1,4,2,5
,2016_44254,39.736638,-105.0439635,9/22/2016 23:00,23:00,5,0,0,TENNYSON STREET & 13TH AVENUE WEST,1,3,0,0,3,1,,0,,0,0,0,0,0,4,1,13
,2016_44255,39.76507521,-104.8781931,1/13/2016 11:57,11:57,6,0,0,35TH AVENUE & 1400 BLOCK WEST,5,1,1,7,1,4,,0,25,0,0,0,0,0,4,2,16
,2016_44256,39.78662881,-104.8062274,2/5/2016 6:30,6:30,5,0,0,50TH AVENUE & 14000 BLOCK EAST,5,2,0,0,2,4,,0,25,0,0,0,0,0,4,1,13
,2016_44261,39.759192,-105.0104835,12/16/2016 13:30,13:30,6,0,0,BOULDER STREET & 16TH STREET,1,1,0,0,1,4,,0,25,0,0,0,0,0,4,2,13
,2016_44262,39.79067593,-104.9570017,4/16/2016 13:10,13:10,5,0,0,COLUMBINE STREET & 3128 NORTH,4,1,0,2,2,1,,0,35,0,0,0,0,0,4,1,1
,2016_44264,39.74346,-104.9844015,6/11/2016 21:02,21:02,5,0,0,SHERMAN STREET 1700 BLOCK NORTH & 17TH AVENUE EAST,2,3,0,1,1,4,,0,30,0,0,0,0,0,4,1,13
,2016_44269,39.740022,-104.969745,1/18/2016 23:00,23:00,6,0,0,HUMBOLDT STREET 1521 NORTH & COLFAX AVENUE EAST,1,3,0,7,1,4,,0,15,0,0,0,0,0,4,2,14
,2016_44270,39.724533,-105.0394635,2/18/2016 20:54,20:54,5,0,0,FIFTH AVENUE WEST & PERRY STREET NORTH,1,3,0,7,3,1,,0,25,0,0,0,0,0,4,1,7
,2016_44271,39.7895539,-104.9828997,3/21/2016 15:56,15:56,6,0,0,LOGAN STREET & 1400 BLOCK NORTH,1,1,0,0,1,5,,0,10,0,0,0,0,0,4,2,13
,2016_44272,39.639402,-105.0381626,11/12/2016 23:45,23:45,5,0,0,PRENCETON CIRCLE & 3894,1,4,0,0,1,4,,0,25,0,0,0,0,0,4,1,5
,2016_44273,39.71835,-104.9745915,2/7/2016 20:29,20:29,5,0,1,SPEER BOULEVARD EAST & CORONA STREET NORTH,5,3,0,7,2,4,,0,35,0,0,0,0,2,4,1,8
,2016_44284,39.730491,-104.943996,9/4/2016 2:03,2:03,6,0,0,NINTH AVENUE EAST & GARFIELD STREET NORTH,1,4,0,0,1,4,,0,25,0,0,0,0,0,4,2,4
,2016_44285,39.740346,-105.0452055,6/11/2016 14:35,14:35,12,0,0,UTICA STREET NORTH & COLFAX AVENUE WEST,1,1,0,0,1,2,,0,30,0,0,0,0,0,4,2,14
,2016_44288,39.776535,-104.981328,12/8/2016 18:59,18:59,5,0,0,PENNSYLVANIA STREET NORTH & 44TH AVENUE EAST,5,3,0,7,4,1,,0,25,0,0,0,0,0,4,1,7
,2016_44292,39.798441,-104.762772,11/18/2016 4:30,4:30,5,0,0,56TH AVENUE 19200 BLOCK EAST & DUNKIRK STREET NORTH,5,3,0,2,3,4,,0,40,0,0,0,0,0,4,1,14
,2016_44298,39.738384,-104.9672115,9/12/2016 2:10,2:10,5,0,0,14TH AVENUE & GILPIN / WILLIAMS ALLEY,1,3,0,0,2,5,,0,30,0,0,0,0,0,4,1,5
,2016_44299,39.708891,-104.9129505,8/13/2016 5:47,5:47,5,0,0,MONACO STREET & DAKOTA AVENUE EAST,1,2,0,0,2,3,,0,35,0,0,0,0,0,4,1,13
,2016_44300,39.74001,-104.99202,2/6/2016 0:05,0:05,5,0,0,ASBURY AVENUE & 2100 BLOCK EAST,5,3,0,0,2,4,,0,25,0,0,0,0,0,4,1,14
,2016_44301,39.738312,-104.918355,12/22/2016 18:38,18:38,10,0,0,14TH AVENUE & JASMINE STREET,3,5,1,0,1,1,,0,30,0,0,0,0,0,4,2,2
,2016_44302,39.76552276,-105.0346227,4/4/2016 2:30,2:30,6,0,0,LOWELL BOULEVARD NORTH & 1388,1,4,0,0,1,4,,0,25,0,0,0,0,0,4,2,14
,2016_44303,39.78261899,-105.0427634,2/13/2016 9:30,9:30,6,0,0,STUART STREET & 1400 BLOCK NORTH,1,1,1,0,1,4,,0,25,0,0,0,0,0,4,2,14
,2016_44308,39.744837,-104.976144,8/28/2016 2:07,2:07,5,0,0,18TH AVENUE EAST & EMERSON STREET NORTH,1,3,0,0,2,1,,0,30,0,0,0,0,0,4,1,13
,2016_44309,39.760164,-104.9305545,8/4/2016 13:59,13:59,5,0,0,30TH AVENUE EAST & EUDORA,1,1,0,0,3,1,,0,25,0,0,0,0,0,4,1,13
,2016_44310,39.744882,-104.99427,2/2/2016 17:05,17:05,5,0,0,STOUT STREET & 15TH STREET,6,2,0,2,2,4,,0,30,0,0,0,0,0,4,1,13
,2016_44317,39.69863347,-104.9471659,11/16/2016 19:55,19:55,5,0,0,KENTUCKY / TENNESSEE AVENUE ALLEY & FEDERAL BOULEVARD SOUTH 928 BACK,1,4,0,0,4,1,,0,,0,0,0,0,0,4,1,13
,2016_44318,39.74001,-104.99202,5/15/2016 19:09,19:09,5,0,0,CROSS DRIVE & 8600 BLOCK WEST,1,2,0,0,2,2,,0,30,0,0,0,0,0,4,1,14
,2016_44319,39.633417,-104.893272,2/18/2016 14:02,14:02,1,0,0,DTC BOULEVARD SOUTH & TUFTS AVENUE EAST,1,1,0,0,1,1,,0,35,0,0,0,0,0,4,2,7
,2016_44328,39.78129351,-104.978893,1/11/2016 2:00,2:00,6,0,0,WASHINGTON STREET & 740 NORTH,9,3,1,0,1,4,,0,30,0,0,0,0,0,4,2,13
,2016_44329,39.741957,-104.886981,12/4/2016 23:09,23:09,6,0,0,16TH AVENUE EAST & XANTHIA STREET NORTH,1,3,0,0,1,4,,0,,0,0,0,0,0,4,2,13
,2016_44330,39.783762,-104.927022,9/22/2016 15:55,15:55,3,0,0,48TH AVENUE EAST & FOREST STREET,1,1,0,0,1,2,,0,35,0,0,0,0,0,4,2,13
,2016_44338,39.738393,-104.973048,3/25/2016 8:39,8:39,6,0,0,DOWNING STREET 1416 NORTH & 14TH AVENUE EAST,1,1,1,0,1,4,,0,,0,0,0,0,0,4,2,13
,2016_44348,39.78129351,-104.978893,3/25/2016 2:09,2:09,6,0,0,WASHINGTON STREET & 700 BLOCK NORTH,4,3,1,0,1,4,,0,30,0,0,0,0,0,4,3,13
,2016_44349,39.788082,-104.817429,9/27/2016 14:00,14:00,6,0,0,51ST PLACE EAST & DURHAM COURT NORTH,1,1,0,0,1,1,,0,,0,0,0,0,0,4,2,13
,2016_44350,39.74692508,-104.9708725,7/15/2016 23:03,23:03,6,0,0,20TH AVENUE EAST & 800 BLOCK EAST,1,3,0,0,1,4,,0,25,0,0,0,0,0,4,2,5
,2016_44351,39.752154,-104.9988465,3/26/2016 20:40,20:40,5,0,0,17TH STREET & WAZEE,1,3,0,0,3,5,,0,,0,0,0,0,0,4,1,9
,2016_44353,39.709188,-104.94432,4/23/2016 4:14,4:14,5,0,0,CHERRY CREEK NORTH DRIVE & DAKOTA AVENUE EAST,1,3,0,7,2,4,,0,30,0,0,0,0,0,4,1,9
,2016_44354,39.755043,-105.033231,4/30/2016 15:20,15:20,6,0,0,KING STREET 2600 BLOCK NORTH & 27TH AVENUE WEST,2,1,0,2,1,4,,0,25,0,0,0,0,0,4,2,6
,2016_44355,39.693114,-105.020361,4/21/2016 17:00,17:00,6,0,0,LOUISIANA AVENUE WEST & CLAY STREET SOUTH,1,1,0,7,1,4,,0,25,0,0,0,0,0,4,2,14
,2016_44356,39.83374143,-104.7213474,11/19/2016 13:20,13:20,5,0,0,PENA BOULEVARD & 7600 PENA BOULEVARD,9,1,1,0,2,14,,0,35,0,0,0,0,0,4,1,13
,2016_44368,39.70206,-105.023844,6/28/2016 17:45,17:45,6,0,0,ELIOT STREET SOUTH & OHIO AVENUE WEST,1,2,0,0,1,4,,0,,0,0,0,0,0,4,2,13
,2016_44369,39.752946,-104.992614,11/13/2016 2:20,2:20,12,0,0,LARIMER STREET & 20TH STREET,1,3,0,0,1,4,,0,30,0,0,0,0,0,4,2,13
,2016_44389,39.694802,-105.025063,7/31/2016 19:40,19:40,8,0,0,FEDERAL BOULEVARD SOUTH & ARIZONA AVENUE WEST,1,1,0,0,6,3,,0,35,0,0,0,0,1,2,2,1
,2016_44390,39.682275,-105.025016,7/24/2016 22:40,22:40,15,0,0,FEDERAL BOULEVARD SOUTH & JEWELL AVENUE WEST,1,3,1,0,1,1,,0,35,0,0,0,0,0,2,3,1
,2016_44391,39.680523,-105.025025,1/15/2016 14:36,14:36,12,0,0,FEDERAL BOULEVARD 1900 BLOCK SOUTH & ASBURY AVENUE WEST,1,1,0,0,1,4,,0,35,0,0,0,0,0,2,2,13
,2016_44392,39.676736,-105.025046,2/12/2016 15:45,15:45,3,0,2,FEDERAL BOULEVARD SOUTH & WARREN AVENUE WEST,1,1,0,0,1,1,,0,40,0,0,0,0,2,2,2,3
,2016_44393,39.66105,-105.025162,8/8/2016 17:43,17:43,12,0,0,FEDERAL BOULEVARD SOUTH & DARTMOUTH AVENUE WEST,1,1,0,0,1,4,,0,40,0,0,0,0,0,2,3,7
,2016_44396,39.778293,-104.906917,7/3/2016 13:50,13:50,5,0,0,I70 & NORTHFIELD QUEBEC STREET,1,1,1,0,2,4,,0,55,0,0,0,0,0,1,1,3
,2016_44428,39.65388,-105.053104,4/5/2016 17:56,17:56,12,0,0,SHERIDAN BOULEVARD SOUTH  SOUTHBOUND OFF SLIP RAMP & HAMPDEN AVENUE WEST FRONTAGE ROAD SOUTH,1,1,0,0,1,14,,0,30,0,0,0,0,0,4,2,7
,2016_44429,39.656087,-105.053224,9/12/2016 7:54,7:54,1,0,1,SHERIDAN BOULEVARD SOUTH & DARTMOUTH AVENUE WEST,1,1,0,0,1,1,,0,40,0,0,0,0,2,2,2,13
,2016_44430,39.658135,-105.053229,11/12/2016 13:52,13:52,15,0,0,SHERIDAN BOULEVARD SOUTH & COLUMBIA PLACE WEST,1,1,1,0,1,4,,0,35,0,0,0,0,0,2,2,1
,2016_44432,39.66267,-105.053242,1/5/2016 14:09,14:09,12,0,0,SHERIDAN BOULEVARD SOUTH & BATES AVENUE WEST,1,1,1,0,1,1,,0,45,0,0,0,0,0,2,4,7
,2016_44435,39.693285,-105.053215,3/8/2016 7:48,7:48,15,0,0,SHERIDAN BOULEVARD & 1300 BLOCK SOUTH,1,1,0,0,1,3,,0,35,0,0,0,0,0,2,2,1
,2016_44436,39.695324,-105.053231,8/21/2016 0:10,0:10,5,0,1,SHERIDAN BOULEVARD SOUTH & ARIZONA AVENUE WEST ROAD WEST,1,3,0,0,3,4,,0,40,0,0,0,1,2,2,1,7
,2016_44440,39.725353,-105.053144,6/17/2016 20:31,20:31,12,0,0,SHERIDAN BOULEVARD NORTH & SIXTH AVENUE WEST EASTBOUND RAMPS,1,2,0,0,1,1,,0,40,0,0,0,0,1,2,2,13
,2016_44441,39.733045,-105.053221,11/1/2016 17:21,17:21,15,0,0,SHERIDAN BOULEVARD NORTH & 10TH AVENUE WEST,1,1,0,0,1,4,,0,35,0,0,0,0,0,2,2,13
,2016_44442,39.737037,-105.053215,2/9/2016 15:31,15:31,12,0,0,SHERIDAN BOULEVARD & 1300 BLOCK NORTH,1,1,1,0,1,4,,0,35,0,0,0,0,0,2,2,14
,2016_44486,39.614461,-105.091148,12/23/2016 10:44,10:44,1,0,0,WADSWORTH BOULEVARD 5900 BLOCK & CROSS DRIVE WEST,1,1,0,0,1,2,,0,45,0,0,0,0,0,2,3,13
,2016_44490,39.635297,-105.082331,4/1/2016 17:42,17:42,12,0,0,WADSWORTH BOULEVARD SOUTH & STANFORD AVENUE WEST,1,1,0,0,1,1,,0,45,0,0,0,0,0,2,2,7
,2016_44546,39.629871,-104.904931,3/27/2016 2:25,2:25,5,0,0,I225 SOUTHBOUND/WESTBOUND OFF RAMP & I25 SOUTHBOUND LOOP ON RAMP,2,3,1,0,3,14,,0,55,0,0,0,0,0,1,1,13
,2016_44565,39.630074,-104.904964,12/20/2016 14:13,14:13,12,0,0,I225 SOUTHBOUND OFF RAMP TO I25 SOUTHBOUND & RAMP END,1,1,0,0,1,14,,0,65,0,0,0,0,0,1,2,7
,2016_44566,39.635522,-104.893462,11/29/2016 16:33,16:33,12,0,0,I225 & TAMARAC STREET WEST,1,1,0,0,1,4,,0,65,0,0,0,0,0,1,2,13
,2016_44567,39.635522,-104.893462,4/19/2016 12:01,12:01,12,0,0,I225 SOUTHBOUND RAMP & TAMARAC STREET SOUTH,2,1,1,0,1,1,,0,30,0,0,0,0,0,1,2,13
,2016_44568,39.636627,-104.890549,4/30/2016 0:35,0:35,5,0,0,I225 SOUTHBOUND & MM1,5,3,0,2,3,4,,0,55,0,0,0,0,1,1,1,5
,2016_44569,39.639223,-104.885207,8/25/2016 7:24,7:24,12,0,0,I225 WB ON SLIP RAMP & YOSEMITE STREET SOUTH,1,1,1,0,1,14,,0,25,0,0,0,0,0,1,2,13
,2016_44570,39.639223,-104.885207,2/19/2016 7:50,7:50,12,0,0,YOSEMITE STREET & I225 SOUTHBOUND RAMPS,1,1,1,0,1,1,,0,35,0,0,0,0,0,1,2,7
,2016_44609,39.776969,-104.885425,7/27/2016 19:00,19:00,12,0,0,I270 EASTBOUND DIRECT CONNECT & I70 INTERCHANGE,1,1,1,0,1,4,,0,55,0,0,0,0,1,1,2,7
,2016_44610,39.777015,-104.882641,1/28/2016 16:56,16:56,12,0,0,I270 EASTBOUND DIRECT CONNECT & CENTRAL PARK BOULEVARD NORTH,1,2,0,0,1,4,,0,45,0,0,0,0,0,1,2,13
,2016_44611,39.777015,-104.882641,6/12/2016 18:34,18:34,12,0,0,I270 EASTBOUND DIRECT CONNECT TO & I70,1,1,0,0,1,4,,0,55,0,0,0,0,1,1,2,3
,2016_44622,39.653182,-105.051343,3/18/2016 9:30,9:30,12,0,0,HIGHWAY 285 OVER PASS & SHERIDAN BOULEVARD SOUTH,5,1,0,2,1,1,,0,30,0,0,0,0,0,2,2,13
,2016_44642,39.65298,-104.9249,9/14/2016 16:30,16:30,12,0,0,HAMPDEN AVENUE EAST & GRAPE STREET SOUTH ROAD SOUTH APPROXIMATELY,1,1,0,0,1,4,,0,,0,0,0,0,1,2,3,13
,2016_44644,39.652979,-104.922637,8/24/2016 12:25,12:25,15,0,0,HAMPDEN AVENUE 5600 BLOCK EAST & HOLLY STREET SOUTH,2,1,1,1,1,3,,0,40,0,0,0,0,0,2,2,13
,2016_44645,39.652979,-104.921505,5/5/2016 15:52,15:52,12,0,0,IVANHOE STREET SOUTH & HAMPDEN AVENUE EAST,1,1,1,0,1,1,,0,35,0,0,0,0,0,2,2,3
,2016_44646,39.652979,-104.918675,10/18/2016 13:55,13:55,15,0,0,HAMPDEN AVENUE EAST & I25 SOUTHBOUND RAMP INTERSECTION,1,1,1,0,1,3,,0,30,0,0,0,0,0,2,2,6
,2016_44647,39.755404,-105.025133,2/24/2016 11:35,11:35,15,0,0,FEDERAL BOULEVARD & 2600 BLOCK NORTH,1,1,1,0,1,4,,0,35,0,0,0,0,0,2,2,16
,2016_44648,39.755975,-105.025134,3/31/2016 18:03,18:03,12,0,0,27TH AVENUE WEST & FEDERAL BOULEVARD NORTH,1,1,0,0,1,4,,0,25,0,0,0,0,0,2,3,5
,2016_44649,39.755975,-105.025134,4/9/2016 10:29,10:29,15,0,0,FEDERAL BOULEVARD & 27TH AVENUE WEST,1,1,0,0,1,4,,0,35,0,0,0,0,0,2,2,14
,2016_44650,39.769238,-105.025232,8/28/2016 16:23,16:23,12,0,0,38TH AVENUE WEST & HIGHWAY 287C / FEDERAL BOULEVARD NORTH,1,1,0,0,1,3,,0,35,0,0,0,0,0,2,3,5
,2016_44651,39.777689,-105.025228,12/9/2016 18:30,18:30,12,0,0,FEDERAL BOULEVARD 4400 BLOCK NORTH & 45TH AVENUE WEST,1,3,0,0,1,4,,0,35,0,0,0,0,0,2,2,4
,2016_44652,39.784707,-105.025224,11/21/2016 13:43,13:43,3,0,0,FEDERAL BOULEVARD & I70 WB OFF RAMP,1,1,0,0,1,3,,0,25,0,0,0,0,0,2,2,14
,2016_44653,39.78571,-105.025223,9/12/2016 10:00,10:00,3,0,0,49TH AVENUE WEST & FEDERAL BOULEVARD NORTH,1,1,0,0,1,1,,0,35,0,0,0,0,0,2,2,14
,2016_44744,39.683013,-104.940374,6/17/2016 13:12,13:12,3,0,0,COLORADO BOULEVARD SOUTH & I25,1,1,1,0,1,1,,0,35,0,0,0,0,1,2,2,2
,2016_44745,39.685533,-104.940543,12/9/2016 17:35,17:35,1,0,0,MEXICO EAST & COLORADO BOULEVARD SOUTH,1,3,0,0,1,1,,0,80,0,0,0,0,0,2,2,13
,2016_44746,39.68882,-104.940546,1/13/2016 16:41,16:41,12,0,0,COLORADO BOULEVARD 1500 BLOCK SOUTH & FLORIDA AVENUE EAST,1,2,0,0,1,4,,0,35,0,0,0,0,0,2,2,3
,2016_44747,39.69659,-104.940565,8/13/2016 16:45,16:45,12,0,0,COLORADO BOULEVARD SOUTH & MISSISSIPPI AVENUE EAST,1,1,1,0,1,3,,0,40,0,0,0,0,0,2,2,7
,2016_44749,39.713244,-104.940611,7/25/2016 15:50,15:50,15,0,0,COLORADO BOULEVARD SOUTH & ALAMEDA AVENUE EAST,1,1,0,0,1,3,,0,35,0,0,0,0,0,2,2,13
,2016_44750,39.783308,-104.94825,10/3/2016 23:26,23:26,5,0,0,VAQUEZ BOULEVARD NORTH & 48TH AVENUE EAST,1,3,0,0,3,4,,0,40,0,0,0,0,0,2,1,13
,2016_44751,39.716308,-104.94061,5/17/2016 9:36,9:36,12,0,0,BAYUAD AVENUE 4000 BLOCK EAST & COLORADO BOULEVARD SOUTH,2,1,0,0,1,3,,0,35,0,0,0,0,0,2,2,14
,2016_44752,39.716454,-104.94061,12/2/2016 17:20,17:20,12,0,0,BAYAUD AVENUE 3900 BLOCK EAST & COLORADO BOULEVARD SOUTH,1,1,0,0,1,3,,0,25,0,0,0,0,0,2,2,7
,2016_44753,39.716746,-104.94061,1/16/2016 21:24,21:24,12,0,0,LEETSDALE DRIVE & SOUTH COLORADO BOULEVARD,1,3,0,0,1,1,,0,35,0,0,0,0,1,2,2,13
,2016_44754,39.716746,-104.94061,5/16/2016 10:31,10:31,15,0,0,LEETSDALE DRIVE & COLORADO BOULEVARD SOUTH,2,1,0,1,1,1,,0,25,0,0,0,0,0,2,2,13
,2016_44755,39.719664,-104.940609,6/6/2016 13:36,13:36,12,0,0,COLORADO BOULEVARD & FIRST AVENUE EAST,1,1,1,0,1,4,,0,40,0,0,0,0,0,2,2,7
,2016_44756,39.72229,-104.940608,9/12/2016 15:45,15:45,12,0,0,COLORADO BOULEVARD NORTH & THIRD AVENUE EAST,1,1,1,0,1,4,,0,35,0,0,0,0,0,2,2,13