id,drcog_id,latitude,longitude,crashtime,time,crashtype,numbkilled,numbinjurd,drcoglocat,rdconditin,lightngcon,roadcntgrd,weatherco,location,roaddescrp,schoolzone,constrzone,splimit,bikeinv,pedinv,sctrinv,motoinv,svrty,rdsystem,ttlvehcls,hcf
,2016_44757,39.7255,-104.940607,3/22/2016 14:13,14:13,3,0,0,COLORADO BOULEVARD & SIXTH AVENUE EAST,1,1,0,0,1,1,,0,30,0,0,0,0,0,2,3,12
,2016_44758,39.726959,-104.940606,1/19/2016 7:36,7:36,3,0,0,NORTH COLORADO BOULEVARD & EAST SEVENTH AVENUE,1,1,0,0,1,1,,0,35,0,0,0,0,0,2,2,13
,2016_44759,39.72871,-104.940605,2/9/2016 14:16,14:16,3,0,0,COLORADO BOULEVARD NORTH & EIGHTH AVENUE EAST,1,1,0,0,1,1,,0,35,0,0,0,0,0,2,2,14
,2016_44760,39.730753,-104.940605,5/24/2016 15:11,15:11,12,0,0,COLORADO BOULEVARD NORTH & NINTH AVENUE EAST,1,1,0,0,1,4,,0,35,0,0,0,0,0,2,3,14
,2016_44761,39.731336,-104.940604,7/22/2016 14:39,14:39,12,0,0,COLORADO BOULEVARD NORTH & NINTH AVENUE EAST,1,1,0,0,1,4,,0,35,0,0,0,0,0,2,2,14
,2016_44762,39.732941,-104.940604,6/24/2016 18:45,18:45,3,0,0,COLORADO BOULEVARD & 1100 BLOCK NORTH,1,1,0,0,1,3,,0,30,0,0,0,0,0,2,2,7
,2016_44763,39.783752,-104.947831,2/28/2016 22:45,22:45,5,0,0,VASQUEZ BOULEVARD & 4800 BLOCK NORTH,1,3,0,0,3,3,,0,,0,0,0,0,1,2,1,5
,2016_44764,39.734838,-104.940603,8/3/2016 15:32,15:32,12,0,0,12TH AVENUE EAST ROAD EAST & COLORADO BOULEVARD NORTH,2,1,0,1,1,1,,0,30,0,0,0,0,0,2,2,1
,2016_44765,39.747823,-104.940598,2/21/2016 14:44,14:44,12,0,0,COLORADO BOULEVARD & MONTVIEW BOULEVARD EAST,1,1,0,0,1,4,,0,35,0,0,0,0,0,2,2,14
,2016_44766,39.753513,-104.940596,11/16/2016 13:41,13:41,12,0,0,COLORADO BOULEVARD & 2500 BLOCK NORTH,1,1,0,0,1,4,,0,35,0,0,0,0,0,2,2,13
,2016_44767,39.754511,-104.940546,3/23/2016 15:34,15:34,3,0,0,COLORADO BOULEVARD NORTH & 26TH AVENUE EAST,12,1,0,2,1,1,,0,35,0,0,0,0,0,2,2,13
,2016_44768,39.754511,-104.940546,12/16/2016 20:35,20:35,12,0,0,COLORADO BOULEVARD 2600 EAST & 26TH AVENUE EAST,3,2,1,0,1,1,,0,35,0,0,0,0,0,2,2,14
,2016_44769,39.758284,-104.940525,7/7/2016 7:10,7:10,15,0,0,COLORADO BOULEVARD NORTH & 29TH AVENUE EAST,1,1,0,0,1,4,,0,35,0,0,0,0,0,2,2,13
,2016_44770,39.760172,-104.940518,4/24/2016 5:08,5:08,5,0,0,30TH AVENUE EAST & COLORADO BOULEVARD NORTH,1,3,0,0,2,1,,0,35,0,0,0,0,0,2,1,14
,2016_44771,39.760172,-104.940518,11/15/2016 18:07,18:07,12,0,0,COLORADO BOULEVARD NORTH & 30TH AVENUE EAST,1,3,0,0,1,4,,0,35,0,0,0,0,0,2,3,13
,2016_44772,39.772726,-104.94051,5/2/2016 17:09,17:09,12,0,0,COLORADO BOULEVARD NORTH & 40TH AVENUE EAST,1,1,0,0,1,4,,0,40,0,0,0,0,0,2,2,13
,2016_44773,39.77302,-104.940511,3/24/2016 13:00,13:00,12,0,0,COLORADO BOULEVARD NORTH & 40TH AVENUE EAST,2,1,0,0,1,1,,0,35,0,0,0,0,0,2,2,13
,2016_44774,39.773167,-104.940512,2/22/2016 7:10,7:10,12,0,0,COLORADO BOULEVARD SOUTHBOUND & 4000 BLOCK NORTH,1,1,0,0,1,3,,0,40,0,0,0,0,0,2,2,7
,2016_44775,39.784135,-104.94045,10/11/2016 10:50,10:50,15,0,0,COLORADO BOULEVARD NORTH & 48TH AVENUE EAST,1,1,0,0,1,1,,0,40,0,0,0,0,1,2,2,13
,2016_44790,39.72565,-105.052832,2/8/2016 13:30,13:30,12,0,0,SIXTH AVENUE WEST EASTBOUND OFF RAMP & SHERIDAN BOULEVARD NORTH,1,1,0,0,1,14,,0,35,0,0,0,0,0,2,2,7
,2016_44791,39.725541,-105.035083,5/21/2016 23:18,23:18,5,0,1,SIXTH AVENUE WEST & LOWELL BOULEVARD NORTH,1,3,1,0,3,4,,0,55,0,0,0,0,2,2,2,5
,2016_44792,39.725541,-105.035083,6/22/2016 18:23,18:23,12,0,0,SIXTH AVENUE WEST & LOWELL BOULEVARD NORTH,1,1,0,0,1,4,,0,55,0,0,0,0,0,2,3,13
,2016_44794,39.725455,-105.032456,11/4/2016 17:07,17:07,12,0,0,SIXTH AVENUE WEST & KNOX COURT NORTH SEP,1,1,1,0,1,4,,0,55,0,0,0,0,0,2,3,13
,2016_44796,39.725415,-105.025068,2/12/2016 19:10,19:10,12,0,0,SIXTH AVENUE WEST & FEDERAL BOULEVARD NORTH,1,3,1,0,1,4,,0,65,0,0,0,0,0,2,2,7
,2016_44797,39.725415,-105.025068,4/21/2016 17:22,17:22,12,0,0,WEST SIXTH AVENUE & NORTH FEDERAL BOULEVARD,1,1,1,0,1,4,,0,55,0,0,0,0,0,2,2,13
,2016_44798,39.725415,-105.025068,4/27/2016 19:35,19:35,15,0,0,SIXTH AVENUE WEST & FEDERAL BOULEVARD NORTH,1,2,0,0,1,4,,0,55,0,0,0,0,0,2,2,13
,2016_44799,39.725415,-105.025068,5/12/2016 15:22,15:22,12,0,0,SIXTH AVENUE WEST & FEDERAL BOULEVARD SEP,1,1,0,0,1,4,,0,55,0,0,0,0,0,2,2,13
,2016_44800,39.725415,-105.024877,9/10/2016 9:33,9:33,12,0,0,SIXTH AVENUE WB RAMP OFF & FEDERAL BOULEVARD NORTH APPROXIMATELY,1,1,1,0,1,14,,0,55,0,0,0,0,0,2,4,13
,2016_44801,39.725188,-105.018611,6/14/2016 16:48,16:48,12,0,0,SIXTH AVENUE EASTBOUND RAMP & BRYANT STREET NORTH,1,1,0,0,1,14,,0,55,0,0,0,0,0,2,3,6
,2016_44802,39.783752,-104.947831,8/10/2016 7:45,7:45,1,0,0,VASQUEZ BOULEVARD NORTH & 48TH AVENUE EAST,1,1,0,0,1,1,,0,35,0,0,0,0,1,2,2,13
,2016_44843,39.711801,-104.999259,11/3/2016 8:47,8:47,12,0,0,I25 & ALAMEDA AVENUE WEST,1,1,0,0,1,4,,0,55,0,0,0,0,1,1,2,14
,2016_44849,39.626905,-104.903226,2/13/2016 15:46,15:46,5,0,1,I25 NORTHBOUND ON RAMP & I225 RAMP SPLIT,1,1,0,0,3,14,,0,45,0,0,0,0,2,1,1,13
,2016_44850,39.628541,-104.9042,8/10/2016 7:05,7:05,12,0,0,I25 & UNION AVENUE EAST,1,1,0,0,1,4,,0,65,0,0,0,0,0,1,3,3
,2016_44851,39.630184,-104.905073,7/24/2016 12:49,12:49,12,0,0,I25 SOUTHBOUND & UNION AVENUE EAST,1,1,0,0,1,4,,0,65,0,0,0,0,0,1,2,14
,2016_44852,39.633614,-104.90654,7/14/2016 16:14,16:14,12,0,0,I25  & I225,1,1,0,0,1,4,,0,60,0,0,0,0,0,1,2,13
,2016_44853,39.634564,-104.906987,8/23/2016 8:00,8:00,15,0,0,I25 SOUTHBOUND & I225,1,1,0,0,1,4,,0,55,0,0,0,0,0,1,3,1
,2016_44854,39.649266,-104.916109,2/9/2016 17:25,17:25,12,0,1,I25 & HAMPDEN AVENUE EAST,1,2,0,0,1,4,,0,55,0,0,0,0,2,1,2,3
,2016_44855,39.653259,-104.918319,4/6/2016 21:00,21:00,12,0,0,I25 & HAMPDEN AVENUE EAST,1,3,0,0,1,4,,0,65,0,0,0,0,1,1,3,3
,2016_44856,39.653259,-104.918319,7/13/2016 18:20,18:20,12,0,0,I25 & HAMPDEN AVENUE EAST,1,1,1,0,1,4,,0,65,0,0,0,0,0,1,3,13
,2016_44857,39.667623,-104.925611,12/9/2016 11:53,11:53,12,0,0,I25 & YALE AVENUE EAST,1,1,0,0,1,4,,0,65,0,0,0,0,0,1,2,13
,2016_44858,39.667623,-104.925611,8/30/2016 16:23,16:23,12,0,0,YALE AVENUE EAST & I25 NORTHBOUND RAMPS,1,1,1,0,1,1,,0,30,0,0,0,0,0,1,2,3
,2016_44859,39.667623,-104.925611,12/6/2016 14:41,14:41,3,0,0,YALE AVENUE & I25 SOUTHBOUND OFF RAMP,1,1,1,0,1,1,,0,60,0,0,0,0,0,1,2,3
,2016_44860,39.676835,-104.932227,2/19/2016 18:39,18:39,12,0,0,I25 & EVANS AVENUE EAST,1,3,0,0,1,4,,0,60,0,0,0,0,0,1,2,16
,2016_44861,39.67771,-104.932988,10/23/2016 17:30,17:30,12,0,0,I25 NORTHBOUND RAMP OFF SPLIT RAMP & EVANS AVENUE EAST,1,2,1,0,1,14,,0,35,0,0,0,0,0,1,2,14
,2016_44862,39.678257,-104.933464,12/23/2016 0:48,0:48,5,0,0,I25 NORTHBOUND OFF RAMP SLIP & EVANS AVENUE EAST,1,3,1,0,3,14,,0,45,0,0,0,0,0,1,1,14
,2016_44863,39.678367,-104.933559,2/16/2016 13:01,13:01,12,0,0,EVANS AVENUE EAST & I25 SOUTHBOUND RAMPS,1,1,0,0,1,1,,0,35,0,0,0,0,0,1,2,12
,2016_44864,39.678367,-104.933559,4/15/2016 8:48,8:48,12,0,1,EVANS AVENUE 4600 BLOCK EAST & I25 NORTHBOUND RAMPS,1,1,0,0,1,3,,0,30,0,0,0,0,2,1,2,1
,2016_44865,39.678476,-104.933654,3/29/2016 10:51,10:51,12,0,0,I25 SOUTHBOUND EXIT RAMP & EVANS AVENUE EAST,1,1,1,0,1,14,,0,45,0,0,0,0,0,1,2,13
,2016_44866,39.683094,-104.940452,4/28/2016 15:57,15:57,12,0,0,I25 & COLORADO BOULEVARD SOUTH,1,1,0,0,1,4,,0,60,0,0,0,0,0,1,2,3
,2016_44867,39.683094,-104.940452,12/8/2016 9:38,9:38,12,0,0,I25 & COLORADO BOULEVARD SOUTH,1,1,0,0,1,4,,0,60,0,0,0,0,0,1,3,13
,2016_44868,39.683235,-104.941063,1/26/2016 16:20,16:20,12,0,0,I25 & COLORADO BOULEVARD SOUTH,1,1,0,0,1,4,,0,50,0,0,0,0,0,1,2,3
,2016_44869,39.68482,-104.948751,6/9/2016 19:40,19:40,15,0,1,I25 & COLORADO BOULEVARD SOUTH,1,2,0,0,1,4,,0,65,0,0,0,0,2,1,2,1
,2016_44870,39.684916,-104.951025,8/2/2016 18:15,18:15,12,0,0,I25 SOUTHBOUND & MM 204.61,1,1,1,0,1,4,,0,50,0,0,0,0,0,1,2,14
,2016_44871,39.684903,-104.954315,6/25/2016 18:23,18:23,12,0,0,I25 HIGHWAY SOUTHBOUND & UNIVERSITY BOULEVARD SOUTH,1,1,0,0,1,4,,0,55,0,0,0,0,1,1,2,13
,2016_44873,39.684918,-104.958395,4/15/2016 7:40,7:40,12,0,0,I25 & MM 205,1,1,1,0,1,4,,0,60,0,0,0,0,0,1,3,13
,2016_44874,39.684921,-104.959322,4/7/2016 12:48,12:48,12,0,0,I25 NORTHBOUND OFF RAMP & UNIVERSITY BOULEVARD SOUTH,1,1,1,0,1,14,,0,30,0,0,0,0,0,1,2,3
,2016_44875,39.760997,-105.004271,2/11/2016 23:04,23:04,5,0,1,I25 & 20TH STREET,1,3,0,0,2,4,,0,55,0,0,0,0,2,1,1,2
,2016_44876,39.684921,-104.959322,5/29/2016 14:08,14:08,12,0,0,I25 NORTHBOUND SLIP RAMP OFF & UNIVERSITY BOULEVARD SOUTH,1,1,1,0,1,14,,0,35,0,0,0,0,0,1,2,13
,2016_44877,39.68492,-104.959509,3/28/2016 16:20,16:20,12,0,0,I25 & UNIVERSITY BOULEVARD SOUTH,1,1,0,0,1,4,,0,60,0,0,0,0,0,1,2,13
,2016_44879,39.68492,-104.959509,6/29/2016 15:36,15:36,15,0,0,I25 HIGHWAY NORTHBOUND  & UNIVERSITY BOULEVARD SOUTH,1,1,0,0,1,4,,0,60,0,0,0,0,0,1,2,7
,2016_44880,39.687566,-104.968441,5/24/2016 16:45,16:45,12,0,0,I25 & FRANKLIN STREET SOUTH,1,1,0,0,1,4,,0,50,0,0,0,0,0,1,2,13
,2016_44881,39.687715,-104.968753,6/6/2016 16:55,16:55,12,0,0,I25 & FRANKLIN STREET SOUTH,2,1,0,1,1,4,,0,55,0,0,0,0,1,1,3,3
,2016_44882,39.697504,-104.982761,10/3/2016 7:08,7:08,12,0,0,I25 & LOGAN STREET SOUTH,1,1,0,0,1,4,,0,60,0,0,0,0,0,1,2,3
,2016_44883,39.699787,-104.985373,7/19/2016 11:26,11:26,15,0,0,I25 RAMP OFF & SOUTHBOUND EXIT GORE POINT TO WASHINGTON STREET,1,1,1,0,1,4,,0,55,0,0,0,0,0,1,2,13
,2016_44884,39.700838,-104.986681,10/27/2016 11:05,11:05,1,0,0,BROADWAY SOUTH & KENTUCKY AVENUE WEST,1,1,1,0,1,1,,0,30,0,0,0,0,0,1,2,13
,2016_44885,39.701466,-104.987451,7/14/2016 13:14,13:14,12,0,0,BROADWAY STREET SOUTH & I25,1,1,0,0,1,4,,0,35,0,0,0,0,0,1,2,13
,2016_44886,39.707118,-104.996779,4/12/2016 15:10,15:10,12,0,0,I25 & SANTA FE DRIVE SOUTH INTERCHANGE,1,1,0,0,1,4,,0,55,0,0,0,0,0,1,2,13
,2016_44887,39.707118,-104.996779,4/12/2016 17:44,17:44,12,0,0,I25 & SANTA FE DRIVE SOUTH INTERCHANGE,1,1,0,0,1,4,,0,55,0,0,0,0,0,1,2,13
,2016_44888,39.707118,-104.996779,9/12/2016 17:53,17:53,15,0,0,I25 & SANTA FE DRIVE SOUTH,1,1,0,0,1,4,,0,55,0,0,0,0,0,1,2,13
,2016_44889,39.709481,-104.997924,7/7/2016 7:50,7:50,12,0,0,I25 & ALAMEDA AVENUE,1,1,1,0,1,4,,0,55,0,0,0,0,0,1,2,1
,2016_44890,39.710698,-104.998599,9/10/2016 13:59,13:59,12,0,0,I25 & ALAMEDA AVENUE WEST,1,1,0,0,1,4,,0,55,0,0,0,0,1,1,3,13
,2016_44891,39.722135,-105.009438,3/29/2016 12:30,12:30,12,0,0,I25  & FOURTH AVENUE WEST,1,1,0,0,1,4,,0,55,0,0,0,0,0,1,2,13
,2016_44892,39.72244,-105.009858,11/15/2016 12:34,12:34,12,0,0,I25 & SIXTH AVENUE INTERCHANGE,1,1,0,0,1,4,,0,55,0,0,0,0,0,1,2,13
,2016_44893,39.723012,-105.010664,9/27/2016 10:45,10:45,12,0,0,I25 & HIGHWAY 6 NORTHBOUND ON RAMP,1,1,1,0,1,4,,0,55,0,0,0,0,0,1,3,12
,2016_44894,39.724477,-105.012282,7/28/2016 2:24,2:24,5,0,0,I25 SOUTHBOUND ON RAMP FROM SIXTH AVENUE & RAMP SPLIT,1,3,1,0,3,14,,0,45,0,0,0,0,0,1,1,1
,2016_44895,39.725281,-105.012899,5/15/2016 12:26,12:26,12,0,0,I25 & SIXTH AVENUE INTERCHANGE,1,1,0,0,1,4,,0,55,0,0,0,0,0,1,2,2
,2016_44896,39.725281,-105.012899,5/31/2016 13:49,13:49,12,0,0,I25 & SIXTH AVENUE INTERCHANGE,1,1,1,0,1,4,,0,55,0,0,0,0,1,1,2,13
,2016_44897,39.725281,-105.012899,8/8/2016 17:25,17:25,12,0,0,I25 & SIXTH AVENUE INTERCHANGE,1,1,0,0,1,4,,0,55,0,0,0,0,0,1,2,7
,2016_44898,39.726451,-105.01367,8/28/2016 19:43,19:43,9,0,1,I25 SOUTHBOUND OLD CONFIG & SIXTH AVENUE WEST EXIT GORE,1,2,0,0,2,14,,0,55,0,0,0,0,2,1,1,5
,2016_44899,39.729265,-105.014796,2/5/2016 22:44,22:44,5,0,0,I25 & EIGHTH AVENUE WEST INTERCHANGE,1,3,0,0,3,4,,0,55,0,0,0,0,0,1,1,13
,2016_44900,39.729265,-105.014796,5/12/2016 13:29,13:29,12,0,0,I25 & EIGHTH AVENUE WEST INTERCHANGE,1,1,0,0,1,4,,0,55,0,0,0,0,0,1,2,13
,2016_44901,39.733711,-105.015399,9/7/2016 14:11,14:11,12,0,0,I25 NORTHBOUND & HIGHWAY 40C / COLFAX AVENUE WEST,1,1,0,0,1,4,,0,55,0,0,0,0,0,1,2,13
,2016_44902,39.739595,-105.013883,10/14/2016 20:47,20:47,9,0,0,I25 & COLFAX AVENUE WEST,1,3,0,0,2,4,,0,55,0,0,0,0,0,1,2,13
,2016_44903,39.740059,-105.013916,10/8/2016 15:25,15:25,12,0,0,I25 & COLFAX AVENUE WEST,1,1,0,0,1,4,,0,,0,0,0,0,0,1,2,13
,2016_44904,39.742892,-105.015483,12/15/2016 16:17,16:17,12,0,0,I25 & COLFAX AVENUE WEST,1,1,0,0,1,4,,0,55,0,0,0,0,1,1,2,14
,2016_44905,39.743372,-105.015987,6/14/2016 12:51,12:51,12,0,0,I25 & 17TH AVENUE WEST,1,1,1,0,1,4,,0,55,0,0,0,0,0,1,3,3
,2016_44906,39.751021,-105.016701,12/1/2016 16:56,16:56,12,0,0,I25 & 23RD AVENUE,1,1,1,0,1,4,,0,55,0,0,0,0,1,1,4,13
,2016_44907,39.751295,-105.016566,1/20/2016 16:00,16:00,12,0,0,I25 & 23RD AVENUE WEST,1,2,0,0,1,4,,0,55,0,0,0,0,0,1,2,16
,2016_44908,39.751295,-105.016566,7/23/2016 19:29,19:29,15,0,0,I25 & 23RD AVENUE WEST,2,1,1,1,1,4,,0,55,0,0,0,0,1,1,2,12
,2016_44909,39.751295,-105.016566,1/24/2016 17:37,17:37,12,0,0,23RD AVENUE WEST & I25 HIGHWAY INTERCHANGE,1,3,0,0,1,4,,0,25,0,0,0,0,0,1,2,5
,2016_44910,39.75324,-105.015145,12/10/2016 18:17,18:17,12,0,0,I25 & SPEER BOULEVARD,1,3,0,0,1,4,,0,65,0,0,0,0,0,1,3,13
,2016_44911,39.755118,-105.012754,12/14/2016 12:03,12:03,15,0,0,SPEER BOULEVARD & I25 NORTHBOUND OFF LOOP RAMP,1,1,1,0,1,4,,0,30,0,0,0,0,0,1,2,13
,2016_44912,39.75691,-105.010265,8/18/2016 5:55,5:55,12,0,0,I25 & SPEER BOULEVARD NORTH SOUTHBOUND OFF RAMP GORE POINT,1,1,0,0,1,4,,0,55,0,0,0,0,0,1,2,13
,2016_44913,39.757155,-105.0099,2/5/2016 13:34,13:34,12,0,0,I25 & 15TH STREET,1,1,1,0,1,4,,0,55,0,0,0,0,0,1,3,13
,2016_44914,39.757155,-105.0099,9/20/2016 12:35,12:35,15,0,0,I25 & 15TH STREET,1,1,0,0,1,4,,0,55,0,0,0,0,0,1,2,14
,2016_44915,39.757796,-105.00908,11/30/2016 18:00,18:00,12,0,0,I25 & SPEER BOULEVARD,1,4,0,0,1,4,,0,55,0,0,0,0,0,1,2,13
,2016_44916,39.760103,-105.0057,10/16/2016 15:09,15:09,12,0,0,I25 NORTHBOUND & 20TH STREET,1,1,0,0,1,4,,0,55,0,0,0,0,0,1,4,14
,2016_44917,39.760997,-105.004271,12/22/2016 16:17,16:17,12,0,0,I25 & 20TH STREET,1,1,1,0,1,4,,0,55,0,0,0,0,0,1,2,13
,2016_44918,39.761677,-105.003406,12/15/2016 18:44,18:44,12,0,0,I25 & 20TH STREET,1,3,1,0,1,4,,0,55,0,0,0,0,0,1,2,1
,2016_44919,39.762672,-105.002428,10/22/2016 2:06,2:06,12,0,0,I25 NORTHBOUND ON RAMP & 20TH STREET,1,3,0,0,1,14,,0,55,0,0,0,0,0,1,2,13
,2016_44920,39.76416,-105.001304,3/19/2016 7:20,7:20,5,0,1,I25 & 20TH STREET,5,1,0,2,2,4,,0,55,0,0,0,0,2,1,1,7
,2016_44921,39.768049,-104.994761,1/29/2016 13:26,13:26,12,0,0,I25 NORTHBOUND & PARK AVENUE WEST INTCH,1,1,1,0,1,4,,0,55,0,0,0,0,0,1,3,13
,2016_44922,39.768049,-104.994761,2/8/2016 18:06,18:06,12,0,0,I25 & PARK AVENUE WEST,1,3,1,0,1,4,,0,55,0,0,0,0,0,1,2,13
,2016_44923,39.768049,-104.994761,2/28/2016 20:55,20:55,15,0,0,I25 & PARK AVENUE WEST,1,3,0,0,1,4,,0,55,0,0,0,0,0,1,3,1
,2016_44924,39.768049,-104.994761,11/26/2016 19:34,19:34,3,0,0,FOX STREET NORTH & 38TH AVENUE WEST,1,3,0,0,1,1,,0,30,0,0,0,0,0,1,2,3
,2016_44925,39.768939,-104.993016,9/11/2016 14:00,14:00,15,0,0,I25 NORTHBOUND OFF RAMP TO I70 FROM & 38TH AVENUE WEST,1,1,0,0,1,14,,0,55,0,0,0,0,0,1,3,9
,2016_44926,39.77496,-104.989248,9/8/2016 8:10,8:10,15,0,0,I25 NORTHBOUND RAMP OFF & I70 WB / EASTBOUND RAMP SPLIT APPROXIMATELY,1,1,0,0,1,14,,0,45,0,0,0,0,0,1,2,1
,2016_44927,39.779391,-104.989164,2/5/2016 23:10,23:10,5,0,0,I25 & I70 EASTBOUND,2,3,0,0,3,4,,0,55,0,0,0,0,0,1,1,5
,2016_44928,39.779391,-104.989164,12/8/2016 8:10,8:10,12,0,0,I25 & I70,5,1,0,0,1,4,,0,55,0,0,0,0,0,1,2,13
,2016_44931,39.782559,-104.989149,9/7/2016 14:51,14:51,12,0,0,I25 NORTHBOUND & HIGHWAY 285  30 JCT / HAMPDEN AVENUE,1,1,0,0,1,4,,0,50,0,0,0,0,0,1,3,13
,2016_44974,39.711124,-105.03249,1/19/2016 23:05,23:05,12,0,0,WEST ALAMEDA AVENUE & SOUTH KNOX COURT,1,3,0,0,1,1,,0,35,0,0,0,0,0,2,2,13
,2016_44976,39.711124,-105.03249,1/27/2016 18:02,18:02,1,0,0,ALAMEDA AVENUE WEST & KNOX COURT SOUTH,1,3,0,0,1,1,,0,35,0,0,0,0,1,2,2,7
,2016_44977,39.711095,-105.030087,4/7/2016 17:40,17:40,15,0,0,ALAMEDA AVENUE WEST & IRVING STREET SOUTH,1,1,0,0,1,3,,0,40,0,0,0,0,1,2,2,1
,2016_44978,39.71113,-105.016832,3/9/2016 15:42,15:42,3,0,0,ALAMEDA AVENUE WEST & ALCOTT STREET SOUTH,1,1,0,0,1,1,,0,30,0,0,0,0,0,2,2,7
,2016_44979,39.711183,-105.011003,1/23/2016 7:39,7:39,3,0,0,TEJON STREET SOUTH & ALAMEDA AVENUE WEST,1,1,0,0,1,1,,0,35,0,0,0,0,0,2,2,13
,2016_44980,39.711201,-104.999073,8/2/2016 9:37,9:37,15,0,0,ALAMEDA AVENUE WEST & I25 NORTHBOUND,1,1,1,0,1,1,,0,30,0,0,0,0,0,2,2,13
,2016_44981,39.711208,-104.998391,4/26/2016 10:27,10:27,15,0,0,ALAMEDA AVENUE WEST & KALAMATH STREET SOUTH,1,1,0,0,1,4,,0,30,0,0,0,0,0,2,2,13
,2016_44982,39.711208,-104.998391,8/27/2016 7:24,7:24,3,0,0,KALAMATH STREET SOUTH & HIGHWAY 26B / ALAMEDA AVENUE WEST,1,1,0,0,1,1,,0,35,0,0,0,0,0,2,2,13
,2016_44983,39.711208,-104.998391,12/17/2016 7:53,7:53,3,0,0,ALAMEDA AVENUE & KALAMATH STREET SOUTH,4,1,0,0,1,1,,0,30,0,0,0,0,0,2,2,13
,2016_44984,39.653088,-104.915358,5/25/2016 6:45,6:45,12,0,0,HAMPDEN AVENUE & LOCUST STREET,1,1,0,0,1,3,,0,35,0,0,0,0,1,2,3,14
,2016_44985,39.653084,-104.913191,3/5/2016 19:00,19:00,12,0,0,HAMPDEN AVENUE 6400 BLOCK EAST & MONACO STREET SOUTH,1,3,0,0,1,3,,0,35,0,0,0,0,1,2,2,13
,2016_44986,39.653077,-104.909036,10/3/2016 7:32,7:32,15,0,0,HAMPDEN AVENUE EAST & ONEIDA WAY SOUTH,1,1,0,0,1,1,,0,40,0,0,0,0,0,2,2,13
,2016_44987,39.653096,-104.907027,12/5/2016 16:20,16:20,3,0,0,HAMPDEN AVENUE & OLEANDER COURT,1,2,0,0,1,2,,0,10,0,0,0,0,0,2,2,13
,2016_44989,39.653108,-104.905749,3/16/2016 7:31,7:31,15,0,0,HAMPDEN AVENUE 7100 BLOCK EAST & OLEANDER,1,1,0,0,1,4,,0,40,0,0,0,0,0,2,2,14
,2016_44991,39.653079,-104.893989,12/30/2016 13:20,13:20,3,0,0,ULSTER STREET SOUTH & HAMPDEN AVENUE EAST,1,1,1,0,1,1,,0,35,0,0,0,0,0,2,2,14
,2016_44992,39.65305,-104.884342,7/12/2016 9:54,9:54,15,0,0,YOSEMITE STREET SOUTH & HAMPDEN AVENUE EAST,1,1,0,0,1,1,,0,40,0,0,0,0,0,2,2,13
,2016_44993,39.65302,-104.87557,7/20/2016 8:10,8:10,1,0,0,HAMPDEN AVENUE EAST & DAYTON STREET SOUTH,1,1,0,0,1,1,,0,40,0,0,0,0,0,2,2,13
,2016_44994,39.660775,-104.866303,3/23/2016 7:30,7:30,3,0,0,HAVANA STREET & 3000 BLOCK SOUTH PRIVATE DRIVE,6,1,0,2,1,2,,0,35,0,0,0,0,0,2,2,3
,2016_44995,39.667712,-104.866131,2/26/2016 14:52,14:52,12,0,0,HAVANA STREET 2600 BLOCK SOUTH & YALE AVENUE EAST,1,1,1,0,1,4,,0,40,0,0,0,0,1,2,3,3
,2016_44996,39.669225,-104.866094,8/18/2016 18:13,18:13,12,0,0,HAVANA STREET & PARKER ROAD SOUTH,1,1,1,0,1,1,,0,45,0,0,0,0,0,2,2,3
,2016_45012,39.786668,-104.900611,2/26/2016 18:45,18:45,15,0,0,g & NORTHFIELD BOULEVARD RAMP ON TO,1,1,0,0,1,1,,0,40,0,0,0,0,0,2,2,13
,2016_45062,39.740076,-105.005215,9/20/2016 15:40,15:40,12,0,0,COLFAX AVENUE WEST & SEVENTH STREET,1,1,1,0,1,1,,0,35,0,0,0,0,0,2,2,13
,2016_45063,39.740021,-105.003709,10/25/2016 15:41,15:41,12,0,0,COLFAX AVENUE WEST & 1200 BLOCK,1,1,1,0,1,4,,0,30,0,0,0,0,0,2,2,13
,2016_45064,39.740048,-104.999933,2/19/2016 19:56,19:56,12,0,0,COLFAX AVENUE WEST & KALAMATH STREET NORTH,1,3,0,0,1,3,,0,35,0,0,0,0,0,2,2,3
,2016_45065,39.740038,-104.997854,5/21/2016 14:08,14:08,10,0,1,COLFAX AVENUE WEST & SPEER BOULEVARD NORTH,1,1,0,0,1,1,,0,35,0,0,0,1,2,2,2,14
,2016_45066,39.739999,-104.990369,3/14/2016 16:30,16:30,12,0,0,COLFAX AVENUE 200 BLOCK WEST & BANNOCK STREET NORTH,1,1,0,0,1,1,,0,35,0,0,0,0,1,2,3,13
,2016_45067,39.740005,-104.987167,12/5/2016 18:07,18:07,10,0,0,COLFAX AVENUE EAST & BROADWAY STREET NORTH,1,3,0,0,1,1,,0,30,0,0,0,0,0,2,2,13
,2016_45068,39.740006,-104.979604,12/5/2016 23:50,23:50,6,0,0,COLFAX AVENUE 600 BLOCK EAST & PEARL STREET NORTH,1,3,0,0,1,4,,0,30,0,0,0,0,0,2,2,5
,2016_45069,39.74,-104.977544,1/1/2016 14:30,14:30,3,0,0,COLFAX AVENUE EAST & CLARKSON STREET NORTH,1,1,0,0,1,1,,0,30,0,0,0,0,0,2,3,3
,2016_45070,39.740007,-104.973239,4/28/2016 8:05,8:05,10,0,0,DOWNING STREET NORTH  & COLFAX AVENUE EAST,1,1,0,0,1,1,,0,30,0,0,0,0,0,2,2,13