id,drcog_id,latitude,longitude,crashtime,time,crashtype,numbkilled,numbinjurd,drcoglocat,rdconditin,lightngcon,roadcntgrd,weatherco,location,roaddescrp,schoolzone,constrzone,splimit,bikeinv,pedinv,sctrinv,motoinv,svrty,rdsystem,ttlvehcls,hcf
,2016_45071,39.740009,-104.968553,7/2/2016 18:11,18:11,15,0,0,COLFAX AVENUE EAST & FRANKLIN STREET NORTH,1,1,0,0,1,1,,0,35,0,0,0,0,0,2,2,13
,2016_45072,39.740007,-104.967987,1/19/2016 10:45,10:45,6,0,0,EAST COLFAX AVENUE 1600 BLOCK & FRANKLIN STREET,1,1,0,0,1,4,,0,30,0,0,0,0,0,2,2,13
,2016_45073,39.740113,-104.958751,2/20/2016 13:28,13:28,12,0,0,COLFAX AVENUE EAST & JOSEPHINE STREET NORTH,1,1,0,0,1,4,,0,35,0,0,0,0,0,2,2,14
,2016_45074,39.740062,-104.94057,7/11/2016 20:41,20:41,12,0,0,COLFAX AVENUE EAST & COLORADO BOULEVARD NORTH,1,2,0,0,1,1,,0,30,0,0,0,0,0,2,2,13
,2016_45075,39.740079,-104.923453,3/2/2016 18:29,18:29,3,0,0,HUDSON STREET NORTH & COLFAX AVENUE EAST,1,3,0,0,1,1,,0,35,0,0,0,0,0,2,2,1
,2016_45076,39.740079,-104.921387,6/29/2016 1:05,1:05,6,0,0,COLFAX AVENUE EAST & IVANHOE STREET NORTH,1,3,0,0,1,4,,0,35,0,0,0,0,0,2,3,3
,2016_45077,39.74008,-104.920635,9/24/2016 10:40,10:40,3,0,1,COLFAX AVENUE EAST & IVY STREET NORTH ROAD SOUTH,1,1,0,0,1,1,,0,35,0,0,0,0,2,2,2,14
,2016_45078,39.740082,-104.912743,12/8/2016 8:50,8:50,3,0,0,COLFAX AVENUE EAST & MONACO PARKWAY NORTH,1,1,0,0,1,1,,0,35,0,0,0,0,0,2,2,13
,2016_45079,39.740085,-104.90222,11/21/2016 9:08,9:08,12,0,0,COLFAX AVENUE EAST & QUINCE STREET NORTH,1,1,0,0,1,3,,0,35,0,0,0,0,0,2,2,3
,2016_45080,39.740086,-104.893953,12/11/2016 6:10,6:10,15,0,0,COLFAX AVENUE EAST & ULSTER STREET NORTH,4,5,0,0,1,4,,0,35,0,0,0,0,0,2,2,14
,2016_45081,39.740086,-104.892825,12/19/2016 14:09,14:09,15,0,0,COLFAX AVENUE & UINTA STREET NORTH,6,1,0,0,1,1,,0,35,0,0,0,0,0,2,2,1
,2016_45082,39.740086,-104.891698,3/23/2016 11:50,11:50,12,0,0,VALENTIA STREET NORTH & COLFAX AVENUE EAST,4,1,0,2,1,3,,0,20,0,0,0,0,0,2,2,1
,2016_45148,39.783357,-105.034655,10/3/2016 15:58,15:58,3,0,0,I70 WB OFF RAMP & LOWELL BOULEVARD NORTH,1,1,1,0,1,1,,0,35,0,0,0,0,1,1,2,13
,2016_45150,39.783541,-105.031168,4/20/2016 5:48,5:48,12,0,0,I70 & FEDERAL BOULEVARD NORTH,1,2,0,0,1,4,,0,55,0,0,0,0,0,1,2,13
,2016_45151,39.784147,-105.023404,12/6/2016 22:05,22:05,5,0,0,I70 & FEDERAL BOULEVARD,3,3,1,2,2,4,,0,65,0,0,0,0,0,1,1,7
,2016_45152,39.783833,-105.021561,2/18/2016 19:05,19:05,15,0,0,I70 & MM 272.2,1,3,0,6,1,4,,0,55,0,0,0,0,0,1,3,5
,2016_45153,39.783571,-105.015888,3/16/2016 15:30,15:30,15,0,0,I70 & ZUNI STREET NORTH,1,1,0,0,1,4,,0,55,0,0,0,0,0,1,2,5
,2016_45154,39.783141,-105.006578,10/9/2016 2:54,2:54,15,0,0,I70 & PECOS STREET,1,4,1,0,1,4,,0,55,0,0,0,0,0,1,2,13
,2016_45155,39.783149,-105.006371,1/8/2016 8:16,8:16,12,0,0,I70 & PECOS STREET NORTH,6,1,0,2,1,4,,0,55,0,0,0,0,0,1,2,1
,2016_45156,39.783149,-105.006371,3/18/2016 5:10,5:10,15,0,0,I70 & PECOS STREET NORTH,4,3,0,2,1,4,,0,55,0,0,0,0,0,1,2,13
,2016_45157,39.783149,-105.006371,7/29/2016 16:07,16:07,12,0,0,PECOS STREET NORTH & 48TH AVENUE WEST,1,1,0,0,1,6,,0,20,0,0,0,0,0,1,2,13
,2016_45158,39.783157,-105.006163,2/7/2016 21:30,21:30,12,0,0,I70 & NORTH PECOS STREET,1,3,0,0,1,4,,0,55,0,0,0,0,1,1,2,14
,2016_45159,39.781004,-104.993438,10/27/2016 8:04,8:04,12,0,0,I70 & I25,1,1,0,0,1,4,,0,55,0,0,0,0,0,1,4,3
,2016_45160,39.78029,-104.990667,11/24/2016 1:22,1:22,5,0,1,I70 EASTBOUND LOOP ON RAMP FROM I25 & INTERCHANGE STR,1,3,1,0,3,14,,0,,0,0,0,0,2,1,1,5
,2016_45161,39.780091,-104.989581,6/10/2016 10:49,10:49,12,0,0,I70 EASTBOUND & I25 INTERCHANGE,1,1,0,0,1,4,,0,55,0,0,0,0,1,1,3,14
,2016_45162,39.780058,-104.9894,6/1/2016 12:18,12:18,12,0,0,I70 & I25,1,1,0,0,1,4,,0,55,0,0,0,0,0,1,2,13
,2016_45164,39.779937,-104.988665,11/20/2016 15:23,15:23,5,0,0,I70 EASTBOUND OFF RAMP TO I25 NORTHBOUND & INTERCHANGE STR,1,1,0,0,2,14,,0,55,0,0,0,0,0,1,1,7
,2016_45165,39.779937,-104.988665,1/15/2016 16:14,16:14,12,0,0,I70 WB RAMP ON  & I25 NORTHBOUND OFF RAMP SPLIT,1,1,0,0,1,14,,0,45,0,0,0,0,1,1,2,13
,2016_45166,39.779693,-104.982199,10/24/2016 9:03,9:03,12,0,0,I70 WB ON RAMP FROM WASHINGTON & RAMP END,1,1,0,0,1,14,,0,55,0,0,0,0,1,1,2,13
,2016_45167,39.779441,-104.979019,7/15/2016 8:25,8:25,12,0,0,I70 EASTBOUND & WASHINGTON STREET NORTH,1,1,0,0,1,4,,0,55,0,0,0,0,0,1,2,3
,2016_45168,39.779441,-104.979019,9/8/2016 14:51,14:51,3,0,0,WASHINGTON STREET & I70 WB RAMPS,1,1,0,0,1,1,,0,35,0,0,0,0,0,1,2,13
,2016_45169,39.779942,-104.966087,6/7/2016 16:12,16:12,12,0,0,I70 & BRIGHTON BOULEVARD,1,1,0,0,1,4,,0,55,0,0,0,0,0,1,2,13
,2016_45170,39.779942,-104.966087,7/30/2016 5:24,5:24,12,0,0,I70 & BRIGHTON BOULEVARD,1,2,0,0,1,4,,0,55,0,0,0,0,0,1,2,13
,2016_45171,39.779942,-104.966087,10/24/2016 15:07,15:07,12,0,0,I70 & BRIGHTON BOULEVARD,1,1,0,0,1,4,,0,55,0,0,0,0,1,1,2,13
,2016_45172,39.780012,-104.959789,11/4/2016 9:45,9:45,12,0,0,I70 & YORK STREET NORTH,1,1,0,0,1,4,,0,55,0,0,0,0,0,1,2,7
,2016_45173,39.780016,-104.953383,2/25/2016 13:07,13:07,12,0,0,I70 & VASQUEZ BOULEVARD,1,1,1,0,1,4,,0,55,0,0,0,0,1,1,2,13
,2016_45174,39.779944,-104.940603,10/28/2016 19:00,19:00,12,0,0,I70 & COLORADO BOULEVARD NORTH APPROXIMATELY,1,4,0,0,1,4,,0,55,0,0,0,0,0,1,3,14
,2016_45175,39.779944,-104.940603,12/23/2016 22:30,22:30,12,0,0,I70 & COLORADO BOULEVARD,1,3,1,0,1,4,,0,55,0,0,0,0,0,1,2,13
,2016_45176,39.779949,-104.94024,5/23/2016 12:30,12:30,12,0,0,I70 WB & COLORADO BOULEVARD NORTH,1,1,0,0,1,4,,0,55,0,0,0,0,0,1,2,13
,2016_45177,39.77597,-104.869716,12/9/2016 18:20,18:20,12,0,0,I70 & HAVANA STREET,1,3,0,0,1,4,,0,55,0,0,0,0,0,1,2,13
,2016_45178,39.778316,-104.922027,1/7/2016 7:00,7:00,12,0,0,I70 & HOLLY STREET NORTH,1,2,0,0,1,4,,0,55,0,0,0,0,0,1,3,13
,2016_45179,39.778287,-104.915664,3/25/2016 14:26,14:26,12,0,0,I70 & LEYDEN STREET,1,1,0,0,1,4,,0,55,0,0,0,0,0,1,2,3
,2016_45180,39.778289,-104.912931,1/22/2016 18:27,18:27,15,0,1,I70 & NORTH MONACO STREET,1,4,0,0,1,4,,0,55,0,0,0,0,0,1,3,1
,2016_45181,39.778289,-104.912566,5/13/2016 8:13,8:13,15,0,0,I70 EASTBOUND & NORTHFIELD / QUEBEC STREET NORTH,1,1,0,0,1,4,,0,55,0,0,0,0,0,1,2,1
,2016_45182,39.778289,-104.912202,12/21/2016 18:20,18:20,12,0,0,I70 & COLORADO BOULEVARD APPROXIMATELY,1,5,0,0,1,4,,0,35,0,0,0,0,0,1,2,13
,2016_45183,39.778295,-104.904183,5/3/2016 17:11,17:11,12,0,0,I70 WB & QUEBEC STREET NORTH,1,1,1,0,1,4,,0,55,0,0,0,0,0,1,2,13
,2016_45184,39.778296,-104.902361,7/27/2016 17:34,17:34,12,0,0,I70 & NORTHFIELD QUEBEC STREET,1,1,0,0,1,4,,0,55,0,0,0,0,0,1,2,13
,2016_45185,39.777593,-104.888014,12/20/2016 23:56,23:56,15,0,0,I70 & I270 WB,1,4,0,0,1,4,,0,55,0,0,0,0,1,1,2,1
,2016_45186,39.777157,-104.883141,8/8/2016 17:15,17:15,12,0,0,I70 EASTBOUND OFF RAMP & CENTRAL PARK BOULEVARD,1,5,1,0,1,14,,0,55,0,0,0,0,1,1,3,12
,2016_45187,39.777139,-104.882953,7/20/2016 6:29,6:29,12,0,0,I70 & CENTRAL PARK BOULEVARD NORTH,1,1,0,0,1,4,,0,55,0,0,0,0,0,1,2,3
,2016_45189,39.777122,-104.882764,4/21/2016 17:47,17:47,12,0,0,I70 WB RAMP OFF & CENTRAL PARK BOULEVARD NORTH,1,1,1,0,1,14,,0,40,0,0,0,0,0,1,2,13
,2016_45190,39.776723,-104.878425,6/16/2016 8:12,8:12,15,0,0,I70 & I270 EASTBOUND ENTRANCE GORE POINT APPROXIMATELY,1,1,1,0,1,4,,0,45,0,0,0,0,0,1,2,1
,2016_45191,39.775621,-104.865649,1/30/2016 22:35,22:35,12,0,0,I70 EASTBOUND & HAVANA STREET NORTH,4,3,0,2,1,4,,0,,0,0,0,0,0,1,2,14
,2016_45192,39.775573,-104.865095,5/10/2016 7:35,7:35,12,0,0,I70 WB & HAVANA STREET NORTH,1,1,0,0,1,4,,1,55,0,0,0,0,1,1,2,1
,2016_45193,39.775573,-104.865095,7/19/2016 7:07,7:07,15,0,0,I70 & HAVANA STREET,1,1,0,0,1,4,,0,55,0,0,0,0,0,1,2,3
,2016_45194,39.775573,-104.865095,8/1/2016 13:40,13:40,12,0,0,I70 & HAVANA STREET NORTH,1,1,0,0,1,4,,0,55,0,0,0,0,0,1,4,13
,2016_45195,39.775176,-104.860473,7/24/2016 18:13,18:13,12,0,0,I70 & HAVANA STREET,1,1,1,0,1,4,,0,55,0,0,0,0,0,1,2,5
,2016_45196,39.774397,-104.851415,2/1/2016 23:10,23:10,5,0,0,I70 WB RAMP ON & METER SIGNAL PEORIA STREET NOT IN TCORIS,4,3,0,2,4,14,,0,55,0,0,0,0,0,1,1,1
,2016_45197,39.774317,-104.850491,4/22/2016 13:53,13:53,12,0,0,I70 WB ON RAMP & METER SIGNAL PEORIA STREET NOT IN TCORIS,1,1,0,0,1,14,,0,45,0,0,0,0,1,1,2,1
,2016_45198,39.774015,-104.846978,6/4/2016 18:02,18:02,12,0,0,I70 EASTBOUND & PEORIA STREET NORTH,1,1,1,0,1,4,,0,55,0,0,0,0,1,1,2,5
,2016_45199,39.774015,-104.846978,3/19/2016 20:00,20:00,12,0,0,I70 EASTBOUND OFF RAMP & PEORIA STREET NORTH,1,4,1,0,1,14,,0,45,0,0,0,0,1,1,3,1
,2016_45200,39.773999,-104.846793,5/2/2016 12:25,12:25,9,0,0,I70 WB & PEORIA STREET NORTH,1,1,0,0,1,4,,0,55,0,0,0,0,1,1,3,1
,2016_45201,39.773999,-104.846793,6/6/2016 8:18,8:18,12,0,0,I70 & NORTH PEORIA STREET,1,1,0,0,1,4,,0,55,0,0,0,0,0,1,2,13
,2016_45202,39.773999,-104.846793,6/5/2016 17:30,17:30,10,0,0,PEORIA STREET NORTH & I70 EASTBOUND OFF RAMP,1,1,0,0,1,1,,0,35,0,0,0,0,0,1,2,14
,2016_45203,39.773904,-104.845684,4/15/2016 11:34,11:34,12,0,0,I70 EASTBOUND ON SLIP RAMP MERGE & PEORIA STREET NORTH,1,1,0,0,1,14,,0,25,0,0,0,0,0,1,2,13
,2016_45204,39.773554,-104.841617,9/4/2016 18:00,18:00,15,0,0,I70 WB MERGE LANE FROM & I225_WB,1,1,0,0,1,14,,0,45,0,0,0,0,0,1,2,13
,2016_45205,39.773156,-104.836996,2/25/2016 14:47,14:47,15,0,0,I70 EASTBOUND & MM 282,1,1,0,0,1,4,,0,55,0,0,0,0,0,1,2,8
,2016_45206,39.772853,-104.833483,6/16/2016 7:45,7:45,12,0,0,I70 & I225 SOUTHBOUND OFF RAMP,1,1,0,0,1,4,,0,55,0,0,0,0,0,1,2,1
,2016_45207,39.77246,-104.829241,7/12/2016 8:47,8:47,15,0,0,I70 & MM 282.51,1,1,0,0,1,4,,0,55,0,0,0,0,0,1,2,7
,2016_45225,39.790927,-105.062706,5/4/2016 7:12,7:12,12,0,0,I76 & MM 1,1,1,0,0,1,4,,0,65,0,0,0,0,0,1,3,14
,2016_45269,39.678447,-104.993319,3/19/2016 21:30,21:30,15,0,0,EVANS AVENUE EAST & SANTE FE DRIVE SOUTHBOUND RAMPS,1,3,1,0,1,1,,0,35,0,0,0,0,0,2,2,8
,2016_45277,39.698614,-104.903606,6/27/2016 14:55,14:55,12,0,0,LEETSDALE DRIVE 7300 BLOCK EAST & QUEBEC STREET SOUTH,1,1,1,0,1,3,,0,40,0,0,0,0,1,2,2,3
,2016_45278,39.698614,-104.903606,12/23/2016 15:40,15:40,12,0,0,QUEBEC STREET & LEETSDALE DRIVE,1,1,0,0,1,4,,0,60,0,0,0,0,0,2,2,14
,2016_45279,39.698997,-104.904645,8/11/2016 19:10,19:10,12,0,0,LEETSDALE DRIVE 7100 BLOCK & QUEBEC STREET SOUTH,2,2,0,0,1,4,,0,40,0,0,0,0,0,2,2,13
,2016_45280,39.702388,-104.912083,1/24/2016 17:40,17:40,3,0,0,LEETSDALE DRIVE & 6600 BLOCK,1,2,0,0,1,2,,0,35,0,0,0,0,1,2,2,1
,2016_45281,39.702954,-104.912867,8/27/2016 12:07,12:07,12,0,0,HIGHWAY 83 / LEETSDALE DRIVE & MONACO STREET SOUTH,1,1,0,0,1,4,,0,35,0,0,0,0,0,2,2,3
,2016_45282,39.70385,-104.914592,8/6/2016 10:05,10:05,12,0,0,LEETSDALE DRIVE & EXPOSITION AVENUE EAST,1,1,0,0,1,1,,0,40,0,0,0,0,0,2,2,2
,2016_45284,39.708913,-104.930659,12/12/2016 11:58,11:58,10,0,0,LEETSDALE DRIVE 4900 BLOCK & ELM STREET SOUTH,1,1,0,0,1,2,,0,35,0,0,0,0,0,2,2,14
,2016_45312,39.678447,-104.993319,3/23/2016 16:14,16:14,12,0,0,SANTA FE DRIVE SOUTH & EVANS AVENUE WEST,6,1,0,0,1,4,,0,55,0,0,0,0,1,2,2,14
,2016_45313,39.687188,-104.991945,9/24/2016 19:48,19:48,12,0,0,SANTA FE DRIVE SOUTH & IOWA AVENUE WEST,1,3,0,0,1,4,,0,45,0,0,0,0,0,2,2,5
,2016_45314,39.689055,-104.99197,6/21/2016 6:47,6:47,15,0,0,SANTA FE DRIVE 1500 BLOCK SOUTH & FLORIDA AVENUE EAST,1,1,0,0,1,4,,0,45,0,0,0,0,0,2,3,1
,2016_45315,39.696,-104.992153,4/25/2016 9:15,9:15,15,0,0,SANTA FE DRIVE & MM 209.87,1,1,0,0,1,2,,0,45,0,0,0,0,1,2,3,4
,2016_45316,39.696483,-104.991947,9/28/2016 10:28,10:28,15,0,0,SANTA FE DRIVE SOUTH & MISSISSIPPI AVENUE WEST,1,1,1,0,1,3,,0,45,0,0,0,0,0,2,2,13
,2016_45317,39.704613,-104.995737,7/16/2016 18:41,18:41,12,0,0,KALAMATH STREET & I25 SOUTHBOUND ON RAMP,1,1,0,0,1,4,,1,40,0,0,0,0,1,2,4,3
,2016_45318,39.705522,-104.996771,9/19/2016 14:00,14:00,12,0,0,SANTA FE DRIVE & MM 210.6 APPROXIMATELY,1,1,0,0,1,4,,1,,0,0,0,0,0,2,2,13
,2016_45320,39.706901,-104.996487,10/20/2016 13:21,13:21,15,0,0,SANTA FE DRIVE SOUTH  & I25 NORTHBOUND,1,1,0,0,1,4,,0,25,0,0,0,0,1,2,2,13
,2016_45321,39.707975,-104.996262,8/15/2016 14:43,14:43,12,0,0,SANTA FE DRIVE SOUTH 450 SOUTH NEW CONFIG & I25 NORTHBOUND OFF RAMP COLLECTOR APPROXIMATELY,1,1,0,0,1,1,,1,25,0,0,0,0,0,2,3,14
,2016_45333,39.737983,-105.025273,10/9/2016 12:50,12:50,1,0,0,FEDERAL BOULEVARD NORTH & 14TH AVENUE WEST,1,1,0,0,1,1,,0,35,0,0,0,0,1,2,3,2
,2016_45334,39.737983,-105.025273,11/27/2016 23:41,23:41,1,0,1,FEDERAL BOULEVARD NORTH & HOWARD PLACE WEST,1,3,1,0,1,3,,0,35,0,0,0,0,2,2,2,14
,2016_45335,39.729431,-105.025156,4/24/2016 14:23,14:23,15,0,0,FEDERAL BOULEVARD & EIGHTH AVENUE WEST,1,1,0,0,1,4,,0,35,0,0,0,0,0,2,2,14
,2016_45336,39.725357,-105.025125,8/27/2016 16:35,16:35,10,0,0,HIGHWAY 88A / FEDERAL BOULEVARD NORTH & SIXTH AVENUE WB RAMP OFF,1,1,1,0,1,1,,0,35,0,0,0,0,0,2,2,8
,2016_45337,39.724996,-105.025125,4/12/2016 17:26,17:26,12,0,0,FEDERAL BOULEVARD 600 BLOCK NORTH & SIXTH AVENUE,1,1,1,0,1,4,,0,35,0,0,0,0,0,2,2,13
,2016_45339,39.711104,-105.025094,4/18/2016 15:40,15:40,12,0,0,FEDERAL BOULEVARD 300 BLOCK SOUTH & ALAMEDA AVENUE WEST,1,1,0,0,1,3,,0,35,0,0,0,0,0,2,2,3
,2016_45341,39.710806,-105.025084,6/5/2016 12:55,12:55,1,0,0,FEDERAL BOULEVARD & 300 SOUTH,1,1,1,0,1,2,,0,35,0,0,0,0,0,2,4,7
,2016_45342,39.703865,-105.025087,11/16/2016 14:33,14:33,12,0,0,FEDERAL BOULEVARD SOUTH & EXPOSITION AVENUE WEST,1,1,0,0,1,3,,0,40,0,0,0,0,0,2,2,7
,2016_45343,39.699224,-105.02508,5/7/2016 0:32,0:32,3,0,0,FEDERAL BOULEVARD & FORD PLACE,1,3,0,0,1,1,,0,40,0,0,0,0,0,2,2,4
,2016_45344,39.698634,-105.025078,11/30/2016 7:45,7:45,15,0,0,FEDERAL BOULEVARD & FEDERAL BOULEVARD,1,1,0,0,1,3,,0,25,0,0,0,0,0,2,2,13
,2016_45345,39.695539,-105.025066,8/19/2016 19:58,19:58,12,0,0,FEDERAL BOULEVARD SOUTH & MISSISSIPPI AVENUE WEST,2,3,0,1,1,3,,0,40,0,0,0,0,0,2,3,7
,2016_45346,39.694949,-105.025064,11/22/2016 11:00,11:00,12,0,0,FEDERAL BOULEVARD SOUTH  & ARIZONA AVENUE WEST,2,1,0,2,1,3,,0,5,0,0,0,0,1,2,2,7
,2016_45348,39.693033,-105.025057,6/7/2016 22:38,22:38,12,0,0,LOUISIANA AVENUE WEST & FEDERAL BOULEVARD SOUTH,1,5,0,0,1,1,,0,25,0,0,0,0,0,2,2,7
,2016_45349,39.693033,-105.025057,12/4/2016 11:00,11:00,12,0,0,FEDERAL BOULEVARD SOUTH & LOUISIANA AVENUE WEST,1,1,0,0,1,1,,0,40,0,0,0,0,0,2,2,3
,2016_45350,39.689495,-105.025043,9/12/2016 11:35,11:35,1,0,0,FEDERAL BOULEVARD SOUTH & FLORIDA AVENUE WEST,1,1,0,0,1,1,,0,35,0,0,0,0,0,2,2,13
,2016_45351,39.689495,-105.025043,10/6/2016 8:02,8:02,1,0,0,FEDERAL BOULEVARD SOUTH & FLORIDA AVENUE WEST,2,1,0,1,1,1,,0,40,0,0,0,0,1,2,2,7
,2016_45352,39.685957,-105.02503,3/14/2016 16:22,16:22,1,0,0,FEDERAL BOULEVARD SOUTH & MEXICO AVENUE WEST,1,1,0,0,1,1,,0,30,0,0,0,1,1,2,2,7
,2016_45353,39.678047,-105.025039,7/8/2016 8:35,8:35,15,0,0,FEDERAL BOULEVARD 2000 SOUTH & EVANS AVENUE WEST,1,1,0,0,1,4,,0,,0,0,0,0,0,2,2,13
,2016_45354,39.676736,-105.025046,12/9/2016 9:34,9:34,12,0,0,FEDERAL BOULEVARD & WARREN AVENUE WEST,1,1,0,0,1,1,,0,35,0,0,0,0,0,2,2,7
,2016_45355,39.676299,-105.025048,9/6/2016 8:00,8:00,12,0,0,FEDERAL BOULEVARD & WARREN AVENUE WEST ROAD EAST,1,1,0,0,1,4,,0,,0,0,0,0,0,2,3,13
,2016_45356,39.673385,-105.025064,6/3/2016 21:35,21:35,1,0,0,FEDERAL BOULEVARD SOUTH & WESLEY AVENUE WEST,1,3,0,0,1,1,,0,40,0,0,0,0,0,2,2,5
,2016_45357,39.671346,-105.025075,3/11/2016 14:28,14:28,1,0,0,FEDERAL BOULEVARD 2580 SOUTH & VASSAR AVENUE WEST,1,1,0,0,1,2,,0,40,0,0,0,0,1,2,2,1
,2016_45358,39.67018,-105.025081,8/7/2016 4:49,4:49,9,0,0,FEDERAL BOULEVARD & VASSAR AVENUE WEST,1,3,0,0,6,4,,0,40,0,0,0,0,0,2,1,13
,2016_45359,39.666909,-105.025131,4/12/2016 15:25,15:25,12,0,0,FEDERAL BOULEVARD SOUTH & YALE AVENUE WEST,1,1,0,0,1,3,,0,35,0,0,0,0,0,2,2,13
,2016_45360,39.665444,-105.025139,5/27/2016 18:16,18:16,12,0,0,FEDERAL BOULEVARD SOUTH & AMHERST AVENUE WEST,2,1,0,1,1,1,,0,40,0,0,0,0,0,2,2,13
,2016_45399,39.651763,-105.052959,10/21/2016 14:13,14:13,12,0,0,SHERIDAN BOULEVARD SOUTH & HAMPDEN AVENUE WEST,1,1,1,0,1,1,,0,40,0,0,0,0,0,2,2,13
,2016_45401,39.65363,-105.053095,12/22/2016 13:53,13:53,12,0,0,SHERIDAN BOULEVARD SOUTH & HAMPDEN AVENUE WEST,1,1,1,0,1,3,,0,45,0,0,0,0,0,2,2,13
,2016_45402,39.655095,-105.053188,6/21/2016 9:40,9:40,15,0,0,SHERIDAN BOULEVARD SOUTH & WEST DARTMOUTH AVENUE,1,1,0,0,1,4,,0,40,0,0,0,0,0,2,2,5
,2016_45403,39.679091,-105.053268,2/21/2016 15:32,15:32,12,0,0,SHERIDAN BOULEVARD SOUTH & EVANS AVENUE WEST,1,1,0,0,1,3,,0,40,0,0,0,0,0,2,2,1
,2016_45405,39.726583,-105.053135,8/14/2016 18:30,18:30,12,0,0,SHERIDAN BOULEVARD SOUTH & SIXTH AVENUE WEST SLIP RAMP OFF GORE POINT,1,1,0,0,1,3,,0,65,0,0,0,0,0,2,2,3
,2016_45407,39.728341,-105.053229,4/5/2016 16:10,16:10,15,0,0,SHERIDAN BOULEVARD NORTH & EIGHTH AVENUE WEST,1,1,0,0,1,4,,0,30,0,0,0,0,0,2,2,13
,2016_45421,39.688905,-105.025041,10/8/2016 13:02,13:02,3,0,0,FEDERAL BOULEVARD SOUTH & FLORIDA AVENUE WEST,1,1,1,0,1,2,,0,35,0,0,0,0,0,2,2,13
,2016_45534,39.630391,-104.90506,12/1/2016 10:37,10:37,9,0,0,I225 SOUTHBOUND OFF RAMP TO I25 NORTHBOUND & RAMP END,1,1,0,0,2,14,,0,55,0,0,0,0,0,1,1,13
,2016_45535,39.635117,-104.895956,6/9/2016 12:05,12:05,12,0,0,I225 SOUTHBOUND RAMP & TAMARAC STREET,1,1,1,0,1,14,,0,35,0,0,0,0,0,1,2,13
,2016_45536,39.635355,-104.894268,7/21/2016 7:00,7:00,12,0,0,I225 SOUTHBOUND ON RAMP FROM TAMARAC & RAMP SPLIT,1,1,1,0,1,14,,0,35,0,0,0,0,0,1,2,14
,2016_45537,39.635355,-104.894268,2/1/2016 17:27,17:27,12,0,0,I225 NORTHBOUND OFF RAMP TO & TAMARAC STREET SOUTH,5,3,1,2,1,14,,0,45,0,0,0,0,1,1,3,14
,2016_45538,39.635522,-104.893462,7/27/2016 22:13,22:13,15,0,0,I225 & TAMARAC STREET,1,3,1,0,1,4,,0,50,0,0,0,0,0,1,2,13
,2016_45567,39.779661,-104.967133,4/29/2016 17:50,17:50,1,0,0,BRIGHTON BOULEVARD NORTH & I70 EASTBOUND OFF RAMP,2,1,0,1,1,1,,0,35,0,0,0,0,0,2,2,13
,2016_45572,39.782797,-104.900751,7/21/2016 6:42,6:42,15,0,0,I270 & QUEBEC STREET,1,1,0,0,1,4,,0,55,0,0,0,0,1,1,2,7
,2016_45597,39.65298,-104.927164,5/19/2016 7:31,7:31,12,0,0,HAMPDEN AVENUE & FOREST STREET SOUTH,1,1,0,0,1,4,,0,40,0,0,0,0,0,2,4,1
,2016_45598,39.652979,-104.922071,8/10/2016 13:06,13:06,12,0,0,HAMPDEN AVENUE 5600 BLOCK EAST & IVANHOE STREET SOUTH,1,1,1,0,1,3,,0,40,0,0,0,0,0,2,2,14
,2016_45599,39.652979,-104.918863,10/20/2016 7:35,7:35,1,0,0,HAMPDEN AVENUE EAST & I25 SOUTHBOUND RAMP INTERSECTION,1,1,1,0,1,1,,0,45,0,0,0,0,0,2,2,1
,2016_45600,39.754834,-105.025131,3/22/2016 9:14,9:14,3,0,0,FEDERAL BOULEVARD NORTH & 26TH AVENUE WEST,1,1,0,0,1,1,,0,35,0,0,0,0,1,2,2,14
,2016_45601,39.754834,-105.025131,11/18/2016 9:49,9:49,15,0,0,26TH AVENUE WEST & FEDERAL BOULEVARD NORTH,2,1,0,0,1,3,,0,30,0,0,0,0,0,2,2,14
,2016_45602,39.75854,-105.025143,10/19/2016 15:15,15:15,1,0,0,FEDERAL BOULEVARD NORTH & 29TH AVENUE WEST,1,1,1,0,1,1,,0,30,0,0,0,0,0,2,2,14
,2016_45603,39.75854,-105.025143,12/12/2016 8:35,8:35,1,0,0,FEDERAL BOULEVARD NORTH & 29TH AVENUE WEST,1,1,0,0,1,1,,0,35,0,0,0,0,0,2,2,13
,2016_45604,39.76025,-105.025149,3/31/2016 17:50,17:50,12,0,0,SPEER BOULEVARD NORTH & FEDERAL BOULEVARD NORTH,1,1,1,0,1,3,,0,35,0,0,0,0,0,2,2,13
,2016_45605,39.776686,-105.025228,4/27/2016 8:20,8:20,1,0,0,FEDERAL BOULEVARD NORTH & 44TH AVENUE WEST,1,1,0,0,1,1,,0,35,0,0,0,0,0,2,2,13
,2016_45606,39.784994,-105.025224,7/9/2016 7:55,7:55,3,0,1,FEDERAL BOULEVARD NORTH & 49TH AVENUE WEST,1,1,0,0,1,2,,0,35,0,0,0,0,2,2,2,7
,2016_45689,39.683094,-104.940452,1/10/2016 19:33,19:33,5,0,0,I25 & COLORADO BOULEVARD SOUTH,1,3,0,0,1,4,,0,60,0,0,0,0,1,1,1,13
,2016_45694,39.773999,-104.846793,6/2/2016 14:56,14:56,5,0,0,I70 EASTBOUND & PEORIA STREET,1,1,0,0,3,4,,0,70,0,0,0,0,0,1,1,1