id,drcog_id,latitude,longitude,crashtime,time,crashtype,numbkilled,numbinjurd,drcoglocat,rdconditin,lightngcon,roadcntgrd,weatherco,location,roaddescrp,schoolzone,constrzone,splimit,bikeinv,pedinv,sctrinv,motoinv,svrty,rdsystem,ttlvehcls,hcf
,2016_45695,39.655851,-104.919522,11/13/2016 10:06,10:06,5,0,0,I25 & HAMPDEN AVENUE,1,1,0,0,2,4,,0,65,0,0,0,0,0,1,1,7
,2016_45696,39.751617,-104.940597,11/9/2016 9:55,9:55,5,0,0,COLORADO BOULEVARD NORTH & 23RD AVENUE EAST,1,1,0,0,2,4,,0,30,0,0,0,0,1,2,1,1
,2016_45699,39.768522,-104.993732,5/1/2016 5:06,5:06,5,0,0,38TH AVENUE WEST & FOX STREET,2,3,1,2,2,1,,0,35,0,0,0,0,0,1,1,5
,2016_45702,39.743592,-104.9406,8/17/2016 15:09,15:09,9,0,0,17TH AVENUE EAST & COLORADO BOULEVARD NORTH,1,1,0,0,3,4,,0,30,0,0,0,0,0,2,1,14
,2016_45704,39.67843,-104.940638,6/21/2016 17:31,17:31,12,0,0,EVANS AVENUE 4000 BLOCK EAST & COLORADO BOULEVARD SOUTH,1,1,0,0,1,3,,0,35,0,0,0,0,0,2,2,13
,2016_45705,39.67843,-104.940638,7/31/2016 20:57,20:57,3,0,2,COLORADO BOULEVARD SOUTH & EVANS AVENUE EAST,1,3,0,0,1,1,,0,35,0,0,0,0,2,2,2,3
,2016_45706,39.67843,-104.940638,9/30/2016 13:20,13:20,14,0,0,EVANS AVENUE & COLORADO BOULEVARD SOUTH,1,1,0,0,1,3,,0,,0,0,0,0,1,2,2,13
,2016_45707,39.685981,-104.940543,6/19/2016 18:06,18:06,12,0,0,COLORADO BOULEVARD SOUTH & MEXICO AVENUE EAST,1,1,0,0,1,2,,0,35,0,0,0,0,0,2,2,3
,2016_45708,39.740236,-104.940601,6/5/2016 16:15,16:15,12,0,0,COLORADO BOULEVARD NORTH & COLFAX AVENUE EAST,1,1,0,0,1,3,,0,35,0,0,0,0,0,2,2,13
,2016_45709,39.687326,-104.940544,3/23/2016 18:16,18:16,3,0,2,COLORADO BOULEVARD SOUTH & IOWA AVENUE EAST,6,3,0,2,1,1,,0,35,0,0,0,0,2,2,3,3
,2016_45710,39.687625,-104.940545,11/9/2016 12:09,12:09,12,0,0,COLORADO BOULEVARD SOUTH & IOWA AVENUE EAST,1,1,1,0,1,3,,0,40,0,0,0,0,0,2,2,13
,2016_45711,39.689119,-104.940546,3/3/2016 8:45,8:45,3,0,0,FLORIDA AVENUE EAST & COLORADO BOULEVARD SOUTH,1,1,1,0,1,1,,0,35,0,0,0,0,0,2,2,14
,2016_45712,39.692854,-104.940549,5/22/2016 17:12,17:12,3,0,0,COLORADO BOULEVARD SOUTH & LOUISIANA AVENUE EAST,1,1,1,0,1,1,,0,35,0,0,0,0,1,2,2,3
,2016_45715,39.716892,-104.94061,7/27/2016 20:50,20:50,12,0,0,COLORADO BOULEVARD SOUTH & LEETSDALE DRIVE,1,3,0,0,1,3,,0,35,0,0,0,0,0,2,2,14
,2016_45716,39.722582,-104.940608,2/20/2016 12:05,12:05,12,0,0,COLORADO BOULEVARD 200 BLOCK NORTH & THIRD AVENUE EAST,1,1,1,0,1,4,,0,35,0,0,0,0,0,2,2,13
,2016_45717,39.730607,-104.940605,7/2/2016 11:55,11:55,12,0,0,COLORADO BOULEVARD NORTH & NINTH AVENUE EAST,1,1,0,0,1,4,,0,35,0,0,0,0,0,2,3,14
,2016_45718,39.730607,-104.940605,10/21/2016 9:40,9:40,3,0,0,COLORADO BOULEVARD NORTH & NINTH AVENUE EAST,1,1,0,0,1,1,,0,35,0,0,0,0,0,2,2,3
,2016_45719,39.736881,-104.940602,1/6/2016 7:33,7:33,15,0,0,NORTH COLORADO BOULEVARD & EAST 13TH AVENUE,1,1,0,0,1,3,,0,35,0,0,0,0,0,2,2,14
,2016_45720,39.739945,-104.940601,10/17/2016 10:30,10:30,12,0,0,COLORADO BOULEVARD 1400 BLOCK NORTH & COLFAX AVENUE,1,1,0,0,1,4,,0,35,0,0,0,0,0,2,2,7
,2016_45721,39.74009,-104.940601,12/31/2016 11:54,11:54,12,0,0,COLORADO BOULEVARD SOUTH & COLFAX AVENUE EAST,1,1,0,0,1,3,,0,35,0,0,0,0,0,2,3,13
,2016_45722,39.741258,-104.940601,11/26/2016 2:33,2:33,5,0,0,COLORADO BOULEVARD NORTH & 16TH AVENUE EAST,1,3,0,0,2,3,,0,30,0,0,0,0,0,2,1,5
,2016_45723,39.750595,-104.940597,9/12/2016 7:00,7:00,15,0,0,COLORADO BOULEVARD & 23RD AVENUE,1,1,0,0,1,4,,0,35,0,0,0,0,0,2,2,13
,2016_45724,39.752054,-104.940597,4/5/2016 10:37,10:37,5,0,0,COLORADO BOULEVARD 2400 BLOCK NORTH & 25TH AVENUE EAST,1,1,0,0,3,4,,0,35,0,0,0,0,0,2,1,14
,2016_45725,39.761914,-104.940511,6/27/2016 11:57,11:57,12,0,0,COLORADO BOULEVARD & MLK BOULEVARD,1,1,0,0,1,1,,0,35,0,0,0,0,0,2,2,14
,2016_45726,39.765544,-104.940497,5/11/2016 17:24,17:24,1,0,0,35TH AVENUE EAST & COLORADO BOULEVARD NORTH,1,1,0,0,1,1,,0,35,0,0,0,0,0,2,2,13
,2016_45727,39.779447,-104.949726,8/3/2016 15:25,15:25,15,0,0,STEELE STREET NORTH & 46TH AVENUE EAST,1,1,0,0,1,4,,0,30,0,0,0,0,0,2,2,4
,2016_45728,39.784135,-104.94045,2/20/2016 15:00,15:00,1,0,1,COLORADO BOULEVARD NORTH & 48TH AVENUE EAST,1,1,0,0,1,1,,0,35,0,0,0,0,2,2,2,13
,2016_45729,39.784135,-104.94045,6/6/2016 8:23,8:23,12,0,0,COLORADO BOULEVARD NORTH & 48TH AVENUE EAST,1,1,0,0,1,3,,0,40,0,0,0,0,0,2,2,13
,2016_45748,39.725597,-105.041945,3/30/2016 6:51,6:51,12,0,0,SIXTH AVENUE WEST & RALEIGH STREET NORTH,1,1,1,0,1,4,,0,55,0,0,0,0,0,2,3,3
,2016_45749,39.725556,-105.039261,9/6/2016 22:38,22:38,3,0,0,PERRY STREET & NORTH SIXTH AVENUE WEST FRONTAGE ROAD,1,3,0,0,1,1,,0,35,0,0,0,0,0,4,2,13
,2016_45750,39.725543,-105.034338,6/4/2016 11:30,11:30,12,0,0,SIXTH AVENUE WEST & LOWELL BOULEVARD NORTH,1,1,0,0,1,4,,0,55,0,0,0,0,0,2,2,7
,2016_45752,39.725417,-105.026212,9/29/2016 17:03,17:03,12,0,0,SIXTH AVENUE WEST OLD CONFIG & FEDERAL BOULEVARD NORTH APPROXIMATELY,1,1,1,0,1,4,,0,45,0,0,0,0,0,2,2,7
,2016_45753,39.725313,-105.02099,1/30/2016 12:59,12:59,15,0,0,SIXTH AVENUE WEST & FEDERAL BOULEVARD,1,1,0,0,1,14,,0,55,0,0,0,0,0,2,2,13
,2016_45754,39.725194,-105.018429,5/31/2016 16:40,16:40,12,0,0,SIXTH AVENUE & BRYANT STREET NORTH,1,1,1,0,1,4,,0,55,0,0,0,1,1,2,3,5
,2016_45755,39.790208,-104.942044,9/19/2016 11:40,11:40,1,0,0,VASQUEZ BOULEVARD & 52ND AVENUE EAST,1,1,0,0,1,1,,0,45,0,0,0,0,0,2,2,1
,2016_45768,39.775573,-104.865095,9/30/2016 11:11,11:11,5,0,0,I70 & HAVANA STREET NORTH,1,1,0,0,3,4,,0,55,0,0,0,0,0,1,1,1
,2016_45806,39.724477,-105.012282,5/4/2016 7:53,7:53,12,0,0,I25 & SIXTH AVENUE WEST,1,1,1,0,1,4,,0,55,0,0,0,0,1,1,2,13
,2016_45809,39.723012,-105.010664,8/19/2016 2:59,2:59,5,0,0,I25 NORTHBOUND OFF RAMP GORE POINT TO & SIXTH AVENUE WEST,1,3,0,0,3,14,,0,65,0,0,0,0,0,1,1,13
,2016_45820,39.751295,-105.016566,5/10/2016 19:56,19:56,5,0,0,I25 & 23RD AVENUE WEST,1,3,0,0,1,4,,0,55,0,0,0,0,0,1,2,13
,2016_45827,39.632822,-104.906184,9/13/2016 18:29,18:29,12,0,0,I25 & I225 INTCH APPROXIMATELY,1,1,0,0,1,4,,0,65,0,0,0,0,0,1,2,12
,2016_45828,39.637045,-104.908732,10/17/2016 11:55,11:55,5,0,0,I25 NORTHBOUND & I225 SOUTHBOUND/WESTBOUND OFF RAMP GORE POINT,1,1,0,0,3,4,,0,65,0,0,0,0,0,1,1,3
,2016_45829,39.64994,-104.9165,12/2/2016 14:54,14:54,12,0,0,I25 & HAMPDEN AVENUE EAST,2,1,0,2,1,4,,0,65,0,0,0,0,0,1,2,13
,2016_45830,39.652488,-104.917955,9/30/2016 12:17,12:17,12,0,0,I25 & HAMPDEN AVENUE EAST,1,1,0,0,1,4,,0,65,0,0,0,0,1,1,2,13
,2016_45831,39.652488,-104.917955,4/5/2016 14:53,14:53,15,0,0,I25 NORTHBOUND OF FRAMP & HAMPDEN AVENUE EAST,1,1,1,0,1,14,,0,40,0,0,0,0,0,1,2,13
,2016_45832,39.653259,-104.918319,9/6/2016 6:46,6:46,15,0,0,I25 & HAMPDEN AVENUE EAST,1,1,0,0,1,4,,0,65,0,0,0,0,0,1,3,1
,2016_45833,39.659816,-104.921268,12/22/2016 17:29,17:29,12,0,0,I25 & HAMPDEN AVENUE,1,3,0,0,1,4,,0,60,0,0,0,0,0,1,2,13
,2016_45834,39.68492,-104.959509,4/14/2016 15:45,15:45,12,0,0,I25 & UNIVERSITY BOULEVARD SOUTH,1,1,0,0,1,4,,0,60,0,0,0,0,0,1,2,13
,2016_45835,39.665294,-104.923947,10/7/2016 12:36,12:36,12,0,0,I25 NORTHBOUND & YALE AVENUE EAST,1,1,0,0,1,4,,0,60,0,0,0,0,0,1,3,13
,2016_45836,39.667623,-104.925611,12/23/2016 18:38,18:38,1,0,0,YALE AVENUE & I25 NORTHBOUND ON RAMP,1,1,0,0,1,1,,0,35,0,0,0,0,0,1,2,13
,2016_45837,39.668841,-104.92643,8/4/2016 9:19,9:19,12,0,0,I25 SOUTHBOUND & YALE AVENUE EAST INTERCHANGE,1,1,0,0,1,4,,0,60,0,0,0,0,0,1,2,13
,2016_45838,39.670889,-104.927774,11/21/2016 10:44,10:44,15,0,0,I25 SOUTHBOUND & YALE AVENUE EAST INTERCHANGE,1,1,0,0,1,4,,0,55,0,0,0,0,0,1,2,3
,2016_45839,39.67771,-104.932988,10/17/2016 21:38,21:38,12,0,0,I25 SOUTHBOUND & EVANS AVENUE EAST,1,3,0,0,1,4,,0,35,0,0,0,0,0,1,3,13
,2016_45840,39.678367,-104.933559,7/3/2016 15:50,15:50,15,0,0,I25 NORTHBOUND & EVANS AVENUE EAST,1,5,0,0,1,4,,0,65,0,0,0,0,0,1,2,3
,2016_45841,39.678367,-104.933559,2/24/2016 10:15,10:15,12,0,0,EVANS AVENUE EAST & I25,1,1,0,0,1,1,,0,30,0,0,0,0,1,1,2,3
,2016_45842,39.679023,-104.93413,4/16/2016 19:57,19:57,5,0,0,I25 & EVANS AVENUE EAST,6,3,0,2,2,4,,0,60,0,0,0,0,0,1,2,13
,2016_45843,39.679023,-104.93413,9/26/2016 15:13,15:13,12,0,0,I25 & EVANS AVENUE EAST,1,1,1,0,1,14,,0,35,0,0,0,0,0,1,2,12
,2016_45844,39.683094,-104.940452,4/26/2016 15:03,15:03,15,0,0,I25 SOUTHBOUND & COLORADO BOULEVARD SOUTH,1,1,0,0,1,4,,0,60,0,0,0,0,0,1,2,3
,2016_45845,39.683351,-104.941534,6/8/2016 19:57,19:57,12,0,0,I25 NORTHBOUND ON RAMP FROM & COLORADO BOULEVARD SOUTH,1,1,0,0,1,14,,0,35,0,0,0,0,0,1,2,7
,2016_45846,39.683896,-104.943532,7/7/2016 18:17,18:17,12,0,0,I25 SOUTHBOUND & COLORADO BOULEVARD SOUTH,1,1,0,0,1,4,,0,60,0,0,0,0,1,1,3,8
,2016_45848,39.68492,-104.959509,2/20/2016 15:34,15:34,12,0,0,I25 & UNIVERSITY BOULEVARD SOUTH,1,1,0,0,1,4,,0,50,0,0,0,0,0,1,2,3
,2016_45849,39.686521,-104.96626,12/12/2016 17:01,17:01,12,0,0,I25 SOUTHBOUND OFF RAMP & UNIVERSITY BOULEVARD,1,3,1,0,1,14,,0,50,0,0,0,0,0,1,3,14
,2016_45850,39.687943,-104.969224,4/29/2016 2:53,2:53,5,0,0,I25 RAMP OFF & FRANKLIN STREET SOUTH,2,3,0,2,3,14,,0,60,0,0,0,0,0,1,1,5
,2016_45851,39.688345,-104.970027,6/7/2016 8:15,8:15,12,0,0,I25 RAMP ON & DOWNING STREET,1,1,1,0,1,14,,0,60,0,0,0,0,0,1,2,3
,2016_45852,39.689954,-104.97324,10/4/2016 17:25,17:25,15,0,0,I25 & MM 205.9,1,1,0,0,1,4,,0,55,0,0,0,0,1,1,2,13
,2016_45853,39.690115,-104.973561,4/25/2016 16:15,16:15,5,0,0,I25 & DOWNING STREET SOUTH,1,1,0,0,2,4,,0,50,0,0,0,0,0,1,2,3
,2016_45854,39.69219,-104.976782,1/31/2016 15:00,15:00,15,0,0,I25 & EMERSON STREET SOUTH,1,1,0,0,1,4,,0,55,0,0,0,0,0,1,2,13
,2016_45855,39.69219,-104.976782,12/15/2016 14:17,14:17,12,0,0,I25 & EMERSON STREET,1,1,0,0,1,4,,0,55,0,0,0,0,0,1,2,14
,2016_45856,39.692547,-104.977212,8/17/2016 18:20,18:20,12,0,0,I25 & EMERSON STREET SOUTH,1,1,0,0,1,4,,0,60,0,0,0,0,1,1,2,13
,2016_45858,39.701466,-104.987451,1/13/2016 17:42,17:42,12,0,0,I25 & BROADWAY SOUTH,1,3,0,0,1,4,,0,55,0,0,0,0,0,1,2,3
,2016_45859,39.701466,-104.987451,1/14/2016 13:20,13:20,1,0,0,I25 SOUTHBOUND RAMP & BROADWAY SOUTH,1,1,0,0,1,1,,0,30,0,0,0,0,0,1,2,13
,2016_45860,39.707118,-104.996779,2/16/2016 17:09,17:09,12,0,0,I25 & SANTA FE DRIVE SOUTH INTERCHANGE,1,1,0,0,1,4,,0,55,0,0,0,0,0,1,2,13
,2016_45861,39.707118,-104.996779,3/8/2016 15:56,15:56,12,0,0,I25 & SANTA FE DRIVE SOUTH INTERCHANGE,1,1,0,0,1,4,,0,55,0,0,0,0,0,1,2,13
,2016_45862,39.635522,-104.893462,12/27/2016 3:15,3:15,5,0,0,I225 & TAMARAC STREET,1,3,0,0,2,4,,0,55,0,0,0,0,0,1,1,2
,2016_45863,39.707118,-104.996779,5/26/2016 14:26,14:26,12,0,0,I25 & SANTA FE DRIVE SOUTH INTERCHANGE,1,1,0,0,1,4,,0,55,0,0,0,0,0,1,3,13
,2016_45864,39.709613,-104.997988,8/16/2016 7:00,7:00,12,0,0,I25 NORTHBOUND ON FLYOVER  & NORTHBOUND ENTRANCE GORE POINT,1,1,1,0,1,14,,0,35,0,0,0,0,1,1,2,3
,2016_45865,39.710423,-104.998434,11/8/2016 7:35,7:35,15,0,0,I25 & NORTHBOUND ON RAMP FROM SANTA FE,1,1,1,0,1,4,,0,60,0,0,0,0,0,1,2,13
,2016_45866,39.710698,-104.998599,6/7/2016 7:21,7:21,12,0,0,I25 & WEST ALAMEDA AVENUE,1,1,0,0,1,4,,0,55,0,0,0,0,0,1,3,3
,2016_45867,39.71125,-104.998929,11/16/2016 18:20,18:20,12,0,0,I25 & ALAMEDA AVENUE,1,2,0,0,1,4,,0,65,0,0,0,0,0,1,2,3
,2016_45868,39.711387,-104.999011,6/24/2016 15:29,15:29,12,0,0,I25 HIGHWAY NORTHBOUND  & ALAMEDA AVENUE WEST,1,1,0,0,1,4,,0,55,0,0,0,0,0,1,2,14
,2016_45869,39.711525,-104.999094,6/14/2016 14:25,14:25,12,0,0,I25 & WEST ALAMEDA AVENUE,1,1,0,0,1,4,,0,55,0,0,0,0,0,1,2,3
,2016_45870,39.711525,-104.999094,9/3/2016 13:18,13:18,15,0,0,I25 & ALAMEDA AVENUE WEST APPROXIMATELY,1,1,1,0,1,4,,0,55,0,0,0,0,0,1,3,13
,2016_45871,39.711525,-104.999094,12/6/2016 16:19,16:19,12,0,0,I25 & ALAMEDA AVENUE,1,3,0,0,1,4,,0,55,0,0,0,0,0,1,2,13
,2016_45872,39.714925,-105.00119,11/29/2016 21:40,21:40,15,0,0,I25 SOUTHBOUND & ALAMEDA AVENUE WEST APPROXIMATELY,1,3,0,0,1,4,,0,55,0,0,0,0,0,1,2,13
,2016_45873,39.72244,-105.009858,2/27/2016 11:00,11:00,12,0,0,I25 & SIXTH AVENUE INTERCHANGE,1,1,0,0,1,4,,0,55,0,0,0,0,0,1,2,13
,2016_45874,39.72244,-105.009858,5/10/2016 16:23,16:23,15,0,0,I25 & SIXTH AVENUE INTERCHANGE,1,1,0,0,1,4,,0,65,0,0,0,0,0,1,2,3
,2016_45876,39.724477,-105.012282,8/19/2016 20:08,20:08,15,0,0,I25 & SIXTH AVENUE WEST,2,3,1,1,1,4,,0,55,0,0,0,0,0,1,3,13
,2016_45877,39.725165,-105.012815,12/29/2016 7:56,7:56,15,0,0,I25 & SIXTH AVENUE,1,1,0,0,1,4,,0,55,0,0,0,0,0,1,2,3
,2016_45878,39.725281,-105.012899,2/20/2016 17:01,17:01,12,0,0,I25 & SIXTH AVENUE INTERCHANGE,1,1,0,0,1,4,,0,55,0,0,0,0,0,1,2,3
,2016_45879,39.725281,-105.012899,4/14/2016 16:53,16:53,12,0,0,I25 & SIXTH AVENUE INTERCHANGE,1,1,0,0,1,4,,0,55,0,0,0,0,0,1,2,13
,2016_45880,39.725281,-105.012899,6/13/2016 13:39,13:39,12,0,0,I25 HIGHWAY NORTHBOUND RAMP OFF  & SIXTH AVENUE WEST INTERCHANGE,1,1,0,0,1,14,,1,55,0,0,0,0,0,1,2,3
,2016_45881,39.726451,-105.01367,2/27/2016 21:07,21:07,5,0,0,I25 RAMP OFF GORE POINT & SIXTH AVENUE WEST,1,3,0,0,2,14,,0,20,0,0,0,0,0,1,1,13
,2016_45882,39.729265,-105.014796,2/16/2016 18:23,18:23,12,0,0,I25 & EIGHTH AVENUE WEST INTERCHANGE,1,3,0,0,1,4,,0,55,0,0,0,0,0,1,3,13
,2016_45884,39.729265,-105.014796,2/29/2016 14:56,14:56,12,0,0,I25 & EIGHTH AVENUE WEST INTERCHANGE,1,1,0,0,1,4,,0,55,0,0,0,0,0,1,2,13
,2016_45885,39.729573,-105.014907,6/2/2016 18:15,18:15,12,0,0,I25 & MM 209.5,1,1,1,0,1,4,,0,55,0,0,0,0,1,1,3,13
,2016_45886,39.730758,-105.015321,5/8/2016 2:20,2:20,15,0,1,I25 & EIGHTH AVENUE WEST INTERCHANGE,1,3,1,0,1,4,,0,55,0,0,0,0,2,1,2,14
,2016_45887,39.736873,-105.014064,5/17/2016 8:58,8:58,15,0,0,I25 & COLFAX AVENUE,1,1,0,0,1,4,,0,55,0,0,0,0,0,1,3,3
,2016_45888,39.737596,-105.013912,10/27/2016 6:59,6:59,12,0,0,I25 SOUTHBOUND  & COLFAX AVENUE WEST INTERCHANGE,1,1,0,0,1,4,,0,55,0,0,0,0,0,1,2,14
,2016_45889,39.740007,-104.991824,7/20/2016 12:50,12:50,5,0,0,COLFAX AVENUE WEST & CHEROKEE STREET NORTH,1,1,0,0,2,1,,0,30,0,0,0,0,0,2,1,8
,2016_45890,39.740257,-105.013939,10/30/2016 18:35,18:35,15,0,0,I25 & COLFAX AVENUE WEST,1,1,0,0,1,4,,0,,0,0,0,0,0,1,2,13
,2016_45891,39.740941,-105.014085,7/30/2016 11:30,11:30,12,0,0,I25 SOUTHBOUND & COLFAX AVENUE WEST,1,1,0,0,1,4,,0,55,0,0,0,0,0,1,3,13
,2016_45892,39.742025,-105.014657,1/26/2016 16:50,16:50,12,0,0,I25 & AURARIA PARKWAY,1,2,0,0,1,4,,0,55,0,0,0,0,0,1,2,2
,2016_45893,39.742025,-105.014657,4/7/2016 9:50,9:50,15,0,0,I25 SOUTHBOUND & COLFAX AVENUE WEST,1,1,0,0,1,4,,0,55,0,0,0,0,0,1,2,13
,2016_45894,39.742639,-105.015225,1/3/2016 13:40,13:40,12,0,0,I25 SOUTHBOUND OFF RAMP & COLFAX AVENUE WEST,1,1,1,0,1,14,,0,55,0,0,0,0,0,1,2,3
,2016_45895,39.751295,-105.016566,3/4/2016 10:25,10:25,12,0,0,I25 & 23RD AVENUE WEST,1,1,0,0,1,4,,0,55,0,0,0,0,0,1,2,13
,2016_45896,39.751295,-105.016566,12/20/2016 18:06,18:06,12,0,0,I25 & 23RD AVENUE WEST,1,3,1,0,1,4,,0,55,0,0,0,0,1,1,3,1
,2016_45897,39.75324,-105.015145,5/13/2016 21:20,21:20,15,0,0,I25 & SPEER BOULEVARD,1,3,0,0,1,4,,0,55,0,0,0,0,0,1,2,13
,2016_45898,39.768049,-104.994761,6/28/2016 20:16,20:16,12,0,0,38TH AVENUE WEST & FOX STREET NORTH,2,2,0,0,1,1,,1,35,0,0,0,0,0,1,2,13
,2016_45899,39.754081,-105.014195,9/12/2016 14:02,14:02,12,0,0,I25 & SPEER BOULEVARD NORTHBOUND OFF RAMP GORE POINT,1,1,1,0,1,4,,0,55,0,0,0,0,0,1,3,13
,2016_45900,39.756627,-105.010658,4/18/2016 12:18,12:18,12,0,0,I25 & SPEER BOULEVARD SOUTHBOUND EXIT GORE POINT,1,1,0,0,1,4,,0,55,0,0,0,0,0,1,2,14
,2016_45901,39.760583,-105.004924,3/18/2016 5:42,5:42,12,0,0,I25 NORTHBOUND OFF RAMP & 20TH STREET,5,2,0,2,1,14,,0,55,0,0,0,0,0,1,2,14
,2016_45902,39.760997,-105.004271,6/16/2016 17:35,17:35,12,0,0,I25 HIGHWAY SOUTHBOUND & 20TH STREET INTERCHANGE,1,1,0,0,1,4,,0,55,0,0,0,0,0,1,2,13
,2016_45903,39.760997,-105.004271,7/28/2016 14:46,14:46,12,0,0,I25 SOUTHBOUND & 20TH STREET,1,1,0,0,1,4,,0,55,0,0,0,0,0,1,3,13
,2016_45905,39.760997,-105.004271,10/7/2016 13:43,13:43,12,0,0,I25 SOUTHBOUND & 20TH STREET,1,1,1,0,1,4,,0,55,0,0,0,0,1,1,4,3
,2016_45906,39.760997,-105.004271,11/7/2016 17:47,17:47,12,0,0,I25 & 20TH STREET,1,2,1,0,1,4,,0,55,0,0,0,0,1,1,2,13
,2016_45907,39.760997,-105.004271,11/22/2016 11:01,11:01,12,0,0,I25 SOUTHBOUND & 20TH STREET,1,1,0,0,1,4,,0,55,0,0,0,0,0,1,2,13
,2016_45908,39.765832,-104.999833,2/19/2016 13:00,13:00,15,0,0,I25 & 20TH STREET NORTHBOUND ON RAMP GORE POINT,1,1,1,0,1,4,,0,35,0,0,0,0,0,1,2,16
,2016_45909,39.766237,-104.999215,10/28/2016 6:40,6:40,12,0,0,I25 NORTHBOUND & PARK AVENUE WEST,1,3,0,0,1,4,,0,55,0,0,0,0,1,1,2,3
,2016_45910,39.767484,-104.996205,6/5/2016 2:15,2:15,15,0,0,I25 & PARK AVENUE WEST EASTBOUND OFF RAMP,1,3,1,0,1,4,,0,55,0,0,0,0,0,1,2,13
,2016_45911,39.767972,-104.994763,9/6/2016 17:02,17:02,15,0,0,I25 NORTHBOUND LANE 5 & PARK AVENUE WEST APPROXIMATELY,1,1,0,0,1,4,,0,55,0,0,0,0,0,1,2,13
,2016_45912,39.768049,-104.994761,1/13/2016 17:18,17:18,15,0,0,I25 & PARK AVENUE WEST,1,4,0,0,1,4,,0,55,0,0,0,0,0,1,2,3
,2016_45913,39.768049,-104.994761,4/12/2016 15:06,15:06,12,0,0,I25 & 38TH AVENUE,1,1,0,0,1,4,,0,55,0,0,0,0,0,1,2,13
,2016_45914,39.768049,-104.994761,4/19/2016 16:02,16:02,12,0,0,I25 & PARK AVENUE WEST,1,1,0,0,1,4,,0,55,0,0,0,0,0,1,2,13
,2016_45915,39.77777,-104.989188,11/14/2016 15:32,15:32,15,0,0,I25 & I70,1,1,0,0,1,4,,0,55,0,0,0,0,0,1,4,1
,2016_45917,39.779535,-104.989164,7/2/2016 12:49,12:49,12,0,0,I25 SOUTHBOUND & I70 INTERCHANGE,1,1,0,0,1,4,,0,55,0,0,0,0,0,1,2,3
,2016_45940,39.711184,-105.003779,10/18/2016 17:07,17:07,12,0,1,ALAMEDA AVENUE WEST & NAVAJO STREET SOUTH,1,1,0,0,1,3,,0,35,0,0,0,0,2,2,2,7
,2016_45955,39.711184,-105.001732,11/21/2016 8:01,8:01,12,0,0,ALAMEDA AVENUE WEST & LIPAN STREET SOUTH,1,5,1,0,1,1,,0,35,0,0,0,0,1,2,2,13
,2016_45965,39.711124,-105.03249,1/19/2016 23:05,23:05,12,0,0,ALAMEDA AVENUE WEST & KNOX COURT SOUTH,1,3,0,0,1,1,,0,35,0,0,0,0,0,2,2,13
,2016_45966,39.711077,-105.025075,9/8/2016 15:44,15:44,15,0,0,FEDERAL BOULEVARD SOUTH & ALAMEDA AVENUE WEST,1,1,0,0,1,3,,0,35,0,0,0,0,0,2,2,7
,2016_45967,39.711077,-105.025075,9/19/2016 14:25,14:25,3,0,0,FEDERAL BOULEVARD SOUTH & ALAMEDA AVENUE WEST,1,1,1,0,1,1,,0,40,0,0,0,0,0,2,2,1
,2016_45968,39.711125,-105.015705,5/4/2016 16:58,16:58,12,0,0,ALAMEDA AVENUE WEST & ZUNI STREET SOUTH,1,1,0,0,1,3,,0,35,0,0,0,0,0,2,2,7
,2016_45969,39.711208,-104.998391,2/23/2016 7:37,7:37,12,0,0,KALAMATH STREET SOUTH & ALAMEDA AVENUE WEST,1,1,0,0,1,1,,0,40,0,0,0,0,0,2,2,13
,2016_45970,39.653084,-104.91283,4/1/2016 11:26,11:26,12,0,0,HAMPDEN AVENUE EAST & MONACO STREET SOUTH,1,1,0,0,1,1,,0,35,0,0,0,0,0,2,2,14
,2016_45971,39.653084,-104.91283,4/1/2016 19:00,19:00,1,0,0,HAMPDEN AVENUE & MONACO STREET SOUTH,1,2,0,0,1,1,,0,45,0,0,0,0,0,2,2,3
,2016_45972,39.653084,-104.91283,11/18/2016 8:10,8:10,12,0,0,HAMPDEN AVENUE EAST & MONACO STREET,5,1,0,2,1,1,,0,5,0,0,0,0,0,2,2,7
,2016_45973,39.653101,-104.902199,12/17/2016 9:22,9:22,14,0,0,HAMPDEN AVENUE EAST & TAMARAC STREET SOUTH,4,1,1,2,1,1,,0,40,0,0,0,0,0,2,2,13
,2016_45974,39.653087,-104.900126,6/3/2016 21:55,21:55,1,0,0,HAMPDEN AVENUE EAST & TAMARAC DRIVE SOUTH,1,4,0,0,1,1,,0,30,0,0,0,0,0,2,2,13
,2016_45975,39.653082,-104.899371,8/11/2016 16:24,16:24,15,0,0,HAMPDEN AVENUE 7700 BLOCK EAST & TAMARAC STREET SOUTH,1,1,1,0,1,4,,0,40,0,0,0,0,0,2,2,14
,2016_45976,39.653077,-104.898619,2/15/2016 23:11,23:11,1,0,0,TAMARAC DRIVE SOUTH & HAMPDEN AVENUE EAST,1,3,0,0,1,1,,0,35,0,0,0,0,0,2,2,7
,2016_45977,39.653077,-104.898619,9/8/2016 7:09,7:09,3,0,0,HIGHWAY 30A / HAMPDEN AVENUE & TAMARAC DRIVE SOUTH,1,1,1,0,1,1,,0,40,0,0,0,0,1,2,2,14
,2016_45979,39.653077,-104.898619,12/22/2016 18:08,18:08,1,0,1,HAMPDEN AVENUE EAST & TAMARAC DRIVE,1,3,1,0,1,1,,0,40,0,0,0,0,2,2,2,1
,2016_45980,39.65308,-104.887517,12/5/2016 8:26,8:26,1,0,0,HAMPDEN AVENUE EAST & WILLOW SOUTH,1,1,0,0,1,2,,0,45,0,0,0,0,0,2,2,13