id,drcog_id,latitude,longitude,crashtime,time,crashtype,numbkilled,numbinjurd,drcoglocat,rdconditin,lightngcon,roadcntgrd,weatherco,location,roaddescrp,schoolzone,constrzone,splimit,bikeinv,pedinv,sctrinv,motoinv,svrty,rdsystem,ttlvehcls,hcf
,2016_45982,39.65305,-104.884342,6/21/2016 9:23,9:23,12,0,0,HAMPDEN AVENUE 8800 BLOCK EAST & YOSEMITE STREET SOUTH,1,1,0,0,1,3,,0,45,0,0,0,0,0,2,2,7
,2016_45983,39.65302,-104.876127,6/28/2016 7:37,7:37,12,0,0,HAMPDEN AVENUE EAST & DAYTON STREET SOUTH,1,1,0,0,1,4,,0,40,0,0,0,0,0,2,3,14
,2016_45984,39.65302,-104.87557,7/15/2016 12:25,12:25,12,0,0,HAMPDEN AVENUE EAST & DAYTON STREET SOUTH,1,1,0,0,1,4,,0,45,0,0,0,0,0,2,3,3
,2016_45985,39.653541,-104.868354,4/15/2016 17:40,17:40,1,0,0,HAMPDEN AVENUE EAST & GALENA STREET SOUTH,1,1,0,0,1,1,,0,40,0,0,0,0,1,2,3,7
,2016_45986,39.660018,-104.866322,9/28/2016 21:30,21:30,12,0,1,DARTMOUTH AVENUE EAST & HAVANA STREET SOUTH,1,3,0,0,1,1,,0,45,0,0,0,1,2,2,2,13
,2016_45988,39.667712,-104.866131,2/26/2016 15:39,15:39,1,0,0,HAVANA STREET 2600 BLOCK SOUTH & PARKER ROAD SOUTH,1,1,1,0,1,2,,0,40,0,0,0,0,0,2,2,13
,2016_45989,39.740378,-105.017114,2/25/2016 10:43,10:43,5,0,0,COLFAX AVENUE WEST & I25 SOUTHBOUND ON RAMP GORE POINT,1,1,0,0,3,4,,0,55,0,0,0,0,0,2,1,14
,2016_46011,39.778252,-104.903409,4/3/2016 15:15,15:15,15,0,0,QUEBEC STREET 4100 BLOCK NORTH & I70,1,1,0,0,1,4,,0,40,0,0,0,0,0,2,2,8
,2016_46024,39.740045,-104.99931,10/19/2016 17:00,17:00,12,0,0,COLFAX AVENUE WEST & 900 BLOCK,1,1,1,0,1,4,,0,30,0,0,0,0,1,2,2,13
,2016_46051,39.740357,-105.016127,2/23/2016 6:12,6:12,12,0,0,COLFAX AVENUE WEST & I25 SOUTHBOUND OFF RAMP,5,1,1,0,1,4,,0,45,0,0,0,0,0,2,2,13
,2016_46052,39.740038,-104.997854,10/1/2016 14:02,14:02,10,0,0,SPEER BOULEVARD NORTHBOUND & COLFAX AVENUE WEST,1,1,0,0,1,1,,0,65,0,0,0,0,0,2,2,13
,2016_46053,39.740038,-104.997854,12/1/2016 17:40,17:40,3,0,0,SOUTH SPEER BOULEVARD NORTHBOUND & COLFAX AVENUE WEST,1,1,0,0,1,1,,0,35,0,0,0,0,0,2,2,13
,2016_46054,39.740019,-104.994112,9/19/2016 12:00,12:00,12,0,0,COLFAX AVENUE & TREMONT STREET,1,1,0,0,1,1,,0,30,0,0,0,0,0,2,2,3
,2016_46055,39.740049,-104.986167,6/28/2016 23:25,23:25,3,0,0,LINCOLN STREET NORTH & COLFAX AVENUE EAST,1,4,0,0,1,1,,0,30,0,0,0,0,0,2,2,14
,2016_46056,39.740049,-104.986167,12/18/2016 1:46,1:46,10,0,0,LINCOLN STREET & COLFAX AVENUE EAST,4,3,0,0,1,1,,0,,0,0,0,0,0,2,2,1
,2016_46057,39.74005,-104.984853,10/5/2016 16:40,16:40,12,0,0,COLFAX AVENUE EAST & SHERMAN STREET,1,1,1,0,1,1,,0,30,0,0,0,0,1,2,2,13
,2016_46058,39.740007,-104.979792,12/21/2016 17:40,17:40,12,0,0,COLFAX AVENUE EAST & PEARL STREET NORTH,1,3,0,0,1,4,,0,30,0,0,0,0,0,2,2,13
,2016_46059,39.740013,-104.969683,5/14/2016 22:35,22:35,3,0,0,COLFAX AVENUE EAST & HUMBOLDT STREET NORTH,1,3,0,0,1,1,,0,30,0,0,0,0,0,2,2,13
,2016_46061,39.739981,-104.962522,7/8/2016 17:40,17:40,12,0,0,COLFAX AVENUE 2000 BLOCK EAST & VINE STREET NORTH,1,1,0,0,1,4,,0,30,0,0,0,0,0,2,2,13
,2016_46062,39.739974,-104.960824,10/25/2016 2:54,2:54,6,0,0,COLFAX AVENUE EAST & GAYLORD STREET NORTH,1,3,0,0,1,4,,0,35,0,0,0,0,0,2,2,8
,2016_46063,39.739983,-104.959859,10/1/2016 21:35,21:35,12,0,0,COLFAX AVENUE EAST & YORK STREET NORTH,1,3,0,0,1,1,,0,,0,0,0,0,0,2,2,13
,2016_46065,39.740113,-104.958751,8/13/2016 17:24,17:24,12,0,0,COLFAX AVENUE EAST & JOSEPHINE STREET NORTH,1,1,0,0,1,1,,0,35,0,0,0,0,0,2,2,5
,2016_46066,39.740158,-104.949366,6/13/2016 17:00,17:00,6,0,0,COLFAX AVENUE EAST & STEELE STREET NORTH,2,1,0,0,1,1,,0,30,0,0,0,0,0,2,2,13
,2016_46067,39.740137,-104.942967,4/9/2016 12:54,12:54,12,0,2,COLFAX AVENUE EAST & JACKSON STREET NORTH,1,1,0,0,1,1,,0,35,0,0,0,0,2,2,3,3
,2016_46068,39.740079,-104.921199,1/19/2016 21:45,21:45,12,0,0,NORTH IVANHOE STREET 1500 & COLFAX AVENUE EAST,8,3,0,0,1,1,,0,35,0,0,0,0,0,2,2,13
,2016_46069,39.740081,-104.916313,5/28/2016 18:09,18:09,3,0,0,COLFAX AVENUE EAST & KRAMERIA STREET,1,1,0,0,1,1,,0,35,0,0,0,0,0,2,2,13
,2016_46070,39.740082,-104.912367,5/8/2016 15:31,15:31,12,0,0,MONACO PARKWAY NORTH  & COLFAX AVENUE EAST,1,1,0,0,1,3,,0,35,0,0,0,0,1,2,3,3
,2016_46071,39.740085,-104.898651,11/28/2016 6:44,6:44,15,0,0,COLFAX AVENUE EAST & SYRACUSE STREET NORTH,1,1,0,0,1,4,,0,35,0,0,0,0,0,2,2,13
,2016_46123,39.783786,-105.052595,12/9/2016 7:30,7:30,12,0,0,I70 & SHERIDAN BOULEVARD,5,1,0,0,1,4,,0,55,0,0,0,0,0,1,2,14
,2016_46124,39.783472,-105.040139,6/26/2016 17:46,17:46,5,0,0,I70 & NORTH FEDERAL BOULEVARD,1,1,0,0,2,4,,0,65,0,0,0,0,0,1,1,13
,2016_46126,39.783157,-105.006163,3/30/2016 23:00,23:00,15,0,0,I70 WB OFF RAMP & PECOS STREET NORTH,1,3,0,0,1,14,,0,25,0,0,0,0,0,1,2,1
,2016_46127,39.783466,-105.002531,10/25/2016 6:49,6:49,12,0,0,I70 & PECOS STREET,1,3,0,0,1,4,,0,55,0,0,0,0,0,1,2,7
,2016_46128,39.781387,-104.994795,7/11/2016 10:30,10:30,5,0,0,I70 & FOX STREET,1,1,1,0,3,4,,0,55,0,0,0,0,0,1,1,7
,2016_46129,39.780124,-104.989762,1/20/2016 11:00,11:00,15,0,0,I70 EASTBOUND OFF RAMP TO & I25 HIGHWAY SOUTHBOUND,1,1,1,0,1,14,,0,55,0,0,0,0,0,1,2,14
,2016_46130,39.780058,-104.9894,5/31/2016 8:37,8:37,12,0,0,I70 & I25,1,1,0,0,1,4,,0,55,0,0,0,0,0,1,2,14
,2016_46131,39.779991,-104.989038,11/9/2016 6:00,6:00,12,0,0,I70 EASTBOUND COLLECTOR ON RAMP & I25,1,1,0,0,1,14,,0,55,0,0,0,0,0,1,2,13
,2016_46132,39.779455,-104.979206,8/25/2016 16:30,16:30,15,0,0,I70 & WASHINGTON STREET NORTH,1,1,1,0,1,4,,0,55,0,0,0,0,0,1,2,13
,2016_46133,39.779441,-104.979019,9/28/2016 13:00,13:00,15,0,0,WASHINGTON STREET NORTH & I70 EASTBOUND ON RAMP,1,1,0,0,1,3,,0,35,0,0,0,0,0,1,2,14
,2016_46134,39.779933,-104.966293,7/7/2016 5:42,5:42,12,0,0,I70 & BRIGHTON BOULEVARD,1,2,0,0,1,4,,0,55,0,0,0,0,0,1,2,1
,2016_46135,39.779942,-104.966087,11/29/2016 15:43,15:43,12,0,0,I70 & BRIGHTON BOULEVARD,1,1,0,0,1,4,,0,65,0,0,0,0,0,1,2,13
,2016_46136,39.77996,-104.965675,12/14/2016 22:42,22:42,9,0,0,I70 & BRIGHTON BOULEVARD,1,3,0,0,1,4,,0,35,0,0,0,0,0,1,1,13
,2016_46137,39.780013,-104.958041,10/19/2016 11:55,11:55,3,0,0,46TH AVENUE EAST & COLUMBINE STREET NORTH,1,1,0,0,1,1,,0,25,0,0,0,0,0,4,2,13
,2016_46138,39.778283,-104.920767,9/23/2016 2:18,2:18,5,0,1,I70 & HOLLY STREET NORTH,1,3,0,0,3,4,,0,55,0,0,0,0,2,1,1,1
,2016_46139,39.778283,-104.920038,5/4/2016 14:47,14:47,12,0,1,I70 WB & IVY STREET NORTH,1,1,1,0,1,4,,0,55,0,0,0,0,2,1,3,1
,2016_46140,39.77597,-104.869716,7/9/2016 20:08,20:08,5,0,0,I70 & HAVANA STREET,1,2,0,0,2,4,,0,55,0,0,0,0,0,1,1,1
,2016_46141,39.778289,-104.912566,3/3/2016 8:30,8:30,12,0,3,I70 & MONACO STREET NORTH,1,1,0,0,1,4,,0,55,0,0,0,0,2,1,6,1
,2016_46142,39.778295,-104.903454,2/26/2016 8:12,8:12,12,0,0,I70 & NORTHFIELD QUEBEC STREET NORTH,1,1,0,0,1,4,,0,55,0,0,0,0,0,1,3,13
,2016_46144,39.778295,-104.903454,8/15/2016 18:14,18:14,12,0,0,I70 & NORTHFIELD QUEBEC STREET,1,2,1,0,1,4,,0,55,0,0,0,0,1,1,4,13
,2016_46145,39.778296,-104.902361,1/23/2016 18:20,18:20,5,0,0,I70 & NORTHFIELD QUEBEC STREET NORTH,1,3,0,0,1,4,,0,55,0,0,0,0,0,1,2,16
,2016_46146,39.778297,-104.90072,1/9/2016 8:45,8:45,5,0,0,I70 WB OFF RAMP & NORTHFIELD BOULEVARD EXIT,5,1,1,0,3,14,,0,40,0,0,0,0,0,1,1,13
,2016_46148,39.77733,-104.885028,1/28/2016 16:10,16:10,12,0,0,I70 & MM 279.5,1,1,0,0,1,4,,0,55,0,0,0,0,0,1,2,7
,2016_46150,39.777139,-104.882953,5/2/2016 7:44,7:44,12,0,0,I70 WB & CENTRAL PARK BOULEVARD NORTH,1,1,0,0,1,4,,0,55,0,0,0,0,0,1,2,13
,2016_46151,39.777139,-104.882953,5/6/2016 15:28,15:28,12,0,0,I70 WB & CENTRAL PARK BOULEVARD NORTH,1,1,0,0,1,4,,0,55,0,0,0,0,0,1,3,13
,2016_46152,39.777105,-104.882575,8/23/2016 17:55,17:55,12,0,0,I70 & CENTRAL PARK BOULEVARD NORTH,1,1,0,0,1,4,,0,55,0,0,0,0,0,1,2,2
,2016_46153,39.776303,-104.873599,8/27/2016 21:37,21:37,12,0,0,I70 EASTBOUND & CENTRAL PARK BOULEVARD,1,3,0,0,1,4,,0,55,0,0,0,0,0,1,5,1
,2016_46154,39.775573,-104.865095,1/11/2016 8:57,8:57,12,0,0,I70 WB & HAVANA STREET NORTH INTERCHANGE,1,1,1,0,1,4,,0,45,0,0,0,0,0,1,3,1
,2016_46155,39.775573,-104.865095,4/1/2016 8:35,8:35,12,0,0,I70 & HAVANA STREET NORTH,1,1,0,0,1,4,,0,55,0,0,0,0,0,1,3,1
,2016_46156,39.775573,-104.865095,7/29/2016 10:55,10:55,12,0,0,I70 & HAVANA STREET,1,1,0,0,1,4,,0,55,0,0,0,0,0,1,2,13
,2016_46157,39.773999,-104.846793,9/19/2016 15:45,15:45,15,0,0,PEORIA STREET 400 BLOCK NORTH & I70 EASTBOUND ON RAMP,1,1,0,0,1,3,,0,,0,0,0,0,0,1,3,13
,2016_46158,39.773983,-104.846608,6/30/2016 15:31,15:31,10,0,0,I70 WB OFF SLIP RAMP GORE POINT & PEORIA STREET,1,1,0,0,1,14,,0,30,0,0,0,0,0,1,3,13
,2016_46159,39.773904,-104.845684,6/30/2016 7:25,7:25,12,0,0,I70 & PEORIA STREET NORTH,1,1,0,0,1,4,,0,55,0,0,0,0,1,1,2,13
,2016_46160,39.773601,-104.842172,3/10/2016 11:00,11:00,15,0,0,I70 & PEORIA STREET NORTH,1,1,1,0,1,4,,0,55,0,0,0,0,0,1,3,13
,2016_46162,39.772901,-104.834038,10/23/2016 5:40,5:40,15,0,0,I70 WB ON RAMP FROM I225 & I225,1,2,1,0,1,14,,0,55,0,0,0,0,0,1,2,2
,2016_46163,39.772821,-104.833114,3/18/2016 9:30,9:30,12,0,0,I70 RAMP ON & 225A RAMP ON SOUTHBOUND,12,1,1,2,1,14,,0,55,0,0,0,0,1,1,2,14
,2016_46164,39.77255,-104.829971,1/3/2016 20:50,20:50,5,0,1,I70  & I225 WB FLYOVER RAMP,1,3,1,0,3,14,,0,55,0,0,0,0,2,1,1,13
,2016_46228,39.670932,-104.866018,12/5/2016 14:53,14:53,12,0,0,PARKER ROAD & HAVANA STREET,1,1,1,0,1,1,,0,15,0,0,0,0,0,2,2,7
,2016_46229,39.700074,-104.907673,3/8/2016 11:00,11:00,12,0,0,LEETSDALE DRIVE & ONEIDA STREET SOUTH,1,1,1,0,1,4,,0,35,0,0,0,0,1,2,2,3
,2016_46230,39.702873,-104.912747,11/17/2016 9:06,9:06,12,0,0,LEETSDALE ROAD & MONACO STREET SOUTH,1,1,0,0,1,2,,0,55,0,0,0,0,0,2,2,1
,2016_46231,39.703125,-104.913196,7/16/2016 8:44,8:44,12,0,0,LEETSDALE DRIVE EAST & MONACO PARKWAY SOUTH,1,1,0,0,1,3,,0,30,0,0,0,0,0,2,3,13
,2016_46232,39.703206,-104.913351,11/26/2016 13:05,13:05,15,0,0,LEETSDALE DRIVE 6600 BLOCK & MONACO STREET SOUTH,1,1,0,0,1,1,,0,30,0,0,0,0,0,2,2,14
,2016_46233,39.707505,-104.923187,7/26/2016 15:30,15:30,12,0,0,LEETSDALE DRIVE & HUDSON STREET SOUTH,1,1,0,0,1,3,,0,35,0,0,0,0,0,2,2,13
,2016_46234,39.70817,-104.92701,10/17/2016 7:55,7:55,12,0,0,LEETSDALE DRIVE 5300 BLOCK & FOREST STREET SOUTH,1,2,0,0,1,4,,0,35,0,0,0,0,0,2,2,13
,2016_46256,39.636243,-104.891388,4/24/2016 0:40,0:40,5,0,1,I225 NORTHBOUND & DTC BOULEVARD,1,3,0,0,2,4,,0,65,0,0,0,0,2,1,1,14
,2016_46264,39.678447,-104.993319,12/12/2016 8:41,8:41,12,0,0,EVANS AVENUE WEST & SANTA FE DRIVE SOUTHBOUND ON RAMP,1,1,2,0,1,3,,0,30,0,0,0,0,0,2,2,3
,2016_46265,39.687565,-104.99194,12/5/2016 16:29,16:29,15,0,0,SANTA FE DRIVE & IOWA AVENUE,1,1,0,0,1,3,,0,45,0,0,0,0,0,2,3,1
,2016_46266,39.689481,-104.99207,3/7/2016 11:56,11:56,12,0,0,SANTA FE DRIVE & FLORIDA AVENUE WEST,2,1,1,1,1,3,,0,45,0,0,0,0,1,2,2,14
,2016_46267,39.696362,-104.991999,5/31/2016 16:58,16:58,12,0,0,SANTA FE DRIVE SOUTH & MISSISSIPPI AVENUE WEST,1,1,1,0,1,4,,0,45,0,0,0,0,0,2,2,3
,2016_46268,39.696679,-104.991877,4/7/2016 6:42,6:42,12,0,0,SANTA FE DRIVE SOUTH & MISSISSIPPI AVENUE WEST,1,1,0,0,1,1,,0,40,0,0,0,0,0,2,2,13
,2016_46269,39.696763,-104.991852,3/14/2016 14:25,14:25,15,0,0,PLATTE RIVER DRIVE 1000 BLOCK SOUTH & MISSISSIPPI AVENUE WEST,1,1,0,0,1,4,,0,35,0,0,0,0,0,2,2,1
,2016_46270,39.704382,-104.995535,4/23/2016 16:34,16:34,15,0,0,SANTA FE DRIVE SOUTH & I25,1,1,1,0,1,4,,0,30,0,0,0,0,0,2,2,13
,2016_46271,39.706228,-104.996737,5/24/2016 11:30,11:30,15,0,0,SANTA FE DRIVE SOUTHBOUND & I25 SOUTHBOUND,1,1,0,0,1,4,,0,55,0,0,0,0,0,2,2,1
,2016_46272,39.706901,-104.996487,2/9/2016 22:00,22:00,15,0,0,SANTA FE DRIVE SOUTH & I25 HWYNB,1,3,0,0,1,4,,0,30,0,0,0,0,0,2,2,1
,2016_46283,39.738263,-105.025278,7/11/2016 16:55,16:55,15,0,0,FEDERAL BOULEVARD & 1400 BLOCK NORTH,1,1,1,0,1,4,,0,35,0,0,0,0,0,2,2,13
,2016_46284,39.737983,-105.025273,4/30/2016 14:15,14:15,12,0,0,FEDERAL BOULEVARD NORTH & 14TH AVENUE WEST,2,1,0,0,1,1,,0,35,0,0,0,0,0,2,2,13
,2016_46285,39.732914,-105.025176,5/25/2016 20:44,20:44,12,0,0,FEDERAL BOULEVARD NORTH & 10TH AVENUE WEST,1,2,0,0,1,1,,0,35,0,0,0,0,0,2,2,13
,2016_46286,39.727819,-105.025131,12/5/2016 12:59,12:59,15,0,0,FEDERAL BOULEVARD NORTH & 700 BLOCK,1,1,1,0,1,4,,0,35,0,0,0,0,0,2,2,13
,2016_46287,39.725357,-105.025125,12/31/2016 23:16,23:16,3,0,0,FEDERAL BOULEVARD NORTH & SIXTH AVENUE WEST WB OFF RAMP,1,3,1,0,1,3,,0,30,0,0,0,0,1,2,2,5
,2016_46288,39.723656,-105.025158,9/16/2016 9:14,9:14,3,0,0,FIFTH AVENUE WEST & HIGHWAY 88A / FEDERAL BOULEVARD NORTH,1,5,0,0,1,2,,0,25,0,0,0,0,0,2,2,13
,2016_46289,39.681106,-105.025022,1/22/2016 15:20,15:20,3,0,0,FEDERAL BOULEVARD & ASBURY AVENUE WEST,1,1,0,0,1,2,,0,40,0,0,0,0,1,2,3,4
,2016_46290,39.723656,-105.025158,12/8/2016 7:40,7:40,3,0,0,FIFTH AVENUE WEST & FEDERAL BOULEVARD NORTH,2,1,0,0,1,1,,0,35,0,0,0,0,0,2,3,13
,2016_46291,39.719731,-105.025174,7/31/2016 20:10,20:10,15,0,0,FEDERAL BOULEVARD SOUTH & SECOND AVENUE,1,3,0,0,1,3,,0,35,0,0,0,0,0,2,3,1
,2016_46292,39.71662,-105.025127,9/16/2016 17:15,17:15,12,0,0,FEDERAL BOULEVARD NORTH & ELLSWORTH AVENUE WEST ROAD WEST,1,1,0,0,1,4,,0,40,0,0,0,0,0,2,2,7
,2016_46293,39.703865,-105.025087,12/4/2016 14:47,14:47,1,0,0,FEDERAL BOULEVARD SOUTH & EXPOSITION AVENUE WEST,1,1,0,0,1,1,,0,40,0,0,0,0,1,2,2,7
,2016_46294,39.700406,-105.025085,1/23/2016 22:59,22:59,1,0,0,FEDERAL BOULEVARD SOUTH & KENTUCKY AVENUE WEST,1,3,0,0,1,1,,0,35,0,0,0,0,0,2,2,13
,2016_46295,39.700406,-105.025085,7/20/2016 9:25,9:25,1,0,0,FEDERAL BOULEVARD SOUTH & KENTUCKY AVENUE WEST,1,1,0,0,1,1,,0,35,0,0,0,0,0,2,2,13
,2016_46296,39.700406,-105.025085,8/16/2016 9:58,9:58,12,0,0,FEDERAL BOULEVARD SOUTH & KENTUCKY AVENUE WEST,1,1,0,0,1,1,,0,35,0,0,0,0,0,2,2,7
,2016_46297,39.698634,-105.025078,12/22/2016 23:02,23:02,3,0,0,FEDERAL BOULEVARD SOUTH & TENNESSEE AVENUE,1,3,0,0,1,1,,0,40,0,0,0,0,0,2,2,13
,2016_46298,39.696718,-105.025071,3/24/2016 17:03,17:03,3,0,0,FEDERAL BOULEVARD SOUTH & MISSISSIPPI AVENUE WEST,1,1,0,0,1,1,,0,35,0,0,0,0,1,2,2,13
,2016_46299,39.696718,-105.025071,8/26/2016 19:15,19:15,1,0,2,FEDERAL BOULEVARD SOUTH & MISSISSIPPI AVENUE WEST,1,1,0,0,1,1,,0,40,0,0,0,0,2,2,2,3
,2016_46300,39.694802,-105.025063,2/27/2016 1:46,1:46,12,0,0,FEDERAL BOULEVARD SOUTH & ARIZONA AVENUE WEST,1,3,0,0,1,1,,0,40,0,0,0,0,0,2,2,5
,2016_46301,39.689495,-105.025043,4/25/2016 17:50,17:50,3,0,0,FLORIDA AVENUE & FEDERAL BOULEVARD SOUTH,1,1,0,0,1,2,,0,30,0,0,0,0,0,2,2,13
,2016_46302,39.684925,-105.025026,9/23/2016 17:14,17:14,12,0,0,FEDERAL BOULEVARD SOUTH & COLORADO AVENUE WEST RW WEST,1,1,1,0,1,1,,0,40,0,0,0,0,1,2,2,12
,2016_46303,39.68463,-105.025025,6/30/2016 21:00,21:00,12,0,0,FEDERAL BOULEVARD SOUTH & COLORADO AVENUE WEST,1,3,0,0,1,3,,0,30,0,0,0,0,0,2,2,13
,2016_46304,39.667744,-105.025111,8/27/2016 19:15,19:15,12,0,0,HIGHWAY 88A / FEDERAL BOULEVARD SOUTH & YALE AVENUE WEST,1,1,0,0,1,1,,0,40,0,0,0,0,1,2,2,13
,2016_46305,39.666909,-105.025131,7/15/2016 22:30,22:30,15,0,0,FEDERAL BOULEVARD SOUTH & YALE AVENUE WEST,1,3,0,0,1,4,,0,40,0,0,0,0,0,2,2,13
,2016_46306,39.657384,-105.025258,5/15/2016 20:03,20:03,12,0,0,FEDERAL BOULEVARD SOUTH & FLOYD AVENUE WEST,1,3,1,0,1,3,,0,35,0,0,0,0,1,2,2,4
,2016_46319,39.76111,-105.004124,7/29/2016 2:16,2:16,5,0,0,20TH STREET & I25 RAMP ON,1,3,1,0,3,14,,0,35,0,0,0,0,1,1,1,5
,2016_46338,39.656087,-105.053224,12/19/2016 7:50,7:50,3,0,0,DARTMOUTH AVENUE WEST & SHERIDAN BOULEVARD SOUTH,5,1,0,2,1,1,,0,,0,0,0,0,0,2,2,13
,2016_46339,39.693139,-105.053214,9/25/2016 17:19,17:19,12,0,0,SHERIDAN BOULEVARD SOUTH & LOUISIANA AVENUE WEST,1,1,0,0,1,3,,0,40,0,0,0,0,0,2,2,3
,2016_46340,39.695178,-105.053229,8/8/2016 17:15,17:15,3,0,0,SHERIDAN BOULEVARD SOUTH & ARIZONA AVENUE WEST,1,1,0,0,1,1,,0,25,0,0,0,0,0,2,2,1
,2016_46344,39.726278,-105.053133,9/6/2016 20:14,20:14,1,0,0,SHERIDAN BOULEVARD NORTH & SIXTH AVENUE WB RAMPS,1,3,0,0,1,1,,0,35,0,0,0,0,1,2,2,8
,2016_46346,39.734899,-105.053218,12/21/2016 15:41,15:41,15,0,0,SHERIDAN BOULEVARD NORTH & 1200 BLOCK,2,1,1,0,1,4,,0,35,0,0,0,0,0,2,2,13
,2016_46347,39.738462,-105.053213,11/3/2016 12:39,12:39,1,0,0,SHERIDAN BOULEVARD NORTH & 14TH AVENUE WEST,1,1,0,0,1,1,,0,35,0,0,0,0,1,2,3,14
,2016_46355,39.78401,-105.053277,5/28/2016 19:30,19:30,3,0,0,SHERIDAN BOULEVARD NORTH & I70 WB OFF RAMP,1,1,0,0,1,1,,0,20,0,0,0,0,0,2,2,13
,2016_46394,39.617297,-105.091119,12/6/2016 16:35,16:35,12,0,0,WADSWORTH BOULEVARD & CRESTLINE AVENUE WEST,1,3,0,0,1,3,,0,15,0,0,0,0,0,2,2,8
,2016_46477,39.634029,-104.902385,6/15/2016 9:56,9:56,12,0,0,I225 HIGHWAY NORTHBOUND DIRECT CONNECT & I25 HIGHWAY NORTHBOUND,1,1,0,0,1,4,,0,55,0,0,0,0,0,1,2,7
,2016_46478,39.639223,-104.885207,10/22/2016 18:05,18:05,3,0,0,I225 SOUTHBOUND OFF RAMP & YOSEMITE STREET,1,2,0,0,1,1,,0,35,0,0,0,0,1,1,2,14
,2016_46479,39.639385,-104.884877,7/10/2016 11:00,11:00,12,0,0,I225 & YOSEMITE STREET,1,1,0,0,1,4,,0,55,0,0,0,0,0,1,3,13
,2016_46509,39.780781,-104.966774,9/22/2016 14:03,14:03,15,0,0,46TH AVENUE EAST  & BRIGHTON BOULEVARD,1,1,0,0,1,3,,0,25,0,0,0,0,0,2,2,8
,2016_46514,39.785327,-104.902489,7/11/2016 17:20,17:20,12,0,0,49TH AVENUE EAST & I270 SOUTHWEST FRONTAGE ROAD  SAND CREEK DRIVE,1,1,0,0,1,1,,0,30,0,0,0,0,0,4,2,13
,2016_46515,39.782923,-104.900838,6/3/2016 14:15,14:15,15,0,0,NORTHFIELD QUEBEC STREET NORTH & I270,1,1,0,0,1,4,,0,35,0,0,0,0,0,1,2,13
,2016_46517,39.782038,-104.90023,8/5/2016 14:45,14:45,12,0,0,I270 & QUEBEC STREET,1,1,0,0,1,4,,0,55,0,0,0,0,0,1,4,13
,2016_46518,39.778258,-104.896608,11/30/2016 13:00,13:00,5,0,1,I270 EASTBOUND DIRECT CONNECT & I70,1,1,1,0,2,4,,0,65,0,0,0,0,2,1,1,12
,2016_46519,39.776961,-104.885819,10/26/2016 22:08,22:08,12,0,0,I270 EASTBOUND DIRECT CONNECT & I70,1,3,0,0,1,4,,1,55,0,0,0,0,0,1,3,13
,2016_46520,39.776969,-104.885425,8/3/2016 19:19,19:19,12,0,0,I270 EASTBOUND DIRECT CONNECT & I70 INTERCHANGE,1,1,1,0,1,4,,0,45,0,0,0,0,0,1,2,13
,2016_46538,39.65298,-104.92924,3/9/2016 12:30,12:30,5,0,0,HAMPDEN AVENUE 5000 BLOCK EAST & ELM STREET SOUTH,1,1,0,0,3,3,,0,35,0,0,0,0,0,2,2,13
,2016_46540,39.65298,-104.926787,7/12/2016 9:05,9:05,12,0,0,HAMPDEN AVENUE EAST & FOREST STREET SOUTH,1,1,0,0,1,4,,0,40,0,0,0,0,0,2,2,3
,2016_46542,39.652978,-104.917698,10/7/2016 22:40,22:40,3,0,0,HAMPDEN AVENUE EAST & I25 NORTHBOUND RAMP,1,3,0,0,1,1,,0,35,0,0,0,0,0,2,2,13
,2016_46543,39.653091,-104.916934,9/26/2016 19:20,19:20,3,0,0,HAMPDEN AVENUE EAST & I25 NORTHBOUND RAMP OFF,1,2,1,0,1,1,,0,40,0,0,0,1,1,2,2,13
,2016_46544,39.744005,-105.025222,9/1/2016 12:00,12:00,12,0,0,FEDERAL BOULEVARD NORTH & 17TH AVENUE WEST,1,1,0,0,1,2,,0,35,0,0,0,0,0,2,2,13
,2016_46545,39.752259,-105.025132,3/15/2016 16:09,16:09,15,0,0,FEDERAL BOULEVARD NORTH & 24TH AVENUE WEST,1,1,1,0,1,4,,0,35,0,0,0,0,1,2,3,13
,2016_46546,39.754834,-105.025131,11/2/2016 20:35,20:35,15,0,0,FEDERAL BOULEVARD NORTH & 26TH AVENUE WEST,1,3,0,0,1,3,,0,35,0,0,0,0,0,2,2,13
,2016_46547,39.75854,-105.025143,6/12/2016 13:15,13:15,12,0,0,29TH AVENUE WEST & FEDERAL BOULEVARD NORTH,1,1,0,0,1,3,,0,35,0,0,0,0,0,2,2,14
,2016_46548,39.761105,-105.025152,5/31/2016 14:16,14:16,12,0,0,FEDERAL BOULEVARD & 3100 BLOCK NORTH,1,1,1,0,1,4,,0,35,0,0,0,0,1,2,2,13
,2016_46549,39.761818,-105.025154,10/6/2016 15:39,15:39,12,0,0,FEDERAL BOULEVARD NORTH & 32ND AVENUE WEST,1,1,0,0,1,4,,0,30,0,0,0,0,0,2,3,13
,2016_46550,39.764668,-105.025164,9/19/2016 9:25,9:25,12,0,0,FEDERAL BOULEVARD NORTH SOUTHBOUND & 34TH AVENUE WEST ROAD WEST,1,1,0,0,1,3,,0,35,0,0,0,0,0,2,2,14
,2016_46551,39.78528,-105.025224,3/10/2016 16:52,16:52,3,0,0,FEDERAL BOULEVARD 4800 BLOCK NORTH & 49TH AVENUE WEST,1,1,0,0,1,2,,0,35,0,0,0,0,0,2,2,13
,2016_46552,39.787424,-105.025217,8/4/2016 16:34,16:34,3,0,0,FEDERAL BOULEVARD NORTH & REGIS BOULEVARD W/ 50TH AVENUE,1,1,0,0,1,1,,0,,0,0,0,0,0,2,3,13