id,drcog_id,latitude,longitude,crashtime,time,crashtype,numbkilled,numbinjurd,drcoglocat,rdconditin,lightngcon,roadcntgrd,weatherco,location,roaddescrp,schoolzone,constrzone,splimit,bikeinv,pedinv,sctrinv,motoinv,svrty,rdsystem,ttlvehcls,hcf
,2016_46997,39.740414,-105.018889,4/26/2016 7:34,7:34,12,0,0,COLFAX AVENUE WEST & I25 SOUTHBOUND ON RAMP GORE POINT,1,1,0,0,1,4,,0,35,0,0,0,0,0,2,5,14
,2016_46998,39.740304,-105.013563,12/21/2016 23:38,23:38,12,0,0,COLFAX AVENUE & I25,8,3,0,0,1,4,,0,35,0,0,0,0,0,2,2,5
,2016_46999,39.74028,-105.01238,9/18/2016 18:52,18:52,12,0,0,COLFAX AVENUE WEST & I25 NORTHBOUND RAMPS,1,1,0,0,1,1,,0,55,0,0,0,0,0,2,2,13
,2016_47001,39.740048,-104.999933,6/22/2016 14:48,14:48,1,0,0,COLFAX AVENUE WEST & KALAMATH STREET NORTH,1,1,0,0,1,1,,0,30,0,0,0,0,0,2,2,8
,2016_47003,39.740043,-104.998894,10/22/2016 0:15,0:15,15,0,0,COLFAX AVENUE EAST & CLARKSON STREET NORTH,1,3,0,0,1,4,,0,30,0,0,0,0,0,2,2,13
,2016_47004,39.740038,-104.997854,9/4/2016 22:17,22:17,15,0,0,COLFAX AVENUE WEST & SPEER BOULEVARD NORTHBOUND,1,3,0,0,1,1,,0,35,0,0,0,0,0,2,2,13
,2016_47005,39.740031,-104.996607,9/3/2016 12:40,12:40,15,0,0,COLFAX AVENUE WEST & WELTON STREET,1,1,0,0,1,1,,0,30,0,0,0,0,0,2,2,13
,2016_47006,39.740031,-104.996607,11/18/2016 10:58,10:58,12,0,0,COLFAX AVENUE WEST & WELTON STREET,2,1,0,0,1,3,,0,30,0,0,0,0,0,2,2,13
,2016_47007,39.740301,-104.98832,3/2/2016 8:55,8:55,15,0,0,COLFAX AVENUE WEST & 15TH STREET,1,1,0,0,1,3,,0,30,0,0,0,0,0,2,2,13
,2016_47008,39.740005,-104.987167,4/29/2016 22:35,22:35,5,0,0,COLFAX AVENUE WEST & BROADWAY STREET NORTH,2,4,0,1,3,1,,0,30,0,0,0,0,1,2,1,5
,2016_47009,39.740041,-104.983728,8/29/2016 17:03,17:03,3,0,0,HIGHWAY 40C / COLFAX AVENUE EAST & GRANT STREET NORTH,1,1,1,0,1,1,,0,30,0,0,0,0,0,2,2,3
,2016_47010,39.74,-104.977544,1/3/2016 2:25,2:25,3,0,0,COLFAX AVENUE EAST & CLARKSON STREET NORTH,1,3,0,0,1,1,,0,30,0,0,0,0,0,2,3,6
,2016_47011,39.740013,-104.969683,3/10/2016 17:30,17:30,6,0,0,HUMBOLDT STREET 1400 BLOCK NORTH & COLFAX AVENUE EAST,1,1,0,0,1,1,,0,25,0,0,0,0,0,2,2,14
,2016_47012,39.74,-104.96648,9/21/2016 8:22,8:22,12,0,0,COLFAX AVENUE EAST & MM 299.25 APPROXIMATELY,1,1,0,0,1,4,,0,30,0,0,0,0,0,2,3,14
,2016_47013,39.739974,-104.961014,6/14/2016 17:35,17:35,3,0,0,GAYLORD STREET NORTH & COLFAX AVENUE EAST,1,1,0,0,1,1,,0,30,0,0,0,0,0,2,2,13
,2016_47014,39.739979,-104.960245,7/19/2016 10:55,10:55,12,0,0,COLFAX AVENUE 2200 EAST & YORK STREET,1,1,0,0,1,4,,0,30,0,0,0,0,0,2,3,13
,2016_47017,39.740185,-104.957646,4/29/2016 13:49,13:49,12,0,0,COLFAX AVENUE EAST & COLUMBINE STREET NORTH,2,1,0,2,1,4,,0,35,0,0,0,0,0,2,2,14
,2016_47018,39.740184,-104.95727,9/30/2016 11:15,11:15,13,0,0,COLFAX AVENUE EAST & COLUMBINE STREET NORTH,1,1,0,0,1,3,,0,30,0,0,0,0,1,2,3,13
,2016_47019,39.740153,-104.94786,3/18/2016 19:40,19:40,1,0,0,COLFAX AVENUE 3300 BLOCK EAST & ADAMS STREET NORTH,2,3,0,0,1,2,,0,30,0,0,0,0,1,2,2,13
,2016_47020,39.740138,-104.943344,9/2/2016 13:32,13:32,6,0,0,COLFAX AVENUE EAST & JACKSON STREET NORTH,1,1,0,0,1,4,,0,35,0,0,0,0,0,2,2,1
,2016_47021,39.740078,-104.925144,9/16/2016 7:20,7:20,15,0,0,COLFAX AVENUE 5300 BLOCK EAST & GLENCOE STREET,1,2,0,0,1,4,,0,35,0,0,0,0,0,2,2,1
,2016_47022,39.74008,-104.91838,5/27/2016 16:47,16:47,3,0,0,COLFAX AVENUE EAST & JASMINE STREET NORTH,1,1,0,0,1,1,,0,25,0,0,0,0,0,2,2,14
,2016_47023,39.740082,-104.912743,12/17/2016 19:25,19:25,3,0,0,COLFAX AVENUE EAST & MONACO PARKWAY NORTH,4,3,0,2,1,1,,0,35,0,0,0,0,0,2,2,1
,2016_47024,39.740082,-104.912367,6/10/2016 8:52,8:52,12,0,0,MONACO PARKWAY NORTH  & COLFAX AVENUE EAST,2,1,0,0,1,1,,0,25,0,0,0,0,1,2,2,13
,2016_47025,39.740085,-104.901093,9/1/2016 17:37,17:37,12,0,0,COLFAX AVENUE EAST & ROSLYN STREET NORTH,14,1,0,0,1,4,,0,35,0,0,0,0,0,2,2,3
,2016_47082,39.783618,-105.053062,2/18/2016 10:47,10:47,12,0,0,I70 & SHERIDAN BOULEVARD,1,1,0,0,1,4,,0,55,0,0,0,0,0,1,2,14
,2016_47083,39.783541,-105.031168,3/23/2016 23:15,23:15,12,0,1,I70 & FEDERAL BOULEVARD NORTH,5,3,1,0,1,4,,0,55,0,0,0,0,2,1,2,13
,2016_47084,39.783924,-105.028639,10/26/2016 6:35,6:35,12,0,0,I70 & FEDERAL BOULEVARD,1,2,0,0,1,4,,0,55,0,0,0,0,0,1,2,13
,2016_47085,39.783149,-105.006371,6/3/2016 15:56,15:56,12,0,0,48TH AVENUE WEST & PECOS STREET NORTH ROUNDABOUT,1,1,0,0,1,6,,0,30,0,0,0,0,0,1,2,3
,2016_47086,39.783149,-105.006371,12/13/2016 7:55,7:55,15,0,0,48TH AVENUE WEST & PECOS STREET NORTH,1,1,0,0,1,6,,0,35,0,0,0,0,0,1,2,14
,2016_47087,39.780124,-104.989762,11/4/2016 19:25,19:25,12,0,0,I70 EASTBOUND RAMP OFF & I25 SOUTHBOUND INTERCHANGE,1,3,0,0,1,14,,0,55,0,0,0,0,0,1,2,13
,2016_47088,39.780091,-104.989581,7/7/2016 9:58,9:58,12,0,1,I70 HIGHWAY EASTBOUND  & I25 NORTHBOUND,1,1,0,0,1,4,,0,55,0,0,0,0,2,1,4,4
,2016_47089,39.780058,-104.9894,11/30/2016 21:45,21:45,15,0,0,I70 & I25,1,3,0,0,1,4,,0,55,0,0,0,0,0,1,2,13
,2016_47090,39.780058,-104.9894,12/16/2016 10:25,10:25,12,0,0,I70 & I25,1,1,0,0,1,4,,0,55,0,0,0,0,0,1,2,1
,2016_47091,39.779812,-104.987523,7/8/2016 10:06,10:06,12,0,0,I25 NORTHBOUND OFF RAMP  & I70 HIGHWAY EASTBOUND,1,1,0,0,1,14,,0,55,0,0,0,0,0,1,5,7
,2016_47092,39.779772,-104.98675,10/14/2016 8:04,8:04,15,0,0,"I70 EASTBOUND RAMP ON & I70 EASTBOUND RAMP CONNECT END RAMP ""C""",1,1,0,0,1,14,,0,55,0,0,0,0,1,1,2,14
,2016_47094,39.779942,-104.966087,2/4/2016 13:46,13:46,12,0,0,I70 WB & BRIGHTON BOULEVARD NORTH,2,1,0,0,1,4,,0,55,0,0,0,0,0,1,2,7
,2016_47095,39.779997,-104.964852,6/23/2016 18:43,18:43,15,0,0,I70 & BRIGHTON BOULEVARD,1,1,0,0,1,4,,0,55,0,0,0,0,0,1,2,13
,2016_47096,39.780011,-104.962312,3/23/2016 21:35,21:35,5,0,0,I70 EASTBOUND & BRIGHTON BOULEVARD NORTH,5,3,0,0,1,4,,0,55,0,0,0,0,0,1,2,5
,2016_47097,39.780005,-104.950901,5/12/2016 6:10,6:10,12,0,0,I70 EASTBOUND & STEELE STREET INTERCHANGE,1,1,0,0,1,4,,0,55,0,0,0,0,1,1,3,1
,2016_47098,39.780032,-104.931784,8/12/2016 14:14,14:14,12,0,0,I70 & DAHLIA STREET,1,1,1,0,1,4,,0,55,0,0,0,0,0,1,2,13
,2016_47100,39.779899,-104.930788,12/13/2016 13:54,13:54,12,0,0,I70 & COLORADO BOULEVARD,1,1,0,0,1,4,,0,55,0,0,0,0,0,1,2,13
,2016_47102,39.778283,-104.920038,1/15/2016 6:50,6:50,12,0,0,I70 & IVY STREET NORTH,1,3,0,0,1,4,,0,55,0,0,0,0,0,1,4,1
,2016_47103,39.778285,-104.917669,12/5/2016 2:20,2:20,5,0,0,I70 & KEARNEY STREET,1,3,0,0,3,4,,0,35,0,0,0,0,0,1,2,5
,2016_47104,39.778287,-104.915847,11/3/2016 14:46,14:46,12,0,0,I70 & MONACO STREET,1,1,0,0,1,4,,0,65,0,0,0,0,0,1,2,13
,2016_47105,39.778289,-104.912566,5/15/2016 15:26,15:26,15,0,0,I70 EASTBOUND & MONACO STREET NORTH,1,1,0,0,1,4,,0,55,0,0,0,0,1,1,2,14
,2016_47106,39.778295,-104.904365,6/7/2016 8:25,8:25,12,0,1,I70 WB & QUEBEC STREET NORTH,1,1,0,0,1,4,,0,55,0,0,0,0,2,1,3,7
,2016_47107,39.778295,-104.903454,1/18/2016 5:40,5:40,15,0,0,I70 & NORTHFIELD QUEBEC STREET,1,3,0,0,1,4,,0,55,0,0,0,0,0,1,2,13
,2016_47108,39.776002,-104.870087,8/28/2016 2:50,2:50,5,0,0,I70 EASTBOUND & HAVANA STREET NORTH,1,3,0,0,2,4,,0,55,0,0,0,0,1,1,1,5
,2016_47109,39.778295,-104.903454,3/21/2016 15:13,15:13,12,0,0,I70 WB & QUEBEC STREET NORTH,1,1,1,0,1,4,,0,55,0,0,0,0,1,1,2,13
,2016_47110,39.778295,-104.903454,9/29/2016 8:43,8:43,12,0,0,I70 & QUEBEC STREET NORTH,1,1,0,0,1,4,,0,55,0,0,0,0,0,1,3,13
,2016_47111,39.778295,-104.903454,12/23/2016 13:27,13:27,12,0,0,I70 & QUEBEC STREET,1,1,0,0,1,4,,0,55,0,0,0,0,0,1,2,13
,2016_47112,39.778275,-104.896817,3/7/2016 9:36,9:36,12,0,0,I70 & I270,1,1,0,0,1,4,,0,55,0,0,0,0,0,1,4,13
,2016_47114,39.777484,-104.886711,8/15/2016 7:59,7:59,12,0,0,I70 & I270 WB/NB APPROXIMATELY,1,1,1,0,1,4,,0,55,0,0,0,0,1,1,3,8
,2016_47115,39.777312,-104.884839,5/28/2016 15:16,15:16,12,0,0,I270 EASTBOUND / I70 RAMP SPLIT & CENTRAL PARK BOULEVARD NORTH,1,1,1,0,1,14,,0,35,0,0,0,0,0,1,2,13
,2016_47116,39.777139,-104.882953,3/4/2016 14:00,14:00,12,0,0,I70 & CENTRAL PARK BOULEVARD NORTH,1,1,1,0,1,4,,0,55,0,0,0,0,0,1,2,13
,2016_47117,39.777139,-104.882953,10/14/2016 15:09,15:09,12,0,0,I70 & CENTRAL PARK BOULEVARD,1,1,0,0,1,4,,0,55,0,0,0,0,0,1,2,13
,2016_47118,39.777139,-104.882953,10/26/2016 14:31,14:31,15,0,0,I70 & CENTRAL PARK BOULEVARD NORTH,1,1,0,0,1,4,,0,55,0,0,0,0,0,1,2,14
,2016_47119,39.777122,-104.882764,1/7/2016 13:24,13:24,15,0,0,I70 & CENTRAL PARK BOULEVARD NORTH,1,1,0,0,1,4,,0,55,0,0,0,0,0,1,2,8
,2016_47120,39.777035,-104.881821,2/3/2016 21:40,21:40,12,0,0,I70 & CENTRAL PARK BOULEVARD NORTH,1,3,0,0,1,4,,0,65,0,0,0,0,0,1,2,3
,2016_47121,39.776478,-104.875632,5/13/2016 19:45,19:45,9,0,0,I70 WB & MM 280,1,1,0,0,2,4,,0,55,0,0,0,0,1,1,2,1
,2016_47123,39.775827,-104.868053,3/7/2016 16:52,16:52,12,0,0,I70 & CENTRAL PARK BOULEVARD NORTH,1,1,0,0,1,4,,0,55,0,0,0,0,0,1,3,7
,2016_47124,39.775573,-104.865095,7/21/2016 13:29,13:29,6,0,0,I70 & HAVANA STREET,1,1,1,0,3,4,,0,55,0,0,0,0,0,1,2,2
,2016_47125,39.775573,-104.865095,10/10/2016 9:20,9:20,15,0,0,I70 & HAVANA STREET,1,1,1,0,1,4,,1,55,0,0,0,0,0,1,2,13
,2016_47126,39.775573,-104.865095,12/14/2016 13:55,13:55,12,0,0,I70 & HAVANA STREET,1,1,0,0,1,4,,0,55,0,0,0,0,1,1,3,13
,2016_47127,39.775573,-104.865095,10/3/2016 17:34,17:34,3,0,0,HAVANA STREET NORTH & I70 WB LOOP RAMP OFF,1,2,0,0,1,1,,0,40,0,0,0,0,1,1,2,1
,2016_47128,39.775366,-104.862691,2/16/2016 21:40,21:40,12,0,0,I70 & HAVANA STREET NORTH,1,3,0,0,1,4,,0,55,0,0,0,0,0,1,2,13
,2016_47129,39.774397,-104.851415,12/17/2016 2:30,2:30,12,0,0,I70 & EASTBOUND OFF RAMP TO PEORIA STREET,4,3,0,2,1,4,,0,55,0,0,0,0,0,1,2,13
,2016_47130,39.774127,-104.848272,11/17/2016 21:45,21:45,15,0,0,I70 WB ON RAMP & MERGE POINT FROM PEORIA,2,3,0,2,1,14,,0,45,0,0,0,0,0,1,2,13
,2016_47131,39.773999,-104.846793,5/2/2016 17:24,17:24,12,0,0,I70 HIGHWAY EASTBOUND & PEORIA STREET,1,1,0,0,1,4,,0,55,0,0,0,0,0,1,4,1
,2016_47132,39.773983,-104.846608,10/31/2016 22:28,22:28,15,0,0,I70 & PEORIA STREET,1,4,0,0,1,4,,0,55,0,0,0,0,0,1,2,13
,2016_47133,39.773601,-104.842172,8/2/2016 7:35,7:35,12,0,0,I70 & PEORIA STREET,1,1,0,0,1,4,,0,55,0,0,0,0,0,1,2,3
,2016_47134,39.77357,-104.841802,9/14/2016 6:03,6:03,12,0,0,I70 WB RAMP END MERGE LANE APPROXIMATELY & I225 NORTHBOUND,1,1,0,0,1,14,,0,55,0,0,0,0,0,1,2,13
,2016_47135,39.772503,-104.829611,12/19/2016 15:29,15:29,12,0,0,I70 & MM 282.48,2,1,0,0,1,4,,0,65,0,0,0,0,0,1,3,13
,2016_47219,39.69805,-104.902136,4/30/2016 20:51,20:51,14,0,0,PARKER ROAD SOUTH & QUEBEC STREET SOUTH,2,3,1,1,1,4,,0,40,0,0,0,0,1,2,2,10
,2016_47220,39.698614,-104.903606,12/9/2016 7:33,7:33,12,0,0,PARKER ROAD SOUTH & QUEBEC STREET SOUTH,1,1,0,0,1,4,,0,35,0,0,0,0,0,2,3,13
,2016_47222,39.702954,-104.912867,4/25/2016 17:13,17:13,12,0,0,MONACO STREET SOUTH & LEETSDALE DRIVE,1,1,0,0,1,3,,0,35,0,0,0,0,0,2,3,13
,2016_47223,39.70724,-104.921741,7/20/2016 13:51,13:51,12,0,0,LEETSDALE DRIVE 5500 BLOCK EAST & HOLLY STREET SOUTH,1,1,1,0,1,3,,0,35,0,0,0,0,0,2,2,13
,2016_47224,39.707284,-104.921966,7/27/2016 9:16,9:16,15,0,1,LEETSDALE DRIVE & HOLLY STREET SOUTH,1,1,0,0,1,3,,0,35,0,0,0,1,2,2,2,1
,2016_47226,39.7112,-104.936323,6/30/2016 16:45,16:45,12,0,0,ALAMEDA AVENUE EAST & LEETSDALE DRIVE,1,1,0,0,1,4,,0,35,0,0,0,0,1,2,4,7
,2016_47227,39.7112,-104.936323,8/10/2016 21:21,21:21,15,0,0,LEETSDALE DRIVE & ALAMEDA AVENUE EAST,1,3,1,0,1,1,,0,35,0,0,0,0,0,2,2,13
,2016_47228,39.7112,-104.936323,10/12/2016 11:34,11:34,15,0,0,ALAMEDA AVENUE EAST & LEETSDALE DRIVE,1,1,1,0,1,1,,0,10,0,0,0,0,0,2,2,14
,2016_47252,39.689481,-104.99207,3/19/2016 22:15,22:15,12,0,0,SANTA FE DRIVE SOUTH & FLORIDA AVENUE WEST,1,3,0,0,1,1,,0,45,0,0,0,0,1,2,2,5
,2016_47253,39.693108,-104.992484,7/3/2016 11:24,11:24,15,0,0,SANTA FE DRIVE SOUTH & LOUISIANA AVENUE WEST,1,1,0,0,1,1,,0,35,0,0,0,0,0,2,2,3
,2016_47254,39.694871,-104.992454,3/10/2016 15:30,15:30,12,0,0,SANTA FE DRIVE 1100 BLOCK SOUTH & ARIZONA AVENUE EAST,1,1,0,0,1,1,,0,45,0,0,0,0,0,2,2,3
,2016_47263,39.737983,-105.025273,3/18/2016 14:40,14:40,12,0,0,14TH AVENUE WEST & FEDERAL BOULEVARD NORTH,1,1,0,0,1,1,,0,,0,0,0,0,0,2,2,13
,2016_47264,39.732914,-105.025176,6/10/2016 17:12,17:12,3,0,0,10TH AVENUE WEST & FEDERAL BOULEVARD NORTH,1,1,0,0,1,1,,0,25,0,0,0,0,1,2,2,13
,2016_47265,39.726681,-105.025126,12/11/2016 15:45,15:45,15,0,0,FEDERAL BOULEVARD 800 BLOCK NORTH & EIGHTH AVENUE WEST,1,1,0,0,1,4,,0,35,0,0,0,0,0,2,2,13
,2016_47266,39.725357,-105.025125,8/28/2016 0:59,0:59,1,0,0,HIGHWAY 88A / FEDERAL BOULEVARD NORTH & SIXTH AVENUE WB RAMP ON,1,3,0,0,1,1,,0,40,0,0,0,0,1,2,2,3
,2016_47267,39.719287,-105.025167,11/1/2016 14:25,14:25,15,0,0,FEDERAL BOULEVARD & 1400 BLOCK NORTH,1,1,1,0,1,4,,0,35,0,0,0,0,0,2,2,13
,2016_47268,39.713638,-105.025149,2/7/2016 23:45,23:45,12,0,0,FEDERAL BOULEVARD & CEDAR AVENUE,1,3,1,0,1,4,,0,40,0,0,0,0,0,2,2,13
,2016_47269,39.711253,-105.025099,3/4/2016 17:10,17:10,12,0,0,FEDERAL BOULEVARD SOUTH & ALAMEDA AVENUE WEST,1,1,1,0,1,3,,0,35,0,0,0,0,0,2,2,3
,2016_47270,39.710955,-105.025089,10/3/2016 7:22,7:22,12,0,0,FEDERAL BOULEVARD SOUTH & ALAMEDA AVENUE WEST,1,1,0,0,1,3,,0,35,0,0,0,0,1,2,3,12
,2016_47271,39.703262,-105.025078,9/8/2016 20:10,20:10,12,0,1,FEDERAL BOULEVARD SOUTH & WALSH PLACE WEST,1,3,0,0,1,3,,0,40,0,0,0,0,2,2,2,1
,2016_47272,39.701305,-105.025071,3/4/2016 0:00,0:00,3,0,0,FEDERAL BOULEVARD SOUTH & ADA PLACE WEST,1,2,0,0,1,1,,0,35,0,0,0,0,1,2,3,13
,2016_47273,39.700256,-105.025084,8/1/2016 14:47,14:47,12,0,0,FEDERAL BOULEVARD SOUTH & KENTUCKY AVENUE WEST,1,1,0,0,1,3,,0,35,0,0,0,0,0,2,5,13
,2016_47274,39.69657,-105.02507,7/11/2016 18:51,18:51,12,0,0,FEDERAL BOULEVARD & MISSISSIPPI AVENUE WEST,1,1,0,0,1,1,,0,40,0,0,0,0,0,2,2,13
,2016_47275,39.696423,-105.02507,5/17/2016 22:40,22:40,12,0,0,FEDERAL BOULEVARD & 1100 BLOCK SOUTH,2,3,0,0,1,4,,0,35,0,0,0,0,1,2,2,5
,2016_47276,39.696128,-105.025068,5/12/2016 16:02,16:02,12,0,0,FEDERAL BOULEVARD SOUTH & MISSISSIPPI AVENUE WEST,1,1,1,0,1,4,,0,40,0,0,0,0,0,2,2,3
,2016_47277,39.692885,-105.025056,12/8/2016 9:50,9:50,3,0,0,FEDERAL BOULEVARD SOUTH & LOUISIANA AVENUE WEST,2,1,0,0,1,2,,0,25,0,0,0,0,0,2,2,13
,2016_47278,39.691264,-105.02505,8/10/2016 12:24,12:24,3,0,0,FEDERAL BOULEVARD SOUTH & ARKANSAS AVENUE WEST,1,1,0,0,1,1,,0,35,0,0,0,0,1,2,2,8
,2016_47279,39.690527,-105.025047,7/1/2016 21:38,21:38,12,0,1,FEDERAL BOULEVARD & 1400 BLOCK SOUTH,2,3,0,1,1,4,,0,40,0,0,0,0,2,2,2,1
,2016_47280,39.6892,-105.025042,7/19/2016 19:05,19:05,12,0,0,FEDERAL BOULEVARD 1500 BLOCK SOUTH & FLORIDA AVENUE WEST,2,2,1,1,1,4,,0,40,0,0,0,0,0,2,2,7
,2016_47281,39.684925,-105.025026,4/17/2016 2:25,2:25,12,0,0,FEDERAL BOULEVARD SOUTH & COLORADO AVENUE WEST,9,3,0,2,1,3,,0,35,0,0,0,0,0,2,3,14
,2016_47282,39.67863,-105.025035,6/8/2016 18:25,18:25,1,0,0,FEDERAL BOULEVARD SOUTH & EVANS AVENUE WEST,1,1,0,0,1,1,,0,40,0,0,0,0,0,2,2,7
,2016_47283,39.673239,-105.025064,10/30/2016 17:45,17:45,12,0,0,FEDERAL BOULEVARD SOUTH & HARVARD AVENUE WEST,1,1,0,0,1,1,,0,40,0,0,0,0,0,2,2,13
,2016_47284,39.667882,-105.025107,11/18/2016 17:53,17:53,12,0,0,FEDERAL BOULEVARD SOUTH & YALE AVENUE WEST,1,3,0,0,1,3,,0,40,0,0,0,0,0,2,4,7
,2016_47315,39.651763,-105.052959,4/30/2016 11:25,11:25,12,0,0,SHERIDAN BOULEVARD SOUTH & HAMPDEN AVENUE WEST,2,1,0,0,1,1,,0,35,0,0,0,0,0,2,2,13
,2016_47316,39.651763,-105.052959,11/12/2016 14:29,14:29,1,0,0,SHERIDAN BOULEVARD SOUTH & HAMPDEN FRONTAGE ROAD WEST,1,1,0,0,1,1,,0,30,0,0,0,0,0,2,2,13
,2016_47317,39.675658,-105.053264,6/6/2016 19:30,19:30,15,0,0,SHERIDAN BOULEVARD 2200 BLOCK SOUTH & WARREN AVENUE,1,2,0,0,1,3,,0,40,0,0,0,0,0,2,2,13
,2016_47318,39.682251,-105.053195,7/11/2016 21:34,21:34,1,0,0,SHERIDAN BOULEVARD SOUTH & JEWELL AVENUE WEST,1,3,1,0,1,1,,0,40,0,0,0,0,0,2,2,2
,2016_47321,39.725821,-105.05313,7/15/2016 10:50,10:50,12,0,0,SHERIDAN BOULEVARD NORTH & SIXTH AVENUE WEST,1,1,0,0,1,1,,0,40,0,0,0,0,0,2,2,7
,2016_47322,39.733188,-105.053221,1/31/2016 17:16,17:16,15,0,0,SHERIDAN BOULEVARD NORTH & 10TH AVENUE WEST,2,3,0,2,1,3,,0,35,0,0,0,0,1,2,2,13
,2016_47328,39.78401,-105.053277,2/5/2016 20:44,20:44,3,0,1,I70 WB RAMP OFF INTERSECTION & SHERIDAN BOULEVARD NORTH,1,3,1,0,1,1,,0,55,0,0,0,0,2,2,2,4
,2016_47362,39.616871,-105.091123,11/20/2016 12:55,12:55,12,0,0,WADSWORTH BOULEVARD SOUTH & CRESTLINE AVENUE WEST,1,1,0,0,1,4,,0,45,0,0,0,0,0,2,2,8
,2016_47363,39.618006,-105.091112,11/18/2016 15:10,15:10,3,0,0,CRESTLINE AVENUE WEST & WADSWORTH BOULEVARD SOUTH,1,1,0,0,1,1,,0,45,0,0,0,0,0,2,2,14
,2016_47411,39.634114,-104.902134,1/3/2016 22:04,22:04,5,0,1,I225 SOUTHBOUND OFF RAMP & I25 NB/SB ON RAMP SPLIT,1,3,0,0,3,14,,0,55,0,0,0,0,2,1,1,5
,2016_47472,39.635635,-104.893038,2/23/2016 16:53,16:53,12,0,0,I225 NORTHBOUND EB/NB ON RAMP MERGE GORE POINT & DTC BOULEVARD,1,1,0,1,1,14,,0,45,0,0,0,0,0,1,2,3
,2016_47473,39.635937,-104.892082,7/2/2016 21:13,21:13,12,0,0,I225 SOUTHBOUND OFF RAMP & TAMARAC STREET,1,3,0,0,1,14,,0,55,0,0,0,0,1,1,2,12
,2016_47474,39.639304,-104.885042,9/28/2016 9:07,9:07,15,0,0,I225 & YOSEMITE STREET,1,1,0,0,1,4,,0,65,0,0,0,0,0,1,2,14
,2016_47476,39.639627,-104.884382,1/26/2016 8:35,8:35,12,0,0,I225 SOUTHBOUND & YOSEMITE STREET,1,1,0,0,1,4,,0,55,0,0,0,0,0,1,2,1
,2016_47498,39.780574,-104.966809,3/29/2016 14:34,14:34,15,0,0,BRIGHTON BOULEVARD 4600 BLOCK NORTH & I70 AVENUE FRONTAGE ROAD,1,1,0,0,1,3,,0,35,0,0,0,0,0,2,2,13
,2016_47499,39.780781,-104.966774,9/8/2016 17:45,17:45,1,0,0,BRIGHTON BOULEVARD & I70 WB RAMP ON,1,1,0,0,1,1,,0,35,0,0,0,0,0,2,2,14
,2016_47501,39.7884,-104.963459,5/2/2016 9:42,9:42,3,0,0,BRIGHTON BOULEVARD NORTH & RACE COURT NORTH,1,1,0,0,1,1,,0,35,0,0,0,0,0,2,2,13
,2016_47528,39.652979,-104.920184,3/11/2016 17:08,17:08,12,0,0,HAMPDEN AVENUE EAST & IVY WAY SOUTH,1,1,1,0,1,1,,0,40,0,0,0,0,0,2,2,14
,2016_47529,39.740408,-105.025158,12/24/2016 21:12,21:12,15,0,0,FEDERAL BOULEVARD & COLFAX AVENUE WEST,1,3,1,0,1,4,,0,35,0,0,0,0,0,2,2,13
,2016_47530,39.745684,-105.025231,9/23/2016 9:00,9:00,12,0,0,FEDERAL BOULEVARD SOUTH & 1800 BLOCK,1,1,0,0,1,3,,0,40,0,0,0,0,0,2,2,5
,2016_47531,39.754834,-105.025131,3/2/2016 18:15,18:15,1,0,0,26TH AVENUE WEST & FEDERAL BOULEVARD NORTH,1,2,0,0,1,1,,0,30,0,0,0,0,1,2,3,13
,2016_47532,39.75854,-105.025143,1/24/2016 11:45,11:45,3,0,0,NORTH FEDERAL BOULEVARD & WEST 29TH AVENUE,2,1,0,0,1,1,,0,35,0,0,0,0,0,2,2,3
,2016_47533,39.76196,-105.025155,1/15/2016 11:30,11:30,12,0,0,NORTH FEDERAL BOULEVARD & 32ND AVENUE WEST,1,1,0,0,1,3,,0,35,0,0,0,0,0,2,2,13
,2016_47534,39.771816,-105.025231,2/17/2016 16:55,16:55,12,0,0,FEDERAL BOULEVARD NORTH & 41ST AVENUE WEST,1,1,0,0,1,1,,0,35,0,0,0,1,0,2,2,14
,2016_47535,39.774824,-105.025229,8/11/2016 22:25,22:25,12,0,0,FEDERAL BOULEVARD 4200 BLOCK NORTH & 42ND AVENUE WEST,1,3,0,0,1,4,,0,35,0,0,0,0,0,2,2,13
,2016_47536,39.784707,-105.025224,1/17/2016 16:38,16:38,1,0,0,FEDERAL BOULEVARD NORTH & I70 WB RAMPS,1,1,0,0,1,1,,0,30,0,0,0,0,0,2,2,13
,2016_47537,39.78571,-105.025223,5/26/2016 22:24,22:24,3,0,0,FEDERAL BOULEVARD NORTH & 49TH AVENUE WEST,1,3,0,0,1,1,,0,25,0,0,0,0,0,2,2,3
,2016_47598,39.77489,-104.857146,2/23/2016 17:20,17:20,15,0,0,I70 & MM 281,1,2,0,0,1,4,,0,65,0,0,0,0,0,1,2,1
,2016_47623,39.834134,-104.746852,3/24/2016 7:25,7:25,12,0,0,PENA BOULEVARD 7400 BLOCK EASTBOUND COLLECTOR RAMP & E470,10,1,0,0,1,14,,0,50,0,0,0,0,0,2,2,14
,2016_47637,39.668673,-104.940609,3/11/2016 17:30,17:30,12,0,0,YALE AVENUE EAST & COLORADO BOULEVARD SOUTH,1,1,0,0,1,1,,0,35,0,0,0,0,0,2,2,13
,2016_47638,39.668673,-104.940609,11/10/2016 14:55,14:55,12,0,0,YALE AVENUE & COLORADO BOULEVARD SOUTH,1,1,0,0,1,1,,0,35,0,0,0,0,0,2,2,13