id,drcog_id,latitude,longitude,crashtime,time,crashtype,numbkilled,numbinjurd,drcoglocat,rdconditin,lightngcon,roadcntgrd,weatherco,location,roaddescrp,schoolzone,constrzone,splimit,bikeinv,pedinv,sctrinv,motoinv,svrty,rdsystem,ttlvehcls,hcf
,2016_47639,39.67843,-104.940638,8/29/2016 16:01,16:01,15,0,0,EVANS AVENUE EAST & COLORADO BOULEVARD SOUTH,2,1,0,1,1,1,,0,30,0,0,0,0,0,2,2,10
,2016_47640,39.682387,-104.940411,3/10/2016 16:55,16:55,15,0,0,COLORADO BOULEVARD 1800 BLOCK SOUTH & BUCHTEL BOULEVARD EAST,1,1,0,0,1,4,,0,35,0,0,0,0,0,2,2,13
,2016_47642,39.683192,-104.940381,3/25/2016 7:34,7:34,12,0,0,COLORADO BOULEVARD SOUTH & I25 HIGHWAY SOUTHBOUND,5,1,0,0,1,3,,0,35,0,0,0,0,1,2,2,13
,2016_47644,39.7255,-104.940607,3/15/2016 16:35,16:35,12,0,0,SIXTH AVENUE EAST NORTHBOUND SLIP RAMP & COLORADO BOULEVARD NORTH,1,1,0,0,1,1,,0,30,0,0,0,0,0,2,2,13
,2016_47645,39.684422,-104.940495,10/15/2016 12:40,12:40,12,0,0,COLORADO BOULEVARD SOUTH & MEXICO AVENUE EAST,1,1,1,0,1,4,,0,35,0,0,0,0,0,2,3,13
,2016_47646,39.687027,-104.940544,12/5/2016 16:10,16:10,15,0,0,COLORADO BOULEVARD & IOWA AVENUE,1,2,0,0,1,4,,0,35,0,0,0,0,0,2,2,13
,2016_47647,39.692854,-104.940549,7/16/2016 14:34,14:34,3,0,0,LOUISIANA AVENUE EAST & COLORADO BOULEVARD SOUTH,1,1,0,0,1,1,,0,40,0,0,0,0,0,2,2,3
,2016_47649,39.694497,-104.94055,4/26/2016 10:30,10:30,12,0,0,COLORADO BOULEVARD SOUTH & ARIZONA AVENUE EAST,1,1,1,0,1,3,,0,40,0,0,0,0,0,2,2,13
,2016_47651,39.712369,-104.940611,5/12/2016 5:50,5:50,15,0,0,ALAMEDA AVENUE EAST & COLORADO BOULEVARD SOUTH,1,3,0,0,1,3,,0,35,0,0,0,0,0,2,2,13
,2016_47652,39.71339,-104.940611,12/24/2016 12:25,12:25,12,0,0,COLORADO BOULEVARD SOUTH & ALAMEDA AVENUE EAST,1,1,0,0,1,3,,0,35,0,0,0,0,1,2,2,13
,2016_47653,39.716746,-104.94061,5/24/2016 6:42,6:42,15,0,0,JCT 083A SLIP RAMP OFF & COLORADO BOULEVARD SOUTH,1,1,0,0,1,1,,0,35,0,0,0,0,0,2,2,1
,2016_47654,39.716746,-104.94061,6/30/2016 15:19,15:19,12,0,0,LEETSDALE DRIVE SLIP OFF TO & COLORADO BOULEVARD SOUTH,1,1,1,0,1,3,,0,30,0,0,0,0,0,2,2,14
,2016_47656,39.722728,-104.940608,4/27/2016 13:50,13:50,12,0,0,COLORADO BOULEVARD NORTH & THIRD AVENUE EAST,1,1,0,0,1,1,,0,35,0,0,0,0,0,2,3,14
,2016_47657,39.725208,-104.940607,10/21/2016 14:19,14:19,12,0,0,COLORADO BOULEVARD NORTH & FIFTH AVENUE EAST,1,1,0,0,1,4,,0,35,0,0,0,0,1,2,2,3
,2016_47658,39.72871,-104.940605,8/5/2016 18:44,18:44,1,0,1,COLORADO BOULEVARD NORTH & EIGHTH AVENUE EAST,1,1,0,0,1,1,,0,35,0,0,0,0,2,2,2,1
,2016_47659,39.730607,-104.940605,5/29/2016 3:58,3:58,12,0,0,COLORADO BOULEVARD & NINTH AVENUE,1,3,0,0,1,1,,0,30,0,0,0,0,0,2,2,13
,2016_47660,39.735713,-104.940603,6/27/2016 13:52,13:52,6,0,0,COLORADO BOULEVARD NORTH & 12TH AVENUE WEST,1,1,0,0,3,4,,0,35,0,0,0,0,1,2,2,14
,2016_47662,39.736881,-104.940602,11/18/2016 11:27,11:27,12,0,0,13TH AVENUE EAST & COLORADO BOULEVARD,5,1,1,0,1,1,,0,35,0,0,0,0,0,2,2,3
,2016_47663,39.738485,-104.940602,3/24/2016 7:50,7:50,3,0,0,14TH AVENUE EAST & COLORADO BOULEVARD NORTH,5,1,0,2,1,1,,0,35,0,0,0,0,0,2,2,14
,2016_47664,39.750887,-104.940597,4/25/2016 13:06,13:06,15,0,0,23RD AVENUE EAST & COLORADO BOULEVARD NORTH,1,1,0,0,1,1,,0,35,0,0,0,0,0,2,2,13
,2016_47665,39.758284,-104.940525,3/10/2016 11:10,11:10,1,0,0,COLORADO BOULEVARD NORTH & 29TH AVENUE EAST,1,1,0,0,1,1,,0,40,0,0,0,0,0,2,2,13
,2016_47666,39.761914,-104.940511,3/3/2016 9:33,9:33,12,0,0,COLORADO BOULEVARD NORTH & MARTIN LUTHER KING JR BOULEVARD,1,1,0,0,1,4,,0,35,0,0,0,0,0,2,3,1
,2016_47667,39.761914,-104.940511,5/22/2016 8:20,8:20,1,0,0,MLK BOULEVARD EAST & COLORADO BOULEVARD NORTH,1,1,0,0,1,1,,0,30,0,0,0,0,0,2,2,13
,2016_47668,39.764528,-104.940501,3/24/2016 8:40,8:40,3,0,0,BRUCE RANDOLPH BOULEVARD & COLORADO BOULEVARD NORTH,7,1,0,0,1,1,,0,35,0,0,0,0,0,2,2,13
,2016_47669,39.766851,-104.940491,9/29/2016 11:28,11:28,1,0,0,COLORADO BOULEVARD NORTH & 36TH AVENUE EAST,1,1,0,0,1,1,,0,35,0,0,0,0,0,2,2,13
,2016_47670,39.771255,-104.940504,4/19/2016 6:25,6:25,12,0,0,COLORADO BOULEVARD NORTH & 3900 BLOCK EAST,2,1,0,2,1,4,,0,40,0,0,0,0,0,2,2,3
,2016_47671,39.773167,-104.940512,5/16/2016 11:00,11:00,12,0,0,COLORADO BOULEVARD & 4000 BLOCK NORTH,1,1,0,0,1,4,,0,40,0,0,0,0,1,2,2,13
,2016_47672,39.775227,-104.94052,12/13/2016 16:49,16:49,12,0,0,COLORADO BOULEVARD & 4200 NORTH,1,3,0,0,1,4,,0,5,0,0,0,0,0,2,3,13
,2016_47673,39.784135,-104.94045,4/27/2016 6:01,6:01,1,0,0,48TH AVENUE EAST & COLORADO BOULEVARD NORTH,1,1,0,0,1,1,,0,40,0,0,0,0,0,2,2,13
,2016_47675,39.784135,-104.94045,12/16/2016 15:57,15:57,3,0,0,48TH AVENUE EAST & COLORADO BOULEVARD NORTH,1,1,0,0,1,1,,0,30,0,0,0,0,1,2,2,14
,2016_47700,39.725652,-105.053207,5/22/2016 15:40,15:40,12,0,0,SIXTH AVENUE WEST EASTBOUND ON RAMP & SHERIDAN BOULEVARD NORTH,1,1,0,0,1,14,,0,25,0,0,0,0,0,2,2,3
,2016_47701,39.725651,-105.05302,8/16/2016 8:39,8:39,12,0,0,SIXTH AVENUE WEST EASTBOUND ON SLIP RAMP & MERGE POINT FROM SHERIDAN BOULEVARD,1,1,0,0,1,14,,0,35,0,0,0,0,0,2,2,13
,2016_47702,39.725455,-105.032456,4/8/2016 8:13,8:13,12,0,0,SIXTH AVENUE WEST & KNOX COURT NORTH,1,1,0,0,1,4,,0,45,0,0,0,0,0,2,3,14
,2016_47703,39.725455,-105.032456,11/4/2016 6:38,6:38,12,0,0,SIXTH AVENUE WEST & KNOX COURT NORTH SEP,1,3,1,0,1,4,,0,55,0,0,0,0,1,2,2,13
,2016_47704,39.725418,-105.026784,6/10/2016 9:55,9:55,12,0,0,SIXTH AVENUE WEST & FEDERAL BOULEVARD NORTH,1,1,0,0,1,4,,0,55,0,0,0,0,0,2,2,13
,2016_47705,39.725415,-105.025068,7/12/2016 15:34,15:34,12,0,0,SIXTH AVENUE WEST & FEDERAL BOULEVARD NORTH INTERCHANGE,1,1,0,0,1,4,,0,55,0,0,0,0,0,2,3,13
,2016_47706,39.779447,-104.949726,2/29/2016 12:10,12:10,1,0,0,46TH AVENUE EAST & STEELE STREET NORTH,1,1,0,0,1,1,,0,30,0,0,0,0,0,2,2,1
,2016_47707,39.781714,-104.949876,8/26/2016 17:31,17:31,12,0,0,VASQUEZ BOULEVARD NORTH & STEELE STREET NORTH,1,1,0,0,1,4,,0,35,0,0,0,0,0,2,2,14
,2016_47708,39.790102,-104.942141,3/6/2016 18:40,18:40,12,0,0,VASQUEZ BOULEVARD NORTH & 52ND AVENUE EAST,1,3,0,0,1,4,,0,45,0,0,0,0,0,2,2,13
,2016_47731,39.77707,-104.882198,8/21/2016 4:20,4:20,5,0,1,I70 & I270 WB DIRECT CONNECT ENTRANCE,1,3,0,0,2,4,,0,65,0,0,0,0,2,1,1,1
,2016_47737,39.700838,-104.986681,7/18/2016 8:29,8:29,15,0,0,BROADWAY & KENTUCKY AVENUE WEST,1,1,0,0,1,4,,0,30,0,0,0,0,0,1,2,1
,2016_47785,39.684915,-104.959701,7/17/2016 18:25,18:25,12,0,0,I25 NORTHBOUND SLIP RAMP OFF & UNIVERSITY BOULEVARD,1,1,0,0,1,14,,0,30,0,0,0,0,0,1,2,13
,2016_47786,39.684916,-104.961205,2/21/2016 23:45,23:45,12,0,0,I25 & UNIVERSITY BOULEVARD SOUTH,1,3,1,0,1,4,,0,65,0,0,0,0,0,1,2,5
,2016_47787,39.628018,-104.903913,11/23/2016 15:15,15:15,15,0,1,I25 SOUTHBOUND & MM 199.6,1,1,0,0,1,4,,0,55,0,0,0,0,2,1,3,1
,2016_47788,39.633614,-104.90654,7/13/2016 8:50,8:50,12,0,0,I25 SOUTHBOUND  & I225,1,1,0,0,1,4,,0,65,0,0,0,0,0,1,2,13
,2016_47789,39.652745,-104.918076,9/7/2016 9:45,9:45,5,0,0,I25 NORTHBOUND & HIGHWAY 285  30 JCT / HAMPDEN AVENUE,1,1,0,0,1,4,,0,65,0,0,0,0,0,1,2,3
,2016_47790,39.65313,-104.918259,2/29/2016 8:15,8:15,12,0,0,I25 & HAMPDEN AVENUE EAST,1,1,0,0,1,4,,0,65,0,0,0,0,0,1,2,13
,2016_47791,39.658561,-104.920699,7/21/2016 7:17,7:17,12,0,0,I25 NORTHBOUND RAMP ON GORE POINT FROM & HAMPDEN AVENUE EAST,1,1,0,0,1,4,,0,55,0,0,0,0,0,1,2,13
,2016_47792,39.666463,-104.924762,4/23/2016 0:12,0:12,15,0,0,I25 & HAMPDEN AVENUE EAST,1,3,0,0,1,4,,0,60,0,0,0,0,0,1,3,13
,2016_47793,39.667623,-104.925611,6/16/2016 13:40,13:40,15,0,0,I25 & YALE AVENUE EAST INTERCHANGE,1,1,0,0,1,4,,0,65,0,0,0,0,0,1,2,13
,2016_47794,39.678367,-104.933559,7/11/2016 17:55,17:55,12,0,0,EVANS AVENUE EAST & I25,1,1,0,0,1,1,,0,35,0,0,0,0,0,1,2,3
,2016_47795,39.683094,-104.940452,1/14/2016 18:44,18:44,5,0,0,I25 HIGHWAY NORTHBOUND & COLORADO BOULEVARD SOUTH,1,3,0,0,2,4,,0,65,0,0,0,0,0,1,1,5
,2016_47796,39.683094,-104.940452,5/2/2016 21:49,21:49,5,0,0,I25 & COLORADO BOULEVARD SOUTH,1,3,0,0,1,4,,0,60,0,0,0,0,0,1,2,13
,2016_47797,39.684918,-104.958395,11/16/2016 9:33,9:33,15,0,0,I25 NORTHBOUND OFF RAMP & UNIVERSITY BOULEVARD SOUTH,1,1,0,0,1,14,,0,25,0,0,0,0,0,1,2,13
,2016_47798,39.684921,-104.959322,9/29/2016 12:06,12:06,5,0,0,I25 SOUTHBOUND RAMP ON & UNIVERSITY BOULEVARD SOUTH,1,1,1,0,1,14,,0,30,0,0,0,0,1,1,1,7
,2016_47799,39.68492,-104.959509,11/22/2016 8:04,8:04,12,0,0,I25 SOUTHBOUND RAMP OFF INTERSECTION & UNIVERSITY BOULEVARD SOUTH,2,1,0,2,1,14,,0,45,0,0,0,0,0,1,2,13
,2016_47801,39.68682,-104.966883,3/13/2016 16:35,16:35,12,0,0,I25 & MM 205.5,1,1,0,0,1,4,,0,60,0,0,0,0,1,1,2,5
,2016_47802,39.689311,-104.971955,9/13/2016 16:25,16:25,12,0,0,I25 & DOWNING STREET SOUTH,2,1,1,1,1,4,,0,55,0,0,0,0,0,1,2,13
,2016_47803,39.69219,-104.976782,8/31/2016 15:11,15:11,12,0,0,I25 & EMERSON STREET SOUTH,1,1,0,0,1,4,,0,60,0,0,0,0,0,1,3,13
,2016_47804,39.694569,-104.979405,6/2/2016 6:51,6:51,12,0,0,I25 & WASHINGTON STREET,1,1,0,0,1,4,,0,55,0,0,0,0,0,1,3,14
,2016_47806,39.6962,-104.981269,8/15/2016 18:17,18:17,12,0,0,I25 SOUTHBOUND & MM 206.50,1,1,0,0,1,4,,0,55,0,0,0,0,1,1,2,7
,2016_47807,39.702478,-104.988773,6/15/2016 13:06,13:06,15,0,0,I25 HIGHWAY SOUTHBOUND & BROADWAY SOUTH,1,1,1,0,1,4,,0,55,0,0,0,0,0,1,2,14
,2016_47809,39.707118,-104.996779,11/22/2016 16:06,16:06,15,0,0,I25 NORTHBOUND ON FLYOVER & SANTA FE DRIVE,1,1,1,0,1,14,,0,35,0,0,0,0,0,1,2,14
,2016_47810,39.710974,-104.998764,1/3/2016 23:40,23:40,15,0,0,I25 SOUTHBOUND OFF RAMP GORE POINT & SANTA FE DRIVE,1,3,1,0,1,14,,0,55,0,0,0,0,0,1,2,8
,2016_47811,39.71125,-104.998929,8/8/2016 20:35,20:35,12,0,0,I25 NORTHBOUND & ALAMEDA AVENUE WEST,1,3,1,0,1,4,,0,60,0,0,0,0,1,1,2,13
,2016_47812,39.711525,-104.999094,7/20/2016 11:37,11:37,12,0,0,I25 & ALAMEDA AVENUE,1,1,0,0,1,4,,0,55,0,0,0,0,0,1,3,3
,2016_47813,39.711801,-104.999259,11/29/2016 15:33,15:33,15,0,0,I25 & ALAMEDA AVENUE WEST,1,1,0,0,1,4,,0,65,0,0,0,0,0,1,2,13
,2016_47814,39.72244,-105.009858,11/16/2016 8:38,8:38,12,0,0,I25 & SIXTH AVENUE INTERCHANGE,1,1,0,0,1,4,,0,55,0,0,0,0,0,1,2,3
,2016_47815,39.725281,-105.012899,5/2/2016 14:36,14:36,12,0,0,I25 & SIXTH AVENUE INTERCHANGE,1,1,0,0,1,4,,0,55,0,0,0,0,0,1,2,13
,2016_47816,39.729265,-105.014796,5/2/2016 6:41,6:41,15,0,0,I25 & EIGHTH AVENUE WEST INTERCHANGE,1,1,0,0,1,4,,0,55,0,0,0,0,0,1,2,3
,2016_47817,39.729265,-105.014796,8/20/2016 11:58,11:58,12,0,0,I25 & EIGHTH AVENUE WEST,1,1,0,0,1,4,,0,55,0,0,0,0,0,1,2,13
,2016_47818,39.729265,-105.014796,1/17/2016 21:22,21:22,15,0,0,EIGHTH AVENUE 2300 BLOCK WEST & WYANDOT STREET NORTH,1,3,0,0,1,1,,0,25,0,0,0,0,0,1,2,8
,2016_47819,39.729419,-105.014852,11/4/2016 19:14,19:14,15,0,0,I25 & EIGHTH AVENUE WEST INTERCHANGE,1,4,0,0,1,4,,0,65,0,0,0,0,0,1,3,1
,2016_47820,39.734812,-105.014964,1/20/2016 12:20,12:20,15,0,0,I25 NORTHBOUND  & NORTHBOUND OFF RAMP GORE POINT TO COLFAX,1,1,0,0,1,4,,0,55,0,0,0,0,0,1,2,3
,2016_47821,39.736873,-105.014064,3/4/2016 6:05,6:05,12,0,0,I25 & 13TH AVENUE WEST,1,2,0,0,1,4,,0,55,0,0,0,0,0,1,3,13
,2016_47822,39.736873,-105.014064,6/30/2016 6:30,6:30,5,0,0,I25 & 13TH AVENUE WEST,1,1,1,0,1,4,,0,55,0,0,0,0,0,1,2,13
,2016_47823,39.740059,-105.013916,6/16/2016 17:26,17:26,12,0,0,I25 SOUTHBOUND ON RAMP  & AURARIA PARKWAY,1,1,0,0,1,14,,0,55,0,0,0,0,0,1,2,13
,2016_47824,39.740257,-105.013939,5/23/2016 15:36,15:36,15,0,0,I25 & COLFAX AVENUE WEST,1,1,1,0,1,4,,0,55,0,0,0,0,1,1,3,13
,2016_47825,39.740455,-105.013961,12/30/2016 4:38,4:38,5,0,0,I25 NORTHBOUND RAMP ON & COLFAX AVENUE WB,1,3,1,0,2,14,,0,45,0,0,0,0,0,1,1,13
,2016_47826,39.74163,-105.014388,6/26/2016 18:15,18:15,9,0,1,I25 & COLFAX AVENUE WEST,1,1,1,0,1,4,,0,55,0,0,0,1,2,1,1,13
,2016_47827,39.742025,-105.014657,6/8/2016 18:00,18:00,12,0,0,I25 & AURARIA PARKWAY,1,1,1,0,1,4,,0,65,0,0,0,0,0,1,2,13
,2016_47828,39.742179,-105.014799,3/12/2016 2:10,2:10,5,0,0,AURARIA PARKWAY & I25 AND COLFAX SPLIT,1,3,1,0,3,14,,0,35,0,0,0,0,1,1,1,5
,2016_47829,39.749701,-105.017257,1/17/2016 19:05,19:05,15,0,0,I25 & WEST 22ND AVENUE,1,3,0,0,1,4,,0,55,0,0,0,0,0,1,2,14
,2016_47830,39.755024,-105.012885,8/6/2016 20:40,20:40,15,0,0,I25 SOUTHBOUND & SPEER BOULEVARD NORTH,1,1,0,0,1,4,,0,55,0,0,0,0,0,1,4,13
,2016_47831,39.755118,-105.012754,5/4/2016 17:25,17:25,15,0,0,I25 & SPEER BOULEVARD NORTH,1,1,0,0,1,4,,0,45,0,0,0,0,0,1,2,13
,2016_47832,39.755118,-105.012754,12/17/2016 6:01,6:01,12,0,0,I25 & SPEER BOULEVARD NORTH,5,2,1,2,1,4,,0,55,0,0,0,0,0,1,2,13
,2016_47833,39.755118,-105.012754,8/4/2016 10:47,10:47,15,0,0,SPEER BOULEVARD & I25 INTERCHANGE,1,1,0,0,1,4,,0,35,0,0,0,0,1,1,2,14
,2016_47834,39.756438,-105.01092,9/1/2016 23:30,23:30,15,0,0,I25 SOUTHBOUND & SPEER BOULEVARD EXIT GORE APPROXIMATELY,1,3,1,0,1,4,,0,55,0,0,0,0,0,1,2,1
,2016_47836,39.757796,-105.00908,6/13/2016 18:29,18:29,12,0,0,I25 HIGHWAY SOUTHBOUND & SPEER BOULEVARD NORTH INTERCHANGE,2,1,0,1,1,4,,0,55,0,0,0,0,0,1,4,13
,2016_47838,39.760183,-105.00557,4/15/2016 6:31,6:31,12,0,0,I25 HIGHWAY SOUTHBOUND & MM 212 ON HOV,1,1,1,0,1,4,,0,55,0,0,0,0,0,1,2,1
,2016_47839,39.760824,-105.004537,10/27/2016 18:53,18:53,12,0,0,I25 SOUTHBOUND & 20TH STREET,1,3,0,0,1,4,,0,55,0,0,0,0,0,1,2,13
,2016_47840,39.762031,-105.00302,10/28/2016 10:28,10:28,12,0,0,I25 NORTHBOUND & 20TH STREET,1,1,0,0,1,4,,0,55,0,0,0,0,1,1,5,14
,2016_47841,39.768049,-104.994761,6/30/2016 17:43,17:43,12,0,0,I25 & PARK AVENUE WEST,1,1,1,0,1,4,,0,55,0,0,0,0,0,1,2,6
,2016_47842,39.63556,-104.89332,10/12/2016 9:33,9:33,9,0,0,I225 & TAMARAC DRIVE SOUTH,2,1,0,1,1,4,,0,55,0,0,0,0,0,1,1,14
,2016_47844,39.768049,-104.994761,12/9/2016 6:54,6:54,12,0,0,I25 & PARK AVENUE WEST,5,1,0,0,1,4,,0,55,0,0,0,0,1,1,2,1
,2016_47845,39.768049,-104.994761,3/17/2016 22:53,22:53,8,0,0,I25 NORTHBOUND OFF RAMP & PARK AVENUE WEST,2,3,0,2,1,1,,0,25,0,0,0,0,0,1,2,8
,2016_47846,39.768049,-104.994761,12/13/2016 19:33,19:33,1,0,0,PARK AVENUE WEST & I25 NORTHBOUND ON RAMP,1,3,1,0,1,1,,0,35,0,0,0,0,0,1,2,1
,2016_47847,39.776439,-104.98921,5/3/2016 16:24,16:24,12,0,0,I25 NORTHBOUND & 44TH AVENUE WEST,1,1,0,0,1,4,,0,55,0,0,0,0,0,1,2,13
,2016_47848,39.776439,-104.98921,5/21/2016 13:15,13:15,12,0,0,I25 & 44TH AVENUE WEST,1,1,0,0,1,4,,0,55,0,0,0,0,0,1,3,7
,2016_47849,39.778066,-104.989183,1/19/2016 6:15,6:15,12,0,0,I25 HIGHWAY NORTHBOUND RAMP SPLIT & I70 RAMPS C & I,2,3,1,0,1,14,,0,55,0,0,0,0,0,1,2,1
,2016_47850,39.779391,-104.989164,1/14/2016 15:45,15:45,12,0,0,I25 NORTHBOUND & I70,1,1,1,0,1,4,,0,55,0,0,0,0,1,1,2,13
,2016_47851,39.779391,-104.989164,5/12/2016 14:49,14:49,12,0,0,I25 & I70,1,1,0,0,1,4,,0,55,0,0,0,0,0,1,2,13
,2016_47852,39.779535,-104.989164,2/13/2016 19:30,19:30,15,0,0,I25 & I70,1,3,1,0,1,4,,0,55,0,0,0,0,1,1,4,13
,2016_47853,39.779967,-104.989161,5/21/2016 15:45,15:45,12,0,0,I25 & I70 EASTBOUND,1,1,0,0,1,4,,0,55,0,0,0,0,0,1,3,13
,2016_47854,39.787424,-104.989088,7/14/2016 4:00,4:00,12,0,0,I25 & 48TH AVENUE,1,3,0,0,1,4,,0,55,0,0,0,0,1,1,2,13
,2016_47895,39.71114,-105.033784,1/2/2016 17:30,17:30,12,0,0,ALAMEDA AVENUE 3500 BLOCK WEST & KING STREET SOUTH,1,3,0,0,1,1,,0,35,0,0,0,0,1,2,2,3
,2016_47896,39.711078,-105.025458,10/17/2016 18:27,18:27,15,0,0,ALAMEDA AVENUE WEST & FEDERAL BOULEVARD SOUTH,1,3,0,0,1,4,,0,40,0,0,0,0,0,2,2,14
,2016_47897,39.711144,-105.014221,5/4/2016 17:53,17:53,15,0,0,ALAMEDA AVENUE WEST & YUMA STREET SOUTH,1,1,0,0,1,4,,0,30,0,0,0,0,0,2,2,8
,2016_47898,39.711184,-105.00062,11/18/2016 5:15,5:15,12,0,0,ALAMEDA AVENUE WEST & PLATTE RIVER DRIVE SOUTH,2,3,0,0,1,1,,0,35,0,0,0,0,0,2,2,13
,2016_47899,39.711201,-104.999073,6/7/2016 13:26,13:26,15,0,0,ALAMEDA AVENUE EAST & OVER I25,1,1,1,0,1,3,,0,30,0,0,0,0,0,2,2,13
,2016_47900,39.711201,-104.999073,7/12/2016 21:19,21:19,1,0,0,SHERIDAN BOULEVARD SOUTH & ALAMEDA AVENUE WEST,1,3,1,0,1,1,,0,35,0,0,0,1,1,2,2,13
,2016_47901,39.711208,-104.998391,4/2/2016 14:57,14:57,12,0,0,ALAMEDA AVENUE WEST & KALAMATH STREET SOUTH,1,1,0,0,1,1,,0,35,0,0,0,0,0,2,2,13
,2016_47902,39.653086,-104.913913,10/24/2016 11:18,11:18,12,0,0,HAMPDEN AVENUE EAST & 6400 BLOCK,1,1,1,0,1,4,,0,40,0,0,0,0,1,2,2,13
,2016_47903,39.653077,-104.909578,8/10/2016 7:15,7:15,12,0,0,HAMPDEN AVENUE EAST & ONEIDA STREET SOUTH,1,1,0,0,1,4,,0,35,0,0,0,0,0,2,2,2
,2016_47904,39.653109,-104.903331,12/19/2016 11:50,11:50,12,0,0,HAMPDEN AVENUE 7500 BLOCK EAST & TAMARAC STREET SOUTH,6,1,0,0,1,3,,0,35,0,0,0,0,0,2,2,13
,2016_47905,39.653078,-104.897138,5/9/2016 13:50,13:50,12,0,0,HAMPDEN AVENUE & TAMARAC DRIVE SOUTH,1,1,1,0,1,4,,0,45,0,0,0,0,0,2,2,13
,2016_47906,39.653079,-104.893989,9/30/2016 14:40,14:40,3,0,1,ULSTER STREET SOUTH & HAMPDEN AVENUE EAST,1,1,1,0,1,1,,0,45,0,0,0,0,2,2,2,13
,2016_47907,39.653027,-104.881872,6/24/2016 16:10,16:10,12,0,0,HAMPDEN AVENUE EAST & AKRON STREET SOUTH,1,1,0,0,1,4,,0,35,0,0,0,0,0,2,2,14
,2016_47908,39.658883,-104.86635,4/29/2016 15:40,15:40,12,0,0,HAVANA STREET 3300 BLOCK SOUTH & DARTMOUTH AVENUE EAST,2,1,0,2,1,4,,0,35,0,0,0,0,1,2,2,7
,2016_47935,39.779316,-104.903391,9/27/2016 14:20,14:20,15,0,0,QUEBEC STREET & I70 WB OFF RAMP,1,1,0,0,1,4,,0,,0,0,0,0,0,2,2,1
,2016_47936,39.781946,-104.901631,7/21/2016 14:20,14:20,12,0,0,NORTHFIELD QUEBEC 4700 BLOCK NORTH & SAND CREEK ROAD NORTH,1,1,0,0,1,4,,0,35,0,0,0,0,0,2,2,7
,2016_47972,39.74036,-105.05111,11/21/2016 10:04,10:04,15,0,0,COLFAX AVENUE EASTBOUND WEST & XAVIER STREET,1,1,0,0,1,3,,0,35,0,0,0,0,0,2,2,14
,2016_47973,39.74034,-105.035726,9/10/2016 10:54,10:54,12,0,0,COLFAX AVENUE WEST & MEADE STREET NORTH,1,1,0,0,1,4,,0,35,0,0,0,0,0,2,2,13
,2016_47974,39.740432,-105.021385,11/3/2016 15:51,15:51,12,0,0,COLFAX AVENUE WEST & MILE HIGH STADIUM WEST CIRCLE,1,1,0,0,1,4,,0,35,0,0,0,0,0,2,2,3
,2016_47975,39.740353,-105.01593,1/29/2016 7:52,7:52,12,0,0,COLFAX AVENUE WEST & I25 SOUTHBOUND OFF RAMP,1,1,0,0,1,4,,0,45,0,0,0,0,0,2,2,13
,2016_47976,39.740076,-105.005215,7/7/2016 12:20,12:20,1,0,0,SEVENTH STREET  & COLFAX AVENUE WEST,1,1,0,0,1,1,,0,35,0,0,0,0,1,2,2,13
,2016_47977,39.740046,-105.000314,10/7/2016 20:00,20:00,15,0,0,COLFAX AVENUE WEST & KALAMATH STREET NORTH,1,2,0,0,1,4,,0,30,0,0,0,0,0,2,2,13
,2016_47978,39.740042,-104.998686,5/8/2016 11:40,11:40,12,0,0,COLFAX AVENUE EASTBOUND & SPEER BOULEVARD,1,1,0,0,1,4,,0,35,0,0,0,0,0,2,3,13
,2016_47979,39.74001,-104.992449,9/19/2016 11:19,11:19,15,0,0,COLFAX AVENUE WEST & DELAWARE STREET NORTH,1,1,0,0,1,4,,0,30,0,0,0,0,0,2,2,14
,2016_47980,39.740031,-104.982603,8/29/2016 17:37,17:37,12,0,0,HIGHWAY 40C / COLFAX AVENUE EAST & LOGAN STREET NORTH,1,1,0,0,1,4,,0,,0,0,0,0,0,2,2,13
,2016_47981,39.740014,-104.980541,12/26/2016 19:37,19:37,12,0,0,COLFAX AVENUE & LOGAN STREET NORTH,1,3,0,0,1,4,,0,30,0,0,0,0,0,2,3,13
,2016_47982,39.740007,-104.979792,5/16/2016 16:46,16:46,12,0,0,COLFAX AVENUE 600 EAST & NORTH PEARL STREET,2,1,0,1,1,1,,0,30,0,0,0,0,0,2,2,13
,2016_47983,39.739998,-104.978667,2/23/2016 12:15,12:15,12,0,1,COLFAX AVENUE EAST & WASHINGTON STREET SOUTH,1,1,0,0,1,1,,0,30,0,0,0,0,2,2,3,13
,2016_47984,39.74,-104.977544,4/20/2016 11:40,11:40,12,0,0,COLFAX AVENUE EAST & CLARKSON STREET NORTH,1,1,0,0,1,1,,0,30,0,0,0,0,0,2,2,14
,2016_47985,39.74,-104.977544,5/6/2016 16:43,16:43,5,0,0,COLFAX AVENUE EAST & CLARKSON STREET NORTH,1,1,0,0,3,1,,0,30,0,0,0,0,0,2,1,7
,2016_47986,39.740007,-104.973239,4/22/2016 0:07,0:07,10,0,0,DOWNING STREET NORTH  & COLFAX AVENUE EAST,1,3,0,0,1,1,,0,30,0,0,0,0,0,2,2,8
,2016_47987,39.740009,-104.972303,3/10/2016 10:45,10:45,6,0,0,COLFAX AVENUE EAST & MARION STREET NORTH,1,1,0,0,1,1,,0,35,0,0,0,0,0,2,2,14
,2016_47988,39.739998,-104.966103,10/18/2016 9:35,9:35,3,0,0,COLFAX AVENUE EAST & WILLIAMS STREET,1,1,0,0,1,1,,0,30,0,0,0,0,1,2,2,8
,2016_47989,39.739985,-104.963275,1/22/2016 0:40,0:40,12,0,0,COLFAX AVENUE & RACE STREET,1,3,0,0,1,4,,0,30,0,0,0,0,0,2,2,5