id,drcog_id,latitude,longitude,crashtime,time,crashtype,numbkilled,numbinjurd,drcoglocat,rdconditin,lightngcon,roadcntgrd,weatherco,location,roaddescrp,schoolzone,constrzone,splimit,bikeinv,pedinv,sctrinv,motoinv,svrty,rdsystem,ttlvehcls,hcf
,2016_47990,39.739974,-104.961014,8/8/2016 15:17,15:17,12,0,0,COLFAX AVENUE EAST & GAYLORD STREET NORTH,1,1,0,0,1,3,,0,30,0,0,0,0,1,2,3,13
,2016_47991,39.739983,-104.959859,7/27/2016 13:00,13:00,6,0,0,YORK STREET & COLFAX AVENUE EAST,1,1,0,0,1,3,,0,25,0,0,0,0,0,2,2,13
,2016_47992,39.740181,-104.956328,11/16/2016 14:33,14:33,6,0,0,COLFAX AVENUE EAST & ELIZABETH STREET NORTH,1,1,0,0,1,4,,0,30,0,0,0,0,0,2,2,5
,2016_47993,39.740061,-104.940192,5/24/2016 18:17,18:17,12,0,0,COLFAX AVENUE EAST & COLORADO BOULEVARD NORTH,1,1,0,0,1,4,,0,35,0,0,0,0,0,2,2,12
,2016_47994,39.740079,-104.923453,10/25/2016 13:46,13:46,1,0,0,COLFAX AVENUE EAST & HUDSON STREET NORTH,1,1,0,0,1,1,,0,35,0,0,0,0,0,2,2,14
,2016_47995,39.740081,-104.917628,1/29/2016 18:35,18:35,6,0,0,COLFAX AVENUE EAST & KEARNEY STREET NORTH,1,1,0,0,1,1,,0,10,0,0,0,0,0,2,2,12
,2016_47996,39.740085,-104.897523,7/24/2016 11:04,11:04,1,0,0,COLFAX AVENUE EAST & SPRUCE STREET NORTH,1,1,0,0,1,1,,0,30,0,0,0,0,0,2,2,13
,2016_47997,39.740087,-104.885873,4/10/2016 19:24,19:24,1,0,0,COLFAX AVENUE EAST & XENIA STREET NORTH,2,2,0,0,1,1,,0,35,0,0,0,0,0,2,2,13
,2016_48043,39.780014,-104.952422,9/21/2016 18:24,18:24,12,0,0,I70 & VASQUEZ BOULEVARD NORTH,1,1,0,0,1,4,,0,55,0,0,0,0,0,1,2,3
,2016_48052,39.783566,-105.05323,1/28/2016 19:44,19:44,15,0,0,I70 WB & SHERIDAN BOULEVARD NORTH,1,3,1,0,1,4,,0,20,0,0,0,0,0,1,2,13
,2016_48053,39.783786,-105.052595,1/20/2016 22:55,22:55,5,0,4,I70 & NORTH SHERIDAN BOULEVARD,1,4,1,0,2,4,,0,55,0,0,0,0,2,1,1,5
,2016_48054,39.784997,-105.049127,6/26/2016 16:29,16:29,5,0,0,I70 & NORTH SHERIDAN BOULEVARD EASTBOUND ON RAMP,1,1,2,0,2,4,,0,55,0,0,0,0,0,1,1,14
,2016_48055,39.783589,-105.030852,1/12/2016 18:10,18:10,15,0,0,I70 & LOWELL BOULEVARD EASTBOUND ENTRANCE GORE POINT,1,3,0,0,1,4,,0,55,0,0,0,0,0,1,2,13
,2016_48058,39.783431,-105.01024,1/14/2016 7:58,7:58,12,0,0,I70 & PECOS STREET EASTBOUND EXIT GORE POINT,1,1,1,0,1,4,,0,55,0,0,0,0,0,1,2,13
,2016_48059,39.783332,-105.004629,2/29/2016 8:45,8:45,12,0,0,I70 EASTBOUND ON RAMP & PECOS STREET NORTH,1,1,0,0,1,14,,0,55,0,0,0,0,0,1,2,13
,2016_48060,39.779678,-104.982012,3/23/2016 9:46,9:46,12,0,0,I70 WB ON RAMP & WASHINGTON STREET,5,1,0,2,1,14,,0,55,0,0,0,0,1,1,2,14
,2016_48061,39.779455,-104.979206,4/20/2016 14:19,14:19,12,0,0,I70 SOUTHBOUND ON RAMP & NORTH WASHINGTON STREET,1,1,1,0,1,14,,0,35,0,0,0,0,0,1,2,13
,2016_48062,39.779441,-104.979019,11/8/2016 7:12,7:12,15,0,0,I70 & WASHINGTON STREET,1,1,0,0,1,4,,0,55,0,0,0,0,0,1,2,13
,2016_48063,39.779441,-104.979019,5/18/2016 16:26,16:26,1,0,0,WASHINGTON STREET NORTH & I70 WB,1,1,0,0,1,1,,0,30,0,0,0,0,0,1,2,13
,2016_48064,39.779441,-104.979019,6/22/2016 19:50,19:50,3,0,0,WASHINGTON STREET NORTH & I70 WB OFF RAMP,1,2,0,0,1,1,,0,35,0,0,0,0,0,1,2,3
,2016_48065,39.779822,-104.968762,10/13/2016 17:04,17:04,12,0,0,I70 & BRIGHTON BOULEVARD,1,1,0,0,1,4,,0,55,0,0,0,0,0,1,2,13
,2016_48066,39.779905,-104.96691,9/16/2016 6:58,6:58,12,0,0,I70 & BRIGHTON BOULEVARD,1,1,0,0,1,4,,0,55,0,0,0,0,0,1,2,14
,2016_48067,39.779923,-104.966498,6/21/2016 12:39,12:39,15,0,0,I70 EASTBOUND OFF RAMP & BRIGHTON BOULEVARD,1,1,1,0,1,14,,0,25,0,0,0,0,1,1,2,3
,2016_48068,39.779942,-104.966087,3/1/2016 8:30,8:30,12,0,0,I70 & BRIGHTON BOULEVARD NORTH,1,1,0,0,1,4,,0,55,0,0,0,0,0,1,2,1
,2016_48069,39.779942,-104.966087,10/6/2016 18:53,18:53,12,0,0,I70 & BRIGHTON BOULEVARD NORTH,1,3,0,0,1,4,,0,55,0,0,0,0,0,1,2,3
,2016_48070,39.780012,-104.959789,7/6/2016 18:24,18:24,1,0,0,46TH AVENUE EAST & YORK STREET NORTH,1,1,1,0,1,1,,0,35,0,0,0,0,0,4,2,13
,2016_48071,39.780016,-104.954159,12/20/2016 9:25,9:25,1,0,0,46TH AVENUE EAST & CLAYTON STREET,6,1,0,0,1,1,,0,30,0,0,0,0,0,4,2,13
,2016_48072,39.779944,-104.940603,5/31/2016 15:50,15:50,12,0,0,I70 WB & COLORADO BOULEVARD NORTH,1,1,0,0,1,4,,0,55,0,0,0,0,0,1,2,14
,2016_48073,39.634245,-104.901459,6/18/2016 13:25,13:25,5,0,0,I225 & I25,1,1,0,0,1,4,,0,55,0,0,0,0,0,1,2,14
,2016_48074,39.779944,-104.940603,9/19/2016 18:00,18:00,12,0,0,I70 & COLORADO BOULEVARD,1,1,0,0,1,4,,0,55,0,0,0,0,0,1,3,13
,2016_48075,39.780056,-104.932203,9/24/2016 8:00,8:00,12,0,0,I70 & MM 277,1,1,0,0,1,4,,0,55,0,0,0,0,0,1,2,13
,2016_48076,39.780032,-104.931784,11/30/2016 11:20,11:20,15,0,0,I70 & DAHLIA STREET,1,1,0,0,1,4,,0,55,0,0,0,0,0,1,2,13
,2016_48077,39.778341,-104.92238,10/3/2016 11:29,11:29,12,0,0,I70 & HOLLY STREET NORTH,1,1,0,0,1,4,,0,65,0,0,0,0,0,1,2,13
,2016_48078,39.778289,-104.912566,9/14/2016 15:07,15:07,12,0,0,I70 & MONACO STREET NORTH,1,1,0,0,1,4,,0,55,0,0,0,0,0,1,2,13
,2016_48080,39.778295,-104.903454,5/11/2016 17:28,17:28,12,0,1,I70 WB & QUEBEC STREET NORTH,2,1,0,1,1,4,,0,55,0,0,0,0,2,1,3,12
,2016_48081,39.778295,-104.903454,8/25/2016 17:45,17:45,12,0,0,I70 & NORTHFIELD QUEBEC NORTH,1,1,0,0,1,4,,0,55,0,0,0,0,0,1,3,1
,2016_48082,39.778295,-104.903089,9/22/2016 19:49,19:49,15,0,0,I70 & QUEBEC STREET NORTH,1,3,0,0,1,4,,0,,0,0,0,0,1,1,3,13
,2016_48083,39.778297,-104.900538,6/12/2016 13:26,13:26,12,0,0,I70 EASTBOUND ON RAMP MERGE POINT & QUEBEC STREET NORTH,1,1,0,0,1,14,,0,55,0,0,0,0,0,1,2,14
,2016_48084,39.778298,-104.89908,11/23/2016 23:51,23:51,12,0,0,I70 & WB OFF RAMP TO QUEBEC STREET,1,3,0,0,1,4,,0,55,0,0,0,0,0,1,2,5
,2016_48086,39.777278,-104.884462,4/8/2016 23:35,23:35,12,0,0,I70 WB RAMP SPLIT & I270 WB RAMP SPLIT,1,3,0,0,1,14,,0,55,0,0,0,0,1,1,2,7
,2016_48087,39.777139,-104.882953,1/8/2016 16:36,16:36,15,0,0,I70 & CENTRAL PARK BOULEVARD NORTH,10,3,0,2,1,4,,0,55,0,0,0,0,0,1,2,13
,2016_48088,39.777139,-104.882953,8/20/2016 15:50,15:50,10,0,0,CENTRAL PARK BOULEVARD NORTH  & I70 EASTBOUND RAMPS,1,1,1,0,1,1,,0,35,0,0,0,0,0,1,2,7
,2016_48089,39.777018,-104.881632,4/12/2016 6:55,6:55,12,0,0,I70 EASTBOUND ON RAMP & CENTRAL PARK BOULEVARD,1,1,1,7,1,4,,0,55,0,0,0,0,0,1,2,7
,2016_48090,39.77597,-104.869716,10/28/2016 7:03,7:03,12,0,0,I70 & HAVANA STREET,1,3,0,0,1,4,,0,55,0,0,0,1,0,1,2,13
,2016_48091,39.775573,-104.865095,2/2/2016 4:15,4:15,5,0,0,I70 & NORTH HAVANA STREET,4,3,0,2,2,4,,0,55,0,0,0,0,0,1,3,13
,2016_48092,39.775573,-104.865095,12/1/2016 16:30,16:30,12,0,0,I70 & HAVANA STREET,1,2,1,0,1,4,,0,55,0,0,0,0,0,1,2,12
,2016_48093,39.775573,-104.865095,7/19/2016 16:38,16:38,12,0,0,HAVANA STREET & I70 EASTBOUND ON RAMP,1,1,0,0,1,1,,0,35,0,0,0,0,0,1,2,13
,2016_48094,39.773999,-104.846793,1/14/2016 9:51,9:51,12,0,0,I70 & PEORIA STREET NORTH,1,1,0,0,1,4,,0,55,0,0,0,0,0,1,3,1
,2016_48095,39.773904,-104.845684,12/15/2016 7:44,7:44,15,0,0,I70 EASTBOUND ON RAMP FROM PEORIA & RAMP MERGE,1,1,1,0,1,14,,0,15,0,0,0,0,0,1,2,7
,2016_48097,39.773554,-104.841617,5/13/2016 11:50,11:50,12,0,0,I70 WB ON RAMP & I225 NORTHBOUND OFF RAMP GORE POINT,1,1,0,0,1,14,,0,55,0,0,0,0,0,1,2,1
,2016_48098,39.772485,-104.829407,9/22/2016 7:20,7:20,5,0,0,I70 WB RAMP ON & I225 NORTHBOUND FLYOVER APPROXIMATELY,1,1,1,0,3,14,,0,55,0,0,0,0,0,1,1,13
,2016_48179,39.67476,-104.870723,12/8/2016 19:36,19:36,12,0,0,PARKER ROAD SOUTH & ILIFF AVENUE EAST,1,3,1,0,1,3,,0,45,0,0,0,0,1,2,2,13
,2016_48180,39.69629,-104.897364,10/16/2016 14:01,14:01,15,0,0,PARKER ROAD SOUTH & MISSISSIPPI AVENUE EAST,1,1,0,0,1,3,,0,40,0,0,0,0,0,2,3,13
,2016_48181,39.698614,-104.903606,7/12/2016 12:01,12:01,12,0,0,LEETSDALE DRIVE & QUEBEC STREET SOUTH,1,1,0,0,1,3,,0,40,0,0,0,0,0,2,2,4
,2016_48182,39.700991,-104.910243,8/29/2016 9:06,9:06,12,0,0,HIGHWAY 83 / LEETSDALE DRIVE & ONEIDA STREET SOUTH APPROXIMATELY,1,1,0,0,1,4,,0,40,0,0,0,0,1,2,4,13
,2016_48183,39.702954,-104.912867,7/1/2016 22:20,22:20,12,0,0,LEETSDALE DRIVE SOUTH & MONACO STREET SOUTH,2,4,0,1,1,3,,0,40,0,0,0,0,1,2,2,13
,2016_48184,39.70377,-104.914437,12/21/2016 14:22,14:22,15,0,0,LEETSDALE DRIVE & LOCUST STREET SOUTH,1,1,0,0,1,4,,0,65,0,0,0,0,0,2,2,1
,2016_48189,39.737983,-105.025273,9/4/2016 10:25,10:25,1,0,0,FEDERAL BOULEVARD NORTH & HOWARD PLACE WEST,1,1,0,0,1,1,,0,35,0,0,0,0,0,2,2,13
,2016_48198,39.696679,-104.991877,9/22/2016 12:49,12:49,12,0,0,MISSISSIPPI AVENUE WEST & SANTA FE DRIVE SOUTH,1,1,1,0,1,3,,0,,0,0,0,0,0,2,2,13
,2016_48204,39.678447,-104.993319,6/23/2016 16:30,16:30,15,0,0,EVANS AVENUE WEST & SANTA FE DRIVE SOUTH,2,1,1,1,1,1,,0,35,0,0,0,0,0,2,2,13
,2016_48205,39.678447,-104.993319,9/26/2016 9:12,9:12,15,0,0,EVANS AVENUE WEST & SANTA FE DRIVE SOUTHBOUND RAMPS,1,1,0,0,1,3,,0,35,0,0,0,0,0,2,2,13
,2016_48206,39.678723,-104.993237,1/24/2016 22:10,22:10,15,0,0,SANTA FE DRIVE SOUTH & EVANS AVENUE WEST,1,3,0,0,1,4,,0,55,0,0,0,0,0,2,2,9
,2016_48207,39.687313,-104.991943,8/31/2016 17:45,17:45,1,0,0,SANTA FE DRIVE SOUTH & IOWA AVENUE WEST,1,1,0,0,1,4,,0,45,0,0,0,0,0,2,2,1
,2016_48208,39.687439,-104.991942,5/4/2016 17:28,17:28,1,0,1,SANTA FE DRIVE SOUTH & IOWA AVENUE WEST,1,1,0,0,1,1,,0,40,0,0,0,0,2,2,2,13
,2016_48209,39.691177,-104.9923,11/4/2016 13:59,13:59,10,0,0,SANTA FE DRIVE 1300 BLOCK SOUTH & ARKANSAS AVENUE WEST,1,1,0,0,1,2,,0,45,0,0,0,0,0,2,2,8
,2016_48210,39.694871,-104.992454,3/24/2016 14:32,14:32,15,0,0,SANTA FE DRIVE & 1200 BLOCK SOUTH,1,1,0,0,1,4,,0,45,0,0,0,0,0,2,2,14
,2016_48211,39.696242,-104.99205,3/14/2016 14:42,14:42,12,0,1,SANTA FE DRIVE 1100 BLOCK SOUTH & MISSISSIPPI AVENUE WEST,1,1,0,0,1,4,,0,45,0,0,0,0,2,2,3,12
,2016_48212,39.696362,-104.991999,6/12/2016 15:29,15:29,15,0,0,SANTA FE DRIVE SOUTH & MISSISSIPPI AVENUE WEST,1,1,0,0,1,4,,0,35,0,0,0,0,0,2,2,3
,2016_48213,39.696679,-104.991877,9/26/2016 7:45,7:45,12,0,0,MISSISSIPPI AVENUE WEST & PLATTE RIVER DRIVE SOUTH,1,1,1,0,1,3,,0,30,0,0,0,0,0,2,2,13
,2016_48214,39.696931,-104.991801,4/1/2016 15:14,15:14,15,0,0,SANTA FE DRIVE 1000 BLOCK SOUTH & MISSISSIPPI AVENUE WEST,1,1,0,0,1,4,,0,45,0,0,0,0,0,2,2,13
,2016_48215,39.69991,-104.992333,4/10/2016 23:44,23:44,12,0,0,PLATTE RIVER DRIVE SOUTH & TENNESSEE AVENUE WEST,2,4,0,0,1,4,,0,45,0,0,0,0,0,2,2,13
,2016_48216,39.702816,-104.994579,7/21/2016 5:58,5:58,5,0,0,SANTA FE DRIVE 900 BLOCK SOUTH & MISSISSIPPI AVENUE,1,1,1,0,2,4,,0,35,0,0,0,0,0,2,1,14
,2016_48217,39.704958,-104.996041,1/14/2016 11:10,11:10,15,0,0,KALAMATH STREET 600 BLOCK SOUTH & I25 SOUTHBOUND ON RAMP,1,1,0,0,1,1,,0,25,0,0,0,0,0,2,2,1
,2016_48218,39.70581,-104.996665,9/7/2016 14:05,14:05,12,0,0,HIGHWAY 85A / SANTA FE DRIVE SOUTH & PLATTE RIVER DRIVE SOUTH,1,1,0,0,1,4,,0,45,0,0,0,0,0,2,2,3
,2016_48227,39.739682,-105.025302,4/17/2016 13:37,13:37,9,0,0,FEDERAL BOULEVARD NORTH NORTHBOUND OFF RAMP & COLFAX AVENUE WEST EASTBOUND,1,1,0,0,1,14,,0,35,0,0,0,0,1,2,1,13
,2016_48228,39.738831,-105.025287,8/9/2016 5:40,5:40,12,0,1,FEDERAL BOULEVARD NORTH & 10TH AVENUE WEST,1,1,0,0,1,3,,0,35,0,0,0,0,2,2,3,14
,2016_48229,39.737983,-105.025273,1/28/2016 15:20,15:20,12,0,0,HOWARD PLACE WEST & FEDERAL BOULEVARD NORTH,1,1,0,0,1,1,,0,35,0,0,0,0,0,2,2,5
,2016_48230,39.735634,-105.025303,11/14/2016 11:49,11:49,15,0,0,FEDERAL BOULEVARD SOUTHBOUND NORTH & HOLDEN PLACE,1,1,0,0,1,1,,0,65,0,0,0,0,0,2,2,14
,2016_48231,39.731332,-105.025181,1/21/2016 12:22,12:22,3,0,0,FEDERAL BOULEVARD NORTH & NINTH AVENUE WEST,1,1,1,0,1,2,,0,35,0,0,0,0,0,2,2,13
,2016_48232,39.724876,-105.025125,11/24/2016 10:29,10:29,12,0,0,FEDERAL BOULEVARD NORTH & SIXTH AVENUE WEST,1,1,0,0,1,3,,0,35,0,0,0,0,0,2,2,14
,2016_48233,39.720324,-105.025183,11/9/2016 16:05,16:05,1,0,0,FEDERAL BOULEVARD NORTH & SECOND AVENUE WEST,1,1,0,0,1,3,,0,35,0,0,0,0,1,2,2,13
,2016_48234,39.711253,-105.025099,12/15/2016 17:46,17:46,15,0,0,FEDERAL BOULEVARD SOUTH & ALAMEDA AVENUE WEST,1,2,0,0,1,4,,0,35,0,0,0,0,0,2,2,1
,2016_48235,39.709356,-105.025079,8/17/2016 13:15,13:15,1,0,0,FEDERAL BOULEVARD SOUTH & DAKOTA AVENUE WEST RW WEST,1,1,0,0,1,1,,0,35,0,0,0,0,0,2,2,13
,2016_48236,39.70748,-105.025083,6/30/2016 15:41,15:41,3,0,0,FEDERAL BOULEVARD SOUTH & VIRGINIA AVENUE WEST,1,1,0,0,1,1,,0,40,0,0,0,0,0,2,2,7
,2016_48238,39.705748,-105.025086,6/18/2016 1:32,1:32,3,0,0,FEDERAL BOULEVARD SOUTH & CENTER AVENUE WEST,1,3,0,0,1,1,,0,25,0,0,0,0,1,2,3,13
,2016_48239,39.696718,-105.025071,10/22/2016 0:54,0:54,3,0,0,FEDERAL BOULEVARD SOUTH & MISSISSIPPI AVENUE WEST,1,3,0,0,1,2,,0,35,0,0,0,0,1,2,2,5
,2016_48240,39.69657,-105.02507,7/10/2016 18:40,18:40,15,0,0,FEDERAL BOULEVARD SOUTH & MISSISSIPPI AVENUE WEST,1,1,0,0,1,4,,0,35,0,0,0,0,0,2,2,3
,2016_48241,39.692738,-105.025056,2/26/2016 15:40,15:40,12,0,0,FEDERAL BOULEVARD SOUTH & LOUISIANA AVENUE WEST,1,1,0,0,1,4,,0,40,0,0,0,0,0,2,2,3
,2016_48242,39.682275,-105.025016,1/15/2016 18:20,18:20,15,0,0,FEDERAL BOULEVARD SOUTH & JEWELL AVENUE WEST,1,3,0,0,1,1,,0,40,0,0,0,0,0,2,2,13
,2016_48243,39.680523,-105.025025,7/25/2016 13:39,13:39,3,0,0,FEDERAL BOULEVARD SOUTH & ASBURY AVENUE WEST,1,1,0,0,1,1,,0,35,0,0,0,0,1,2,2,7
,2016_48244,39.67863,-105.025035,4/27/2016 16:44,16:44,15,0,0,EVANS AVENUE WEST & FEDERAL BOULEVARD SOUTH,1,1,0,0,1,1,,0,35,0,0,0,0,0,2,2,3
,2016_48245,39.67863,-105.025035,12/25/2016 21:45,21:45,12,0,0,EVANS AVENUE WEST & FEDERAL BOULEVARD SOUTH,1,3,0,0,1,1,,0,,0,0,0,0,0,2,2,1
,2016_48246,39.665298,-105.02514,9/1/2016 13:57,13:57,12,0,0,FEDERAL BOULEVARD SOUTH & AMHERST AVENUE WEST ROAD EAST,1,1,0,0,1,3,,0,40,0,0,0,0,0,2,2,13
,2016_48286,39.651763,-105.052959,11/18/2016 19:30,19:30,12,0,0,SHERIDAN BOULEVARD SOUTH  & HAMPDEN AVENUE WEST FRONTAGE ROAD SOUTH,1,3,0,0,1,4,,0,40,0,0,0,0,1,2,2,7
,2016_48287,39.675515,-105.053264,11/23/2016 16:57,16:57,12,0,0,SHERIDAN BOULEVARD SOUTH & WARREN AVENUE WEST,1,3,0,0,1,3,,0,45,0,0,0,0,0,2,2,7
,2016_48288,39.682251,-105.053195,3/2/2016 7:37,7:37,12,0,0,SHERIDAN BOULEVARD SOUTH & JEWELL AVENUE WEST,1,1,1,0,1,1,,0,35,0,0,0,0,0,2,2,1
,2016_48289,39.68432,-105.053187,6/9/2016 18:07,18:07,3,0,0,SHERIDAN BOULEVARD SOUTH & MEXICO AVENUE WEST,1,1,1,0,1,1,,0,45,0,0,0,0,0,2,2,5
,2016_48290,39.685927,-105.053184,4/23/2016 18:41,18:41,3,0,2,SHERIDAN BOULEVARD SOUTH & OREGON PLACE WEST /MEXICO AVENUE,1,1,0,0,1,1,,0,25,0,0,0,0,2,2,2,13
,2016_48292,39.692556,-105.053209,3/30/2016 17:46,17:46,1,0,0,SHERIDAN BOULEVARD SOUTH & WYOMING PLACE WEST,2,1,0,2,1,1,,0,40,0,0,0,0,0,2,2,5
,2016_48296,39.725589,-105.053132,4/13/2016 21:07,21:07,12,0,0,SHERIDAN BOULEVARD NORTH & SIXTH AVENUE WEST,1,3,0,0,1,4,,0,35,0,0,0,0,1,2,2,13
,2016_48297,39.729624,-105.053227,5/26/2016 15:05,15:05,15,0,0,SHERIDAN BOULEVARD NORTH & WEST EIGHTH AVENUE,1,1,1,0,1,1,,0,35,0,0,0,0,0,2,2,13
,2016_48298,39.736973,-105.053175,9/27/2016 17:45,17:45,15,0,0,SHERIDAN BOULEVARD NORTH & MM 5.8 APPROXIMATELY,1,1,1,0,1,4,,0,40,0,0,0,0,0,2,2,13
,2016_48331,39.618006,-105.091112,6/15/2016 17:10,17:10,3,0,0,WADSWORTH BOULEVARD SOUTH & CRESTLINE AVENUE WEST,1,1,0,0,1,1,,0,45,0,0,0,0,0,2,2,13
,2016_48340,39.635522,-104.893462,3/9/2016 14:10,14:10,5,0,0,I225 & DTC BOULEVARD,1,1,0,0,3,4,,0,55,0,0,0,0,0,1,1,13
,2016_48412,39.632879,-104.904314,10/17/2016 17:03,17:03,15,0,0,I225 NORTHBOUND ON RAMP & SPLIT TO I25 RAMP J,1,1,1,0,1,14,,0,50,0,0,0,0,0,1,2,13
,2016_48413,39.634114,-104.902134,3/28/2016 16:45,16:45,12,0,0,I225 SOUTHBOUND DIRECT CONNECT & I25 HIGHWAY SOUTHBOUND / NORTHBOUND RAMP SPLIT,1,1,0,0,1,4,,0,55,0,0,0,0,0,1,2,13
,2016_48414,39.635522,-104.893462,5/4/2016 15:05,15:05,12,0,0,I225 SLIP RAMP OFF & TAMARAC STREET SOUTH,1,1,0,0,1,14,,0,35,0,0,0,0,0,1,2,13
,2016_48415,39.635522,-104.893462,6/20/2016 17:30,17:30,3,0,0,TAMARAC STREET SOUTH & I225 SOUTHBOUND OFF RAMP,1,1,0,0,1,1,,0,35,0,0,0,0,0,1,2,7
,2016_48416,39.638981,-104.885702,8/25/2016 10:12,10:12,12,0,0,I225 SOUTHBOUND SLIP RAMP ON & TAMARAC STREET SOUTH,1,1,1,0,1,14,,0,35,0,0,0,0,0,1,2,13
,2016_48417,39.639869,-104.883887,5/11/2016 10:31,10:31,12,0,0,I225 SOUTHBOUND & MM 1.4,1,1,0,0,1,4,,0,55,0,0,0,0,0,1,3,3
,2016_48446,39.780781,-104.966774,4/18/2016 16:16,16:16,1,0,0,BRIGHTON BOULEVARD NORTH & 46TH AVENUE EAST,1,1,0,0,1,1,,0,30,0,0,0,0,0,2,2,14
,2016_48447,39.793263,-104.957091,7/21/2016 17:30,17:30,12,0,0,BRIGHTON BOULEVARD NORTH & COLUMBINE STREET NORTH,1,1,0,0,1,4,,0,35,0,0,0,0,1,2,2,2
,2016_48451,39.783176,-104.901012,6/7/2016 9:00,9:00,1,0,1,I270 SOUTHWEST FRONTAGE ROAD  SAND CREEK DRIVE & 47TH AVENUE EAST,1,1,0,0,1,1,,0,35,0,0,0,0,2,4,2,1
,2016_48452,39.68492,-104.959509,7/9/2016 14:14,14:14,5,0,1,UNIVERSITY BOULEVARD SOUTH & I25 NORTHBOUND,1,1,0,0,2,4,,0,30,0,0,0,0,2,1,1,14
,2016_48453,39.776994,-104.884243,3/14/2016 7:50,7:50,12,0,0,I270 EASTBOUND DIRECT CONNECT & I70 INTERCHANGE,1,1,0,0,1,4,,0,50,0,0,0,0,0,1,3,3
,2016_48454,39.776939,-104.881561,1/11/2016 16:01,16:01,12,0,0,I270 EASTBOUND RAMP & I70 APPROXIMATELY,1,1,1,0,1,14,,1,55,0,0,0,0,0,1,2,13
,2016_48455,39.776915,-104.88122,1/31/2016 19:22,19:22,5,0,0,I270 EASTBOUND DIRECT CONNECT & I70 EASTBOUND ENTRANCE,5,3,0,2,2,4,,0,55,0,0,0,0,0,1,1,13
,2016_48464,39.653151,-105.055227,7/20/2016 8:28,8:28,12,0,0,HAMPDEN AVENUE 5800 BLOCK WEST & SHERIDAN BOULEVARD SOUTH,1,1,0,0,1,4,,0,65,0,0,0,0,0,2,2,12
,2016_48485,39.65298,-104.931503,5/10/2016 21:52,21:52,14,0,0,HAMPDEN AVENUE EAST & DAHLIA STREET SOUTH,1,3,0,0,6,1,,0,45,0,0,0,0,1,2,2,1
,2016_48487,39.65298,-104.92924,9/1/2016 8:10,8:10,12,0,0,HAMPDEN AVENUE 5000 BLOCK EAST & ELM STREET SOUTH,1,1,0,0,1,3,,0,45,0,0,0,0,0,2,2,4
,2016_48488,39.652979,-104.923014,12/29/2016 14:38,14:38,12,0,0,HAMPDEN AVENUE EAST & HOLLY STREET SOUTH,1,1,1,0,1,4,,0,35,0,0,0,0,0,2,2,13
,2016_48490,39.652979,-104.921316,5/5/2016 15:10,15:10,15,0,0,HAMPDEN AVENUE 5700 BLOCK EAST & IVANHOE STREET SOUTH,1,1,1,0,1,3,,0,35,0,0,0,0,1,2,2,3
,2016_48491,39.652979,-104.919429,4/25/2016 8:53,8:53,12,0,0,HAMPDEN AVENUE EAST & I25 SOUTHBOUND SLIP RAMPS,1,1,1,0,1,3,,0,35,0,0,0,0,0,2,2,13
,2016_48492,39.652979,-104.91792,12/19/2016 8:43,8:43,12,0,0,HAMPDEN AVENUE EAST & I25 NORTHBOUND RAMPS,6,1,1,0,1,3,,0,35,0,0,0,0,0,2,2,13
,2016_48493,39.75854,-105.025143,2/22/2016 10:20,10:20,3,0,0,29TH AVENUE WEST & FEDERAL BOULEVARD NORTH,1,1,0,0,1,3,,0,35,0,0,0,0,0,2,2,13
,2016_48494,39.762673,-105.025157,4/6/2016 13:35,13:35,12,0,0,FEDERAL BOULEVARD & 3200 BLOCK NORTH,1,1,1,0,1,4,,0,35,0,0,0,0,0,2,2,13
,2016_48495,39.763243,-105.025159,9/9/2016 8:40,8:40,12,0,0,FEDERAL BOULEVARD NORTH & HIGHLAND PARK PLACE WEST ROAD WEST,1,1,0,0,1,1,,0,35,0,0,0,0,0,2,2,13
,2016_48496,39.783848,-105.025224,1/22/2016 14:10,14:10,1,0,1,FEDERAL BOULEVARD & I70 EASTBOUND ON RAMP,1,1,0,0,1,1,,0,40,0,0,0,0,2,2,2,13
,2016_48497,39.783848,-105.025224,4/4/2016 9:45,9:45,3,0,0,FEDERAL BOULEVARD NORTH & I70 EASTBOUND RAMPS ON/OFF,1,1,0,0,1,1,,0,40,0,0,0,0,0,2,2,7
,2016_48498,39.783848,-105.025224,10/29/2016 15:04,15:04,12,0,0,FEDERAL BOULEVARD NORTH & I70 EASTBOUND RAMPS,1,1,0,0,1,1,,0,35,0,0,0,0,1,2,2,3
,2016_48499,39.783991,-105.025224,1/30/2016 18:29,18:29,15,0,0,FEDERAL BOULEVARD NORTH & I70,1,3,0,0,1,1,,0,35,0,0,0,0,0,2,3,3
,2016_48500,39.784707,-105.025224,2/25/2016 15:47,15:47,15,0,0,I70 WB RAMPS & FEDERAL BOULEVARD NORTH,1,1,1,0,1,1,,0,35,0,0,0,0,0,2,2,16
,2016_48501,39.784707,-105.025224,11/30/2016 10:21,10:21,1,0,0,FEDERAL BOULEVARD & I70 WB ON RAMP,1,1,0,0,1,1,,0,35,0,0,0,0,1,2,2,14
,2016_48502,39.784851,-105.025224,10/15/2016 14:33,14:33,15,0,0,FEDERAL BOULEVARD & I70 WB OFF SLIP RAMP,1,1,0,0,1,4,,0,35,0,0,0,0,0,2,2,13
,2016_48503,39.785853,-105.025223,8/3/2016 19:51,19:51,8,0,0,FEDERAL BOULEVARD NORTH & 49TH AVENUE WEST,2,2,0,0,6,4,,0,35,0,0,0,0,0,2,2,7