id,drcog_id,latitude,longitude,crashtime,time,crashtype,numbkilled,numbinjurd,drcoglocat,rdconditin,lightngcon,roadcntgrd,weatherco,location,roaddescrp,schoolzone,constrzone,splimit,bikeinv,pedinv,sctrinv,motoinv,svrty,rdsystem,ttlvehcls,hcf
,2016_48505,39.787424,-105.025217,2/26/2016 16:30,16:30,3,0,2,50TH AVENUE WEST & FEDERAL BOULEVARD NORTH,1,1,0,0,1,1,,0,35,0,0,0,0,2,2,2,14
,2016_48583,39.675036,-104.940628,8/22/2016 12:29,12:29,12,0,0,ILIFF AVENUE EAST & COLORADO BOULEVARD SOUTH,1,1,0,0,1,1,,0,25,0,0,0,0,0,2,2,13
,2016_48584,39.679985,-104.940643,6/11/2016 17:05,17:05,15,0,0,BUCHTEL AVENUE EAST  & COLORADO BOULEVARD SOUTH,1,1,0,0,1,1,,0,30,0,0,0,0,0,2,2,13
,2016_48585,39.685533,-104.940543,9/2/2016 12:10,12:10,1,0,0,COLORADO BOULEVARD SOUTH & MEXICO AVENUE EAST,1,1,1,0,1,1,,0,35,0,0,0,0,0,2,2,3
,2016_48586,39.687326,-104.940544,1/27/2016 14:36,14:36,3,0,0,COLORADO BOULEVARD SOUTH & IOWA AVENUE EAST,1,1,0,0,1,1,,0,40,0,0,0,0,0,2,2,13
,2016_48587,39.689119,-104.940546,5/12/2016 17:26,17:26,3,0,0,COLORADO BOULEVARD SOUTH & FLORIDA AVENUE EAST,1,1,0,0,1,1,,0,30,0,0,0,0,1,2,2,3
,2016_48588,39.690911,-104.940547,11/18/2016 13:41,13:41,12,0,0,ARKANSAS AVENUE EAST & COLORADO BOULEVARD SOUTH,5,1,1,0,1,1,,0,25,0,0,0,0,0,2,2,13
,2016_48589,39.694796,-104.94055,9/29/2016 11:42,11:42,3,0,1,ARIZONA AVENUE EAST & COLORADO BOULEVARD SOUTH,1,1,0,0,1,1,,0,35,0,0,0,0,2,2,2,13
,2016_48593,39.716454,-104.94061,9/23/2016 16:10,16:10,12,0,0,COLORADO BOULEVARD SOUTH & BAYAUD AVENUE EAST,1,1,1,0,1,3,,0,35,0,0,0,0,0,2,2,2
,2016_48594,39.716746,-104.94061,12/24/2016 11:28,11:28,3,0,0,COLORADO BOULEVARD SOUTH & LEETSDALE DRIVE,1,1,1,0,1,1,,0,35,0,0,0,0,0,2,2,13
,2016_48595,39.719664,-104.940609,11/23/2016 11:30,11:30,1,0,0,FIRST AVENUE EAST & COLORADO BOULEVARD NORTH,1,1,1,0,1,1,,0,35,0,0,0,0,0,2,2,13
,2016_48596,39.725792,-104.940606,6/8/2016 18:05,18:05,5,0,0,COLORADO BOULEVARD & SIXTH AVENUE,1,1,0,0,3,1,,0,35,0,0,0,0,0,2,1,5
,2016_48597,39.729585,-104.940605,5/23/2016 14:40,14:40,12,0,0,COLORADO BOULEVARD NORTH & EIGHTH AVENUE EAST,1,1,0,0,1,4,,0,35,0,0,0,0,0,2,3,14
,2016_48599,39.733087,-104.940604,9/4/2016 11:35,11:35,12,0,0,11TH AVENUE EAST & COLORADO BOULEVARD NORTH,1,1,0,0,1,4,,0,35,0,0,0,0,0,2,2,13
,2016_48600,39.7433,-104.9406,11/16/2016 19:25,19:25,12,0,0,17TH AVENUE PARKWAY EAST  & COLORADO BOULEVARD NORTH,1,3,0,0,1,3,,0,35,0,0,0,0,1,2,2,14
,2016_48601,39.701432,-104.993475,7/22/2016 7:40,7:40,5,0,0,SANTE FE DRIVE & IOWA AVENUE WEST,1,1,0,0,2,3,,0,45,0,0,0,0,0,2,1,14
,2016_48602,39.744905,-104.9406,8/12/2016 16:29,16:29,12,0,0,COLORADO BOULEVARD NORTH & 18TH AVENUE EAST,1,1,0,0,1,4,,0,35,0,0,0,0,0,2,2,14
,2016_48603,39.754511,-104.940546,2/21/2016 10:55,10:55,1,0,0,COLORADO BOULEVARD NORTH & 26TH AVENUE EAST,1,1,0,0,1,1,,0,30,0,0,0,0,0,2,2,13
,2016_48604,39.756397,-104.940533,7/11/2016 13:43,13:43,3,0,0,COLORADO BOULEVARD NORTH & 28TH AVENUE EAST,1,1,0,0,1,1,,0,25,0,0,0,0,0,2,2,14
,2016_48606,39.761624,-104.940512,5/29/2016 14:31,14:31,12,0,0,COLORADO BOULEVARD & 3100 BLOCK NORTH,1,1,0,0,1,3,,0,35,0,0,0,0,0,2,2,13
,2016_48607,39.765544,-104.940497,9/15/2016 8:05,8:05,1,0,0,COLORADO BOULEVARD NORTH & 35TH AVENUE EAST,1,1,0,0,1,1,,0,35,0,0,0,0,0,2,2,7
,2016_48608,39.77302,-104.940511,12/8/2016 8:00,8:00,1,0,0,COLORADO BOULEVARD NORTH & 40TH AVENUE EAST,1,1,0,0,1,1,,0,40,0,0,0,0,0,2,2,7
,2016_48609,39.781384,-104.940487,9/12/2016 17:03,17:03,10,0,0,COLORADO BOULEVARD NORTH & I70 WB EXIT RAMP,1,1,0,0,1,1,,0,30,0,0,0,0,0,2,2,6
,2016_48610,39.784135,-104.94045,10/21/2016 14:09,14:09,10,0,0,COLORADO BOULEVARD NORTH & 48TH AVENUE EAST,1,1,0,0,1,1,,0,30,0,0,0,0,0,2,2,13
,2016_48631,39.725652,-105.053207,9/6/2016 15:00,15:00,12,0,0,SIXTH AVENUE WEST WB OFF RAMP & SHERIDAN BOULEVARD NORTH,1,1,0,0,1,14,,0,35,0,0,0,0,1,2,3,13
,2016_48632,39.725529,-105.038433,11/8/2016 17:12,17:12,12,0,0,SIXTH AVENUE WEST & PERRY STREET NORTH,1,1,1,0,1,4,,0,55,0,0,0,0,0,2,2,13
,2016_48633,39.725537,-105.036199,5/27/2016 11:44,11:44,15,0,0,SIXTH AVENUE WEST WB & MEADE STREET NORTH,1,1,1,0,1,4,,0,55,0,0,0,0,0,2,2,7
,2016_48634,39.725421,-105.0285,12/29/2016 11:30,11:30,15,0,1,SIXTH AVENUE & FEDERAL BOULEVARD NORTH,1,1,1,0,1,4,,0,45,0,0,0,0,2,2,2,13
,2016_48635,39.725194,-105.018429,10/26/2016 17:45,17:45,12,0,0,SIXTH AVENUE WEST & BRYANT STREET NORTH,1,3,0,0,1,4,,0,45,0,0,0,0,1,2,2,7
,2016_48636,39.779447,-104.949726,10/25/2016 8:52,8:52,1,0,0,46TH AVENUE EAST & STEELE STREET NORTH,1,1,0,0,1,1,,0,30,0,0,0,0,0,2,2,13
,2016_48708,39.661071,-104.921837,10/20/2016 7:29,7:29,12,0,0,I25 NORTHBOUND & YALE AVENUE EAST,1,1,0,0,1,4,,0,65,0,0,0,0,0,1,2,2
,2016_48709,39.65831,-104.920586,4/5/2016 14:12,14:12,12,0,0,I25 & EAST HAMPDEN AVENUE,1,1,1,0,1,4,,0,60,0,0,0,0,0,1,2,3
,2016_48710,39.628541,-104.9042,1/22/2016 6:45,6:45,12,0,0,I25 HIGHWAY NORTHBOUND & UNION AVENUE EAST,1,2,0,0,1,4,,0,65,0,0,0,0,0,1,5,7
,2016_48711,39.628541,-104.9042,10/17/2016 5:50,5:50,12,0,0,I25 NORTHBOUND & UNION AVENUE EAST,1,1,0,0,1,4,,0,65,0,0,0,0,0,1,2,13
,2016_48712,39.630184,-104.905073,9/29/2016 17:10,17:10,12,0,0,I25 & I225 NORTHBOUND DIRECT CONNECT,1,1,0,0,1,4,,0,65,0,0,0,0,0,1,2,3
,2016_48713,39.632192,-104.905941,11/7/2016 8:37,8:37,5,0,0,I25 SOUTHBOUND OFF RAMP & BELLEVIEW AVENUE,1,5,0,0,3,14,,0,25,0,0,0,0,0,1,1,1
,2016_48714,39.633614,-104.90654,1/15/2016 17:47,17:47,12,0,0,I25  & I225 HIGHWAY NORTHBOUND,1,3,0,0,1,4,,0,55,0,0,0,0,0,1,2,13
,2016_48715,39.633932,-104.906689,11/3/2016 18:15,18:15,5,0,0,I25 & I225 NB/EB FLYOVER,1,2,0,0,2,4,,0,65,0,0,0,0,0,1,2,1
,2016_48716,39.637776,-104.909302,9/20/2016 9:30,9:30,12,0,0,I25 & I225 SOUTHBOUND OFF RAMP GORE POINT,1,1,0,0,1,4,,0,65,0,0,0,0,0,1,2,13
,2016_48717,39.638439,-104.909736,7/20/2016 16:27,16:27,12,0,0,I25 & MM 200.44,1,1,1,0,1,4,,0,45,0,0,0,0,0,1,2,13
,2016_48718,39.639269,-104.910279,3/25/2016 9:29,9:29,15,0,0,I25 & I225 SOUTHBOUND EXIT GORE POINT,1,1,1,0,1,4,,0,65,0,0,0,0,1,1,3,13
,2016_48719,39.640374,-104.910949,8/17/2016 14:20,14:20,12,0,0,I25 & QUINCY AVENUE EAST,1,1,1,0,1,4,,0,60,0,0,0,0,0,1,2,3
,2016_48720,39.64994,-104.9165,5/23/2016 17:34,17:34,12,0,0,I25 & HAMPDEN AVENUE EAST,1,1,0,0,1,4,,0,65,0,0,0,0,0,1,2,3
,2016_48721,39.65313,-104.918259,7/29/2016 17:44,17:44,12,0,0,I25 NORTHBOUND & HAMPDEN AVENUE EAST,1,1,0,0,1,4,,0,55,0,0,0,0,0,1,2,13
,2016_48722,39.656552,-104.919807,1/6/2016 22:19,22:19,12,0,0,I25 & HAMPDEN AVENUE EAST,1,3,1,0,1,4,,0,65,0,0,0,0,1,1,2,13
,2016_48723,39.751295,-105.016566,2/16/2016 15:38,15:38,12,0,0,I25 & 23RD AVENUE WEST,1,1,0,0,1,4,,0,55,0,0,0,0,0,1,2,13
,2016_48724,39.664683,-104.923563,8/3/2016 12:54,12:54,12,0,0,I25 & YALE AVENUE EAST,1,1,0,0,1,4,,0,65,0,0,0,0,0,1,2,3
,2016_48725,39.667623,-104.925611,1/6/2016 17:01,17:01,12,0,0,I25 SOUTHBOUND & YALE AVENUE EAST,1,3,1,0,1,4,,0,65,0,0,0,0,1,1,4,3
,2016_48726,39.667623,-104.925611,11/21/2016 16:00,16:00,12,0,0,I25 SOUTHBOUND & YALE AVENUE EAST INTERCHANGE,1,5,1,0,1,4,,0,65,0,0,0,0,1,1,2,13
,2016_48727,39.667623,-104.925611,8/8/2016 16:12,16:12,12,0,0,YALE AVENUE 5300 BLOCK EAST & I25 SOUTHBOUND RAMP,1,1,0,0,1,1,,0,35,0,0,0,0,0,1,2,3
,2016_48728,39.678367,-104.933559,7/24/2016 6:20,6:20,12,0,0,I25 NORTHBOUND & EVANS AVENUE EAST,1,1,0,0,1,4,,0,65,0,0,0,0,0,1,2,2
,2016_48729,39.678804,-104.93394,3/4/2016 8:06,8:06,15,0,0,I25 NORTHBOUND ON RAMP & EVANS AVENUE EAST,1,1,0,0,1,14,,0,45,0,0,0,0,0,1,2,14
,2016_48730,39.679559,-104.934603,12/27/2016 8:25,8:25,12,0,0,I25 NORTHBOUND ON RAMP METER LIGHT & EVANS AVENUE EAST,1,1,0,0,1,14,,0,50,0,0,0,0,0,1,2,3
,2016_48731,39.681566,-104.936821,5/21/2016 19:23,19:23,5,0,0,I25 & COLORADO BOULEVARD SOUTH,1,1,1,0,2,4,,0,60,0,0,0,0,0,1,2,13
,2016_48732,39.6849,-104.953384,8/5/2016 8:12,8:12,15,0,0,I25 SOUTHBOUND RAMP END & UNIVERSITY BOULEVARD SOUTH,1,1,0,0,1,4,,0,60,0,0,0,0,0,1,2,1
,2016_48733,39.684915,-104.957653,11/8/2016 6:30,6:30,12,0,0,I25 & UNIVERSITY BOULEVARD,1,1,1,0,1,4,,0,60,0,0,0,0,0,1,2,13
,2016_48735,39.684921,-104.959137,4/21/2016 15:20,15:20,12,0,0,I25 NORTHBOUND OFF RAMP & UNIVERSITY BOULEVARD SOUTH,1,1,0,0,1,14,,0,30,0,0,0,0,0,1,2,12
,2016_48736,39.768124,-104.99459,8/14/2016 2:20,2:20,5,0,0,I25 NORTHBOUND RAMP ON & PARK AVENUE WEST INTCH,1,3,0,0,2,14,,0,,0,0,0,0,0,1,1,13
,2016_48738,39.684921,-104.959322,7/21/2016 8:05,8:05,12,0,0,I25 SOUTHBOUND & UNIVERSITY BOULEVARD SOUTH INTERCHANGE,1,1,0,0,1,4,,0,60,0,0,0,0,0,1,2,13
,2016_48739,39.68492,-104.959509,4/20/2016 17:00,17:00,12,0,0,I25 & UNIVERSITY BOULEVARD SOUTH,1,1,1,0,1,4,,0,65,0,0,0,0,0,1,2,3
,2016_48740,39.685463,-104.963908,8/16/2016 10:42,10:42,15,0,1,I25 & UNIVERSITY BOULEVARD,1,1,0,0,1,4,,0,60,0,0,0,0,2,1,2,1
,2016_48741,39.686073,-104.965325,9/20/2016 14:15,14:15,15,0,0,I25 & MM 205.4,1,1,1,0,1,4,,0,60,0,0,0,0,0,1,2,10
,2016_48742,39.689793,-104.972919,3/10/2016 15:05,15:05,12,0,0,I25 & DOWNING STREET SOUTH,1,1,0,0,1,4,,0,50,0,0,0,0,0,1,2,13
,2016_48743,39.690115,-104.973561,7/25/2016 7:22,7:22,12,0,0,I25 SOUTHBOUND & DOWNING STREET SOUTH,1,1,0,0,1,4,,0,50,0,0,0,0,0,1,2,3
,2016_48744,39.69219,-104.976782,1/25/2016 8:33,8:33,12,0,0,I25 & EMERSON STREET SOUTH,1,1,0,0,1,4,,0,60,0,0,0,0,0,1,2,7
,2016_48745,39.694456,-104.979276,10/5/2016 8:32,8:32,12,0,0,I25 & WASHINGTON STREET SOUTH,1,1,0,0,1,4,,0,60,0,0,0,0,0,1,2,3
,2016_48746,39.701466,-104.987451,7/11/2016 14:00,14:00,12,0,0,I25 SOUTHBOUND OFF RAMP & BROADWAY SOUTH,1,1,1,0,1,1,,0,45,0,0,0,0,0,1,2,13
,2016_48747,39.711525,-104.999094,10/30/2016 10:53,10:53,15,0,0,I25 & ALAMEDA AVENUE,1,1,0,0,1,4,,0,55,0,0,0,0,0,1,2,13
,2016_48748,39.713455,-105.000248,4/4/2016 8:45,8:45,12,0,0,I25 & ALAMEDA AVENUE WEST,1,1,1,0,1,4,,0,55,0,0,0,0,0,1,2,14
,2016_48749,39.714925,-105.00119,1/23/2016 2:57,2:57,6,0,0,I25 HIGHWAY SOUTHBOUND  & ALAMEDA AVENUE WEST,1,3,0,0,3,4,,0,55,0,0,0,0,0,1,2,13
,2016_48750,39.715058,-105.001276,1/12/2016 15:15,15:15,12,0,0,I25 & MM 208.25,1,1,0,0,1,4,,0,55,0,0,0,0,1,1,2,14
,2016_48751,39.717811,-105.004406,11/17/2016 20:42,20:42,15,0,0,I25 NORTHBOUND & MM 208.50,5,3,0,0,1,4,,0,55,0,0,0,0,0,1,2,13
,2016_48752,39.720473,-105.00757,8/11/2016 14:15,14:15,12,0,0,I25 & MM 208.75,1,1,0,0,1,4,,0,55,0,0,0,0,1,1,3,14
,2016_48753,39.72244,-105.009858,1/26/2016 9:26,9:26,12,0,0,I25 & SIXTH AVENUE INTERCHANGE,1,1,0,0,1,4,,0,55,0,0,0,0,0,1,2,1
,2016_48754,39.72244,-105.009858,7/10/2016 13:34,13:34,12,0,0,I25 & SIXTH AVENUE INTERCHANGE,1,1,0,0,1,4,,0,55,0,0,0,0,0,1,2,3
,2016_48755,39.72244,-105.009858,12/9/2016 6:35,6:35,12,0,0,I25 & SIXTH AVENUE INTERCHANGE,5,2,1,0,1,4,,0,55,0,0,0,0,0,1,2,13
,2016_48756,39.722612,-105.0101,10/1/2016 9:14,9:14,12,0,0,I25 & SIXTH AVENUE WEST NORTHBOUND EXIT GORE POINT,1,1,1,0,1,4,,0,65,0,0,0,0,0,1,3,13
,2016_48757,39.729265,-105.014796,11/23/2016 17:29,17:29,12,0,0,I25 & EIGHTH AVENUE WEST INTERCHANGE,1,1,0,0,1,4,,0,55,0,0,0,0,0,1,2,13
,2016_48758,39.740059,-105.013916,6/2/2016 19:09,19:09,12,0,0,I25 & COLFAX AVENUE WEST,1,1,0,0,1,4,,0,55,0,0,0,0,0,1,2,14
,2016_48759,39.740257,-105.013939,3/29/2016 13:50,13:50,15,0,0,I25 & COLFAX AVENUE WEST,1,1,0,0,1,4,,0,55,0,0,0,0,0,1,2,13
,2016_48760,39.740257,-105.013939,4/6/2016 13:15,13:15,12,0,0,I25 SOUTHBOUND & COLFAX AVENUE WEST,1,1,0,0,1,4,,0,55,0,0,0,0,1,1,2,13
,2016_48761,39.740257,-105.013939,9/9/2016 16:57,16:57,12,0,0,I25 & COLFAX AVENUE,1,1,0,0,1,4,,0,55,0,0,0,0,0,1,2,13
,2016_48763,39.740257,-105.013939,12/21/2016 16:45,16:45,12,0,0,I25 & COLFAX AVENUE WEST,1,1,0,0,1,4,,0,55,0,0,0,0,0,1,2,13
,2016_48765,39.743372,-105.015987,7/6/2016 23:24,23:24,12,0,1,I25 NORTHBOUND  & 17TH AVENUE WEST,1,3,0,0,1,4,,0,55,0,0,0,1,2,1,2,5
,2016_48766,39.749848,-105.017195,8/12/2016 7:10,7:10,12,0,0,I25 & 23RD AVENUE WEST,1,1,0,0,1,4,,0,55,0,0,0,0,0,1,2,13
,2016_48767,39.750728,-105.016824,4/14/2016 7:00,7:00,15,0,0,I25 & 20TH STREET,1,1,0,0,1,14,,0,55,0,0,0,0,0,1,2,14
,2016_48768,39.751295,-105.016566,1/21/2016 19:24,19:24,12,0,0,I25 & 23RD AVENUE WEST,1,3,1,0,1,4,,0,55,0,0,0,0,1,1,3,13
,2016_48769,39.751425,-105.016494,7/6/2016 8:25,8:25,12,0,0,I25 NORTHBOUND OFF RAMP & TO WATER STREET,1,1,0,0,1,14,,0,30,0,0,0,0,0,1,2,1
,2016_48770,39.752558,-105.015774,9/19/2016 15:33,15:33,12,0,0,I25 & SPEER BOULEVARD NORTH,1,1,0,0,1,4,,0,55,0,0,0,0,0,1,2,13
,2016_48771,39.755118,-105.012754,4/9/2016 17:25,17:25,12,0,0,I25 & SPEER BOULEVARD NORTH,2,1,0,1,1,4,,0,55,0,0,0,0,0,1,3,13
,2016_48772,39.755118,-105.012754,8/7/2016 13:38,13:38,12,0,0,I25 NORTHBOUND & SPEER BOULEVARD NORTH,1,1,0,0,1,4,,0,55,0,0,0,0,0,1,2,13
,2016_48773,39.755118,-105.012754,8/9/2016 15:22,15:22,12,0,0,I25 & SPEER BOULEVARD,1,1,0,0,1,4,,0,55,0,0,0,0,0,1,3,13
,2016_48774,39.755118,-105.012754,6/13/2016 19:11,19:11,12,0,0,SPEER BOULEVARD NORTH & I25 NORTHBOUND RAMPS,2,2,0,1,1,4,,0,35,0,0,0,0,1,1,2,7
,2016_48775,39.757155,-105.0099,2/9/2016 11:00,11:00,12,0,0,I25 & 15TH STREET,1,1,0,0,1,4,,0,55,0,0,0,0,0,1,2,13
,2016_48777,39.757155,-105.0099,5/28/2016 12:48,12:48,12,0,0,I25 & 15TH STREET,1,1,0,0,1,4,,0,55,0,0,0,0,0,1,2,12
,2016_48778,39.757155,-105.0099,12/18/2016 1:15,1:15,5,0,0,I25 NORTHBOUND RAMP ON & 15TH STREET,5,3,1,2,2,14,,0,55,0,0,0,0,0,1,2,1
,2016_48779,39.760997,-105.004271,1/14/2016 16:22,16:22,12,0,1,I25 NORTHBOUND & 20TH STREET,1,2,1,0,1,4,,0,55,0,0,0,0,2,1,3,13
,2016_48780,39.760997,-105.004271,3/15/2016 17:42,17:42,15,0,0,I25 & 20TH STREET,1,1,0,0,1,4,,0,55,0,0,0,0,0,1,2,13
,2016_48781,39.760997,-105.004271,6/1/2016 6:50,6:50,12,0,0,I25 & 20TH STREET,1,1,0,0,1,4,,0,55,0,0,0,0,0,1,2,13
,2016_48782,39.768049,-104.994761,4/14/2016 6:57,6:57,12,0,0,I25 & PARK AVENUE WEST,1,1,0,0,1,4,,0,55,0,0,0,0,0,1,3,13
,2016_48783,39.768049,-104.994761,8/3/2016 16:25,16:25,12,0,0,I25 NORTHBOUND & PARK AVENUE WEST,1,1,0,0,1,4,,0,55,0,0,0,0,0,1,2,3
,2016_48784,39.779391,-104.989164,5/11/2016 8:23,8:23,12,0,0,I25 UNDER THE & I70,1,1,0,0,1,4,,0,55,0,0,0,0,1,1,2,14
,2016_48785,39.786591,-104.989129,10/25/2016 17:16,17:16,5,0,0,I25 SOUTHBOUND RAMP OFF & GORE POINT TO I70,2,2,0,0,3,14,,0,55,0,0,0,0,0,1,1,8
,2016_48786,39.789249,-104.988855,11/10/2016 17:53,17:53,12,0,0,I25 & 51ST AVENUE,1,2,1,0,1,4,,0,55,0,0,0,0,0,1,3,13
,2016_48833,39.711126,-105.032675,2/12/2016 14:30,14:30,12,0,0,ALAMEDA AVENUE WEST & KNOX COURT SOUTH,1,1,0,0,1,4,,0,35,0,0,0,0,1,2,2,3
,2016_48834,39.711094,-105.029925,2/24/2016 15:20,15:20,12,0,0,ALAMEDA AVENUE WEST & IRVING STREET SOUTH,1,1,0,0,1,1,,0,35,0,0,0,0,0,2,4,7
,2016_48835,39.711145,-105.020354,2/7/2016 22:40,22:40,3,0,0,ALAMEDA AVENUE WEST & CLAY STREET SOUTH,1,3,0,1,1,1,,0,35,0,0,0,0,0,2,2,13
,2016_48836,39.711184,-105.00136,2/29/2016 19:19,19:19,12,0,0,ALAMEDA AVENUE WEST & LIPAN STREET SOUTH,1,3,0,0,1,4,,0,35,0,0,0,0,1,2,3,10
,2016_48837,39.711186,-105.000445,9/8/2016 8:00,8:00,12,0,0,ALAMEDA AVENUE WEST & PLATTE RIVER DRIVE SOUTH,1,1,0,0,1,4,,0,35,0,0,0,0,0,2,2,3
,2016_48838,39.653088,-104.915178,10/20/2016 8:25,8:25,15,0,0,LOCUST STREET SOUTH & HAMPDEN AVENUE EAST,1,1,0,0,1,3,,0,25,0,0,0,0,0,2,3,1
,2016_48839,39.653087,-104.914455,5/25/2016 13:36,13:36,15,0,0,HAMPDEN AVENUE & LOCUST STREET SOUTH,1,1,1,0,1,2,,0,35,0,0,0,0,0,2,2,13
,2016_48840,39.653084,-104.91283,4/15/2016 14:25,14:25,15,0,0,HAMPDEN AVENUE 6700 BLOCK EAST & MONACO PARKWAY SOUTH,1,1,0,0,1,4,,0,45,0,0,0,0,0,2,2,13
,2016_48841,39.653084,-104.91283,9/14/2016 12:55,12:55,12,0,0,HAMPDEN AVENUE EAST & MONACO STREET SOUTH,1,1,0,0,1,1,,0,35,0,0,0,0,0,2,2,13
,2016_48842,39.653083,-104.912468,11/21/2016 8:05,8:05,15,0,0,HAMPDEN AVENUE 6500 BLOCK EAST & MONACO STREET SOUTH,1,1,0,0,1,3,,0,10,0,0,0,0,0,2,2,13
,2016_48843,39.653079,-104.893989,12/22/2016 19:12,19:12,1,0,0,HAMPDEN AVENUE EAST & ULSTER STREET SOUTH,1,3,0,0,1,1,,0,45,0,0,0,0,0,2,3,7
,2016_48844,39.653081,-104.888248,1/8/2016 14:47,14:47,12,0,0,HAMPDEN AVENUE 8500 BLOCK EAST & WILLOW STREET SOUTH,11,1,0,0,1,4,,0,35,0,0,0,0,0,2,2,14
,2016_48845,39.65305,-104.884342,8/18/2016 13:57,13:57,3,0,0,HAMPDEN AVENUE EAST & YOSEMITE STREET SOUTH,1,1,1,0,1,1,,0,45,0,0,0,0,0,2,2,14
,2016_48846,39.653024,-104.880398,10/6/2016 10:15,10:15,15,0,0,HIGHWAY 30A / HAMPDEN AVENUE & AKRON STREET SOUTH,2,1,0,2,1,4,,0,,0,0,0,0,0,2,2,13
,2016_48847,39.65302,-104.875942,10/25/2016 7:21,7:21,12,0,0,HAMPDEN AVENUE EAST & DAYTON STREET SOUTH,1,2,0,0,1,4,,0,45,0,0,0,0,0,2,2,1
,2016_48848,39.669477,-104.866088,8/3/2016 18:45,18:45,12,0,0,HAVANA STREET & PARKER ROAD,2,1,0,1,1,3,,0,35,0,0,0,0,0,2,2,13
,2016_48849,39.719664,-104.940609,10/30/2016 0:30,0:30,5,0,0,COLORADO BOULEVARD NORTH & FIRST AVENUE EAST,1,3,2,0,2,3,,0,35,0,0,0,0,0,2,1,13
,2016_48875,39.783139,-104.900572,10/22/2016 18:30,18:30,1,0,0,QUEBEC STREET & I270,1,3,1,0,1,4,,0,40,0,0,0,0,0,2,2,13
,2016_48876,39.740076,-105.005215,9/2/2016 7:45,7:45,1,0,0,COLFAX WEST & OSAGE STREET,1,1,0,0,1,1,,0,35,0,0,0,0,0,2,2,14
,2016_48877,39.785531,-104.899639,4/4/2016 7:45,7:45,15,0,0,NORTHFIELD BOULEVARD EAST & QUEBEC STREET NORTH,1,1,1,0,1,1,,0,25,0,0,0,0,0,2,2,13
,2016_48898,39.684782,-104.948269,12/12/2016 11:36,11:36,5,0,0,I25 & STEELE STREET,1,1,1,0,2,4,,0,60,0,0,0,0,0,1,1,10
,2016_48926,39.65315,-105.053139,11/17/2016 23:55,23:55,5,0,0,HAMPDEN AVENUE WEST & SHERIDAN BOULEVARD SOUTH INTERCHANGE,4,4,0,2,1,4,,0,50,0,0,0,0,1,2,1,14
,2016_48941,39.740345,-105.015536,2/4/2016 7:55,7:55,12,0,0,COLFAX AVENUE WEST & I25 SOUTHBOUND OFF RAMP,8,1,0,0,1,4,,0,30,0,0,0,0,0,2,2,13
,2016_48942,39.740345,-105.015536,11/29/2016 15:37,15:37,3,0,0,COLFAX AVENUE WEST & I25 SOUTHBOUND RAMP OFF,1,1,1,0,1,1,,0,40,0,0,0,0,0,2,2,13
,2016_48943,39.740304,-105.013563,5/8/2016 3:12,3:12,12,0,0,COLFAX AVENUE WEST & I25,1,3,0,0,1,1,,0,45,0,0,0,0,1,2,2,13
,2016_48944,39.740275,-105.012183,12/19/2016 13:24,13:24,15,0,0,I25 NORTHBOUND OFF SLIP RAMP & COLFAX AVENUE,2,1,1,0,1,1,,0,35,0,0,0,0,0,2,2,13
,2016_48945,39.740198,-105.008436,2/27/2016 21:50,21:50,12,0,0,COLFAX AVENUE WEST & ROAD NORTHWEST AND SOUTHEAST,1,3,1,0,1,4,,0,30,0,0,0,0,0,2,2,13
,2016_48946,39.740076,-105.005215,3/28/2016 9:03,9:03,12,0,0,COLFAX AVENUE WEST & OSAGE STREET NORTH,1,1,0,0,1,1,,0,35,0,0,0,0,0,2,2,14
,2016_48948,39.740038,-105.001446,12/6/2016 17:00,17:00,12,0,0,COLFAX AVENUE WEST & LIPAN STREET NORTH,1,3,1,0,1,4,,0,35,0,0,0,0,0,2,2,13
,2016_48949,39.740048,-105.000126,10/25/2016 7:34,7:34,12,0,0,COLFAX AVENUE WEST & KALAMATH STREET NORTH,1,1,1,0,1,4,,0,30,0,0,0,0,1,2,2,13
,2016_48950,39.740048,-104.999933,11/27/2016 18:32,18:32,12,0,0,COLFAX AVENUE WEST & KALAMATH STREET NORTH,1,3,0,0,1,1,,0,30,0,0,0,0,0,2,2,13
,2016_48951,39.740045,-104.99931,11/17/2016 14:25,14:25,12,0,0,COLFAX AVENUE WEST & 1000 BLOCK WEST,2,1,1,2,1,4,,0,30,0,0,0,0,0,2,2,13
,2016_48952,39.740038,-104.997854,8/26/2016 18:20,18:20,15,0,0,COLFAX AVENUE WEST & SPEER BOULEVARD NORTH,1,1,0,0,1,1,,0,35,0,0,0,0,0,2,2,13
,2016_48953,39.740049,-104.986167,3/21/2016 15:35,15:35,12,0,0,COLFAX AVENUE EAST & LINCOLN STREET NORTH,1,1,0,0,1,1,,0,30,0,0,0,1,0,2,2,3
,2016_48954,39.740042,-104.983915,7/21/2016 11:07,11:07,15,0,0,COLFAX AVENUE EAST & GRANT STREET NORTH,1,1,0,0,1,4,,0,35,0,0,0,0,0,2,2,14
,2016_48955,39.74,-104.977544,12/29/2016 18:55,18:55,1,0,0,COLFAX AVENUE EAST & CLARKSON STREET NORTH,1,3,0,0,1,1,,0,30,0,0,0,0,0,2,2,13
,2016_48956,39.740007,-104.973426,7/14/2016 15:00,15:00,15,0,0,COLFAX AVENUE EAST & DOWNING STREET NORTH,1,1,0,0,1,1,,0,25,0,0,0,0,0,2,2,13