id,drcog_id,latitude,longitude,crashtime,time,crashtype,numbkilled,numbinjurd,drcoglocat,rdconditin,lightngcon,roadcntgrd,weatherco,location,roaddescrp,schoolzone,constrzone,splimit,bikeinv,pedinv,sctrinv,motoinv,svrty,rdsystem,ttlvehcls,hcf
,2016_48957,39.740007,-104.973426,8/16/2016 20:00,20:00,12,0,0,COLFAX AVENUE & DOWNING STREET NORTH ROAD SOUTH,2,3,0,1,1,3,,0,30,0,0,0,0,0,2,2,13
,2016_48958,39.739983,-104.959859,4/27/2016 20:31,20:31,12,0,0,COLFAX AVENUE EAST & YORK STREET NORTH,1,3,0,0,1,3,,0,30,0,0,0,0,1,2,2,13
,2016_48959,39.739983,-104.959859,8/10/2016 7:45,7:45,12,0,0,YORK STREET NORTH & COLFAX AVENUE EAST,1,1,0,0,1,3,,0,30,0,0,0,0,0,2,2,12
,2016_48960,39.740177,-104.955011,12/5/2016 7:20,7:20,3,0,0,COLFAX AVENUE EAST & CLAYTON STREET NORTH,1,1,0,0,1,3,,0,60,0,0,0,0,0,2,2,13
,2016_48962,39.740157,-104.948801,9/3/2016 12:42,12:42,12,0,0,COLFAX AVENUE EAST & ADAMS STREET NORTH ROAD NORTH,1,1,0,0,1,1,,0,30,0,0,0,0,0,2,3,13
,2016_48963,39.740153,-104.947672,11/23/2016 19:32,19:32,12,0,0,COLFAX AVENUE EAST & COOK STREET NORTH,1,3,0,0,1,4,,0,30,0,0,0,0,0,2,2,13
,2016_48964,39.740062,-104.94057,11/30/2016 17:41,17:41,12,0,0,COLFAX AVENUE EAST & COLORADO BOULEVARD NORTH,1,3,0,0,1,3,,0,30,0,0,0,0,0,2,2,13
,2016_48965,39.740061,-104.939436,4/12/2016 14:05,14:05,10,0,0,COLFAX AVENUE EAST & ALBION STREET NORTH,1,1,0,0,1,1,,0,35,0,0,0,0,0,2,2,14
,2016_48966,39.740078,-104.925521,8/1/2016 17:00,17:00,6,0,0,COLFAX AVENUE EAST & GLENCOE STREET,1,1,0,0,1,4,,0,35,0,0,0,0,0,2,2,13
,2016_48967,39.740079,-104.923453,5/30/2016 9:20,9:20,1,0,0,COLFAX AVENUE EAST & HUDSON STREET NORTH,1,1,0,0,1,1,,0,35,0,0,0,0,1,2,3,7
,2016_48968,39.740079,-104.923453,9/6/2016 9:20,9:20,12,0,0,COLFAX AVENUE EAST & HUDSON STREET NORTH ROAD SOUTH,1,1,0,0,1,4,,0,35,0,0,0,0,1,2,2,13
,2016_48969,39.740084,-104.903536,9/15/2016 22:42,22:42,10,0,0,COLFAX AVENUE EAST & QUEBEC STREET NORTH,1,3,0,0,1,1,,0,35,0,0,0,0,0,2,2,7
,2016_49021,39.783357,-105.034655,5/3/2016 16:16,16:16,15,0,0,I70 WB & LOWELL BOULEVARD NORTH,1,1,0,0,1,4,,0,55,0,0,0,0,0,1,2,7
,2016_49022,39.783357,-105.034655,12/13/2016 8:40,8:40,12,0,0,I70 WB OFF RAMP & LOWELL BOULEVARD,1,1,0,0,1,1,,0,30,0,0,0,0,0,1,2,14
,2016_49023,39.783337,-105.034288,11/5/2016 8:27,8:27,12,0,0,I70 WB & LOWELL BOULEVARD NORTH,1,1,0,0,1,4,,0,55,0,0,0,0,0,1,2,7
,2016_49024,39.784178,-105.025956,5/10/2016 15:56,15:56,12,0,0,I70 EASTBOUND OFF RAMP & FEDERAL BOULEVARD,1,1,0,0,1,14,,0,25,0,0,0,0,0,1,3,1
,2016_49025,39.783157,-105.006163,2/24/2016 11:10,11:10,12,0,0,I70 WB OFF RAMP & PECOS STREET NORTH,1,1,0,0,1,14,,0,,0,0,0,0,0,1,2,13
,2016_49026,39.780749,-104.992534,6/28/2016 7:22,7:22,12,0,0,I70 HIGHWAY & I25 HIGHWAY SOUTHBOUND,1,1,0,0,1,4,,0,55,0,0,0,0,0,1,2,1
,2016_49027,39.780058,-104.9894,5/20/2016 6:42,6:42,12,0,0,I70 & I25,1,1,0,0,1,4,,0,55,0,0,0,0,1,1,3,13
,2016_49028,39.780058,-104.9894,6/22/2016 8:42,8:42,15,0,0,I70 HIGHWAY EASTBOUND  & I25 HIGHWAY INTERCHANGE,1,1,0,0,1,4,,0,55,0,0,0,0,0,1,2,7
,2016_49029,39.780016,-104.953383,4/19/2016 9:29,9:29,12,0,0,I70 & VASQUEZ BOULEVARD,1,1,0,0,1,4,,0,55,0,0,0,0,0,1,2,3
,2016_49030,39.780015,-104.952612,11/2/2016 7:20,7:20,12,0,0,I70 & STEELE STREET APPROXIMATELY,1,1,0,0,1,4,,0,55,0,0,0,0,0,1,2,14
,2016_49031,39.777018,-104.881632,1/21/2016 5:50,5:50,15,0,0,I70  & I270 WB DIRECT CONNECT RAMP OFF,1,4,0,0,1,4,,0,55,0,0,0,0,0,1,2,13
,2016_49032,39.779706,-104.982576,7/8/2016 8:50,8:50,12,0,0,I70 EASTBOUND RAMP CONNECTOR FROM I25 & WASHINGTON STREET,1,1,0,0,1,14,,0,55,0,0,0,0,1,1,3,1
,2016_49033,39.779693,-104.982199,11/14/2016 6:32,6:32,12,0,0,I70 EASTBOUND OFF RAMP & WASHINGTON STREET,1,5,0,0,1,14,,0,55,0,0,0,0,0,1,2,3
,2016_49034,39.779441,-104.979019,11/4/2016 18:10,18:10,12,0,0,I70 & WASHINGTON STREET,1,3,0,0,1,4,,0,55,0,0,0,0,0,1,2,13
,2016_49035,39.779441,-104.979019,10/6/2016 15:36,15:36,3,0,0,WASHINGTON STREET NORTH & I70 WB RAMPS APPROXIMATELY,1,1,0,0,1,1,,0,35,0,0,0,0,0,1,2,13
,2016_49036,39.779944,-104.940603,8/31/2016 17:37,17:37,12,0,0,I70 & COLORADO BOULEVARD NORTH,1,1,0,0,1,4,,0,55,0,0,0,0,0,1,2,14
,2016_49037,39.779441,-104.979019,3/14/2016 9:29,9:29,3,0,0,WASHINGTON STREET 4600 BLOCK NORTH & I70 EASTBOUND OFF RAMP,1,1,0,0,1,1,,0,35,0,0,0,0,0,1,2,14
,2016_49038,39.779437,-104.977403,3/11/2016 6:57,6:57,12,0,0,I70 EASTBOUND ON RAMP & WASHINGTON STREET NORTH,1,1,0,0,1,14,,0,45,0,0,0,0,0,1,2,3
,2016_49039,39.779857,-104.974243,9/14/2016 16:51,16:51,12,0,0,I70 & WASHINGTON STREET NORTH APPROXIMATELY,1,1,0,0,1,4,,0,65,0,0,0,0,0,1,2,13
,2016_49040,39.779905,-104.96691,7/27/2016 8:22,8:22,12,0,0,I70 & BRIGHTON BOULEVARD,1,1,1,0,1,4,,0,55,0,0,0,0,0,1,2,13
,2016_49041,39.779942,-104.966087,8/6/2016 16:30,16:30,12,0,0,I70 & BRIGHTON BOULEVARD NORTH,1,1,0,0,1,4,,0,55,0,0,0,0,0,1,2,5
,2016_49042,39.78001,-104.964059,6/27/2016 4:27,4:27,12,0,0,I70 & BRIGHTON BOULEVARD EASTBOUND ON RAMP,1,3,0,0,1,4,,0,55,0,0,0,0,0,1,2,9
,2016_49043,39.780012,-104.961148,9/9/2016 11:00,11:00,15,0,0,I70 & BRIGHTON BOULEVARD,1,1,0,0,1,4,,0,55,0,0,0,0,0,1,2,13
,2016_49044,39.780013,-104.959595,9/27/2016 15:06,15:06,12,0,0,I70 & VASQUEZ BOULEVARD,1,1,0,0,1,4,,0,55,0,0,0,0,0,1,2,13
,2016_49045,39.780013,-104.959012,5/3/2016 20:55,20:55,3,0,0,46TH AVENUE EAST & JOSEPHINE STREET NORTH,1,3,0,0,1,1,,0,25,0,0,0,0,1,4,2,8
,2016_49046,39.780013,-104.959012,7/1/2016 7:00,7:00,3,0,0,46TH AVENUE EAST & JOSEPHINE STREET NORTH,1,1,0,0,1,1,,0,30,0,0,0,0,0,4,2,13
,2016_49047,39.780016,-104.953576,8/3/2016 15:55,15:55,12,0,0,I70 & VASQUEZ BOULEVARD,1,1,0,0,1,4,,0,55,0,0,0,0,0,1,3,13
,2016_49048,39.779972,-104.945389,5/19/2016 11:37,11:37,12,0,0,I70 WB & COLORADO BOULEVARD NORTH,1,1,1,0,1,4,,0,55,0,0,0,0,0,1,3,13
,2016_49049,39.779956,-104.942538,4/21/2016 18:03,18:03,12,0,0,I70 EASTBOUND & COLORADO BOULEVARD NORTH,1,1,0,0,1,4,,0,55,0,0,0,0,0,1,2,3
,2016_49050,39.779789,-104.930216,5/17/2016 19:53,19:53,5,0,0,I70 EASTBOUND & DAHLIA STREET NORTH,2,3,1,1,2,4,,0,55,0,0,0,0,0,1,1,14
,2016_49051,39.778341,-104.92238,12/16/2016 11:58,11:58,12,0,0,I70 & HOLLY STREET,1,1,0,0,1,4,,0,55,0,0,0,0,0,1,2,13
,2016_49052,39.778285,-104.917669,5/10/2016 18:00,18:00,12,0,0,I70 & KEARNEY STREET,2,1,0,1,1,4,,0,55,0,0,0,0,0,1,2,2
,2016_49054,39.778289,-104.912566,9/27/2016 13:30,13:30,15,0,0,I70 EASTBOUND & MONACO STREET,1,1,0,0,1,4,,0,,0,0,0,0,0,1,3,13
,2016_49055,39.778292,-104.908192,9/13/2016 18:12,18:12,12,0,0,I70 & ONEIDA STREET NORTH OFFSET REF,1,1,0,0,1,4,,0,55,0,0,0,0,0,1,2,14
,2016_49056,39.778295,-104.903454,10/13/2016 17:15,17:15,12,0,1,I70 & QUEBEC STREET NORTH,1,1,1,0,1,4,,0,55,0,0,0,0,2,1,2,3
,2016_49057,39.778296,-104.902543,5/24/2016 11:59,11:59,12,0,0,I70 RAMP OFF & QUEBEC STREET WEST,1,1,0,0,1,14,,0,25,0,0,0,0,0,1,2,13
,2016_49059,39.777243,-104.884085,5/29/2016 19:40,19:40,12,0,0,I70 WB & CENTRAL PARK BOULEVARD NORTH,1,2,0,0,1,4,,0,65,0,0,0,0,0,1,2,7
,2016_49060,39.777139,-104.882953,9/7/2016 10:49,10:49,15,0,0,I70 & CENTRAL PARK BOULEVARD,1,1,0,0,1,4,,0,55,0,0,0,0,0,1,2,13
,2016_49061,39.777139,-104.882953,10/27/2016 11:30,11:30,12,0,0,I70 & CENTRAL PARK BOULEVARD,1,1,0,0,1,4,,0,35,0,0,0,0,0,1,2,13
,2016_49062,39.776983,-104.881255,10/17/2016 15:36,15:36,12,0,0,I70  & CENTRAL PARK BOULEVARD,1,1,0,0,1,4,,0,55,0,0,0,0,0,1,2,13
,2016_49063,39.776319,-104.873784,6/30/2016 5:59,5:59,15,0,0,I70 & HAVANA STREET H,1,2,0,0,1,4,,0,55,0,0,0,0,0,1,2,14
,2016_49064,39.775732,-104.866943,8/27/2016 17:38,17:38,15,0,0,I70 WB & HAVANA STREET NORTH,1,1,0,0,1,4,,0,55,0,0,0,0,0,1,2,13
,2016_49065,39.775637,-104.865834,6/10/2016 14:34,14:34,12,0,0,I70 & HAVANA STREET NORTH,1,1,0,0,1,4,,0,55,0,0,0,0,0,1,2,13
,2016_49066,39.775637,-104.865834,12/16/2016 16:03,16:03,12,0,0,I70 & HAVANA STREET,1,2,0,0,1,4,,0,55,0,0,0,0,0,1,2,13
,2016_49067,39.775525,-104.86454,8/26/2016 16:33,16:33,12,0,0,I70 & HAVANA STREET NORTH,1,1,1,0,1,4,,0,55,0,0,0,0,0,1,3,13
,2016_49068,39.775509,-104.864356,12/27/2016 14:36,14:36,15,0,0,I70 & HAVANA STREET,1,1,0,0,1,4,,0,55,0,0,0,0,0,1,3,1
,2016_49069,39.775494,-104.864171,7/30/2016 10:30,10:30,5,0,0,I70 & HAVANA STREET,1,1,0,0,2,4,,0,55,0,0,0,0,0,1,1,1
,2016_49070,39.773999,-104.846793,7/19/2016 17:27,17:27,12,0,0,I70 & PEORIA STREET,1,1,0,0,1,4,,0,55,0,0,0,0,0,1,2,13
,2016_49071,39.773999,-104.846793,10/24/2016 17:12,17:12,12,0,0,I70 & PEORIA STREET,1,1,0,0,1,4,,0,55,0,0,0,0,0,1,2,13
,2016_49072,39.773999,-104.846793,5/10/2016 14:50,14:50,10,0,0,PEORIA STREET NORTH & I70 WB RAMP OFF,1,1,1,0,1,1,,0,55,0,0,0,0,0,1,2,3
,2016_49073,39.773999,-104.846793,5/16/2016 12:42,12:42,1,0,0,PEORIA STREET NORTH & I70 EASTBOUND RAMP ON,2,1,0,1,1,1,,0,35,0,0,0,0,0,1,2,7
,2016_49074,39.773999,-104.846793,5/26/2016 10:20,10:20,10,0,0,PEORIA STREET NORTH & I70 EASTBOUND RAMP OFF,1,1,0,0,1,1,,0,40,0,0,0,0,0,1,2,14
,2016_49075,39.773437,-104.835412,8/25/2016 17:16,17:16,12,0,1,I70 WB RAMP ON & PEORIA STREET NORTH,2,1,0,1,1,14,,0,55,0,0,0,0,2,1,2,1
,2016_49076,39.77255,-104.829971,11/15/2016 11:30,11:30,15,0,0,I70 & I225 WB FLYOVER RAMP,1,1,0,0,1,4,,0,55,0,0,0,0,0,1,2,1
,2016_49152,39.702954,-104.912867,12/7/2016 13:20,13:20,12,0,0,LEETSDALE DRIVE 6500 BLOCK & MONACO STREET SOUTH,4,1,1,2,1,3,,0,35,0,0,0,0,0,2,3,12
,2016_49153,39.7112,-104.936323,2/13/2016 14:15,14:15,12,0,0,ALAMEDA AVENUE EAST & LEETSDALE DRIVE,1,1,1,0,1,3,,0,30,0,0,0,0,0,2,2,13
,2016_49154,39.7112,-104.936323,12/6/2016 22:00,22:00,12,0,0,ALAMEDA AVENUE & LEETSDALE DRIVE,4,3,1,2,1,1,,0,35,0,0,0,0,1,2,2,7
,2016_49186,39.678999,-104.993154,1/19/2016 7:30,7:30,12,0,0,SANTA FE DRIVE SOUTH NORTHBOUND ON RAMP & EVANS AVENUE WEST,1,1,1,0,1,14,,0,45,0,0,0,0,0,2,3,13
,2016_49187,39.687439,-104.991942,3/30/2016 10:01,10:01,1,0,1,SANTA FE DRIVE SOUTH & IOWA AVENUE WEST,1,1,0,0,1,1,,0,45,0,0,0,0,2,2,2,1
,2016_49188,39.691177,-104.9923,1/18/2016 12:48,12:48,12,0,0,SANTA FE DRIVE SOUTH & ARKANSAS AVENUE WEST,1,1,0,0,1,4,,0,45,0,0,0,0,0,2,3,14
,2016_49189,39.696679,-104.991877,2/8/2016 16:20,16:20,12,0,1,PLATTE RIVER DRIVE SOUTH & MISSISSIPPI AVENUE WEST,1,1,0,0,1,3,,0,45,0,0,0,0,2,2,2,4
,2016_49190,39.696679,-104.991877,4/21/2016 16:17,16:17,10,0,0,MISSISSIPPI AVENUE WEST & SANTA FE DRIVE SOUTH,1,1,0,0,1,1,,0,35,0,0,0,0,0,2,2,13
,2016_49191,39.696679,-104.991877,5/4/2016 8:11,8:11,10,0,0,MISSISSIPPI AVENUE WEST & PLATTE RIVER DRIVE SOUTH,1,1,0,0,1,1,,0,30,0,0,0,0,0,2,2,13
,2016_49192,39.696679,-104.991877,10/22/2016 18:20,18:20,15,0,0,MISSISSIPPI AVENUE WEST & SANTA FE DRIVE SOUTH,1,2,0,0,1,1,,0,35,0,0,0,0,0,2,2,13
,2016_49193,39.702816,-104.994579,9/26/2016 8:11,8:11,15,0,0,SANTA FE DRIVE NORTH & EXPOSITION AVENUE WEST,1,1,0,0,1,4,,0,35,0,0,0,0,0,2,2,8
,2016_49194,39.707166,-104.996384,9/10/2016 12:50,12:50,12,0,0,SANTA FE DRIVE SOUTH SOUTHBOUND CONNECTOR OFF RAMP & I25,1,1,1,0,1,14,,0,45,0,0,0,0,0,2,2,13
,2016_49206,39.737983,-105.025273,6/25/2016 17:16,17:16,12,0,0,FEDERAL BOULEVARD NORTH & 14TH AVENUE WEST,1,1,0,0,1,1,,0,35,0,0,0,0,0,2,2,14
,2016_49207,39.737983,-105.025273,11/29/2016 18:21,18:21,12,0,0,14TH AVENUE WEST & FEDERAL BOULEVARD NORTH,1,3,0,0,1,4,,0,35,0,0,0,0,1,2,2,13
,2016_49208,39.732914,-105.025176,1/17/2016 1:41,1:41,12,0,0,10TH AVENUE & FEDERAL,1,3,0,0,1,3,,0,30,0,0,0,0,0,2,2,13
,2016_49209,39.732914,-105.025176,12/4/2016 22:25,22:25,15,0,0,FEDERAL BOULEVARD & 10TH AVENUE WEST,1,3,0,0,1,4,,0,35,0,0,0,0,0,2,2,5
,2016_49210,39.724876,-105.025125,2/14/2016 2:10,2:10,1,0,0,NORTH FEDERAL BOULEVARD & WEST SIXTH AVENUE,1,3,0,0,1,1,,0,40,0,0,0,0,1,2,2,13
,2016_49211,39.724876,-105.025125,12/12/2016 12:45,12:45,15,0,0,SIXTH AVENUE & FEDERAL BOULEVARD,1,1,0,0,1,1,,0,35,0,0,0,0,0,2,2,13
,2016_49212,39.724756,-105.025125,10/26/2016 17:11,17:11,12,0,0,FEDERAL BOULEVARD NORTH  & SIXTH AVENUE WEST,1,1,0,0,1,3,,0,35,0,0,0,0,0,2,2,7
,2016_49213,39.71662,-105.025127,3/4/2016 17:45,17:45,1,0,2,FEDERAL BOULEVARD SOUTH & ELLSWORTH AVENUE WEST,1,3,0,0,1,1,,0,35,0,0,0,0,2,2,2,7
,2016_49214,39.71662,-105.025127,7/22/2016 18:36,18:36,1,0,0,FEDERAL BOULEVARD NORTH & ELLSWORTH AVENUE WEST,1,1,0,0,1,1,,0,35,0,0,0,0,0,2,2,7
,2016_49215,39.714533,-105.025142,4/30/2016 2:59,2:59,5,0,0,FEDERAL BOULEVARD SOUTH & BAYUAD AVENUE WEST,2,3,1,1,2,4,,0,25,0,0,0,0,0,2,1,13
,2016_49216,39.696718,-105.025071,11/13/2016 19:39,19:39,12,0,0,FEDERAL BOULEVARD SOUTH & MISSISSIPPI AVENUE WEST,1,3,1,0,1,1,,0,40,0,0,0,0,1,2,2,7
,2016_49217,39.694802,-105.025063,4/18/2016 15:10,15:10,12,0,0,ARIZONA AVENUE & FEDERAL BOULEVARD SOUTH,1,1,0,0,1,3,,0,35,0,0,0,0,0,2,2,13
,2016_49218,39.693917,-105.02506,11/14/2016 18:12,18:12,15,0,0,FEDERAL BOULEVARD & 1200 BLOCK SOUTH,1,3,0,0,1,4,,0,35,0,0,0,0,0,2,2,13
,2016_49219,39.693917,-105.02506,12/29/2016 19:50,19:50,3,0,0,FEDERAL BOULEVARD NORTH & 1200 BLOCK SOUTH,1,3,0,0,1,2,,0,40,0,0,0,0,0,2,2,3
,2016_49220,39.689495,-105.025043,4/28/2016 10:34,10:34,12,0,0,FLORIDA AVENUE & FEDERAL BOULEVARD SOUTH,2,1,0,2,1,1,,0,35,0,0,0,0,0,2,2,3
,2016_49221,39.6892,-105.025042,1/9/2016 14:50,14:50,12,0,0,FEDERAL BOULEVARD SOUTH & FLORIDA AVENUE WEST,1,1,0,0,1,4,,0,35,0,0,0,0,1,2,2,4
,2016_49222,39.682566,-105.025017,12/9/2016 7:51,7:51,12,0,0,FEDERAL BOULEVARD & JEWELL AVENUE WEST,1,1,0,0,1,2,,0,40,0,0,0,0,0,2,2,12
,2016_49223,39.682275,-105.025016,9/12/2016 12:38,12:38,12,0,0,FEDERAL BOULEVARD SOUTH & JEWELL AVENUE WEST,1,1,0,0,1,3,,0,35,0,0,0,0,0,2,2,7
,2016_49224,39.680669,-105.025024,2/7/2016 21:30,21:30,12,0,0,FEDERAL BOULEVARD SOUTH & ASBURY AVENUE WEST,1,3,0,0,1,4,,0,40,0,0,0,0,0,2,2,4
,2016_49225,39.67863,-105.025035,1/28/2016 23:27,23:27,12,0,2,EVANS AVENUE WEST & FEDERAL BOULEVARD SOUTH,1,4,0,0,1,3,,0,35,0,0,0,0,2,2,2,5
,2016_49226,39.67863,-105.025035,2/25/2016 16:13,16:13,12,0,0,EVANS AVENUE WEST & FEDERAL BOULEVARD SOUTH,1,1,0,0,1,1,,0,35,0,0,0,0,1,2,2,7
,2016_49227,39.673239,-105.025064,11/23/2016 23:51,23:51,1,0,0,FEDERAL BOULEVARD SOUTH & HARVARD AVENUE WEST,1,3,0,0,1,1,,0,40,0,0,0,0,0,2,2,8
,2016_49228,39.664712,-105.025143,9/14/2016 17:44,17:44,12,0,0,FEDERAL BOULEVARD SOUTH & DARTMOUTH AVENUE WEST,1,1,0,0,1,4,,0,45,0,0,0,0,1,2,2,7
,2016_49258,39.655305,-105.05321,2/29/2016 14:09,14:09,1,0,0,SHERIDAN BOULEVARD SOUTH & DARTMOUTH AVENUE WEST,1,1,0,0,1,2,,0,35,0,0,0,0,0,2,2,7
,2016_49260,39.678948,-105.053268,2/22/2016 7:05,7:05,12,0,0,SHERIDAN BOULEVARD & EVANS,1,1,1,0,1,4,,0,35,0,0,0,0,0,2,2,13
,2016_49261,39.693722,-105.053218,4/14/2016 16:42,16:42,3,0,0,SHERIDAN BOULEVARD SOUTH & LOUISIANA AVENUE WEST,1,1,0,0,1,5,,0,35,0,0,0,0,0,2,2,3
,2016_49265,39.733188,-105.053221,3/6/2016 17:29,17:29,15,0,0,10TH AVENUE WEST & SHERIDAN BOULEVARD NORTH,1,1,0,0,1,4,,0,30,0,0,0,0,0,2,2,13
,2016_49266,39.736752,-105.053215,6/13/2016 15:28,15:28,15,0,0,SHERIDAN BOULEVARD NORTH & 13TH AVENUE WEST,1,1,1,0,1,1,,0,35,0,0,0,0,0,2,2,14
,2016_49307,39.635142,-105.082348,10/9/2016 11:40,11:40,12,0,0,WADSWORTH BOULEVARD SOUTH & STANFORD AVENUE WEST,1,1,0,0,1,4,,0,45,0,0,0,0,0,2,2,13
,2016_49400,39.635355,-104.894268,8/17/2016 16:20,16:20,12,0,0,I225 SOUTHBOUND SLIP RAMP ON & TAMARAC STREET SOUTH,1,1,0,0,1,14,,0,35,0,0,0,0,0,1,2,13
,2016_49401,39.635522,-104.893462,6/24/2016 22:46,22:46,3,0,0,TAMARAC STREET SOUTH & I225 NORTHBOUND OFF RAMP,1,3,0,0,1,1,,0,30,0,0,0,0,1,1,2,13
,2016_49402,39.635522,-104.893462,8/7/2016 22:55,22:55,1,0,0,I225 NORTHBOUND ON RAMP & TAMARAC STREET,1,3,0,0,1,1,,0,35,0,0,0,0,0,1,2,13
,2016_49419,39.780899,-104.966905,7/2/2016 6:22,6:22,5,0,0,46TH AVENUE EAST & BRIGHTON BOULEVARD,2,2,0,1,2,1,,0,,0,0,0,0,0,2,2,13
,2016_49436,39.777695,-104.895124,8/12/2016 7:26,7:26,12,0,0,I270 EASTBOUND DIRECT CONNECT & I70 INTERCHANGE,1,1,0,0,1,4,,0,55,0,0,0,0,0,1,2,3
,2016_49445,39.654324,-105.037561,10/26/2016 9:40,9:40,5,0,0,HAMPDEN AVENUE WEST & KNOX COURT SOUTH,1,1,0,0,1,3,,0,55,0,0,0,0,0,2,4,13
,2016_49457,39.65298,-104.925278,11/21/2016 9:47,9:47,12,0,0,HAMPDEN AVENUE 5300 BLOCK EAST & GRAPE STREET,1,1,0,0,1,4,,0,10,0,0,0,0,1,2,3,1
,2016_49458,39.652979,-104.922637,11/29/2016 9:50,9:50,12,0,0,HAMPDEN AVENUE EAST & HOLLY STREET SOUTH,1,1,0,0,1,1,,0,45,0,0,0,0,0,2,2,13
,2016_49459,39.652979,-104.918863,7/19/2016 13:56,13:56,3,0,0,HAMPDEN AVENUE WB & I25 SOUTHBOUND OFF RAMP,1,1,1,0,1,3,,0,35,0,0,0,0,0,2,2,3
,2016_49460,39.742742,-105.025209,9/24/2016 23:40,23:40,15,0,0,FEDERAL BOULEVARD NORTH & 16TH AVENUE WEST,1,3,0,0,1,1,,0,35,0,0,0,0,1,2,2,5
,2016_49461,39.751253,-105.025137,8/10/2016 12:23,12:23,1,0,0,FEDERAL BOULEVARD NORTH & 23RD AVENUE WEST,1,1,1,0,1,1,,0,35,0,0,0,0,0,2,2,13
,2016_49462,39.75854,-105.025143,4/14/2016 8:25,8:25,3,0,0,FEDERAL BOULEVARD NORTH & 29TH AVENUE WEST,1,1,0,0,1,1,,0,35,0,0,0,0,0,2,2,14
,2016_49463,39.76196,-105.025155,11/23/2016 13:55,13:55,3,0,0,32ND AVENUE WEST & FEDERAL BOULEVARD NORTH,1,1,1,0,1,1,,0,35,0,0,0,0,0,2,2,13
,2016_49464,39.764668,-105.025164,3/6/2016 11:45,11:45,12,0,0,FEDERAL BOULEVARD NORTH & 34TH AVENUE WEST,1,1,0,0,1,4,,0,35,0,0,0,0,0,2,2,13
,2016_49465,39.776686,-105.025228,9/2/2016 20:41,20:41,1,0,0,44TH AVENUE WEST & FEDERAL BOULEVARD NORTH,1,3,0,0,1,1,,0,30,0,0,0,0,1,2,2,13
,2016_49466,39.783991,-105.025224,2/29/2016 22:15,22:15,12,0,0,FEDERAL BOULEVARD NORTH & I70,1,3,0,0,1,1,,0,35,0,0,0,0,0,2,2,14
,2016_49467,39.78571,-105.025223,8/20/2016 9:44,9:44,10,0,0,FEDERAL BOULEVARD NORTH & 49TH AVENUE WEST,1,1,0,0,1,1,,0,35,0,0,0,0,0,2,2,8
,2016_49498,39.779942,-104.966087,8/16/2016 15:20,15:20,5,0,2,I70 & BRIGHTON BOULEVARD,1,1,0,0,2,4,,0,65,0,0,0,0,2,1,1,4
,2016_49558,39.834134,-104.746852,12/23/2016 12:00,12:00,15,0,0,PENA BOULEVARD 7400 BLOCK & E470,1,1,0,0,1,4,,0,65,0,0,0,0,0,2,2,14
,2016_49561,39.665421,-104.940599,8/30/2016 7:48,7:48,12,0,0,COLORADO BOULEVARD SOUTH & AMHERST AVENUE EAST,1,1,0,0,1,4,,0,40,0,0,0,0,1,2,2,14
,2016_49562,39.675036,-104.940628,4/29/2016 14:30,14:30,10,0,1,COLORADO BOULEVARD SOUTH & ILIFF AVENUE EAST,2,1,0,2,1,1,,0,35,0,0,0,0,2,2,2,13
,2016_49563,39.67843,-104.940638,10/8/2016 8:30,8:30,12,0,0,COLORADO BOULEVARD SOUTH & EVANS AVENUE EAST,1,1,1,0,1,1,,0,35,0,0,0,0,0,2,2,13
,2016_49564,39.683013,-104.940374,6/18/2016 14:37,14:37,1,0,0,COLORADO BOULEVARD SOUTH & I25,1,1,1,0,1,1,,0,35,0,0,0,0,1,2,2,3
,2016_49567,39.719956,-104.940609,12/10/2016 22:48,22:48,12,0,0,COLORADO BOULEVARD 100 BLOCK NORTH & FIRST AVENUE EAST,1,3,0,0,1,4,,0,10,0,0,0,0,0,2,3,13
,2016_49568,39.722728,-104.940608,12/23/2016 17:05,17:05,12,0,0,COLORADO BOULEVARD & THIRD AVENUE EAST,1,3,0,0,1,4,,0,35,0,0,0,0,1,2,2,13
,2016_49569,39.725354,-104.940607,7/1/2016 13:00,13:00,15,0,0,COLORADO BOULEVARD NORTH & SIXTH AVENUE EAST,1,1,0,0,1,1,,0,35,0,0,0,0,0,2,2,13
,2016_49570,39.72871,-104.940605,2/12/2016 6:04,6:04,1,0,0,EIGHTH AVENUE EAST & COLORADO BOULEVARD NORTH,1,2,0,0,1,1,,0,35,0,0,0,0,1,2,2,14
,2016_49571,39.764964,-104.940499,8/29/2016 7:23,7:23,12,0,0,35TH AVENUE EAST & HIGHWAY 2A / COLORADO BOULEVARD,1,1,0,0,1,3,,0,35,0,0,0,0,0,2,2,13
,2016_49572,39.77302,-104.940511,2/20/2016 16:54,16:54,3,0,0,COLORADO BOULEVARD NORTH & 40TH AVENUE EAST,1,1,0,0,1,1,,0,35,0,0,0,0,0,2,2,14
,2016_49586,39.725652,-105.053207,5/18/2016 20:51,20:51,12,0,0,SIXTH AVENUE WEST EASTBOUND SLIP ON RAMP & SHERIDAN BOULEVARD NORTH,1,3,1,0,1,14,,0,40,0,0,0,0,0,2,3,3
,2016_49587,39.725556,-105.039261,3/11/2016 6:32,6:32,15,0,1,SIXTH AVENUE WEST & PERRY STREET NORTH,1,1,2,0,1,4,,0,55,0,0,0,0,2,2,3,14