id,drcog_id,latitude,longitude,crashtime,time,crashtype,numbkilled,numbinjurd,drcoglocat,rdconditin,lightngcon,roadcntgrd,weatherco,location,roaddescrp,schoolzone,constrzone,splimit,bikeinv,pedinv,sctrinv,motoinv,svrty,rdsystem,ttlvehcls,hcf
,2016_49588,39.725421,-105.0285,2/5/2016 6:47,6:47,15,0,0,SIXTH AVENUE WEST EASTBOUND EXIT GORE POINT & FEDERAL BOULEVARD NORTH,1,1,1,0,1,4,,0,55,0,0,0,0,0,2,2,3
,2016_49590,39.725415,-105.024877,9/13/2016 10:50,10:50,12,0,0,SIXTH AVENUE WB OFF RAMP & FEDERAL BOULEVARD NORTH,1,1,0,0,1,14,,0,35,0,0,0,0,0,2,2,14
,2016_49591,39.725533,-105.01288,10/10/2016 15:50,15:50,12,0,0,SIXTH AVENUE WEST & I25,1,1,0,0,1,1,,0,15,0,0,0,0,1,2,2,7
,2016_49592,39.781449,-104.94971,7/6/2016 13:14,13:14,12,0,0,VASQUEZ BOULEVARD NORTH  & STEELE STREET NORTH,1,1,0,0,1,1,,0,35,0,0,0,0,0,2,2,8
,2016_49593,39.783752,-104.947831,8/1/2016 11:10,11:10,12,0,0,VASQUEZ BOULEVARD & 48TH AVENUE EAST,1,1,0,0,1,3,,0,45,0,0,0,0,0,2,2,7
,2016_49623,39.651557,-104.917439,4/30/2016 18:30,18:30,15,0,0,I25 & HAMPDEN AVENUE EAST,2,2,1,1,1,4,,0,60,0,0,0,0,0,1,2,14
,2016_49657,39.755118,-105.012754,3/11/2016 13:59,13:59,15,0,0,I25 & SPEER BOULEVARD,1,1,0,0,1,4,,0,55,0,0,0,0,0,1,2,13
,2016_49676,39.624135,-104.901597,12/30/2016 12:45,12:45,12,0,0,I25 & BELLEVIEW AVENUE,1,1,0,0,1,4,,0,55,0,0,0,0,0,1,2,13
,2016_49677,39.633614,-104.90654,7/12/2016 18:43,18:43,15,0,0,I25 NORTHBOUND  & I225 NORTHBOUND,1,1,0,0,1,4,,0,65,0,0,0,0,1,1,6,3
,2016_49678,39.683396,-104.9417,9/13/2016 15:04,15:04,15,0,0,I25 & COLORADO BOULEVARD SOUTH,1,1,0,0,1,4,,0,60,0,0,0,0,0,1,2,13
,2016_49679,39.64994,-104.9165,3/24/2016 7:00,7:00,12,0,0,I25 & HAMPDEN AVENUE EAST,11,1,0,0,1,4,,0,65,0,0,0,0,0,1,3,13
,2016_49680,39.651961,-104.917673,7/30/2016 3:07,3:07,15,0,0,I25 NORTHBOUND & HAMPDEN AVENUE EAST,1,3,0,0,1,4,,0,60,0,0,0,0,0,1,2,13
,2016_49681,39.653259,-104.918319,2/15/2016 17:08,17:08,12,0,2,I25 & EAST HAMPDEN AVENUE,1,1,1,0,1,4,,0,45,0,0,0,0,2,1,4,1
,2016_49682,39.684912,-104.956726,7/27/2016 16:45,16:45,12,0,0,I25 & UNIVERSITY BOULEVARD SOUTH,1,1,0,0,1,4,,0,,0,0,0,0,0,1,2,13
,2016_49683,39.653259,-104.918319,7/12/2016 17:49,17:49,12,0,0,I25 NORTHBOUND & HAMPDEN AVENUE EAST,1,1,0,0,1,4,,0,65,0,0,0,0,1,1,4,1
,2016_49684,39.653259,-104.918319,11/7/2016 7:33,7:33,12,0,0,I25 NORTHBOUND & HAMPDEN AVENUE EAST,1,1,0,0,1,4,,0,65,0,0,0,0,0,1,2,3
,2016_49685,39.656552,-104.919807,1/6/2016 22:21,22:21,12,0,0,I25 & HAMPDEN AVENUE EAST,1,4,0,0,1,4,,0,65,0,0,0,0,1,1,2,14
,2016_49686,39.666463,-104.924762,11/29/2016 18:30,18:30,12,0,0,I25 & HAMPDEN AVENUE,1,3,0,0,1,4,,0,55,0,0,0,0,0,1,2,13
,2016_49687,39.667846,-104.925762,4/28/2016 17:38,17:38,15,0,0,I25 & YALE AVENUE EAST,1,1,0,0,1,4,,0,65,0,0,0,0,0,1,2,9
,2016_49688,39.670673,-104.927635,7/11/2016 12:08,12:08,12,0,0,I25 NORTHBOUND ON RAMP & YALE AVENUE NORTHBOUND RAMP ON GORE POINT,1,1,1,0,1,14,,0,55,0,0,0,0,0,1,2,3
,2016_49689,39.678367,-104.933559,7/20/2016 16:18,16:18,12,0,0,I25 NORTHBOUND & EVANS AVENUE EAST,1,1,0,0,1,4,,0,60,0,0,0,0,0,1,3,1
,2016_49690,39.679559,-104.934603,8/25/2016 10:27,10:27,12,0,0,I25 NORTHBOUND ON RAMP METER LIGHT & EVANS AVENUE EAST,1,1,1,0,1,14,,0,35,0,0,0,0,0,1,2,13
,2016_49691,39.683094,-104.940452,7/5/2016 13:13,13:13,15,0,0,I25 SOUTHBOUND & COLORADO BOULEVARD SOUTH,1,1,0,0,1,4,,0,60,0,0,0,0,0,1,2,13
,2016_49692,39.684878,-104.949474,9/13/2016 23:20,23:20,12,0,0,I25 & COLORADO BOULEVARD SOUTH,1,4,0,0,1,4,,0,60,0,0,0,0,0,1,2,14
,2016_49693,39.68492,-104.950436,1/8/2016 6:28,6:28,15,0,0,I25 & STEELE STREET SOUTH,9,2,0,2,1,4,,0,60,0,0,0,0,1,1,6,7
,2016_49694,39.68492,-104.950436,3/8/2016 16:11,16:11,12,0,0,I25 & STEELE STREET SOUTH,1,1,0,0,1,4,,0,60,0,0,0,0,0,1,2,3
,2016_49695,39.684921,-104.959322,3/3/2016 11:38,11:38,12,0,0,I25 NORTHBOUND OFF RAMP & UNIVERSITY BOULEVARD SOUTH,1,1,0,0,1,14,,0,25,0,0,0,0,1,1,2,1
,2016_49696,39.724815,-105.012562,10/23/2016 2:52,2:52,5,0,0,I25 HIGHWAY NORTHBOUND RAMP ON FROM & SIXTH AVENUE WEST  INTERCHANGE,1,4,1,0,2,14,,0,50,0,0,0,0,0,1,1,5
,2016_49697,39.684921,-104.959322,2/5/2016 19:15,19:15,12,0,0,I25 SOUTHBOUND ON RAMP & UNIVERSITY BOULEVARD SOUTH,6,3,1,0,1,14,,0,55,0,0,0,0,1,1,2,13
,2016_49698,39.68492,-104.959509,5/25/2016 17:30,17:30,12,0,0,I25 & UNIVERSITY BOULEVARD SOUTH,1,1,0,0,1,4,,0,65,0,0,0,0,1,1,2,13
,2016_49699,39.68492,-104.959509,9/15/2016 14:33,14:33,15,0,0,I25 & UNIVERSITY BOULEVARD SOUTH,1,1,1,0,1,4,,0,60,0,0,0,0,0,1,2,2
,2016_49700,39.684986,-104.959332,9/21/2016 3:14,3:14,5,0,0,UNIVERSITY BOULEVARD SOUTH & I25 NORTHBOUND RAMP OFF,1,3,1,0,3,1,,0,60,0,0,0,0,0,1,1,2
,2016_49701,39.685259,-104.963253,7/7/2016 16:25,16:25,12,0,0,I25 SOUTHBOUND RAMP OFF & SOUTHBOUND ON / OFF RAMP MERGE,1,1,0,0,1,14,,0,30,0,0,0,0,0,1,2,13
,2016_49702,39.690115,-104.973561,1/10/2016 22:16,22:16,5,0,1,UNIVERSITY BOULEVARD SOUTH & I25 NORTHBOUND RAMP OFF,1,3,1,0,6,1,,0,30,0,0,0,0,2,1,2,5
,2016_49703,39.694456,-104.979276,7/2/2016 16:26,16:26,15,0,0,I25 NORTHBOUND  & WASHINGTON STREET SOUTH,1,1,0,0,1,4,,0,60,0,0,0,0,1,1,2,7
,2016_49704,39.69707,-104.982264,8/4/2016 11:52,11:52,12,0,0,I25 NORTHBOUND & LOGAN STREET SOUTH,1,1,0,0,1,4,,0,60,0,0,0,0,0,1,3,3
,2016_49705,39.701466,-104.987451,5/9/2016 7:20,7:20,12,0,0,I25 SOUTHBOUND & BROADWAY SOUTH,1,1,1,0,1,4,,0,55,0,0,0,0,0,1,2,1
,2016_49706,39.70157,-104.987575,1/14/2016 16:15,16:15,12,0,0,I25  & SANTA FE DRIVE INTERCHANGE,1,1,0,0,1,4,,0,55,0,0,0,0,0,1,2,3
,2016_49707,39.70423,-104.993577,7/23/2016 16:22,16:22,12,0,0,I25 & SANTA FE DRIVE NORTHBOUND EXIT,1,1,0,0,1,4,,0,55,0,0,0,0,0,1,2,7
,2016_49708,39.704415,-104.994067,10/26/2016 16:47,16:47,12,0,1,I25 & SANTA FE DRIVE,1,1,0,0,1,4,,0,55,0,0,0,1,2,1,2,13
,2016_49709,39.707118,-104.996779,6/14/2016 12:57,12:57,15,0,0,I25 & SANTA FE DRIVE SOUTH INTERCHANGE,1,1,1,0,1,4,,0,55,0,0,0,0,0,1,2,13
,2016_49710,39.70738,-104.996907,10/16/2016 16:35,16:35,12,0,0,I25 NORTHBOUND ON FLYOVER  & SANTA FE DRIVE SOUTH EXIT FOR NB/SB I25,1,1,0,0,1,14,,0,55,0,0,0,0,0,1,2,3
,2016_49711,39.708956,-104.99767,2/25/2016 14:44,14:44,15,0,0,I25 & SANTA FE DRIVE SOUTH,1,1,0,0,1,4,,0,55,0,0,0,0,0,1,2,3
,2016_49712,39.710009,-104.998187,9/3/2016 15:05,15:05,15,0,0,I25 NORTHBOUND LOOP ON RAMP FROM SANTA FE & RAMP END,1,1,1,0,1,14,,0,55,0,0,0,0,0,1,2,1
,2016_49713,39.711112,-104.998846,7/10/2016 13:31,13:31,12,0,0,I25 NORTHBOUND & ALAMEDA AVENUE WEST,1,1,1,0,1,4,,0,55,0,0,0,0,0,1,2,13
,2016_49714,39.711525,-104.999094,2/23/2016 16:08,16:08,12,0,0,I25 & ALAMEDA AVENUE WEST,1,1,0,0,1,4,,0,55,0,0,0,0,0,1,2,3
,2016_49715,39.711525,-104.999094,7/25/2016 6:49,6:49,12,0,0,I25 NORTHBOUND  & ALAMEDA AVENUE WEST,1,1,0,0,1,4,,0,55,0,0,0,0,0,1,2,3
,2016_49716,39.716518,-105.002553,7/5/2016 11:12,11:12,12,0,0,I25 NORTHBOUND  & ELLSWORTH AVENUE,1,1,0,0,1,4,,0,55,0,0,0,0,0,1,4,1
,2016_49717,39.716826,-105.002968,7/7/2016 20:30,20:30,15,0,0,I25 NORTHBOUND & MM 208,1,2,0,0,1,4,,0,55,0,0,0,0,1,1,2,4
,2016_49718,39.717811,-105.004406,7/16/2016 10:00,10:00,12,0,0,I25 & MM 208.5,1,1,0,0,1,4,,0,55,0,0,0,0,0,1,2,12
,2016_49719,39.720036,-105.007094,8/6/2016 1:55,1:55,12,0,0,I25 NORTHBOUND & SIXTH AVENUE WEST INTERCHANGE,1,3,0,0,1,4,,0,60,0,0,0,0,0,1,2,1
,2016_49720,39.779942,-104.966087,8/30/2016 21:08,21:08,5,0,0,I70 WB & BRIGHTON BOULEVARD,2,3,0,1,2,4,,0,55,0,0,0,0,0,1,1,13
,2016_49721,39.722955,-105.010584,8/31/2016 17:57,17:57,15,0,0,I25 SOUTHBOUND RAMP ON & SIXTH AVENUE WEST INTCH,1,1,1,0,1,14,,0,45,0,0,0,0,0,1,2,1
,2016_49722,39.723662,-105.011457,9/30/2016 9:45,9:45,12,0,0,I25 & HIGHWAY 6,1,1,1,0,1,4,,0,55,0,0,0,0,0,1,2,13
,2016_49723,39.725281,-105.012899,7/26/2016 8:50,8:50,12,0,0,I25 & SIXTH AVENUE INTERCHANGE,1,1,0,0,1,4,,0,55,0,0,0,0,0,1,4,13
,2016_49724,39.725281,-105.012899,10/23/2016 7:25,7:25,5,0,0,I25 NORTHBOUND ON RAMP FLYOVER  & SIXTH AVENUE INTERCHANGE,1,1,1,0,2,14,,0,55,0,0,0,0,0,1,1,2
,2016_49725,39.72632,-105.013601,1/4/2016 6:43,6:43,15,0,0,I25 NORTHBOUND ON RAMP FLYOVER & SIXTH AVENUE INTERCHANGE,1,2,0,0,1,14,,0,55,0,0,0,0,0,1,2,14
,2016_49726,39.729265,-105.014796,11/19/2016 17:08,17:08,12,0,0,I25 NORTHBOUND & EIGHTH AVENUE WEST INTERCHANGE,1,3,0,0,1,4,,0,55,0,0,0,0,0,1,3,14
,2016_49727,39.729265,-105.014796,12/5/2016 8:35,8:35,12,0,0,I25 & EIGHTH AVENUE WEST INTERCHANGE,1,1,0,0,1,4,,0,55,0,0,0,0,0,1,2,14
,2016_49728,39.729265,-105.014796,12/8/2016 8:56,8:56,15,0,0,I25 & EIGHTH AVENUE WEST INTERCHANGE,1,1,0,0,1,4,,0,55,0,0,0,0,0,1,2,3
,2016_49729,39.730476,-105.015227,3/6/2016 15:20,15:20,15,0,0,I25 NORTHBOUND MERGE LANE & RAMP 'C' GORE POINT,1,1,0,0,1,4,,0,55,0,0,0,0,0,1,2,13
,2016_49730,39.740059,-105.013916,12/18/2016 8:05,8:05,15,0,0,I25 & COLFAX AVENUE,5,1,0,0,1,4,,0,55,0,0,0,0,0,1,2,14
,2016_49731,39.740257,-105.013939,4/9/2016 12:35,12:35,12,0,0,I25 & COLFAX AVENUE WEST,1,1,0,0,1,4,,0,55,0,0,0,0,0,1,2,13
,2016_49732,39.740455,-105.013961,5/27/2016 18:39,18:39,8,0,0,I25 ON RAMP & COLFAX AVENUE WEST,1,1,0,0,1,14,,0,45,0,0,0,0,1,1,2,13
,2016_49733,39.741759,-105.014471,10/15/2016 5:03,5:03,6,0,0,I25 & AURARIA PARKWAY OFF RAMP TO COLFAX,1,3,0,0,1,4,,0,55,0,0,0,0,0,1,3,5
,2016_49734,39.741759,-105.014471,10/16/2016 6:35,6:35,12,0,0,I25 SOUTHBOUND OFF RAMP & COLFAX AVENUE,1,1,0,0,1,14,,0,55,0,0,0,0,0,1,3,14
,2016_49736,39.749848,-105.017195,3/18/2016 11:22,11:22,12,0,0,I25 & 23RD AVENUE NORTHBOUND EXIT GORE POINT,2,1,1,0,1,4,,0,55,0,0,0,0,0,1,2,13
,2016_49737,39.750141,-105.017071,7/9/2016 16:10,16:10,12,0,0,I25 NORTHBOUND & 23RD AVENUE WEST,1,1,0,0,1,4,,0,55,0,0,0,0,0,1,2,3
,2016_49738,39.750874,-105.016763,1/28/2016 21:18,21:18,12,0,0,I25 & WEST 23RD AVENUE,1,3,0,0,1,4,,0,55,0,0,0,0,1,1,3,13
,2016_49739,39.751295,-105.016566,1/28/2016 18:00,18:00,12,0,0,I25 & 23RD AVENUE WEST,1,3,0,0,1,4,,0,55,0,0,0,0,0,1,2,13
,2016_49740,39.751295,-105.016566,4/12/2016 17:14,17:14,15,0,0,I25 & 23RD AVENUE WEST,1,1,0,0,1,4,,0,55,0,0,0,0,0,1,2,13
,2016_49741,39.755118,-105.012754,3/2/2016 8:30,8:30,15,0,0,I25 & SPEED BOULEVARD NORTH,1,1,0,0,1,4,,0,55,0,0,0,0,0,1,2,13
,2016_49742,39.755495,-105.01223,11/16/2016 14:18,14:18,12,0,0,I25 SOUTHBOUND & SPEER BOULEVARD NORTH,1,1,0,0,1,4,,0,55,0,0,0,0,0,1,2,13
,2016_49743,39.755967,-105.011575,1/21/2016 16:40,16:40,15,0,0,I25 HIGHWAY SOUTHBOUND & SPEER BOULEVARD NORTH INTERCHANGE,1,1,0,0,1,4,,0,55,0,0,0,0,0,1,3,3
,2016_49744,39.757392,-105.009617,3/3/2016 23:00,23:00,12,0,0,I25 NORTHBOUND ON RAMP GORE POINT & SPEER BOULEVARD,1,3,1,0,1,14,,0,35,0,0,0,0,0,1,2,5
,2016_49745,39.760997,-105.004271,1/4/2016 16:29,16:29,15,0,0,I25 & 20TH STREET,1,1,0,0,1,4,,0,55,0,0,0,0,0,1,2,1
,2016_49746,39.760997,-105.004271,1/6/2016 16:50,16:50,12,0,0,I25 NORTHBOUND & 20TH STREET,1,3,1,0,1,4,,0,55,0,0,0,0,0,1,2,13
,2016_49747,39.760997,-105.004271,1/9/2016 2:02,2:02,12,0,0,I25 & 20TH STREET,4,3,0,2,1,4,,0,55,0,0,0,0,0,1,2,13
,2016_49748,39.760997,-105.004271,1/22/2016 14:30,14:30,12,0,0,I25 & 20TH STREET,1,1,1,0,1,4,,0,55,0,0,0,0,1,1,3,16
,2016_49749,39.762406,-105.002655,10/12/2016 19:59,19:59,12,0,0,I25 & PARK AVENUE WEST,1,3,0,0,1,4,,0,55,0,0,0,0,1,1,5,13
,2016_49750,39.767624,-104.995847,1/31/2016 23:57,23:57,15,0,0,I25 & PARK AVENUE WEST,4,3,0,2,1,4,,0,55,0,0,0,0,0,1,2,13
,2016_49751,39.768049,-104.994761,1/18/2016 8:07,8:07,15,0,0,I25 & 38TH AVENUE INTERCHANGE,1,1,1,0,1,4,,0,55,0,0,0,0,0,1,3,13
,2016_49752,39.779391,-104.989164,2/8/2016 10:10,10:10,15,0,0,I25 & I70,1,1,0,0,1,4,,0,55,0,0,0,0,0,1,3,13
,2016_49753,39.779391,-104.989164,7/7/2016 11:30,11:30,12,0,0,I25 & I70 EASTBOUND INTCH,1,1,0,0,1,4,,0,55,0,0,0,0,0,1,4,13
,2016_49754,39.779391,-104.989164,8/7/2016 19:40,19:40,15,0,0,I25 & I70,1,2,0,0,1,4,,0,55,0,0,0,0,0,1,3,1
,2016_49755,39.783855,-104.989142,6/13/2016 6:40,6:40,12,0,0,I25 HIGHWAY SOUTHBOUND & 48TH AVENUE WEST,1,1,1,0,1,4,,0,55,0,0,0,0,0,1,2,13
,2016_49811,39.711094,-105.029925,4/11/2016 16:35,16:35,1,0,0,ALAMEDA AVENUE WEST & IRVING STREET SOUTH,1,1,1,0,1,1,,0,35,0,0,0,0,1,2,2,7
,2016_49812,39.711094,-105.029925,7/16/2016 13:51,13:51,3,0,0,ALAMEDA AVENUE WEST & IRVING STREET SOUTH,1,1,1,0,1,1,,0,35,0,0,0,0,0,2,2,13
,2016_49813,39.711136,-105.018129,6/25/2016 17:20,17:20,12,0,0,ALAMEDA AVENUE WEST & BRYANT STREET SOUTH,2,1,1,0,1,3,,0,35,0,0,0,0,0,2,2,7
,2016_49814,39.711184,-105.00062,1/26/2016 8:46,8:46,15,0,0,PLATTE RIVER DRIVE SOUTH & ALAMEDA AVENUE WEST,1,1,0,0,1,1,,0,30,0,0,0,0,0,2,2,13
,2016_49815,39.711208,-104.998391,9/27/2016 14:05,14:05,3,0,0,ALAMEDA AVENUE WEST & KALAMATH STREET SOUTH,1,1,1,0,1,1,,0,30,0,0,0,0,0,2,2,13
,2016_49816,39.653083,-104.912649,6/27/2016 15:31,15:31,12,0,0,HAMPDEN AVENUE EAST & MONACO STREET SOUTH,1,1,0,0,1,4,,0,40,0,0,0,0,0,2,2,3
,2016_49817,39.653077,-104.909217,8/24/2016 7:09,7:09,12,0,0,HAMPDEN AVENUE EAST & ONEIDA STREET APPROXIMATELY,1,1,0,0,1,4,,0,,0,0,0,0,0,2,2,13
,2016_49818,39.653077,-104.909036,1/14/2016 18:45,18:45,1,0,0,HAMPDEN AVENUE EAST & ONEIDA WAY SOUTH,1,3,0,0,1,1,,0,40,0,0,0,0,0,2,2,13
,2016_49819,39.653077,-104.909036,5/11/2016 13:01,13:01,1,0,3,HAMPDEN AVENUE EAST & ONEIDA WAY SOUTH,1,1,1,0,1,1,,0,40,0,0,0,0,2,2,2,5
,2016_49820,39.653103,-104.906297,2/20/2016 18:50,18:50,3,0,0,HAMPDEN AVENUE 7115 EAST & POPLAR STREET SOUTH,1,3,0,0,1,2,,0,40,0,0,0,0,0,2,2,13
,2016_49822,39.653118,-104.90465,4/18/2016 19:22,19:22,12,0,0,HAMPDEN AVENUE EAST & POPLAR STREET SOUTH,1,1,0,0,1,4,,0,40,0,0,0,0,1,2,3,3
,2016_49823,39.653077,-104.898619,6/13/2016 10:29,10:29,12,0,0,HAMPDEN AVENUE EAST & TAMARAC DRIVE SOUTH,1,1,0,0,1,1,,0,35,0,0,0,0,0,2,2,8
,2016_49824,39.653025,-104.88114,5/17/2016 8:29,8:29,12,0,0,HAMPDEN AVENUE EAST & AKRON STREET SOUTH,1,1,0,0,1,3,,0,35,0,0,0,0,0,2,2,13
,2016_49825,39.660018,-104.866322,8/8/2016 15:20,15:20,12,0,1,HAVANA STREET SOUTH & DARTMOUTH AVENUE EAST,1,1,0,0,1,3,,0,45,0,0,0,0,2,2,3,13
,2016_49826,39.66645,-104.866162,7/21/2016 11:29,11:29,1,0,0,HAVANA STREET SOUTH & YALE AVENUE EAST,1,1,1,0,1,1,,0,30,0,0,0,0,0,2,2,13
,2016_49832,39.779937,-104.988665,7/14/2016 20:10,20:10,5,0,0,I70 WB FLYOVER RAMP OFF & I25 INTCH APPROXIMATELY,1,1,1,0,2,14,,0,55,0,0,0,0,0,1,1,1
,2016_49850,39.777347,-104.903418,6/22/2016 10:55,10:55,12,0,0,QUEBEC STREET NORTH & I70 EASTBOUND,1,1,1,0,1,3,,0,40,0,0,0,0,0,2,4,1
,2016_49851,39.779316,-104.903391,8/14/2016 19:00,19:00,12,0,0,QUEBEC STREET NORTH & I70 WB RAMPS,1,1,0,0,1,4,,0,35,0,0,0,0,0,2,3,3
,2016_49852,39.781946,-104.901631,10/23/2016 15:22,15:22,12,0,0,NORTHFIELD/ QUEBEC STREET NORTH & SAND CREEK ROAD NORTH,1,1,0,0,1,3,,0,40,0,0,0,0,0,2,4,13
,2016_49853,39.783593,-104.900128,6/12/2016 19:26,19:26,12,0,0,QUEBEC STREET NORTH & NORTHFIELD BOULEVARD EAST,1,2,1,0,1,4,,0,45,0,0,0,0,0,2,2,13
,2016_49854,39.785735,-104.899738,4/18/2016 14:48,14:48,15,0,0,NORTHFIELD QUEBEC STREET NORTH & NORTHFIELD BOULEVARD,1,1,1,0,1,4,,0,40,0,0,0,0,0,2,2,7
,2016_49891,39.740038,-104.997854,2/9/2016 10:33,10:33,12,0,0,SPEER BOULEVARD NORTHBOUND & COLFAX AVENUE WEST,1,1,0,0,1,1,,0,35,0,0,0,0,0,2,3,7
,2016_49892,39.740036,-104.997438,6/25/2016 15:52,15:52,15,0,0,COLFAX AVENUE WEST & WELTON STREET,1,1,0,0,1,4,,0,35,0,0,0,0,0,2,2,13
,2016_49893,39.740005,-104.987167,9/14/2016 21:37,21:37,3,0,0,COLFAX AVENUE EAST & BROADWAY NORTH,1,3,0,0,1,1,,0,30,0,0,0,0,0,2,2,13
,2016_49895,39.740018,-104.981104,7/28/2016 14:20,14:20,15,0,0,COLFAX AVENUE EAST & PENNSYLVANIA STREET NORTH,1,1,0,0,1,1,,0,30,0,0,0,0,1,2,2,14
,2016_49896,39.740006,-104.973988,3/11/2016 18:40,18:40,12,0,0,COLFAX AVENUE 1000 BLOCK EAST & CORONA STREET NORTH,1,3,0,0,1,3,,0,30,0,0,0,0,1,2,3,3
,2016_49897,39.739986,-104.963464,4/24/2016 0:15,0:15,12,0,0,COLFAX AVENUE 1900 BLOCK EAST & RACE STREET NORTH,1,3,0,0,1,4,,0,30,0,0,0,0,1,2,2,13
,2016_49898,39.73998,-104.962333,5/18/2016 9:30,9:30,15,0,0,COLFAX AVENUE EAST & VINE STREET NORTH,1,1,0,0,1,1,,0,35,0,0,0,0,0,2,2,13
,2016_49899,39.740113,-104.958751,7/16/2016 4:26,4:26,3,0,0,COLFAX AVENUE EAST & JOSEPHINE STREET NORTH,1,2,0,0,1,1,,0,30,0,0,0,0,0,2,2,1
,2016_49900,39.740078,-104.925708,1/28/2016 17:54,17:54,1,0,0,COLFAX AVENUE EAST & GLENCOE STREET NORTH,1,3,0,0,1,1,,0,30,0,0,0,0,0,2,2,1
,2016_49901,39.74008,-104.918756,2/15/2016 11:38,11:38,12,0,0,COLFAX AVENUE EAST & JASMINE STREET NORTH,1,1,0,0,1,4,,0,35,0,0,0,0,0,2,2,13
,2016_49902,39.740084,-104.903536,11/20/2016 0:54,0:54,3,0,0,QUEBEC STREET NORTH & COLFAX AVENUE EAST,1,3,0,0,1,1,,0,40,0,0,0,0,0,2,2,13
,2016_49903,39.740084,-104.903536,11/22/2016 20:14,20:14,12,0,0,QUEBEC STREET NORTH & COLFAX AVENUE EAST,1,3,0,0,1,1,,0,30,0,0,0,0,0,2,2,13
,2016_49904,39.740084,-104.90316,8/4/2016 13:14,13:14,15,0,0,COLFAX AVENUE EAST & QUEBEC STREET NORTH,1,1,0,0,1,4,,0,35,0,0,0,0,0,2,3,8
,2016_49905,39.740086,-104.893953,11/9/2016 18:38,18:38,3,0,0,COLFAX AVENUE EAST & ULSTER STREET NORTH,1,3,0,0,1,1,,0,25,0,0,0,0,0,2,2,13
,2016_49971,39.78001,-104.963866,10/27/2016 21:44,21:44,15,0,0,I70 & BRIGHTON BOULEVARD,1,3,1,0,1,4,,0,55,0,0,0,0,0,1,2,14
,2016_49973,39.784211,-105.025084,8/16/2016 4:21,4:21,12,0,0,I70 & FEDERAL BOULEVARD,1,3,0,0,1,4,,0,55,0,0,0,0,0,1,2,13
,2016_49974,39.783149,-105.006371,6/15/2016 8:35,8:35,12,0,0,I70 & NORTH PECOS STREET,1,1,0,0,1,4,,0,55,0,0,0,0,0,1,4,13
,2016_49975,39.783149,-105.006371,12/9/2016 5:18,5:18,3,0,0,48TH AVENUE WEST & PECOS STREET NORTH,1,2,1,0,1,6,,0,30,0,0,0,0,0,1,2,1
,2016_49976,39.780157,-104.989943,10/14/2016 9:45,9:45,12,0,0,I70 EASTBOUND ON RAMP CONNECTION & I25 SOUTHBOUND OFF RAMP,1,1,0,0,1,14,,0,65,0,0,0,0,0,1,2,13
,2016_49977,39.780058,-104.9894,2/1/2016 17:19,17:19,15,0,0,I70 & I25,4,3,0,2,1,4,,0,55,0,0,0,0,0,1,2,13
,2016_49979,39.780058,-104.9894,11/2/2016 7:08,7:08,12,0,0,I70 & I25,1,1,0,0,1,14,,0,65,0,0,0,0,0,1,3,13
,2016_49980,39.779937,-104.988665,3/10/2016 21:44,21:44,6,0,0,I70 EASTBOUND ON RAMP & ON RAMP SPLIT FROM NORTHBOUND I25,1,3,0,0,2,14,,0,55,0,0,0,0,1,1,2,5
,2016_49981,39.779937,-104.988665,11/1/2016 8:45,8:45,15,0,0,I70 EASTBOUND ON RAMP FROM I25 & RAMP SPLIT,1,1,0,0,1,14,,0,55,0,0,0,1,0,1,2,13
,2016_49982,39.779441,-104.979019,12/8/2016 18:06,18:06,12,0,0,I70 WB RAMPS & WASHINGTON STREET,1,2,1,0,1,1,,0,35,0,0,0,0,0,1,2,7
,2016_49983,39.779441,-104.979019,1/18/2016 18:21,18:21,1,0,0,WASHINGTON STREET NORTH & I70,1,3,0,0,1,1,,0,35,0,0,0,0,0,1,2,13
,2016_49984,39.779437,-104.977403,4/3/2016 19:00,19:00,12,0,0,I70 & WASHINGTON STREET NORTH,1,5,1,0,1,4,,0,55,0,0,0,0,0,1,2,7
,2016_49985,39.775573,-104.865095,3/25/2016 4:54,4:54,5,0,0,I70 & HAVANA STREET NORTH,5,3,1,0,3,4,,0,55,0,0,0,0,1,1,1,1
,2016_49986,39.780012,-104.960371,6/22/2016 22:50,22:50,6,0,0,I70 EASTBOUND & YORK STREET EXIT APPROXIMATELY,1,3,0,0,1,4,,0,55,0,0,0,0,0,1,3,5
,2016_49987,39.780012,-104.959789,10/6/2016 17:40,17:40,15,0,0,I70 & YORK,1,1,0,0,1,4,,0,55,0,0,0,0,0,1,2,14
,2016_49988,39.779971,-104.945199,11/17/2016 23:43,23:43,12,0,0,I70  & STEELE STREET,5,3,1,2,1,4,,0,55,0,0,0,0,0,1,2,13
,2016_49989,39.779949,-104.941397,12/2/2016 11:45,11:45,12,0,0,I70 & COLORADO BOULEVARD,1,1,0,0,1,4,,0,55,0,0,0,0,0,1,2,7
,2016_49990,39.779944,-104.940603,4/18/2016 6:30,6:30,12,0,0,I70 & COLORADO BOULEVARD NORTH,1,1,0,0,1,4,,0,55,0,0,0,0,0,1,2,13
,2016_49991,39.779965,-104.939029,1/14/2016 5:45,5:45,15,0,0,I70 WB OFF RAMP & COLORADO BOULEVARD,1,2,0,0,1,14,,0,30,0,0,0,0,0,1,2,16
,2016_49992,39.780005,-104.938069,5/24/2016 9:25,9:25,12,0,0,I70 WB & WB EXIT GORE POINT,1,1,0,0,1,4,,0,55,0,0,0,0,1,1,2,3
,2016_49994,39.779899,-104.930788,8/5/2016 15:45,15:45,12,0,0,I70 & COLORADO BOULEVARD NORTH,1,1,0,0,1,4,,0,55,0,0,0,0,0,1,2,2