id,drcog_id,latitude,longitude,crashtime,time,crashtype,numbkilled,numbinjurd,drcoglocat,rdconditin,lightngcon,roadcntgrd,weatherco,location,roaddescrp,schoolzone,constrzone,splimit,bikeinv,pedinv,sctrinv,motoinv,svrty,rdsystem,ttlvehcls,hcf
,2016_49995,39.779168,-104.926972,5/5/2016 9:00,9:00,12,0,0,I70 WB & FOREST STREET,1,1,0,0,1,4,,0,55,0,0,0,0,0,1,2,12
,2016_49996,39.779168,-104.926972,9/9/2016 14:06,14:06,15,0,0,I70 & FOREST STREET NORTH OFFSET REF,1,1,0,0,1,4,,0,55,0,0,0,0,0,1,2,13
,2016_49997,39.778341,-104.92238,3/15/2016 16:45,16:45,15,0,0,I70 & HOLLY STREET,1,1,0,0,1,4,,0,55,0,0,0,0,0,1,2,3
,2016_49998,39.778341,-104.92238,7/6/2016 7:43,7:43,12,0,0,I70 & HOLLY STREET,1,1,0,0,1,4,,0,55,0,0,0,0,0,1,3,13
,2016_49999,39.778283,-104.919856,2/26/2016 15:41,15:41,12,0,0,I70 & IVY STREET NORTH,1,1,0,0,1,4,,0,55,0,0,0,0,0,1,3,3
,2016_50000,39.77829,-104.910744,1/18/2016 14:30,14:30,12,0,0,I70 EASTBOUND & MONACO STREET NORTH,1,1,0,0,1,4,,0,55,0,0,0,0,0,1,3,3
,2016_50001,39.778293,-104.906734,12/17/2016 16:26,16:26,15,0,0,I70 EASTBOUND RAMP OFF & NORTHFIELD BOULEVARD EASTBOUND EXIT,4,1,1,2,1,14,,0,55,0,0,0,0,0,1,2,1
,2016_50002,39.778295,-104.903454,5/18/2016 8:45,8:45,12,0,0,I70 WB & QUEBEC STREET NORTH,1,1,0,0,1,4,,0,55,0,0,0,0,0,1,2,13
,2016_50004,39.778295,-104.903272,2/29/2016 19:35,19:35,12,0,0,I70 EASTBOUND ON RAMP & NORTHFIELD QUEBEC STREET NORTH,1,3,0,0,1,14,,0,35,0,0,0,0,0,1,2,8
,2016_50005,39.778296,-104.902725,8/18/2016 18:00,18:00,12,0,0,I70 & QUEBEC STREET NORTH,1,1,0,0,1,4,,0,55,0,0,0,0,0,1,2,13
,2016_50006,39.778291,-104.897485,10/17/2016 15:50,15:50,12,0,0,I70 & I270 FLY OVER,1,1,0,0,1,4,,0,55,0,0,0,0,0,1,2,3
,2016_50007,39.777295,-104.884651,12/21/2016 15:24,15:24,12,0,0,I70 & CENTRAL PARK BOULEVARD NORTH,1,1,0,0,1,4,,0,55,0,0,0,0,0,1,2,13
,2016_50008,39.777139,-104.882953,2/3/2016 8:55,8:55,15,0,0,I70  & CENTRAL PARK EXIT,5,1,0,0,1,4,,0,55,0,0,0,0,0,1,2,7
,2016_50009,39.777139,-104.882953,2/10/2016 15:24,15:24,12,0,0,I70 & CENTRAL PARK BOULEVARD NORTH,1,1,0,0,1,4,,0,55,0,0,0,0,0,1,2,13
,2016_50010,39.777122,-104.882764,5/3/2016 12:50,12:50,12,0,0,I70 WB RAMP OFF & CENTRAL PARK BOULEVARD NORTH,1,1,0,0,1,14,,0,40,0,0,0,0,1,1,2,13
,2016_50011,39.775891,-104.868792,10/26/2016 23:50,23:50,12,0,0,I70 & HAVANA STREET,1,4,0,0,1,4,,1,55,0,0,0,0,0,1,2,13
,2016_50012,39.775891,-104.868792,11/30/2016 20:05,20:05,15,0,0,I70 & HAVANA STREET,1,3,0,0,1,4,,1,55,0,0,0,0,0,1,2,13
,2016_50013,39.775605,-104.865465,11/14/2016 17:13,17:13,12,0,0,I70 & HAVANA STREET,1,2,0,0,1,4,,0,55,0,0,0,0,0,1,2,13
,2016_50015,39.775573,-104.865095,3/29/2016 7:49,7:49,12,0,0,I70 & HAVANA STREET NORTH,1,1,0,0,1,4,,1,55,0,0,0,0,0,1,3,7
,2016_50016,39.775573,-104.865095,8/9/2016 8:04,8:04,12,0,0,I70 & HAVANA STREET,1,1,0,0,1,4,,0,55,0,0,0,0,0,1,2,13
,2016_50017,39.775478,-104.863985,7/2/2016 5:30,5:30,6,0,0,I70 & HAVANA STREET,2,2,1,1,1,4,,1,55,0,0,0,0,0,1,2,1
,2016_50018,39.775414,-104.863246,10/19/2016 6:05,6:05,12,0,0,I70 & HAVANA STREET,1,3,0,0,1,4,,0,55,0,0,0,0,0,1,2,13
,2016_50019,39.775176,-104.860473,10/22/2016 21:25,21:25,15,0,0,I70 APPROXIMATELY & WB OFF RAMP TO HAVANA STREET,1,3,0,0,1,4,,0,55,0,0,0,0,0,1,2,7
,2016_50020,39.775096,-104.859549,4/21/2016 13:21,13:21,9,0,0,I70 HIGHWAY EASTBOUND & ON RAMP MERGE LANE FROM HAVANA STREET NORTH,1,1,1,0,1,4,,0,55,0,0,0,0,1,1,3,13
,2016_50021,39.775065,-104.859179,9/6/2016 5:45,5:45,12,0,0,I70 & HAVANA STREET NORTH WB OFF RAMP,1,2,0,0,1,4,,0,65,0,0,0,0,0,1,2,13
,2016_50022,39.774063,-104.847533,12/1/2016 20:14,20:14,12,0,0,I70 & PEORIA STREET,1,3,0,0,1,4,,0,55,0,0,0,0,0,1,2,13
,2016_50023,39.774015,-104.846978,6/21/2016 16:13,16:13,15,0,0,I70 EASTBOUND OFF RAMP GORE POINT TO & PEORIA STREET NORTH,1,1,0,0,1,14,,0,45,0,0,0,0,0,1,2,13
,2016_50024,39.722885,-105.025182,10/28/2016 22:00,22:00,15,0,0,FEDERAL BOULEVARD NORTH & 400 BLOCK,1,3,0,0,1,4,,0,40,0,0,0,0,0,2,2,13
,2016_50025,39.774015,-104.846978,6/30/2016 11:15,11:15,15,0,0,I70 EASTBOUND RAMP OFF & PEORIA STREET NORTH,1,1,0,0,1,14,,0,35,0,0,0,0,0,1,2,1
,2016_50026,39.773999,-104.846793,10/27/2016 6:50,6:50,3,0,0,PEORIA STREET NORTH & I70 WB RAMPS,1,1,0,0,1,1,,0,40,0,0,0,0,0,1,2,13
,2016_50027,39.773936,-104.846054,4/15/2016 6:40,6:40,12,0,0,I70 WB OFF RAMP & PEORIA STREET NORTH,1,1,1,0,1,14,,0,35,0,0,0,0,0,1,2,1
,2016_50028,39.773585,-104.841987,4/28/2016 18:11,18:11,15,0,0,I70 WB MERGE LANE & I225 DIRECT CONNECT MERGE POINT,1,1,0,0,1,4,,0,55,0,0,0,0,0,1,2,13
,2016_50029,39.773538,-104.841432,9/26/2016 8:30,8:30,12,0,0,I70 & PEORIA STREET EASTBOUND RAMP ON GORE,2,1,0,0,1,4,,0,65,0,0,0,0,0,1,2,13
,2016_50030,39.773538,-104.841432,5/26/2016 15:22,15:22,15,0,0,I70 WB RAMP OFF & PEORIA STREET,2,1,1,1,1,14,,0,55,0,0,0,0,0,1,2,13
,2016_50031,39.773522,-104.841248,7/10/2016 11:51,11:51,12,0,1,I70 WB ON RAMP & FROM I225 RAMP END,1,1,1,0,1,14,,0,55,0,0,0,0,2,1,2,7
,2016_50032,39.773028,-104.835517,11/3/2016 18:44,18:44,12,0,0,I70 & I225 SOUTHBOUND ON RAMP,1,3,0,0,1,4,,0,55,0,0,0,0,0,1,3,14
,2016_50033,39.772901,-104.834038,8/25/2016 16:31,16:31,12,0,0,I70 WB RAMP ON & I225 FLYOVER OFF APPROXIMATELY,2,1,1,1,1,14,,0,55,0,0,0,0,0,1,3,12
,2016_50048,39.790927,-105.062706,8/23/2016 7:40,7:40,12,0,0,I76 & MM 1,1,1,0,0,1,4,,0,65,0,0,0,0,1,1,2,13
,2016_50049,39.719435,-105.025169,10/31/2016 2:14,2:14,5,0,0,FEDERAL BOULEVARD NORTH & PARK PLACE WEST,1,3,0,0,3,4,,0,35,0,0,0,0,1,2,1,5
,2016_50092,39.701976,-104.91158,8/4/2016 15:07,15:07,3,0,0,LEETSDALE DRIVE 6600 BLOCK & MONACO STREET SOUTH,1,1,0,0,1,2,,0,35,0,0,0,0,0,2,2,13
,2016_50103,39.672505,-104.867951,9/29/2016 18:18,18:18,3,0,0,HARVARD AVENUE EAST & PARKER ROAD SOUTH,1,1,1,0,1,3,,0,25,0,0,0,0,0,2,2,7
,2016_50105,39.698614,-104.903606,11/17/2016 19:25,19:25,12,0,0,PARKER ROAD 1000 BLOCK SOUTH & QUINCE STREET,4,3,0,2,1,4,,0,35,0,0,0,0,1,2,2,14
,2016_50106,39.701563,-104.911077,1/27/2016 19:10,19:10,12,0,0,LEETSDALE DRIVE 6600 BLOCK & MONACO PARKWAY SOUTH,1,3,0,0,1,3,,0,35,0,0,0,0,1,2,2,5
,2016_50107,39.702079,-104.911706,12/1/2016 17:35,17:35,1,0,0,LEETSDALE DRIVE 6700 BLOCK EAST & MONACO PARKWAY SOUTH,1,3,0,0,1,2,,0,35,0,0,0,0,0,2,2,13
,2016_50108,39.702954,-104.912867,6/16/2016 12:10,12:10,12,0,0,LEETSDALE DRIVE & MONACO STREET SOUTH,1,1,1,0,1,4,,0,35,0,0,0,0,0,2,3,14
,2016_50109,39.70385,-104.914592,11/9/2016 15:26,15:26,12,0,0,LEETSDALE DRIVE 6400 BLOCK EAST & EXPOSITION AVENUE EAST,1,1,0,0,1,4,,0,35,0,0,0,0,0,2,3,13
,2016_50110,39.707476,-104.923007,11/17/2016 9:48,9:48,12,0,0,LEETSDALE DRIVE 5500 BLOCK & HOLLY STREET SOUTH,1,1,0,0,1,4,,0,30,0,0,0,0,0,2,2,3
,2016_50141,39.671091,-104.995059,7/22/2016 3:15,3:15,5,0,0,SANTA FE DRIVE & 2500 BLOCK SOUTH,1,3,0,0,3,4,,0,45,0,0,0,0,0,2,1,13
,2016_50142,39.687188,-104.991945,9/13/2016 6:40,6:40,12,0,0,SANTA FE DRIVE SOUTH & IOWA AVENUE WEST,1,1,0,0,1,3,,0,40,0,0,0,0,0,2,2,13
,2016_50143,39.687439,-104.991942,7/9/2016 10:30,10:30,1,0,0,SANTA FE DRIVE SOUTH & IOWA AVENUE WEST,1,1,0,0,1,1,,0,45,0,0,0,0,0,2,2,14
,2016_50144,39.687439,-104.991942,7/26/2016 14:40,14:40,12,0,0,SANTA FE DRIVE SOUTH & IOWA AVENUE WEST,1,1,0,0,1,3,,0,55,0,0,0,0,0,2,3,3
,2016_50145,39.689197,-104.992003,6/22/2016 16:29,16:29,15,0,0,SANTA FE DRIVE 1500 SOUTH BLOCK & FLORIDA AVENUE EAST,1,1,0,0,1,1,,0,45,0,0,0,0,0,2,2,14
,2016_50146,39.696679,-104.991877,9/30/2016 10:14,10:14,10,0,0,SANTA FE DRIVE SOUTH & MISSISSIPPI AVENUE WEST,1,1,0,0,1,1,,0,45,0,0,0,0,0,2,2,8
,2016_50147,39.697013,-104.991785,9/16/2016 17:17,17:17,12,0,0,SANTA FE DRIVE & MISSISSIPPI AVENUE WEST,1,1,1,0,1,4,,0,,0,0,0,0,0,2,2,13
,2016_50149,39.697414,-104.991763,3/19/2016 20:23,20:23,6,0,0,SANTA FE DRIVE 1000 BLOCK SOUTH & MISSISSIPPI AVENUE WEST,1,3,0,0,1,4,,0,30,0,0,0,0,0,2,2,14
,2016_50150,39.699596,-104.992165,3/15/2016 7:12,7:12,15,0,0,SANTA FE DRIVE 800 BLOCK SOUTH & MISSISSIPPI AVENUE,1,1,0,0,1,4,,0,35,0,0,0,0,0,2,2,13
,2016_50161,39.737983,-105.025273,2/10/2016 7:26,7:26,15,0,0,FEDERAL BOULEVARD NORTH & HOWARD PLACE WEST,1,1,0,0,1,3,,0,35,0,0,0,0,0,2,2,14
,2016_50162,39.725357,-105.025125,10/10/2016 13:23,13:23,10,0,0,SIXTH AVENUE WB OFF RAMP & FEDERAL BOULEVARD NORTH,1,1,1,0,1,1,,0,35,0,0,0,0,1,2,2,13
,2016_50163,39.724876,-105.025125,9/17/2016 14:15,14:15,12,0,0,FEDERAL BOULEVARD NORTH & SIXTH AVENUE WEST,1,1,0,0,1,3,,0,35,0,0,0,0,0,2,2,13
,2016_50164,39.710806,-105.025084,10/11/2016 8:40,8:40,12,0,1,FEDERAL BOULEVARD NORTHBOUND & 300 BLOCK SOUTH,1,1,1,0,1,4,,0,40,0,0,0,0,2,2,2,1
,2016_50165,39.700406,-105.025085,4/23/2016 21:44,21:44,15,0,0,FEDERAL BOULEVARD SOUTH & KENTUCKY AVENUE WEST,1,4,0,0,1,3,,0,35,0,0,0,0,0,2,2,14
,2016_50166,39.700406,-105.025085,6/18/2016 13:50,13:50,1,0,0,KENTUCKY AVENUE WEST & FEDERAL BOULEVARD SOUTH,1,1,0,0,1,1,,0,35,0,0,0,0,0,2,2,14
,2016_50167,39.700406,-105.025085,11/19/2016 17:08,17:08,1,0,0,FEDERAL BOULEVARD SOUTH & KENTUCKY AVENUE WEST,1,3,0,0,1,1,,0,35,0,0,0,0,1,2,2,13
,2016_50168,39.691264,-105.02505,1/29/2016 15:25,15:25,1,0,0,FEDERAL BOULEVARD SOUTH & ARKANSAS AVENUE WEST,1,1,0,0,1,1,,0,,0,0,0,0,0,2,2,5
,2016_50169,39.689495,-105.025043,10/4/2016 6:30,6:30,15,0,0,FEDERAL BOULEVARD SOUTH & FLORIDA AVENUE WEST,1,1,0,1,1,1,,0,40,0,0,0,0,0,2,2,13
,2016_50171,39.6892,-105.025042,7/10/2016 9:56,9:56,12,0,0,FEDERAL BOULEVARD 1500 BLOCK SOUTH & FLORIDA AVENUE WEST,1,1,1,0,1,4,,0,35,0,0,0,0,0,2,2,4
,2016_50172,39.684925,-105.025026,12/8/2016 15:28,15:28,1,0,0,FEDERAL BOULEVARD & COLORADO AVENUE WEST,1,2,1,0,1,1,,0,40,0,0,0,0,0,2,2,8
,2016_50174,39.682275,-105.025016,4/26/2016 15:47,15:47,1,0,0,FEDERAL BOULEVARD SOUTH & JEWELL AVENUE WEST,2,1,0,1,1,1,,0,35,0,0,0,0,1,2,2,14
,2016_50175,39.682275,-105.025016,10/6/2016 8:10,8:10,12,0,0,FEDERAL BOULEVARD SOUTH & JEWELL AVENUE WEST,2,1,0,0,1,4,,0,40,0,0,0,0,0,2,2,7
,2016_50176,39.67863,-105.025035,7/1/2016 12:13,12:13,15,0,0,EVANS AVENUE WEST & FEDERAL BOULEVARD SOUTH,1,1,0,0,1,3,,0,35,0,0,0,0,0,2,2,7
,2016_50177,39.676736,-105.025046,9/23/2016 18:28,18:28,1,0,0,FEDERAL BOULEVARD SOUTH & WARREN AVENUE WEST ROAD EAST,1,1,0,0,1,1,,0,35,0,0,0,0,0,2,2,13
,2016_50178,39.674696,-105.025057,7/11/2016 14:16,14:16,12,0,0,FEDERAL BOULEVARD SOUTH & ILIFF AVENUE WEST,1,1,0,0,1,3,,0,40,0,0,0,0,1,2,2,7
,2016_50179,39.6712,-105.025075,1/8/2016 3:14,3:14,5,0,0,FEDERAL BOULEVARD SOUTH & VASSAR AVENUE WEST,5,1,0,2,3,1,,0,25,0,0,0,0,0,2,1,13
,2016_50217,39.695178,-105.053229,6/14/2016 16:53,16:53,1,0,1,SHERIDAN BOULEVARD SOUTH & ARIZONA AVENUE WEST,1,1,1,0,1,1,,0,35,0,0,0,0,2,2,3,14
,2016_50221,39.725432,-105.05314,5/15/2016 18:55,18:55,12,0,0,SHERIDAN BOULEVARD & SIXTH AVENUE WEST,1,2,0,0,1,4,,0,35,0,0,0,0,0,2,3,1
,2016_50223,39.725589,-105.053132,9/30/2016 8:30,8:30,12,0,0,SHERIDAN BOULEVARD NORTH SOUTH & SIXTH AVENUE WEST INTCH,1,1,1,0,1,4,,0,35,0,0,0,0,1,2,2,7
,2016_50332,39.653202,-105.05027,8/9/2016 0:44,0:44,5,0,1,HAMPDEN AVENUE WEST & MM 256.71,1,3,0,0,2,4,,0,65,0,0,0,0,2,2,1,5
,2016_50356,39.634337,-104.900987,3/18/2016 2:30,2:30,6,0,1,I225 NORTHBOUND ON RAMP & I25 SOUTHBOUND,4,3,1,2,1,14,,0,55,0,0,0,0,2,1,2,7
,2016_50357,39.635117,-104.895956,8/4/2016 10:56,10:56,12,0,0,I225 SOUTHBOUND ON RAMP & TAMARAC STREET,1,1,1,0,1,14,,0,30,0,0,0,0,0,1,2,3
,2016_50358,39.635522,-104.893462,11/15/2016 12:10,12:10,3,0,0,I225 SOUTHBOUND OFF RAMP & TAMARAC STREET,1,1,0,0,1,1,,0,35,0,0,0,0,1,1,2,3
,2016_50359,39.635522,-104.893462,12/26/2016 17:40,17:40,1,0,0,DTC BOULEVARD & I225 NORTHBOUND ON RAMP,1,3,0,0,1,1,,0,35,0,0,0,0,1,1,2,13
,2016_50360,39.63556,-104.89332,7/27/2016 9:08,9:08,12,0,1,I225 & TAMARAC STREET,1,1,0,0,1,4,,0,55,0,0,0,0,2,1,2,7
,2016_50361,39.636563,-104.890689,11/28/2016 7:53,7:53,15,0,0,I225 SOUTHBOUND OFF RAMP & TAMARAC STREET,1,1,0,0,1,14,,0,25,0,0,0,0,0,1,2,3
,2016_50362,39.639223,-104.885207,7/12/2016 16:48,16:48,15,0,0,I225 & YOSEMITE STREET,1,1,0,0,1,4,,0,65,0,0,0,0,0,1,2,13
,2016_50363,39.639223,-104.885207,10/18/2016 7:20,7:20,12,0,0,I225 SOUTHBOUND OFF RAMP & YOSEMITE STREET,1,1,0,0,1,3,,0,30,0,0,0,0,0,1,2,3
,2016_50364,39.639465,-104.884712,9/28/2016 6:00,6:00,12,0,0,I225 & YOSEMITE STREET SOUTH,1,3,0,0,1,4,,0,55,0,0,0,0,0,1,2,13
,2016_50365,39.640574,-104.882467,8/17/2016 15:49,15:49,12,0,0,I225 NORTHBOUND RAMP METER FROM & YOSEMITE STREET SOUTH,1,1,1,0,1,14,,0,40,0,0,0,0,1,1,2,14
,2016_50379,39.65298,-104.931503,5/18/2016 8:19,8:19,1,0,0,HAMPDEN AVENUE EAST & HAPPY CANYON ROAD EAST ROAD SOUTH,1,1,0,0,1,1,,0,35,0,0,0,0,0,2,2,8
,2016_50397,39.780781,-104.966774,4/8/2016 19:32,19:32,1,0,0,BRIGHTON BOULEVARD NORTH & 46TH AVENUE EAST FRONTAGE ROAD,1,3,0,0,1,1,,0,35,0,0,0,0,0,2,2,14
,2016_50398,39.785762,-104.966671,8/17/2016 10:30,10:30,5,0,0,BRIGHTON BOULEVARD & 46TH AVENUE EAST FRONTAGE ROAD,1,1,0,0,3,1,,0,,0,0,0,0,0,2,1,13
,2016_50399,39.793892,-104.956292,8/28/2016 20:40,20:40,5,0,1,BRIGHTON BOULEVARD 5380 & CHANGE IN FUNCTION LOC,1,3,1,0,3,2,,0,35,0,0,0,0,2,2,1,5
,2016_50406,39.782797,-104.900751,5/25/2016 15:12,15:12,12,0,0,I270 WB & NORTHFIELD / QUEBEC STREET,1,1,0,0,1,4,,0,55,0,0,0,0,0,1,2,14
,2016_50430,39.65298,-104.931126,4/7/2016 10:33,10:33,15,0,0,HAMPDEN AVENUE & 4800 BLOCK EAST,1,1,1,0,1,4,,1,40,0,0,0,0,0,2,2,13
,2016_50432,39.75854,-105.025143,6/22/2016 10:45,10:45,3,0,1,FEDERAL BOULEVARD NORTH & 29TH AVENUE WEST,1,1,0,0,1,1,,0,35,0,0,0,0,2,2,2,13
,2016_50433,39.766664,-105.025171,5/18/2016 7:15,7:15,12,0,0,FEDERAL BOULEVARD & 36TH AVENUE WEST,1,1,0,0,1,3,,0,35,0,0,0,0,0,2,2,14
,2016_50434,39.782129,-105.025225,7/4/2016 14:25,14:25,12,0,0,FEDERAL BOULEVARD NORTH & 47TH AVENUE WEST,1,1,0,0,1,1,,0,35,0,0,0,0,1,2,2,5
,2016_50435,39.783705,-105.025224,11/29/2016 8:56,8:56,12,0,0,FEDERAL BOULEVARD NORTH & I70 APPROXIMATELY,1,1,0,0,1,3,,0,35,0,0,0,0,0,2,2,14
,2016_50436,39.78571,-105.025223,6/5/2016 2:36,2:36,15,0,0,49TH AVENUE WEST & FEDERAL BOULEVARD NORTH,1,3,0,0,1,1,,0,35,0,0,0,0,0,2,2,13
,2016_50437,39.786283,-105.025223,10/22/2016 11:54,11:54,12,0,0,FEDERAL BOULEVARD & 49TH AVENUE,1,1,0,0,1,4,,0,35,0,0,0,0,0,2,4,3
,2016_50438,39.787424,-105.025217,7/31/2016 21:19,21:19,1,0,0,FEDERAL BOULEVARD NORTH & 50TH AVENUE WEST,1,3,0,0,1,1,,0,30,0,0,0,0,1,2,3,13
,2016_50518,39.674578,-104.930362,10/15/2016 22:45,22:45,5,0,1,I25 NORTHBOUND & MM 203.2,1,3,0,0,2,4,,0,60,0,0,0,0,2,1,1,14
,2016_50519,39.653539,-104.940574,1/7/2016 17:40,17:40,15,0,0,COLORADO BOULEVARD 3400 BLOCK SOUTH & HAMPDEN AVENUE EAST,2,3,1,2,1,4,,0,35,0,0,0,0,0,2,2,13
,2016_50520,39.675036,-104.940628,12/6/2016 14:40,14:40,1,0,1,COLORADO BOULEVARD SOUTH & ILIFF AVENUE EAST,1,1,0,0,1,1,,0,35,0,0,0,0,2,2,2,13
,2016_50521,39.67843,-104.940638,5/29/2016 22:40,22:40,3,0,0,COLORADO BOULEVARD SOUTH & EVANS AVENUE EAST,1,4,0,0,1,1,,0,40,0,0,0,0,0,2,2,13
,2016_50522,39.67843,-104.940638,11/1/2016 21:55,21:55,1,0,0,COLORADO BOULEVARD SOUTH & EVANS AVENUE EAST,1,4,0,0,1,1,,0,35,0,0,0,0,0,2,2,14
,2016_50523,39.679844,-104.940642,3/26/2016 20:16,20:16,15,0,0,COLORADO BOULEVARD & BUCHTEL BOULEVARD SOUTH,1,3,1,0,1,4,,0,35,0,0,0,0,0,2,2,1
,2016_50524,39.685384,-104.940543,10/18/2016 13:05,13:05,15,0,0,COLORADO BOULEVARD 1900 BLOCK SOUTH & MEXICO AVENUE EAST,1,1,1,0,1,4,,0,35,0,0,0,0,0,2,2,13
,2016_50525,39.685533,-104.940543,4/22/2016 11:43,11:43,10,0,0,COLORADO BOULEVARD SOUTH & MEXICO AVENUE EAST,1,1,0,0,1,3,,0,35,0,0,0,0,0,2,2,14
,2016_50526,39.687326,-104.940544,11/25/2016 12:08,12:08,12,0,0,IOWA AVENUE EAST & COLORADO BOULEVARD SOUTH,1,5,1,0,1,1,,0,30,0,0,0,0,0,2,2,13
,2016_50529,39.71339,-104.940611,3/18/2016 17:10,17:10,15,0,0,COLORADO BOULEVARD & ALAMEDA AVENUE EAST,1,1,0,0,1,3,,0,35,0,0,0,0,0,2,2,7
,2016_50531,39.719664,-104.940609,7/30/2016 12:54,12:54,1,0,0,COLORADO BOULEVARD NORTH & FIRST AVENUE EAST,1,1,1,0,1,1,,0,40,0,0,0,0,0,2,2,3
,2016_50532,39.722728,-104.940608,10/22/2016 12:41,12:41,12,0,0,COLORADO BOULEVARD NORTH & THIRD AVENUE,1,1,1,0,1,3,,0,30,0,0,0,0,0,2,3,3
,2016_50533,39.724479,-104.940607,12/9/2016 14:55,14:55,12,0,0,COLORADO BOULEVARD 400 BLOCK NORTH & FIFTH AVENUE EAST,1,1,0,0,1,4,,0,35,0,0,0,0,0,2,2,13
,2016_50534,39.724625,-104.940607,6/2/2016 15:32,15:32,12,0,0,COLORADO BOULEVARD NORTH & FIFTH AVENUE EAST,1,1,1,0,1,4,,0,30,0,0,0,0,0,2,2,14
,2016_50535,39.724625,-104.940607,7/19/2016 12:41,12:41,15,0,0,COLORADO BOULEVARD 300 BLOCK NORTH & FOURTH AVENUE EAST,1,1,1,0,1,4,,0,30,0,0,0,0,0,2,2,13
,2016_50536,39.731482,-104.940604,7/14/2016 9:40,9:40,15,0,0,COLORADO BOULEVARD NORTH & NINTH AVENUE EAST,1,1,0,0,1,4,,0,35,0,0,0,0,0,2,2,14
,2016_50537,39.73834,-104.940602,9/8/2016 7:59,7:59,12,0,0,COLORADO BOULEVARD NORTH & 14TH AVENUE EAST,1,1,0,0,1,4,,0,35,0,0,0,0,0,2,2,1
,2016_50539,39.73834,-104.940602,11/6/2016 12:45,12:45,12,0,0,COLORADO BOULEVARD NORTH & 14TH AVENUE EAST,1,1,0,0,1,4,,0,35,0,0,0,0,0,2,3,3
,2016_50540,39.740236,-104.940601,2/9/2016 7:34,7:34,14,0,0,COLFAX AVENUE EAST & COLORADO BOULEVARD NORTH,1,1,0,0,1,1,,0,30,0,0,0,0,0,2,2,13
,2016_50541,39.749136,-104.940598,4/9/2016 12:41,12:41,3,0,0,COLORADO BOULEVARD NORTH & 22ND AVENUE EAST,1,1,0,0,1,1,,0,30,0,0,0,0,0,2,2,8
,2016_50542,39.749866,-104.940598,10/3/2016 8:50,8:50,12,0,0,COLORADO BOULEVARD & 22ND AVENUE NORTH,1,1,0,0,1,3,,0,35,0,0,0,0,0,2,2,7
,2016_50543,39.758284,-104.940525,4/14/2016 15:11,15:11,1,0,0,COLORADO BOULEVARD NORTH & 29TH AVENUE EAST,1,1,0,0,1,1,,0,35,0,0,0,0,0,2,2,14
,2016_50544,39.761914,-104.940511,6/19/2016 2:10,2:10,1,0,0,MLK BOULEVARD EAST & COLORADO BOULEVARD NORTH,1,3,0,0,1,1,,0,35,0,0,0,0,0,2,2,2
,2016_50545,39.761914,-104.940511,12/7/2016 9:32,9:32,15,0,0,COLORADO BOULEVARD 3000 BLOCK NORTH & MLK BOULEVARD,5,1,0,0,1,1,,0,35,0,0,0,0,0,2,2,7
,2016_50546,39.77302,-104.940511,12/17/2016 17:45,17:45,12,0,0,COLORADO BOULEVARD NORTH & 40TH AVENUE EAST,4,3,0,0,1,1,,0,30,0,0,0,0,0,2,4,1
,2016_50547,39.781384,-104.940487,5/15/2016 15:05,15:05,15,0,0,COLORADO BOULEVARD NORTH & I70 EASTBOUND,1,1,0,0,1,1,,0,40,0,0,0,0,0,2,2,13
,2016_50563,39.725649,-105.052644,1/14/2016 20:45,20:45,5,0,0,SIXTH AVENUE WEST & SHERIDAN BOULEVARD NORTH,1,3,0,0,1,4,,0,55,0,0,0,0,0,2,2,16
,2016_50564,39.725625,-105.047576,5/5/2016 6:30,6:30,12,0,1,SIXTH AVENUE 4700 BLOCK WEST & WINONA COURT NORTH,1,1,0,0,1,4,,0,55,0,0,0,0,2,2,2,7
,2016_50565,39.725455,-105.032456,12/15/2016 6:40,6:40,12,0,0,SIXTH AVENUE WEST & KNOX COURT NORTH,1,2,1,0,1,4,,0,55,0,0,0,0,0,2,3,13
,2016_50566,39.725416,-105.02564,11/12/2016 11:48,11:48,12,0,0,SIXTH AVENUE WEST WB RAMP ON & FEDERAL BOULEVARD NORTH,1,1,0,0,1,14,,0,25,0,0,0,0,0,2,2,13
,2016_50567,39.725416,-105.025449,1/4/2016 18:10,18:10,12,0,0,SIXTH AVENUE WEST & FEDERAL BOULEVARD NORTH,1,3,0,0,1,4,,0,55,0,0,0,0,0,2,3,13
,2016_50568,39.725415,-105.025068,6/19/2016 17:09,17:09,12,0,0,SIXTH AVENUE WEST & FEDERAL BOULEVARD NORTH,1,1,0,0,1,4,,0,55,0,0,0,0,0,2,2,13
,2016_50569,39.782088,-104.949402,9/23/2016 17:11,17:11,12,0,0,VASQUEZ BOULEVARD NORTH & 4700 BLOCK,1,1,0,0,1,4,,0,30,0,0,0,0,0,2,2,13
,2016_50606,39.684912,-104.956726,7/27/2016 17:20,17:20,12,0,0,I25 & UNIVERSITY BOULEVARD SOUTH,1,1,0,0,1,4,,0,,0,0,0,0,0,1,2,13
,2016_50626,39.732306,-105.015587,11/2/2016 9:58,9:58,5,0,0,I25 & 10TH AVENUE,1,1,0,0,3,4,,0,55,0,0,0,0,0,1,2,3
,2016_50631,39.628541,-104.9042,12/6/2016 7:54,7:54,12,0,0,I25 & UNION AVENUE EAST,1,5,0,0,1,4,,0,65,0,0,0,0,0,1,2,3
,2016_50632,39.632192,-104.905941,11/18/2016 0:00,0:00,5,0,0,I25 & MM 200,11,3,1,0,3,4,,0,65,0,0,0,0,0,1,1,13