id,drcog_id,latitude,longitude,crashtime,time,crashtype,numbkilled,numbinjurd,drcoglocat,rdconditin,lightngcon,roadcntgrd,weatherco,location,roaddescrp,schoolzone,constrzone,splimit,bikeinv,pedinv,sctrinv,motoinv,svrty,rdsystem,ttlvehcls,hcf
,2016_50633,39.633773,-104.906614,2/24/2016 7:45,7:45,15,0,0,I25  & MM 200.10,1,1,0,0,1,4,,0,65,0,0,0,0,0,1,2,16
,2016_50634,39.63902,-104.910116,6/28/2016 12:39,12:39,12,0,0,I25 HIGHWAY NORTHBOUND  & QUINCY AVENUE EAST,1,1,0,0,1,4,,0,55,0,0,0,0,0,1,2,13
,2016_50635,39.639103,-104.91017,7/6/2016 8:30,8:30,12,0,0,I25 SOUTHBOUND & QUINCY AVENUE EAST,1,1,0,0,1,4,,0,65,0,0,0,0,0,1,2,13
,2016_50636,39.646572,-104.914546,3/10/2016 6:53,6:53,12,0,0,I25 & HAMPDEN AVENUE EAST,1,1,0,0,1,4,,0,55,0,0,0,0,1,1,4,13
,2016_50637,39.655851,-104.919522,11/18/2016 10:52,10:52,12,0,1,I25 & HAMPDEN AVENUE,2,1,1,0,1,4,,0,65,0,0,0,0,2,1,3,1
,2016_50638,39.661071,-104.921837,4/20/2016 8:00,8:00,12,0,0,I25 & YALE AVENUE EAST,1,1,1,0,1,4,,0,65,0,0,0,0,0,1,3,13
,2016_50639,39.667623,-104.925611,4/27/2016 16:37,16:37,12,0,0,I25 & YALE AVENUE EAST,1,1,0,0,1,4,,0,65,0,0,0,0,0,1,2,13
,2016_50641,39.667623,-104.925611,8/25/2016 17:06,17:06,12,0,0,I25 & YALE AVENUE EAST,1,1,0,0,1,4,,0,60,0,0,0,0,1,1,4,1
,2016_50642,39.667623,-104.925611,9/26/2016 7:05,7:05,12,0,0,I25 & YALE AVENUE EAST,1,1,0,0,1,4,,0,65,0,0,0,0,0,1,2,13
,2016_50643,39.667623,-104.925611,2/24/2016 9:05,9:05,15,0,0,YALE AVENUE 5300 BLOCK EAST & I25,1,1,0,0,1,4,,0,30,0,0,0,0,0,1,2,14
,2016_50644,39.67771,-104.932988,6/8/2016 12:01,12:01,15,0,0,I25 NORTHBOUND RAMP & EXIT GORE POINT TO COLORADO BOULEVARD,1,1,0,0,1,4,,0,55,0,0,0,0,0,1,2,13
,2016_50645,39.678367,-104.933559,8/5/2016 8:14,8:14,12,0,0,I25 SOUTHBOUND & EVANS AVENUE EAST,1,1,0,0,1,4,,0,60,0,0,0,0,1,1,4,3
,2016_50646,39.723536,-105.011305,10/30/2016 12:14,12:14,12,0,0,I25 & SIXTH AVENUE WEST INTERCHANGE,1,1,0,0,1,4,,0,55,0,0,0,0,0,1,2,3
,2016_50647,39.679559,-104.934603,7/18/2016 8:59,8:59,12,0,0,I25 NORTHBOUND ON RAMP METER LIGHT & EVANS AVENUE EAST,1,1,0,0,1,14,,0,55,0,0,0,0,0,1,2,3
,2016_50648,39.683235,-104.941063,8/2/2016 7:23,7:23,12,0,0,I25 SOUTHBOUND & COLORADO BOULEVARD SOUTH,1,1,0,0,1,4,,0,60,0,0,0,0,0,1,2,1
,2016_50649,39.684917,-104.950829,7/25/2016 16:33,16:33,12,0,0,I25 SOUTHBOUND & MM 204.60,1,1,0,0,1,4,,0,60,0,0,0,0,0,1,2,1
,2016_50650,39.684903,-104.952991,6/25/2016 19:15,19:15,12,0,0,I25 HIGHWAY NORTHBOUND  & UNIVERSITY BOULEVARD SOUTH,1,5,0,0,1,4,,0,60,0,0,0,0,0,1,2,13
,2016_50651,39.684905,-104.954871,4/12/2016 6:56,6:56,12,0,0,I25 & UNIVERSITY BOULEVARD SOUTH,1,1,0,0,1,4,,0,60,0,0,0,0,0,1,4,3
,2016_50652,39.68492,-104.959509,6/10/2016 14:45,14:45,12,0,0,I25 & UNIVERSITY BOULEVARD SOUTH,1,1,0,0,1,4,,0,60,0,0,0,0,0,1,2,13
,2016_50653,39.690115,-104.973561,4/1/2016 16:04,16:04,15,0,0,I25 & DOWNING STREET SOUTH,1,1,1,0,1,4,,0,55,0,0,0,0,1,1,4,1
,2016_50654,39.692652,-104.977333,3/2/2016 15:39,15:39,12,0,0,I25 & EMERSON STREET SOUTH,1,1,0,0,1,4,,0,60,0,0,0,0,0,1,2,13
,2016_50655,39.700838,-104.986681,9/28/2016 22:45,22:45,12,0,0,BROADWAY 800 BLOCK SOUTH & KENTUCKY AVENUE,1,3,0,0,1,4,,0,60,0,0,0,0,0,1,3,13
,2016_50656,39.700838,-104.986681,2/29/2016 16:33,16:33,12,0,0,BROADWAY & KENTUCKY AVENUE EAST,1,1,0,0,1,3,,0,30,0,0,0,0,1,1,2,3
,2016_50657,39.700838,-104.986681,7/17/2016 14:37,14:37,3,0,0,KENTUCKY  & BROADWAY SOUTH,1,1,1,0,1,1,,0,30,0,0,0,0,1,1,2,13
,2016_50658,39.701466,-104.987451,11/22/2016 17:27,17:27,12,0,0,I25 SOUTHBOUND & BROADWAY,1,3,0,0,1,4,,0,60,0,0,0,0,0,1,2,13
,2016_50659,39.701466,-104.987451,3/17/2016 20:46,20:46,1,0,0,BROADWAY STREET SOUTH & I25 SOUTHBOUND RAMP,2,3,0,2,1,1,,0,30,0,0,0,0,0,1,2,3
,2016_50660,39.70178,-104.987821,7/19/2016 8:03,8:03,15,0,0,I25 & BROADWAY SOUTH INTERCHANGE,1,1,1,0,1,4,,0,60,0,0,0,0,0,1,3,12
,2016_50661,39.710147,-104.998269,7/10/2016 17:52,17:52,12,0,0,I25 NORTHBOUND ENTRANCE GORE POINT  & RAMP END FROM SANTA FE DRIVE SOUTH,1,1,0,0,1,14,,0,55,0,0,0,0,0,1,2,13
,2016_50662,39.711525,-104.999094,5/15/2016 16:19,16:19,12,0,0,I25 & WEST ALAMEDA AVENUE,1,1,0,0,1,4,,0,55,0,0,0,0,0,1,2,3
,2016_50663,39.713041,-105.000001,12/1/2016 6:30,6:30,3,0,0,KALAMATH STREET SOUTH & CEDAR AVENUE WEST,1,1,0,0,1,1,,0,25,0,0,0,0,0,1,2,7
,2016_50664,39.714925,-105.00119,2/1/2016 12:23,12:23,5,0,0,I25 & BAYAUD AVENUE WEST,1,1,0,2,2,4,,0,55,0,0,0,0,0,1,2,13
,2016_50665,39.717811,-105.004406,11/14/2016 18:41,18:41,12,0,0,I25 & MM 208.5,1,3,0,0,1,4,,0,55,0,0,0,0,0,1,3,14
,2016_50666,39.720036,-105.007094,10/22/2016 16:45,16:45,12,0,0,I25 & SIXTH AVENUE,1,1,0,0,1,4,,0,55,0,0,0,0,0,1,3,7
,2016_50667,39.720255,-105.007332,10/17/2016 8:13,8:13,12,0,0,I25 SOUTHBOUND  & SECOND AVENUE WEST,1,1,1,0,1,4,,0,55,0,0,0,0,0,1,2,3
,2016_50668,39.760997,-105.004271,9/13/2016 12:41,12:41,10,0,0,20TH STREET & I25 NORTHBOUND RAMP ON,1,1,0,0,1,1,,0,30,0,0,0,0,0,1,2,3
,2016_50669,39.72244,-105.009858,9/3/2016 14:43,14:43,12,0,0,I25 & SIXTH AVENUE WEST,1,1,0,0,1,4,,0,60,0,0,0,0,0,1,3,3
,2016_50670,39.72244,-105.009858,10/27/2016 9:30,9:30,15,0,0,I25 NORTHBOUND & SIXTH AVENUE INTERCHANGE,1,1,0,0,1,4,,0,55,0,0,0,0,0,1,2,13
,2016_50671,39.722612,-105.0101,11/16/2016 17:05,17:05,12,0,0,I25 & ALAMEDA AVENUE WEST,1,3,0,0,1,4,,0,55,0,0,0,0,0,1,3,13
,2016_50672,39.722419,-105.010456,11/28/2016 18:39,18:39,15,0,0,I25 SOUTHBOUND RAMP OFF & SIXTH AVENUE WB / EASTBOUND RAMP MERGE,1,3,1,0,1,14,,0,55,0,0,0,0,0,1,2,13
,2016_50673,39.723012,-105.010664,2/10/2016 13:02,13:02,15,0,0,I25 & SIXTH AVENUE EASTBOUND OFF RAMP GORE POINT,1,1,0,0,1,4,,0,55,0,0,0,0,0,1,2,14
,2016_50674,39.724932,-105.012646,2/28/2016 16:25,16:25,9,0,1,I25 SOUTHBOUND LOOP RAMP OFF & SIXTH AVENUE INTERCHANGE,1,1,1,0,1,14,,0,55,0,0,0,1,2,1,1,13
,2016_50675,39.725281,-105.012899,5/27/2016 22:26,22:26,15,0,0,I25 & SIXTH AVENUE INTERCHANGE,1,3,0,0,1,4,,0,55,0,0,0,0,0,1,2,13
,2016_50676,39.725281,-105.012899,8/15/2016 8:48,8:48,12,0,0,I25 NORTHBOUND & SIXTH AVENUE INTERCHANGE,1,1,0,0,1,4,,0,55,0,0,0,0,0,1,3,3
,2016_50677,39.725966,-105.013394,5/9/2016 20:01,20:01,5,0,0,I25 RAMP OFF  & SIXTH AVENUE INTERCHANGE,1,3,0,0,3,14,,0,60,0,0,0,0,0,1,2,3
,2016_50678,39.725966,-105.013394,6/17/2016 9:58,9:58,5,0,0,I25 HIGHWAY NORTHBOUND RAMP OFF  & SIXTH AVENUE WEST,7,1,0,0,1,8,,1,55,0,0,0,1,1,1,1,13
,2016_50679,39.729265,-105.014796,7/1/2016 15:10,15:10,12,0,0,I25 SOUTHBOUND & EIGHTH AVENUE WEST INTERCHANGE,1,1,0,0,1,4,,0,,0,0,0,0,0,1,2,13
,2016_50680,39.731669,-105.015535,9/2/2016 15:20,15:20,12,0,0,I25 & NINTH AVENUE WEST,1,1,0,0,1,4,,0,55,0,0,0,0,0,1,2,7
,2016_50682,39.734812,-105.014964,6/16/2016 17:23,17:23,12,0,0,I25 NORTHBOUND  & NORTHBOUND OFF RAMP GORE POINT TO COLFAX,1,1,0,0,1,4,,0,55,0,0,0,0,0,1,2,1
,2016_50683,39.745404,-105.017771,1/17/2016 18:28,18:28,12,0,0,I25 & MILE HIGH STAD.CIR NORTHBOUND LOOP OFF GORE POINT,1,3,0,7,1,4,,0,55,0,0,0,0,0,1,2,4
,2016_50684,39.749701,-105.017257,9/6/2016 8:35,8:35,12,0,0,I25 & 22ND AVENUE WEST OFFSET REF APPROXIMATELY,1,1,0,0,1,4,,0,10,0,0,0,0,0,1,4,7
,2016_50685,39.751295,-105.016566,1/6/2016 14:47,14:47,12,0,0,I25 NORTHBOUND & 23RD AVENUE WEST,1,1,1,0,1,4,,0,55,0,0,0,0,0,1,2,13
,2016_50686,39.751295,-105.016566,11/18/2016 14:04,14:04,12,0,0,I25 & 23RD AVENUE WEST,1,1,1,0,1,4,,0,55,0,0,0,0,0,1,2,13
,2016_50687,39.754929,-105.013016,2/5/2016 3:27,3:27,5,0,1,I25 SOUTHBOUND EXIT GORE POINT & SPEER BOULEVARD NORTH,1,3,0,0,2,14,,0,55,0,0,0,0,2,1,1,5
,2016_50688,39.755118,-105.012754,3/8/2016 18:46,18:46,12,0,0,I25 & SPEER BOULEVARD,1,3,0,0,1,4,,0,55,0,0,0,0,0,1,2,13
,2016_50689,39.758743,-105.007745,2/5/2016 15:00,15:00,12,0,0,I25 & MM 211.8,1,1,0,0,1,4,,0,55,0,0,0,0,0,1,4,7
,2016_50690,39.760997,-105.004271,2/9/2016 9:40,9:40,12,0,0,I25 & 20TH STREET,1,1,0,0,1,4,,0,55,0,0,0,0,0,1,2,13
,2016_50691,39.760997,-105.004271,4/6/2016 10:26,10:26,12,0,0,I25 SOUTHBOUND & 20TH STREET,1,1,0,0,1,4,,0,55,0,0,0,0,0,1,2,7
,2016_50692,39.760997,-105.004271,5/18/2016 15:05,15:05,12,0,0,I25 & 20TH STREET,1,1,1,0,1,4,,0,55,0,0,0,0,0,1,3,3
,2016_50693,39.760997,-105.004271,7/7/2016 7:19,7:19,5,0,0,I25 NORTHBOUND & 20TH STREET INTERCHANGE,1,1,1,0,2,4,,0,55,0,0,0,0,0,1,4,13
,2016_50694,39.760997,-105.004271,10/4/2016 18:38,18:38,12,0,0,20TH STREET & I25 INTCH,1,3,0,0,1,4,,0,35,0,0,0,0,0,1,2,13
,2016_50695,39.762804,-105.002314,4/2/2016 10:55,10:55,12,0,0,I25 SOUTHBOUND OFF RAMP & 20TH STREET,1,1,0,0,1,4,,0,55,0,0,0,0,0,1,2,14
,2016_50696,39.763617,-105.001703,6/23/2016 22:41,22:41,5,0,0,I25 HIGHWAY SOUTHBOUND & 20TH STREET WEST INTERCHANGE,1,3,1,0,2,4,,0,55,0,0,0,0,0,1,1,14
,2016_50697,39.76416,-105.001304,10/13/2016 6:50,6:50,12,0,0,I25 & 20TH STREET,1,2,0,0,1,4,,0,55,0,0,0,0,0,1,3,8
,2016_50698,39.768049,-104.994761,11/10/2016 18:50,18:50,12,0,0,I25 & PARK AVENUE WEST,1,3,0,0,1,4,,0,55,0,0,0,0,0,1,3,13
,2016_50699,39.768049,-104.994761,12/19/2016 16:05,16:05,12,0,0,I25 & 38TH AVENUE,1,1,0,0,1,4,,0,55,0,0,0,0,0,1,2,5
,2016_50700,39.768522,-104.993732,5/28/2016 17:55,17:55,3,0,0,FOX STREET NORTH & I25 SOUTHBOUND OFF RAMP,1,1,0,0,1,1,,0,25,0,0,0,0,0,1,2,13
,2016_50701,39.771236,-104.990561,8/10/2016 7:25,7:25,15,0,0,I25 & 40TH AVENUE WEST,1,1,0,0,1,4,,0,55,0,0,0,0,0,1,2,1
,2016_50702,39.775404,-104.989226,12/18/2016 12:18,12:18,15,0,0,I25 SOUTHBOUND RAMP OFF & PARK AVENUE WEST EXIT GORE POINT,11,3,1,0,1,14,,0,55,0,0,0,0,0,1,2,13
,2016_50703,39.7757,-104.989222,7/6/2016 23:24,23:24,5,0,0,I25 NORTHBOUND RAMP SPLIT  & I70 BEGIN RAMPS C & I,1,3,0,0,3,14,,0,55,0,0,0,0,0,1,2,8
,2016_50704,39.776439,-104.98921,1/20/2016 9:35,9:35,15,0,0,I25 HIGHWAY SOUTHBOUND & 44TH AVENUE WEST SEP,1,1,0,0,1,4,,0,55,0,0,0,0,0,1,2,2
,2016_50705,39.779391,-104.989164,11/8/2016 6:57,6:57,12,0,0,I25 & I70,1,1,0,0,1,4,,0,55,0,0,0,0,0,1,2,3
,2016_50706,39.783855,-104.989142,10/31/2016 15:54,15:54,12,0,0,I25 NORTHBOUND & 48TH AVENUE WEST,1,1,1,0,1,4,,0,55,0,0,0,0,1,1,5,13
,2016_50759,39.711332,-105.053258,12/4/2016 9:09,9:09,12,0,0,SHERIDAN BOULEVARD SOUTH & ALAMEDA AVENUE WEST,1,1,0,0,1,1,,0,35,0,0,0,0,0,2,2,7
,2016_50760,39.711153,-105.034893,4/26/2016 14:50,14:50,3,0,0,ALAMEDA AVENUE WEST & LOWELL BOULEVARD SOUTH,2,1,1,1,1,1,,0,35,0,0,0,0,0,2,2,7
,2016_50761,39.711094,-105.029925,2/1/2016 8:15,8:15,3,0,0,ALAMEDA AVENUE WEST & IRVING STREET,5,1,1,2,1,1,,0,35,0,0,0,0,0,2,2,7
,2016_50762,39.711155,-105.022579,10/24/2016 17:40,17:40,1,0,0,ALAMEDA AVENUE WEST & DECATUR STREET SOUTH,1,1,0,0,1,1,,0,35,0,0,0,0,1,2,2,13
,2016_50763,39.711184,-105.004895,6/29/2016 18:44,18:44,3,0,0,ALAMEDA AVENUE WEST & NAVAJO STREET SOUTH,1,1,0,0,1,2,,0,35,0,0,0,0,0,2,2,7
,2016_50764,39.711184,-105.004151,5/8/2016 11:15,11:15,12,0,0,ALAMEDA AVENUE WEST & NAVAJO STREET SOUTH,1,1,0,0,1,4,,0,35,0,0,0,0,0,2,2,13
,2016_50765,39.711184,-105.003965,2/15/2016 15:12,15:12,1,0,0,ALAMEDA AVENUE WEST & NAVAJO STREET SOUTH,1,1,0,0,1,1,,0,30,0,0,0,0,1,2,3,7
,2016_50766,39.711192,-104.99993,4/7/2016 9:22,9:22,12,0,0,ALAMEDA AVENUE & I25 SOUTHBOUND EXIT RAMP,1,1,0,0,1,3,,0,30,0,0,0,0,1,2,2,13
,2016_50767,39.711208,-104.998391,9/25/2016 17:17,17:17,3,0,0,ALAMEDA AVENUE WEST & KALAMATH STREET SOUTH,1,1,0,0,1,1,,0,35,0,0,0,0,1,2,2,1
,2016_50768,39.653087,-104.914817,3/9/2016 10:48,10:48,15,0,0,HAMPDEN AVENUE 6400 BLOCK EAST & LOCUST STREET SOUTH,1,1,1,0,1,3,,0,40,0,0,0,0,0,2,2,3
,2016_50769,39.653085,-104.913372,1/7/2016 20:22,20:22,3,0,0,HAMPDEN AVENUE 6400 BLOCK EAST & MONACO STREET SOUTH,2,3,0,2,1,2,,0,15,0,0,0,0,0,2,2,3
,2016_50770,39.653084,-104.91283,4/1/2016 17:09,17:09,15,0,0,HAMPDEN AVENUE 6400 BLOCK EAST & MONACO STREET SOUTH,1,1,0,0,1,4,,0,40,0,0,0,0,0,2,2,3
,2016_50771,39.653083,-104.912649,7/20/2016 9:20,9:20,12,0,0,HAMPDEN AVENUE 6500 BLOCK EAST & MONACO STREET SOUTH,1,1,0,0,1,4,,0,40,0,0,0,0,0,2,2,13
,2016_50772,39.65305,-104.884342,9/24/2016 12:55,12:55,3,0,0,HAMPDEN AVENUE EAST & YOSEMITE STREET SOUTH,1,1,0,0,1,2,,0,,0,0,0,0,0,2,2,13
,2016_50773,39.653047,-104.883989,6/19/2016 2:24,2:24,9,0,0,HAMPDEN AVENUE EAST & YOSEMITE STREET SOUTH,1,3,0,0,2,4,,0,45,0,0,0,0,0,2,1,5
,2016_50774,39.65302,-104.876127,6/15/2016 8:35,8:35,12,0,0,HAMPDEN AVENUE EAST & DAYTON STREET SOUTH,1,1,0,0,1,4,,0,40,0,0,0,0,0,2,2,14
,2016_50805,39.777347,-104.903418,9/15/2016 9:40,9:40,15,0,0,QUEBEC STREET & I70 EASTBOUND RAMP,1,1,1,0,1,1,,0,30,0,0,0,0,0,2,2,13
,2016_50826,39.740076,-105.005215,4/27/2016 7:50,7:50,12,0,0,COLFAX AVENUE WEST & SEVENTH STREET,1,1,0,0,1,1,,0,35,0,0,0,0,0,2,2,13
,2016_50831,39.773601,-104.842172,11/28/2016 16:40,16:40,15,0,0,I70 WB OFF RAMP & PEORIA STREET NORTH,1,2,0,0,1,14,,0,,0,0,0,0,0,1,2,13
,2016_50840,39.632192,-104.905941,3/12/2016 21:19,21:19,5,0,0,I25 & MM 200,1,3,0,0,3,4,,0,55,0,0,0,0,0,1,1,14
,2016_50852,39.740335,-105.041738,5/7/2016 13:19,13:19,12,0,0,COLFAX AVENUE WEST & RALEIGH STREET NORTH,2,1,0,1,1,4,,0,35,0,0,0,0,0,2,2,7
,2016_50853,39.740345,-105.015536,10/29/2016 12:10,12:10,3,0,0,COLFAX AVENUE WEST & I25 SOUTHBOUND OFF RAMP,1,1,0,0,1,1,,0,30,0,0,0,0,0,2,2,8
,2016_50854,39.740345,-105.015536,11/26/2016 11:01,11:01,3,0,0,COLFAX AVENUE WEST & I25 SOUTHBOUND OFF RAMP,1,1,1,0,1,1,,0,35,0,0,0,0,0,2,2,13
,2016_50855,39.740341,-105.015338,6/18/2016 16:37,16:37,5,0,1,COLFAX AVENUE WEST & I25,1,1,0,0,2,4,,0,40,0,0,0,0,2,2,1,5
,2016_50856,39.740028,-105.002766,4/10/2016 2:34,2:34,12,0,0,COLFAX AVENUE WEST & MARIPOSA STREET NORTH,1,3,0,0,1,1,,0,35,0,0,0,0,0,2,2,5
,2016_50857,39.740048,-104.999933,2/15/2016 11:00,11:00,1,0,0,COLFAX AVENUE WEST & KALAMATH STREET NORTH,1,1,0,0,1,1,,0,35,0,0,0,0,0,2,2,14
,2016_50858,39.740042,-104.998686,5/4/2016 19:10,19:10,3,0,0,COLFAX AVENUE WEST & SPEER BOULEVARD NORTH SOUTHBOUND,1,1,0,0,1,1,,0,35,0,0,0,0,1,2,2,13
,2016_50859,39.740038,-104.997854,10/28/2016 21:42,21:42,12,0,0,SPEER BOULEVARD NORTHBOUND & COLFAX AVENUE WEST,1,3,0,0,1,3,,0,35,0,0,0,0,1,2,2,13
,2016_50860,39.740005,-104.987167,11/12/2016 17:30,17:30,12,0,0,COLFAX AVENUE WEST & BROADWAY STREET NORTH,1,3,0,0,1,1,,0,30,0,0,0,0,0,2,2,13
,2016_50861,39.740041,-104.983728,2/9/2016 19:52,19:52,8,0,0,COLFAX AVENUE EAST & GRANT STREET NORTH,1,3,0,0,1,1,,0,30,0,0,0,0,0,2,2,15
,2016_50862,39.740028,-104.982228,1/16/2016 23:11,23:11,10,0,0,EAST COLFAX AVENUE & NORTH LOGAN STREET,1,3,0,0,1,1,,0,35,0,0,0,0,0,2,2,13
,2016_50863,39.74,-104.977544,9/15/2016 17:35,17:35,3,0,0,COLFAX AVENUE EAST & CLARKSON STREET NORTH,1,1,0,0,1,1,,0,35,0,0,0,0,0,2,2,13
,2016_50864,39.740084,-104.903536,8/28/2016 12:45,12:45,12,0,0,HIGHWAY 40C / COLFAX AVENUE EAST & QUEBEC STREET NORTH,1,1,0,0,1,1,,0,35,0,0,0,0,0,2,2,13
,2016_50865,39.74,-104.977544,11/14/2016 16:08,16:08,15,0,0,COLFAX AVENUE WEST & 800 BLOCK,1,1,1,0,1,4,,0,30,0,0,0,0,0,2,2,13
,2016_50866,39.740006,-104.974175,9/16/2016 17:25,17:25,12,0,0,COLFAX AVENUE & OGDEN STREET NORTH ROAD SOUTH,1,1,0,0,1,3,,0,30,0,0,0,0,0,2,2,13
,2016_50867,39.740012,-104.970806,3/6/2016 12:50,12:50,12,0,0,COLFAX AVENUE EAST & LAFAYETTE STREET,1,1,0,0,1,1,,0,30,0,0,0,0,0,2,2,13
,2016_50869,39.740013,-104.969496,3/17/2016 17:19,17:19,6,0,0,COLFAX AVENUE 1500 BLOCK EAST & HUMBOLDT STREET,2,1,1,2,1,4,,0,30,0,0,0,0,0,2,2,13
,2016_50870,39.739992,-104.964783,10/4/2016 15:49,15:49,14,0,0,HIGH STREET & COLFAX AVENUE EAST,1,1,1,0,1,3,,0,25,0,0,0,0,0,2,2,7
,2016_50871,39.739986,-104.963653,9/6/2016 15:00,15:00,12,0,0,COLFAX AVENUE EAST & ELIZABETH STREET NORTH,1,1,0,0,1,4,,0,30,0,0,0,0,0,2,3,14
,2016_50873,39.740184,-104.95727,2/10/2016 17:40,17:40,12,0,0,COLFAX AVENUE EAST & ELIZABETH STREET NORTH,1,3,0,0,1,4,,0,35,0,0,0,0,0,2,3,3
,2016_50874,39.740168,-104.952377,10/25/2016 18:45,18:45,15,0,0,COLFAX AVENUE EAST & MILWAUKEE STREET NORTH,1,1,0,0,1,4,,0,30,0,0,0,0,0,2,2,13
,2016_50875,39.74006,-104.938303,9/11/2016 21:20,21:20,5,0,0,COLFAX AVENUE EAST & ASH STREET NORTH,1,3,0,0,3,4,,0,35,0,0,0,0,1,2,1,5
,2016_50876,39.740077,-104.927024,2/1/2016 18:02,18:02,15,0,0,COLFAX AVENUE EAST & FOREST STREET NORTH,5,4,0,2,1,4,,0,35,0,0,0,0,0,2,2,13
,2016_50878,39.74008,-104.920635,9/8/2016 18:00,18:00,12,0,0,COLFAX AVENUE EAST & IVY STREET NORTH,1,1,0,0,1,1,,0,35,0,0,0,0,1,2,2,13
,2016_50879,39.740081,-104.917441,2/3/2016 11:40,11:40,15,0,0,COLFAX AVENUE WB & KEARNEY STREET,2,1,0,0,1,4,,0,35,0,0,0,0,0,2,2,7
,2016_50880,39.740082,-104.912179,11/7/2016 15:11,15:11,12,0,0,COLFAX AVENUE EAST & MONACO PARKWAY NORTH,1,1,0,0,1,4,,0,35,0,0,0,0,0,2,2,3
,2016_50882,39.740085,-104.90222,2/5/2016 15:53,15:53,12,0,0,COLFAX AVENUE EAST & QUINCE STREET NORTH,2,1,0,0,1,3,,0,35,0,0,0,0,1,2,2,1
,2016_50883,39.740085,-104.899966,12/13/2016 23:00,23:00,14,0,0,COLFAX AVENUE 7500 BLOCK EAST & ROSEMARY STREET NORTH,1,3,0,0,1,3,,0,35,0,0,0,0,0,2,3,13
,2016_50884,39.740085,-104.890923,10/11/2016 1:50,1:50,5,0,0,COLFAX AVENUE & VALENTIA STREET EAST,1,3,1,0,3,4,,0,35,0,0,0,0,0,2,1,14
,2016_50943,39.78498,-105.04936,7/1/2016 18:29,18:29,5,0,0,I70 & SHERIDAN BOULEVARD,1,1,1,0,1,4,,0,55,0,0,0,0,0,1,5,8
,2016_50944,39.783526,-105.043893,3/21/2016 11:40,11:40,12,0,0,I70 & TENNYSON STREET NORTH,1,1,0,0,1,4,,0,55,0,0,0,0,0,1,2,2
,2016_50945,39.783357,-105.034655,2/18/2016 14:28,14:28,5,0,0,I70 & LOWELL BOULEVARD NORTH,1,1,0,0,2,4,,0,55,0,0,0,0,0,1,1,15
,2016_50946,39.783934,-105.022112,11/11/2016 15:19,15:19,12,0,0,I70 & FEDERAL BOULEVARD,1,1,0,0,1,4,,0,55,0,0,0,0,0,1,3,14
,2016_50947,39.783149,-105.006371,3/10/2016 7:00,7:00,12,0,0,I70 & PECOS STREET NORTH,1,1,1,0,1,4,,0,55,0,0,0,0,0,1,3,13
,2016_50948,39.783149,-105.006371,10/7/2016 7:30,7:30,3,0,0,PECOS STREET NORTH ROUNDABOUT & I70 WB RAMP OFF,1,1,0,0,1,6,,0,35,0,0,0,0,0,1,2,13
,2016_50949,39.783149,-105.006371,12/1/2016 8:04,8:04,3,0,0,PECOS STREET 4700 BLOCK NORTH ROUNDABOUT & 48TH AVENUE WEST,1,1,0,0,1,6,,0,35,0,0,0,0,0,1,2,14
,2016_50950,39.781472,-104.995096,9/2/2016 15:35,15:35,12,0,0,I70 & MM 273.7,1,1,0,0,1,4,,0,55,0,0,0,0,1,1,2,3
,2016_50951,39.780124,-104.989762,2/28/2016 22:08,22:08,12,0,0,I70 WB OFF RAMP & I25 SOUTHBOUND,1,3,1,0,1,14,,0,55,0,0,0,0,0,1,2,13
,2016_50953,39.779745,-104.985608,10/12/2016 13:27,13:27,15,0,0,I70 & I25 SOUTHBOUND ON RAMP,1,1,0,0,1,4,,0,55,0,0,0,0,0,1,2,8
,2016_50954,39.779441,-104.979019,9/7/2016 9:00,9:00,15,0,0,I70 EASTBOUND & WASHINGTON STREET NORTH,1,1,0,0,1,4,,0,55,0,0,0,0,0,1,2,13
,2016_50955,39.779565,-104.974523,11/10/2016 7:58,7:58,12,0,0,I70 EASTBOUND ON RAMP FROM WASHINGTON STREET & RAMP END,1,1,0,0,1,14,,0,35,0,0,0,0,0,1,2,13
,2016_50956,39.780012,-104.961148,10/31/2016 6:13,6:13,12,0,0,I70 EASTBOUND & YORK STREET NORTH,1,3,0,0,1,4,,0,55,0,0,0,0,0,1,2,8
,2016_50957,39.777105,-104.882575,5/16/2016 6:28,6:28,15,0,0,I70 WB & CENTRAL PARK BOULEVARD NORTH,1,1,0,0,1,4,,0,55,0,0,0,0,0,1,2,3
,2016_50958,39.780016,-104.952802,10/7/2016 17:33,17:33,15,0,0,I70 WB RAMP ON MERGE LANE & STEELE STREET / VASQUEZ BOULEVARD BOULEVARD,1,1,0,0,1,4,,0,55,0,0,0,0,0,1,2,14
,2016_50959,39.779999,-104.949951,1/11/2016 18:03,18:03,15,0,0,I70 WB RAMP ON GORE & HIGHWAY 6 & 85 / VASQUEZ BOULEVARD,1,3,1,0,1,14,,0,55,0,0,0,0,0,1,2,13
,2016_50960,39.779944,-104.940603,9/8/2016 14:51,14:51,12,0,0,I70 & COLORADO BOULEVARD,1,1,0,0,1,4,,0,65,0,0,0,0,0,1,2,13
,2016_50961,39.780045,-104.937093,10/27/2016 18:35,18:35,15,0,0,I70 & COLORADO BOULEVARD,1,3,0,0,1,4,,0,55,0,0,0,0,0,1,2,13
,2016_50962,39.78008,-104.936119,2/15/2016 0:40,0:40,5,0,1,I70 EASTBOUND RAMP OFF GORE POINT & STAPLETON SOUTH DRIVE EAST,1,3,0,0,3,14,,0,40,0,0,0,0,2,1,1,1