id,drcog_id,latitude,longitude,crashtime,time,crashtype,numbkilled,numbinjurd,drcoglocat,rdconditin,lightngcon,roadcntgrd,weatherco,location,roaddescrp,schoolzone,constrzone,splimit,bikeinv,pedinv,sctrinv,motoinv,svrty,rdsystem,ttlvehcls,hcf
,2016_50963,39.778341,-104.92238,6/13/2016 14:00,14:00,12,0,0,I70 & HOLLY STREET NORTH,1,1,0,0,1,4,,0,55,0,0,0,0,0,1,4,12
,2016_50964,39.778283,-104.920038,6/29/2016 7:05,7:05,12,0,1,I70 & IVY STREET NORTH,1,1,0,0,1,4,,0,55,0,0,0,0,2,1,2,13
,2016_50965,39.778289,-104.912566,6/16/2016 13:44,13:44,12,0,0,I70 & MONACO STREET NORTH,1,1,0,0,1,4,,0,55,0,0,0,0,0,1,2,3
,2016_50966,39.778295,-104.904183,5/9/2016 8:36,8:36,12,0,0,I70 WB & QUEBEC STREET NORTH,1,1,0,0,1,4,,0,55,0,0,0,0,1,1,2,13
,2016_50967,39.778297,-104.899991,1/31/2016 2:14,2:14,15,0,0,I70 & QUEBEC STREET NORTH,2,3,0,2,1,4,,0,55,0,0,0,0,1,1,3,1
,2016_50968,39.777139,-104.882953,1/19/2016 6:50,6:50,12,0,0,I70 & CENTRAL PARK BOULEVARD NORTH,2,3,0,2,1,4,,0,55,0,0,0,0,0,1,2,1
,2016_50969,39.777139,-104.882953,3/17/2016 17:10,17:10,12,0,0,I70 & CENTRAL PARK BOULEVARD NORTH,2,1,0,2,1,4,,0,55,0,0,0,0,1,1,2,13
,2016_50970,39.777139,-104.882953,4/16/2016 15:55,15:55,3,0,0,CENTRAL PARK BOULEVARD NORTH  & I70 WB RAMP,6,1,1,2,1,1,,0,40,0,0,0,0,0,1,2,13
,2016_50971,39.776983,-104.881255,12/15/2016 6:45,6:45,12,0,0,I70  & CENTRAL PARK BOULEVARD,1,1,0,0,1,4,,0,55,0,0,0,0,0,1,2,2
,2016_50972,39.775605,-104.865465,1/3/2016 14:20,14:20,15,0,0,I70 & HAVANA STREET NORTH,1,1,0,0,1,4,,0,55,0,0,0,0,0,1,2,14
,2016_50973,39.775573,-104.865095,10/13/2016 9:00,9:00,15,0,0,I70 & HAVANA STREET NORTH,1,1,0,0,1,4,,0,55,0,0,0,0,0,1,2,13
,2016_50974,39.775573,-104.865095,10/27/2016 10:55,10:55,5,0,0,I70 & HAVANA STREET,1,1,0,0,2,4,,0,45,0,0,0,0,0,1,1,13
,2016_50975,39.775573,-104.865095,11/14/2016 19:42,19:42,15,0,0,I70 & HAVANA STREET,1,1,0,0,1,4,,0,55,0,0,0,0,0,1,2,13
,2016_50976,39.77489,-104.857146,8/5/2016 19:00,19:00,12,0,0,I70 & MM 281,1,1,0,0,1,4,,0,55,0,0,0,0,0,1,2,13
,2016_50977,39.773999,-104.846793,7/29/2016 22:20,22:20,12,0,0,I70 WB & PEORIA STREET NORTH,1,3,0,0,1,4,,0,55,0,0,0,0,0,1,2,13
,2016_50978,39.773999,-104.846793,8/19/2016 16:03,16:03,12,0,0,PEORIA STREET 4000 BLOCK NORTH & I70 HIGHWAY EASTBOUND RAMP,1,1,0,0,1,1,,0,35,0,0,0,0,0,1,2,12
,2016_50979,39.773171,-104.837181,7/18/2016 11:50,11:50,15,0,0,I70 WB COLLECTOR RAMP TO PEORIA & I225 RAMP SPLIT,1,1,0,0,1,4,,0,55,0,0,0,0,0,1,2,13
,2016_51039,39.697504,-104.900655,2/23/2016 7:19,7:19,15,0,0,PARKER ROAD SOUTH & QUEBEC STREET SOUTH,2,1,0,0,1,4,,0,40,0,0,0,0,0,2,2,1
,2016_51040,39.698614,-104.903606,7/27/2016 11:37,11:37,12,0,0,QUEBEC STREET SOUTH & LEETSDALE DRIVE,1,1,1,0,1,1,,0,35,0,0,0,0,1,2,2,1
,2016_51041,39.70385,-104.914592,1/16/2016 8:08,8:08,12,0,0,LEETSDALE DRIVE & EXPOSITION AVENUE,1,1,0,0,1,1,,0,35,0,0,0,0,0,2,2,13
,2016_51044,39.70385,-104.914592,7/28/2016 16:00,16:00,15,0,0,LEETSDALE DRIVE & EXPOSITION AVENUE EAST,1,1,1,0,1,1,,0,35,0,0,0,0,0,2,2,3
,2016_51045,39.706598,-104.919887,11/21/2016 15:50,15:50,12,0,0,LEETSDALE DRIVE EAST  & JERSEY STREET SOUTH,1,1,1,0,1,4,,0,35,0,0,0,0,0,2,2,3
,2016_51046,39.707328,-104.922192,2/23/2016 6:15,6:15,12,0,0,HOLLY STREET SOUTH & LEETSDALE DRIVE,1,2,0,0,1,1,,0,35,0,0,0,0,0,2,2,13
,2016_51047,39.707328,-104.922192,11/12/2016 16:45,16:45,12,0,0,LEETSDALE DRIVE 5600 BLOCK & HOLLY STREET SOUTH,1,1,0,0,1,3,,0,35,0,0,0,0,0,2,2,13
,2016_51048,39.7112,-104.936323,9/7/2016 12:35,12:35,15,0,0,ALAMEDA AVENUE EAST & HIGHWAY 83 / LEETSDALE DRIVE,1,1,0,0,1,1,,0,30,0,0,0,0,0,2,2,13
,2016_51049,39.711379,-104.936533,12/2/2016 18:25,18:25,12,0,0,LEETSDALE DRIVE & ALAMEDA AVENUE EAST,1,3,1,0,1,3,,0,35,0,0,0,0,1,2,2,7
,2016_51050,39.714869,-104.940485,1/16/2016 23:07,23:07,12,0,0,BAYAUD AVENUE EAST & LEETSDALE DRIVE,1,3,0,0,1,1,,0,35,0,0,0,0,0,2,2,13
,2016_51070,39.674404,-104.994279,10/11/2016 8:18,8:18,12,0,0,SANTA FE DRIVE & ILIFF AVENUE WEST OFFSET REF,1,1,0,0,1,4,,0,65,0,0,0,0,0,2,2,13
,2016_51071,39.681425,-104.992349,1/31/2016 20:42,20:42,12,0,0,EVANS AVENUE WEST & SANTA FE DRIVE SOUTH,5,3,1,0,1,3,,0,35,0,0,0,0,0,2,2,7
,2016_51072,39.684795,-104.99198,7/22/2016 17:30,17:30,12,0,0,SANTA FE DRIVE 400 BLOCK SOUTH & CHEROKEE STREET SOUTH,1,1,0,0,1,4,,0,35,0,0,0,0,0,2,2,3
,2016_51073,39.696679,-104.991877,1/1/2016 22:40,22:40,15,0,0,SANTA FE DRIVE SOUTH & MISSISSIPPI AVENUE WEST,1,3,0,0,1,1,,0,35,0,0,0,0,0,2,2,13
,2016_51074,39.696679,-104.991877,9/23/2016 18:35,18:35,3,0,0,MISSISSIPPI AVENUE WEST & PLATTE RIVER DRIVE SOUTH,1,1,0,0,1,1,,0,30,0,0,0,0,1,2,2,3
,2016_51075,39.697013,-104.991785,2/17/2016 13:34,13:34,12,0,0,PLATTE RIVER DRIVE SOUTH & MISSISSIPPI AVENUE WEST,1,1,0,0,1,4,,0,35,0,0,0,0,0,2,2,8
,2016_51076,39.704,-104.995314,1/29/2016 8:30,8:30,12,0,0,SANTA FE DRIVE SOUTH & 700 BLOCK SOUTH,1,1,0,0,1,4,,0,30,0,0,0,0,0,2,3,13
,2016_51077,39.704728,-104.995839,11/15/2016 10:12,10:12,12,0,0,SANTA FE DRIVE SOUTHBOUND  & I25 SOUTHBOUND ON RAMP,1,1,1,0,1,1,,0,,0,0,0,0,0,2,2,3
,2016_51086,39.734758,-105.025171,5/2/2016 17:00,17:00,12,0,0,FEDERAL BOULEVARD NORTH & 12TH AVENUE WEST,1,1,0,0,1,1,,0,35,0,0,0,0,0,2,2,7
,2016_51087,39.783003,-105.000523,8/3/2016 8:59,8:59,5,0,0,I70 WB OFF RAMP GORE POINT & PECOS,1,1,0,0,2,14,,0,55,0,0,0,0,0,1,1,2
,2016_51088,39.733202,-105.025175,8/31/2016 8:10,8:10,15,0,0,FEDERAL BOULEVARD & 10TH AVENUE WEST,1,1,0,0,1,3,,0,35,0,0,0,0,0,2,2,14
,2016_51089,39.724876,-105.025125,2/19/2016 11:30,11:30,15,0,0,FEDERAL BOULEVARD NORTH & SIXTH AVENUE WEST,1,1,0,0,1,3,,0,35,0,0,0,0,0,2,2,13
,2016_51090,39.724876,-105.025125,10/18/2016 19:51,19:51,12,0,0,FEDERAL BOULEVARD NORTH & SIXTH AVENUE WEST,1,3,0,0,1,4,,0,35,0,0,0,0,0,2,2,13
,2016_51091,39.71662,-105.025127,5/5/2016 17:37,17:37,1,0,0,FEDERAL BOULEVARD NORTH & ELLSWORTH AVENUE WEST,1,1,0,0,1,1,,0,35,0,0,0,0,0,2,3,7
,2016_51092,39.714831,-105.02514,5/2/2016 10:53,10:53,5,0,0,FEDERAL BOULEVARD SOUTH & BAYAUD AVENUE WEST,1,1,1,0,2,1,,0,35,0,0,0,0,0,2,1,13
,2016_51093,39.711104,-105.025094,1/8/2016 9:05,9:05,12,0,0,FEDERAL BOULEVARD SOUTH & ALAMEDA AVENUE WEST,6,1,0,2,1,1,,0,35,0,0,0,0,0,2,2,13
,2016_51095,39.707768,-105.025082,9/18/2016 12:18,12:18,12,0,0,FEDERAL BOULEVARD SOUTH & VIRGINIA AVENUE WEST,1,1,0,0,1,4,,0,35,0,0,0,0,0,2,4,1
,2016_51096,39.705459,-105.025087,12/15/2016 7:57,7:57,12,0,0,FEDERAL BOULEVARD 600 BLOCK SOUTH & CENTER AVENUE WEST,1,1,0,0,1,4,,0,35,0,0,0,0,0,2,2,13
,2016_51097,39.702075,-105.02506,11/11/2016 5:41,5:41,15,0,0,FEDERAL BOULEVARD & ADA PLACE WEST,1,3,0,0,1,4,,0,35,0,0,0,0,0,2,2,13
,2016_51098,39.698634,-105.025078,4/22/2016 18:05,18:05,6,0,0,TENNESEE AVENUE WEST & FEDERAL BOULEVARD SOUTH,1,1,0,0,1,1,,0,30,0,0,0,0,1,2,2,13
,2016_51099,39.696718,-105.025071,8/8/2016 15:04,15:04,3,0,0,FEDERAL BOULEVARD SOUTH & MISSISSIPPI AVENUE WEST,1,1,0,0,1,1,,0,35,0,0,0,0,0,2,3,7
,2016_51100,39.696718,-105.025071,11/12/2016 16:14,16:14,12,0,0,FEDERAL BOULEVARD SOUTH & MISSISSIPPI AVENUE WEST,1,1,1,0,1,1,,0,40,0,0,0,0,0,2,2,4
,2016_51101,39.696718,-105.025071,12/8/2016 14:57,14:57,12,0,0,FEDERAL BOULEVARD & MISSISSIPPI AVENUE WEST,1,1,0,0,1,3,,0,40,0,0,0,0,1,2,3,7
,2016_51102,39.690379,-105.025047,8/4/2016 18:25,18:25,3,0,0,FEDERAL BOULEVARD SOUTH & FLORIDA AVENUE WEST,1,1,1,0,1,2,,0,35,0,0,0,0,0,2,2,7
,2016_51103,39.689347,-105.025043,8/9/2016 19:04,19:04,15,0,0,FEDERAL BOULEVARD SOUTH & FLORIDA AVENUE WEST,2,1,0,1,1,3,,0,40,0,0,0,0,0,2,2,7
,2016_51104,39.688905,-105.025041,12/11/2016 12:23,12:23,12,0,0,FEDERAL BOULEVARD 1500 BLOCK SOUTH & FLORIDA AVENUE WEST,1,1,1,0,1,4,,0,20,0,0,0,0,1,2,2,7
,2016_51105,39.684925,-105.025026,12/8/2016 15:26,15:26,1,0,0,FEDERAL BOULEVARD & COLORADO AVENUE WEST,1,2,1,0,1,1,,0,40,0,0,0,0,0,2,2,8
,2016_51106,39.682275,-105.025016,11/16/2016 17:50,17:50,1,0,0,FEDERAL BOULEVARD SOUTH & JEWELL AVENUE WEST,1,2,0,0,1,1,,0,35,0,0,0,0,0,2,2,13
,2016_51108,39.678338,-105.025037,10/19/2016 17:53,17:53,12,0,0,FEDERAL BOULEVARD 2100 BLOCK SOUTH & EVANS AVENUE WEST,1,1,0,0,1,3,,0,35,0,0,0,0,1,2,2,14
,2016_51109,39.66105,-105.025162,6/29/2016 16:22,16:22,12,0,0,FEDERAL BOULEVARD SOUTH & DARTMOUTH AVENUE WEST,1,1,0,0,1,4,,0,40,0,0,0,0,0,2,2,5
,2016_51157,39.651763,-105.052959,3/6/2016 20:23,20:23,8,0,1,SHERIDAN BOULEVARD SOUTH & CEDAR AVENUE WEST,1,3,0,0,1,1,,0,25,0,0,0,0,2,2,2,7
,2016_51158,39.679091,-105.053268,4/2/2016 14:56,14:56,15,0,0,SHERIDAN BOULEVARD SOUTH & EVANS AVENUE WEST,1,1,0,0,1,1,,0,35,0,0,0,0,0,2,2,13
,2016_51162,39.695178,-105.053229,8/24/2016 12:59,12:59,3,0,0,SHERIDAN BOULEVARD SOUTH & ARIZONA AVENUE WEST,2,1,0,1,1,1,,0,40,0,0,0,0,0,2,2,7
,2016_51164,39.726278,-105.053133,7/18/2016 10:46,10:46,15,0,0,"SHERIDAN BOULEVARD NORTH & SIXTH AVENUE WEST RAMP OFF ""D""",1,1,0,0,1,1,,0,40,0,0,0,0,0,2,2,7
,2016_51165,39.731335,-105.053224,3/8/2016 10:15,10:15,1,0,0,SHERIDAN BOULEVARD NORTH & NINTH AVENUE WEST,1,1,0,0,1,1,,0,30,0,0,0,0,0,2,2,13
,2016_51202,39.791145,-105.02518,6/13/2016 0:15,0:15,5,0,0,FEDERAL BOULEVARD NORTH & 52ND AVENUE WEST,1,3,0,0,2,1,,0,35,0,0,0,0,0,2,1,5
,2016_51205,39.618006,-105.091112,7/7/2016 13:20,13:20,1,0,0,CRESTLINE AVENUE WEST & WADSWORTH BOULEVARD SOUTH,1,1,0,0,1,1,,0,35,0,0,0,0,0,2,2,2
,2016_51280,39.629871,-104.904931,2/2/2016 15:44,15:44,6,0,0,I25 FLYOVER TO & I225,4,1,1,0,1,14,,0,50,0,0,0,0,1,1,2,1
,2016_51281,39.633329,-104.90389,9/15/2016 5:52,5:52,15,0,0,I225 HIGHWAY SOUTHBOUND RAMP CONNECT & I25 SOUTHBOUND APPROXIMATELY,1,1,0,0,1,14,,0,,0,0,0,0,0,1,2,13
,2016_51282,39.634639,-104.899434,6/13/2016 10:07,10:07,12,0,0,I225 WB ON RAMP & SOUTH TAMARAC STREET,1,1,0,0,1,14,,0,55,0,0,0,0,0,1,2,3
,2016_51283,39.641189,-104.88124,5/2/2016 15:14,15:14,12,0,0,I225 NORTHBOUND RAMP ON & EASTBOUND / NORTHEAST ENTRANCE GORE POINT FROM YOSEMITE STREET SOUTH,1,1,0,0,1,14,,0,25,0,0,0,0,0,1,2,1
,2016_51314,39.780781,-104.966774,12/4/2016 18:03,18:03,1,0,0,BRIGHTON BOULEVARD NORTH & 46TH AVENUE EAST,1,3,0,0,1,1,,0,30,0,0,0,0,0,2,2,13
,2016_51315,39.785899,-104.966622,4/23/2016 21:30,21:30,5,0,0,BRIGHTON BOULEVARD NORTH & CURVE,1,3,0,0,3,4,,0,35,0,0,0,0,0,2,1,5
,2016_51316,39.791619,-104.959274,3/17/2016 17:40,17:40,12,0,0,BRIGHTON BOULEVARD NORTH & YORK STREET NORTH ROAD SOUTH,2,1,0,2,1,1,,0,35,0,0,0,0,0,2,2,13
,2016_51323,39.785327,-104.902489,10/7/2016 12:57,12:57,1,0,0,SAND CREEK ROAD NORTH & 49TH AVENUE EAST,1,1,0,0,1,1,,0,35,0,0,0,0,1,4,3,13
,2016_51324,39.778381,-104.896871,12/24/2016 6:40,6:40,9,0,0,I270 EASTBOUND DIRECT CONNECT & I70,1,2,0,0,1,4,,0,55,0,0,0,0,0,1,1,13
,2016_51325,39.776965,-104.885622,5/11/2016 18:13,18:13,15,0,0,I270 EASTBOUND DIRECT CONNECT & I70 INTERCHANGE,1,1,1,0,1,4,,0,50,0,0,0,0,0,1,2,14
,2016_51326,39.779942,-104.966087,6/1/2016 11:55,11:55,5,0,0,I70 EASTBOUND & BRIGHTON BOULEVARD,1,1,0,0,3,4,,0,55,0,0,0,0,0,1,1,14
,2016_51334,39.653202,-105.05027,2/6/2016 8:40,8:40,5,0,1,HAMPDEN AVENUE WEST & SHERIDAN BOULEVARD SOUTH,1,1,0,0,2,4,,0,55,0,0,0,0,2,2,3,1
,2016_51335,39.653685,-105.044984,3/16/2016 7:25,7:25,12,0,0,HAMPDEN AVENUE & SHERIDAN BOULEVARD SOUTH,4,1,0,2,1,4,,0,65,0,0,0,0,0,2,2,13
,2016_51352,39.65298,-104.931503,1/6/2016 7:20,7:20,1,0,1,HAMPDEN AVENUE EAST & DAHLIA STREET SOUTH,1,1,0,0,1,1,,0,40,0,0,0,0,2,2,2,13
,2016_51353,39.65298,-104.92924,12/25/2016 17:38,17:38,3,0,0,HAMPDEN AVENUE & ELM STREET SOUTH,1,3,0,0,1,1,,0,35,0,0,0,0,0,2,2,13
,2016_51354,39.652979,-104.922637,4/23/2016 13:47,13:47,12,0,0,HAMPDEN AVENUE EAST & HOLLY STREET SOUTH,1,1,0,0,1,1,,0,25,0,0,0,0,1,2,2,13
,2016_51355,39.740408,-105.025158,6/15/2016 18:06,18:06,12,0,0,FEDERAL BOULEVARD NORTH & COLFAX AVENUE WEST,1,1,1,0,1,4,,0,35,0,0,0,0,0,2,2,3
,2016_51356,39.741152,-105.025176,9/1/2016 12:26,12:26,12,0,0,FEDERAL BOULEVARD SOUTH & MM 282.75,1,1,1,0,1,3,,0,40,0,0,0,0,0,2,2,13
,2016_51357,39.742742,-105.025209,1/17/2016 19:03,19:03,15,0,0,FEDERAL BOULEVARD NORTH & 16TH AVENUE WEST,1,3,1,0,1,1,,0,35,0,0,0,0,0,2,2,13
,2016_51358,39.743305,-105.025215,9/2/2016 9:23,9:23,15,0,0,FEDERAL BOULEVARD NORTH & 16TH AVENUE WEST,1,1,0,0,1,4,,0,35,0,0,0,0,0,2,2,14
,2016_51359,39.754834,-105.025131,1/19/2016 17:50,17:50,1,0,0,FEDERAL BOULEVARD NORTH & 26TH AVENUE WEST,1,1,0,0,1,1,,0,35,0,0,0,0,0,2,2,13
,2016_51360,39.754834,-105.025131,12/2/2016 6:47,6:47,1,0,0,26TH AVENUE WEST & FEDERAL BOULEVARD NORTH,1,1,0,0,1,1,,0,35,0,0,0,0,1,2,2,14
,2016_51361,39.755404,-105.025133,2/24/2016 17:50,17:50,12,0,0,FEDERAL BOULEVARD & 2600 BLOCK NORTH,1,1,1,0,1,4,,0,35,0,0,0,0,0,2,2,5
,2016_51362,39.756544,-105.025136,8/23/2016 12:37,12:37,12,0,0,FEDERAL BOULEVARD NORTH & 27TH AVENUE WEST,1,1,0,0,1,4,,0,35,0,0,0,0,0,2,3,7
,2016_51363,39.76025,-105.025149,12/10/2016 11:25,11:25,9,0,0,SPEER BOULEVARD NORTH & FEDERAL BOULEVARD NORTH,1,1,0,0,1,4,,0,60,0,0,0,0,0,2,2,13
,2016_51364,39.769238,-105.025232,2/1/2016 21:00,21:00,3,0,0,FEDERAL BOULEVARD NORTH & 38TH AVENUE WEST,10,3,0,2,1,1,,0,30,0,0,0,0,1,2,3,13
,2016_51459,39.834134,-104.746852,10/19/2016 14:30,14:30,15,0,0,PENA BOULEVARD & E470,1,1,1,0,1,4,,0,65,0,0,0,0,0,2,2,13
,2016_51465,39.67334,-104.940623,12/24/2016 17:40,17:40,5,0,0,COLORADO BOULEVARD & WESLEY AVENUE EAST,1,3,0,0,3,4,,0,35,0,0,0,0,0,2,2,13
,2016_51466,39.680268,-104.940644,7/4/2016 6:30,6:30,5,0,0,COLORADO BOULEVARD SOUTH & BUCHTEL BOULEVARD EAST,1,1,0,0,2,4,,0,40,0,0,0,0,0,2,1,3
,2016_51468,39.67744,-104.940635,11/22/2016 11:50,11:50,12,0,0,COLORADO BOULEVARD  & 1900 BLOCK SOUTH,2,1,1,0,1,4,,0,35,0,0,0,0,0,2,2,13
,2016_51469,39.67843,-104.940638,8/9/2016 13:44,13:44,3,0,0,COLORADO BOULEVARD SOUTH & EVANS AVENUE EAST,1,1,1,0,1,2,,0,30,0,0,0,0,1,2,5,7
,2016_51470,39.687326,-104.940544,9/3/2016 14:12,14:12,1,0,0,COLORADO BOULEVARD SOUTH & IOWA AVENUE EAST,1,1,0,0,1,1,,0,35,0,0,0,0,1,2,3,13
,2016_51471,39.687326,-104.940544,11/11/2016 12:36,12:36,15,0,0,COLORADO BL 1600 BLOCK SOUTH & IOWA AVENUE EAST,1,1,1,0,1,4,,0,40,0,0,0,0,0,2,2,3
,2016_51472,39.689417,-104.940546,8/31/2016 11:26,11:26,12,0,0,COLORADO BOULEVARD SOUTH & FLORIDA AVENUE EAST,1,1,1,0,1,4,,0,40,0,0,0,0,0,2,2,10
,2016_51473,39.69659,-104.940565,7/14/2016 15:30,15:30,15,0,0,COLORADO BOULEVARD SOUTH & MISSISSIPPI AVENUE EAST,1,1,0,0,1,1,,0,35,0,0,0,0,0,2,2,13
,2016_51474,39.740236,-104.940601,9/16/2016 8:59,8:59,1,0,0,COLORADO BOULEVARD NORTH & COLFAX AVENUE EAST,1,1,0,0,1,1,,0,35,0,0,0,0,0,2,2,13
,2016_51478,39.713098,-104.940611,8/11/2016 14:29,14:29,12,0,0,COLORADO BOULEVARD 300 BLOCK SOUTH & ALAMEDA AVENUE EAST,1,1,1,0,1,3,,0,35,0,0,0,0,1,2,2,3
,2016_51479,39.718059,-104.940609,1/27/2016 12:20,12:20,12,0,0,COLORADO BOULEVARD 000 BLOCK SOUTH & ELLSWORTH AVENUE EAST,1,1,0,0,1,3,,0,35,0,0,0,0,0,2,2,13
,2016_51480,39.719664,-104.940609,2/25/2016 17:22,17:22,1,0,0,FIRST AVENUE EAST & COLORADO BOULEVARD NORTH,1,1,1,0,1,1,,0,35,0,0,0,0,1,2,2,14
,2016_51481,39.719664,-104.940609,3/7/2016 8:21,8:21,1,0,0,COLORADO BOULEVARD NORTH & FIRST AVENUE EAST,1,1,0,0,1,1,,0,35,0,0,0,0,0,2,2,13
,2016_51482,39.719664,-104.940609,11/16/2016 20:14,20:14,1,0,3,COLORADO BOULEVARD NORTH & FIRST AVENUE EAST,1,3,0,0,1,1,,0,25,0,0,0,0,2,2,2,1
,2016_51483,39.724479,-104.940607,6/20/2016 10:55,10:55,12,0,1,COLORADO BOULEVARD 300 BLOCK NORTH & FOURTH AVENUE EAST,1,1,0,0,1,4,,0,35,0,0,0,0,2,2,3,1
,2016_51484,39.725646,-104.940607,6/14/2016 15:15,15:15,15,0,0,COLORADO BOULEVARD & SIXTH AVENUE EAST,1,1,0,0,1,3,,0,35,0,0,0,0,0,2,2,13
,2016_51486,39.725792,-104.940606,2/25/2016 14:27,14:27,15,0,0,COLORADO BOULEVARD & 600 BLOCK NORTH APPROXIMATELY,1,1,0,0,1,4,,0,35,0,0,0,0,0,2,2,7
,2016_51487,39.730607,-104.940605,8/19/2016 17:56,17:56,12,0,0,COLORADO BOULEVARD SOUTH & NINTH AVENUE EAST,2,1,0,1,1,1,,0,30,0,0,0,0,1,2,2,13
,2016_51488,39.738485,-104.940602,4/6/2016 14:28,14:28,12,0,1,COLORADO BOULEVARD NORTH & 14TH AVENUE EAST,1,1,0,0,1,1,,0,35,0,0,0,0,2,2,2,14
,2016_51489,39.738485,-104.940602,11/6/2016 2:44,2:44,3,0,0,COLORADO BOULEVARD NORTH & 14TH AVENUE EAST,1,3,0,0,1,1,,0,30,0,0,0,0,0,2,2,14
,2016_51490,39.740236,-104.940601,4/12/2016 23:30,23:30,12,0,0,JCT U.S. 040C  ROAD EAST AND WEST  & COLORADO BOULEVARD NORTH,1,3,0,0,1,1,,0,35,0,0,0,0,0,2,2,14
,2016_51491,39.741258,-104.940601,4/1/2016 14:20,14:20,12,0,0,COLORADO BOULEVARD NORTH & 16TH AVENUE EASTBOUND,1,1,0,0,1,1,,0,35,0,0,0,0,1,2,3,13
,2016_51492,39.741258,-104.940601,11/23/2016 16:22,16:22,5,0,0,COLORADO BOULEVARD NORTH & 16TH AVENUE EAST,1,1,0,0,2,4,,0,35,0,0,0,0,0,2,1,14
,2016_51493,39.743592,-104.9406,5/15/2016 5:30,5:30,12,0,0,COLORADO BOULEVARD NORTH & 17TH AVENUE EAST,1,3,0,0,1,1,,0,35,0,0,0,0,0,2,2,6
,2016_51494,39.748115,-104.940598,1/25/2016 15:56,15:56,12,0,0,COLORADO BOULEVARD NORTH & MONTVIEW BOULEVARD EAST,1,1,0,0,1,4,,0,35,0,0,0,0,0,2,2,3
,2016_51495,39.758284,-104.940525,7/5/2016 20:50,20:50,1,0,0,COLORADO BOULEVARD NORTH & 29TH AVENUE EAST,1,2,0,0,1,1,,0,35,0,0,0,0,1,2,2,7
,2016_51496,39.761914,-104.940511,9/7/2016 14:49,14:49,12,0,0,HIGHWAY 2A / COLORADO BOULEVARD & MLK BOULEVARD,1,1,0,0,1,1,,0,30,0,0,0,0,1,2,2,14
,2016_51497,39.761914,-104.940511,12/8/2016 18:23,18:23,12,0,0,COLORADO BOULEVARD & MLK BOULEVARD EAST,1,2,0,0,1,1,,0,35,0,0,0,0,0,2,2,13
,2016_51498,39.76206,-104.94051,5/19/2016 9:11,9:11,12,0,0,COLORADO BOULEVARD NORTH & MLK BOULEVARD,1,1,0,0,1,3,,0,35,0,0,0,0,0,2,2,13
,2016_51499,39.766851,-104.940491,9/3/2016 16:36,16:36,12,0,0,COLORADO BOULEVARD NORTH & 36TH AVENUE,1,1,0,0,1,1,,0,35,0,0,0,1,1,2,2,14
,2016_51500,39.77302,-104.940511,7/25/2016 18:10,18:10,15,0,0,40TH AVENUE EAST & COLORADO BOULEVARD NORTH,1,1,0,0,1,1,,0,35,0,0,0,0,0,2,2,13
,2016_51501,39.77302,-104.940511,11/30/2016 11:50,11:50,12,0,0,COLORADO BOULEVARD SOUTHBOUND & 40TH AVENUE,1,1,0,0,1,3,,0,40,0,0,0,0,1,2,2,7
,2016_51502,39.77302,-104.940511,12/7/2016 7:55,7:55,1,0,0,COLORADO BOULEVARD NORTH & 40TH AVENUE EAST,10,1,0,2,1,1,,0,40,0,0,0,0,0,2,2,7
,2016_51503,39.781384,-104.940487,9/5/2016 23:55,23:55,3,0,0,I70 WB OFF RAMP & COLORADO BOULEVARD NORTH,1,3,0,0,1,1,,0,35,0,0,0,0,0,2,2,14
,2016_51520,39.725455,-105.032456,2/29/2016 13:21,13:21,12,0,0,SIXTH AVENUE WEST & KNOX COURT NORTH,1,1,0,0,1,4,,0,55,0,0,0,0,0,2,2,13
,2016_51522,39.725414,-105.024305,5/2/2016 18:44,18:44,12,0,0,SIXTH AVENUE WEST & FEDERAL BOULEVARD NORTH,1,1,0,0,1,4,,0,40,0,0,0,0,0,2,2,13
,2016_51523,39.725188,-105.018611,5/3/2016 17:30,17:30,12,0,0,SIXTH AVENUE EASTBOUND OFF RAMP TO I25 & BRYANT STREET NORTH,1,1,0,0,1,14,,0,55,0,0,0,0,1,2,2,3
,2016_51524,39.725216,-105.017726,7/2/2016 13:53,13:53,12,0,0,SIXTH AVENUE WEST RAMP OFF GORE POINT & I25 SOUTHBOUND INTERCHANGE,1,1,0,0,1,14,,0,35,0,0,0,0,0,2,2,3
,2016_51525,39.779447,-104.949726,12/7/2016 11:58,11:58,1,0,0,46TH AVENUE EAST & STEELE STREET NORTH,5,1,0,2,1,1,,0,30,0,0,0,0,0,2,2,13
,2016_51592,39.628541,-104.9042,7/27/2016 8:30,8:30,15,0,0,I25 SOUTHBOUND & UNION AVENUE EAST,1,1,0,0,1,4,,0,65,0,0,0,0,0,1,2,13
,2016_51593,39.636437,-104.908255,6/3/2016 12:10,12:10,12,0,0,I25 & EAST QUINCY AVENUE EAST,1,1,0,0,1,4,,0,55,0,0,0,0,0,1,2,3
,2016_51594,39.64994,-104.9165,3/18/2016 9:57,9:57,15,0,0,I25 & HAMPDEN AVENUE EAST,2,2,1,0,1,4,,0,65,0,0,0,0,0,1,3,13
,2016_51595,39.667623,-104.925611,4/6/2016 6:10,6:10,12,0,0,I25 & YALE AVENUE EAST,1,1,0,0,1,4,,0,65,0,0,0,0,0,1,3,13
,2016_51596,39.671694,-104.928296,7/18/2016 9:45,9:45,12,0,0,I25 & YALE AVENUE EAST SOUTHBOUND ENTRANCE GORE APPROXIMATELY,1,1,0,0,1,4,,0,65,0,0,0,0,0,1,2,13