id,drcog_id,latitude,longitude,crashtime,time,crashtype,numbkilled,numbinjurd,drcoglocat,rdconditin,lightngcon,roadcntgrd,weatherco,location,roaddescrp,schoolzone,constrzone,splimit,bikeinv,pedinv,sctrinv,motoinv,svrty,rdsystem,ttlvehcls,hcf
,2016_51597,39.678367,-104.933559,6/1/2016 6:57,6:57,12,0,0,I25 & EVANS AVENUE EAST,1,1,0,0,1,4,,0,55,0,0,0,0,1,1,3,14
,2016_51598,39.678695,-104.933844,6/1/2016 6:43,6:43,12,0,0,I25 NORTHBOUND ON RAMP & EVANS AVENUE EAST,2,1,0,0,1,14,,0,45,0,0,0,0,0,1,2,1
,2016_51599,39.682284,-104.938116,6/27/2016 8:52,8:52,12,0,0,I25 HIGHWAY NORTHBOUND & COLORADO BOULEVARD SOUTH,1,1,0,0,1,4,,0,60,0,0,0,0,0,1,2,1
,2016_51600,39.683094,-104.940452,1/1/2016 8:05,8:05,5,0,0,I25 & COLORADO BOULEVARD SOUTH,1,1,0,0,3,4,,0,60,0,0,0,0,0,1,2,13
,2016_51601,39.683094,-104.940452,6/1/2016 5:12,5:12,5,0,0,I25 & COLORADO BOULEVARD SOUTH,2,3,0,1,3,4,,0,60,0,0,0,0,1,1,1,13
,2016_51602,39.68492,-104.950436,3/10/2016 18:36,18:36,12,0,0,I25 & STEELE STREET SOUTH,1,3,0,0,1,4,,0,60,0,0,0,0,0,1,3,3
,2016_51603,39.684904,-104.9545,10/2/2016 18:32,18:32,12,0,0,I25 & MM 204.8,1,2,0,0,1,4,,0,55,0,0,0,0,1,1,5,13
,2016_51604,39.684921,-104.959322,5/23/2016 0:35,0:35,12,0,1,I25 NORTHBOUND OFF RAMP & UNIVERSITY BOULEVARD SOUTH,1,3,1,0,1,14,,0,25,0,0,0,0,2,1,2,13
,2016_51605,39.729284,-105.025154,7/23/2016 19:15,19:15,3,0,0,EIGHTH AVENUE WEST & FEDERAL BOULEVARD NORTH,1,3,0,0,1,1,,0,,0,0,0,0,0,2,2,13
,2016_51606,39.68492,-104.959509,1/4/2016 7:10,7:10,15,0,0,I25 & UNIVERSITY BOULEVARD SOUTH,1,1,0,0,1,4,,0,45,0,0,0,0,0,1,3,1
,2016_51607,39.68492,-104.959509,9/22/2016 13:15,13:15,12,0,0,UNIVERSITY BOULEVARD SOUTH & I25,14,1,0,0,1,1,,0,30,0,0,0,0,0,1,2,14
,2016_51608,39.684909,-104.959893,3/11/2016 21:15,21:15,6,0,0,I25 SOUTHBOUND OFF RAMP & UNIVERSITY BOULEVARD SOUTH,1,3,1,0,1,14,,0,45,0,0,0,0,0,1,2,14
,2016_51609,39.687267,-104.967818,6/3/2016 15:01,15:01,12,0,0,I25 HIGHWAY NORTHBOUND & FRANKLIN STREET SOUTH,1,1,1,0,1,4,,0,60,0,0,0,0,1,1,2,3
,2016_51610,39.68779,-104.968909,8/18/2016 8:07,8:07,12,0,0,I25 & FRANKLIN STREET SOUTH,1,1,0,0,1,4,,0,60,0,0,0,0,1,1,3,13
,2016_51611,39.690115,-104.973561,3/10/2016 10:20,10:20,5,0,0,I25 & DOWNING STREET SOUTH,1,1,0,0,1,4,,0,60,0,0,0,0,0,1,2,14
,2016_51612,39.690115,-104.973561,7/7/2016 16:25,16:25,12,0,0,I25 NORTHBOUND & DOWNING STREET SOUTH,1,1,0,0,1,4,,0,55,0,0,0,0,0,1,3,1
,2016_51613,39.690195,-104.973722,7/20/2016 11:00,11:00,15,0,0,I25 SOUTHBOUND & DOWNING STREET SOUTH,1,1,0,0,1,4,,0,60,0,0,0,0,0,1,2,13
,2016_51614,39.701256,-104.987205,11/3/2016 19:50,19:50,5,0,0,I25 & LINCOLN STREET SOUTH,1,3,1,0,1,4,,0,65,0,0,0,0,0,1,2,14
,2016_51615,39.704347,-104.993909,6/9/2016 15:44,15:44,15,0,0,I25 NORTHBOUND MERGE LANE TO & NORTHBOUND EXIT GORE POINT TO SANTA FE DRIVE SOUTH,1,1,1,0,1,4,,0,25,0,0,0,0,0,1,2,13
,2016_51616,39.705876,-104.995967,11/8/2016 8:35,8:35,12,0,0,I25 & SANTA FE DRIVE,1,1,1,0,1,4,,0,55,0,0,0,0,0,1,3,13
,2016_51617,39.710974,-104.998764,6/2/2016 19:19,19:19,15,0,0,I25 & SANTA FE DRIVE SOUTHBOUND EXIT,1,1,0,0,1,4,,0,60,0,0,0,0,0,1,2,13
,2016_51618,39.713179,-105.000083,12/9/2016 19:52,19:52,12,0,0,I25 & CEDAR AVENUE WEST,1,3,1,0,1,4,,0,55,0,0,0,0,0,1,2,13
,2016_51619,39.71413,-105.000671,7/19/2016 19:05,19:05,12,0,0,I25 SOUTHBOUND RAMP OFF  & GORE POINT TO ALAMEDA AVENUE WEST,2,2,0,1,1,14,,0,35,0,0,0,0,0,1,2,13
,2016_51620,39.716826,-105.002968,6/20/2016 7:43,7:43,12,0,0,I25 HIGHWAY NORTHBOUND  & ALAMEDA AVENUE WEST,1,1,0,0,1,4,,0,55,0,0,0,0,0,1,2,3
,2016_51621,39.72244,-105.009858,12/31/2016 17:41,17:41,12,0,0,I25 & SIXTH AVENUE INTERCHANGE,1,3,0,0,1,4,,0,55,0,0,0,0,1,1,5,13
,2016_51622,39.723012,-105.010664,8/11/2016 18:12,18:12,15,0,0,I25 SOUTHBOUND ON SPLIT RAMP FROM & SIXTH AVENUE,1,1,1,0,1,14,,0,45,0,0,0,0,0,1,2,13
,2016_51623,39.724477,-105.012282,12/2/2016 11:11,11:11,12,0,0,I25 & SIXTH AVENUE,1,1,0,0,1,4,,0,65,0,0,0,0,0,1,2,14
,2016_51625,39.725281,-105.012899,3/18/2016 19:55,19:55,15,0,0,I25 NORTHBOUND ON RAMP FLYOVER  & SIXTH AVENUE INTERCHANGE,1,4,1,0,1,14,,0,45,0,0,0,0,0,1,2,13
,2016_51626,39.725747,-105.013236,4/13/2016 11:34,11:34,9,0,0,I25 SOUTHBOUND OFF RAMP & SIXTH AVENUE WEST,1,1,1,0,2,14,,0,45,0,0,0,0,0,1,1,1
,2016_51627,39.725863,-105.01332,2/24/2016 9:33,9:33,15,0,0,I25 SOUTHBOUND RAMP OFF & SIXTH AVENUE WEST INTERCHANGE,1,1,1,0,1,14,,1,55,0,0,0,0,0,1,2,14
,2016_51628,39.725966,-105.013394,10/27/2016 17:15,17:15,12,0,0,I25 HIGHWAY NORTHBOUND RAMP ON FROM & SIXTH AVENUE WEST  INTERCHANGE,1,1,1,0,1,14,,0,55,0,0,0,0,0,1,2,13
,2016_51629,39.729265,-105.014796,1/18/2016 10:08,10:08,12,0,0,I25 & EIGHTH AVENUE WEST INTERCHANGE,1,1,0,0,1,4,,0,55,0,0,0,0,0,1,2,1
,2016_51630,39.760997,-105.004271,2/13/2016 17:18,17:18,1,0,0,20TH STREET & I25 NORTHBOUND RAMP,1,3,1,0,1,1,,0,25,0,0,0,0,0,1,2,13
,2016_51631,39.731542,-105.015521,4/27/2016 11:17,11:17,15,0,0,I25 NORTHBOUND RAMP ON GORE POINT & MULBERRY PLACE WEST HIGHWAY ENTRANCE APPROXIMATELY,1,1,1,0,1,14,,0,30,0,0,0,0,0,1,2,13
,2016_51632,39.740257,-105.013939,5/16/2016 15:32,15:32,12,0,0,I25 & COLFAX AVENUE WEST,2,1,0,1,1,4,,0,55,0,0,0,0,0,1,2,13
,2016_51633,39.740257,-105.013939,9/30/2016 14:30,14:30,12,0,0,I25 & COLFAX AVENUE WEST,1,1,1,0,1,4,,0,65,0,0,0,0,0,1,2,3
,2016_51634,39.740257,-105.013939,11/23/2016 18:40,18:40,12,0,0,I25 & COLFAX AVENUE WEST,1,3,0,0,1,4,,0,55,0,0,0,0,0,1,2,13
,2016_51635,39.740455,-105.013961,10/30/2016 18:57,18:57,12,0,0,I25 & COLFAX AVENUE WEST,1,3,0,0,1,4,,0,55,0,0,0,0,0,1,2,3
,2016_51636,39.743372,-105.015987,3/15/2016 13:18,13:18,12,0,0,I25 & 17TH AVENUE WEST,1,1,0,0,1,4,,0,55,0,0,0,0,0,1,2,14
,2016_51637,39.74749,-105.018114,7/14/2016 12:05,12:05,15,0,0,I25 & 20TH STREET MILE HIGH,1,1,0,0,1,4,,0,55,0,0,0,0,0,1,2,13
,2016_51638,39.749848,-105.017195,8/30/2016 14:14,14:14,12,0,0,I25 NORTHBOUND & 23RD AVENUE WEST EXIT GORE APPROXIMATELY,1,1,1,0,1,4,,0,65,0,0,0,0,0,1,3,13
,2016_51639,39.754175,-105.014065,6/28/2016 18:45,18:45,12,0,0,I25 HIGHWAY SOUTHBOUND & 23RD AVENUE WEST INTERCHANGE,2,1,0,1,1,4,,0,55,0,0,0,0,0,1,4,13
,2016_51640,39.755118,-105.012754,8/8/2016 23:17,23:17,12,0,0,I25 SOUTHBOUND & SPEER BOULEVARD NORTH,1,3,0,0,1,4,,0,55,0,0,0,0,0,1,2,4
,2016_51641,39.757155,-105.0099,9/8/2016 7:45,7:45,15,0,0,I25 & 15TH STREET,1,1,0,0,1,4,,0,65,0,0,0,0,0,1,2,13
,2016_51642,39.760997,-105.004271,6/24/2016 7:50,7:50,15,0,0,I25 HIGHWAY SOUTHBOUND & 20TH STREET INTERCHANGE,1,1,1,0,1,4,,0,55,0,0,0,0,0,1,2,13
,2016_51643,39.760997,-105.004271,9/2/2016 13:05,13:05,12,0,0,I25 & 20TH STREET,1,5,1,0,1,4,,0,55,0,0,0,0,0,1,2,7
,2016_51644,39.76111,-105.004124,2/13/2016 14:45,14:45,15,0,0,I25 & 20TH STREET,1,1,0,0,1,4,,0,55,0,0,0,0,0,1,2,13
,2016_51645,39.76111,-105.004124,12/20/2016 6:53,6:53,12,0,1,I25 & 20TH STREET,1,2,1,0,1,4,,0,55,0,0,0,0,2,1,2,13
,2016_51646,39.768049,-104.994761,5/26/2016 18:15,18:15,12,0,0,I25 & PARK AVENUE WEST,2,1,1,1,1,4,,0,55,0,0,0,0,0,1,2,13
,2016_51647,39.768049,-104.994761,3/30/2016 7:52,7:52,12,0,0,I25 SOUTHBOUND OFF RAMP & FOX STREET,1,1,0,0,1,4,,0,45,0,0,0,0,1,1,2,14
,2016_51648,39.769797,-104.991867,12/20/2016 17:09,17:09,12,0,0,I25 & 38TH AVENUE,2,3,1,0,1,4,,0,55,0,0,0,0,0,1,3,7
,2016_51649,39.776439,-104.98921,4/21/2016 15:15,15:15,12,0,0,I25 & 44TH AVENUE,1,1,0,0,1,4,,0,55,0,0,0,0,0,1,2,1
,2016_51650,39.779247,-104.989165,2/2/2016 7:25,7:25,5,0,0,I25 & I70,5,1,0,2,3,4,,0,55,0,0,0,0,1,1,1,13
,2016_51651,39.779391,-104.989164,3/24/2016 0:13,0:13,5,0,0,I25 & I70,5,3,1,2,3,4,,0,55,0,0,0,0,0,1,1,13
,2016_51652,39.779391,-104.989164,5/4/2016 14:35,14:35,5,0,0,I25 & I70,1,1,0,0,1,4,,0,55,0,0,0,0,0,1,2,14
,2016_51653,39.779391,-104.989164,9/24/2016 8:05,8:05,15,0,0,I25 & I70,1,1,0,0,1,4,,0,,0,0,0,0,0,1,2,13
,2016_51690,39.711332,-105.053258,8/13/2016 9:50,9:50,1,0,0,ALAMEDA AVENUE WEST & SHERIDAN BOULEVARD SOUTH,1,1,1,0,1,1,,0,35,0,0,0,1,0,2,2,13
,2016_51691,39.711332,-105.053258,8/27/2016 12:01,12:01,12,0,0,HIGHWAY 26B / ALAMEDA AVENUE & SHERIDAN BOULEVARD SOUTH,1,1,1,0,1,1,,0,35,0,0,0,0,1,2,2,7
,2016_51692,39.711209,-105.044675,6/22/2016 16:17,16:17,15,0,0,ALAMEDA AVENUE 4500 BLOCK WEST & STUART STREET SOUTH,1,1,1,0,1,4,,0,30,0,0,0,0,0,2,2,4
,2016_51693,39.711083,-105.024117,10/23/2016 16:25,16:25,12,0,0,ALAMEDA AVENUE WEST & 2900 BLOCK,1,1,1,0,1,4,,0,30,0,0,0,0,0,2,2,13
,2016_51694,39.711141,-105.019242,10/14/2016 15:45,15:45,1,0,1,ALAMEDA AVENUE WEST & CANOSA COURT SOUTH,14,1,0,0,1,1,,0,,0,0,0,0,2,2,2,13
,2016_51695,39.711192,-104.99993,5/13/2016 2:11,2:11,5,0,0,ALAMEDA AVENUE WEST & I25 SOUTHBOUND OFF RAMP,1,3,0,0,2,1,,0,30,0,0,0,0,1,2,1,5
,2016_51696,39.711192,-104.99993,9/10/2016 4:50,4:50,3,0,0,ALAMEDA AVENUE WEST & I25 SOUTHBOUND RAMP OFF,1,3,0,0,1,1,,0,25,0,0,0,0,0,2,2,13
,2016_51697,39.711208,-104.998391,10/5/2016 9:41,9:41,15,0,0,KALAMATH STREET SOUTH & ALAMEDA AVENUE WEST,1,1,0,0,1,1,,0,25,0,0,0,0,0,2,2,13
,2016_51698,39.653108,-104.905749,4/11/2016 21:56,21:56,3,0,0,HAMPDEN AVENUE 7400 BLOCK EAST & OLEANDER COURT SOUTH,1,3,0,0,1,2,,0,40,0,0,0,0,1,2,2,1
,2016_51699,39.653115,-104.905018,10/29/2016 18:20,18:20,12,0,0,HAMPDEN AVENUE 7100 BLOCK EAST & POPLAR STREET SOUTH,1,3,0,0,1,4,,0,45,0,0,0,0,0,2,2,13
,2016_51700,39.653095,-104.901257,9/5/2016 19:05,19:05,1,0,0,HAMPDEN AVENUE & TAMARAC DRIVE SOUTH,1,2,1,0,1,3,,0,40,0,0,0,0,0,2,2,1
,2016_51701,39.65302,-104.876127,5/8/2016 20:00,20:00,15,0,0,HAMPDEN AVENUE EAST & DAYTON STREET SOUTH,1,3,0,0,1,4,,0,40,0,0,0,0,0,2,2,13
,2016_51702,39.65302,-104.87557,5/31/2016 12:00,12:00,12,0,0,HAMPDEN AVENUE EAST & DAYTON STREET SOUTH,1,1,0,0,1,1,,0,45,0,0,0,0,0,2,2,1
,2016_51744,39.776619,-104.903424,3/11/2016 23:26,23:26,5,0,0,NORTHFIELD QUEBEC STREET NORTH & I70 INTERCHANGE,1,3,0,0,2,4,,0,,0,0,0,0,0,2,1,14
,2016_51745,39.777347,-104.903418,6/10/2016 13:05,13:05,15,0,0,QUEBEC STREET NORTH & I70 EASTBOUND,1,1,0,0,1,1,,0,35,0,0,0,0,0,2,2,13
,2016_51746,39.778252,-104.903409,4/9/2016 14:25,14:25,12,0,0,NORTHFIELD QUEBEC STREET NORTH & I70,1,1,1,0,1,4,,0,45,0,0,0,0,0,2,2,12
,2016_51747,39.780238,-104.903071,9/20/2016 9:54,9:54,15,0,0,QUEBEC STREET NORTHBOUND MERGE LANE & I70 WB SLIP RAMP OFF,1,1,0,0,1,4,,0,35,0,0,0,0,0,2,2,13
,2016_51748,39.781946,-104.901631,11/16/2016 13:18,13:18,12,0,0,NORTHFIELD QUEBEC STREET NORTH & I270 EASTBOUND / SOUTHBOUND /LOOP RAMP OFF,1,1,0,0,1,1,,0,35,0,0,0,0,0,2,3,13
,2016_51749,39.784462,-104.899591,12/11/2016 6:30,6:30,5,0,0,QUEBEC STREET & 4800 BLOCK NORTH,4,2,0,2,3,4,,0,10,0,0,0,0,1,2,1,13
,2016_51803,39.740356,-105.050299,5/5/2016 12:40,12:40,12,0,0,COLFAX AVENUE WEST & WOLFF STREET NORTH,1,1,0,0,1,4,,0,30,0,0,0,0,1,2,2,13
,2016_51804,39.740337,-105.039295,10/23/2016 8:39,8:39,3,0,0,COLFAX AVENUE WEST & PERRY STREET NORTH,1,1,0,0,1,1,,0,30,0,0,0,0,0,2,2,13
,2016_51805,39.740342,-105.032345,12/9/2016 12:04,12:04,12,0,0,COLFAX AVENUE & NORTH KNOX COURT,1,1,0,0,1,3,,0,35,0,0,0,0,0,2,2,13
,2016_51806,39.740344,-105.029902,5/19/2016 8:00,8:00,12,0,0,COLFAX AVENUE WEST & IRVING STREET NORTH APPROXIMATELY,1,1,0,0,1,3,,0,40,0,0,0,0,0,2,2,3
,2016_51807,39.740332,-105.029713,6/21/2016 16:15,16:15,12,0,0,COLFAX AVENUE WEST & IRVING STREET NORTH,1,1,0,0,1,3,,0,30,0,0,0,0,0,2,2,3
,2016_51808,39.740319,-105.025508,10/9/2016 13:37,13:37,12,0,0,COLFAX AVENUE WEST & FEDERAL BOULEVARD NORTH,1,1,0,0,1,1,,0,35,0,0,0,0,0,2,3,13
,2016_51809,39.740397,-105.023741,11/10/2016 18:50,18:50,12,0,0,COLFAX AVENUE WEST & ELIOT STREET NORTH,1,3,0,0,1,4,,0,45,0,0,0,0,0,2,2,3
,2016_51810,39.740345,-105.015536,1/6/2016 12:44,12:44,3,0,0,HIGHWAY 40C / COLFAX AVENUE WEST & I25 SOUTHBOUND SOUTHBOUND RAMP OFF,1,1,1,0,1,1,,0,40,0,0,0,0,1,2,2,13
,2016_51811,39.740284,-105.012577,6/6/2016 10:21,10:21,12,0,0,COLFAX AVENUE WEST EASTBOUND & I25 HIGHWAY NORTHBOUND OFF RAMP,1,1,0,0,1,1,,0,45,0,0,0,0,0,2,3,14
,2016_51812,39.740284,-105.012577,11/16/2016 7:40,7:40,12,0,0,COLFAX AVENUE WEST & I25 NORTHBOUND OFF RAMP,1,1,0,0,1,4,,0,35,0,0,0,0,0,2,2,14
,2016_51813,39.740076,-105.005215,1/20/2016 11:35,11:35,1,0,0,SEVENTH STREET & COLFAX AVENUE WEST,1,1,0,0,1,1,,0,35,0,0,0,0,0,2,2,13
,2016_51814,39.740076,-105.005215,2/16/2016 17:00,17:00,1,0,0,COLFAX AVENUE WEST & OSAGE STREET / SEVENTH STREET,1,3,0,0,1,1,,0,35,0,0,0,0,0,2,2,8
,2016_51815,39.740048,-104.999933,12/31/2016 8:46,8:46,3,0,2,COLFAX AVENUE WEST & KALAMATH STREET NORTH,1,1,1,0,1,2,,0,60,0,0,0,0,2,2,2,13
,2016_51816,39.740038,-104.997854,6/23/2016 7:20,7:20,3,0,0,COLFAX AVENUE WEST & SPEER BOULEVARD NORTHBOUND,1,1,0,0,1,1,,0,30,0,0,0,0,0,2,2,13
,2016_51817,39.740038,-104.997854,6/28/2016 8:43,8:43,10,0,0,SPEER BOULEVARD NORTH & COLFAX AVENUE WEST,1,1,0,0,1,1,,0,30,0,0,0,0,0,2,2,8
,2016_51818,39.74,-104.990577,7/21/2016 20:10,20:10,3,0,0,COLFAX AVENUE WEST & 14TH STREET,1,3,0,0,1,1,,0,30,0,0,0,0,0,2,2,13
,2016_51819,39.740005,-104.987167,5/20/2016 14:00,14:00,15,0,0,COLFAX AVENUE & BROADWAY,1,1,0,0,1,3,,0,30,0,0,0,0,0,2,2,13
,2016_51820,39.740005,-104.987167,12/18/2016 2:05,2:05,12,0,0,COLFAX AVENUE & BROADWAY STREET NORTH,5,3,2,2,1,1,,0,,0,0,0,0,0,2,2,13
,2016_51821,39.740026,-104.982041,6/4/2016 22:34,22:34,15,0,0,COLFAX AVENUE EAST & LOGAN STREET NORTH,1,3,0,0,1,4,,0,30,0,0,0,0,0,2,2,3
,2016_51822,39.739998,-104.978667,11/20/2016 21:17,21:17,12,0,0,COLFAX AVENUE EAST & WASHINGTON STREET 1500 BLOCK NORTH,1,3,0,0,1,3,,0,30,0,0,0,0,0,2,2,13
,2016_51823,39.740009,-104.972116,4/18/2016 14:30,14:30,12,0,0,COLFAX AVENUE EAST & MARION STREET NORTH,1,1,0,0,1,4,,0,30,0,0,0,0,0,2,2,13
,2016_51824,39.739986,-104.963464,2/16/2016 20:45,20:45,12,0,0,COLFAX AVENUE EAST & RACE STREET NORTH,1,3,0,0,1,1,,0,30,0,0,0,0,0,2,2,13
,2016_51825,39.739986,-104.963464,12/24/2016 10:10,10:10,1,0,0,COLFAX AVENUE EAST & RACE STREET NORTH,1,1,0,0,1,1,,0,35,0,0,0,0,1,2,2,13
,2016_51826,39.740185,-104.957457,2/23/2016 8:45,8:45,12,0,0,COLFAX AVENUE EAST & COLUMBINE STREET NORTH,1,1,0,0,1,1,,0,40,0,0,0,0,0,2,3,16
,2016_51827,39.740177,-104.955199,4/5/2016 12:15,12:15,15,0,0,COLFAX AVENUE EAST & CLAYTON STREET,1,1,0,0,1,4,,0,30,0,0,0,0,0,2,2,13
,2016_51828,39.740172,-104.953506,11/1/2016 8:55,8:55,10,0,0,COLFAX AVENUE EAST & FILLMORE STREET NORTH,1,1,0,0,1,1,,0,30,0,0,0,0,0,2,2,7
,2016_51829,39.740158,-104.949177,5/8/2016 21:24,21:24,6,0,0,COLFAX AVENUE & STEELE STREET NORTH,1,3,1,0,1,4,,0,,0,0,0,0,0,2,3,4
,2016_51830,39.740084,-104.904663,5/28/2016 14:37,14:37,12,0,0,COLFAX AVENUE EAST & POPLAR STREET,1,1,0,0,1,1,,0,35,0,0,0,0,0,2,2,13
,2016_51831,39.740086,-104.89057,8/15/2016 10:35,10:35,3,0,0,COLFAX AVENUE EAST & VERBENA STREET NORTH,1,1,0,0,1,1,,0,25,0,0,0,0,0,2,2,9
,2016_51842,39.768358,-104.994053,2/17/2016 8:11,8:11,5,0,0,I25 NORTHBOUND RAMP OFF ON & PARK AVENUE WEST EST,1,1,0,0,1,14,,0,30,0,0,0,0,0,1,1,9
,2016_51897,39.741365,-105.01424,4/29/2016 2:12,2:12,5,0,0,I25 & AURARIA PARKWAY,2,4,1,1,2,4,,0,55,0,0,0,0,1,1,1,5
,2016_51899,39.783618,-105.053062,1/6/2016 7:55,7:55,12,0,0,I70 WB SLIP RAMP OFF & HIGHWAY 95A / SHERIDAN BOULEVARD,1,1,1,0,1,14,,0,55,0,0,0,0,0,1,2,1
,2016_51901,39.783149,-105.006371,11/1/2016 20:24,20:24,3,0,0,48TH AVENUE WEST & PECOS STREET NORTH ROUNDABOUT,1,3,0,0,1,6,,0,20,0,0,0,0,0,1,2,13
,2016_51902,39.783477,-105.002751,5/10/2016 9:05,9:05,12,0,0,I70 EASTBOUND & PECOS STREET,1,1,0,0,1,4,,0,55,0,0,0,0,0,1,2,14
,2016_51903,39.780962,-104.993287,1/6/2016 17:30,17:30,15,0,0,I70 WB ON RAMP FROM I25 & PECOS STREET,1,3,0,0,1,14,,0,55,0,0,0,0,0,1,2,1
,2016_51904,39.780257,-104.990486,9/6/2016 10:15,10:15,5,0,0,I70 WB & I25 SOUTHBOUND,1,1,0,0,1,4,,0,40,0,0,0,0,0,1,2,13
,2016_51905,39.779693,-104.982199,6/9/2016 19:40,19:40,15,0,0,I70 WB ON RAMP & END RAMP K FROM NORTHBOUND I25,1,1,0,0,1,14,,0,45,0,0,0,0,0,1,3,1
,2016_51906,39.779678,-104.982012,7/9/2016 11:35,11:35,12,0,0,I70 & WASHINGTON STREET,1,1,0,0,1,4,,0,55,0,0,0,1,0,1,2,13
,2016_51907,39.779441,-104.979019,7/1/2016 0:50,0:50,15,0,0,I70 & WASHINGTON STREET NORTH,2,3,0,1,1,4,,0,55,0,0,0,0,1,1,2,13
,2016_51908,39.780013,-104.959012,4/2/2016 13:10,13:10,12,0,0,JOSEPHINE STREET & 46TH AVENUE EAST,1,1,0,0,1,1,,0,30,0,0,0,0,0,4,2,13
,2016_51910,39.780016,-104.953383,3/24/2016 17:16,17:16,12,0,0,I70 & VASQUEZ BOULEVARD,1,1,0,0,1,4,,0,55,0,0,0,0,0,1,2,3
,2016_51911,39.779966,-104.944248,8/26/2016 10:05,10:05,12,0,0,I70 & COLORADO BOULEVARD NORTH,1,1,0,0,1,4,,0,65,0,0,0,0,1,1,2,1
,2016_51913,39.779944,-104.940603,7/30/2016 12:02,12:02,5,0,0,I70 & COLORADO BOULEVARD,1,1,0,0,2,14,,0,55,0,0,0,0,0,1,3,14
,2016_51914,39.779951,-104.940041,6/6/2016 11:51,11:51,12,0,0,I70 & COLORADO BOULEVARD,1,1,0,0,1,4,,0,55,0,0,0,0,0,1,2,13
,2016_51915,39.779988,-104.938459,8/30/2016 19:51,19:51,15,0,0,I70 EASTBOUND ENTRANCE GORE & COLORADO BOULEVARD,2,3,0,1,1,4,,0,65,0,0,0,0,0,1,2,13
,2016_51916,39.780032,-104.931784,2/17/2016 21:42,21:42,12,0,0,I70 & DAHLIA STREET NORTH,1,3,0,0,1,4,,0,55,0,0,0,0,0,1,2,14
,2016_51917,39.778948,-104.925827,10/7/2016 7:59,7:59,12,0,0,I70 EASTBOUND & GLENCOE STREET NORTH OFFSET REF,1,1,0,0,1,4,,0,55,0,0,0,0,0,1,2,3
,2016_51918,39.778293,-104.906734,6/3/2016 13:54,13:54,15,0,0,I70 EASTBOUND & EASTBOUND ENTRANCE GORE POINT TO QUEBEC,1,1,0,0,1,4,,0,55,0,0,0,0,0,1,2,13
,2016_51919,39.778294,-104.905459,10/13/2016 15:35,15:35,12,0,0,I70 & MONACO STREET NORTH,1,1,0,0,1,4,,0,55,0,0,0,0,0,1,2,3
,2016_51920,39.778295,-104.903818,2/10/2016 6:55,6:55,15,0,0,I70 & QUEBEC STREET,1,1,0,0,1,4,,0,55,0,0,0,0,0,1,2,13
,2016_51921,39.778295,-104.903454,4/18/2016 13:24,13:24,12,0,0,I70 & NORTHFIELD QUEBEC STREET NORTH,1,1,0,0,1,4,,0,55,0,0,0,0,1,1,3,14
,2016_51922,39.778297,-104.899991,1/11/2016 8:30,8:30,12,0,0,I70 & HIGHWAY 035A / QUEBEC STREET NORTH,1,1,1,0,1,4,,0,55,0,0,0,0,0,1,2,14
,2016_51923,39.777174,-104.88333,8/24/2016 10:15,10:15,15,0,0,I70 & CENTRAL PARK BOULEVARD,2,1,0,1,1,4,,0,55,0,0,0,0,0,1,2,1
,2016_51924,39.777139,-104.882953,9/21/2016 9:14,9:14,15,0,0,I70 HIGHWAY WB RAMPS & CENTRAL PARK BOULEVARD NORTH,1,1,0,0,1,1,,0,35,0,0,0,0,0,1,2,13
,2016_51925,39.776706,-104.878237,11/14/2016 8:09,8:09,12,0,0,I70 & CENTRAL PARK BOULEVARD,1,1,0,0,1,4,,0,55,0,0,0,0,0,1,2,12
,2016_51926,39.775827,-104.868053,10/6/2016 15:46,15:46,12,0,0,I70 & HAVANA STREET NORTH,1,1,0,0,1,4,,0,55,0,0,0,0,0,1,4,14
,2016_51927,39.775176,-104.860473,1/22/2016 7:50,7:50,12,0,0,I70 & HAVANA STREET NORTH,1,1,0,0,1,4,,0,55,0,0,0,0,0,1,2,16
,2016_51928,39.774302,-104.850306,6/6/2016 17:45,17:45,12,0,0,I70 & PEORIA STREET,2,1,0,1,1,4,,0,65,0,0,0,0,1,1,2,3
,2016_51929,39.77427,-104.849936,1/18/2016 6:45,6:45,12,0,0,I70 EASTBOUND RAMP OFF & GORE POINT TO PEORIA STREET,1,2,0,0,1,14,,0,55,0,0,0,0,1,1,4,8
,2016_51930,39.774015,-104.846978,6/17/2016 9:50,9:50,12,0,0,I70 EASTBOUND OFF SLIP RAMP & PEORIA STREET NORTH,1,1,0,0,1,14,,0,30,0,0,0,0,0,1,2,13
,2016_51931,39.773999,-104.846793,10/19/2016 19:32,19:32,12,0,0,PEORIA STREET & I70 EASTBOUND ON RAMP,1,3,0,0,1,1,,0,0,0,0,0,0,0,1,2,3
,2016_51932,39.773617,-104.842357,12/5/2016 15:04,15:04,12,0,0,I70 & PEORIA STREET,1,1,1,0,1,4,,0,35,0,0,0,0,0,1,2,13
,2016_51933,39.772482,-104.829424,8/25/2016 16:31,16:31,12,0,0,I225 NORTHBOUND OFF RAMP & I70 WB ON RAMP,2,1,1,1,1,14,,0,55,0,0,0,0,0,1,3,12
,2016_51954,39.790258,-105.063696,8/5/2016 18:45,18:45,12,0,0,I76 & MM 1,1,1,0,0,1,4,,0,65,0,0,0,0,0,1,3,14
,2016_52002,39.67273,-104.868227,8/25/2016 10:40,10:40,12,0,0,PARKER ROAD 2400 BLOCK SOUTH & HARVARD AVENUE EAST,1,1,0,0,1,4,,0,45,0,0,0,0,1,2,2,3