id,drcog_id,latitude,longitude,crashtime,time,crashtype,numbkilled,numbinjurd,drcoglocat,rdconditin,lightngcon,roadcntgrd,weatherco,location,roaddescrp,schoolzone,constrzone,splimit,bikeinv,pedinv,sctrinv,motoinv,svrty,rdsystem,ttlvehcls,hcf
,2016_52004,39.698551,-104.903443,9/21/2016 14:10,14:10,12,0,0,LEETSDALE DRIVE & QUEBEC STREET SOUTH,1,1,0,0,1,4,,0,40,0,0,0,0,0,2,2,13
,2016_52005,39.701082,-104.910423,2/26/2016 17:00,17:00,12,0,0,LEETSDALE DRIVE & NIAGARA STREET SOUTH,1,1,0,0,1,1,,0,35,0,0,0,0,0,2,2,3
,2016_52006,39.707328,-104.922192,4/28/2016 16:05,16:05,1,0,0,LEETSDALE DRIVE & HOLLY STREET SOUTH,1,1,0,0,1,1,,0,40,0,0,0,0,0,2,2,1
,2016_52007,39.707328,-104.922192,10/10/2016 16:44,16:44,14,0,0,HOLLY STREET SOUTH & LEETSDALE DRIVE,1,1,1,0,1,3,,0,35,0,0,0,0,0,2,2,13
,2016_52008,39.707622,-104.923907,9/28/2016 12:59,12:59,12,0,0,LEETSDALE DRIVE & HUDSON STREET SOUTH,1,1,1,0,1,4,,0,,0,0,0,0,0,2,3,13
,2016_52009,39.708033,-104.926275,7/1/2016 22:00,22:00,10,0,0,LEETSDALE DRIVE & FOREST STREET SOUTH,2,3,0,1,1,1,,0,35,0,0,0,0,0,2,2,1
,2016_52012,39.715124,-104.940627,4/11/2016 18:13,18:13,12,0,0,LEETSDALE DRIVE & COLORADO BOULEVARD SOUTH,1,1,0,0,1,1,,0,30,0,0,0,0,0,2,2,13
,2016_52021,39.696679,-104.991877,6/23/2016 11:57,11:57,15,0,0,SANTA FE DRIVE SOUTH & MISSISSIPPI AVENUE WEST,1,1,0,0,1,1,,0,35,0,0,0,0,0,2,2,13
,2016_52031,39.681719,-104.992259,2/6/2016 14:49,14:49,15,0,0,SANTA FE DRIVE SOUTH & EVANS AVENUE WEST,1,1,0,0,1,4,,0,50,0,0,0,0,0,2,2,13
,2016_52032,39.691177,-104.9923,3/8/2016 14:16,14:16,12,0,0,SANTA FE DRIVE SOUTH  & PLATTE RIVER DRIVE SOUTH,1,1,0,0,1,3,,0,45,0,0,0,0,0,2,2,1
,2016_52033,39.696362,-104.991999,1/27/2016 7:30,7:30,12,0,0,SANTA FE DRIVE 1100 BLOCK SOUTH & MISSISSIPPI AVENUE WEST,1,1,0,0,1,4,,0,35,0,0,0,0,0,2,3,3
,2016_52034,39.696596,-104.991902,10/20/2016 8:42,8:42,15,0,0,SANTA FE DRIVE SOUTH & ARKANSAS AVENUE WEST,1,1,0,0,1,4,,0,45,0,0,0,0,0,2,2,3
,2016_52035,39.696679,-104.991877,7/27/2016 15:45,15:45,1,0,0,MISSISSIPPI AVENUE WEST & SANTA FE DRIVE SOUTH,1,1,0,0,1,1,,0,30,0,0,0,0,1,2,2,13
,2016_52036,39.696763,-104.991852,8/16/2016 9:30,9:30,12,0,0,SANTA FE DRIVE SOUTH & MISSISSIPPI AVENUE WEST,1,1,0,0,1,4,,0,45,0,0,0,0,0,2,2,13
,2016_52037,39.696847,-104.991827,2/27/2016 17:44,17:44,15,0,0,SANTA FE DRIVE 1000 BLOCK SOUTH & MISSISSIPPI AVENUE WEST,1,2,0,0,1,1,,0,45,0,0,0,0,0,2,2,13
,2016_52038,39.697334,-104.991768,9/2/2016 19:30,19:30,12,0,0,SANTA FE DRIVE SOUTH & MISSISSIPPI AVENUE WEST,1,3,0,0,1,4,,0,45,0,0,0,0,0,2,2,1
,2016_52039,39.697414,-104.991763,9/20/2016 8:50,8:50,15,0,0,SANTA FE DRIVE SOUTH & MISSISSIPPI AVENUE EAST,1,1,0,0,1,4,,0,25,0,0,0,0,0,2,2,13
,2016_52040,39.706901,-104.996487,3/22/2016 18:27,18:27,15,0,0,SANTA FE SOUTH & I25,1,2,1,0,1,4,,0,35,0,0,0,0,0,2,2,13
,2016_52041,39.74163,-105.014388,1/28/2016 2:12,2:12,5,0,1,I25 & COLFAX AVENUE WEST,1,3,0,0,2,4,,0,55,0,0,0,0,2,1,1,5
,2016_52042,39.70763,-104.996301,5/13/2016 12:00,12:00,12,0,0,SOUTH SANTA FE DRIVE & I25,1,1,1,0,1,4,,0,35,0,0,0,0,0,2,2,13
,2016_52054,39.725959,-105.025126,2/25/2016 17:44,17:44,12,0,0,FEDERAL BOULEVARD NORTH & MM1,1,1,0,0,1,1,,0,35,0,0,0,0,1,2,2,13
,2016_52055,39.725357,-105.025125,10/4/2016 12:13,12:13,12,0,0,FEDERAL BOULEVARD NORTH & SIXTH AVENUE WB RAMPS,1,1,0,0,1,3,,0,35,0,0,0,0,1,2,2,7
,2016_52056,39.724756,-105.025125,2/15/2016 16:31,16:31,12,0,0,FEDERAL BOULEVARD NORTH & SIXTH AVENUE WEST EASTBOUND OFF RAMP B,1,1,0,0,1,1,,0,35,0,0,0,0,0,2,2,13
,2016_52057,39.724756,-105.025125,3/14/2016 17:50,17:50,3,0,0,SIXTH AVENUE EASTBOUND OFF RAMP & FEDERAL BOULEVARD NORTH,1,1,0,0,1,1,,0,35,0,0,0,0,0,2,2,1
,2016_52058,39.693033,-105.025057,5/5/2016 17:50,17:50,12,0,0,FEDERAL BOULEVARD SOUTH & LOUISIANA AVENUE WEST,1,1,0,0,1,3,,0,35,0,0,0,0,0,2,2,1
,2016_52060,39.724619,-105.025126,2/20/2016 19:56,19:56,12,0,0,FEDERAL BOULEVARD NORTH & FIFTH AVENUE WEST,1,3,0,0,1,1,,0,35,0,0,0,0,0,2,3,14
,2016_52061,39.720324,-105.025183,7/15/2016 16:51,16:51,1,0,2,FEDERAL BOULEVARD NORTH & SECOND AVENUE WEST,1,1,0,0,1,1,,0,35,0,0,0,1,2,2,2,7
,2016_52063,39.710955,-105.025089,6/3/2016 11:57,11:57,12,0,0,FEDERAL BOULEVARD SOUTH & ALAMEDA AVENUE WEST,1,1,0,0,1,1,,0,35,0,0,0,0,1,2,4,10
,2016_52064,39.709356,-105.025079,8/13/2016 15:30,15:30,12,0,0,FEDERAL BOULEVARD SOUTH & DAKOTA AVENUE WEST,1,1,1,0,1,4,,0,40,0,0,0,0,0,2,3,7
,2016_52065,39.709212,-105.025079,6/5/2016 21:50,21:50,12,0,0,FEDERAL BOULEVARD SOUTH & DAKOTA AVENUE WEST,1,3,0,0,1,1,,0,35,0,0,0,0,0,2,3,13
,2016_52066,39.704019,-105.02509,6/12/2016 14:40,14:40,12,0,0,FEDERAL BOULEVARD & GILL PLACE WEST,1,1,1,0,1,3,,0,40,0,0,0,0,1,2,4,3
,2016_52067,39.702207,-105.025062,12/30/2016 20:51,20:51,15,0,0,FEDERAL BOULEVARD SOUTH & OHIO AVENUE WEST ROAD WEST,1,3,0,0,1,4,,0,40,0,0,0,0,0,2,2,3
,2016_52068,39.698634,-105.025078,6/16/2016 18:01,18:01,1,0,0,FEDERAL BOULEVARD & TENNESSEE AVENUE WEST,1,1,0,0,1,1,,0,35,0,0,0,0,0,2,2,14
,2016_52070,39.696718,-105.025071,8/18/2016 6:25,6:25,12,0,0,FEDERAL BOULEVARD 1100 BLOCK SOUTH & MISSISSIPPI AVENUE WEST,4,2,0,2,1,1,,0,40,0,0,0,0,0,2,2,13
,2016_52071,39.695833,-105.025067,2/14/2016 20:50,20:50,3,0,0,FEDERAL BOULEVARD SOUTH & MISSISSIPPI AVENUE WEST,1,3,0,0,1,2,,0,35,0,0,0,0,0,2,2,1
,2016_52072,39.693033,-105.025057,4/10/2016 11:45,11:45,12,0,0,LOUISIANA AVENUE WEST & FEDERAL BOULEVARD SOUTH,1,1,0,0,1,1,,0,25,0,0,0,0,0,2,2,13
,2016_52074,39.693033,-105.025057,9/4/2016 20:30,20:30,1,0,0,FEDERAL BOULEVARD & LOUISIANA AVENUE,1,3,0,0,1,1,,0,35,0,0,0,0,0,2,2,13
,2016_52075,39.685957,-105.02503,6/29/2016 14:34,14:34,1,0,0,FEDERAL BOULEVARD SOUTH & MEXICO AVENUE WEST,1,1,1,0,1,1,,0,40,0,0,0,0,1,2,2,7
,2016_52076,39.685072,-105.025026,4/13/2016 14:35,14:35,12,0,1,FEDERAL BOULEVARD 1700 SOUTH & COLORADO AVENUE WEST,1,1,1,1,1,4,,0,35,0,0,0,0,2,2,3,13
,2016_52077,39.682714,-105.025017,2/7/2016 16:20,16:20,5,0,0,FEDERAL BOULEVARD SOUTH & JEWELL AVENUE WEST,1,1,0,0,3,4,,0,40,0,0,0,0,0,2,1,13
,2016_52078,39.67863,-105.025035,3/5/2016 11:23,11:23,12,0,0,FEDERAL BOULEVARD SOUTH & EVANS AVENUE WEST,1,1,0,0,1,1,,0,35,0,0,0,0,1,2,2,5
,2016_52079,39.676736,-105.025046,8/24/2016 8:05,8:05,8,0,0,FEDERAL BOULEVARD & WARREN AVENUE WEST,1,1,0,0,1,1,,0,35,0,0,0,0,0,2,2,13
,2016_52080,39.676736,-105.025046,8/30/2016 16:46,16:46,3,0,0,WARREN AVENUE WEST & FEDERAL BOULEVARD SOUTH,1,1,0,0,1,1,,0,40,0,0,0,0,1,2,2,14
,2016_52081,39.675279,-105.025053,7/11/2016 14:44,14:44,12,0,0,FEDERAL BOULEVARD SOUTH & ILIFF AVENUE WEST,1,1,0,0,1,3,,0,35,0,0,0,0,0,2,2,7
,2016_52082,39.673385,-105.025064,3/25/2016 15:03,15:03,12,0,0,FEDERAL BOULEVARD SOUTH & WESLEY AVENUE WEST,1,1,0,0,1,1,,0,35,0,0,0,0,1,2,2,1
,2016_52083,39.657384,-105.025258,11/11/2016 7:23,7:23,3,0,0,FEDERAL BOULEVARD SOUTH & FLOYD AVENUE WEST,1,1,0,0,1,1,,0,40,0,0,0,0,1,2,2,1
,2016_52118,39.651763,-105.052959,5/10/2016 14:04,14:04,1,0,0,SHERIDAN BOULEVARD SOUTH & HAMPDEN AVENUE FRONTAGE ROAD,1,1,0,0,1,1,,0,40,0,0,0,0,0,2,2,7
,2016_52119,39.651763,-105.052959,12/9/2016 12:30,12:30,12,0,0,SHERIDAN BOULEVARD SOUTH & HAMPDEN AVENUE EASTBOUND RAMPS,1,1,0,0,1,3,,0,45,0,0,0,0,0,2,2,15
,2016_52121,39.679091,-105.053268,3/7/2016 7:35,7:35,12,0,0,SHERIDAN BOULEVARD NORTH & 2100 BLOCK SOUTH,1,1,0,0,1,4,,0,40,0,0,0,0,0,2,3,7
,2016_52122,39.683285,-105.053189,5/27/2016 15:13,15:13,12,0,0,SHERIDAN BOULEVARD SOUTH & COLORADO AVENUE WEST,1,1,0,0,1,3,,0,40,0,0,0,0,1,2,2,7
,2016_52124,39.693285,-105.053215,1/12/2016 16:51,16:51,15,0,0,SHERIDAN BOULEVARD SOUTH & LOUISIANA AVENUE WEST,1,1,0,0,1,1,,0,35,0,0,0,0,1,2,2,5
,2016_52125,39.693285,-105.053215,8/20/2016 19:05,19:05,12,0,0,SHERIDAN BOULEVARD SOUTH & LOUISIANA AVENUE WEST,1,1,0,0,1,3,,0,30,0,0,0,0,0,2,2,5
,2016_52126,39.693576,-105.053217,9/6/2016 7:33,7:33,12,0,0,SHERIDAN BOULEVARD SOUTH & LOUISIANA AVENUE WEST,1,1,0,0,1,4,,0,40,0,0,0,0,1,2,3,13
,2016_52127,39.695178,-105.053229,5/23/2016 18:15,18:15,1,0,0,SHERIDAN BOULEVARD SOUTH & ARIZONA AVENUE WEST,1,1,0,0,1,1,,0,35,0,0,0,0,0,2,2,14
,2016_52133,39.725821,-105.05313,5/13/2016 18:31,18:31,1,0,1,SHERIDAN BOULEVARD NORTH & SIXTH AVENUE WEST,1,1,0,0,1,1,,0,40,0,0,0,0,2,2,2,14
,2016_52134,39.729624,-105.053227,4/5/2016 15:15,15:15,12,0,0,EIGHTH AVENUE WEST & SHERIDAN BOULEVARD NORTH,1,1,0,0,1,1,,0,25,0,0,0,0,0,2,2,13
,2016_52165,39.61758,-105.091116,8/4/2016 12:04,12:04,12,0,0,WADSWORTH BOULEVARD SOUTH & CRESTLINE AVENUE WEST,1,1,0,0,1,4,,0,45,0,0,0,0,0,2,2,13
,2016_52166,39.629963,-105.086958,1/10/2016 22:45,22:45,5,0,0,WADSWORTH BOULEVARD SOUTH & LAYTON AVENUE WEST,4,3,1,0,3,1,,0,45,0,0,0,0,0,2,1,14
,2016_52250,39.629971,-104.904921,1/6/2016 14:40,14:40,5,0,0,I225 NORTHBOUND FLYOVER ENTRANCE APPROXIMATELY & I25 SOUTHBOUND RAMP OFF CRASH CUSHION,1,1,0,0,3,14,,0,55,0,0,0,0,0,1,1,10
,2016_52251,39.635522,-104.893462,3/12/2016 22:45,22:45,3,0,1,I225 NORTHBOUND OFF RAMP & DTC BOULEVARD,1,3,0,0,1,1,,0,35,0,0,0,0,2,1,2,1
,2016_52252,39.635522,-104.893462,7/13/2016 21:55,21:55,1,0,0,TAMARAC STREET SOUTH & I225 FRONTAGE ROAD,1,3,0,0,1,1,,0,35,0,0,0,0,1,1,2,13
,2016_52253,39.639143,-104.885372,5/27/2016 9:21,9:21,12,0,0,I225 NORTHBOUND RAMP ON & YOSEMITE STREET SOUTH,1,1,0,0,1,14,,0,35,0,0,0,0,0,1,2,3
,2016_52255,39.639223,-104.885207,9/20/2016 11:45,11:45,15,0,0,I225 & YOSEMITE STREET SOUTH,1,1,0,0,1,4,,0,65,0,0,0,0,1,1,3,3
,2016_52289,39.783176,-104.901012,9/9/2016 23:30,23:30,12,0,0,I270 WB ON SPLIT RAMP & NORTHFIELD QUEBEC NORTH,1,3,0,0,1,14,,0,35,0,0,0,0,0,1,2,13
,2016_52290,39.782797,-104.900751,2/20/2016 16:17,16:17,5,0,0,I270 & NORTHFIELD QUEBEC STREET NORTH,1,1,0,0,3,4,,0,55,0,0,0,0,0,1,1,5
,2016_52291,39.782797,-104.900751,12/7/2016 16:49,16:49,12,0,0,I270 & QUEBEC STREET,8,3,1,2,1,4,,0,55,0,0,0,0,0,1,2,3
,2016_52292,39.78267,-104.900664,2/27/2016 7:31,7:31,12,0,0,I270 EASTBOUND LOOP RAMP OFF & NORTHFIELD QUEBEC STREET,1,1,0,0,1,14,,0,40,0,0,0,0,0,1,2,14
,2016_52293,39.776932,-104.887198,6/8/2016 12:35,12:35,12,0,0,I270 WB DIRECT CONNECT ON & I70 INTERCHANGE,1,1,0,0,1,4,,0,55,0,0,0,0,0,1,2,13
,2016_52295,39.776932,-104.887198,8/4/2016 8:35,8:35,12,0,0,I270 EASTBOUND DIRECT CONNECT & I70 INTERCHANGE,1,1,0,0,1,4,,0,55,0,0,0,0,0,1,3,13
,2016_52296,39.776991,-104.8823,12/5/2016 14:24,14:24,15,0,0,I270 DIRECT CONNECT & I70,1,1,0,0,1,4,,0,55,0,0,0,0,0,1,2,13
,2016_52305,39.65315,-105.053139,11/18/2016 0:50,0:50,5,0,0,HAMPDEN AVENUE WEST & SHERIDAN BOULEVARD SOUTH,4,4,0,2,1,1,,0,50,0,0,0,0,0,2,1,13
,2016_52306,39.65315,-105.053139,12/5/2016 6:30,6:30,15,0,0,HAMPDEN AVENUE WEST & SHERIDAN BOULEVARD SOUTH,1,2,0,0,1,4,,0,55,0,0,0,0,0,2,2,13
,2016_52307,39.653274,-105.04875,3/5/2016 11:10,11:10,12,0,0,HAMPDEN AVENUE 5100 BLOCK WEST & SHERIDAN BOULEVARD SOUTH,1,1,0,0,1,4,,0,65,0,0,0,0,1,2,4,1
,2016_52320,39.652979,-104.923769,4/25/2016 17:19,17:19,12,0,0,HAMPDEN AVENUE EAST & HUDSON STREET SOUTH,1,1,0,0,1,1,,0,40,0,0,0,0,0,2,2,3
,2016_52321,39.652979,-104.919429,9/28/2016 6:50,6:50,12,0,0,HAMPDEN AVENUE EAST & I25 SOUTHBOUND SLIP RAMP ON,1,2,1,0,1,1,,0,35,0,0,0,0,0,2,2,1
,2016_52322,39.743305,-105.025215,7/7/2016 17:22,17:22,12,0,0,FEDERAL BOULEVARD & 1600 BLOCK NORTH,1,1,1,0,1,4,,0,35,0,0,0,0,0,2,3,13
,2016_52323,39.743865,-105.02522,10/30/2016 18:39,18:39,15,0,0,FEDERAL BOULEVARD NORTH & DICK CONNOR AVENUE WEST,1,2,0,0,1,1,,0,30,0,0,0,0,0,2,2,13
,2016_52324,39.744425,-105.025226,1/14/2016 7:27,7:27,12,0,0,FEDERAL BOULEVARD & 17TH AVENUE WEST APPROXIMATELY,1,1,0,0,1,4,,0,35,0,0,0,0,0,2,2,13
,2016_52325,39.754834,-105.025131,11/26/2016 18:20,18:20,15,0,0,26TH AVENUE WEST & FEDERAL BOULEVARD NORTH,1,3,0,0,1,1,,0,35,0,0,0,0,0,2,2,13
,2016_52326,39.758397,-105.025143,11/4/2016 15:45,15:45,12,0,0,FEDERAL BOULEVARD NORTH  & 29TH AVENUE WEST,1,1,0,0,1,4,,0,35,0,0,0,0,0,2,2,13
,2016_52327,39.76025,-105.025149,4/24/2016 16:45,16:45,12,0,0,SPEER BOULEVARD NORTH & FEDERAL BOULEVARD NORTH,1,1,0,0,1,1,,0,35,0,0,0,0,0,2,2,3
,2016_52328,39.764668,-105.025164,9/26/2016 15:31,15:31,12,0,0,FEDERAL BOULEVARD NORTH & 34TH AVENUE WEST,1,1,0,0,1,1,,0,30,0,0,0,0,0,2,2,13
,2016_52329,39.768521,-105.025231,11/8/2016 23:14,23:14,1,0,0,FEDERAL BOULEVARD NORTH & CLYDE PLACE WEST,1,3,1,0,1,2,,0,35,0,0,0,0,0,2,2,13
,2016_52330,39.776686,-105.025228,3/18/2016 17:25,17:25,12,0,0,44TH AVENUE WEST & FEDERAL BOULEVARD NORTH,1,1,0,0,1,1,,0,30,0,0,0,0,1,2,2,5
,2016_52331,39.78571,-105.025223,6/21/2016 3:26,3:26,5,0,0,49TH AVENUE WEST & FEDERAL BOULEVARD NORTH,1,3,0,0,3,1,,0,40,0,0,0,0,0,2,1,13
,2016_52382,39.767904,-104.995133,9/18/2016 8:00,8:00,5,0,0,I25 & PARK AVENUE WEST,1,1,0,0,2,4,,0,35,0,0,0,0,0,1,1,2
,2016_52396,39.843704,-104.746746,5/23/2016 9:50,9:50,5,0,0,E470 & MM 28.5,1,1,1,0,2,4,,0,75,0,0,0,0,0,2,1,13
,2016_52421,39.834134,-104.746852,6/15/2016 22:10,22:10,15,0,0,PENA BOULEVARD & E470 INTERCHANGE,1,3,0,0,1,4,,1,65,0,0,0,0,0,2,3,14
,2016_52427,39.689069,-104.971473,7/12/2016 16:56,16:56,5,0,0,I25 & DOWNING STREET,1,1,0,0,3,4,,0,55,0,0,0,0,0,1,1,10
,2016_52428,39.65309,-104.940621,4/2/2016 14:35,14:35,12,0,0,COLORADO BOULEVARD 3400 BLOCK SOUTH & HAMPDEN AVENUE EAST,1,1,1,0,1,3,,0,40,0,0,0,0,0,2,3,13
,2016_52429,39.667966,-104.940606,12/8/2016 17:15,17:15,12,0,0,COLORADO BOULEVARD & YALE AVENUE EAST,1,3,1,0,1,4,,0,35,0,0,0,0,0,2,2,13
,2016_52431,39.670653,-104.940615,1/21/2016 16:15,16:15,1,0,0,COLORADO BOULEVARD SOUTH & HARVARD AVENUE EAST,1,1,0,0,1,1,,0,40,0,0,0,0,0,2,2,3
,2016_52432,39.670794,-104.940615,7/9/2016 16:19,16:19,12,0,0,COLORADO BOULEVARD SOUTH & DICKENSON PLACE EAST,1,1,0,0,1,4,,0,35,0,0,0,0,0,2,2,3
,2016_52433,39.67843,-104.940638,4/25/2016 14:46,14:46,14,0,0,COLORADO BOULEVARD SOUTH & EVANS AVENUE EAST,1,1,0,0,1,3,,0,35,0,0,0,0,0,2,2,3
,2016_52434,39.744759,-104.9406,11/11/2016 14:55,14:55,12,0,0,COLORADO BOULEVARD NORTH & 18TH AVENUE EAST,1,1,0,0,1,1,,0,25,0,0,0,0,0,2,2,14
,2016_52435,39.690613,-104.940547,10/22/2016 18:30,18:30,15,0,0,COLORADO BOULEVARD & ARKANSAS AVENUE,1,3,0,0,1,4,,0,35,0,0,0,0,0,2,2,13
,2016_52436,39.693302,-104.940549,8/17/2016 6:46,6:46,12,0,0,COLORADO BOULEVARD SOUTH & LOUISIANA AVENUE EAST,1,1,0,0,1,4,,0,35,0,0,0,0,0,2,2,13
,2016_52438,39.694497,-104.94055,9/9/2016 16:20,16:20,12,0,0,COLORADO BOULEVARD SOUTH & ARIZONA AVENUE EAST,1,1,0,0,1,4,,0,35,0,0,0,0,0,2,2,12
,2016_52442,39.716454,-104.94061,2/23/2016 14:21,14:21,1,0,0,COLORADO BL SOUTH & BAYAUD AVENUE EAST,1,1,1,0,1,1,,0,35,0,0,0,0,0,2,2,13
,2016_52443,39.719664,-104.940609,12/21/2016 17:12,17:12,1,0,1,COLORADO BOULEVARD & FIRST AVENUE EAST,1,3,0,0,1,3,,0,55,0,0,0,0,2,2,3,14
,2016_52444,39.7255,-104.940607,1/6/2016 16:39,16:39,15,0,0,EAST SIXTH AVENUE  & NORTH COLORADO BOULEVARD,1,2,0,0,1,1,,0,30,0,0,0,0,0,2,2,14
,2016_52445,39.7255,-104.940607,5/28/2016 15:47,15:47,3,0,0,COLORADO BOULEVARD NORTH & SIXTH AVENUE EAST,1,1,0,0,1,1,,0,30,0,0,0,0,0,2,2,13
,2016_52446,39.734838,-104.940603,5/20/2016 11:18,11:18,1,0,0,COLORADO BOULEVARD NORTH & 12TH AVENUE EAST,1,1,0,0,1,1,,0,30,0,0,0,0,0,2,3,13
,2016_52447,39.744467,-104.9406,8/6/2016 10:57,10:57,15,0,0,COLORADO BOULEVARD NORTH & 17TH AVENUE EAST,1,1,1,0,1,4,,0,30,0,0,0,0,0,2,2,13
,2016_52448,39.750887,-104.940597,1/12/2016 19:00,19:00,12,0,0,23RD AVENUE EAST & COLORADO BOULEVARD NORTH,1,3,0,0,1,1,,0,35,0,0,0,0,0,2,2,1
,2016_52449,39.754511,-104.940546,4/23/2016 8:45,8:45,12,0,0,COLORADO BOULEVARD NORTH & 26TH AVENUE EAST,1,1,0,0,1,1,,0,35,0,0,0,0,1,2,2,14
,2016_52451,39.758284,-104.940525,4/22/2016 2:10,2:10,12,0,0,COLORADO BOULEVARD NORTH & 29TH AVENUE EAST,1,3,0,0,1,1,,0,35,0,0,0,0,0,2,2,14
,2016_52452,39.758284,-104.940525,10/21/2016 18:09,18:09,3,0,0,COLORADO BOULEVARD NORTH & 29TH AVENUE EAST,1,1,0,0,1,1,,0,35,0,0,0,0,0,2,2,13
,2016_52453,39.761914,-104.940511,10/2/2016 18:17,18:17,3,0,0,MLK BOULEVARD EAST & COLORADO BOULEVARD NORTH,1,1,0,0,1,1,,0,35,0,0,0,0,0,2,2,7
,2016_52455,39.761914,-104.940511,12/5/2016 18:28,18:28,1,0,0,MLK BOULEVARD EAST & COLORADO BOULEVARD NORTH,1,3,0,0,1,1,,0,35,0,0,0,0,1,2,2,13
,2016_52456,39.772285,-104.940508,9/5/2016 9:46,9:46,12,0,0,COLORADO BOULEVARD NORTH & 40TH AVENUE EAST,1,1,0,0,1,4,,0,30,0,0,0,0,0,2,2,3
,2016_52458,39.780314,-104.940501,9/17/2016 12:50,12:50,12,0,0,COLORADO BOULEVARD NORTH & I70,1,1,1,0,1,4,,0,45,0,0,0,0,0,2,4,13
,2016_52459,39.789684,-104.940206,9/3/2016 18:30,18:30,15,0,0,COLORADO BOULEVARD NORTH & COLORADO BOULEVARD 4400 BLOCK NORTH,1,1,0,0,1,4,,0,35,0,0,0,0,0,2,2,13
,2016_52469,39.725455,-105.032456,1/6/2016 5:15,5:15,15,0,0,SIXTH AVENUE WEST & KNOX COURT NORTH,1,3,0,0,1,4,,0,55,0,0,0,0,0,2,2,1
,2016_52470,39.725455,-105.032456,6/9/2016 18:47,18:47,5,0,0,SIXTH AVENUE WEST & KNOX COURT NORTH,1,1,1,0,3,4,,0,55,0,0,0,0,0,2,1,13
,2016_52471,39.725455,-105.032456,9/13/2016 12:33,12:33,12,0,0,SIXTH AVENUE WEST & KNOX COURT NORTH,1,1,0,0,1,4,,0,35,0,0,0,0,0,2,2,14
,2016_52472,39.72545,-105.03227,1/15/2016 15:47,15:47,12,0,0,SIXTH AVENUE WEST & KNOX COURT NORTH,1,1,0,0,1,4,,0,55,0,0,0,0,0,2,2,3
,2016_52473,39.725421,-105.029072,10/13/2016 17:55,17:55,12,0,0,SIXTH AVENUE WEST EASTBOUND OFF RAMP TO & FEDERAL BOULEVARD NORTH,1,1,1,0,1,14,,0,,0,0,0,0,0,2,2,13
,2016_52474,39.725419,-105.027546,5/20/2016 15:27,15:27,12,0,0,SIXTH AVENUE WEST EASTBOUND & FEDERAL BOULEVARD NORTH,1,1,1,0,1,4,,0,55,0,0,0,0,0,2,2,13
,2016_52475,39.725416,-105.025449,1/5/2016 17:26,17:26,12,0,0,SIXTH AVENUE WEST & FEDERAL BOULEVARD NORTH,1,2,0,0,1,4,,0,55,0,0,0,0,0,2,2,13
,2016_52476,39.725415,-105.025258,3/5/2016 18:00,18:00,12,0,0,SIXTH AVENUE WEST EASTBOUND OFF RAMP & FEDERAL BOULEVARD NORTH,1,3,1,0,1,14,,0,55,0,0,0,0,0,2,2,7
,2016_52478,39.725533,-105.01288,4/26/2016 8:32,8:32,12,0,0,SIXTH AVENUE WEST & I25,1,1,0,0,1,4,,0,55,0,0,0,0,0,2,3,13
,2016_52479,39.779447,-104.949726,2/29/2016 9:25,9:25,1,0,0,46TH AVENUE EAST & STEELE STREET NORTH,1,1,0,0,1,1,,0,30,0,0,0,0,0,2,2,7
,2016_52480,39.779447,-104.949726,3/28/2016 12:04,12:04,3,0,0,46TH AVENUE EAST & STEELE STREET NORTH,1,1,0,0,1,1,,0,25,0,0,0,0,0,2,2,13
,2016_52501,39.668067,-104.92591,11/8/2016 18:49,18:49,5,0,0,I25 & YALE AVENUE EAST,1,3,0,0,2,4,,0,60,0,0,0,0,0,1,1,14
,2016_52545,39.626546,-104.902987,2/11/2016 18:10,18:10,12,0,0,I25 & MM 199.6,1,1,0,0,1,4,,0,65,0,0,0,0,0,1,2,1
,2016_52546,39.634091,-104.906764,8/10/2016 7:15,7:15,9,0,0,I25  & MM 200.12,1,1,1,0,1,4,,0,65,0,0,0,1,1,1,2,13
,2016_52547,39.651422,-104.917361,6/8/2016 9:36,9:36,12,0,0,I25 NORTHBOUND & HAMPDEN AVENUE EAST,1,1,0,0,1,4,,0,65,0,0,0,0,0,1,2,3
,2016_52548,39.653259,-104.918319,5/15/2016 20:33,20:33,12,0,0,I25 & HAMPDEN AVENUE EAST,1,3,0,0,1,4,,0,65,0,0,0,0,0,1,2,3
,2016_52549,39.65697,-104.919991,4/11/2016 12:25,12:25,15,0,0,I25 & HAMPDEN AVENUE WEST,1,1,0,0,1,4,,0,65,0,0,0,0,0,1,2,13
,2016_52550,39.659816,-104.921268,4/13/2016 9:46,9:46,12,0,0,I25 & HAMPDEN AVENUE EAST,1,1,0,0,1,4,,0,55,0,0,0,0,0,1,3,13
,2016_52551,39.667623,-104.925611,10/20/2016 9:16,9:16,12,0,0,I25 SOUTHBOUND & YALE AVENUE EAST INTERCHANGE,1,1,0,0,1,4,,0,65,0,0,0,0,0,1,3,12
,2016_52552,39.670889,-104.927774,10/11/2016 22:25,22:25,12,0,0,I25 & YALE AVENUE EAST,1,4,0,0,1,4,,0,55,0,0,0,0,0,1,3,13
,2016_52553,39.675629,-104.931187,7/19/2016 11:19,11:19,12,0,0,I25 & EVANS AVENUE EAST,1,1,0,0,1,4,,0,65,0,0,0,0,0,1,2,2
,2016_52554,39.678148,-104.933369,8/5/2016 1:55,1:55,15,0,0,I25 & EVANS AVENUE EAST,1,3,0,0,1,4,,0,65,0,0,0,0,0,1,2,13