id,drcog_id,latitude,longitude,crashtime,time,crashtype,numbkilled,numbinjurd,drcoglocat,rdconditin,lightngcon,roadcntgrd,weatherco,location,roaddescrp,schoolzone,constrzone,splimit,bikeinv,pedinv,sctrinv,motoinv,svrty,rdsystem,ttlvehcls,hcf
,2016_52555,39.678367,-104.933559,3/10/2016 17:57,17:57,15,0,0,EVANS AVENUE EAST & I25,1,3,0,0,1,4,,0,35,0,0,0,0,0,1,2,13
,2016_52556,39.678367,-104.933559,6/23/2016 22:35,22:35,12,0,2,EVANS AVENUE EAST & I25 SOUTHBOUND RAMP ON,1,3,0,0,1,4,,0,35,0,0,0,0,2,1,2,13
,2016_52557,39.683094,-104.940452,2/4/2016 7:32,7:32,12,0,0,I25 NORTHBOUND & COLORADO BOULEVARD SOUTH,1,1,0,0,1,4,,0,60,0,0,0,0,0,1,2,9
,2016_52558,39.683094,-104.940452,4/19/2016 21:32,21:32,12,0,0,I25 & COLORADO BOULEVARD SOUTH,1,3,0,0,1,4,,1,60,0,0,0,0,0,1,2,3
,2016_52559,39.683442,-104.941867,4/14/2016 15:45,15:45,12,0,0,I25 & COLORADO BOULEVARD SOUTH,1,1,0,0,1,4,,0,60,0,0,0,0,0,1,3,13
,2016_52560,39.684903,-104.949961,3/7/2016 21:03,21:03,12,0,0,I25 & UNIVERSITY BOULEVARD SOUTH,1,3,0,0,1,4,,0,50,0,0,0,0,1,1,2,3
,2016_52561,39.68492,-104.950436,10/26/2016 6:42,6:42,12,0,0,I25 SOUTHBOUND & STEELE STREET SOUTH,1,2,1,0,1,4,,0,60,0,0,0,0,1,1,2,3
,2016_52562,39.684905,-104.954871,9/7/2016 8:35,8:35,12,0,0,I25 & UNIVERSITY BOULEVARD SOUTH,1,1,0,0,1,4,,0,60,0,0,0,0,0,1,2,7
,2016_52563,39.684912,-104.956726,11/17/2016 17:05,17:05,12,0,0,I25 & MM 205,9,2,0,2,1,4,,0,60,0,0,0,0,1,1,2,7
,2016_52564,39.684916,-104.957839,5/5/2016 16:07,16:07,12,0,0,I25 & UNIVERSITY BOULEVARD SOUTH,1,1,0,0,1,4,,0,60,0,0,0,0,0,1,2,13
,2016_52565,39.684921,-104.959137,6/13/2016 15:25,15:25,12,0,0,I25 & UNIVERSITY BOULEVARD SOUTH,1,1,1,0,1,4,,0,30,0,0,0,0,1,1,2,3
,2016_52566,39.684921,-104.959322,9/8/2016 18:45,18:45,12,0,0,I25 NORTHBOUND EXIT GORE POINT & UNIVERSITY BOULEVARD SOUTH,1,2,1,0,1,4,,0,55,0,0,0,0,0,1,3,13
,2016_52567,39.68492,-104.959509,10/3/2016 6:40,6:40,15,0,0,I25 & UNIVERSITY BOULEVARD SOUTH,1,1,0,0,1,4,,0,,0,0,0,0,0,1,2,13
,2016_52568,39.687267,-104.967818,1/25/2016 21:01,21:01,5,0,0,I25 & UNIVERSITY BOULEVARD SOUTH,1,3,0,0,2,4,,0,60,0,0,0,0,0,1,2,1
,2016_52569,39.690115,-104.973561,9/19/2016 14:52,14:52,12,0,0,I25 & DOWNING STREET SOUTH,1,1,0,0,1,4,,0,50,0,0,0,0,0,1,2,13
,2016_52570,39.693988,-104.97875,9/29/2016 19:20,19:20,12,0,0,I25 & MM 206.3,1,3,0,0,1,4,,0,65,0,0,0,0,0,1,2,5
,2016_52571,39.694339,-104.979144,11/8/2016 7:47,7:47,5,0,0,I25 NORTHBOUND EXIT GORE POINT TO & BROADWAY / LINCOLN STREET SOUTH,1,1,0,0,3,14,,0,55,0,0,0,0,0,1,1,14
,2016_52572,39.725514,-105.013067,12/10/2016 6:10,6:10,5,0,0,I25 SOUTHBOUND OFF RAMP & SIXTH AVENUE,5,2,0,0,3,14,,0,30,0,0,0,0,0,1,1,7
,2016_52573,39.696526,-104.981642,4/11/2016 18:43,18:43,15,0,0,I25 SOUTHBOUND OFF RAMP & WASHINGTON STREET,1,1,1,0,1,14,,0,45,0,0,0,0,0,1,2,13
,2016_52574,39.701466,-104.987451,1/20/2016 17:55,17:55,12,0,0,I25 & BROADWAY SOUTH,1,3,0,0,1,4,,0,55,0,0,0,0,0,1,2,13
,2016_52575,39.702478,-104.988773,2/10/2016 21:11,21:11,5,0,0,I25 & BROADWAY STREET SOUTH,10,3,1,0,2,4,,0,55,0,0,0,0,1,1,1,2
,2016_52576,39.706724,-104.996589,12/9/2016 13:14,13:14,15,0,0,I25 SOUTHBOUND COLLECTOR ON RAMP & SANTA FE DRIVE SOUTH INTERCHANGE,1,1,1,0,1,14,,0,45,0,0,0,0,0,1,2,13
,2016_52577,39.707118,-104.996779,5/16/2016 15:41,15:41,12,0,0,I25 & SANTA FE DRIVE SOUTH INTERCHANGE,2,1,0,1,1,4,,0,55,0,0,0,0,0,1,3,3
,2016_52578,39.709481,-104.997924,9/30/2016 15:11,15:11,15,0,0,I25 NORTHBOUND & ALAMEDA AVENUE WEST,1,1,0,0,1,4,,0,55,0,0,0,0,0,1,2,13
,2016_52579,39.709481,-104.997924,1/20/2016 9:00,9:00,15,0,0,I25 HIGHWAY NORTHBOUND ON RAMP & SANTA FE DRIVE SOUTH INTERCHANGE,1,1,0,0,1,14,,0,35,0,0,0,0,0,1,2,13
,2016_52580,39.710009,-104.998187,7/12/2016 14:58,14:58,12,0,0,I25 RAMP ON  & GORE POINT FROM SANTA FE NORTH OFF,1,1,0,0,1,14,,0,55,0,0,0,0,1,1,3,13
,2016_52581,39.711663,-104.999176,2/22/2016 9:00,9:00,12,0,0,I25 HIGHWAY SOUTHBOUND & MM 208,1,1,0,1,1,4,,0,55,0,0,0,0,0,1,2,8
,2016_52582,39.723012,-105.010664,8/13/2016 14:29,14:29,12,0,0,I25 NORTHBOUND & SIXTH AVENUE WEST INTERCHANGE,1,1,0,0,1,4,,0,60,0,0,0,0,0,1,3,3
,2016_52583,39.723012,-105.010664,2/13/2016 11:58,11:58,12,0,0,I25  & SIXTH AVENUE EASTBOUND / WB EXIT,1,1,0,0,1,14,,0,55,0,0,0,0,0,1,4,14
,2016_52584,39.724815,-105.012562,2/28/2016 12:46,12:46,15,0,0,I25 SOUTHBOUND ON RAMP SPLIT & SIXTH AVENUE INTERCHANGE,1,1,1,0,1,14,,0,55,0,0,0,0,0,1,2,1
,2016_52585,39.725281,-105.012899,5/6/2016 14:08,14:08,12,0,0,I25 & SIXTH AVENUE INTERCHANGE,1,1,0,0,1,4,,0,55,0,0,0,0,1,1,2,13
,2016_52586,39.725281,-105.012899,7/9/2016 14:30,14:30,12,0,0,I25 NORTHBOUND & SIXTH AVENUE INTERCHANGE,1,1,0,0,1,4,,0,55,0,0,0,0,0,1,2,3
,2016_52587,39.725514,-105.013067,12/13/2016 8:06,8:06,12,0,0,I25 & SIXTH AVENUE INTERCHANGE,1,1,1,0,1,4,,0,55,0,0,0,0,0,1,2,3
,2016_52589,39.725966,-105.013394,8/19/2016 10:10,10:10,12,0,0,I25 NORTHBOUND LOOP RAMP OFF & SIXTH AVENUE WEST WB,1,1,1,0,1,14,,0,55,0,0,0,0,0,1,2,3
,2016_52590,39.729265,-105.014796,5/2/2016 18:19,18:19,12,0,0,I25 & EIGHTH AVENUE WEST INTERCHANGE,1,1,1,0,1,4,,0,55,0,0,0,0,0,1,2,3
,2016_52591,39.722435,-105.010503,8/30/2016 15:19,15:19,15,0,0,I25 SOUTHBOUND RAMP ON & RAMP ON MERGE LANE FRM SIXTH AVENUE,1,1,0,0,1,14,,0,45,0,0,0,0,0,1,2,13
,2016_52592,39.731155,-105.015429,7/25/2016 12:09,12:09,12,0,0,I25 NORTHBOUND  & MULBERRY PLACE WEST,1,1,0,0,1,4,,0,55,0,0,0,0,0,1,2,13
,2016_52593,39.731542,-105.015521,2/12/2016 15:35,15:35,15,0,0,I25 & MULBERRY PLACE WEST,1,1,1,0,1,4,,0,55,0,0,0,0,0,1,2,16
,2016_52594,39.740257,-105.013939,4/30/2016 12:09,12:09,5,0,0,I25 & COLFAX AVENUE WEST,2,1,0,2,1,4,,0,55,0,0,0,0,0,1,2,13
,2016_52595,39.740257,-105.013939,7/27/2016 23:10,23:10,15,0,0,I25 & COLFAX AVENUE WEST,1,3,0,0,1,4,,0,55,0,0,0,0,0,1,2,5
,2016_52596,39.740455,-105.013961,10/8/2016 10:30,10:30,12,0,1,I25 & COLFAX AVENUE,1,1,0,0,1,4,,0,55,0,0,0,0,2,1,3,7
,2016_52597,39.742485,-105.015083,1/3/2016 18:57,18:57,12,0,0,I25 & COLFAX AVENUE WEST,1,3,0,0,1,4,,0,55,0,0,0,0,0,1,2,13
,2016_52598,39.743012,-105.015609,5/29/2016 14:00,14:00,12,0,0,I25 & COLFAX AVENUE WEST,1,1,1,0,1,4,,0,55,0,0,0,0,0,1,2,13
,2016_52599,39.743372,-105.015987,11/4/2016 19:02,19:02,15,0,0,I25 NORTHBOUND  & 17TH AVENUE WEST,1,3,1,0,1,4,,0,55,0,0,0,0,1,1,2,13
,2016_52600,39.751295,-105.016566,8/15/2016 12:15,12:15,12,0,0,I25 NORTHBOUND & 23RD AVENUE WEST,1,1,0,0,1,4,,0,55,0,0,0,0,0,1,2,13
,2016_52601,39.755118,-105.012754,5/18/2016 7:45,7:45,15,0,0,I25 & SPEER BOULEVARD NORTH,1,1,0,0,1,4,,0,55,0,0,0,0,0,1,2,14
,2016_52602,39.755118,-105.012754,10/17/2016 21:51,21:51,15,0,0,SPEER BOULEVARD & I25,1,3,1,0,1,4,,1,35,0,0,0,0,0,1,2,4
,2016_52603,39.758322,-105.008338,7/21/2016 7:10,7:10,12,0,0,I25 SOUTHBOUND & 15TH STREET,1,1,0,0,1,4,,0,55,0,0,0,0,0,1,2,3
,2016_52604,39.768049,-104.994761,11/7/2016 17:10,17:10,12,0,0,I25 NORTHBOUND & PARK AVENUE WEST,1,1,0,0,1,4,,0,65,0,0,0,0,0,1,2,13
,2016_52605,39.769117,-104.992744,3/18/2016 6:15,6:15,5,0,0,I25 & PARK AVENUE WEST,5,3,1,2,2,4,,0,55,0,0,0,0,1,1,2,14
,2016_52606,39.771367,-104.990468,10/19/2016 17:00,17:00,12,0,0,I25 NORTHBOUND RAMP ON END FROM & PARK AVENUE WEST,1,1,1,0,1,14,,0,55,0,0,0,0,0,1,2,13
,2016_52607,39.776439,-104.98921,7/18/2016 14:55,14:55,15,0,0,I25 & I70,1,1,1,0,1,4,,0,55,0,0,0,0,1,1,2,13
,2016_52608,39.776439,-104.98921,10/31/2016 15:32,15:32,12,0,0,I25 & 44TH AVENUE,1,1,0,0,1,4,,0,55,0,0,0,0,1,1,4,1
,2016_52610,39.776735,-104.989205,2/6/2016 13:05,13:05,15,0,0,I25 SOUTHBOUND ON RAMP FROM & I70 EASTBOUND RAMP OFF END,8,1,0,0,1,14,,0,55,0,0,0,0,0,1,4,13
,2016_52611,39.779391,-104.989164,2/27/2016 17:12,17:12,12,0,0,I25 & I70,1,1,0,0,1,4,,0,55,0,0,0,0,0,1,2,1
,2016_52612,39.779535,-104.989164,6/2/2016 6:50,6:50,15,0,0,I25 HIGHWAY SOUTHBOUND & I70 HIGHWAY WB INTERCHANGE,1,1,1,0,1,4,,0,55,0,0,0,0,0,1,2,14
,2016_52623,39.740144,-104.945037,5/6/2016 18:00,18:00,6,0,0,COLFAX AVENUE & MONROE 3500 BLOCK EAST,1,1,0,0,1,3,,0,30,0,0,0,0,0,2,2,14
,2016_52665,39.711124,-105.03249,12/7/2016 13:45,13:45,15,0,0,ALAMEDA AVENUE WEST & KNOX COURT SOUTH,6,1,0,0,1,4,,0,35,0,0,0,0,1,2,2,13
,2016_52666,39.711094,-105.029925,6/13/2016 13:15,13:15,12,0,0,ALAMEDA AVENUE WEST & IRVING STREET SOUTH,1,1,0,0,1,3,,0,35,0,0,0,0,1,2,2,14
,2016_52667,39.711077,-105.025075,1/3/2016 3:40,3:40,12,0,0,ALAMEDA AVENUE WEST & FEDERAL BOULEVARD SOUTH,1,3,0,0,1,1,,0,35,0,0,0,0,1,2,2,5
,2016_52668,39.711155,-105.022579,5/28/2016 15:20,15:20,12,0,0,ALAMEDA AVENUE WEST & DECATUR STREET SOUTH,1,1,0,0,1,3,,0,30,0,0,0,0,0,2,2,13
,2016_52669,39.711192,-104.99993,1/7/2016 9:21,9:21,3,0,1,ALAMEDA AVENUE EAST & I25 SOUTHBOUND OFF RAMP,2,1,0,2,1,1,,0,30,0,0,0,0,2,2,3,13
,2016_52670,39.711192,-104.99993,3/17/2016 6:45,6:45,15,0,0,I25 SOUTHBOUND OFF RAMP & ALAMEDA AVENUE WEST,1,1,0,0,1,1,,0,25,0,0,0,0,0,2,2,13
,2016_52671,39.711192,-104.99993,4/13/2016 5:50,5:50,15,0,0,ALAMEDA AVENUE WEST & I25 SOUTHBOUND OFF RAMP,1,1,0,0,1,1,,0,25,0,0,0,0,0,2,2,13
,2016_52672,39.711208,-104.998391,4/29/2016 22:02,22:02,3,0,0,ALAMEDA AVENUE WEST & KALAMATH STREET SOUTH,2,3,0,2,1,1,,0,30,0,0,0,0,0,2,2,13
,2016_52673,39.653077,-104.898619,6/10/2016 16:45,16:45,1,0,0,HAMPDEN AVENUE & TAMARAC DRIVE SOUTH,2,1,0,0,1,1,,0,25,0,0,0,0,0,2,2,13
,2016_52674,39.653077,-104.898619,7/29/2016 18:10,18:10,1,0,0,HAMPDEN AVENUE EAST & TAMARAC DRIVE SOUTH,1,1,0,0,1,1,,0,40,0,0,0,0,1,2,2,14
,2016_52675,39.65305,-104.884342,12/19/2016 7:43,7:43,3,0,0,YOSEMITE STREET SOUTH & HAMPDEN AVENUE EAST,5,1,1,0,1,1,,0,30,0,0,0,0,0,2,2,13
,2016_52676,39.65302,-104.87557,7/11/2016 13:19,13:19,12,0,0,HAMPDEN AVENUE EAST & DAYTON STREET SOUTH,1,1,0,0,1,3,,0,45,0,0,0,0,1,2,2,3
,2016_52677,39.660018,-104.866322,6/26/2016 21:54,21:54,12,0,0,HAVANA STREET 3000 BLOCK SOUTH & DARTMOUTH AVENUE,1,3,0,0,1,4,,0,40,0,0,0,0,1,2,2,5
,2016_52678,39.669351,-104.866091,4/16/2016 18:53,18:53,1,0,0,HAVANA STREET SOUTH & PARKER ROAD SOUTH,2,3,0,2,1,1,,0,45,0,0,0,0,0,2,2,13
,2016_52708,39.777347,-104.903418,4/6/2016 15:00,15:00,1,0,1,NORTHFIELD QUEBEC STREET NORTH & I70 EASTBOUND RAMPS,1,1,1,0,1,1,,0,45,0,0,0,1,2,2,2,1
,2016_52709,39.778252,-104.903409,7/25/2016 14:15,14:15,12,0,0,NORTHFIELD QUEBEC STREET & I70,1,1,0,0,1,4,,0,35,0,0,0,0,0,2,2,7
,2016_52710,39.779316,-104.903391,7/6/2016 15:27,15:27,3,0,0,NORTHFIELD QUEBEC STREET & I70 WB ON RAMP,1,1,0,0,1,1,,0,45,0,0,0,0,0,2,2,13
,2016_52712,39.781946,-104.901631,5/9/2016 8:20,8:20,15,0,0,QUEBEC STREET NORTH & SANDCREEK DRIVE,1,1,0,1,1,1,,0,30,0,0,0,0,1,2,3,13
,2016_52714,39.793504,-104.903381,7/23/2016 3:49,3:49,1,0,0,53RD PLACE EAST & QUEBEC STREET NORTH,1,3,0,0,1,1,,0,45,0,0,0,0,1,2,2,13
,2016_52743,39.780015,-104.952612,1/19/2016 20:05,20:05,5,0,0,I70 EASTBOUND OFF RAMP & GORE POINT TO STEELE STREET,1,3,1,0,2,14,,0,55,0,0,0,0,0,1,1,13
,2016_52767,39.740337,-105.052506,2/29/2016 7:13,7:13,12,0,0,COLFAX AVENUE WEST & ZENOBIA STREET NORTH,1,1,0,0,1,4,,0,35,0,0,0,0,0,2,2,1
,2016_52768,39.74028,-105.01238,2/24/2016 18:30,18:30,12,0,0,COLFAX AVENUE WEST & I25,1,2,1,0,1,4,,0,35,0,0,0,0,1,2,3,13
,2016_52770,39.74028,-105.01238,4/6/2016 19:06,19:06,3,0,0,COLFAX AVENUE WEST & I25 NORTHBOUND OFF RAMP,1,1,0,0,1,1,,0,45,0,0,0,0,0,2,2,13
,2016_52771,39.74028,-105.01238,10/16/2016 22:39,22:39,3,0,0,COLFAX AVENUE WEST & I25 NORTHBOUND OFF RAMP,1,3,0,0,1,1,,0,40,0,0,0,0,0,2,2,4
,2016_52772,39.740046,-104.999518,12/2/2016 12:35,12:35,12,0,0,COLFAX AVENUE WEST & 900 BLOCK,1,1,1,0,1,4,,0,30,0,0,0,0,0,2,3,13
,2016_52773,39.740042,-104.998686,6/19/2016 9:37,9:37,15,0,0,COLFAX AVENUE WEST & SPEER BOULEVARD NORTH,1,1,1,0,1,1,,0,35,0,0,0,0,0,2,2,13
,2016_52774,39.740007,-104.991824,1/3/2016 18:58,18:58,12,0,0,COLFAX AVENUE WEST & CHEROKEE STREET NORTH,1,3,0,0,1,1,,0,30,0,0,0,0,0,2,2,1
,2016_52775,39.740011,-104.989963,7/28/2016 15:54,15:54,15,0,0,COLFAX AVENUE 100 BLOCK WEST & BANNOCK STREET,1,1,0,0,1,4,,0,25,0,0,0,0,0,2,2,13
,2016_52776,39.740005,-104.987167,1/11/2016 23:47,23:47,3,0,2,BROADWAY STREET NORTH & COLFAX AVENUE EAST,1,3,0,0,1,1,,0,30,0,0,0,0,2,2,2,5
,2016_52777,39.740005,-104.974737,2/7/2016 14:45,14:45,15,0,0,OGDEN STREET NORTH & COLFAX AVENUE EAST,1,1,0,0,1,1,,0,30,0,0,0,0,0,2,2,13
,2016_52778,39.740005,-104.974737,11/10/2016 23:43,23:43,12,0,0,COLFAX AVENUE EAST & OGDEN STREET NORTH,1,3,0,0,1,1,,0,60,0,0,0,0,0,2,2,13
,2016_52779,39.740007,-104.973426,2/5/2016 13:05,13:05,10,0,0,DOWNING STREET NORTH  & COLFAX AVENUE EAST,1,1,0,0,1,1,,0,30,0,0,0,0,0,2,2,13
,2016_52780,39.740007,-104.973426,10/28/2016 15:50,15:50,15,0,0,DOWNING STREET 1500 BLOCK NORTH & COLFAX AVENUE EAST,1,1,0,0,1,3,,0,30,0,0,0,0,0,2,2,13
,2016_52781,39.740008,-104.973052,6/3/2016 10:35,10:35,15,0,0,COLFAX AVENUE EAST & DOWNING STREET NORTH,1,1,0,0,1,1,,0,,0,0,0,0,0,2,2,8
,2016_52782,39.740009,-104.972303,7/6/2016 10:29,10:29,12,0,2,COLFAX AVENUE EAST & MARION STREET NORTH,1,1,0,0,1,1,,0,30,0,0,0,0,2,2,3,13
,2016_52783,39.740009,-104.968553,4/28/2016 10:50,10:50,12,0,0,COLFAX AVENUE EAST & FRANKLIN STREET N/ PARK AVENUE WEST,2,1,0,2,1,1,,0,35,0,0,0,0,0,2,2,13
,2016_52784,39.740184,-104.95727,6/3/2016 13:17,13:17,6,0,0,COLFAX AVENUE EAST & COLUMBINE STREET NORTH,1,1,0,0,1,4,,0,35,0,0,0,0,0,2,2,3
,2016_52785,39.740183,-104.956893,4/8/2016 15:55,15:55,12,0,0,COLFAX AVENUE EAST & ESPLANADE PARKWAY,1,1,0,0,1,1,,0,30,0,0,0,0,1,2,3,3
,2016_52786,39.740158,-104.949177,4/28/2016 15:20,15:20,6,0,0,COLFAX AVENUE & STEELE STREET NORTH,1,1,0,0,2,4,,0,30,0,0,0,0,0,2,2,13
,2016_52787,39.74006,-104.937359,4/19/2016 17:05,17:05,3,0,0,BELLAIRE STREET NORTH & COLFAX AVENUE EAST,1,1,0,0,1,1,,0,30,0,0,0,0,0,2,2,13
,2016_52788,39.740056,-104.931503,5/23/2016 15:44,15:44,3,0,0,COLFAX AVENUE EAST & DAHLIA STREET NORTH,1,1,0,0,1,1,,0,25,0,0,0,0,0,2,2,14
,2016_52789,39.740079,-104.921574,9/22/2016 11:50,11:50,15,0,0,COLFAX AVENUE EAST & IVANHOE SOUTH NORTH,1,1,0,0,1,1,,0,35,0,0,0,0,0,2,2,1
,2016_52790,39.740082,-104.912367,4/8/2016 9:25,9:25,3,0,0,MONACO PARKWAY NORTH  & COLFAX AVENUE EAST,1,1,0,0,1,1,,0,35,0,0,0,0,0,2,2,7
,2016_52791,39.740082,-104.911615,9/17/2016 22:34,22:34,12,0,0,MONACO PARKWAY NORTHBOUND ROAD EAST & COLFAX AVENUE EAST,1,3,0,0,1,1,,0,35,0,0,0,0,1,2,3,5
,2016_52792,39.740084,-104.90316,4/18/2016 15:00,15:00,12,0,0,COLFAX AVENUE EAST & QUEBEC STREET NORTH,1,1,0,0,1,3,,0,35,0,0,0,0,0,2,2,7
,2016_52793,39.740085,-104.901093,8/1/2016 7:44,7:44,12,0,0,COLFAX AVENUE EAST & ROSLYN STREET NORTH,1,1,0,0,1,1,,0,30,0,0,0,0,0,2,3,13
,2016_52825,39.780803,-104.899364,10/29/2016 0:24,0:24,5,0,0,I270 EASTBOUND LOOP OFF RAMP TO QUEBEC & RAMP BEGIN,1,3,1,0,2,14,,0,35,0,0,0,0,0,1,1,13
,2016_52856,39.782535,-104.998865,2/9/2016 9:30,9:30,12,0,0,I70 & I25 SOUTHBOUND RAMP,1,1,0,0,1,4,,0,55,0,0,0,0,0,1,2,14
,2016_52857,39.780058,-104.9894,8/3/2016 17:03,17:03,12,0,0,I70 WB  & I25 NORTHBOUND,1,1,0,0,1,4,,0,55,0,0,0,0,0,1,2,3
,2016_52858,39.779441,-104.979019,6/4/2016 16:01,16:01,12,0,0,WASHINGTON STREET 4500 BLOCK NORTH & I70 OVER PASS,1,1,0,0,1,4,,0,35,0,0,0,0,1,1,2,3
,2016_52859,39.779441,-104.979019,9/24/2016 19:50,19:50,12,0,0,WASHINGTON STREET NORTH & I70 WB RAMPS,1,2,0,0,1,1,,0,30,0,0,0,0,0,1,2,13
,2016_52860,39.779942,-104.966087,8/15/2016 13:57,13:57,12,0,0,I70 & BRIGHTON BOULEVARD,1,1,1,0,1,4,,0,55,0,0,0,0,0,1,2,13
,2016_52861,39.779942,-104.966087,11/17/2016 20:43,20:43,12,0,0,I70 & BRIGHTON BOULEVARD,5,3,0,2,1,4,,0,55,0,0,0,0,0,1,3,13
,2016_52863,39.779942,-104.966087,12/19/2016 16:52,16:52,15,0,0,I70 & BRIGHTON BOULEVARD,6,3,0,0,1,4,,0,55,0,0,0,0,0,1,2,13
,2016_52864,39.779951,-104.965881,9/20/2016 15:19,15:19,12,0,0,I70 & BRIGHTON BOULEVARD NORTH,1,1,0,0,1,4,,0,55,0,0,0,0,0,1,2,3
,2016_52865,39.77996,-104.965675,4/20/2016 11:30,11:30,15,0,0,I70 WB & BRIGHTON BOULEVARD,1,1,0,0,1,4,,0,55,0,0,0,0,0,1,2,13
,2016_52866,39.780011,-104.9627,8/28/2016 22:52,22:52,12,0,0,I70 WB & MM 275.4,1,3,0,0,1,4,,0,55,0,0,0,0,0,1,2,3
,2016_52867,39.780012,-104.959789,8/5/2016 8:10,8:10,15,0,0,I70 & YORK STREET NORTH,1,1,0,0,1,4,,0,55,0,0,0,0,0,1,2,13
,2016_52868,39.780012,-104.959789,8/15/2016 6:40,6:40,10,0,0,46TH AVENUE EAST & YORK STREET NORTH,1,1,0,0,1,1,,0,30,0,0,0,0,0,4,2,7
,2016_52869,39.780013,-104.9594,5/9/2016 0:36,0:36,15,0,0,I70 & YORK STREET NORTH,1,3,0,0,1,4,,1,55,0,0,0,0,0,1,2,14
,2016_52870,39.780016,-104.953771,8/3/2016 16:30,16:30,12,0,0,I70 & VASQUEZ BOULEVARD  APPROXIMATELY,1,1,0,0,1,4,,0,55,0,0,0,0,0,1,3,13
,2016_52871,39.780016,-104.953188,1/25/2016 16:11,16:11,12,0,0,I70 & VASQUEZ BOULEVARD,2,1,0,2,1,4,,0,55,0,0,0,0,1,1,4,1
,2016_52872,39.780016,-104.952802,4/26/2016 18:30,18:30,12,0,0,I70 WB & VASQUEZ BOULEVARD,1,1,0,0,1,4,,0,55,0,0,0,0,0,1,3,13
,2016_52873,39.779944,-104.940603,2/25/2016 7:31,7:31,12,0,0,I70 & COLORADO BOULEVARD NORTH,1,1,0,0,1,4,,0,55,0,0,0,0,0,1,2,13
,2016_52874,39.780032,-104.931784,11/17/2016 23:18,23:18,15,0,0,I70 & DAHLIA STREET,5,3,1,2,1,4,,0,55,0,0,0,0,0,1,2,1
,2016_52875,39.778295,-104.903454,4/18/2016 7:36,7:36,12,0,0,I70 & NORTHFIELD QUEBEC STREET NORTH,1,1,0,0,1,4,,0,55,0,0,0,0,0,1,2,12
,2016_52876,39.778295,-104.903454,11/18/2016 13:32,13:32,12,0,0,I70 & QUEBEC STREET,1,1,1,0,1,4,,0,55,0,0,0,0,0,1,2,13
,2016_52877,39.778296,-104.901813,12/5/2016 18:27,18:27,12,0,0,I70 & QUEBEC STREET,1,3,0,0,1,4,,0,55,0,0,0,0,0,1,3,13
,2016_52878,39.778286,-104.89715,12/23/2016 5:57,5:57,15,0,0,I70 & I270,1,3,0,0,1,4,,0,55,0,0,0,0,0,1,2,13
,2016_52879,39.775573,-104.865095,2/17/2016 7:40,7:40,12,0,0,I70 & HAVANA STREET NORTH,1,1,0,0,1,4,,0,55,0,0,0,0,0,1,2,8
,2016_52880,39.775573,-104.865095,10/7/2016 6:30,6:30,15,0,0,I70 & HAVANA STREET NORTH,1,1,0,0,1,4,,0,55,0,0,0,0,0,1,2,14
,2016_52881,39.775398,-104.863061,7/2/2016 5:15,5:15,12,0,0,I70 & HAVANA STREET,2,3,1,1,1,4,,0,55,0,0,0,0,1,1,2,12
,2016_52882,39.774142,-104.848457,2/20/2016 18:35,18:35,12,0,0,I70 & MM 280,1,3,0,0,1,4,,0,55,0,0,0,0,1,1,2,14
,2016_52883,39.774047,-104.847348,10/31/2016 6:00,6:00,12,0,0,I70 EASTBOUND RAMP OFF & PEORIA STREET NORTH WCL,1,2,0,0,1,14,,0,60,0,0,0,0,0,1,2,12
,2016_52884,39.774031,-104.847163,8/18/2016 11:45,11:45,12,0,1,I70 & PEORIA STREET NORTH,1,1,0,0,1,4,,0,55,0,0,0,0,2,1,2,3
,2016_52885,39.773681,-104.843096,9/9/2016 21:49,21:49,12,0,0,I70 & PEORIA STREET NORTH,1,3,0,0,1,4,,0,55,0,0,0,0,0,1,3,13
,2016_52886,39.773554,-104.841617,6/13/2016 12:10,12:10,12,0,0,I70 WB & WB ENTRANCE GORE POINT FROM I225,2,1,0,0,1,4,,0,55,0,0,0,0,1,1,2,3
,2016_52887,39.772901,-104.834038,5/19/2016 15:45,15:45,12,0,0,I70 & MM 282,1,1,0,0,1,4,,0,55,0,0,0,0,0,1,3,14
,2016_52957,39.670932,-104.866018,1/28/2016 14:17,14:17,15,0,0,PARKER ROAD SOUTH & HAVANA STREET,1,1,1,0,1,3,,0,35,0,0,0,0,0,2,2,13
,2016_52959,39.698551,-104.903443,3/23/2016 9:00,9:00,6,0,0,PARKER ROAD SOUTH & QUEBEC STREET SOUTH,1,1,0,0,1,1,,0,,0,0,0,0,0,2,2,13
,2016_52960,39.699125,-104.904994,7/28/2016 15:55,15:55,12,0,0,LEETSDALE DRIVE & QUEBEC STREET SOUTH,1,1,0,0,1,4,,0,45,0,0,0,0,1,2,2,2
,2016_52962,39.69938,-104.905692,8/22/2016 13:06,13:06,12,0,0,LEETSDALE DRIVE & QUEBEC STREET SOUTH,1,1,0,0,1,4,,0,40,0,0,0,0,1,2,3,13
,2016_52963,39.702954,-104.912867,8/18/2016 16:15,16:15,12,0,0,LEETSDALE DRIVE & MONACO STREET SOUTH,2,1,0,1,1,3,,0,40,0,0,0,0,0,2,2,13
,2016_52964,39.703689,-104.914282,4/5/2016 7:35,7:35,12,0,0,LEETSDALE DRIVE & MONACO STREET SOUTH,1,1,0,0,1,4,,0,35,0,0,0,0,0,2,2,13
,2016_52966,39.715124,-104.940627,5/4/2016 12:01,12:01,12,0,0,LEETSDALE DRIVE & COLORADO BOULEVARD SOUTH,1,1,0,0,1,3,,0,35,0,0,0,0,0,2,2,1