id,drcog_id,latitude,longitude,crashtime,time,crashtype,numbkilled,numbinjurd,drcoglocat,rdconditin,lightngcon,roadcntgrd,weatherco,location,roaddescrp,schoolzone,constrzone,splimit,bikeinv,pedinv,sctrinv,motoinv,svrty,rdsystem,ttlvehcls,hcf
,2016_52980,39.730607,-104.940605,6/25/2016 8:38,8:38,5,0,0,NINTH AVENUE EAST  & COLORADO BOULEVARD NORTH,1,1,0,0,3,1,,0,40,0,0,0,0,0,2,1,1
,2016_52999,39.678447,-104.993319,2/18/2016 10:09,10:09,15,0,0,SANTA FE DRIVE SOUTH & RAMP OFF AT EVANS AVENUE EASTBOUND AND WB,1,1,1,0,1,14,,0,25,0,0,0,0,0,2,2,1
,2016_53000,39.696679,-104.991877,3/4/2016 22:10,22:10,3,0,0,MISSISSIPPI AVENUE WEST & PLATTE RIVER DRIVE SOUTH,1,3,0,0,1,1,,0,30,0,0,0,0,0,2,3,16
,2016_53001,39.696679,-104.991877,5/17/2016 23:35,23:35,15,0,0,MISSISSIPPI AVENUE WEST & SANTA FE DRIVE SOUTH,1,3,0,0,1,3,,0,45,0,0,0,0,0,2,2,13
,2016_53002,39.696679,-104.991877,8/8/2016 8:41,8:41,15,0,0,PLATTE RIVER DRIVE SOUTH & MISSISSIPPI AVENUE WEST,1,1,0,0,1,1,,0,35,0,0,0,0,0,2,2,13
,2016_53003,39.696679,-104.991877,12/3/2016 14:31,14:31,12,0,0,PLATTE RIVER STREET SOUTH & MISSISSIPPI AVENUE WEST,1,1,0,0,1,3,,0,45,0,0,0,0,0,2,2,7
,2016_53004,39.698766,-104.991856,7/5/2016 7:20,7:20,12,0,0,SANTA FE DRIVE SOUTH  & MISSISSIPPI AVENUE WEST,1,1,0,0,1,4,,0,25,0,0,0,0,0,2,2,13
,2016_53017,39.737983,-105.025273,11/15/2016 8:39,8:39,10,0,0,FEDERAL BOULEVARD NORTH & HOWARD PLACE WEST,1,1,0,0,1,1,,0,35,0,0,0,0,0,2,2,14
,2016_53018,39.736884,-105.025333,2/29/2016 11:59,11:59,12,0,0,FEDERAL BOULEVARD & 1300 BLOCK NORTH,1,1,1,0,1,4,,0,35,0,0,0,0,0,2,2,16
,2016_53019,39.729284,-105.025154,11/6/2016 21:05,21:05,1,0,0,FEDERAL BOULEVARD NORTH & EIGHTH AVENUE WEST,1,3,0,0,1,1,,0,35,0,0,0,0,0,2,2,13
,2016_53020,39.725357,-105.025125,5/8/2016 1:00,1:00,15,0,0,SIXTH AVENUE WB OFF RAMP & FEDERAL BOULEVARD NORTH,1,3,0,0,1,1,,0,45,0,0,0,0,0,2,2,14
,2016_53021,39.725357,-105.025125,10/3/2016 5:50,5:50,10,0,0,FEDERAL BOULEVARD NORTH & SIXTH AVENUE WB RAMPS,1,2,0,0,1,1,,0,45,0,0,0,0,0,2,2,3
,2016_53023,39.724756,-105.025125,5/23/2016 21:45,21:45,10,0,0,SIXTH AVENUE WEST EASTBOUND OFF RAMP & FEDERAL BOULEVARD NORTH,1,3,0,0,1,1,,0,25,0,0,0,0,0,2,2,8
,2016_53024,39.714831,-105.02514,1/2/2016 2:00,2:00,5,0,0,FEDERAL BOULEVARD SOUTH & BAYAUD AVENUE WEST ROAD EAST,1,3,1,0,2,1,,0,,0,0,0,0,0,2,1,13
,2016_53025,39.709356,-105.025079,7/5/2016 13:41,13:41,15,0,0,FEDERAL BOULEVARD SOUTH & DAKOTA AVENUE WEST,1,1,0,0,1,1,,0,35,0,0,0,0,0,2,2,7
,2016_53026,39.705748,-105.025086,2/5/2016 18:06,18:06,12,0,0,FEDERAL BOULEVARD SOUTH & CENTER AVENUE WEST,1,3,0,0,1,3,,0,35,0,0,0,0,0,2,2,13
,2016_53027,39.70416,-105.025089,9/30/2016 9:52,9:52,15,0,0,FEDERAL BOULEVARD & EXPOSITION AVENUE WEST,1,1,0,0,1,4,,0,40,0,0,0,0,1,2,3,3
,2016_53028,39.70416,-105.025089,10/17/2016 13:20,13:20,8,0,0,FEDERAL BOULEVARD SOUTH & EXPOSITION AVENUE WEST,1,1,0,0,1,3,,0,40,0,0,0,0,1,2,3,7
,2016_53029,39.703111,-105.025076,3/7/2016 14:18,14:18,3,0,0,FEDERAL BOULEVARD SOUTH & WALSH PLACE WEST,2,1,0,0,1,1,,0,30,0,0,0,0,0,2,2,7
,2016_53030,39.700553,-105.025082,5/5/2016 21:58,21:58,10,0,0,FEDERAL BOULEVARD SOUTH & KENTUCKY AVENUE WEST,1,3,0,0,1,2,,0,30,0,0,0,0,0,2,2,7
,2016_53031,39.698634,-105.025078,5/17/2016 14:01,14:01,15,0,0,FEDERAL BOULEVARD SOUTH & TENNESSEE AVENUE WEST,1,1,0,0,1,3,,0,35,0,0,0,0,0,2,2,2
,2016_53032,39.696865,-105.025071,10/26/2016 19:30,19:30,12,0,0,FEDERAL BOULEVARD 1000 BLOCK SOUTH & MISSISSIPPI AVENUE WEST,1,3,0,0,1,3,,0,35,0,0,0,0,0,2,2,13
,2016_53033,39.696718,-105.025071,3/9/2016 13:47,13:47,3,0,0,FEDERAL BOULEVARD SOUTH & MISSISSIPPI AVENUE WEST,1,1,0,0,1,1,,0,30,0,0,0,0,0,2,5,14
,2016_53034,39.696718,-105.025071,3/16/2016 15:33,15:33,1,0,0,FEDERAL BOULEVARD SOUTH & MISSISSIPPI AVENUE WEST,1,1,0,0,1,1,,0,30,0,0,0,0,0,2,3,7
,2016_53035,39.693323,-105.025158,9/4/2016 22:30,22:30,3,0,1,FEDERAL BOULEVARD & LOUISIANA AVENUE WEST,1,3,0,0,1,2,,0,,0,0,0,0,2,2,2,13
,2016_53036,39.691264,-105.02505,12/8/2016 16:18,16:18,6,0,0,FEDERAL BOULEVARD SOUTH & ARKANSAS AVENUE WEST,1,1,0,0,1,1,,0,40,0,0,0,0,0,2,3,7
,2016_53037,39.689495,-105.025043,4/9/2016 20:46,20:46,12,0,1,FEDERAL BOULEVARD SOUTH & FLORIDA AVENUE WEST,1,3,0,0,1,1,,0,40,0,0,0,0,2,2,3,5
,2016_53038,39.687726,-105.025036,10/11/2016 13:10,13:10,12,0,0,FEDERAL BOULEVARD SOUTH & IOWA AVENUE WEST,1,1,1,0,1,1,,0,40,0,0,0,0,0,2,2,7
,2016_53039,39.676736,-105.025046,1/11/2016 18:28,18:28,1,0,0,FEDERAL BOULEVARD SOUTH & WARREN AVENUE WEST,1,2,0,0,1,1,,0,45,0,0,0,0,0,2,2,7
,2016_53040,39.669743,-105.025083,9/3/2016 11:36,11:36,15,0,0,FEDERAL BOULEVARD SOUTH & VASSAR AVENUE WEST ROAD EAST,1,1,0,0,1,4,,0,40,0,0,0,0,0,2,2,3
,2016_53041,39.668437,-105.025092,5/18/2016 16:00,16:00,12,0,0,FEDERAL BOULEVARD SOUTH & COLLEGE AVENUE WEST,1,1,0,0,1,3,,0,35,0,0,0,0,0,2,2,8
,2016_53076,39.65363,-105.053095,6/26/2016 20:29,20:29,3,0,1,SHERIDAN BOULEVARD SOUTH & HAMPDEN AVENUE WB OFF RAMP,1,2,1,0,1,1,,0,35,0,0,0,0,2,2,2,13
,2016_53077,39.68492,-104.959509,6/11/2016 3:06,3:06,5,0,1,I25 & UNIVERSITY BOULEVARD SOUTH,1,3,0,0,2,4,,0,60,0,0,0,0,2,1,1,5
,2016_53078,39.678662,-105.053267,7/7/2016 14:31,14:31,12,0,0,SHERIDAN BOULEVARD SOUTH & EVANS AVENUE WEST,1,1,0,0,1,4,,0,45,0,0,0,0,0,2,2,7
,2016_53080,39.691245,-105.053199,8/20/2016 12:51,12:51,15,0,1,SHERIDAN BOULEVARD SOUTH & ARKANSAS AVENUE WEST,1,1,0,0,1,4,,0,45,0,0,0,1,2,2,2,13
,2016_53088,39.725821,-105.05313,12/29/2016 9:36,9:36,15,0,0,SHERIDAN BOULEVARD & SIXTH AVENUE WEST,1,1,0,0,1,4,,0,55,0,0,0,0,0,2,2,13
,2016_53089,39.727355,-105.05323,5/11/2016 19:23,19:23,12,0,0,SHERIDAN BOULEVARD NORTH & SIXTH AVENUE NORTH FRTG ROAD,1,1,1,0,1,1,,0,35,0,0,0,0,0,2,2,8
,2016_53091,39.78401,-105.053277,4/4/2016 8:22,8:22,15,0,0,SHERIDAN BOULEVARD 4800 BLOCK & 48TH AVENUE WEST,1,1,0,0,1,4,,0,40,0,0,0,0,0,2,2,14
,2016_53092,39.78401,-105.053277,12/27/2016 15:28,15:28,5,0,0,SHERIDAN BOULEVARD NORTH & I70 HIGHWAY WB OFF RAMP,1,1,1,0,3,1,,0,65,0,0,0,0,0,2,1,14
,2016_53107,39.782797,-104.900751,6/18/2016 7:55,7:55,9,0,0,I270 RAMP OFF & MM 4 EXIT,1,1,1,0,1,14,,0,55,0,0,0,1,0,1,1,13
,2016_53110,39.617439,-105.091118,1/3/2016 14:34,14:34,12,0,0,WADSWORTH BOULEVARD SOUTH & CRESTLINE AVENUE WEST,1,1,0,0,1,4,,0,45,0,0,0,0,0,2,2,7
,2016_53186,39.635355,-104.894268,10/16/2016 20:40,20:40,12,0,0,I225 SOUTHBOUND ON RAMP FROM TAMARAC & RAMP SPLIT,1,3,1,0,1,14,,0,35,0,0,0,0,0,1,2,1
,2016_53188,39.63556,-104.89332,11/30/2016 8:17,8:17,12,0,0,I225 SOUTHBOUND OFF SLIP RAMP & TAMARAC STREET,1,1,0,0,1,14,,0,30,0,0,0,0,0,1,2,13
,2016_53189,39.639223,-104.885207,6/1/2016 16:52,16:52,15,0,0,I225 SOUTHBOUND & YOSEMITE STREET SOUTH,1,1,0,0,1,4,,0,55,0,0,0,0,0,1,2,14
,2016_53190,39.639223,-104.885207,6/25/2016 13:55,13:55,15,0,0,I225 & SOUTH YOSEMITE STREET,1,1,0,0,1,4,,0,55,0,0,0,0,0,1,2,3
,2016_53191,39.639223,-104.885207,6/25/2016 14:29,14:29,12,0,0,I225 & SOUTH YOSEMITE STREET,1,1,0,0,1,4,,0,55,0,0,0,0,0,1,2,13
,2016_53192,39.639223,-104.885207,2/24/2016 15:30,15:30,12,0,0,YOSEMITE STREET SOUTH & I225 SOUTHBOUND RAMPS,1,1,1,0,1,4,,0,30,0,0,0,0,1,1,3,3
,2016_53193,39.639385,-104.884877,8/20/2016 16:44,16:44,12,0,0,I225 & YOSEMITE STREET SOUTH WB OFF RAMP GORE POINT,1,1,0,0,1,4,,0,65,0,0,0,0,1,1,2,13
,2016_53217,39.780781,-104.966774,7/2/2016 6:22,6:22,5,0,0,BRIGHTON BOULEVARD NORTH & 46TH AVENUE EAST,2,1,0,1,2,1,,0,,0,0,0,0,0,2,2,13
,2016_53227,39.653152,-105.059406,9/9/2016 11:47,11:47,15,0,0,HAMPDEN AVENUE WEST & SHERIDAN BOULEVARD SOUTH,1,1,0,0,1,4,,0,45,0,0,0,0,0,2,2,1
,2016_53228,39.65315,-105.053898,12/21/2016 18:35,18:35,12,0,0,HAMPDEN AVENUE WEST & SHERIDAN BOULEVARD SOUTH,1,3,0,0,1,4,,0,65,0,0,0,0,0,2,3,3
,2016_53229,39.654107,-105.041307,11/10/2016 7:55,7:55,12,0,0,HAMPDEN AVENUE & RALEIGH STREET SOUTH,1,1,1,0,1,4,,0,55,0,0,0,0,0,2,3,13
,2016_53251,39.65298,-104.931315,10/19/2016 9:20,9:20,12,0,0,HAMPDEN AVENUE 4800 EAST & DAHLIA STREET SOUTH,1,1,0,0,1,4,,0,40,0,0,0,0,0,2,2,3
,2016_53253,39.65298,-104.929806,4/26/2016 13:35,13:35,12,0,1,HAMPDEN AVENUE 4900 BLOCK EAST & EUDORA STREET,1,1,0,1,1,4,,0,40,0,0,0,0,2,2,2,14
,2016_53254,39.652979,-104.922825,7/21/2016 15:40,15:40,12,0,0,HAMPDEN AVENUE 5500 BLOCK EAST & HOLLY STREET,1,1,0,0,1,3,,0,45,0,0,0,0,0,2,3,1
,2016_53255,39.652979,-104.922637,3/2/2016 8:45,8:45,1,0,0,HAMPDEN AVENUE EAST & HOLLY STREET SOUTH,1,1,0,0,1,1,,0,35,0,0,0,0,0,2,2,13
,2016_53256,39.652979,-104.919241,1/15/2016 19:15,19:15,12,0,0,HAMPDEN AVENUE EAST & IVY WAY SOUTH,1,3,1,0,1,4,,0,40,0,0,0,0,1,2,2,1
,2016_53257,39.652978,-104.917698,11/22/2016 11:06,11:06,3,0,0,HAMPDEN AVENUE EAST & I25 NORTHBOUND RAMP OFF,2,1,0,0,1,1,,0,45,0,0,0,0,0,2,2,13
,2016_53258,39.743305,-105.025215,8/3/2016 11:11,11:11,12,0,0,FEDERAL BOULEVARD NORTH  & 17TH AVENUE WEST,1,1,0,0,1,3,,0,35,0,0,0,0,0,2,2,14
,2016_53259,39.745126,-105.025233,7/12/2016 14:38,14:38,3,0,0,18TH AVENUE WEST & FEDERAL BOULEVARD NORTH,1,1,1,0,1,1,,0,25,0,0,0,0,0,2,2,13
,2016_53260,39.751397,-105.025136,9/17/2016 17:58,17:58,12,0,0,FEDERAL BOULEVARD NORTH & FEDERAL BOULEVARD 2300 BLOCK NORTH,1,1,0,0,1,2,,0,35,0,0,0,0,0,2,2,13
,2016_53261,39.760393,-105.025149,9/18/2016 11:45,11:45,12,0,0,FEDERAL BOULEVARD NORTH & MM 284.1,1,1,1,0,1,4,,0,35,0,0,0,0,1,2,3,7
,2016_53262,39.770097,-105.025232,8/10/2016 9:08,9:08,12,0,0,FEDERAL BOULEVARD NORTH & DENVER PLACE,1,1,0,0,1,3,,0,35,0,0,0,0,0,2,2,14
,2016_53340,39.83384,-104.746855,3/24/2016 17:28,17:28,15,0,0,E470 & PENA BOULEVARD,2,1,0,0,1,4,,0,75,0,0,0,0,0,2,2,14
,2016_53345,39.664431,-104.940596,6/28/2016 12:23,12:23,12,0,0,COLORADO BOULEVARD 2800 BLOCK SOUTH & AMHERST AVENUE EAST,1,1,1,0,1,2,,0,45,0,0,0,0,1,2,2,3
,2016_53346,39.67843,-104.940638,5/2/2016 18:45,18:45,12,0,1,EVANS AVENUE EAST & COLORADO BOULEVARD SOUTH,1,1,0,0,1,1,,0,35,0,0,0,0,2,2,2,13
,2016_53347,39.685384,-104.940543,4/2/2016 14:24,14:24,15,0,0,COLORADO BOULEVARD SOUTH & MEXICO AVENUE EAST,1,1,0,0,1,4,,0,35,0,0,0,0,0,2,2,6
,2016_53349,39.687326,-104.940544,8/10/2016 8:21,8:21,3,0,0,COLORADO BOULEVARD SOUTH & IOWA AVENUE EAST,1,1,0,0,1,1,,0,35,0,0,0,0,0,2,2,1
,2016_53350,39.690613,-104.940547,4/20/2016 7:54,7:54,12,0,0,COLORADO BOULEVARD & 1400 BLOCK SOUTH,1,1,0,0,1,1,,0,35,0,0,0,0,0,2,2,1
,2016_53351,39.69136,-104.940548,11/15/2016 11:08,11:08,12,0,0,COLORADO BOULEVARD SOUTH & 1300 BLOCK,1,1,0,0,1,4,,0,35,0,0,0,0,0,2,2,1
,2016_53352,39.692854,-104.940549,4/26/2016 20:15,20:15,10,0,0,LOUISIANA AVENUE EAST & COLORADO BOULEVARD SOUTH,1,2,0,0,1,1,,0,35,0,0,0,0,0,2,2,9
,2016_53354,39.69659,-104.940565,12/4/2016 22:30,22:30,12,0,0,COLORADO BOULEVARD SOUTH & MISSISSIPPI AVENUE EAST,1,3,0,0,1,1,,0,35,0,0,0,0,0,2,2,1
,2016_53355,39.69659,-104.940565,12/17/2016 17:44,17:44,1,0,0,COLORADO BOULEVARD SOUTH & MISSISSIPPI AVENUE EAST,5,3,1,0,1,1,,0,35,0,0,0,0,1,2,2,13
,2016_53360,39.683058,-104.940299,4/11/2016 13:37,13:37,5,0,0,I25 NORTHBOUND & COLORADO BOULEVARD SOUTH,1,1,0,0,2,4,,0,65,0,0,0,0,0,1,1,1
,2016_53361,39.711202,-104.940612,5/5/2016 10:55,10:55,15,0,0,COLORADO BOULEVARD & DAKOTA AVENUE EAST,1,1,0,0,1,4,,0,35,0,0,0,0,0,2,2,1
,2016_53362,39.713244,-104.940611,2/15/2016 19:10,19:10,12,0,0,ALAMEDA AVENUE & COLORADO BOULEVARD SOUTH,1,3,0,0,1,1,,0,35,0,0,0,0,0,2,2,3
,2016_53363,39.713244,-104.940611,11/18/2016 15:24,15:24,15,0,0,COLORADO BOULEVARD SOUTH & ALAMEDA AVENUE EAST,1,3,0,0,1,1,,0,35,0,0,0,0,0,2,2,13
,2016_53365,39.716454,-104.94061,6/3/2016 15:58,15:58,3,0,1,COLORADO BOULEVARD SOUTH & BAYAUD AVENUE EAST,1,1,0,0,1,1,,0,40,0,0,0,0,2,2,2,3
,2016_53366,39.716454,-104.94061,6/24/2016 13:50,13:50,3,0,0,BAYAUD AVENUE EAST & COLORADO BOULEVARD SOUTH,1,1,1,0,1,1,,0,35,0,0,0,0,0,2,2,12
,2016_53367,39.716746,-104.94061,2/23/2016 13:41,13:41,12,0,0,LEETSDALE DRIVE & COLORADO BOULEVARD SOUTH,1,1,1,0,1,1,,0,30,0,0,0,0,0,2,2,3
,2016_53368,39.719664,-104.940609,3/18/2016 7:30,7:30,15,0,0,FIRST AVENUE EAST & COLORADO BOULEVARD NORTH,4,1,1,2,1,3,,0,35,0,0,0,0,1,2,2,13
,2016_53369,39.719664,-104.940609,11/7/2016 19:51,19:51,1,0,0,COLORADO BOULEVARD NORTH & FIRST AVENUE EAST,1,3,0,0,1,1,,0,40,0,0,0,0,1,2,2,13
,2016_53370,39.738048,-104.940602,3/18/2016 13:46,13:46,12,0,0,COLORADO BOULEVARD NORTH & 14TH AVENUE EAST,1,1,0,0,1,4,,0,35,0,0,0,0,1,2,2,14
,2016_53371,39.738485,-104.940602,11/29/2016 17:11,17:11,12,0,0,COLORADO BOULEVARD NORTH & 14TH AVENUE,1,4,0,0,1,4,,0,35,0,0,0,0,0,2,3,13
,2016_53373,39.741841,-104.940601,6/14/2016 12:40,12:40,12,0,0,COLORADO BOULEVARD NORTH APPROXIMATELY & 16TH AVENUE EAST ROAD WEST,1,1,1,0,1,4,,0,30,0,0,0,0,0,2,3,7
,2016_53374,39.751179,-104.940597,6/9/2016 12:20,12:20,12,0,0,COLORADO BOULEVARD & 2300 BLOCK NORTH,1,1,0,0,1,4,,0,35,0,0,0,0,0,2,2,13
,2016_53375,39.761914,-104.940511,5/21/2016 12:10,12:10,1,0,0,MLK BOULEVARD EAST & COLORADO BOULEVARD NORTH,1,1,0,0,1,1,,0,30,0,0,0,0,0,2,2,1
,2016_53376,39.762205,-104.94051,2/23/2016 17:55,17:55,15,0,0,COLORADO BOULEVARD NORTH & MLK BOULEVARD EAST,1,2,0,0,1,4,,0,35,0,0,0,0,1,2,2,1
,2016_53396,39.72554,-105.035455,11/4/2016 6:35,6:35,12,0,0,SIXTH AVENUE WEST & LOWELL BOULEVARD NORTH,1,3,0,0,1,4,,0,55,0,0,0,0,0,2,3,13
,2016_53397,39.725455,-105.032456,6/18/2016 12:30,12:30,12,0,0,SIXTH AVENUE WEST & KNOX COURT NORTH OVER PASS SEP,1,1,0,0,1,4,,0,55,0,0,0,0,0,2,2,3
,2016_53398,39.725416,-105.02564,3/1/2016 14:19,14:19,12,0,0,SIXTH AVENUE WEST EASTBOUND OFF RAMP & FEDERAL BOULEVARD NORTH,1,1,1,0,1,14,,0,35,0,0,0,0,0,2,3,7
,2016_53399,39.725415,-105.025068,8/30/2016 6:20,6:20,12,0,0,SIXTH AVENUE WEST & FEDERAL BOULEVARD NORTH APPROXIMATELY,1,1,0,0,1,4,,0,55,0,0,0,0,0,2,3,1
,2016_53400,39.725415,-105.024877,3/3/2016 15:01,15:01,12,0,0,WEST SIXTH AVENUE WB OFF RAMP & NORTH FEDERAL BOULEVARD,1,1,1,0,1,14,,0,35,0,0,0,0,0,2,2,13
,2016_53401,39.725533,-105.01288,9/18/2016 12:40,12:40,5,0,0,SIXTH AVENUE WEST & I25,1,1,0,0,1,14,,0,35,0,0,0,1,1,2,1,14
,2016_53402,39.779447,-104.949726,3/7/2016 12:22,12:22,1,0,0,46TH AVENUE EAST & STEELE STREET NORTH,1,1,0,0,1,1,,0,30,0,0,0,0,0,2,2,13
,2016_53471,39.624135,-104.901597,11/28/2016 17:15,17:15,12,0,0,I25 & BELLEVIEW AVENUE,1,2,0,0,1,4,,0,65,0,0,0,0,0,1,2,13
,2016_53472,39.633455,-104.906465,8/17/2016 13:45,13:45,15,0,0,I25 SOUTHBOUND & I225 NB/EB FLYOVER APPROXIMATELY,1,1,0,0,1,4,,0,65,0,0,0,0,0,1,2,1
,2016_53473,39.63425,-104.906839,11/29/2016 15:58,15:58,12,0,0,I25 & I225,1,2,0,0,1,4,,0,65,0,0,0,0,0,1,2,13
,2016_53474,39.639835,-104.910636,12/9/2016 23:15,23:15,12,0,0,I25 & HAMPDEN AVENUE,1,3,0,0,1,4,,0,65,0,0,0,0,1,1,2,7
,2016_53475,39.645763,-104.914076,8/2/2016 17:03,17:03,15,0,0,I25  & MANSFIELD AVENUE EAST,1,1,0,0,1,4,,0,65,0,0,0,0,0,1,2,13
,2016_53476,39.653259,-104.918319,5/11/2016 17:55,17:55,15,0,0,I25 SOUTHBOUND & HAMPDEN AVENUE EAST,1,1,0,0,1,4,,0,65,0,0,0,0,1,1,2,3
,2016_53477,39.667623,-104.925611,3/16/2016 6:00,6:00,12,0,0,I25 & YALE AVENUE EAST,1,3,1,0,1,4,,0,35,0,0,0,0,0,1,3,13
,2016_53478,39.667623,-104.925611,5/11/2016 14:29,14:29,5,0,0,I25 & YALE AVENUE EAST,1,1,1,0,3,4,,0,65,0,0,0,0,0,1,1,1
,2016_53479,39.683094,-104.940452,3/17/2016 7:12,7:12,12,0,0,I25 & COLORADO BOULEVARD SOUTH,1,1,0,0,1,4,,0,60,0,0,0,0,0,1,2,1
,2016_53480,39.684903,-104.952991,6/24/2016 15:11,15:11,15,0,0,I25 HIGHWAY SOUTHBOUND  & UNIVERSITY BOULEVARD SOUTH,1,1,0,0,1,4,,0,60,0,0,0,0,0,1,2,14
,2016_53482,39.684915,-104.957653,5/13/2016 16:40,16:40,12,0,0,I25 & UNIVERSITY BOULEVARD SOUTH,1,1,1,0,1,4,,0,55,0,0,0,0,0,1,2,13
,2016_53483,39.684921,-104.959322,6/19/2016 3:58,3:58,5,0,0,I25 HIGHWAY NORTHBOUND RAMP OFF & UNIVERSITY BOULEVARD SOUTH,1,3,0,0,4,14,,0,35,0,0,0,0,1,1,1,4
,2016_53484,39.68492,-104.959509,1/5/2016 18:41,18:41,12,0,0,I25 & UNIVERSITY BOULEVARD SOUTH,1,3,1,0,1,4,,0,65,0,0,0,0,0,1,2,3
,2016_53485,39.685463,-104.963908,4/30/2016 4:21,4:21,5,0,0,I25 & UNIVERSITY BOULEVARD SOUTH,2,3,0,2,3,4,,0,65,0,0,0,0,0,1,1,13
,2016_53486,39.687715,-104.968753,7/4/2016 10:25,10:25,12,0,0,I25 NORTHBOUND & DOWNING STREET SOUTH,1,1,0,0,1,4,,0,60,0,0,0,0,0,1,2,13
,2016_53487,39.690034,-104.973401,6/29/2016 7:00,7:00,12,0,0,I25 HIGHWAY SOUTHBOUND & DOWNING STREET SOUTH,1,1,0,0,1,4,,0,55,0,0,0,0,0,1,2,13
,2016_53488,39.694339,-104.979144,8/28/2016 8:55,8:55,5,0,0,g & WASHINGTON STREET SOUTH APPROXIMATELY,1,1,1,0,2,14,,0,45,0,0,0,0,1,1,1,14
,2016_53489,39.696091,-104.981145,2/14/2016 19:40,19:40,15,0,0,I25 SOUTHBOUND & BROADWAY STREET SOUTH,1,3,0,0,1,4,,0,45,0,0,0,0,0,1,2,1
,2016_53490,39.6962,-104.981269,6/7/2016 18:00,18:00,12,0,0,I25 & MM 206,1,1,0,0,1,4,,0,60,0,0,0,0,0,1,2,2
,2016_53491,39.696526,-104.981642,6/11/2016 12:18,12:18,5,0,0,I25 HIGHWAY SOUTHBOUND & LOGAN STREET SOUTH,1,1,0,0,2,4,,0,55,0,0,0,0,0,1,1,13
,2016_53492,39.701047,-104.986946,4/29/2016 16:01,16:01,15,0,0,I25 NORTHBOUND OFF RAMP TO & LINCOLN STREET SOUTH,2,1,0,1,1,14,,0,55,0,0,0,0,0,1,2,13
,2016_53493,39.701466,-104.987451,4/8/2016 17:37,17:37,12,0,0,I25 & BROADWAY SOUTH,1,1,0,0,1,4,,0,60,0,0,0,0,0,1,3,3
,2016_53494,39.701466,-104.987451,7/15/2016 13:50,13:50,12,0,0,BROADWAY STREET SOUTH & I25 INTERCHANGE,1,1,0,0,1,4,,0,35,0,0,0,0,1,1,2,1
,2016_53495,39.701466,-104.987451,2/22/2016 18:03,18:03,1,0,0,BROADWAY STREET SOUTH & I25 SOUTHBOUND RAMP,1,3,0,0,1,1,,0,35,0,0,0,0,0,1,2,8
,2016_53496,39.701466,-104.987451,12/3/2016 18:42,18:42,15,0,0,BROADWAY & I25 SOUTHBOUND RAMPS,1,3,0,0,1,1,,0,40,0,0,0,0,0,1,2,13
,2016_53497,39.710147,-104.998269,4/26/2016 15:29,15:29,12,0,0,I25 & WEST ALAMEDA AVENUE,2,1,0,0,1,4,,0,55,0,0,0,0,0,1,2,1
,2016_53498,39.710698,-104.998599,2/19/2016 11:18,11:18,12,0,0,I25 & ALAMEDA AVENUE WEST,1,1,1,0,1,4,,0,55,0,0,0,0,0,1,2,13
,2016_53499,39.711525,-104.999094,3/4/2016 6:55,6:55,15,0,0,I25 & ALAMEDA AVENUE WEST,1,1,0,0,1,4,,0,55,0,0,0,0,0,1,2,2
,2016_53500,39.717712,-105.004262,11/22/2016 15:14,15:14,12,0,0,I25 SOUTHBOUND & ALAMEDA AVENUE WEST,1,1,0,0,1,4,,0,55,0,0,0,0,0,1,2,13
,2016_53501,39.721458,-105.008641,6/2/2016 7:15,7:15,12,0,0,I25 SOUTHBOUND MERGE LANE FROM & RAMP ON GORE POINT,1,1,0,0,1,14,,0,35,0,0,0,0,0,1,2,4
,2016_53502,39.72244,-105.009858,6/1/2016 5:09,5:09,12,0,0,I25 & SIXTH AVENUE INTERCHANGE,2,3,0,1,1,4,,0,60,0,0,0,0,0,1,2,13
,2016_53503,39.722897,-105.010503,5/21/2016 0:20,0:20,15,0,0,I25 RAMP ON  & SIXTH AVENUE WB / EASTBOUND RAMP MERGE,1,3,1,0,1,14,,0,35,0,0,0,0,0,1,2,1
,2016_53504,39.723536,-105.011305,11/1/2016 19:31,19:31,12,0,0,I25 & SIXTH AVENUE WEST INTERCHANGE,1,3,0,0,1,4,,0,55,0,0,0,0,1,1,2,7
,2016_53505,39.725165,-105.012815,7/18/2016 18:58,18:58,12,0,0,I25 NORTHBOUND OFF RAMP & SIXTH AVENUE EASTBOUND / WB EXIT,1,1,0,0,1,14,,0,55,0,0,0,0,0,1,2,13
,2016_53506,39.725281,-105.012899,1/19/2016 18:10,18:10,12,0,0,I25 HIGHWAY NORTHBOUND & SIXTH AVENUE INTERCHANGE,1,3,0,0,1,4,,0,55,0,0,0,0,0,1,2,3
,2016_53507,39.725281,-105.012899,9/24/2016 9:38,9:38,12,0,0,I25 & SIXTH AVENUE WEST,1,1,0,0,1,4,,0,55,0,0,0,0,0,1,2,13
,2016_53509,39.725281,-105.012899,10/18/2016 20:20,20:20,12,0,0,I25 & SIXTH AVENUE INTERCHANGE,1,3,0,0,1,4,,0,55,0,0,0,0,0,1,2,1
,2016_53510,39.725281,-105.012899,1/1/2016 8:30,8:30,5,0,0,I25 NORTHBOUND FLYOVER RAMP  & SIXTH AVENUE INTERCHANGE,1,1,1,0,2,14,,0,55,0,0,0,0,0,1,2,1
,2016_53511,39.730758,-105.015321,6/3/2016 11:10,11:10,1,0,0,ZUNI STREET  & I25 RAMPS ON / OFF,1,1,0,0,1,1,,0,,0,0,0,0,0,1,2,13
,2016_53512,39.779391,-104.989164,9/26/2016 3:54,3:54,5,0,0,I25 NORTHBOUND SPLIT OFF RAMP TO & I70 EASTBOUND,1,3,0,0,3,14,,0,55,0,0,0,0,0,1,1,13