id,drcog_id,latitude,longitude,crashtime,time,crashtype,numbkilled,numbinjurd,drcoglocat,rdconditin,lightngcon,roadcntgrd,weatherco,location,roaddescrp,schoolzone,constrzone,splimit,bikeinv,pedinv,sctrinv,motoinv,svrty,rdsystem,ttlvehcls,hcf
,2016_53903,39.702954,-104.912867,7/12/2016 17:30,17:30,15,0,0,MONACO STREET SOUTH & LEETSDALE DRIVE,1,1,0,0,1,3,,0,35,0,0,0,0,0,2,2,13
,2016_53904,39.703367,-104.913662,6/9/2016 14:37,14:37,3,0,0,LEETSDALE DRIVE 6600 BLOCK EAST & MONACO STREET SOUTH,1,1,1,0,1,2,,0,30,0,0,0,0,0,2,2,3
,2016_53905,39.70655,-104.919792,5/22/2016 9:55,9:55,3,0,0,JERSEY STREET SOUTH & LEETSDALE DRIVE,1,1,2,0,1,1,,0,25,0,0,0,0,1,2,2,3
,2016_53906,39.707328,-104.922192,7/31/2016 17:15,17:15,12,0,0,LEETSDALE DRIVE & HOLLY STREET SOUTH,1,1,0,0,1,2,,0,35,0,0,0,0,0,2,2,13
,2016_53907,39.70817,-104.92701,12/2/2016 19:55,19:55,15,0,0,LEETSDALE DRIVE & FOREST STREET SOUTH,1,3,0,0,1,3,,0,35,0,0,0,0,0,2,2,13
,2016_53938,39.678447,-104.993319,10/1/2016 11:19,11:19,15,0,0,EVANS AVENUE WEST & SANTA FE DRIVE SOUTH SOUTHBOUND RAMPS,1,1,1,0,1,3,,0,35,0,0,0,0,0,2,2,1
,2016_53939,39.734758,-105.025171,2/26/2016 20:40,20:40,12,0,0,12TH AVENUE WEST & FEDERAL BOULEVARD NORTH,1,3,0,0,1,1,,0,35,0,0,0,0,0,2,2,13
,2016_53940,39.687313,-104.991943,6/9/2016 6:28,6:28,12,0,0,SANTA FE DRIVE SOUTH & IOWA AVENUE WEST,1,1,0,0,1,3,,0,40,0,0,0,0,0,2,3,14
,2016_53941,39.689339,-104.992036,3/20/2016 16:58,16:58,15,0,0,SANTA FE DRIVE 1500 BLOCK SOUTH & FLORIDA AVENUE EAST,1,1,0,0,1,4,,0,45,0,0,0,0,0,2,2,3
,2016_53942,39.696679,-104.991877,7/13/2016 5:51,5:51,12,0,0,SANTA FE DRIVE SOUTH & MISSISSIPPI AVENUE WEST,1,2,0,0,1,1,,0,45,0,0,0,0,0,2,2,13
,2016_53943,39.696679,-104.991877,9/18/2016 23:03,23:03,5,0,1,MISSISSIPPI AVENUE WEST & PLATTE RIVER BRIDGE,1,3,0,0,3,4,,0,30,0,0,0,0,2,2,1,5
,2016_53944,39.697574,-104.991755,2/10/2016 9:50,9:50,15,0,0,SANTA FE DRIVE & MISSISSIPPI AVENUE WEST,1,1,0,0,1,4,,0,35,0,0,0,0,0,2,2,1
,2016_53945,39.701201,-104.993291,4/28/2016 10:45,10:45,12,0,0,SANTA FE DRIVE 800 BLOCK SOUTH & OHIO AVENUE EAST,1,1,0,0,1,4,,0,25,0,0,0,0,0,2,2,13
,2016_53953,39.729431,-105.025156,9/2/2016 16:15,16:15,10,0,0,FEDERAL BOULEVARD & EIGHTH AVENUE WEST,1,1,0,0,1,4,,0,35,0,0,0,0,0,2,3,14
,2016_53954,39.725357,-105.025125,3/21/2016 9:30,9:30,10,0,0,SIXTH AVENUE WB OFF RAMP & FEDERAL BOULEVARD NORTH,1,1,0,0,1,1,,0,35,0,0,0,0,0,2,2,14
,2016_53955,39.722307,-105.025201,3/6/2016 18:55,18:55,12,0,0,FEDERAL BOULEVARD NORTH & FOURTH AVENUE WEST,1,3,0,0,1,4,,0,35,0,0,0,0,0,2,2,13
,2016_53956,39.715726,-105.025134,12/7/2016 14:45,14:45,12,0,0,FEDERAL BOULEVARD & ARCHER PLACE WEST,5,1,1,0,1,4,,0,35,0,0,0,0,1,2,3,1
,2016_53958,39.711104,-105.025094,12/7/2016 0:43,0:43,12,0,0,FEDERAL BOULEVARD SOUTH & ALAMEDA AVENUE WEST,4,3,1,2,1,1,,0,40,0,0,0,0,0,2,2,13
,2016_53959,39.710366,-105.025077,1/20/2016 16:54,16:54,12,0,0,FEDERAL BOULEVARD SOUTH & ALAMEDA AVENUE WEST,1,3,0,0,1,4,,0,30,0,0,0,0,0,2,2,7
,2016_53960,39.706758,-105.025084,8/17/2016 11:45,11:45,5,0,0,FEDERAL BOULEVARD SOUTH & CUSTER PLACE WEST,1,1,0,0,2,1,,0,35,0,0,0,0,1,2,2,5
,2016_53961,39.701305,-105.025071,4/14/2016 15:40,15:40,1,0,1,FEDERAL BOULEVARD SOUTH & ADA PLACE WEST,1,1,0,0,1,1,,0,40,0,0,0,1,2,2,2,14
,2016_53962,39.700704,-105.02508,3/20/2016 2:08,2:08,12,0,0,FEDERAL BOULEVARD SOUTH & KENTUCKY AVENUE WEST,1,3,0,0,1,4,,0,40,0,0,0,0,0,2,3,13
,2016_53963,39.689642,-105.025044,9/9/2016 10:50,10:50,15,0,0,FEDERAL BOULEVARD SOUTH & FLORIDA AVENUE WEST,1,1,0,0,1,3,,1,35,0,0,0,0,0,2,2,13
,2016_53964,39.680523,-105.025025,2/8/2016 18:10,18:10,3,0,0,FEDERAL BOULEVARD SOUTH & ASBURY AVENUE WEST,1,3,0,0,1,1,,0,40,0,0,0,0,0,2,2,13
,2016_53966,39.67863,-105.025035,2/4/2016 23:55,23:55,3,0,0,EVANS AVENUE WEST & FEDERAL BOULEVARD SOUTH,5,3,0,0,1,1,,0,35,0,0,0,0,0,2,2,5
,2016_53967,39.671346,-105.025075,9/21/2016 19:15,19:15,12,0,0,FEDERAL BOULEVARD SOUTH & VASSAR AVENUE WEST ROAD WEST,1,2,0,0,1,4,,0,40,0,0,0,0,1,2,2,13
,2016_53990,39.657111,-105.053227,5/17/2016 21:05,21:05,3,0,0,SHERIDAN BOULEVARD SOUTH & COLGATE PLACE WEST,2,4,1,1,1,1,,0,45,0,0,0,0,0,2,2,7
,2016_53991,39.682251,-105.053195,2/2/2016 20:22,20:22,1,0,0,SHERIDAN BOULEVARD SOUTH & JEWELL AVENUE WEST,10,3,1,0,1,1,,0,40,0,0,0,0,0,2,2,13
,2016_53992,39.682251,-105.053195,4/28/2016 20:05,20:05,1,0,0,JEWELL AVENUE WEST & SHERIDAN BOULEVARD SOUTH,2,3,0,1,1,1,,0,35,0,0,0,0,1,2,2,7
,2016_54000,39.731335,-105.053224,3/23/2016 12:00,12:00,12,0,0,SHERIDAN BOULEVARD & 900 BLOCK NORTH,10,1,0,2,1,3,,0,35,0,0,0,0,0,2,2,1
,2016_54002,39.733188,-105.053221,2/22/2016 21:15,21:15,3,0,0,SHERIDAN BOULEVARD NORTH & 10TH AVENUE WEST,6,3,1,2,1,1,,0,35,0,0,0,0,0,2,2,14
,2016_54003,39.73832,-105.053213,3/10/2016 18:30,18:30,15,0,0,SHERIDAN BOULEVARD 1300 BLOCK & 14TH AVENUE WEST,1,2,0,0,1,4,,0,35,0,0,0,0,0,2,2,13
,2016_54004,39.738462,-105.053213,11/5/2016 18:44,18:44,12,0,0,SHERIDAN BOULEVARD NORTH & 14TH AVENUE WEST,1,3,0,0,1,1,,0,35,0,0,0,0,0,2,2,4
,2016_54120,39.634704,-104.899097,12/5/2016 18:40,18:40,15,0,0,I225 & TAMARAC STREET,1,3,1,0,1,4,,0,60,0,0,0,0,0,1,2,13
,2016_54121,39.635522,-104.893462,6/28/2016 16:05,16:05,1,0,1,TAMARAC STREET SOUTH & I225 NORTHBOUND OFF RAMP,1,1,1,0,1,1,,0,35,0,0,0,0,2,1,2,13
,2016_54134,39.635355,-104.894268,1/11/2016 13:46,13:46,12,0,1,I225 NORTHBOUND COLLECTOR & TAMARAC STREET APPROXIMATELY,1,1,1,0,1,14,,0,45,0,0,0,0,2,4,2,14
,2016_54135,39.635522,-104.893462,4/8/2016 21:16,21:16,15,0,0,TAMARAC STREET SOUTH & I225 NORTHBOUND ON RAMP,1,3,0,0,1,1,,0,35,0,0,0,0,0,1,2,13
,2016_54136,39.639223,-104.885207,6/8/2016 13:52,13:52,12,0,0,I225 & SOUTH YOSEMITE STREET,1,1,0,0,1,4,,0,55,0,0,0,0,0,1,2,3
,2016_54137,39.639304,-104.885042,11/7/2016 17:35,17:35,12,0,0,I225 & YOSEMITE STREET,1,3,0,0,1,4,,0,50,0,0,0,0,0,1,2,8
,2016_54178,39.779661,-104.967133,11/11/2016 14:25,14:25,1,0,0,BRIGHTON BOULEVARD & I70 EASTBOUND ON RAMP,1,1,0,0,1,1,,0,5,0,0,0,0,0,2,2,8
,2016_54179,39.780781,-104.966774,4/27/2016 19:45,19:45,10,0,0,46TH AVENUE EAST & BRIGHTON BOULEVARD NORTH,1,2,1,0,1,1,,0,35,0,0,0,0,0,2,2,7
,2016_54180,39.780781,-104.966774,7/6/2016 11:45,11:45,1,0,0,46TH AVENUE EAST & BRIGHTON BOULEVARD,1,1,0,0,1,1,,0,30,0,0,0,0,0,2,2,7
,2016_54181,39.780781,-104.966774,7/6/2016 12:18,12:18,1,0,0,46TH AVENUE EAST & BRIGHTON BOULEVARD,1,1,0,0,1,1,,0,25,0,0,0,0,0,2,2,13
,2016_54182,39.781402,-104.966693,9/17/2016 21:29,21:29,5,0,0,46TH AVENUE EAST & BRIGHTON BOULEVARD NORTH,1,3,0,0,3,3,,0,35,0,0,0,0,0,2,1,1
,2016_54191,39.779022,-104.897849,11/24/2016 21:29,21:29,12,0,0,I270 EASTBOUND DIRECT CONNECT  & I70,1,3,1,0,1,4,,0,,0,0,0,0,0,1,2,13
,2016_54220,39.65298,-104.928108,10/10/2016 13:25,13:25,12,0,1,HAMPDEN AVENUE EAST & FAIRFAX STREET SOUTH,1,1,0,0,1,4,,0,45,0,0,0,0,2,2,2,12
,2016_54221,39.652979,-104.922637,4/11/2016 18:45,18:45,12,0,0,HAMPDEN AVENUE 5500 BLOCK EAST & HOLLY STREET SOUTH,1,2,0,0,1,1,,0,40,0,0,0,0,0,2,2,13
,2016_54222,39.652979,-104.918486,6/6/2016 14:26,14:26,12,0,0,HAMPDEN AVENUE EAST & OVER I25 NORTHBOUND,1,1,1,0,1,1,,0,35,0,0,0,0,1,2,2,3
,2016_54223,39.743865,-105.02522,2/26/2016 21:19,21:19,12,0,0,FEDERAL BOULEVARD NORTH & 17TH AVENUE WEST,1,3,0,0,1,1,,0,35,0,0,0,0,0,2,2,7
,2016_54224,39.746381,-105.025228,11/17/2016 16:29,16:29,1,0,0,FEDERAL BOULEVARD NORTH & 19TH AVENUE WEST,2,2,1,2,1,1,,0,35,0,0,0,0,0,2,2,13
,2016_54225,39.754692,-105.02513,2/18/2016 17:35,17:35,12,0,0,26TH AVENUE WEST & FEDERAL BOULEVARD NORTH,1,1,0,0,1,1,,0,30,0,0,0,0,0,2,2,5
,2016_54226,39.754834,-105.025131,8/31/2016 18:55,18:55,5,0,0,FEDERAL BOULEVARD NORTH & 26TH AVENUE WEST,1,1,0,0,1,1,,1,,0,0,0,0,0,2,2,13
,2016_54227,39.76025,-105.025149,5/5/2016 20:49,20:49,15,0,0,FEDERAL BOULEVARD NORTH & SPEER BOULEVARD,1,3,0,0,1,1,,0,35,0,0,0,1,1,2,2,13
,2016_54228,39.76196,-105.025155,3/17/2016 7:04,7:04,12,0,0,FEDERAL BOULEVARD 3200 BLOCK NORTH & 32ND AVENUE WEST,1,1,0,0,1,3,,0,35,0,0,0,0,0,2,2,14
,2016_54229,39.764241,-105.025162,7/27/2016 19:17,19:17,12,0,0,FEDERAL BOULEVARD NORTH & 34TH AVENUE WEST,1,1,0,0,1,4,,0,35,0,0,0,0,0,2,3,13
,2016_54230,39.776543,-105.025228,11/22/2016 6:48,6:48,12,0,0,FEDERAL BOULEVARD NORTH & 44TH AVENUE WEST,2,1,0,1,1,1,,0,35,0,0,0,0,0,2,2,14
,2016_54232,39.782702,-105.025225,6/15/2016 15:11,15:11,12,0,0,FEDERAL BOULEVARD & 4700 BLOCK NORTH,1,1,1,0,1,4,,0,35,0,0,0,0,0,2,3,13
,2016_54233,39.78571,-105.025223,3/18/2016 17:08,17:08,3,0,0,49TH AVENUE WEST & FEDERAL BOULEVARD NORTH,1,1,1,0,1,1,,0,25,0,0,0,0,0,2,2,16
,2016_54234,39.789272,-105.025199,12/1/2016 8:51,8:51,1,0,0,FEDERAL BOULEVARD NORTH & 51ST AVENUE WEST,1,1,0,0,1,1,,0,45,0,0,0,0,0,2,2,2
,2016_54235,39.790409,-105.025188,2/20/2016 18:30,18:30,1,0,0,FEDERAL BOULEVARD & 5190 NORTH,1,3,0,0,1,2,,0,35,0,0,0,0,0,2,2,8
,2016_54317,39.711663,-104.999176,12/4/2016 2:58,2:58,5,0,0,I25 NORTHBOUND & ALAMEDA AVENUE WEST,1,4,1,0,3,4,,0,60,0,0,0,0,1,1,1,5
,2016_54322,39.762034,-105.010269,8/19/2016 18:45,18:45,3,0,0,32ND AVENUE WEST & TEJON / ERIE STREET ALLEY,1,2,1,1,1,5,,0,10,0,0,0,0,0,4,4,1
,2016_54324,39.755967,-105.011575,4/23/2016 1:40,1:40,9,0,0,I25 NORTHBOUND RAMP ON & SPEER BOULEVARD NORTH,1,3,0,0,1,14,,0,40,0,0,0,0,1,1,1,5
,2016_54328,39.727514,-105.025127,3/3/2016 10:22,10:22,5,0,0,SEVENTH AVENUE WEST & FEDERAL BOULEVARD NORTH,1,1,0,0,3,1,,0,35,0,0,0,0,0,2,1,14
,2016_54333,39.666977,-104.940603,5/18/2016 7:50,7:50,1,0,0,COLORADO BOULEVARD SOUTH & AMHERST AVENUE EAST,1,1,1,0,1,2,,0,40,0,0,0,0,0,2,2,13
,2016_54334,39.67843,-104.940638,1/18/2016 18:01,18:01,1,0,0,EVANS AVENUE EAST & COLORADO BOULEVARD SOUTH,1,3,0,0,1,1,,0,35,0,0,0,0,0,2,2,13
,2016_54336,39.679985,-104.940643,2/10/2016 9:40,9:40,3,0,0,BUCHTEL AVENUE EAST & COLORADO BOULEVARD SOUTH,1,1,0,0,1,1,,0,40,0,0,0,0,0,2,2,13
,2016_54337,39.685533,-104.940543,4/30/2016 13:00,13:00,12,0,0,MEXICO AVENUE EAST & COLORADO BOULEVARD SOUTH,2,1,0,2,1,1,,0,30,0,0,0,0,0,2,2,13
,2016_54338,39.685682,-104.940543,8/23/2016 14:49,14:49,12,0,0,COLORADO BOULEVARD & MEXICO AVENUE EAST,1,1,1,0,1,1,,0,35,0,0,0,0,1,2,2,3
,2016_54339,39.687326,-104.940544,2/20/2016 10:11,10:11,3,0,0,COLORADO BOULEVARD SOUTH & IOWA STREET EAST,1,1,1,0,1,1,,0,30,0,0,0,0,0,2,2,13
,2016_54340,39.689866,-104.940546,3/7/2016 9:50,9:50,3,0,0,COLORADO BOULEVARD 1400 BLOCK SOUTH & FLORIDA AVENUE EAST,1,1,1,0,1,2,,0,35,0,0,0,0,0,2,2,14
,2016_54344,39.712661,-104.940611,11/3/2016 13:08,13:08,12,0,0,COLORADO BOULEVARD & 300 BLOCK SOUTH,1,1,1,0,1,2,,0,40,0,0,0,0,0,2,2,1
,2016_54345,39.716454,-104.94061,7/8/2016 14:07,14:07,1,0,0,COLORADO BOULEVARD SOUTH & BAYAUD AVENUE EAST,1,1,1,0,1,1,,0,40,0,0,0,0,0,2,2,13
,2016_54346,39.724771,-104.940607,8/12/2016 14:20,14:20,12,0,0,COLORADO BOULEVARD & FOURTH AVENUE EAST,1,1,0,0,1,4,,0,35,0,0,0,0,0,2,2,13
,2016_54347,39.72871,-104.940605,6/15/2016 22:25,22:25,12,0,0,COLORADO BOULEVARD NORTH & EIGHTH AVENUE EAST,1,3,0,0,1,1,,0,35,0,0,0,0,0,2,2,3
,2016_54348,39.728856,-104.940605,3/16/2016 11:00,11:00,3,0,0,COLORADO BOULEVARD & EIGHTH AVENUE EAST,1,1,0,0,1,2,,0,35,0,0,0,0,1,2,2,15
,2016_54349,39.72944,-104.940605,3/9/2016 10:50,10:50,15,0,0,COLORADO BOULEVARD SOUTHBOUND & 800 BLOCK NORTH,1,1,0,0,1,3,,0,35,0,0,0,0,0,2,2,7
,2016_54350,39.742425,-104.9406,6/2/2016 17:47,17:47,15,0,0,COLORADO BOULEVARD NORTH & BATAVIA PLACE EAST,1,1,0,0,1,4,,0,35,0,0,0,0,0,2,2,14
,2016_54351,39.744759,-104.9406,10/12/2016 10:45,10:45,10,0,0,18TH AVENUE EAST & COLORADO BOULEVARD NORTH,1,1,0,0,1,1,,0,30,0,0,0,0,0,2,2,13
,2016_54352,39.750887,-104.940597,3/28/2016 17:10,17:10,12,0,1,23RD AVENUE EAST & COLORADO BOULEVARD NORTH,1,1,0,0,1,1,,0,35,0,0,0,0,2,2,2,13
,2016_54353,39.754511,-104.940546,12/15/2016 20:15,20:15,3,0,0,COLORADO BOULEVARD NORTH & 26TH AVENUE EAST,1,3,0,0,1,1,,0,30,0,0,0,0,0,2,2,13
,2016_54354,39.77302,-104.940511,12/29/2016 17:53,17:53,12,0,0,COLORADO BOULEVARD NORTH & 40TH AVENUE EAST,1,3,0,0,1,3,,0,35,0,0,0,0,0,2,2,7
,2016_54355,39.784135,-104.94045,12/19/2016 8:43,8:43,12,0,0,48TH AVENUE EAST & COLORADO BOULEVARD NORTH,4,2,0,2,1,1,,0,15,0,0,0,0,0,2,2,13
,2016_54372,39.725652,-105.053207,5/6/2016 21:08,21:08,12,0,0,SIXTH AVENUE WEST & SHERIDAN BOULEVARD,1,3,0,0,1,4,,0,55,0,0,0,0,0,2,2,13
,2016_54373,39.725632,-105.049077,6/27/2016 13:13,13:13,5,0,0,SIXTH AVENUE WB OFF RAMP GORE POINT & SHERIDAN BOULEVARD NORTH,1,1,0,0,3,4,,0,55,0,0,0,0,0,2,1,1
,2016_54374,39.725608,-105.044198,3/18/2016 5:59,5:59,12,0,0,SIXTH AVENUE WEST & SHERIDAN BOULEVARD NORTH,6,1,0,2,1,4,,0,55,0,0,0,0,0,2,3,7
,2016_54375,39.725455,-105.032456,5/31/2016 17:34,17:34,12,0,0,SIXTH AVENUE WEST & KNOX COURT NORTH,1,1,1,0,1,4,,0,45,0,0,0,0,0,2,2,1
,2016_54376,39.725415,-105.025068,4/8/2016 18:17,18:17,12,0,0,SIXTH AVENUE WEST & FEDERAL BOULEVARD NORTH,1,1,0,0,1,4,,0,55,0,0,0,0,0,2,2,13
,2016_54377,39.725415,-105.025068,11/6/2016 11:06,11:06,12,0,0,SIXTH AVENUE WEST & FEDERAL BOULEVARD NORTH,1,1,1,0,1,4,,0,45,0,0,0,0,0,2,2,13
,2016_54378,39.725296,-105.016497,1/11/2016 17:35,17:35,12,0,0,SIXTH AVENUE WB COLLECTOR RAMP & I25 INTERCHANGE,1,3,0,0,1,14,,0,55,0,0,0,0,0,2,3,3
,2016_54379,39.725533,-105.01288,2/13/2016 4:30,4:30,5,0,0,SIXTH AVENUE WEST & I25,1,3,1,4,2,4,,0,55,0,0,0,0,1,2,1,2
,2016_54380,39.779447,-104.949726,3/25/2016 16:41,16:41,3,0,0,46TH AVENUE EAST & STEELE STREET NORTH,1,1,1,0,1,1,,0,35,0,0,0,0,1,2,2,13
,2016_54381,39.779447,-104.949726,6/21/2016 15:50,15:50,3,0,0,STEELE STREET NORTH & 46TH AVENUE EAST,1,1,0,0,1,1,,0,35,0,0,0,0,0,2,2,8
,2016_54382,39.787232,-104.944755,2/1/2016 16:23,16:23,5,0,0,VASQUEZ BOULEVARD & 50TH AVENUE EAST,6,2,0,2,2,4,,0,45,0,0,0,0,0,2,1,1
,2016_54411,39.779937,-104.988665,9/26/2016 3:54,3:54,5,0,0,I70 EASTBOUND RAMP ON & I25 RAMP B END,1,3,0,0,2,14,,0,55,0,0,0,0,0,1,1,5
,2016_54443,39.684918,-104.958395,5/19/2016 17:08,17:08,12,0,0,I25 & MM 205.00,1,1,0,0,1,4,,0,60,0,0,0,0,1,1,2,1
,2016_54463,39.625073,-104.902138,7/15/2016 13:42,13:42,15,0,0,I25 SOUTHBOUND OFF RAMP & BELLEVIEW AVENUE EAST,1,1,1,0,1,14,,0,60,0,0,0,0,0,1,2,13
,2016_54464,39.627376,-104.903546,12/6/2016 15:45,15:45,12,0,0,I25 NORTHBOUND & UNION AVENUE,1,1,0,0,1,4,,0,55,0,0,0,0,0,1,2,13
,2016_54465,39.628671,-104.904272,8/3/2016 10:00,10:00,12,0,0,I25 & UNION AVENUE EAST,1,1,0,0,1,4,,0,65,0,0,0,0,0,1,2,3
,2016_54466,39.632349,-104.906001,5/27/2016 16:21,16:21,12,0,0,I25  & I225 HIGHWAY,1,1,0,0,1,4,,0,65,0,0,0,0,0,1,3,14
,2016_54468,39.642665,-104.912278,3/23/2016 19:20,19:20,15,0,0,I25 & MM 200.8,6,3,0,2,1,4,,0,65,0,0,0,0,0,1,3,13
,2016_54469,39.654029,-104.918684,8/26/2016 22:02,22:02,12,0,0,I25 SOUTHBOUND OFF RAMP & HAMPDEN AVENUE EAST,1,3,1,0,1,14,,0,60,0,0,0,0,0,1,2,12
,2016_54470,39.654414,-104.918866,3/19/2016 7:29,7:29,15,0,0,I25 & HAMPDEN AVENUE EAST,5,1,0,2,1,4,,0,65,0,0,0,0,0,1,2,7
,2016_54471,39.656552,-104.919807,1/9/2016 22:00,22:00,12,0,0,I25 & HAMPDEN AVENUE EAST,1,3,1,0,1,4,,0,65,0,0,0,0,0,1,2,13
,2016_54472,39.656552,-104.919807,4/5/2016 8:54,8:54,15,0,0,I25 & HAMPDEN AVENUE EAST,1,1,1,0,1,4,,0,65,0,0,0,0,0,1,2,13
,2016_54473,39.656552,-104.919807,11/1/2016 7:41,7:41,15,0,0,I25 & HAMPDEN AVENUE,1,1,0,0,1,4,,0,65,0,0,0,0,0,1,2,3
,2016_54474,39.768049,-104.994761,12/9/2016 11:56,11:56,15,0,0,I25 & PARK AVENUE WEST,1,1,1,0,1,4,,0,55,0,0,0,0,0,1,2,13
,2016_54475,39.663446,-104.922889,8/20/2016 13:03,13:03,12,0,0,I25 & YALE AVENUE EAST NORTHBOUND EXIT GORE,1,1,0,0,1,4,,0,55,0,0,0,1,0,1,2,13
,2016_54476,39.665411,-104.924027,10/19/2016 17:06,17:06,12,0,0,I25 SOUTHBOUND & MM 202.5,1,1,0,0,1,4,,0,65,0,0,0,0,0,1,2,13
,2016_54477,39.667623,-104.925611,4/21/2016 21:42,21:42,12,0,0,I25 & YALE AVENUE EAST,1,3,0,0,1,4,,0,65,0,0,0,0,0,1,3,3
,2016_54478,39.667623,-104.925611,9/1/2016 9:35,9:35,12,0,0,I25 & YALE AVENUE EAST,1,1,0,0,1,4,,0,65,0,0,0,0,0,1,2,13
,2016_54479,39.753575,-105.014818,10/17/2016 19:52,19:52,15,0,0,I25 & 23RD AVENUE,1,3,1,0,1,4,,0,55,0,0,0,0,0,1,2,6
,2016_54480,39.671956,-104.928483,11/21/2016 13:20,13:20,12,0,0,I25 SOUTHBOUND & MM 203.00,1,1,0,0,1,4,,0,65,0,0,0,0,1,1,2,14
,2016_54481,39.678367,-104.933559,7/20/2016 11:22,11:22,12,0,0,I25 NORTHBOUND & EVANS AVENUE EAST,1,1,0,0,1,4,,0,55,0,0,0,0,0,1,2,1
,2016_54482,39.678367,-104.933559,12/2/2016 9:12,9:12,15,0,0,I25 & EVANS AVENUE EAST,1,1,0,0,1,4,,0,65,0,0,0,0,0,1,2,13
,2016_54484,39.678367,-104.933559,12/16/2016 8:58,8:58,12,0,0,EVANS AVENUE 4600 BLOCK EAST & I25 INTERCHANGE,1,1,0,0,1,1,,0,35,0,0,0,0,0,1,2,13
,2016_54485,39.683094,-104.940452,5/20/2016 7:22,7:22,12,0,0,I25 & COLORADO BOULEVARD SOUTH,1,2,0,0,1,4,,0,50,0,0,0,0,0,1,2,3
,2016_54486,39.683094,-104.940452,6/14/2016 16:36,16:36,12,0,0,I25 & COLORADO BOULEVARD SOUTH,1,1,0,0,1,4,,0,60,0,0,0,0,0,1,2,13
,2016_54487,39.6832,-104.94091,5/9/2016 10:45,10:45,15,0,0,I25 SOUTHBOUND MERGE LANE & COLORADO BOULEVARD SOUTHBOUND ON RAMP ENTRANCE,1,1,1,0,1,4,,0,60,0,0,0,0,0,1,2,13
,2016_54488,39.68492,-104.950436,3/23/2016 8:39,8:39,12,0,0,I25 & STEELE STREET SOUTH,12,1,0,2,1,4,,0,60,0,0,0,0,0,1,2,13
,2016_54489,39.68492,-104.950436,6/5/2016 13:45,13:45,15,0,0,I25 & STEELE STREET SOUTH,1,1,0,0,1,4,,0,55,0,0,0,0,0,1,3,1
,2016_54490,39.684913,-104.951419,11/1/2016 8:25,8:25,12,0,0,I25 & STEELE STREET,1,1,0,0,1,4,,0,60,0,0,0,0,0,1,2,1
,2016_54491,39.684917,-104.95821,7/25/2016 14:32,14:32,12,0,0,I25 NORTHBOUND RAMP OFF TO & UNIVERSITY BOULEVARD SOUTH,1,1,0,0,1,14,,0,30,0,0,0,0,0,1,2,14
,2016_54492,39.684915,-104.959701,4/6/2016 7:17,7:17,12,0,0,I25 SOUTHBOUND OFF RAMP & UNIVERSITY BOULEVARD SOUTH,1,1,1,0,1,14,,0,35,0,0,0,0,0,1,2,13
,2016_54494,39.690115,-104.973561,6/27/2016 19:40,19:40,12,0,0,I25 HIGHWAY SOUTHBOUND & DOWNING STREET SOUTH,1,1,0,0,1,4,,0,55,0,0,0,0,0,1,2,3
,2016_54495,39.697504,-104.982761,9/14/2016 16:20,16:20,12,0,0,I25 & LOGAN STREET SOUTH,1,1,0,0,1,4,,0,55,0,0,0,0,1,1,3,13
,2016_54496,39.697722,-104.98301,7/18/2016 17:20,17:20,12,0,0,I25 & LOGAN STREET,2,1,0,1,1,4,,0,55,0,0,0,0,1,1,2,13
,2016_54497,39.701466,-104.987451,4/28/2016 17:12,17:12,15,0,0,I25 & BROADWAY SOUTH,1,1,0,0,1,4,,0,50,0,0,0,0,0,1,2,13
,2016_54498,39.707118,-104.996779,9/20/2016 8:35,8:35,12,0,0,I25 & SANTA FE DRIVE SOUTH INTCH NEW CONFIG,1,1,0,0,1,4,,0,55,0,0,0,0,0,1,2,13
,2016_54499,39.707512,-104.99697,4/6/2016 14:56,14:56,15,0,0,I25 NORTHBOUND & SANTA FE DRIVE SOUTH,1,1,0,0,1,4,,0,55,0,0,0,0,0,1,2,13
,2016_54500,39.71125,-104.998929,1/23/2016 10:40,10:40,12,0,0,I25 HIGHWAY SOUTHBOUND & ALAMEDA AVENUE WEST,1,1,1,0,1,4,,0,55,0,0,0,0,0,1,4,13
,2016_54501,39.711525,-104.999094,8/29/2016 14:31,14:31,12,0,0,I25 NORTHBOUND & HIGHWAY 26B / ALAMEDA AVENUE WEST,2,1,0,1,1,4,,0,55,0,0,0,0,0,1,2,14
,2016_54502,39.713041,-105.000001,6/21/2016 13:19,13:19,12,0,0,I25 HIGHWAY NORTHBOUND  & ALAMEDA AVENUE WEST,1,1,1,0,1,4,,0,55,0,0,0,0,0,1,2,3
,2016_54503,39.717712,-105.004262,9/7/2016 17:50,17:50,12,0,0,I25 SOUTHBOUND & HIGHWAY 26B / ALAMEDA AVENUE WEST,1,1,0,0,1,4,,0,65,0,0,0,0,0,1,2,13
,2016_54504,39.75115,-105.016647,12/31/2016 21:07,21:07,12,0,0,I25  & 23RD AVENUE WEST INTERCHANGE,1,3,0,0,1,4,,0,55,0,0,0,0,1,1,2,13
,2016_54505,39.72113,-105.008284,12/2/2016 17:21,17:21,12,0,0,I25 & SIXTH AVENUE INTERCHANGE,1,3,0,0,1,4,,0,55,0,0,0,0,1,1,4,14
,2016_54506,39.722325,-105.009697,3/15/2016 8:40,8:40,12,0,0,I25 NORTHBOUND OFF RAMP  & SIXTH AVENUE EASTBOUND / WB EXIT,1,1,0,0,1,14,,0,55,0,0,0,0,0,1,2,13
,2016_54507,39.72244,-105.009858,12/12/2016 9:40,9:40,12,0,0,I25 & SIXTH AVENUE INTERCHANGE,1,1,0,0,1,4,,0,55,0,0,0,0,0,1,2,13