id,drcog_id,latitude,longitude,crashtime,time,crashtype,numbkilled,numbinjurd,drcoglocat,rdconditin,lightngcon,roadcntgrd,weatherco,location,roaddescrp,schoolzone,constrzone,splimit,bikeinv,pedinv,sctrinv,motoinv,svrty,rdsystem,ttlvehcls,hcf
,2016_54508,39.722783,-105.010342,7/26/2016 21:45,21:45,15,0,0,I25 & SIXTH AVENUE WEST INTERCHANGE,1,3,0,0,1,4,,0,55,0,0,0,0,0,1,2,7
,2016_54509,39.724815,-105.012562,7/11/2016 4:51,4:51,5,0,0,I25 HIGHWAY NORTHBOUND RAMP ON FROM & SIXTH AVENUE WEST  INTERCHANGE,1,1,1,0,2,14,,0,55,0,0,0,0,0,1,1,13
,2016_54510,39.724932,-105.012646,6/15/2016 17:02,17:02,12,0,0,SIXTH AVENUE EASTBOUND RAMP OFF & GORE POINT TO I25 NB/SB,1,1,1,0,1,14,,0,35,0,0,0,0,0,1,2,13
,2016_54511,39.725281,-105.012899,5/16/2016 11:57,11:57,12,0,0,I25 NORTHBOUND & SIXTH AVENUE INTERCHANGE,2,1,0,1,1,4,,0,55,0,0,0,0,1,1,2,3
,2016_54512,39.725281,-105.012899,8/29/2016 11:08,11:08,15,0,0,I25 SOUTHBOUND & SIXTH AVENUE WEST INTERCHANGE,1,1,0,0,1,4,,0,55,0,0,0,0,0,1,2,13
,2016_54513,39.725398,-105.012983,8/24/2016 1:52,1:52,5,0,0,I25 RAMP OFF & SIXTH AVENUE WB 'J' RAMP ON APPPROX,1,3,1,0,2,14,,1,55,0,0,0,0,1,1,1,5
,2016_54514,39.729265,-105.014796,7/29/2016 16:00,16:00,15,0,0,I25 NORTHBOUND & EIGHTH AVENUE WEST INTERCHANGE,1,1,0,0,1,4,,0,55,0,0,0,0,0,1,2,13
,2016_54515,39.730881,-105.015362,7/19/2016 5:40,5:40,9,0,0,I25 SOUTHBOUND HOOK RAMP OFF & ZUNI STREET NORTH,1,1,1,0,1,14,,0,15,0,0,0,0,1,1,1,7
,2016_54516,39.743372,-105.015987,5/13/2016 16:46,16:46,12,0,0,I25 & 17TH AVENUE WEST,1,1,1,0,1,4,,0,55,0,0,0,0,0,1,2,12
,2016_54517,39.74851,-105.017752,5/12/2016 18:00,18:00,12,0,0,I25 & 20TH STREET MILE HIGH,1,1,0,0,1,4,,0,55,0,0,0,0,0,1,2,13
,2016_54518,39.751295,-105.016566,1/4/2016 18:30,18:30,12,0,0,I25 & 23RD AVENUE WEST,1,3,0,0,1,4,,0,55,0,0,0,0,0,1,2,7
,2016_54519,39.751295,-105.016566,11/3/2016 13:48,13:48,12,0,0,I25 & 23RD AVENUE WEST,1,1,0,0,1,4,,0,55,0,0,0,0,0,1,2,13
,2016_54520,39.754929,-105.013016,11/14/2016 7:37,7:37,12,0,0,I25 & 23RD AVENUE SOUTHBOUND OFF RAMP,1,1,0,0,1,4,,0,35,0,0,0,0,1,1,2,14
,2016_54521,39.755118,-105.012754,7/6/2016 16:28,16:28,12,0,0,I25 NORTHBOUND & SPEER BOULEVARD NORTH,1,1,0,0,1,4,,0,55,0,0,0,0,0,1,2,7
,2016_54522,39.755118,-105.012754,8/31/2016 9:30,9:30,12,0,0,I25 & SPEER BOULEVARD,1,1,0,0,1,4,,0,55,0,0,0,0,0,1,2,7
,2016_54523,39.755118,-105.012754,10/4/2016 12:52,12:52,12,0,0,SPEER BOULEVARD NORTH & I25 SOUTHBOUND RAMPS,1,1,1,0,1,1,,0,30,0,0,0,0,1,1,2,13
,2016_54524,39.757155,-105.0099,3/25/2016 14:00,14:00,15,0,0,I25 & 15TH STREET,14,1,1,0,1,4,,0,55,0,0,0,0,0,1,2,13
,2016_54525,39.757155,-105.0099,3/25/2016 15:10,15:10,15,0,0,I25 & 15TH STREET,1,1,0,0,1,4,,0,55,0,0,0,0,0,1,2,1
,2016_54526,39.75948,-105.006671,12/3/2016 18:10,18:10,12,0,0,I25 & MM 212,1,3,0,0,1,4,,0,35,0,0,0,0,0,1,2,3
,2016_54527,39.760997,-105.004271,6/11/2016 17:15,17:15,12,0,0,I25 HIGHWAY SOUTHBOUND & 20TH STREET INTERCHANGE,1,1,0,0,1,4,,0,55,0,0,0,0,0,1,2,13
,2016_54528,39.768049,-104.994761,7/19/2016 17:01,17:01,15,0,0,I25 & PARK AVENUE WEST,1,1,0,0,1,4,,0,55,0,0,0,0,0,1,2,13
,2016_54529,39.768358,-104.994053,2/18/2016 9:27,9:27,9,0,0,I25 NORTHBOUND OFF RAMP LOOP SECTION & PARK AVENUE WEST,1,1,0,0,2,14,,0,55,0,0,0,0,0,1,1,14
,2016_54530,39.768677,-104.993429,4/5/2016 16:37,16:37,12,0,0,I25 NORTHBOUND ON RAMP & PARK AVENUE WEST,1,1,0,0,1,14,,0,55,0,0,0,0,0,1,4,13
,2016_54531,39.779391,-104.989164,4/1/2016 15:42,15:42,12,0,0,I25 & I70,1,1,1,0,1,4,,0,55,0,0,0,0,1,1,3,13
,2016_54533,39.779391,-104.989164,12/16/2016 11:05,11:05,12,0,0,I25 & I70,1,1,1,0,1,4,,0,55,0,0,0,0,1,1,3,13
,2016_54534,39.783855,-104.989142,2/29/2016 8:56,8:56,15,0,0,I25 & 48TH AVENUE WEST,1,1,0,0,1,4,,0,55,0,0,0,0,0,1,2,13
,2016_54535,39.783855,-104.989142,6/3/2016 15:53,15:53,12,0,0,I25 SOUTHBOUND & 48TH AVENUE WEST,1,1,0,0,1,4,,0,55,0,0,0,0,1,1,2,13
,2016_54579,39.711187,-105.039721,11/10/2016 7:13,7:13,15,0,0,ALAMEDA & PERRY,1,1,0,0,1,1,,0,35,0,0,0,0,0,2,2,13
,2016_54580,39.71116,-105.035447,6/10/2016 15:20,15:20,5,0,0,ALAMEDA AVENUE WEST & 3700 WEST,1,1,0,0,2,4,,0,35,0,0,0,0,0,2,1,13
,2016_54581,39.711124,-105.03249,1/7/2016 11:40,11:40,12,0,0,ALAMEDA & MORRISON ROAD,1,1,0,0,1,1,,0,35,0,0,0,0,0,2,2,13
,2016_54582,39.711137,-105.014783,1/27/2016 15:20,15:20,5,0,0,ALAMEDA AVENUE WEST & YUMA STREET SOUTH,1,1,0,0,3,4,,0,35,0,0,0,0,0,2,1,3
,2016_54583,39.711183,-105.011003,9/24/2016 16:25,16:25,3,0,0,ALAMEDA AVENUE WEST & TEJON STREET SOUTH,1,1,0,0,1,1,,0,35,0,0,0,0,0,2,2,13
,2016_54584,39.711183,-105.008617,7/11/2016 8:34,8:34,10,0,0,ALAMEDA AVENUE WEST & RARITAN STREET SOUTH,1,1,0,0,1,2,,0,35,0,0,0,0,0,2,2,13
,2016_54585,39.711208,-104.998391,6/27/2016 6:47,6:47,1,0,0,ALAMEDA AVENUE WEST & KALAMATH STREET SOUTH,1,1,0,0,1,1,,0,30,0,0,0,0,0,2,2,8
,2016_54586,39.711208,-104.998391,7/2/2016 8:35,8:35,3,0,0,ALAMEDA AVENUE WEST & KALAMATH STREET SOUTH,1,1,1,1,1,1,,0,35,0,0,0,0,0,2,2,13
,2016_54587,39.653088,-104.915178,8/18/2016 14:13,14:13,12,0,0,HAMPDEN AVENUE EAST & LOCUST STREET SOUTH,1,1,0,0,1,1,,0,,0,0,0,0,0,2,2,13
,2016_54588,39.653079,-104.908853,8/29/2016 18:20,18:20,12,0,1,HIGHWAY 30A / HAMPDEN AVENUE & ONEIDA WAY SOUTH,1,1,0,0,1,3,,0,45,0,0,0,0,2,2,2,13
,2016_54589,39.653118,-104.90465,7/20/2016 7:37,7:37,12,0,0,HAMPDEN AVENUE 7100 BLOCK EAST & POPLAR STREET SOUTH,1,1,0,0,1,3,,0,40,0,0,0,0,0,2,2,14
,2016_54590,39.653106,-104.902954,8/10/2016 13:00,13:00,3,0,2,HAMPDEN AVENUE 7200 BLOCK EAST & POPLAR STREET SOUTH,1,1,1,0,1,1,,0,40,0,0,0,0,2,2,2,13
,2016_54591,39.653078,-104.898806,9/4/2016 21:34,21:34,1,0,0,HAMPDEN AVENUE EAST & TAMARAC DRIVE SOUTH,1,3,0,0,1,1,,0,45,0,0,0,0,0,2,2,13
,2016_54592,39.65308,-104.891582,11/17/2016 5:32,5:32,3,0,0,HAMPDEN AVENUE EAST & VERBENA STREET SOUTH,1,3,0,0,1,3,,0,25,0,0,0,0,0,2,2,13
,2016_54593,39.65302,-104.87557,3/14/2016 8:46,8:46,12,0,0,HAMPDEN AVENUE & DAYTON STREET SOUTH,1,1,0,0,1,3,,0,40,0,0,0,0,0,2,2,13
,2016_54594,39.65302,-104.87557,7/29/2016 14:35,14:35,3,0,0,HAMPDEN AVENUE EAST & DAYTON STREET SOUTH,1,1,0,0,1,1,,0,45,0,0,0,0,0,2,3,3
,2016_54595,39.653042,-104.87213,9/28/2016 8:34,8:34,12,0,0,HAMPDEN AVENUE 10000 BLOCK EAST & FLORENCE SOUTH,1,1,0,0,1,4,,0,40,0,0,0,0,0,2,2,14
,2016_54597,39.653541,-104.868354,4/28/2016 13:00,13:00,15,0,0,HAMPDEN AVENUE EAST & GALENA STREET SOUTH,1,1,1,0,1,4,,0,45,0,0,0,0,0,2,2,7
,2016_54598,39.659892,-104.866325,10/20/2016 8:45,8:45,14,0,1,HAVANA STREET 3100 BLOCK SOUTH & DARTMOUTH AVENUE EAST,1,1,0,0,1,4,,0,45,0,0,0,0,2,2,2,13
,2016_54600,39.661279,-104.86629,8/23/2016 7:12,7:12,12,0,0,HAVANA STREET SOUTH & CORNELL AVENUE EAST,1,1,0,0,1,4,,0,45,0,0,0,0,1,2,3,12
,2016_54601,39.66645,-104.866162,7/16/2016 23:20,23:20,3,0,0,HAVANA STREET SOUTH & YALE AVENUE EAST,1,3,1,0,1,1,,0,40,0,0,0,0,0,2,2,1
,2016_54630,39.777347,-104.903418,1/13/2016 7:55,7:55,15,0,0,NORTH NORTHFIELD QUEBEC STREET & I70 EASTBOUND ON RAMP,1,1,0,0,1,1,,0,40,0,0,0,0,0,2,2,13
,2016_54631,39.777347,-104.903418,3/28/2016 21:20,21:20,3,0,0,I70 EASTBOUND OFF RAMP & NORTHFIELD QUEBEC STREET NORTH,1,3,1,0,1,1,,0,45,0,0,0,0,0,2,2,13
,2016_54633,39.784462,-104.899591,4/11/2016 13:38,13:38,12,0,0,QUEBEC STREET NORTH & NORTHFIELD BOULEVARD RAMP OFF FROM,1,1,1,0,1,4,,0,40,0,0,0,0,0,2,3,13
,2016_54634,39.793504,-104.903381,12/2/2016 7:15,7:15,3,0,0,QUEBEC STREET NORTH & 53RD AVENUE EAST,1,1,0,0,1,1,,0,35,0,0,0,0,0,2,2,13
,2016_54683,39.740145,-105.00691,5/4/2016 8:45,8:45,12,0,0,COLFAX AVENUE WEST & OSAGE STREET,1,1,0,0,1,4,,0,35,0,0,0,0,0,2,2,14
,2016_54684,39.740028,-105.002766,10/26/2016 8:17,8:17,14,0,0,COLFAX AVENUE WEST & MARIPOSA STREET,1,1,0,0,1,1,,0,35,0,0,0,0,0,2,2,14
,2016_54685,39.740048,-104.999933,1/27/2016 19:45,19:45,1,0,0,KALAMATH STREET NORTH & COLFAX AVENUE WEST,1,3,0,0,1,1,,0,25,0,0,0,0,0,2,2,8
,2016_54686,39.740048,-104.999933,7/21/2016 13:17,13:17,3,0,0,COLFAX AVENUE WEST & KALAMATH STREET NORTH,1,1,0,0,1,1,,0,35,0,0,0,0,0,2,2,13
,2016_54687,39.740009,-104.99224,9/14/2016 16:41,16:41,12,0,0,COLFAX AVENUE WEST & CHEROKEE STREET NORTH,1,1,0,0,1,4,,0,,0,0,0,0,0,2,4,14
,2016_54688,39.740005,-104.987167,5/20/2016 21:00,21:00,10,0,0,COLFAX AVENUE EAST & BROADWAY NORTH,1,3,0,0,1,1,,0,30,0,0,0,0,0,2,2,13
,2016_54690,39.740049,-104.986167,1/1/2016 12:45,12:45,3,0,0,COLFAX AVENUE EAST & LINCOLN STREET NORTH,1,1,0,0,1,1,,0,35,0,0,0,0,0,2,2,13
,2016_54691,39.740041,-104.983728,1/25/2016 8:29,8:29,12,0,0,COLFAX AVENUE EAST & GRANT STREET NORTH,1,1,0,0,1,1,,0,30,0,0,0,0,0,2,2,13
,2016_54692,39.740041,-104.983728,9/20/2016 12:45,12:45,1,0,0,COLFAX AVENUE EAST & GRANT STREET NORTH,1,1,0,0,1,1,,0,30,0,0,0,0,1,2,2,13
,2016_54693,39.740038,-104.983353,4/21/2016 21:30,21:30,12,0,0,COLFAX AVENUE EAST & GRANT STREET NORTH,1,3,0,0,1,4,,0,30,0,0,0,0,0,2,3,13
,2016_54694,39.740017,-104.980916,1/23/2016 15:22,15:22,15,0,0,COLFAX AVENUE EAST & PENNSYLVANIA STREET NORTH,1,1,0,0,1,4,,0,30,0,0,0,0,0,2,2,5
,2016_54695,39.74,-104.977544,3/15/2016 22:45,22:45,1,0,0,COLFAX AVENUE EAST & CLARKSON STREET NORTH,1,3,0,0,1,1,,0,,0,0,0,0,0,2,2,13
,2016_54696,39.740004,-104.975298,5/6/2016 1:19,1:19,12,0,1,COLFAX AVENUE EAST & OGDEN STREET NORTH,1,3,0,0,1,1,,0,30,0,0,0,0,2,2,2,13
,2016_54698,39.740004,-104.967422,6/5/2016 10:38,10:38,12,0,0,COLFAX AVENUE & GILPIN STREET NORTH,1,1,0,0,1,4,,0,30,0,0,0,0,0,2,2,3
,2016_54699,39.739998,-104.966103,3/27/2016 1:57,1:57,12,0,0,COLFAX AVENUE EAST & WILLIAMS STREET NORTH,1,3,0,0,1,1,,0,30,0,0,0,0,0,2,3,14
,2016_54700,39.740113,-104.958751,8/11/2016 15:34,15:34,12,0,0,JOSEPHINE STREET  & COLFAX AVENUE EAST,1,1,0,0,1,4,,0,30,0,0,0,0,0,2,2,13
,2016_54701,39.740172,-104.953506,6/11/2016 7:45,7:45,6,0,0,EAST COLFAX AVENUE & FILLMORE STREET NORTH,1,1,0,0,1,3,,0,35,0,0,0,0,0,2,2,14
,2016_54702,39.740158,-104.949366,7/24/2016 18:29,18:29,6,0,0,COLFAX AVENUE EAST & STEELE STREET NORTH,1,1,0,0,1,3,,0,40,0,0,0,0,1,2,3,4
,2016_54703,39.740155,-104.948425,11/8/2016 20:36,20:36,6,0,0,COLFAX AVENUE EAST & ADAMS STREET NORTH,1,3,0,0,1,3,,0,30,0,0,0,0,0,2,2,4
,2016_54704,39.74014,-104.943908,2/14/2016 0:20,0:20,12,0,0,COLFAX AVENUE EAST & GARFIELD STREET NORTH,1,3,0,0,1,1,,0,35,0,0,0,0,0,2,2,5
,2016_54705,39.740137,-104.942967,3/7/2016 14:30,14:30,12,0,0,COLFAX AVENUE 3700 BLOCK EAST & JACKSON STREET NORTH,1,1,0,0,1,3,,0,30,0,0,0,0,0,2,2,1
,2016_54706,39.740076,-104.929842,8/2/2016 14:15,14:15,12,0,0,COLFAX AVENUE EAST & ELM STREET,1,1,0,0,1,1,,0,35,0,0,0,0,0,2,2,13
,2016_54707,39.74008,-104.919696,5/2/2016 14:37,14:37,12,0,0,COLFAX AVENUE EAST & IVY STREET NORTH,1,1,0,0,1,4,,0,35,0,0,0,0,0,2,2,3
,2016_54708,39.740082,-104.912367,9/5/2016 9:15,9:15,3,0,0,COLFAX AVENUE EAST & MONACO STREET SOUTH NORTHBOUND,1,1,0,0,1,1,,0,30,0,0,0,0,0,2,2,13
,2016_54710,39.740084,-104.904851,4/27/2016 16:33,16:33,12,0,0,COLFAX AVENUE EAST & POPLAR STREET NORTH,1,1,0,0,1,4,,0,35,0,0,0,0,0,2,2,14
,2016_54711,39.740084,-104.903536,5/22/2016 17:42,17:42,12,0,0,COLFAX AVENUE EAST & QUEBEC STREET NORTH,1,1,0,0,1,2,,0,35,0,0,0,0,0,2,2,8
,2016_54712,39.740085,-104.902408,9/17/2016 19:05,19:05,12,0,0,COLFAX AVENUE EAST & QUINCE STREET NORTH,1,2,0,0,1,4,,0,35,0,0,0,0,0,2,2,3
,2016_54713,39.740086,-104.89057,7/24/2016 22:28,22:28,3,0,0,COLFAX AVENUE EAST & VERBENA STREET NORTH,1,3,0,0,1,1,,0,40,0,0,0,0,0,2,2,2
,2016_54714,39.740087,-104.884746,11/19/2016 2:58,2:58,5,0,0,COLFAX AVENUE 8800 BLOCK EAST & YOSEMITE STREET NORTH,1,3,0,0,2,4,,0,35,0,0,0,0,0,2,1,5
,2016_54783,39.783466,-105.036672,5/4/2016 7:05,7:05,12,0,0,I70 EASTBOUND & LOWELL BOULEVARD NORTH,1,1,0,0,1,4,,0,55,0,0,0,0,0,1,3,1
,2016_54784,39.78378,-105.029588,3/26/2016 19:54,19:54,15,0,0,I70 & FEDERAL BOULEVARD NORTH,1,4,0,0,1,4,,0,55,0,0,0,0,0,1,2,7
,2016_54785,39.784189,-105.023969,3/24/2016 5:30,5:30,12,0,0,I70 & FEDERAL BOULEVARD NORTH,5,4,1,2,1,4,,0,55,0,0,0,0,1,1,7,13
,2016_54786,39.783571,-105.015721,6/25/2016 1:28,1:28,15,0,0,I70 & NORTH FEDERAL BOULEVARD,1,3,0,0,1,4,,0,55,0,0,0,0,0,1,2,2
,2016_54787,39.783251,-105.008056,4/9/2016 1:33,1:33,5,0,1,I70 & PECOS STREET NORTH,1,4,0,0,2,4,,0,55,0,0,0,0,2,1,2,5
,2016_54788,39.783251,-105.008056,11/6/2016 11:44,11:44,5,0,0,I70 & PECOS STREET,1,1,1,0,2,4,,0,55,0,0,0,0,0,1,1,5
,2016_54789,39.783149,-105.006371,2/24/2016 8:00,8:00,12,0,0,I70 & PECOS STREET NORTH,1,1,0,0,1,4,,0,55,0,0,0,0,0,1,2,3
,2016_54790,39.783149,-105.006371,7/12/2016 16:39,16:39,12,0,0,I70 & PECOS STREET,1,1,0,0,1,4,,0,55,0,0,0,0,0,1,2,13
,2016_54791,39.783149,-105.006371,8/18/2016 8:01,8:01,15,0,0,PECOS STREET NORTH ROUNDABOUT & I70 EASTBOUND RAMPS APPROXIMATELY,1,1,1,0,1,6,,0,25,0,0,0,0,0,1,2,13
,2016_54792,39.783208,-105.005571,1/26/2016 10:15,10:15,5,0,0,I70 RAMP OFF & PECOS STREET NORTH,1,1,1,0,2,14,,0,55,0,0,0,0,0,1,3,13
,2016_54795,39.780058,-104.9894,6/27/2016 9:00,9:00,12,0,0,I70 HIGHWAY EASTBOUND  & I25 HIGHWAY INTERCHANGE,1,1,0,0,1,4,,0,45,0,0,0,0,0,1,2,13
,2016_54796,39.779891,-104.988286,5/25/2016 18:00,18:00,12,0,0,I70 WB ON RAMP FROM NORTHBOUND I25 & I25,1,1,0,0,1,14,,0,45,0,0,0,1,1,1,3,13
,2016_54797,39.779782,-104.986944,3/12/2016 12:24,12:24,12,0,0,I70 & I25,1,1,0,0,1,4,,0,55,0,0,0,0,0,1,2,7
,2016_54798,39.779441,-104.979019,9/20/2016 17:34,17:34,12,0,0,I70 EASTBOUND RAMP OFF & WASHINGTON STREET NORTH APPROXIMATELY,1,1,0,0,1,14,,0,40,0,0,0,0,0,1,2,13
,2016_54799,39.779978,-104.965263,8/16/2016 17:26,17:26,12,0,0,I70 & BRIGHTON BOULEVARD,1,1,0,0,1,4,,0,55,0,0,0,0,1,1,2,1
,2016_54800,39.780012,-104.959789,1/2/2016 11:50,11:50,15,0,0,YORK STREET 4600 BLOCK NORTH & STEAVENSON PLACE,1,1,0,0,1,1,,0,30,0,0,0,0,0,1,2,13
,2016_54801,39.775605,-104.865465,12/17/2016 19:40,19:40,12,0,0,I70 & HAVANA STREET,4,3,1,0,1,4,,0,55,0,0,0,0,0,1,2,13
,2016_54802,39.780016,-104.954159,6/28/2016 19:22,19:22,12,0,1,I70 VIADUCT & CLAYTON STREET NORTH,2,1,0,1,1,4,,0,55,0,0,0,0,2,1,2,13
,2016_54803,39.780016,-104.953188,1/31/2016 18:44,18:44,5,0,0,I70 WB & VASQUEZ BOULEVARD,5,3,1,2,3,4,,0,55,0,0,0,0,0,1,1,14
,2016_54804,39.78001,-104.951852,5/6/2016 12:54,12:54,12,0,0,I70 EASTBOUND OFF RAMP & GORE POINT TO STEELE STREET,1,1,0,0,1,14,,0,45,0,0,0,0,0,1,2,13
,2016_54805,39.780006,-104.951092,10/25/2016 9:30,9:30,12,0,0,I70 & STEELE STREET INTERCHANGE,1,1,0,0,1,4,,0,20,0,0,0,0,0,1,2,13
,2016_54806,39.77997,-104.945009,12/12/2016 9:30,9:30,12,0,0,I70 & COLORADO BOULEVARD,1,1,1,0,1,4,,0,55,0,0,0,0,1,1,2,1
,2016_54807,39.779967,-104.944439,5/18/2016 19:52,19:52,15,0,0,I70 EASTBOUND & COLORADO BOULEVARD NORTH,1,1,0,0,1,4,,0,55,0,0,0,0,0,1,2,13
,2016_54808,39.779944,-104.940603,2/24/2016 18:05,18:05,12,0,0,I70 & COLORADO BOULEVARD NORTH,1,1,0,0,1,4,,0,55,0,0,0,0,0,1,2,1
,2016_54809,39.780032,-104.931784,7/7/2016 7:46,7:46,12,0,0,I70 & DAHLIA STREET,1,1,0,0,1,4,,0,55,0,0,0,0,0,1,3,13
,2016_54810,39.778341,-104.92238,3/27/2016 10:57,10:57,12,0,0,I70 & HOLLY STREET NORTH,1,1,0,0,1,4,,0,55,0,0,0,0,0,1,3,1
,2016_54811,39.778341,-104.92238,8/25/2016 9:31,9:31,12,0,0,I70 & HOLLY STREET NORTH,1,1,0,0,1,4,,0,65,0,0,0,0,0,1,3,13
,2016_54813,39.778288,-104.913478,5/7/2016 13:22,13:22,12,0,0,I70 WB & MONACO STREET,2,1,0,1,1,4,,0,55,0,0,0,0,0,1,2,1
,2016_54814,39.778289,-104.912566,8/12/2016 8:06,8:06,12,0,1,I70 & MONACO STREET NORTH,1,1,0,0,1,4,,0,55,0,0,0,0,2,1,4,1
,2016_54815,39.778289,-104.912202,12/21/2016 18:20,18:20,12,0,0,COLORADO BOULEVARD NORTH & I70 HIGHWAY EASTBOUND,1,3,0,0,1,4,,0,65,0,0,0,0,0,1,2,1
,2016_54816,39.778294,-104.905276,8/12/2016 13:58,13:58,12,0,0,I70 & QUEBEC STREET,1,1,1,0,1,4,,0,55,0,0,0,0,0,1,3,3
,2016_54817,39.778295,-104.904183,4/1/2016 13:46,13:46,15,0,0,I70 WB ON RAMP & QUEBEC STREET,1,1,0,0,1,14,,0,30,0,0,0,0,0,1,2,13
,2016_54818,39.778295,-104.903454,5/23/2016 8:15,8:15,12,0,1,I70 WB & QUEBEC STREET NORTH,1,1,0,0,1,4,,0,55,0,0,0,0,2,1,4,1
,2016_54819,39.778295,-104.903454,6/6/2016 7:04,7:04,12,0,0,I70 WB & QUEBEC STREET NORTH,1,1,0,0,1,4,,0,55,0,0,0,0,0,1,2,13
,2016_54820,39.778295,-104.903454,9/9/2016 10:13,10:13,12,0,0,I70 & QUEBEC STREET NORTH,1,1,0,0,1,4,,0,55,0,0,0,0,0,1,2,1
,2016_54822,39.778295,-104.903454,10/14/2016 17:43,17:43,12,0,0,I70 & NORTHFIELD QUEBEC STREET,1,1,0,0,1,4,,0,55,0,0,0,1,0,1,2,13
,2016_54823,39.778295,-104.903454,11/3/2016 9:29,9:29,12,0,0,I70 & QUEBEC STREET,1,1,1,0,1,4,,0,55,0,0,0,0,0,1,3,13
,2016_54824,39.778298,-104.899809,2/29/2016 21:51,21:51,15,0,0,I70 & MM 279A APPROXIMATELY,1,3,1,0,1,4,,0,55,0,0,0,0,0,1,2,13
,2016_54825,39.778296,-104.897821,5/6/2016 17:12,17:12,15,0,0,I70 WB & I270 EASTBOUND DIR CONNECT,1,1,0,0,1,4,,0,55,0,0,0,0,0,1,2,13
,2016_54826,39.778021,-104.893162,9/27/2016 17:45,17:45,12,0,0,I70 & CENTRAL PARK BOULEVARD NORTH,1,2,0,0,1,4,,0,55,0,0,0,0,0,1,2,13
,2016_54827,39.777914,-104.891874,1/22/2016 18:21,18:21,12,0,0,I70 & I270 EASTBOUND FYOVER,1,3,0,0,1,4,,0,55,0,0,0,0,0,1,2,13
,2016_54828,39.77786,-104.891231,11/6/2016 16:40,16:40,12,0,0,I70 & CENTRAL PARK BOULEVARD NORTH,1,1,0,0,1,4,,0,55,0,0,0,0,0,1,2,14
,2016_54829,39.776706,-104.878237,1/13/2016 6:25,6:25,12,0,0,I70 & CENTRAL PARK BOULEVARD,1,2,0,0,1,4,,0,55,0,0,0,0,0,1,3,16
,2016_54830,39.775573,-104.865095,1/15/2016 8:39,8:39,12,0,0,I70 & HAVANA STREET NORTH,1,1,0,0,1,1,,0,45,0,0,0,0,0,1,2,1
,2016_54832,39.775176,-104.860473,2/11/2016 6:50,6:50,12,0,0,I70 EASTBOUND & ON RAMP GORE POINT FROM HAVANA STREET NORTH,1,1,0,0,1,4,,0,55,0,0,0,0,0,1,2,1
,2016_54833,39.774794,-104.856036,4/8/2016 17:30,17:30,12,0,0,I70 & PEORIA STREET NORTH,1,1,0,0,1,4,,0,55,0,0,0,0,1,1,2,13
,2016_54834,39.774492,-104.852524,5/8/2016 16:00,16:00,12,0,0,I70 WB & MM 281,2,1,0,1,1,4,,0,55,0,0,0,0,0,1,3,1
,2016_54835,39.773999,-104.846793,3/24/2016 7:55,7:55,3,0,0,PEORIA STREET NORTH & I70 EASTBOUND OFF RAMP,2,1,0,0,1,1,,0,15,0,0,0,0,0,1,2,13
,2016_54836,39.773983,-104.846608,5/17/2016 6:50,6:50,12,0,0,I70 WB OFF RAMP & PEORIA STREET NORTHBOUND,2,1,1,1,1,14,,0,30,0,0,0,0,0,1,2,14
,2016_54893,39.678585,-104.993278,12/31/2016 19:30,19:30,5,0,0,SANTA FE DRIVE 2000 BLOCK SOUTH & EVANS AVENUE WEST,1,3,0,0,3,4,,0,60,0,0,0,0,0,2,1,14
,2016_54900,39.67476,-104.870723,1/1/2016 17:13,17:13,12,0,0,ILIFF AVENUE EAST & PARKER ROAD SOUTH,1,3,0,0,1,1,,0,35,0,0,0,0,0,2,2,3
,2016_54902,39.69847,-104.991796,9/23/2016 17:30,17:30,5,0,0,PLATTE RIVER DRIVE SOUTH NEW CONFIG & TENNESSEE AVENUE WEST,1,1,0,0,3,4,,0,40,0,0,0,0,0,2,1,10
,2016_54904,39.697807,-104.901478,6/17/2016 18:10,18:10,12,0,0,LEETSDALE DRIVE 7100 BLOCK & QUEBEC STREET SOUTH,1,1,0,0,1,4,,0,40,0,0,0,0,0,2,3,13
,2016_54905,39.69805,-104.902136,7/22/2016 18:40,18:40,1,0,0,PARKER ROAD 1000 BLOCK SOUTH & QUINCE STREET SOUTH,1,1,1,0,1,1,,0,30,0,0,0,0,1,2,3,13
,2016_54906,39.705703,-104.91816,9/3/2016 15:15,15:15,3,0,0,HOLLY STREET SOUTH & LEETSDALE DRIVE,1,1,0,0,1,2,,0,5,0,0,0,0,0,2,2,13
,2016_54909,39.7112,-104.936323,10/4/2016 12:49,12:49,10,0,0,ALAMEDA AVENUE & LEETSDALE DRIVE,1,1,0,0,1,3,,0,35,0,0,0,0,0,2,2,13
,2016_54924,39.687565,-104.99194,4/26/2016 16:35,16:35,12,0,0,SANTA FE DRIVE 1500 BLOCK SOUTH & IOWA AVENUE WEST,1,1,0,0,1,3,,0,45,0,0,0,0,1,2,3,13
,2016_54925,39.694871,-104.992454,3/30/2016 9:50,9:50,15,0,0,SANTA FE & 1100 BLOCK SOUTH,1,1,0,0,1,4,,0,45,0,0,0,0,0,2,2,13
,2016_54926,39.696679,-104.991877,2/17/2016 7:45,7:45,12,0,0,SANTE FE DRIVE & MISSISSIPPI AVENUE WEST,1,1,0,0,1,3,,0,45,0,0,0,0,0,2,2,1