id,drcog_id,latitude,longitude,crashtime,time,crashtype,numbkilled,numbinjurd,drcoglocat,rdconditin,lightngcon,roadcntgrd,weatherco,location,roaddescrp,schoolzone,constrzone,splimit,bikeinv,pedinv,sctrinv,motoinv,svrty,rdsystem,ttlvehcls,hcf
,2016_54928,39.696679,-104.991877,6/10/2016 18:06,18:06,15,0,0,MISSISSIPPI AVENUE WEST & SANTA FE DRIVE SOUTH,1,1,0,0,1,1,,0,35,0,0,0,0,0,2,2,3
,2016_54929,39.697414,-104.991763,11/9/2016 18:00,18:00,10,0,0,SANTA FE DRIVE SOUTH & MISSISSIPPI AVENUE WEST,1,3,0,0,1,4,,0,30,0,0,0,0,0,2,2,8
,2016_54930,39.707975,-104.996262,4/6/2016 8:30,8:30,15,0,0,SANTE FE DRIVE 400 BLOCK SOUTH & I25 NORTHBOUND OFF RAMP COLLECTOR APPROXIMATELY,1,1,0,0,1,4,,1,25,0,0,0,0,0,2,2,1
,2016_54943,39.740394,-105.025313,10/24/2016 22:06,22:06,15,0,0,FEDERAL BOULEVARD NORTH & COLFAX AVENUE WEST,1,3,2,0,1,3,,0,35,0,0,0,0,0,2,2,13
,2016_54944,39.737983,-105.025273,4/22/2016 4:53,4:53,12,0,0,FEDERAL BOULEVARD NORTH & HOWARD PLACE WEST,1,3,0,0,1,1,,0,35,0,0,0,1,1,2,2,13
,2016_54945,39.737983,-105.025273,10/17/2016 8:35,8:35,15,0,0,FEDERAL BOULEVARD NORTH & HOWARD PLACE WEST,1,1,0,0,1,1,,0,35,0,0,0,0,0,2,2,14
,2016_54946,39.711104,-105.025094,3/23/2016 23:50,23:50,3,0,0,FEDERAL BOULEVARD SOUTH & ALAMEDA AVENUE WEST,5,3,1,0,1,1,,0,35,0,0,0,0,1,2,2,13
,2016_54947,39.705748,-105.025086,6/28/2016 13:41,13:41,3,0,0,FEDERAL BOULEVARD SOUTH & CENTER AVENUE WEST,1,1,0,0,1,1,,0,25,0,0,0,0,0,2,2,7
,2016_54948,39.70416,-105.025089,2/23/2016 8:20,8:20,12,0,0,FEDERAL BOULEVARD SOUTH & EXPOSITION AVENUE WEST,2,1,0,0,1,4,,0,35,0,0,0,0,0,2,2,13
,2016_54950,39.704019,-105.02509,9/7/2016 11:35,11:35,3,0,0,HIGHWAY 88A / FEDERAL BOULEVARD SOUTH & EXPOSITION AVENUE WEST,1,1,0,0,1,1,,0,35,0,0,0,0,0,2,2,13
,2016_54951,39.696718,-105.025071,3/24/2016 8:13,8:13,3,0,0,MISSISSIPPI AVENUE WEST & FEDERAL BOULEVARD SOUTH,2,1,0,0,1,1,,0,30,0,0,0,0,0,2,2,7
,2016_54952,39.694802,-105.025063,3/6/2016 20:48,20:48,12,0,0,FEDERAL BOULEVARD & 1200 BLOCK SOUTH,1,3,0,0,1,3,,0,40,0,0,0,0,0,2,2,3
,2016_54953,39.694654,-105.025063,4/10/2016 21:00,21:00,12,0,2,FEDERAL BOULEVARD SOUTH & ARIZONA AVENUE WEST,2,3,0,1,1,4,,0,40,0,0,0,0,2,2,2,1
,2016_54955,39.694507,-105.025062,7/24/2016 11:33,11:33,12,0,0,FEDERAL BOULEVARD SOUTH & ARIZONA AVENUE WEST,1,1,0,0,1,4,,0,40,0,0,0,0,0,2,2,13
,2016_54956,39.693033,-105.025057,2/12/2016 23:40,23:40,10,0,0,FEDERAL BOULEVARD SOUTH & LOUISIANA AVENUE WEST,1,3,0,0,1,1,,0,,0,0,0,0,0,2,2,1
,2016_54958,39.692443,-105.025054,9/20/2016 9:25,9:25,12,0,0,FEDERAL BOULEVARD NORTH & LOUISIANA AVENUE WEST,1,1,0,0,1,4,,0,40,0,0,0,0,0,2,2,3
,2016_54959,39.690969,-105.025049,4/18/2016 8:40,8:40,12,0,0,FEDERAL BOULEVARD 1400 BLOCK SOUTH & ARKANSAS AVENUE WEST,7,1,0,0,1,4,,0,40,0,0,0,0,1,2,2,13
,2016_54960,39.689495,-105.025043,1/9/2016 12:29,12:29,12,0,0,FEDERAL BOULEVARD SOUTH & FLORIDA AVENUE WEST,1,1,0,0,1,1,,0,35,0,0,0,0,0,2,2,1
,2016_54961,39.689495,-105.025043,2/3/2016 16:27,16:27,12,0,0,FEDERAL BOULEVARD SOUTH & FLORIDA AVENUE WEST,1,3,0,0,1,3,,0,35,0,0,0,0,0,2,2,7
,2016_54962,39.684925,-105.025026,3/31/2016 10:18,10:18,3,0,0,FEDERAL BOULEVARD SOUTH & COLORADO AVENUE WEST,2,1,0,2,1,1,,0,35,0,0,0,0,0,2,2,6
,2016_54963,39.684925,-105.025026,4/18/2016 16:20,16:20,12,0,0,FEDERAL BOULEVARD SOUTH & 1800 BLOCK SOUTH,1,1,0,0,1,4,,0,40,0,0,0,0,1,2,2,7
,2016_54964,39.68404,-105.025022,6/12/2016 17:54,17:54,12,0,0,FEDERAL BOULEVARD & COLORADO AVENUE WEST,1,1,0,0,1,3,,0,40,0,0,0,0,1,2,4,3
,2016_54965,39.682275,-105.025016,5/5/2016 21:35,21:35,1,0,0,FEDERAL BOULEVARD SOUTH & JEWELL AVENUE WEST,1,3,0,0,1,1,,0,30,0,0,0,0,0,2,2,7
,2016_54967,39.682275,-105.025016,9/19/2016 7:20,7:20,1,0,0,FEDERAL BOULEVARD SOUTH & JEWELL AVENUE WEST,1,1,1,0,1,1,,0,40,0,0,0,0,1,2,3,7
,2016_54968,39.68198,-105.025017,7/27/2016 17:15,17:15,1,0,0,FEDERAL BOULEVARD SOUTH & JEWELL AVENUE WEST,1,1,0,0,1,2,,0,35,0,0,0,0,0,2,2,1
,2016_54969,39.681543,-105.02502,9/13/2016 16:53,16:53,1,0,0,FEDERAL BOULEVARD SOUTH & JEWELL AVENUE WEST,2,1,0,0,1,2,,0,35,0,0,0,0,0,2,2,2
,2016_54970,39.667744,-105.025111,1/16/2016 21:06,21:06,3,0,0,FEDERAL BOULEVARD SOUTH & YALE AVENUE WEST,1,3,0,0,1,1,,0,40,0,0,0,0,0,2,2,14
,2016_54971,39.661197,-105.025161,2/11/2016 16:54,16:54,1,0,0,DARTMOUTH AVENUE WEST & FEDERAL BOULEVARD SOUTH,1,2,1,0,1,2,,0,35,0,0,0,0,0,2,2,12
,2016_55000,39.651763,-105.052959,3/18/2016 7:55,7:55,12,0,0,HAMPDEN AVENUE WEST & SHERIDAN BOULEVARD SOUTH,5,1,1,2,1,1,,0,25,0,0,0,0,1,2,2,1
,2016_55001,39.655305,-105.05321,7/29/2016 17:25,17:25,1,0,1,SHERIDAN BOULEVARD SOUTH & DARTMOUTH AVENUE WEST,1,1,0,0,1,1,,0,35,0,0,0,0,2,2,2,15
,2016_55004,39.679091,-105.053268,5/7/2016 16:05,16:05,15,0,0,SHERIDAN BOULEVARD & EVANS AVENUE,1,1,0,0,1,1,,0,40,0,0,0,0,0,2,2,14
,2016_55006,39.679091,-105.053268,8/20/2016 18:50,18:50,3,0,0,SHERIDAN BOULEVARD SOUTH & EVANS AVENUE WEST,1,1,0,0,1,1,,0,40,0,0,0,0,0,2,2,15
,2016_55010,39.733188,-105.053221,10/30/2016 14:02,14:02,12,0,0,SHERIDAN BOULEVARD NORTH & 10TH AVENUE WEST,1,1,0,0,1,4,,0,45,0,0,0,0,0,2,3,13
,2016_55012,39.772969,-105.053235,11/19/2016 16:16,16:16,3,0,0,SHERIDAN BOULEVARD NORTH & 41ST AVENUE WEST,1,1,0,0,1,1,,0,35,0,0,0,0,0,2,2,6
,2016_55013,39.774719,-105.053242,8/8/2016 15:50,15:50,15,0,0,SHERIDAN BOULEVARD & 4300 BLOCK NORTH,1,1,1,0,1,4,,0,35,0,0,0,0,0,2,2,13
,2016_55048,39.617864,-105.091113,5/12/2016 10:33,10:33,12,0,0,WADSWORTH BOULEVARD SOUTH & CRESTLINE AVENUE WEST,1,1,0,0,1,3,,0,45,0,0,0,0,0,2,3,3
,2016_55130,39.639304,-104.885042,10/21/2016 10:09,10:09,15,0,0,I225 SOUTHBOUND OFF RAMP & YOSEMITE STREET,1,1,0,0,1,14,,0,30,0,0,0,0,0,1,2,3
,2016_55140,39.629871,-104.904931,3/18/2016 2:05,2:05,15,0,0,I225 NORTHBOUND ON RAMP FLYOVER FROM SOUTHBOUND & I25,5,3,1,2,1,14,,0,55,0,0,0,0,0,1,2,7
,2016_55141,39.630948,-104.905088,9/14/2016 19:35,19:35,12,0,1,I225 SOUTHBOUND RAMP TO & I25,1,3,1,0,1,14,,0,55,0,0,0,0,2,1,2,5
,2016_55142,39.635355,-104.894268,11/14/2016 7:55,7:55,12,0,0,I225 SOUTHBOUND ON RAMP & TAMARAC STREET,1,1,0,0,1,14,,0,55,0,0,0,0,0,1,2,3
,2016_55143,39.635522,-104.893462,1/19/2016 18:15,18:15,1,0,0,TAMARAC STREET SOUTH & I225,1,3,0,0,1,1,,0,35,0,0,0,0,0,1,2,3
,2016_55144,39.639223,-104.885207,12/6/2016 7:52,7:52,12,0,0,I225 SOUTHBOUND ON RAMP & YOSEMITE STREET,1,1,0,0,1,1,,0,35,0,0,0,0,1,1,2,13
,2016_55145,39.639223,-104.885207,12/17/2016 23:28,23:28,1,0,0,YOSEMITE STREET & I225 NORTHBOUND OFF RAMP,4,3,0,0,1,1,,0,35,0,0,0,0,0,1,2,13
,2016_55146,39.639385,-104.884877,11/25/2016 15:43,15:43,12,0,0,I225 & YOSEMITE STREET,1,1,0,0,1,4,,0,55,0,0,0,0,0,1,2,14
,2016_55147,39.639708,-104.884217,3/15/2016 12:48,12:48,12,0,0,I225 SOUTHBOUND OFF RAMP & YOSEMITE STREET SOUTH,1,1,1,0,1,14,,0,35,0,0,0,0,1,1,2,13
,2016_55148,39.640267,-104.883081,5/4/2016 17:00,17:00,15,0,0,I225 SOUTHBOUND & YOSEMITE STREET SOUTH OVER PASS,1,1,0,0,1,4,,0,55,0,0,0,0,0,1,2,13
,2016_55182,39.779661,-104.967133,7/14/2016 12:34,12:34,1,0,0,BRIGHTON BOULEVARD NORTH & I70 EASTBOUND ON RAMP,1,1,0,0,1,1,,0,35,0,0,0,0,0,2,2,1
,2016_55183,39.780781,-104.966774,2/25/2016 14:43,14:43,1,0,0,BRIGHTON BOULEVARD & 46TH AVENUE EAST,1,1,0,0,1,1,,0,35,0,0,0,0,0,2,2,13
,2016_55188,39.775397,-105.025229,2/3/2016 2:29,2:29,5,0,0,FEDERAL BOULEVARD & 43RD AVENUE WEST,4,3,0,0,3,1,,0,35,0,0,0,0,0,2,1,14
,2016_55192,39.782797,-104.900751,8/18/2016 17:30,17:30,15,0,0,I270 & QUEBEC STREET NORTH APPROXIMATELY,1,1,0,0,1,4,,0,55,0,0,0,0,0,1,2,14
,2016_55197,39.653151,-105.054848,12/13/2016 20:45,20:45,15,0,0,HAMPDEN AVENUE & SHERIDAN BOULEVARD SOUTH,1,3,0,0,1,3,,0,55,0,0,0,0,0,2,2,13
,2016_55198,39.65315,-105.054088,1/22/2016 9:46,9:46,5,0,0,HIGHWAY 285 5500 BLOCK WEST & SHERIDAN BOULEVARD WB ENTRANCE GORE POINT,1,1,1,0,3,4,,0,55,0,0,0,0,0,2,1,7
,2016_55199,39.65315,-105.053708,12/23/2016 6:31,6:31,15,0,1,HIGHWAY 285 & MM 256.5,1,2,0,0,1,4,,0,65,0,0,0,0,2,2,2,1
,2016_55200,39.653155,-105.052775,12/22/2016 13:53,13:53,12,0,0,HAMPDEN AVENUE WB OFF SLIP RAMP END & SHERIDAN BOULEVARD SOUTH,1,1,1,0,1,14,,0,45,0,0,0,0,0,2,2,13
,2016_55215,39.65298,-104.929051,3/18/2016 7:20,7:20,3,0,0,HAMPDEN AVENUE 5000 BLOCK EAST & ELM STREET,5,1,2,2,1,2,,0,10,0,0,0,0,0,2,2,13
,2016_55216,39.65298,-104.926975,12/30/2016 14:17,14:17,3,0,0,HAMPDEN AVENUE EAST & FOREST STREET SOUTH,1,1,1,0,1,1,,0,25,0,0,0,0,0,2,2,14
,2016_55217,39.652979,-104.922825,4/21/2016 14:44,14:44,12,0,0,HAMPDEN AVENUE EAST & HOLLY STREET SOUTH,1,1,0,0,1,3,,0,35,0,0,0,0,0,2,2,13
,2016_55218,39.652979,-104.921693,4/14/2016 13:35,13:35,12,0,0,HAMPDEN AVENUE 5600 BLOCK EAST & IVANHOE STREET SOUTH,1,1,1,0,1,3,,0,40,0,0,0,0,0,2,2,13
,2016_55219,39.743585,-105.025218,8/24/2016 11:29,11:29,15,0,0,FEDERAL BOULEVARD & 17TH AVENUE WEST,2,1,0,1,1,4,,0,35,0,0,0,0,0,2,3,14
,2016_55220,39.743865,-105.02522,2/28/2016 20:00,20:00,3,0,0,17TH AVENUE WEST & FEDERAL BOULEVARD NORTH,1,1,0,0,1,1,,0,35,0,0,0,0,1,2,2,5
,2016_55221,39.754264,-105.025129,1/24/2016 12:15,12:15,12,0,0,FEDERAL BOULEVARD NORTH & 26TH AVENUE WEST,1,1,0,0,1,3,,0,35,0,0,0,0,1,2,2,16
,2016_55222,39.75854,-105.025143,3/23/2016 17:02,17:02,3,0,1,WEST 29TH AVENUE & NORTH FEDERAL BOULEVARD,5,1,1,2,1,1,,0,30,0,0,0,0,2,2,2,13
,2016_55223,39.76025,-105.025149,9/15/2016 9:14,9:14,15,0,0,FEDERAL BOULEVARD NORTH & SPEER BOULEVARD,1,1,0,0,1,3,,0,35,0,0,0,0,0,2,2,14
,2016_55224,39.761248,-105.025152,12/6/2016 8:01,8:01,15,0,0,FEDERAL BOULEVARD NORTH & DOUGLAS PLACE,1,1,0,0,1,4,,0,5,0,0,0,0,0,2,2,14
,2016_55225,39.76196,-105.025155,10/3/2016 18:10,18:10,15,0,0,32ND AVENUE WEST & FEDERAL BOULEVARD NORTH,1,1,0,0,1,4,,0,30,0,0,0,0,0,2,2,13
,2016_55226,39.763956,-105.025161,4/25/2016 16:24,16:24,12,0,0,FEDERAL BOULEVARD & 3300 BLOCK NORTH,1,1,1,0,1,4,,0,35,0,0,0,0,1,2,2,13
,2016_55227,39.764811,-105.025164,12/3/2016 12:35,12:35,12,0,0,FEDERAL BOULEVARD NORTH & 34TH AVENUE WEST,1,1,0,0,1,4,,0,35,0,0,0,0,0,2,2,13
,2016_55228,39.780267,-105.025226,8/27/2016 17:20,17:20,3,0,1,FEDERAL BOULEVARD NORTH & WEST 46TH AVENUE,1,1,0,0,1,1,,0,35,0,0,0,0,2,2,2,7
,2016_55229,39.787282,-105.025218,6/9/2016 18:45,18:45,12,0,0,FEDERAL BOULEVARD & 50TH AVENUE WEST,1,2,0,0,1,4,,0,35,0,0,0,0,0,2,2,13
,2016_55230,39.78984,-105.025193,6/29/2016 19:00,19:00,12,0,0,FEDERAL BOULEVARD NORTH & 52ND AVENUE WEST,1,1,0,0,1,4,,0,35,0,0,0,0,0,2,2,13
,2016_55300,39.843409,-104.746749,12/22/2016 14:41,14:41,12,0,0,E470 & PENA BOULEVARD SOUTHBOUND OFF RAMP,1,1,0,0,1,4,,0,25,0,0,0,0,0,2,2,8
,2016_55309,39.667966,-104.940606,11/19/2016 16:48,16:48,12,0,0,YALE AVENUE EAST  & COLORADO BOULEVARD SOUTH,5,1,0,0,1,1,,0,30,0,0,0,0,0,2,2,13
,2016_55310,39.676733,-104.940633,3/25/2016 14:54,14:54,3,0,0,WARREN AVENUE EAST & COLORADO BOULEVARD SOUTH,1,1,0,0,1,1,,0,25,0,0,0,0,1,2,2,14
,2016_55311,39.676733,-104.940633,4/6/2016 12:11,12:11,3,0,0,WARREN AVENUE EAST & COLORADO BOULEVARD SOUTH,1,1,0,0,1,1,,0,25,0,0,0,0,0,2,2,14
,2016_55312,39.67843,-104.940638,2/5/2016 6:26,6:26,15,0,0,EVANS AVENUE EAST & COLORADO BOULEVARD SOUTH,9,3,0,0,1,3,,0,30,0,0,0,0,0,2,2,1
,2016_55313,39.67843,-104.940638,5/29/2016 9:37,9:37,12,0,0,COLORADO BOULEVARD SOUTH & EVANS AVENUE EAST,1,1,0,0,1,3,,0,35,0,0,0,0,0,2,2,13
,2016_55314,39.689119,-104.940546,9/22/2016 17:05,17:05,12,0,0,COLORADO BOULEVARD & FLORIDA AVENUE EAST APPROXIMATELY,1,1,0,0,1,3,,0,35,0,0,0,0,0,2,2,13
,2016_55315,39.694646,-104.94055,4/21/2016 12:34,12:34,12,0,0,COLORADO BOULEVARD SOUTH & ARIZONA AVENUE EAST,1,1,1,0,1,4,,0,40,0,0,0,0,1,2,3,12
,2016_55316,39.69659,-104.940565,3/24/2016 8:32,8:32,3,0,0,MISSISSIPPI AVENUE EAST & COLORADO BOULEVARD SOUTH,4,1,0,0,1,1,,0,35,0,0,0,0,0,2,2,13
,2016_55320,39.727105,-104.940606,1/31/2016 13:41,13:41,12,0,0,COLORADO BOULEVARD & SEVENTH AVENUE,1,1,0,0,1,4,,0,35,0,0,0,0,0,2,2,14
,2016_55323,39.713244,-104.940611,10/15/2016 14:42,14:42,3,0,0,COLORADO BOULEVARD SOUTH & ALAMEDA AVENUE EAST,1,1,0,0,1,1,,0,35,0,0,0,0,0,2,2,13
,2016_55324,39.7166,-104.94061,5/25/2016 18:30,18:30,3,0,0,COLORADO BOULEVARD SOUTH & LEETSDALE,1,1,1,0,1,1,,0,35,0,0,0,0,0,2,2,13
,2016_55325,39.717767,-104.940609,6/8/2016 9:05,9:05,12,0,0,COLORADO BOULEVARD SOUTH & ELLSWORTH AVENUE EAST,1,1,1,0,1,3,,0,35,0,0,0,0,0,2,2,13
,2016_55326,39.719518,-104.940609,4/25/2016 7:15,7:15,15,0,0,COLORADO BOULEVARD NORTH & FIRST AVENUE EAST,1,1,1,0,1,3,,0,35,0,0,0,0,0,2,2,1
,2016_55327,39.719664,-104.940609,9/2/2016 9:52,9:52,1,0,0,COLORADO BOULEVARD NORTH & FIRST AVENUE EAST,1,1,1,0,1,1,,0,35,0,0,0,0,1,2,2,13
,2016_55328,39.725062,-104.940607,3/25/2016 6:53,6:53,15,0,0,COLORADO BOULEVARD 400 BLOCK NORTH & FIFTH AVENUE EAST,5,1,1,0,1,4,,0,40,0,0,0,0,0,2,3,13
,2016_55329,39.725062,-104.940607,4/5/2016 8:02,8:02,12,0,0,COLORADO BOULEVARD NORTH & FIFTH AVENUE EAST,1,1,0,0,1,1,,0,35,0,0,0,0,0,2,3,3
,2016_55330,39.725646,-104.940607,11/25/2016 12:24,12:24,15,0,0,COLORADO BOULEVARD NORTH & SIXTH AVENUE EAST,1,1,0,0,1,4,,0,30,0,0,0,0,0,2,33,13
,2016_55331,39.726521,-104.940606,9/28/2016 16:14,16:14,12,0,0,COLORADO BOULEVARD 700 BLOCK NORTH & SEVENTH AVENUE EAST,1,1,0,0,1,4,,0,35,0,0,0,0,0,2,2,13
,2016_55332,39.726959,-104.940606,9/19/2016 7:50,7:50,12,0,0,COLORADO BOULEVARD & SEVENTH AVENUE EAST,1,1,0,0,1,3,,0,35,0,0,0,0,0,2,2,7
,2016_55333,39.730607,-104.940605,6/4/2016 15:50,15:50,15,0,0,COLORADO BOULEVARD NORTH & NINTH AVENUE EAST,1,1,0,0,1,1,,0,30,0,0,0,0,0,2,2,13
,2016_55334,39.736881,-104.940602,3/8/2016 8:15,8:15,15,0,0,COLORADO BOULEVARD NORTH & 1300 BLOCK NORTH,1,1,0,0,1,4,,0,35,0,0,0,0,0,2,2,7
,2016_55335,39.73834,-104.940602,7/21/2016 11:33,11:33,12,0,0,COLORADO BOULEVARD 1300 BLOCK NORTH & 14TH AVENUE EAST,1,1,0,0,1,4,,0,35,0,0,0,0,1,2,2,14
,2016_55336,39.741258,-104.940601,6/10/2016 11:45,11:45,15,0,0,COLORADO BOULEVARD NORTH & COLFAX AVENUE EAST,1,1,0,0,1,4,,0,35,0,0,0,0,0,2,3,3
,2016_55337,39.743592,-104.9406,12/14/2016 17:39,17:39,3,0,0,17TH AVENUE EAST & COLORADO BOULEVARD NORTH,1,3,0,0,1,1,,0,30,0,0,0,0,0,2,2,3
,2016_55339,39.754511,-104.940546,5/17/2016 2:39,2:39,12,0,0,COLORADO BOULEVARD NORTH & 26TH AVENUE EAST,2,3,0,1,1,1,,0,35,0,0,0,0,0,2,3,5
,2016_55340,39.761914,-104.940511,2/17/2016 19:26,19:26,1,0,0,COLORADO BOULEVARD & MLK BOULEVARD EAST,1,3,0,0,1,1,,0,30,0,0,0,0,0,2,2,14
,2016_55341,39.761914,-104.940511,5/12/2016 21:13,21:13,1,0,0,COLORADO BOULEVARD NORTH & MLK BOULEVARD EAST,1,3,0,0,1,1,,0,35,0,0,0,0,0,2,2,7
,2016_55343,39.764528,-104.940501,7/3/2016 1:26,1:26,1,0,0,COLORADO BOULEVARD NORTH & BRUCE RANDOLPH AVENUE EAST,1,3,0,0,1,1,,0,30,0,0,0,0,0,2,2,7
,2016_55344,39.764528,-104.940501,12/21/2016 17:22,17:22,12,0,0,BRUCE RANDOLPH AVENUE EAST & COLORADO BOULEVARD NORTH,2,1,0,0,1,1,,0,35,0,0,0,0,0,2,2,13
,2016_55346,39.780009,-104.940505,4/5/2016 9:20,9:20,15,0,0,COLORADO BOULEVARD NORTH & I70,1,1,1,0,1,4,,0,40,0,0,0,0,0,2,2,13
,2016_55347,39.7849,-104.94044,7/26/2016 16:50,16:50,12,0,0,COLORADO BOULEVARD NORTH  & 48TH AVENUE EAST,1,1,0,0,1,4,,0,40,0,0,0,0,0,2,2,13
,2016_55348,39.787192,-104.94041,8/29/2016 11:20,11:20,15,0,0,HIGHWAY 2A / COLORADO BOULEVARD & 50TH AVENUE EAST,1,1,0,0,1,4,,0,45,0,0,0,0,0,2,2,14
,2016_55349,39.787952,-104.940389,12/26/2016 12:45,12:45,9,0,1,COLORADO BOULEVARD NORTH & 50TH AVENUE,1,1,0,0,3,1,,0,40,0,0,0,0,2,2,1,2
,2016_55374,39.725556,-105.039261,1/28/2016 16:43,16:43,12,0,0,SIXTH AVENUE WEST & PERRY STREET NORTH SEP,1,1,0,0,1,4,,0,55,0,0,0,0,0,2,3,13
,2016_55375,39.725455,-105.032456,9/15/2016 10:54,10:54,12,0,0,SIXTH AVENUE WEST & KNOX COURT NORTH,1,1,0,0,1,4,,0,45,0,0,0,0,0,2,2,14
,2016_55376,39.725415,-105.025068,1/29/2016 8:28,8:28,12,0,0,SIXTH AVENUE WEST & FEDERAL BOULEVARD NORTH,1,1,0,0,1,4,,0,55,0,0,0,0,0,2,2,1
,2016_55377,39.725415,-105.025068,3/18/2016 10:10,10:10,5,0,0,SIXTH AVENUE WEST & FEDERAL BOULEVARD NORTH,5,1,0,2,3,4,,0,55,0,0,0,0,0,2,1,13
,2016_55378,39.779447,-104.949726,12/7/2016 11:55,11:55,3,0,0,46TH AVENUE EAST & STEELE STREET NORTH,2,1,0,0,1,1,,0,30,0,0,0,0,0,2,2,7
,2016_55379,39.781963,-104.94952,8/12/2016 9:56,9:56,12,0,0,VASQUEZ BOULEVARD & 47TH AVENUE EAST,1,1,0,0,1,3,,0,35,0,0,0,0,0,2,3,1
,2016_55428,39.653259,-104.918319,1/25/2016 9:16,9:16,12,0,0,I25 & HAMPDEN AVENUE,1,1,0,0,1,4,,0,65,0,0,0,0,0,1,2,13
,2016_55445,39.729265,-105.014796,8/20/2016 9:15,9:15,5,0,0,I25 & EIGHTH AVENUE WEST,1,1,1,0,1,4,,0,,0,0,0,0,0,1,2,13
,2016_55454,39.630184,-104.905073,7/19/2016 8:35,8:35,12,0,0,I25 & I225 NORTHBOUND FLYOVER RAMP,1,1,0,0,1,4,,0,65,0,0,0,0,1,1,3,3
,2016_55456,39.630872,-104.905384,12/13/2016 14:32,14:32,15,0,0,I25 NORTHBOUND & I225 NORTHBOUND DIRECT CONNECT,1,1,0,0,1,4,,0,55,0,0,0,0,0,1,5,1
,2016_55457,39.631388,-104.905617,8/17/2016 12:26,12:26,12,0,0,I25 & I225 INTCH APPROXIMATELY,1,1,1,0,1,4,,0,60,0,0,0,0,0,1,3,3
,2016_55459,39.646572,-104.914546,2/11/2016 15:20,15:20,12,0,0,I25 & HAMPDEN AVENUE EAST,1,1,0,0,1,4,,0,65,0,0,0,0,0,1,2,13
,2016_55460,39.652745,-104.918076,11/1/2016 17:30,17:30,12,0,0,I25 & HAMPDEN AVENUE,1,1,0,0,1,4,,0,65,0,0,0,0,0,1,2,13
,2016_55461,39.66588,-104.924347,10/3/2016 17:11,17:11,12,0,1,I25 & YALE AVENUE EAST,1,1,0,0,1,4,,0,65,0,0,0,0,2,1,2,7
,2016_55462,39.666695,-104.924933,6/8/2016 16:04,16:04,12,0,1,I25 & YALE AVENUE EAST,1,1,1,0,1,4,,0,55,0,0,0,0,2,1,4,13
,2016_55463,39.667623,-104.925611,1/13/2016 9:00,9:00,12,0,0,I25 & YALE AVENUE EAST,1,1,0,0,1,4,,0,65,0,0,0,0,0,1,2,1
,2016_55464,39.667623,-104.925611,7/1/2016 7:44,7:44,3,0,0,I25 SOUTHBOUND & YALE AVENUE EAST,1,1,0,0,1,1,,0,35,0,0,0,0,0,1,2,1
,2016_55465,39.668841,-104.92643,9/4/2016 14:35,14:35,5,0,0,I25 & MM 203,1,1,0,0,1,4,,0,65,0,0,0,0,0,1,2,13
,2016_55466,39.672874,-104.929141,4/22/2016 12:25,12:25,15,0,0,I25 & EVANS AVENUE EAST,1,1,0,0,1,4,,0,55,0,0,0,0,0,1,2,13
,2016_55467,39.678367,-104.933559,2/23/2016 12:40,12:40,15,0,0,EVANS AVENUE EAST & I25,1,1,0,0,1,4,,0,35,0,0,0,0,0,1,2,13
,2016_55468,39.683094,-104.940452,6/2/2016 17:21,17:21,12,0,0,I25 & COLORADO BOULEVARD SOUTH,1,1,0,0,1,4,,0,60,0,0,0,0,0,1,2,13
,2016_55469,39.683309,-104.94138,2/7/2016 8:25,8:25,15,0,0,I25 SOUTHBOUND ON LOOP RAMP FROM & COLORADO BOULEVARD SOUTH,1,1,1,0,1,14,,0,35,0,0,0,0,0,1,2,13
,2016_55470,39.684451,-104.946084,9/22/2016 16:15,16:15,12,0,1,I25 & COLORADO BOULEVARD SOUTH SOUTHBOUND OFF RAMP GORE POINT,1,1,0,0,1,4,,0,55,0,0,0,0,2,1,2,13
,2016_55471,39.684914,-104.951222,5/15/2016 6:50,6:50,5,0,0,I25 & STEELE STREET SOUTH,1,1,0,0,3,4,,0,55,0,0,0,0,0,1,1,13
,2016_55472,39.684918,-104.958395,12/2/2016 13:45,13:45,12,0,0,I25 & UNIVERSITY BOULEVARD SOUTH,1,1,1,0,1,4,,0,55,0,0,0,0,0,1,3,13
,2016_55473,39.68492,-104.959509,11/9/2016 18:40,18:40,12,0,0,I25 SOUTHBOUND & UNIVERSITY BOULEVARD SOUTH INTERCHANGE,1,3,1,0,1,4,,0,55,0,0,0,0,0,1,2,13
,2016_55474,39.684915,-104.959701,7/11/2016 13:15,13:15,15,0,0,I25 & UNIVERSITY BOULEVARD SOUTH,1,1,0,0,1,4,,0,55,0,0,0,0,0,1,2,14
,2016_55475,39.687715,-104.968753,1/22/2016 15:50,15:50,12,0,0,I25 & FRANKLIN STREET SOUTH,1,1,0,0,1,4,,0,60,0,0,0,0,0,1,2,3
,2016_55476,39.688506,-104.970348,8/16/2016 3:30,3:30,15,0,0,I25 SOUTHBOUND & FRANKLIN STREET SOUTH APPROXIMATELY,1,3,0,0,1,4,,0,,0,0,0,0,0,1,2,13
,2016_55477,39.765832,-104.999833,12/6/2016 19:14,19:14,15,0,0,I25 & 20TH STREET,1,3,0,0,1,4,,0,55,0,0,0,0,0,1,2,1
,2016_55478,39.711387,-104.999011,10/23/2016 1:00,1:00,15,0,0,I25 & ALAMEDA AVENUE WEST,1,4,0,0,1,4,,0,60,0,0,0,0,0,1,2,13
,2016_55479,39.688908,-104.971152,2/20/2016 23:07,23:07,5,0,1,I25 & SOUTHBOUND EXIT GORE POINT TO UNIVERSITY BOULEVARD,1,3,0,0,3,4,,0,65,0,0,0,0,2,1,2,3