id,drcog_id,latitude,longitude,crashtime,time,crashtype,numbkilled,numbinjurd,drcoglocat,rdconditin,lightngcon,roadcntgrd,weatherco,location,roaddescrp,schoolzone,constrzone,splimit,bikeinv,pedinv,sctrinv,motoinv,svrty,rdsystem,ttlvehcls,hcf
,2016_55480,39.68915,-104.971634,4/5/2016 7:30,7:30,12,0,0,I25 & DOWNING STREET SOUTH,1,1,0,0,1,4,,0,60,0,0,0,0,0,1,2,14
,2016_55481,39.690115,-104.973561,1/20/2016 16:24,16:24,12,0,0,I25 HIGHWAY NORTHBOUND & DOWNING STREET SOUTH,1,1,0,0,1,4,,0,60,0,0,0,0,0,1,2,3
,2016_55482,39.690115,-104.973561,7/26/2016 7:44,7:44,12,0,0,I25 SOUTHBOUND  & DOWNING STREET SOUTH,1,1,0,0,1,4,,0,55,0,0,0,0,0,1,2,13
,2016_55483,39.751295,-105.016566,4/18/2016 7:30,7:30,9,0,0,23RD AVENUE WEST & I25 SOUTHBOUND RAMPS,1,1,0,0,3,1,,0,30,0,0,0,0,0,1,2,13
,2016_55484,39.690115,-104.973561,7/30/2016 11:55,11:55,12,0,0,I25 NORTHBOUND  & DOWNING STREET SOUTH,1,1,0,0,1,4,,0,60,0,0,0,0,0,1,2,13
,2016_55485,39.77255,-104.829971,12/12/2016 8:10,8:10,5,0,0,I70  & I225 WB FLYOVER RAMP,1,1,1,0,2,14,,0,55,0,0,0,0,0,1,1,1
,2016_55486,39.701256,-104.987205,8/12/2016 7:43,7:43,15,0,0,LINCOLN STREET SOUTH & OHIO AVENUE EAST,1,1,0,0,1,1,,0,30,0,0,0,0,0,1,2,13
,2016_55487,39.701466,-104.987451,6/28/2016 2:35,2:35,12,0,0,BROADWAY SOUTH ON RAMP SOUTHBOUND & I25 HIGHWAY,1,3,0,0,1,1,,0,30,0,0,0,0,0,1,2,13
,2016_55488,39.704347,-104.993909,6/17/2016 10:35,10:35,12,0,0,I25 HIGHWAY NORTHBOUND  & SANTA FE DRIVE SOUTH OFF RAMP NORTHBOUND EXIT,1,1,1,0,1,4,,0,55,0,0,0,0,0,1,2,13
,2016_55489,39.704415,-104.994067,3/29/2016 15:17,15:17,12,0,0,I25 NORTHBOUND ON RAMP FLYOVER & SANTA FE DRIVE,1,1,0,0,1,14,,0,35,0,0,0,0,1,1,2,3
,2016_55490,39.729265,-105.014796,12/5/2016 7:03,7:03,15,0,0,I25 & EIGHTH AVENUE WEST INTERCHANGE,1,1,0,0,1,4,,0,55,0,0,0,0,0,1,2,3
,2016_55491,39.707512,-104.99697,7/14/2016 16:30,16:30,12,0,0,I25 NORTHBOUND ON FLYOVER RAMP  & SANTA FE DRIVE SOUTH INTERCHANGE,1,1,1,0,1,14,,0,25,0,0,0,0,0,1,2,13
,2016_55492,39.710009,-104.998187,12/20/2016 9:07,9:07,15,0,0,I25 NORTHBOUND LOOP ON RAMP FROM SANTA FE & RAMP END,1,1,1,0,1,14,,0,55,0,0,0,0,0,1,2,13
,2016_55493,39.711387,-104.999011,8/25/2016 20:10,20:10,12,0,0,I25 SOUTHBOUND OFF RAMP TO & ALAMEDA AVENUE WEST,1,3,0,0,1,14,,0,30,0,0,0,0,0,1,2,13
,2016_55494,39.742025,-105.014657,5/17/2016 0:30,0:30,5,0,0,I25 & AURARIA PARKWAY,2,3,0,1,2,4,,0,55,0,0,0,0,0,1,1,1
,2016_55495,39.72244,-105.009858,9/24/2016 17:45,17:45,12,0,0,I25 & SIXTH AVENUE WEST,1,1,1,0,1,4,,0,55,0,0,0,0,0,1,2,13
,2016_55496,39.72244,-105.009858,10/28/2016 21:15,21:15,15,0,0,I25 SOUTHBOUND RAMP ON  & SIXTH AVENUE INTERCHANGE,1,3,1,0,1,14,,0,45,0,0,0,0,0,1,2,1
,2016_55497,39.722669,-105.010181,10/10/2016 14:21,14:21,12,0,0,I25 & MM 209,1,1,0,0,1,4,,0,55,0,0,0,0,1,1,2,14
,2016_55498,39.723662,-105.011457,8/10/2016 13:26,13:26,15,0,0,I25 SOUTHBOUND OFF RAMP  & SIXTH AVENUE WEST INTERCHANGE,1,1,1,0,1,14,,0,55,0,0,0,0,0,1,2,13
,2016_55499,39.725281,-105.012899,2/27/2016 18:14,18:14,12,0,0,I25 & SIXTH AVENUE INTERCHANGE,1,3,0,0,1,4,,0,55,0,0,0,0,0,1,2,13
,2016_55500,39.725281,-105.012899,5/5/2016 16:50,16:50,12,0,0,I25 SOUTHBOUND & SIXTH AVENUE WEST,1,1,0,0,1,4,,0,,0,0,0,0,0,1,2,13
,2016_55501,39.725281,-105.012899,5/19/2016 13:00,13:00,12,0,0,I25 NORTHBOUND & SIXTH AVENUE INTERCHANGE,1,1,0,0,1,4,,0,55,0,0,0,1,1,1,2,13
,2016_55502,39.725281,-105.012899,9/25/2016 11:32,11:32,12,0,0,I25 & SIXTH AVENUE WEST,1,1,1,0,1,4,,0,65,0,0,0,0,0,1,2,13
,2016_55503,39.729265,-105.014796,5/24/2016 17:40,17:40,12,0,0,I25 SOUTHBOUND & EIGHTH AVENUE WEST INTERCHANGE,1,1,0,0,1,4,,0,55,0,0,0,0,0,1,2,1
,2016_55505,39.737034,-105.014024,6/27/2016 14:51,14:51,12,0,0,I25 HIGHWAY SOUTHBOUND  & 13TH AVENUE WEST,1,1,0,0,1,4,,0,55,0,0,0,0,0,1,6,13
,2016_55506,39.740257,-105.013939,1/2/2016 20:50,20:50,15,0,0,I25  & COLFAX AVENUE,1,3,0,0,1,4,,0,55,0,0,0,0,0,1,2,1
,2016_55508,39.740257,-105.013939,6/27/2016 16:58,16:58,15,0,0,I25 & COLFAX AVENUE WEST,1,1,1,0,1,4,,0,55,0,0,0,0,0,1,3,13
,2016_55509,39.743372,-105.015987,6/6/2016 14:07,14:07,12,0,0,I25 & 17TH AVENUE WEST,1,1,0,0,1,4,,0,55,0,0,0,0,0,1,2,7
,2016_55510,39.743372,-105.015987,8/16/2016 15:07,15:07,15,0,0,I25 NORTHBOUND  & 17TH AVENUE WEST,1,1,0,0,1,4,,0,55,0,0,0,0,0,1,2,13
,2016_55511,39.74834,-105.017816,10/7/2016 8:00,8:00,12,0,0,I25 & 23RD AVENUE WEST,1,1,0,0,1,4,,0,55,0,0,0,0,0,1,2,3
,2016_55512,39.754552,-105.013541,5/7/2016 14:00,14:00,12,0,0,I25 & SPEER BOULEVARD,2,1,0,1,1,4,,0,55,0,0,0,0,0,1,2,1
,2016_55513,39.755118,-105.012754,8/12/2016 16:06,16:06,12,0,0,SPEER BOULEVARD NORTH & I25,1,1,1,0,1,4,,0,35,0,0,0,0,1,1,3,13
,2016_55514,39.755307,-105.012492,5/21/2016 11:44,11:44,12,0,0,I25 SOUTHBOUND & SPEER BOULEVARD NORTH,1,1,0,0,1,4,,0,65,0,0,0,0,1,1,2,14
,2016_55515,39.755495,-105.01223,8/30/2016 9:06,9:06,12,0,0,I25 & SPEER BOULEVARD NORTH,1,1,0,0,1,4,,1,55,0,0,0,0,0,1,2,3
,2016_55516,39.760904,-105.004407,10/26/2016 19:54,19:54,15,0,0,20TH STREET & I25 NORTHBOUND RAMP OFF,1,3,0,0,1,14,,0,25,0,0,0,0,0,1,2,1
,2016_55517,39.760997,-105.004271,9/27/2016 16:31,16:31,15,0,0,I25 NORTHBOUND & 20TH STREET INTCH,1,1,0,0,1,4,,0,55,0,0,0,0,0,1,2,13
,2016_55518,39.760997,-105.004271,9/3/2016 2:53,2:53,5,0,0,20TH STREET NORTHBOUND OFF SLIP RAMP & I25,1,3,1,0,3,14,,0,35,0,0,0,0,0,1,1,5
,2016_55519,39.767414,-104.996384,10/25/2016 7:19,7:19,15,0,0,I25 & NORTHBOUND OFF RAMP TO PARK AVENUE,1,1,0,0,1,4,,0,55,0,0,0,0,0,1,2,14
,2016_55520,39.781839,-104.989152,8/3/2016 18:15,18:15,12,0,0,I25 SOUTHBOUND & I70 INTERCHANGE,1,1,0,0,1,4,,0,55,0,0,0,0,0,1,2,13
,2016_55521,39.783855,-104.989142,5/20/2016 17:38,17:38,12,0,0,I25 & 48TH AVENUE WEST,1,1,1,0,1,4,,0,55,0,0,0,0,0,1,2,13
,2016_55522,39.783855,-104.989142,6/2/2016 12:36,12:36,12,0,0,I25 SOUTHBOUND & 48TH AVENUE WEST,1,1,0,0,1,4,,0,55,0,0,0,0,0,1,4,13
,2016_55574,39.711153,-105.034893,9/16/2016 21:37,21:37,1,0,1,ALAMEDA AVENUE WEST & LOWELL BOULEVARD SOUTH,2,3,0,1,1,1,,0,30,0,0,0,0,2,2,2,8
,2016_55575,39.711111,-105.031381,9/20/2016 12:18,12:18,12,0,0,ALAMEDA AVENUE WEST & JULIAN STREET SOUTH,1,1,0,0,1,1,,0,35,0,0,0,0,0,2,2,7
,2016_55576,39.711145,-105.020354,2/15/2016 16:45,16:45,3,0,0,ALAMEDA AVENUE WEST & CLAY STREET SOUTH,1,1,0,0,1,1,,0,30,0,0,0,0,0,2,2,7
,2016_55577,39.711125,-105.015705,5/29/2016 12:40,12:40,12,0,0,ALAMEDA AVENUE WEST & ZUNI STREET SOUTH,1,1,0,0,1,1,,0,35,0,0,0,0,0,2,3,13
,2016_55578,39.711151,-105.013659,11/22/2016 11:35,11:35,15,0,0,ALAMEDA AVENUE 2100 BLOCK WEST & YUMA STREET SOUTH,2,1,0,2,1,4,,0,35,0,0,0,0,0,2,2,13
,2016_55579,39.711171,-105.011973,2/10/2016 23:30,23:30,4,0,1,ALAMEDA AVENUE WEST & 2000 BLOCK WEST,1,3,0,0,1,4,,0,35,0,0,0,0,2,2,1,3
,2016_55580,39.711184,-105.004151,10/31/2016 8:15,8:15,12,0,0,ALAMEDA AVENUE 1300 BLOCK WEST & NAVAJO STREET SOUTH,1,1,0,0,1,4,,0,35,0,0,0,0,0,2,2,13
,2016_55581,39.711184,-105.003407,7/4/2016 12:59,12:59,12,0,0,ALAMEDA AVENUE WEST & NAVAJO STREET SOUTH,1,1,0,0,1,4,,0,35,0,0,0,0,1,2,2,13
,2016_55582,39.711192,-104.99993,9/17/2016 19:52,19:52,3,0,0,I25 SOUTHBOUND OFF RAMP & ALAMEDA AVENUE WEST,1,3,0,0,1,3,,0,,0,0,0,0,0,2,2,13
,2016_55583,39.711192,-104.99993,12/1/2016 17:20,17:20,15,0,0,ALAMEDA AVENUE & I25 SOUTHBOUND OFF RAMP,1,1,0,0,1,1,,0,,0,0,0,0,0,2,2,13
,2016_55584,39.711208,-104.998391,7/13/2016 6:00,6:00,15,0,0,ALAMEDA AVENUE 900 BLOCK WEST & KALAMATH STREET SOUTH,1,1,0,0,1,4,,0,25,0,0,0,0,0,2,2,14
,2016_55585,39.653084,-104.91283,9/16/2016 10:03,10:03,3,0,0,HAMPDEN AVENUE EAST & MONACO PARKWAY SOUTH,1,1,0,0,1,1,,0,35,0,0,0,0,0,2,2,13
,2016_55586,39.653087,-104.900126,4/16/2016 9:36,9:36,1,0,0,HAMPDEN AVENUE EAST & TAMARAC DRIVE SOUTH,4,1,1,2,1,1,,0,40,0,0,0,0,1,2,2,13
,2016_55587,39.653024,-104.880398,10/14/2016 15:30,15:30,12,0,0,HAMPDEN AVENUE & 9200 BLOCK EAST,1,1,0,0,1,4,,0,45,0,0,0,0,0,2,2,1
,2016_55588,39.656988,-104.866396,5/3/2016 8:36,8:36,12,0,0,HAVANA STREET SOUTH & GIRARD AVENUE EAST,1,1,0,0,1,3,,0,35,0,0,0,0,0,2,3,13
,2016_55589,39.656988,-104.866396,12/16/2016 7:45,7:45,10,0,0,GIRARD AVENUE & HAVANA STREET,1,1,0,0,1,3,,0,25,0,0,0,0,0,2,2,1
,2016_55590,39.66582,-104.866178,8/9/2016 15:50,15:50,3,0,0,HAVANA STREET SOUTH & 2700 BLOCK,1,1,0,0,1,2,,0,45,0,0,0,0,0,2,2,13
,2016_55620,39.776619,-104.903424,9/1/2016 18:30,18:30,12,0,0,QUEBEC STREET NORTH & I70 EASTBOUND SLIPS ON / OFF,1,1,1,0,1,4,,0,40,0,0,0,0,0,2,2,13
,2016_55621,39.74028,-105.01238,11/10/2016 1:10,1:10,5,0,0,I25 NORTHBOUND OFF RAMP & COLFAX AVENUE WEST,1,3,0,0,2,3,,0,35,0,0,0,0,0,2,1,13
,2016_55622,39.777347,-104.903418,1/14/2016 7:09,7:09,12,0,0,QUEBEC STREET NORTH & I70 EASTBOUND RAMPS,1,1,1,0,1,1,,0,45,0,0,0,0,0,2,2,13
,2016_55623,39.778252,-104.903409,5/2/2016 12:51,12:51,15,0,0,QUEBEC STREET NORTH & I70 WB ON RAMP,1,1,1,0,1,3,,0,45,0,0,0,0,0,2,2,13
,2016_55624,39.778403,-104.903408,12/20/2016 11:53,11:53,15,0,0,QUEBEC STREET NORTH & I70,2,1,0,0,1,3,,0,45,0,0,0,0,0,2,2,13
,2016_55673,39.740358,-105.050705,6/6/2016 10:25,10:25,3,0,0,COLFAX AVENUE WEST & WOLFF XAVIER ALLEY,1,1,0,0,1,5,,0,35,0,0,0,0,0,2,3,14
,2016_55674,39.740336,-105.040423,7/1/2016 17:40,17:40,12,0,0,COLFAX AVENUE WEST & QUITMAN STREET NORTH,1,1,0,0,1,1,,0,,0,0,0,0,1,2,2,13
,2016_55675,39.740345,-105.015536,1/30/2016 12:34,12:34,3,0,0,COLFAX AVENUE WEST & I25 SOUTHBOUND OFF RAMP,1,1,0,0,1,1,,0,40,0,0,0,0,0,2,2,13
,2016_55677,39.740345,-105.015536,3/10/2016 22:24,22:24,3,0,0,COLFAX AVENUE WEST & I25 SOUTHBOUND OFF RAMP,1,3,0,0,1,1,,0,40,0,0,0,0,1,2,2,13
,2016_55678,39.740028,-105.002766,6/29/2016 8:42,8:42,12,0,0,COLFAX AVENUE WEST & MARIPOSA STREET NORTH,1,1,0,0,1,1,,0,40,0,0,0,0,1,2,2,13
,2016_55679,39.740032,-105.0022,5/19/2016 14:47,14:47,12,0,0,WEST COLFAX AVENUE & 1100 BLOCK,1,1,1,0,1,4,,0,30,0,0,0,0,0,2,2,13
,2016_55680,39.740048,-104.999933,3/10/2016 19:04,19:04,12,0,0,KALAMATH STREET NORTH & COLFAX AVENUE WEST,1,3,0,1,1,1,,0,35,0,0,0,0,0,2,2,13
,2016_55681,39.740042,-104.998686,2/21/2016 18:00,18:00,12,0,0,SPEER BOULEVARD NORTH & COLFAX AVENUE WEST,1,3,0,0,1,1,,0,45,0,0,0,0,0,2,2,13
,2016_55682,39.740031,-104.996607,6/10/2016 7:10,7:10,15,0,0,COLFAX AVENUE WEST & WELTON STREET,1,1,0,0,1,1,,0,35,0,0,0,0,0,2,2,14
,2016_55683,39.739999,-104.990369,1/22/2016 17:56,17:56,15,0,0,COLFAX AVENUE WEST & BANNOCK STREET NORTH,1,1,0,0,1,1,,0,30,0,0,0,0,0,2,2,13
,2016_55684,39.740049,-104.986167,4/26/2016 17:50,17:50,12,0,0,COLFAX AVENUE EAST & LINCOLN STREET NORTH,2,1,0,0,1,1,,0,30,0,0,0,0,0,2,2,3
,2016_55685,39.740041,-104.983728,4/1/2016 12:45,12:45,15,0,0,NORTH GRANT STREET & EAST COLFAX AVENUE,1,1,0,0,1,3,,0,35,0,0,0,0,0,2,2,7
,2016_55686,39.740018,-104.981104,12/9/2016 14:10,14:10,12,0,0,COLFAX AVENUE & PENNSYLVANIA STREET NORTH,1,1,0,0,1,4,,0,30,0,0,0,0,0,2,3,13
,2016_55687,39.74,-104.977544,5/14/2016 0:30,0:30,3,0,0,COLFAX AVENUE EAST & CLARKSON STREET NORTH,1,3,0,0,1,1,,0,25,0,0,0,0,1,2,2,12
,2016_55688,39.740082,-104.912367,12/5/2016 8:40,8:40,3,0,0,COLFAX AVENUE EAST & MONACO PARKWAY NORTH,1,1,0,0,1,1,,0,35,0,0,0,0,0,2,2,13
,2016_55690,39.740002,-104.976421,11/19/2016 22:25,22:25,15,0,0,COLFAX AVENUE EAST & EMERSON STREET NORTH,1,3,0,0,1,1,,0,30,0,0,0,0,0,2,3,13
,2016_55691,39.740008,-104.973052,3/6/2016 17:00,17:00,15,0,0,COLFAX AVENUE EAST & DOWNING STREET NORTH,1,1,0,0,1,1,,0,35,0,0,0,0,0,2,2,13
,2016_55693,39.740009,-104.968553,1/18/2016 14:55,14:55,15,0,0,COLFAX AVENUE EAST & PARK AVENUE WEST,1,1,0,0,1,1,,0,30,0,0,0,0,0,2,2,13
,2016_55694,39.740009,-104.968553,8/16/2016 14:35,14:35,1,0,0,COLFAX AVENUE EAST & FRANKLIN STREET NORTH,1,1,0,0,1,1,,0,25,0,0,0,0,0,2,2,13
,2016_55695,39.740008,-104.968365,10/30/2016 11:00,11:00,12,0,0,COLFAX AVENUE 1600 BLOCK EAST & FRANKLIN STREET NORTH,1,1,0,0,1,4,,0,30,0,0,0,0,0,2,2,8
,2016_55697,39.740003,-104.967234,4/21/2016 12:30,12:30,3,0,0,COLFAX AVENUE EAST & GILPIN STREET NORTH,1,1,0,0,1,1,,0,25,0,0,0,0,0,2,2,13
,2016_55698,39.740086,-104.958934,4/11/2016 12:31,12:31,15,0,0,COLFAX AVENUE EAST & JOSEPHINE STREET NORTH,1,1,0,0,1,3,,0,30,0,0,0,0,0,2,2,13
,2016_55699,39.740176,-104.954823,8/9/2016 21:52,21:52,1,0,0,COLFAX AVENUE EAST & DETROIT STREET NORTH,1,3,0,0,1,1,,0,35,0,0,0,0,0,2,2,8
,2016_55700,39.740163,-104.950683,4/6/2016 19:15,19:15,9,0,1,COLFAX AVENUE EAST & STREET PAUL STREET NORTH,1,1,0,0,1,1,,0,35,0,0,0,1,2,2,3,14
,2016_55701,39.740064,-104.930763,4/20/2016 12:35,12:35,12,0,1,COLFAX AVENUE EAST & EUDORA STREET NORTH,1,1,0,0,1,4,,0,30,0,0,0,0,2,2,2,13
,2016_55702,39.74008,-104.919883,6/10/2016 0:27,0:27,12,0,0,COLFAX AVENUE EAST & IVY STREET NORTH,1,3,0,0,1,3,,0,35,0,0,0,0,1,2,2,3
,2016_55703,39.74008,-104.919508,5/31/2016 16:34,16:34,6,0,0,COLFAX AVENUE EAST & JERSEY STREET NORTH,1,1,0,0,1,3,,0,35,0,0,0,0,0,2,2,13
,2016_55704,39.740081,-104.916125,7/19/2016 17:55,17:55,12,0,2,COLFAX AVENUE EAST & KRAMERIA STREET NORTH,1,1,0,0,1,4,,0,30,0,0,0,0,2,2,2,2
,2016_55705,39.740082,-104.912367,3/7/2016 9:55,9:55,3,0,0,COLFAX AVENUE EAST & MONACO PARKWAY NORTH,1,1,0,0,1,1,,0,35,0,0,0,0,1,2,2,13
,2016_55706,39.740082,-104.912367,10/19/2016 6:00,6:00,3,0,0,COLFAX AVENUE EAST & MONACO PARKWAY NORTH,1,3,0,0,1,1,,0,35,0,0,0,0,0,2,2,13
,2016_55707,39.740085,-104.898463,10/18/2016 15:18,15:18,12,0,0,COLFAX AVENUE 7700 BLOCK EAST & SYRACUSE STREET NORTH,1,1,0,0,1,3,,0,35,0,0,0,0,0,2,2,3
,2016_55708,39.740086,-104.893953,9/8/2016 20:29,20:29,12,0,0,ULSTER STREET & COLFAX AVENUE EAST,1,3,0,0,1,4,,0,25,0,0,0,0,0,2,2,14
,2016_55729,39.779168,-104.926972,6/20/2016 0:25,0:25,5,0,0,I70 & FOREST STREET,1,3,0,0,3,4,,0,55,0,0,0,0,0,1,1,14
,2016_55760,39.78372,-105.05273,11/4/2016 16:30,16:30,12,0,0,I70 WB OFF RAMP TO & SHERIDAN NORTHBOUND SPLIT RAMP END,1,1,0,0,1,14,,0,30,0,0,0,0,0,1,2,13
,2016_55761,39.783541,-105.031168,5/4/2016 6:49,6:49,12,0,0,I70 HIGHWAY EASTBOUND & FEDERAL BOULEVARD NORTH,1,1,0,0,1,4,,0,55,0,0,0,0,0,1,2,13
,2016_55762,39.784195,-105.025519,2/17/2016 9:40,9:40,12,0,0,I70 WB OFF RAMP & FEDERAL BOULEVARD NORTH,1,1,0,0,1,14,,0,35,0,0,0,0,0,1,2,1
,2016_55763,39.783149,-105.006371,11/25/2016 10:04,10:04,3,0,0,PECOS STREET NORTH & 48TH AVENUE WEST,1,1,0,0,1,6,,0,25,0,0,0,0,0,1,2,8
,2016_55764,39.783149,-105.006371,2/26/2016 16:35,16:35,3,0,0,I70 EASTBOUND OFF RAMP & PECOS STREET,1,1,0,0,1,6,,0,35,0,0,0,0,0,1,2,13
,2016_55765,39.783487,-105.002938,12/2/2016 5:16,5:16,15,0,0,I70 & EASTBOUND ON RAMP FROM PECOS STREET,1,3,1,0,1,4,,0,55,0,0,0,0,0,1,2,14
,2016_55766,39.78262,-104.999166,10/14/2016 10:11,10:11,12,0,0,I70 WB & PECOS STREET NORTH WB EXIT GORE APPROXIMATELY,1,1,0,0,1,4,,0,55,0,0,0,0,0,1,2,14
,2016_55767,39.779747,-104.985797,7/24/2016 2:20,2:20,5,0,0,I70 EASTBOUND & I25 SOUTHBOUND,1,3,0,0,2,4,,0,55,0,0,0,0,0,1,1,14
,2016_55768,39.779455,-104.979206,3/18/2016 6:10,6:10,5,0,0,I70 EASTBOUND OFF RAMP & WASHINGTON STREET NORTH,4,1,1,2,3,14,,0,45,0,0,0,0,0,1,1,14
,2016_55769,39.779441,-104.979019,4/19/2016 5:24,5:24,12,0,0,I70 & WASHINGTON STREET NORTH,2,1,0,1,1,4,,0,55,0,0,0,0,0,1,2,7
,2016_55770,39.779431,-104.977944,7/23/2016 20:35,20:35,5,0,0,I70 & WASHINGTON STREET,1,2,0,0,2,4,,0,55,0,0,0,0,0,1,1,5
,2016_55772,39.779758,-104.970202,6/16/2016 8:23,8:23,15,0,0,I70 EASTBOUND & BRIGHTON BOULEVARD EXT GORE APPROXIMATELY,1,1,0,0,1,4,,0,55,0,0,0,0,0,1,2,7
,2016_55773,39.779942,-104.966087,5/10/2016 9:01,9:01,15,0,0,I70 WB & BRIGHTON BOULEVARD,1,1,0,0,1,4,,0,55,0,0,0,0,0,1,2,13
,2016_55774,39.779942,-104.966087,6/1/2016 16:54,16:54,12,0,0,I70 WB & BRIGHTON BOULEVARD,1,1,0,0,1,4,,0,55,0,0,0,0,0,1,2,13
,2016_55775,39.780012,-104.959983,12/18/2016 3:21,3:21,12,0,0,I70 & YORK STREET NORTH,5,4,0,0,1,4,,0,55,0,0,0,0,0,1,2,7
,2016_55776,39.780013,-104.958236,3/8/2016 15:31,15:31,12,0,0,I70 & BRIGHTON BOULEVARD NORTH,1,1,1,0,1,4,,0,55,0,0,0,0,0,1,2,14
,2016_55777,39.780014,-104.957847,10/7/2016 20:15,20:15,12,0,0,I70 & BRIGHTON BOULEVARD,1,3,0,0,1,4,,0,55,0,0,0,0,0,1,2,5
,2016_55778,39.779999,-104.949951,1/11/2016 11:00,11:00,12,0,0,I70 & STEELE STREET,1,5,1,0,1,4,,0,55,0,0,0,0,0,1,2,13
,2016_55779,39.779972,-104.945389,12/20/2016 15:41,15:41,12,0,0,I70 & COLORADO BOULEVARD,1,2,0,0,1,4,,0,55,0,0,0,0,0,1,3,13
,2016_55780,39.779946,-104.940827,7/16/2016 3:33,3:33,15,0,0,I70 WB & MM 276.58,1,3,1,0,1,4,,0,55,0,0,0,0,1,1,2,2
,2016_55781,39.779944,-104.940603,10/24/2016 10:29,10:29,12,0,0,I70 & COLORADO BOULEVARD,1,1,0,0,1,4,,0,55,0,0,0,0,0,1,2,13
,2016_55782,39.779996,-104.938264,6/30/2016 19:51,19:51,12,0,0,I70 & COLORADO BOULEVARD EASTBOUND ON RAMP,2,3,0,1,1,4,,0,55,0,0,0,0,0,1,2,13
,2016_55783,39.780045,-104.937093,2/29/2016 16:12,16:12,12,0,0,I70 & COLORADO BOULEVARD WB EXIT GORE POINT,1,1,0,0,1,4,,0,55,0,0,0,0,0,1,4,3
,2016_55784,39.779899,-104.930788,11/19/2016 13:49,13:49,15,0,0,I70 & COLORADO BOULEVARD,1,1,0,0,1,4,,0,55,0,0,0,0,0,1,2,1
,2016_55785,39.778287,-104.915664,5/17/2016 7:38,7:38,12,0,0,I70 WB & LEYDEN STREET NORTH,2,1,0,1,1,4,,0,55,0,0,0,0,0,1,2,13
,2016_55786,39.778291,-104.909286,3/7/2016 9:13,9:13,12,0,0,I70 APPROXIMATELY & STAPLETON DRIVE EAST OFF RAMP,1,1,0,0,1,4,,0,55,0,0,0,0,1,1,2,13
,2016_55787,39.778295,-104.903454,6/1/2016 17:01,17:01,12,0,0,I70 WB & QUEBEC STREET NORTH,1,1,1,0,1,4,,0,55,0,0,0,0,0,1,2,3
,2016_55788,39.778296,-104.902725,6/23/2016 16:38,16:38,12,0,0,I70 & NORTHFIELD QUEBEC STREET NORTH,1,1,1,0,1,4,,0,55,0,0,0,0,0,1,2,13
,2016_55789,39.778297,-104.900356,7/13/2016 21:30,21:30,5,0,0,I70 & QUEBEC STREET NORTH,1,3,0,0,2,4,,0,65,0,0,0,0,1,1,1,1
,2016_55790,39.777139,-104.882953,10/10/2016 9:54,9:54,12,0,0,I70 & CENTRAL PARK,1,1,0,0,1,4,,0,55,0,0,0,0,1,1,3,7
,2016_55792,39.777035,-104.881821,2/16/2016 14:28,14:28,12,0,0,I70 & CENTRAL PARK BOULEVARD NORTH,1,1,0,0,1,4,,0,55,0,0,0,0,1,1,3,13
,2016_55793,39.776367,-104.874338,12/24/2016 1:08,1:08,15,0,0,I70 & HAVANA STREET,1,3,0,0,1,4,,0,55,0,0,0,0,0,1,2,13
,2016_55794,39.776256,-104.873044,11/9/2016 7:25,7:25,15,0,0,I70 WB OFF RAMP & CENTRAL PARK BOULEVARD,1,1,1,0,1,14,,0,40,0,0,0,0,0,1,2,2
,2016_55796,39.775573,-104.865095,6/26/2016 21:50,21:50,12,0,0,I70 & NORTH HAVANA STREET,1,3,0,0,1,4,,0,55,0,0,0,0,0,1,3,7
,2016_55797,39.775573,-104.865095,6/28/2016 21:35,21:35,12,0,0,I70 EASTBOUND & HAVANA STREET NORTH,1,3,0,0,1,4,,0,55,0,0,0,0,0,1,3,13
,2016_55798,39.775509,-104.864356,10/8/2016 8:57,8:57,5,0,0,I70 EASTBOUND OFF LOOP RAMP GORE POINT TO & HAVANA STREET NORTH,1,1,1,0,1,14,,0,55,0,0,0,0,0,1,1,1
,2016_55799,39.775287,-104.861767,7/24/2016 18:00,18:00,12,0,0,I70 & MM 280.75,1,1,0,0,1,4,,0,55,0,0,0,0,0,1,3,13
,2016_55800,39.774127,-104.848272,5/28/2016 15:58,15:58,12,0,0,I70 EASTBOUND & PEORIA STREET NORTH,1,1,0,0,1,4,,0,55,0,0,0,0,0,1,2,13
,2016_55801,39.774095,-104.847902,4/20/2016 6:15,6:15,12,0,0,I70 WB ON RAMP & PEORIA STREET,1,1,1,0,1,14,,0,25,0,0,0,0,0,1,2,13
,2016_55802,39.774047,-104.847348,3/7/2016 11:45,11:45,12,0,0,PEORIA STREET NORTH & I70,2,1,0,1,1,4,,0,55,0,0,0,0,0,1,2,13
,2016_55803,39.774031,-104.847163,9/17/2016 17:40,17:40,12,0,0,I70 & PEORIA STREET NORTH APPROXIMATELY,1,1,0,0,1,4,,0,45,0,0,0,0,0,1,2,13
,2016_55805,39.774015,-104.846978,6/13/2016 15:05,15:05,12,0,0,I70 EASTBOUND RAMP OFF & PEORIA STREET NORTH,1,1,0,0,1,14,,0,40,0,0,0,0,0,1,2,14
,2016_55806,39.773522,-104.841248,12/13/2016 14:50,14:50,5,0,0,I70 WB ON RAMP & FROM I225 RAMP END,1,1,1,0,3,14,,0,45,0,0,0,0,1,1,1,7
,2016_55807,39.772837,-104.833298,5/19/2016 17:19,17:19,12,0,0,I70 EASTBOUND & I225 SOUTHBOUND GORE POINT,1,1,0,0,1,4,,0,55,0,0,0,0,0,1,2,14