id,drcog_id,latitude,longitude,crashtime,time,crashtype,numbkilled,numbinjurd,drcoglocat,rdconditin,lightngcon,roadcntgrd,weatherco,location,roaddescrp,schoolzone,constrzone,splimit,bikeinv,pedinv,sctrinv,motoinv,svrty,rdsystem,ttlvehcls,hcf
,2016_55876,39.673742,-104.86947,9/29/2016 15:36,15:36,12,0,0,ILIFF AVENUE EAST & PARKER ROAD SOUTH,1,1,0,0,1,4,,0,45,0,0,0,0,0,2,2,13
,2016_55878,39.698678,-104.903771,1/27/2016 7:50,7:50,12,0,0,PARKER ROAD 1000 BLOCK SOUTH & QUEBEC STREET SOUTH,1,1,0,0,1,3,,0,10,0,0,0,0,0,2,2,2
,2016_55879,39.700012,-104.907489,7/11/2016 16:30,16:30,12,0,0,LEETSDALE DRIVE & ONEIDA STREET SOUTH,1,1,0,0,1,4,,0,35,0,0,0,0,1,2,2,13
,2016_55880,39.707328,-104.922192,2/13/2016 7:23,7:23,12,0,0,LEETSDALE DRIVE & HOLLY STREET SOUTH,1,1,0,0,1,3,,0,35,0,0,0,0,0,2,2,13
,2016_55882,39.71129,-104.936428,1/20/2016 6:41,6:41,12,0,0,LEETSDALE DRIVE 4300 BLOCK & ALAMEDA AVENUE EAST,1,3,0,0,1,3,,0,30,0,0,0,0,0,2,2,3
,2016_55903,39.678447,-104.993319,6/9/2016 7:46,7:46,12,0,1,SANTA FE DRIVE SOUTH & EVANS AVENUE WEST,1,1,0,0,1,4,,0,55,0,0,0,0,2,2,3,13
,2016_55904,39.687439,-104.991942,3/14/2016 18:18,18:18,12,0,0,SANTA FE DRIVE SOUTH & IOWA STREET WEST,1,2,0,0,1,1,,0,45,0,0,0,0,0,2,2,8
,2016_55906,39.689481,-104.99207,5/16/2016 17:20,17:20,3,0,0,SANTA FE DRIVE SOUTH & FLORIDA AVENUE WEST,2,1,0,1,1,1,,0,45,0,0,0,0,0,2,2,14
,2016_55907,39.696483,-104.991947,11/2/2016 5:37,5:37,15,0,0,SANTA FE DRIVE 1000 BLOCK SOUTH & MISSISSIPPI AVENUE WEST,2,3,0,0,1,4,,0,35,0,0,0,0,0,2,2,13
,2016_55908,39.696596,-104.991902,4/20/2016 14:33,14:33,12,0,0,SANTA FE DRIVE 1100 BLOCK SOUTH & MISSISSIPPI AVENUE WEST,1,1,1,0,1,3,,0,45,0,0,0,0,0,2,2,3
,2016_55909,39.696763,-104.991852,1/13/2016 17:15,17:15,15,0,0,SANTA FE DRIVE & MISSISSIPPI AVENUE WEST,1,3,0,0,1,3,,0,30,0,0,0,0,0,2,2,13
,2016_55910,39.696763,-104.991852,10/10/2016 13:50,13:50,15,0,0,SANTA FE DRIVE 1000 BLOCK SOUTH & MISSISSIPPI AVENUE WEST,1,1,0,0,1,3,,0,25,0,0,0,0,0,2,2,13
,2016_55911,39.696931,-104.991801,5/11/2016 9:05,9:05,15,0,0,SANTA FE DRIVE 1000 BLOCK SOUTH & MISSISSIPPI AVENUE WEST,1,1,0,0,1,4,,0,30,0,0,0,0,0,2,2,13
,2016_55912,39.701432,-104.993475,7/21/2016 15:42,15:42,12,0,0,SANTA FE DRIVE SOUTH OLD CONFIG & I25 SOUTHBOUND RAMP ENTRANCE APPROXIMATELY,1,1,0,0,1,4,,0,,0,0,0,0,0,2,2,13
,2016_55929,39.737983,-105.025273,4/1/2016 17:00,17:00,15,0,0,FEDERAL BOULEVARD & 14TH AVENUE WEST,1,1,0,0,1,1,,0,35,0,0,0,0,0,2,2,13
,2016_55930,39.737983,-105.025273,8/17/2016 16:57,16:57,12,0,0,FEDERAL BOULEVARD NORTH & 14TH AVENUE WEST,1,1,0,0,1,3,,0,35,0,0,0,0,0,2,2,3
,2016_55931,39.733777,-105.025174,2/19/2016 15:15,15:15,1,0,0,FEDERAL BOULEVARD NORTH & WEST 11TH AVENUE,1,1,1,0,1,1,,0,35,0,0,0,0,0,2,3,13
,2016_55932,39.729284,-105.025154,11/6/2016 19:30,19:30,1,0,0,FEDERAL BOULEVARD NORTH & EIGHTH AVENUE WEST,1,3,0,0,1,1,,0,35,0,0,0,0,0,2,2,13
,2016_55933,39.727514,-105.025127,11/21/2016 11:02,11:02,15,0,0,FEDERAL BOULEVARD 700 BLOCK NORTH SOUTHBOUND & SEVENTH AVENUE WEST,1,1,0,0,1,3,,0,35,0,0,0,0,0,2,2,14
,2016_55934,39.725357,-105.025125,10/24/2016 14:30,14:30,10,0,0,"FEDERAL BOULEVARD NORTH & SIXTH AVENUE WEST OFF RAMP ""D""",1,1,0,0,1,1,,0,25,0,0,0,0,0,2,2,13
,2016_55935,39.725357,-105.025125,10/27/2016 14:17,14:17,10,0,0,SIXTH AVENUE WEST WB OFF RAMP & FEDERAL BOULEVARD NORTH,1,1,1,0,1,1,,0,35,0,0,0,0,0,2,2,13
,2016_55936,39.725357,-105.025125,11/28/2016 2:39,2:39,12,0,0,FEDERAL BOULEVARD NORTH & SIXTH AVENUE WB OFF RAMP,1,3,0,0,1,1,,0,40,0,0,0,0,1,2,2,13
,2016_55937,39.724876,-105.025125,6/20/2016 9:00,9:00,5,0,0,FEDERAL BOULEVARD NORTH & SIXTH AVENUE WEST,1,1,0,0,2,1,,0,35,0,0,0,0,1,2,1,13
,2016_55939,39.724756,-105.025125,6/23/2016 17:25,17:25,12,0,0,FEDERAL BOULEVARD NORTH & FIFTH AVENUE WEST,1,1,0,0,1,3,,0,35,0,0,0,0,0,2,2,14
,2016_55940,39.724619,-105.025126,2/17/2016 12:47,12:47,3,0,0,FEDERAL BOULEVARD NORTH & FIFTH AVENUE WEST,1,1,0,0,1,2,,0,35,0,0,0,0,0,2,2,8
,2016_55941,39.720472,-105.025185,2/1/2016 17:35,17:35,12,0,0,FEDERAL BOULEVARD NORTH & SECOND AVENUE WEST,4,2,1,2,1,3,,0,40,0,0,0,0,1,2,2,7
,2016_55942,39.700553,-105.025082,5/29/2016 20:32,20:32,12,0,0,FEDERAL BOULEVARD SOUTH & KENTUCKY AVENUE WEST,1,3,0,0,1,4,,0,35,0,0,0,0,1,2,2,13
,2016_55943,39.69657,-105.02507,8/24/2016 20:25,20:25,12,0,0,FEDERAL BOULEVARD SOUTH & MISSISSIPPI AVENUE WEST,2,3,0,1,1,1,,0,40,0,0,0,0,0,2,3,5
,2016_55944,39.69318,-105.025057,2/24/2016 15:28,15:28,12,0,0,FEDERAL BOULEVARD SOUTH & LOUISIANA AVENUE WEST,1,1,0,0,1,4,,0,40,0,0,0,0,0,2,3,4
,2016_55945,39.691264,-105.02505,10/26/2016 21:05,21:05,12,0,0,ARKANSAS AVENUE WEST & FEDERAL BOULEVARD SOUTH,1,3,0,0,1,1,,0,30,0,0,0,0,0,2,2,13
,2016_55946,39.689495,-105.025043,3/25/2016 10:02,10:02,15,0,0,FEDERAL BOULEVARD SOUTH & FLORIDA AVENUE WEST,1,1,1,0,1,1,,0,35,0,0,0,0,0,2,2,7
,2016_55947,39.689495,-105.025043,6/15/2016 17:44,17:44,12,0,0,FEDERAL BOULEVARD SOUTH & FLORIDA AVENUE WEST,1,1,1,0,1,4,,0,40,0,0,0,0,1,2,2,3
,2016_55948,39.679067,-105.025033,5/5/2016 6:36,6:36,3,0,0,FEDERAL BOULEVARD & EVANS AVENUE WEST,1,1,0,0,1,2,,0,40,0,0,0,0,0,2,2,7
,2016_55949,39.667744,-105.025111,3/17/2016 19:08,19:08,12,0,0,FEDERAL BOULEVARD SOUTH & YALE AVENUE WEST,4,2,1,2,1,4,,0,40,0,0,0,0,0,2,2,14
,2016_55950,39.66603,-105.025136,6/17/2016 12:55,12:55,8,0,0,FEDERAL BOULEVARD SOUTH & YALE AVENUE WEST,1,1,1,0,6,2,,0,40,0,0,0,0,0,2,2,1
,2016_55985,39.653379,-105.053086,11/7/2016 19:37,19:37,5,0,0,SHERIDAN BOULEVARD SOUTH  & HAMPDEN AVENUE WEST INTERCHANGE,1,3,1,0,3,4,,0,35,0,0,0,0,1,2,1,2
,2016_55986,39.685927,-105.053184,10/3/2016 7:39,7:39,12,0,2,SHERIDAN BOULEVARD SOUTH & OREGON PLACE WEST,1,1,0,0,1,4,,0,40,0,0,0,0,2,2,2,3
,2016_55987,39.691391,-105.0532,12/5/2016 16:00,16:00,1,0,0,SHERIDAN BOULEVARD & ARKANSAS AVENUE WEST,1,3,0,0,1,3,,0,25,0,0,0,0,0,2,2,14
,2016_55989,39.725353,-105.053144,12/9/2016 8:58,8:58,12,0,0,SHERIDAN BOULEVARD & SIXTH AVENUE WEST EASTBOUND ON RAMP,1,1,1,0,1,1,,0,35,0,0,0,0,0,2,2,13
,2016_55996,39.772969,-105.053235,7/30/2016 8:34,8:34,12,0,0,SHERIDAN BOULEVARD NORTH & 41ST AVENUE WEST,1,1,0,0,1,3,,0,35,0,0,0,0,0,2,2,13
,2016_55998,39.78401,-105.053277,10/21/2016 9:50,9:50,3,0,0,I70 WB OFF RAMP & SHERIDAN BOULEVARD,1,1,0,0,1,1,,0,35,0,0,0,0,0,2,2,14
,2016_56028,39.614886,-105.091143,10/15/2016 14:17,14:17,12,0,0,WADSWORTH BOULEVARD SOUTH & CROSS DRIVE WEST,1,1,0,0,1,4,,0,40,0,0,0,0,1,2,3,12
,2016_56029,39.617722,-105.091115,8/4/2016 16:15,16:15,12,0,0,WADSWORTH BOULEVARD SOUTH & CRESTLINE AVENUE WEST,1,1,0,0,1,3,,0,45,0,0,0,0,0,2,2,7
,2016_56030,39.618006,-105.091112,11/26/2016 16:00,16:00,15,0,0,WADSWORTH BOULEVARD SOUTH & CRESTLINE AVENUE WEST,1,1,0,0,1,1,,0,45,0,0,0,0,0,2,2,7
,2016_56031,39.631793,-105.085098,12/25/2016 12:45,12:45,12,0,1,WADSWORTH BOULEVARD & LAYTON AVENUE WEST,1,1,0,6,1,4,,0,45,0,0,0,0,2,2,2,13
,2016_56035,39.76158,-105.003512,9/12/2016 18:16,18:16,12,0,0,I25 & 20TH STREET,1,1,0,0,1,4,,0,55,0,0,0,1,0,1,2,13
,2016_56110,39.635522,-104.893462,5/7/2016 12:20,12:20,15,0,0,TAMARAC STREET SOUTH & I225 NORTHBOUND,2,1,0,1,1,1,,0,35,0,0,0,0,0,1,2,13
,2016_56119,39.630151,-104.905558,8/30/2016 8:35,8:35,12,0,0,I225 SOUTHBOUND RAMP OFF & I25 SOUTHBOUND ENTRANCE GORE APPROXIMATELY,1,1,0,0,1,14,,0,55,0,0,0,0,0,1,3,13
,2016_56120,39.635522,-104.893462,3/8/2016 13:58,13:58,15,0,0,I225 & TAMARAC STREET SOUTH,1,1,1,0,1,4,,0,55,0,0,0,0,0,1,2,13
,2016_56121,39.635522,-104.893462,12/6/2016 10:29,10:29,12,0,0,TAMARAC DRIVE & I225 SOUTHBOUND ON RAMP,1,1,0,0,1,1,,0,35,0,0,0,0,0,1,2,3
,2016_56124,39.638577,-104.886527,3/21/2016 16:06,16:06,12,0,0,I225 SOUTHBOUND & YOSEMITE STREET SOUTH,1,1,0,0,1,4,,0,65,0,0,0,0,0,1,2,13
,2016_56125,39.639143,-104.885372,9/13/2016 8:48,8:48,12,0,0,I225 SOUTHBOUND SLIP RAMP ON & YOSEMITE STREET SOUTH,1,1,1,0,1,14,,0,35,0,0,0,0,0,1,2,13
,2016_56127,39.639143,-104.885372,4/27/2016 8:15,8:15,12,0,0,I225 NORTHBOUND RAMP OFF & TAMARAC STREET SOUTH,1,1,1,0,1,14,,0,45,0,0,0,0,0,1,2,13
,2016_56128,39.639223,-104.885207,11/11/2016 15:45,15:45,1,0,0,YOSEMITE STREET & I225 SOUTHBOUND ON RAMP,1,2,0,0,1,1,,0,30,0,0,0,0,1,1,3,13
,2016_56129,39.639223,-104.885207,11/22/2016 10:27,10:27,5,0,0,I225 SOUTHBOUND OFF RAMP & TAMARAC STREET,2,1,1,1,3,1,,0,35,0,0,0,0,0,1,1,10
,2016_56169,39.785959,-104.902924,6/29/2016 7:43,7:43,12,0,0,I270 & NORTHFIELD QUEBEC,1,1,1,0,1,4,,0,55,0,0,0,0,0,1,2,13
,2016_56171,39.785453,-104.902576,10/23/2016 21:35,21:35,12,0,0,I270 ON RAMP FROM QUEBEC STREET & METER LIGHT,1,3,1,0,1,14,,0,35,0,0,0,0,0,1,2,13
,2016_56173,39.783176,-104.901012,6/18/2016 21:30,21:30,12,0,0,NORTHFIELD QUEBEC STREET RAMP ON & I270,1,3,0,0,1,14,,0,25,0,0,0,0,0,1,3,13
,2016_56174,39.776957,-104.886016,6/21/2016 8:35,8:35,12,0,0,I270 EASTBOUND DIRECT CONNECT TO & I70,1,1,1,0,1,4,,0,55,0,0,0,0,1,1,4,1
,2016_56177,39.654309,-105.037379,11/4/2016 20:45,20:45,15,0,0,HAMPDEN AVENUE & 3800 BLOCK WEST,1,3,0,0,1,4,,0,55,0,0,0,0,0,2,2,12
,2016_56194,39.65298,-104.930372,2/14/2016 12:20,12:20,12,0,0,HAMPDEN AVENUE EAST & EUDORA STREET SOUTH,1,1,0,0,1,1,,0,40,0,0,0,0,0,2,2,1
,2016_56195,39.652979,-104.922637,3/22/2016 11:50,11:50,1,0,0,HAMPDEN AVENUE EAST & HOLLY STREET SOUTH,1,1,0,0,1,1,,0,40,0,0,0,0,0,2,2,1
,2016_56196,39.75512,-105.025132,11/29/2016 16:42,16:42,12,0,0,FEDERAL BOULEVARD NORTH & 26TH AVENUE WEST,1,3,1,0,1,4,,0,35,0,0,0,0,0,2,2,2
,2016_56197,39.763243,-105.025159,3/30/2016 16:15,16:15,12,0,0,33RD AVENUE WEST & FEDERAL BOULEVARD NORTH,2,1,1,1,1,1,,0,35,0,0,0,0,0,2,2,12
,2016_56198,39.769238,-105.025232,8/7/2016 16:55,16:55,12,0,0,FEDERAL BOULEVARD NORTH & 38TH AVENUE WEST,1,1,0,0,1,1,,0,30,0,0,0,0,0,2,2,1
,2016_56199,39.7711,-105.025231,3/16/2016 8:12,8:12,15,0,0,FEDERAL BOULEVARD 3800 BLOCK NORTH & 39TH AVENUE WEST,1,1,0,0,1,4,,0,35,0,0,0,0,0,2,2,14
,2016_56200,39.776686,-105.025228,3/3/2016 18:55,18:55,1,0,0,FEDERAL BOULEVARD NORTH & 44TH AVENUE WEST,1,3,1,0,1,1,,0,35,0,0,0,0,0,2,2,7
,2016_56201,39.787424,-105.025217,7/18/2016 6:40,6:40,3,0,0,FEDERAL BOULEVARD NORTH & 50TH AVENUE WEST,1,1,0,0,1,1,,0,25,0,0,0,0,0,2,2,13
,2016_56202,39.791145,-105.02518,3/12/2016 13:15,13:15,12,0,0,FEDERAL BOULEVARD & 52ND AVENUE WEST,1,1,0,0,1,2,,0,45,0,0,0,0,0,2,2,3
,2016_56286,39.655335,-104.940494,12/2/2016 13:22,13:22,15,0,0,COLORADO BOULEVARD SOUTH & GIRARD AVENUE EAST,1,1,1,0,1,2,,0,40,0,0,0,0,0,2,2,13
,2016_56287,39.660035,-104.940554,10/31/2016 7:11,7:11,3,0,0,COLORADO BOULEVARD SOUTH & DARTMOUTH AVENUE EAST,1,1,1,0,1,1,,0,25,0,0,0,0,0,2,2,7
,2016_56288,39.665987,-104.9406,9/25/2016 14:14,14:14,3,0,0,COLORADO BOULEVARD SOUTH & AMHERST AVENUE EAST,1,1,0,0,1,1,,0,35,0,0,0,0,1,2,2,13
,2016_56289,39.677582,-104.940635,12/13/2016 15:25,15:25,3,0,0,COLORADO BOULEVARD SOUTH & EVANS AVENUE EAST,1,1,0,0,1,2,,0,35,0,0,0,0,0,2,2,13
,2016_56290,39.679985,-104.940643,3/18/2016 9:05,9:05,3,0,0,BUCHTEL AVENUE  & COLORADO BOULEVARD SOUTH,5,1,0,2,1,3,,0,30,0,0,0,0,1,2,2,13
,2016_56291,39.685533,-104.940543,2/1/2016 9:28,9:28,3,0,0,MEXICO AVENUE EAST & COLORADO BOULEVARD SOUTH,5,1,0,2,1,1,,0,35,0,0,0,0,0,2,2,13
,2016_56292,39.685533,-104.940543,8/4/2016 16:15,16:15,12,0,0,COLORADO BOULEVARD 1700 BLOCK SOUTH & MEXICO AVENUE EAST,1,1,0,0,1,1,,0,35,0,0,0,0,0,2,2,13
,2016_56293,39.689417,-104.940546,2/26/2016 16:40,16:40,15,0,0,COLORADO BOULEVARD SOUTH & FLORIDA AVENUE EAST,1,1,0,0,1,2,,0,35,0,0,0,0,0,2,2,13
,2016_56295,39.695095,-104.94055,9/7/2016 17:36,17:36,12,0,0,HIGHWAY 2A / COLORADO BOULEVARD & ARIZONA AVENUE EAST,1,1,1,0,1,4,,0,30,0,0,0,0,1,2,3,13
,2016_56299,39.716454,-104.94061,5/22/2016 13:37,13:37,12,0,0,COLORADO BOULEVARD SOUTH & BAYAUD AVENUE EAST,1,1,0,0,1,3,,0,35,0,0,0,0,0,2,2,3
,2016_56300,39.71908,-104.940609,5/19/2016 17:05,17:05,12,0,0,COLORADO BOULEVARD NORTH & FIRST AVENUE EAST,1,1,1,0,1,3,,0,35,0,0,0,0,0,2,2,3
,2016_56301,39.722728,-104.940608,8/1/2016 2:10,2:10,3,0,2,COLORADO BOULEVARD NORTH & THIRD AVENUE EAST,1,3,0,0,1,1,,0,40,0,0,0,1,2,2,2,1
,2016_56302,39.725208,-104.940607,12/16/2016 22:25,22:25,12,0,0,COLORADO BOULEVARD & 500 BLOCK,4,3,0,2,1,4,,0,30,0,0,0,0,1,2,2,7
,2016_56303,39.725354,-104.940607,11/1/2016 15:57,15:57,12,0,0,COLORADO BOULEVARD 500 BLOCK NORTH & SIXTH AVENUE PARKWAY EAST,1,1,1,0,1,3,,0,35,0,0,0,0,0,2,2,3
,2016_56304,39.7255,-104.940607,1/27/2016 13:48,13:48,15,0,0,EAST SIXTH AVENUE  & NORTH COLORADO BOULEVARD,1,1,0,0,1,1,,0,35,0,0,0,0,0,2,2,13
,2016_56305,39.72871,-104.940605,1/4/2016 13:24,13:24,3,0,0,COLORADO BOULEVARD NORTH & EIGHTH AVENUE EAST,1,1,0,0,1,1,,0,35,0,0,0,0,0,2,2,14
,2016_56306,39.738485,-104.940602,6/16/2016 18:11,18:11,12,0,0,COLORADO BOULEVARD & 14TH AVENUE EAST,1,1,0,0,1,3,,0,35,0,0,0,0,0,2,2,2
,2016_56307,39.738485,-104.940602,9/6/2016 10:19,10:19,12,0,0,COLORADO BOULEVARD NORTH & 14TH AVENUE EAST,1,1,0,0,1,1,,0,30,0,0,0,0,0,2,2,14
,2016_56308,39.740236,-104.940601,7/29/2016 18:31,18:31,12,0,0,COLORADO BOULEVARD NORTH & COLFAX AVENUE EAST,1,1,0,0,1,3,,0,35,0,0,0,0,0,2,2,13
,2016_56309,39.740236,-104.940601,8/14/2016 13:00,13:00,3,0,0,COLFAX AVENUE EAST & COLORADO BOULEVARD NORTH,1,1,0,0,1,1,,0,35,0,0,0,0,0,2,2,1
,2016_56311,39.740236,-104.940601,12/17/2016 20:52,20:52,12,0,0,COLORADO BOULEVARD NORTH & COLFAX AVENUE NORTH,5,3,0,2,1,3,,0,35,0,0,0,0,0,2,2,7
,2016_56312,39.750887,-104.940597,12/6/2016 23:30,23:30,3,0,0,COLORADO BOULEVARD NORTH & 23RD AVENUE EAST,4,3,0,2,1,1,,0,35,0,0,0,0,0,2,2,1
,2016_56313,39.762786,-104.940507,7/19/2016 17:27,17:27,15,0,0,COLORADO BOULEVARD 3200 BLOCK NORTH & MLK AVENUE EAST,1,1,1,0,1,4,,0,40,0,0,0,0,0,2,3,13
,2016_56315,39.764528,-104.940501,5/13/2016 12:00,12:00,15,0,0,BRUCE RANDOLPH AVENUE EAST & COLORADO BOULEVARD NORTH,1,1,0,0,1,1,,0,25,0,0,0,0,0,2,2,13
,2016_56317,39.765544,-104.940497,5/11/2016 15:00,15:00,12,0,0,35TH AVENUE EAST & COLORADO BOULEVARD NORTH,1,1,0,0,1,1,,0,40,0,0,0,0,0,2,3,13
,2016_56318,39.784135,-104.94045,1/8/2016 11:00,11:00,15,0,0,COLORADO BOULEVARD NORTH & 48TH AVENUE EAST,2,1,1,2,1,1,,0,35,0,0,0,0,0,2,2,13
,2016_56330,39.653079,-104.908853,7/18/2016 11:40,11:40,15,0,0,HAMPDEN AVENUE & SOUTH ONEIDA STREET,1,1,0,0,1,4,,0,40,0,0,0,0,0,2,2,1
,2016_56336,39.726021,-105.05058,2/8/2016 15:11,15:11,12,0,0,SIXTH AVENUE FRONTAGE ROAD & SHERIDAN BOULEVARD WB ON RAMP MERGE POINT,1,1,1,0,1,3,,0,30,0,0,0,0,0,2,2,13
,2016_56338,39.725541,-105.035083,11/3/2016 3:45,3:45,12,0,0,SIXTH AVENUE WEST & LOWELL BOULEVARD NORTH,1,1,0,0,1,4,,0,55,0,0,0,0,0,2,3,3
,2016_56339,39.72553,-105.033777,4/15/2016 11:50,11:50,15,0,0,SIXTH AVENUE WEST & LOWELL BOULEVARD / PERRY STREET EXIT GORE POINT,1,1,0,0,1,4,,0,55,0,0,0,0,0,2,2,13
,2016_56340,39.725455,-105.032456,7/11/2016 12:20,12:20,12,0,0,SIXTH AVENUE WEST & KNOX COURT NORTH,1,1,1,0,1,4,,0,45,0,0,0,0,0,2,2,12
,2016_56341,39.725428,-105.030972,10/11/2016 15:45,15:45,12,0,0,SIXTH AVENUE WEST WB ON RAMP MERGE POINT & FEDERAL BOULEVARD NORTH,1,1,1,0,1,14,,0,30,0,0,0,0,0,2,2,5
,2016_56342,39.725424,-105.030753,11/28/2016 20:04,20:04,8,0,0,SIXTH AVENUE WEST & FEDERAL BOULEVARD SOUTH,1,3,1,0,1,4,,0,,0,0,0,0,1,2,4,13
,2016_56343,39.725423,-105.030025,10/21/2016 22:12,22:12,12,0,0,SIXTH AVENUE WEST & IRVING STREET NORTH,1,3,0,0,1,4,,0,55,0,0,0,0,0,2,2,13
,2016_56344,39.725415,-105.025258,5/26/2016 6:53,6:53,15,0,0,SIXTH AVENUE WEST & FEDERAL BOULEVARD NORTH,1,1,0,0,1,4,,0,55,0,0,0,0,0,2,2,1
,2016_56345,39.725415,-105.024686,12/12/2016 17:15,17:15,12,0,0,SIXTH AVENUE WEST & FEDERAL BOULEVARD NORTH,1,3,0,0,1,4,,0,65,0,0,0,0,0,2,2,1
,2016_56347,39.725378,-105.022182,1/29/2016 6:35,6:35,10,0,0,SIXTH AVENUE WEST & FEDERAL BOULEVARD NORTH WB OFF RAMP SPLIT POINT,1,3,0,0,1,14,,1,55,0,0,0,0,0,2,2,13
,2016_56348,39.725269,-105.020195,4/29/2016 18:00,18:00,15,0,0,SIXTH AVENUE WEST & FEDERAL BOULEVARD NORTH,2,2,0,2,1,4,,0,55,0,0,0,0,0,2,2,13
,2016_56349,39.781449,-104.94971,1/30/2016 12:19,12:19,15,0,0,STEELE STREET NORTH & VASQUEZ BOULEVARD NORTH,1,1,0,0,1,1,,0,25,0,0,0,0,0,2,2,13
,2016_56350,39.783752,-104.947831,8/15/2016 14:25,14:25,1,0,0,VASQUEZ BOULEVARD & 48TH AVENUE EAST,1,1,0,0,1,1,,0,,0,0,0,0,1,2,2,7
,2016_56351,39.783752,-104.947831,10/21/2016 15:45,15:45,1,0,0,VASQUEZ BOULEVARD NORTH & 48TH AVENUE EAST,1,1,0,0,1,1,,0,45,0,0,0,0,0,2,2,13
,2016_56400,39.674578,-104.930362,12/19/2016 17:40,17:40,12,0,0,I25 & MM 203.20,1,1,0,0,1,4,,0,55,0,0,0,0,0,1,2,13
,2016_56417,39.633614,-104.90654,4/25/2016 16:20,16:20,12,0,0,I25  & I225,1,1,0,0,1,4,,0,65,0,0,0,0,0,1,2,13
,2016_56418,39.636285,-104.908136,2/10/2016 13:15,13:15,15,0,2,I25 SOUTHBOUND & BELLEVIEW RAMP OFF GORE POINT,1,1,0,0,1,4,,0,65,0,0,0,0,2,1,2,13
,2016_56419,39.639103,-104.91017,1/8/2016 15:32,15:32,5,0,0,I25 & QUINCY AVENUE EAST,2,1,0,2,2,4,,0,65,0,0,0,0,0,1,1,16
,2016_56420,39.646572,-104.914546,3/18/2016 6:15,6:15,12,0,0,I25 & HAMPDEN AVENUE EAST,5,2,1,2,1,4,,0,65,0,0,0,0,0,1,4,13
,2016_56421,39.649805,-104.916422,12/30/2016 15:07,15:07,12,0,0,I25 NORTHBOUND & HAMPDEN OFF RAMP GORE POINT BEGIN,1,1,0,0,1,4,,0,65,0,0,0,0,0,1,2,13
,2016_56422,39.650748,-104.91697,1/8/2016 12:05,12:05,9,0,0,I25 & HAMPDEN AVENUE EAST NORTHBOUND EXIT GORE POINT,12,1,0,4,3,14,,0,65,0,0,0,0,0,1,2,13
,2016_56423,39.652254,-104.917844,7/12/2016 22:04,22:04,5,0,0,I25 SOUTHBOUND & HAMPDEN AVENUE EAST,1,3,0,0,1,4,,0,65,0,0,0,0,0,1,3,13
,2016_56424,39.653259,-104.918319,2/28/2016 15:30,15:30,12,0,0,I25 & HAMPDEN AVENUE EAST,1,1,1,0,1,4,,0,45,0,0,0,0,0,1,2,13
,2016_56425,39.653772,-104.918562,6/26/2016 5:45,5:45,12,0,0,I25 HIGHWAY SOUTHBOUND & HAMPDEN AVENUE EAST,1,5,0,0,1,4,,0,60,0,0,0,0,0,1,2,13
,2016_56426,39.654414,-104.918866,9/26/2016 15:25,15:25,12,0,0,I25 & HAMPDEN AVENUE EAST,1,1,0,0,1,4,,0,35,0,0,0,0,0,1,2,13
,2016_56427,39.678367,-104.933559,3/2/2016 17:41,17:41,1,0,0,EVANS AVENUE EAST & I25 SOUTHBOUND RAMPS,1,3,0,0,1,1,,0,35,0,0,0,0,0,1,2,13
,2016_56428,39.678804,-104.93394,7/11/2016 15:28,15:28,12,0,0,I25 NORTHBOUND RAMP ON & EVANS AVENUE EAST,1,1,1,0,1,14,,0,30,0,0,0,0,0,1,2,3
,2016_56429,39.683094,-104.940452,2/16/2016 8:00,8:00,12,0,0,I25 & COLORADO BOULEVARD SOUTH,1,1,0,0,1,4,,0,60,0,0,0,0,0,1,2,13
,2016_56430,39.683094,-104.940452,5/5/2016 18:05,18:05,12,0,0,I25 & COLORADO BOULEVARD SOUTH,1,1,1,0,1,4,,0,60,0,0,0,0,0,1,3,13
,2016_56431,39.683094,-104.940452,6/14/2016 15:50,15:50,12,0,0,I25 & COLORADO BOULEVARD SOUTH,14,1,0,0,1,4,,0,60,0,0,0,0,0,1,3,14
,2016_56432,39.683094,-104.940452,11/3/2016 17:50,17:50,12,0,0,I25 & COLORADO BOULEVARD SOUTH,1,2,0,0,1,4,,0,55,0,0,0,0,0,1,2,13
,2016_56433,39.683309,-104.94138,9/16/2016 15:20,15:20,12,0,0,I25 SOUTHBOUND LOOP RAMP ON & COLORADO BOULEVARD SOUTH,1,1,1,0,1,14,,0,,0,0,0,0,1,1,2,13
,2016_56434,39.68492,-104.959509,6/24/2016 8:48,8:48,12,0,0,I25 HIGHWAY NORTHBOUND & UNIVERSITY BOULEVARD SOUTH INTERCHANGE,1,1,0,0,1,4,,0,60,0,0,0,0,0,1,2,3
,2016_56435,39.684899,-104.960276,9/21/2016 9:25,9:25,12,0,0,I25 & UNIVERSITY BOULEVARD SOUTH,1,1,1,0,1,4,,0,60,0,0,0,0,0,1,2,13
,2016_56436,39.685259,-104.963253,7/9/2016 2:24,2:24,5,0,0,I25 RAMP OFF & SOUTHBOUND EXIT GORE POINT TO UNIVERSITY,1,3,0,0,3,14,,0,55,0,0,0,0,0,1,1,12
,2016_56438,39.690115,-104.973561,10/28/2016 18:47,18:47,12,0,0,I25 & DOWNING STREET SOUTH,1,3,0,0,1,4,,0,55,0,0,0,0,0,1,2,13
,2016_56439,39.697504,-104.982761,7/28/2016 15:46,15:46,12,0,0,I25 NORTHBOUND & LOGAN STREET SOUTH,1,1,1,0,1,4,,0,55,0,0,0,0,0,1,2,14