id,drcog_id,latitude,longitude,crashtime,time,crashtype,numbkilled,numbinjurd,drcoglocat,rdconditin,lightngcon,roadcntgrd,weatherco,location,roaddescrp,schoolzone,constrzone,splimit,bikeinv,pedinv,sctrinv,motoinv,svrty,rdsystem,ttlvehcls,hcf
,2016_56440,39.701466,-104.987451,6/6/2016 12:10,12:10,12,0,0,I25 & BROADWAY,1,1,0,0,1,4,,0,55,0,0,0,0,0,1,2,13
,2016_56441,39.705113,-104.995181,3/22/2016 15:50,15:50,15,0,0,I25 & SANTA FE DRIVE SOUTH,1,1,0,0,1,4,,0,55,0,0,0,0,0,1,2,14
,2016_56442,39.708431,-104.997416,6/25/2016 15:13,15:13,12,0,0,I25 & ALAMEDA AVENUE WEST INTERCHANGE,1,1,0,0,1,4,,0,55,0,0,0,0,0,1,3,3
,2016_56443,39.711525,-104.999094,12/12/2016 10:59,10:59,15,0,0,I25 & ALAMEDA AVENUE,1,1,0,0,1,4,,0,55,0,0,0,0,0,1,4,14
,2016_56444,39.713041,-105.000001,1/14/2016 15:58,15:58,3,0,0,KALAMATH STREET SOUTH & CEDAR AVENUE WEST,1,1,0,0,1,1,,0,35,0,0,0,0,0,1,2,13
,2016_56445,39.714528,-105.00093,8/18/2016 11:49,11:49,12,0,1,I25 NORTHBOUND & SIXTH AVENUE WEST,1,1,1,0,1,4,,0,55,0,0,0,0,2,1,2,13
,2016_56446,39.714925,-105.00119,5/15/2016 16:40,16:40,12,0,0,I25 & ALAMEDA AVENUE WEST,1,1,0,0,1,4,,0,55,0,0,0,0,0,1,2,3
,2016_56447,39.716518,-105.002553,11/3/2016 10:29,10:29,12,0,0,I25 & ELLSWORTH AVENUE,1,1,0,0,1,4,,0,55,0,0,0,0,0,1,2,3
,2016_56448,39.717712,-105.004262,1/29/2016 18:20,18:20,12,0,0,I25 & WEST ALAMEDA AVENUE,1,3,0,0,1,4,,0,,0,0,0,0,0,1,3,14
,2016_56450,39.718008,-105.004693,11/23/2016 16:00,16:00,12,0,0,I25 & ALAMEDA AVENUE WEST,1,1,1,0,1,4,,0,55,0,0,0,0,0,1,2,3
,2016_56451,39.720036,-105.007094,8/28/2016 1:05,1:05,5,0,0,I25 NORTHBOUND & SIXTH AVENUE WEST,1,3,0,0,2,4,,0,55,0,0,0,0,0,1,2,13
,2016_56452,39.720036,-105.007094,9/22/2016 18:45,18:45,15,0,0,I25 SOUTHBOUND MERGE LANE & SIXTH AVENUE WEST RAMP ON GORE POINT,1,2,0,0,1,4,,0,55,0,0,0,0,0,1,2,13
,2016_56453,39.72102,-105.008165,4/5/2016 7:33,7:33,12,0,0,I25 & THIRD AVENUE WEST,1,1,0,0,1,4,,0,55,0,0,0,0,0,1,3,8
,2016_56454,39.722268,-105.009616,1/14/2016 8:18,8:18,12,0,0,I25  & SIXTH AVENUE WB RAMP ON,1,1,0,0,1,4,,0,55,0,0,0,0,0,1,3,1
,2016_56455,39.72244,-105.009858,1/17/2016 19:00,19:00,12,0,0,I25 & SIXTH AVENUE INTERCHANGE,1,3,0,0,1,4,,0,55,0,0,0,0,1,1,2,5
,2016_56456,39.722669,-105.010181,6/17/2016 2:45,2:45,5,0,0,I25 HIGHWAY NORTHBOUND RAMP OFF  & GORE POINT TO SIXTH AVENUE WEST,1,4,0,0,1,14,,1,50,0,0,0,0,0,1,2,13
,2016_56457,39.722955,-105.010584,10/24/2016 23:20,23:20,15,0,0,I25 & SIXTH AVENUE WEST INTERCHANGE,1,3,0,0,1,4,,0,45,0,0,0,0,0,1,2,13
,2016_56458,39.723881,-105.011684,6/27/2016 12:48,12:48,15,0,0,I25 HIGHWAY SOUTHBOUND  & SIXTH AVENUE WEST INTERCHANGE,1,1,0,0,1,4,,0,55,0,0,0,0,0,1,2,13
,2016_56459,39.725281,-105.012899,5/16/2016 16:32,16:32,12,0,0,I25 & SIXTH AVENUE INTERCHANGE,2,1,1,1,1,4,,0,55,0,0,0,0,1,1,3,13
,2016_56460,39.729265,-105.014796,3/11/2016 12:04,12:04,12,0,0,I25 & EIGHTH AVENUE WEST INTERCHANGE,1,1,1,0,1,4,,0,55,0,0,0,1,0,1,2,13
,2016_56461,39.729265,-105.014796,8/16/2016 13:20,13:20,5,0,0,I25 NORTHBOUND & EIGHTH AVENUE WEST,1,1,0,0,1,4,,0,55,0,0,0,0,0,1,2,13
,2016_56462,39.738866,-105.013842,10/3/2016 16:00,16:00,12,0,0,I25 & COLFAX AVENUE WEST,1,1,0,0,1,4,,0,55,0,0,0,0,0,1,2,13
,2016_56463,39.739886,-105.0139,7/14/2016 14:00,14:00,12,0,0,I25 NORTHBOUND OFF RAMP & COLFAX AVENUE WEST,1,1,1,0,1,14,,0,35,0,0,0,0,0,1,2,13
,2016_56464,39.740257,-105.013939,8/25/2016 21:04,21:04,15,0,0,I25 & COLFAX AVENUE WEST,1,3,0,0,1,4,,0,55,0,0,0,0,0,1,3,13
,2016_56465,39.740257,-105.013939,10/17/2016 8:15,8:15,15,0,0,I25 SOUTHBOUND & COLFAX AVENUE WEST,1,1,0,0,1,4,,0,55,0,0,0,0,0,1,2,3
,2016_56466,39.74163,-105.014388,11/2/2016 23:01,23:01,12,0,0,I25 & COLFAX AVENUE WEST,1,3,0,0,1,4,,0,55,0,0,0,0,0,1,3,7
,2016_56467,39.74749,-105.018114,7/18/2016 15:10,15:10,12,0,0,I25 & 20TH AVENUE WEST,2,1,0,0,1,4,,0,65,0,0,0,0,0,1,2,7
,2016_56468,39.74749,-105.018114,8/4/2016 16:20,16:20,12,0,0,I25 & 20TH AVENUE,1,1,0,0,1,4,,0,55,0,0,0,0,0,1,2,13
,2016_56469,39.751295,-105.016566,6/3/2016 16:56,16:56,15,0,0,I25 SOUTHBOUND & 23RD AVENUE WEST,1,1,0,0,1,4,,0,55,0,0,0,0,0,1,2,13
,2016_56470,39.751295,-105.016566,6/28/2016 11:32,11:32,15,0,0,I25 & 23RD AVENUE WEST,1,1,1,0,1,4,,0,55,0,0,0,0,0,1,2,13
,2016_56471,39.751295,-105.016566,10/21/2016 16:10,16:10,1,0,0,23RD AVENUE WEST & I25 SOUTHBOUND RAMP ON,1,1,0,0,1,1,,0,35,0,0,0,0,1,1,2,13
,2016_56472,39.754269,-105.013934,11/10/2016 7:10,7:10,12,0,0,I25 & SPEER BOULEVARD,1,1,0,0,1,4,,0,55,0,0,0,0,0,1,2,13
,2016_56473,39.754552,-105.013541,2/8/2016 0:41,0:41,6,0,0,I25 & SPEER BOULEVARD,1,3,1,0,1,14,,0,45,0,0,0,0,0,1,2,5
,2016_56474,39.755024,-105.012885,10/6/2016 13:15,13:15,12,0,0,I25 & SPEER BOULEVARD,1,1,0,0,1,4,,0,65,0,0,0,0,0,1,2,13
,2016_56475,39.755118,-105.012754,4/22/2016 16:19,16:19,12,0,0,I25 & SPEER BOULEVARD NORTH,1,1,0,0,1,4,,0,55,0,0,0,0,0,1,2,13
,2016_56476,39.755118,-105.012754,6/10/2016 18:04,18:04,15,0,0,I25 & SPEER BOULEVARD NORTH,1,1,0,0,1,4,,0,,0,0,0,0,0,1,2,13
,2016_56477,39.755118,-105.012754,8/29/2016 15:28,15:28,12,0,0,I25 SOUTHBOUND & SPEER BOULEVARD,1,1,0,0,1,4,,0,55,0,0,0,0,0,1,2,13
,2016_56478,39.756061,-105.011444,7/21/2016 15:00,15:00,15,0,0,I25 SOUTHBOUND & SPEER BOULEVARD NORTH,1,1,0,0,1,4,,0,55,0,0,0,0,0,1,2,4
,2016_56479,39.756533,-105.010789,6/26/2016 18:28,18:28,12,0,0,I25 HIGHWAY SOUTHBOUND & SPEER BOULEVARD NORTH INTERCHANGE,1,1,0,0,1,4,,0,55,0,0,0,0,0,1,3,13
,2016_56480,39.760997,-105.004271,3/6/2016 9:00,9:00,12,0,0,I25 & 20TH STREET,1,1,0,0,1,4,,0,55,0,0,0,0,0,1,2,1
,2016_56481,39.760997,-105.004271,4/9/2016 17:21,17:21,12,0,0,I25 & 20TH STREET,1,1,0,0,1,4,,0,55,0,0,0,0,0,1,2,13
,2016_56484,39.760997,-105.004271,9/23/2016 16:26,16:26,15,0,0,I25 & 20TH STREET,1,1,0,0,1,4,,0,55,0,0,0,0,0,1,2,13
,2016_56485,39.760997,-105.004271,12/20/2016 13:46,13:46,12,0,0,I25 & 20TH STREET,1,1,1,0,1,4,,0,55,0,0,0,0,1,1,2,13
,2016_56486,39.768049,-104.994761,5/20/2016 12:16,12:16,12,0,0,I25 & PARK AVENUE WEST,1,1,0,0,1,4,,0,55,0,0,0,0,0,1,3,3
,2016_56487,39.768049,-104.994761,6/1/2016 15:15,15:15,12,0,0,I25 & 38TH AVENUE WEST,1,1,0,0,1,4,,0,55,0,0,0,0,0,1,2,13
,2016_56488,39.768049,-104.994761,6/23/2016 8:50,8:50,12,0,0,I25 HIGHWAY SOUTHBOUND & 38TH AVENUE WEST INTERCHANGE,1,1,1,0,1,4,,0,55,0,0,0,0,0,1,2,1
,2016_56489,39.768049,-104.994761,10/20/2016 17:33,17:33,12,0,0,I25 & PARK AVENUE WEST,1,1,1,0,1,4,,0,55,0,0,0,0,1,1,2,13
,2016_56490,39.768049,-104.994761,11/1/2016 12:01,12:01,15,0,0,I25 & 38TH AVENUE,1,1,0,0,1,4,,0,55,0,0,0,0,0,1,4,1
,2016_56491,39.768049,-104.994761,12/1/2016 15:53,15:53,12,0,0,I25 & 38TH AVENUE,1,1,0,0,1,4,,0,55,0,0,0,0,0,1,2,13
,2016_56492,39.768049,-104.994761,4/24/2016 13:33,13:33,12,0,0,I25 & PARK AVENUE WEST EXIT,1,1,0,0,1,1,,0,55,0,0,0,0,0,1,2,12
,2016_56493,39.768049,-104.994761,10/16/2016 23:00,23:00,12,0,0,PARK AVENUE WEST / FOX STREET & I25 NORTHBOUND RAMP ON,1,3,0,0,1,3,,0,35,0,0,0,0,0,1,2,13
,2016_56494,39.776439,-104.98921,9/1/2016 13:01,13:01,12,0,0,I25 & 44TH AVENUE,1,1,0,0,1,4,,0,55,0,0,0,0,0,1,3,13
,2016_56495,39.779391,-104.989164,11/29/2016 10:05,10:05,12,0,0,I70 & I25,1,1,0,0,1,4,,0,55,0,0,0,0,0,1,2,13
,2016_56552,39.740013,-104.969307,11/6/2016 9:15,9:15,6,0,0,COLFAX AVENUE EAST & 1500 BLOCK,1,1,0,0,1,4,,0,30,0,0,0,0,0,2,2,13
,2016_56554,39.711126,-105.032675,8/24/2016 20:00,20:00,3,0,0,KNOX COURT SOUTH & ALAMEDA AVENUE WEST,2,3,0,0,1,1,,0,35,0,0,0,0,1,2,3,14
,2016_56555,39.711124,-105.03249,10/2/2016 18:50,18:50,12,0,0,ALAMEDA AVENUE WEST & MORRISON ROAD,1,3,0,0,1,1,,0,,0,0,0,0,0,2,3,13
,2016_56556,39.711141,-105.019242,2/3/2016 2:09,2:09,5,0,0,ALAMEDA AVENUE WEST & CANOSA COURT SOUTH,5,3,0,2,3,1,,0,40,0,0,0,0,0,2,1,1
,2016_56557,39.711178,-105.011411,12/9/2016 12:22,12:22,12,0,0,ALAMEDA AVENUE WEST & TEJON STREET SOUTH,2,1,0,0,1,4,,0,35,0,0,0,0,0,2,2,7
,2016_56558,39.71118,-105.011223,6/2/2016 13:54,13:54,15,0,0,ALAMEDA AVENUE WEST & TEJON STREET SOUTH,1,1,0,0,1,4,,0,35,0,0,0,0,0,2,2,7
,2016_56559,39.711184,-105.006384,7/5/2016 12:30,12:30,12,0,0,ALAMEDA AVENUE WEST & PECOS STREET SOUTH,1,1,0,0,1,1,,0,35,0,0,0,0,0,2,3,13
,2016_56560,39.711184,-105.001546,11/21/2016 3:00,3:00,5,0,1,ALAMEDA AVENUE WEST & LIPAN STREET SOUTH,1,3,0,0,2,3,,0,35,0,0,0,0,2,2,1,13
,2016_56561,39.711184,-105.000802,9/29/2016 6:58,6:58,12,0,0,ALAMEDA AVENUE WEST & PLATTE RIVER DRIVE SOUTH,1,1,0,0,1,1,,0,30,0,0,0,0,0,2,2,13
,2016_56562,39.711192,-104.99993,8/15/2016 11:59,11:59,15,0,0,I25 SOUTHBOUND OFF RAMP & ALAMEDA AVENUE,1,1,0,0,1,1,,0,35,0,0,0,0,0,2,2,7
,2016_56563,39.711192,-104.99993,10/19/2016 14:42,14:42,15,0,0,I25 SOUTHBOUND RAMP OFF & ALAMEDA AVENUE WEST,1,1,0,0,1,1,,0,15,0,0,0,0,0,2,2,14
,2016_56564,39.711201,-104.999073,4/12/2016 7:16,7:16,15,0,0,ALAMEDA AVENUE 900 BLOCK WEST & KALAMATH STREET SOUTH,1,1,0,0,1,4,,0,30,0,0,0,0,0,2,2,8
,2016_56565,39.711208,-104.998391,11/7/2016 5:18,5:18,3,0,0,ALAMEDA AVENUE WEST & KALAMATH STREET SOUTH,1,3,0,0,1,1,,0,30,0,0,0,0,0,2,2,8
,2016_56566,39.653081,-104.911746,1/20/2016 7:01,7:01,12,0,0,HAMPDEN AVENUE 6700 BLOCK EAST & MONACO STREET SOUTH,1,1,0,0,1,4,,0,40,0,0,0,0,0,2,2,1
,2016_56568,39.653037,-104.88293,12/9/2016 15:40,15:40,3,0,0,HAMPDEN AVENUE 8900 BLOCK EAST & YOSEMITE STREET SOUTH,1,1,0,0,1,2,,0,45,0,0,0,0,0,2,3,13
,2016_56569,39.653052,-104.871456,5/6/2016 16:30,16:30,12,0,0,HAMPDEN AVENUE & FLORENCE STREET SOUTH,1,1,0,0,1,4,,0,45,0,0,0,0,0,2,2,13
,2016_56570,39.65319,-104.86945,3/2/2016 17:17,17:17,1,0,0,HAMPDEN AVENUE 9700 EAST & FLORENCE STREET SOUTH,1,2,0,0,1,2,,0,45,0,0,0,0,1,2,3,3
,2016_56590,39.779316,-104.903391,4/9/2016 4:40,4:40,1,0,0,NORTHFIELD QUEBEC STREET NORTH & I70 WB RAMP,1,3,0,0,1,1,,0,35,0,0,0,0,0,2,2,13
,2016_56591,39.784154,-104.899718,3/25/2016 23:45,23:45,5,0,0,QUEBEC STREET SOUTHBOUND RAMP & I270 EASTBOUND SLIP RAMP ON,2,3,0,0,3,14,,0,,0,0,0,0,1,2,1,14
,2016_56592,39.790493,-104.903478,8/16/2016 23:45,23:45,9,0,1,QUEBEC STREET NORTH & 52ND PLACE,1,3,1,0,1,2,,0,40,0,0,0,1,2,2,2,14
,2016_56593,39.791094,-104.903321,6/8/2016 10:05,10:05,15,0,0,QUEBEC STREET & 52ND AVENUE EAST,1,1,0,0,1,4,,0,40,0,0,0,0,0,2,2,13
,2016_56656,39.740344,-105.029902,1/27/2016 15:40,15:40,1,0,0,WEST COLFAX AVENUE & NORTH IRVING STREET,1,1,1,0,1,1,,0,30,0,0,0,0,0,2,2,13
,2016_56657,39.740344,-105.029902,10/24/2016 7:15,7:15,3,0,0,COLFAX AVENUE WEST & IRVING STREET NORTH,1,1,0,0,1,1,,0,20,0,0,0,0,0,2,2,13
,2016_56658,39.74039,-105.017706,5/25/2016 10:05,10:05,12,0,0,COLFAX AVENUE WB ON RAMP & AURARIA PARKWAY,1,1,0,0,1,14,,0,35,0,0,0,0,0,2,2,14
,2016_56659,39.740345,-105.015536,6/25/2016 16:05,16:05,15,0,0,COLFAX AVENUE WEST & I25 SOUTHBOUND RAMP,1,1,0,0,1,1,,0,25,0,0,0,0,0,2,2,13
,2016_56660,39.740345,-105.015536,9/9/2016 8:00,8:00,3,0,0,COLFAX AVENUE WEST & I25 SOUTHBOUND OFF RAMP,1,1,0,0,1,1,,0,35,0,0,0,0,1,2,2,14
,2016_56662,39.740038,-105.001446,8/8/2016 8:58,8:58,12,0,0,COLFAX AVENUE WEST & LIPAN STREET NORTH,1,1,0,0,1,3,,0,35,0,0,0,0,0,2,2,14
,2016_56663,39.740048,-104.999933,3/21/2016 18:51,18:51,1,0,0,COLFAX AVENUE WEST & KALAMATH STREET NORTH,1,1,0,0,1,1,,0,35,0,0,0,0,0,2,2,13
,2016_56664,39.740048,-104.999933,8/2/2016 19:02,19:02,15,0,0,COLFAX AVENUE WEST & KALAMATH STREET NORTH,1,1,0,0,1,3,,0,35,0,0,0,0,0,2,2,13
,2016_56665,39.740031,-104.996607,1/29/2016 13:35,13:35,3,0,0,COLFAX AVENUE WEST & GALAPAGO STREET,1,1,0,0,1,1,,0,30,0,0,0,0,0,2,2,13
,2016_56666,39.740301,-104.98832,10/24/2016 9:50,9:50,15,0,0,COLFAX AVENUE WEST & 15TH STREET,1,1,0,0,1,2,,0,25,0,0,0,0,0,2,2,13
,2016_56668,39.740041,-104.983728,11/28/2016 19:02,19:02,3,0,0,COLFAX AVENUE EAST & GRANT STREET NORTH,1,3,0,0,1,1,,0,30,0,0,0,0,1,2,2,13
,2016_56669,39.740028,-104.982228,5/18/2016 10:40,10:40,3,0,0,COLFAX AVENUE EAST & LOGAN STREET NORTH,1,1,0,0,1,1,,0,30,0,0,0,0,0,2,2,13
,2016_56670,39.740007,-104.973426,4/29/2016 17:09,17:09,10,0,0,COLFAX AVENUE EAST & DOWNING STREET NORTH,2,1,0,1,1,1,,0,25,0,0,0,0,0,2,2,7
,2016_56671,39.783721,-104.900018,2/17/2016 1:00,1:00,5,0,0,NORTHFIELD QUEBEC STREET NORTH & I270 WB ON RAMP,1,3,1,0,3,4,,0,40,0,0,0,0,0,2,1,9
,2016_56672,39.740011,-104.96893,11/5/2016 11:45,11:45,6,0,0,COLFAX AVENUE 1500 BLOCK EAST & FRANKLIN STREET NORTH,1,1,0,0,1,4,,0,30,0,0,0,0,0,2,2,14
,2016_56673,39.740009,-104.968553,5/28/2016 9:19,9:19,15,0,0,COLFAX AVENUE EAST & FRANKLIN STREET NORTH,1,1,0,0,1,1,,0,30,0,0,0,0,0,2,2,13
,2016_56674,39.739998,-104.966103,5/6/2016 20:30,20:30,3,0,0,COLFAX AVENUE EAST & WILLIAMS STREET NORTH,1,3,0,0,1,1,,0,30,0,0,0,0,0,2,2,13
,2016_56675,39.73999,-104.964407,6/19/2016 18:37,18:37,12,0,0,COLFAX AVENUE EAST & HIGH STREET NORTH,1,1,0,0,1,3,,0,30,0,0,0,0,0,2,3,4
,2016_56676,39.740183,-104.956893,1/17/2016 16:14,16:14,6,0,0,EAST COLFAX AVENUE & NORTH ESPLANADE,1,2,0,0,1,1,,0,30,0,0,0,0,0,2,2,14
,2016_56677,39.740183,-104.956893,3/14/2016 9:55,9:55,12,0,0,COLFAX AVENUE EAST & ESPLANADE PARKWAY NORTH,1,1,0,0,1,1,,0,35,0,0,0,0,0,2,2,12
,2016_56678,39.740057,-104.933581,4/20/2016 8:20,8:20,12,0,0,COLFAX AVENUE EAST & CHERRY STREET NORTH,1,1,0,0,1,1,,0,35,0,0,0,0,1,2,2,2
,2016_56679,39.740082,-104.912743,7/18/2016 10:00,10:00,3,0,0,COLFAX AVENUE EAST & MONACO PARKWAY NORTH,1,1,0,0,1,1,,0,35,0,0,0,0,0,2,2,7
,2016_56680,39.740082,-104.912367,10/26/2016 8:20,8:20,3,0,0,COLFAX AVENUE EAST & MONACO PARKWAY NORTH,1,1,0,0,1,1,,0,35,0,0,0,0,0,2,2,13
,2016_56682,39.740084,-104.904851,4/18/2016 15:42,15:42,15,0,0,COLFAX AVENUE EAST & POPLAR STREET NORTH,1,1,0,0,1,4,,0,35,0,0,0,0,0,2,2,14
,2016_56683,39.740085,-104.901093,9/26/2016 17:38,17:38,12,0,0,COLFAX AVENUE EAST & ROSLYN STREET NORTH,1,1,1,0,1,3,,0,,0,0,0,0,0,2,2,13
,2016_56684,39.740086,-104.892825,12/22/2016 22:41,22:41,1,0,0,COLFAX AVENUE EAST & UINTA STREET NORTH,1,3,1,0,1,1,,0,25,0,0,0,0,1,2,2,13
,2016_56740,39.783914,-105.052332,9/6/2016 22:57,22:57,5,0,0,I70 & SHERIDAN BOULEVARD NORTH,1,3,0,0,3,4,,0,,0,0,0,0,0,1,1,13
,2016_56742,39.783357,-105.034655,8/27/2016 10:20,10:20,3,0,0,LOWELL BOULEVARD NORTH & I70 WB RAMPS,1,1,0,0,1,1,,0,30,0,0,0,0,0,1,2,13
,2016_56743,39.784178,-105.025956,7/28/2016 8:45,8:45,12,0,0,I70 EASTBOUND OFF RAMP & FEDERAL BOULEVARD,1,1,1,0,1,14,,0,35,0,0,0,0,0,1,2,3
,2016_56744,39.783571,-105.015888,3/30/2016 19:08,19:08,5,0,0,I70 & ZUNI STREET NORTH,2,3,1,1,2,4,,0,55,0,0,0,0,0,1,1,9
,2016_56745,39.783251,-105.008056,3/24/2016 4:50,4:50,5,0,0,I70 & PECOS STREET NORTH,5,3,0,2,2,4,,0,55,0,0,0,0,0,1,1,13
,2016_56746,39.783251,-105.008056,5/19/2016 8:06,8:06,12,0,0,I70 EASTBOUND & PECOS STREET,1,1,0,0,1,4,,0,55,0,0,0,0,0,1,2,14
,2016_56747,39.783149,-105.006371,7/28/2016 9:00,9:00,12,0,0,I70 & PECOS STREET,1,1,1,0,1,4,,0,55,0,0,0,0,0,1,2,13
,2016_56748,39.783149,-105.006371,2/22/2016 11:46,11:46,12,0,0,PECOS STREET NORTH & 48TH AVENUE WEST,1,1,0,0,1,6,,0,35,0,0,0,0,0,1,2,14
,2016_56749,39.783088,-105.000825,10/7/2016 8:29,8:29,12,0,0,I70 & PECOS STREET NORTH,1,1,1,0,1,4,,0,65,0,0,0,0,0,1,2,3
,2016_56750,39.780058,-104.9894,5/31/2016 9:10,9:10,12,0,0,I70 HIGHWAY EASTBOUND & I25 HIGHWAY SOUTHBOUND,1,1,0,0,1,4,,0,55,0,0,0,0,0,1,3,14
,2016_56751,39.780058,-104.9894,7/12/2016 7:30,7:30,12,0,0,I70 EASTBOUND  & I25 INTERCHANGE,1,1,0,0,1,4,,0,55,0,0,0,0,0,1,2,7
,2016_56752,39.77975,-104.985987,4/6/2016 18:30,18:30,5,0,0,I70 NORTHBOUND ON RAMP FROM & I25,1,1,1,1,2,14,,0,55,0,0,0,0,0,1,1,13
,2016_56753,39.779604,-104.981077,7/31/2016 17:45,17:45,5,0,0,I70 & WASHINGTON STREET,1,1,0,0,2,4,,0,55,0,0,0,0,0,1,1,5
,2016_56754,39.779441,-104.979019,5/12/2016 7:38,7:38,15,0,0,I70 EASTBOUND & WASHINGTON STREET NORTH,1,1,0,0,1,4,,0,55,0,0,0,0,0,1,2,13
,2016_56755,39.780012,-104.959789,5/21/2016 11:49,11:49,12,0,0,I70 WB & YORK STREET NORTH,1,1,0,0,1,4,,0,55,0,0,0,0,1,1,3,13
,2016_56756,39.780015,-104.954742,9/23/2016 10:23,10:23,12,0,0,I70 WB & STEELE STREET NORTH,1,1,0,0,1,4,,0,65,0,0,0,0,0,1,4,13
,2016_56757,39.780016,-104.953383,12/2/2016 11:40,11:40,12,0,0,I70 & VASQUEZ BOULEVARD  APPROXIMATELY,1,1,0,0,1,4,,0,55,0,0,0,0,0,1,2,13
,2016_56758,39.780016,-104.953383,12/9/2016 9:06,9:06,12,0,0,I70 & VASQUEZ BOULEVARD  APPROXIMATELY,2,1,0,0,1,4,,0,55,0,0,0,0,0,1,2,13
,2016_56759,39.780016,-104.953188,1/24/2016 4:37,4:37,5,0,0,46TH AVENUE EAST & FILLMORE STREET NORTH,1,3,0,0,2,3,,0,30,0,0,0,0,0,4,1,5
,2016_56760,39.779999,-104.949951,4/6/2016 16:33,16:33,5,0,0,I70 WB & VASQUEZ BOULEVARD,1,1,0,0,1,4,,0,55,0,0,0,0,0,1,2,13
,2016_56761,39.775827,-104.868053,12/1/2016 19:10,19:10,15,0,0,I70 & CENTRAL PARK BOULEVARD,1,3,0,0,1,4,,0,55,0,0,0,0,0,1,2,13
,2016_56762,39.775748,-104.867129,12/20/2016 15:43,15:43,12,0,0,I70 & HAVANA STREET,6,1,0,0,1,4,,0,55,0,0,0,0,0,1,2,13
,2016_56763,39.779999,-104.949951,10/25/2016 6:44,6:44,12,0,0,I70 & STEELE STREET APPROXIMATELY,1,3,0,0,1,4,,0,55,0,0,0,0,0,1,3,13
,2016_56764,39.779972,-104.945389,9/22/2016 12:15,12:15,12,0,0,I70 WB & COLORADO BOULEVARD APPROXIMATELY,1,1,0,0,1,4,,0,55,0,0,0,0,0,1,2,13
,2016_56765,39.780081,-104.935735,12/8/2016 9:27,9:27,12,0,0,I70 & COLORADO BOULEVARD,1,1,0,0,1,4,,0,55,0,0,0,0,1,1,2,7
,2016_56766,39.778287,-104.915482,2/16/2016 13:36,13:36,12,0,0,I70 & LEYDEN STREET NORTH,1,1,1,0,1,4,,0,55,0,0,0,0,0,1,2,7
,2016_56767,39.778295,-104.903454,6/17/2016 17:30,17:30,9,0,1,I70 & NORTHFIELD QUEBEC STREET NORTH,1,1,1,0,1,4,,0,55,0,0,0,1,2,1,2,13
,2016_56768,39.778128,-104.894448,1/20/2016 18:10,18:10,12,0,0,I270/I70 EASTBOUND OFF RAMP TO & CENTRAL PARKWAY,1,3,1,0,1,14,,0,55,0,0,0,0,0,1,2,13
,2016_56770,39.777139,-104.882953,1/20/2016 1:20,1:20,12,0,0,I70 WB & CENTRAL PARK BOULEVARD,1,1,0,0,1,4,,0,55,0,0,0,0,0,1,2,13
,2016_56771,39.777139,-104.882953,3/18/2016 8:02,8:02,12,0,0,I70 & CENTRAL PARK BOULEVARD NORTH,4,1,0,2,1,4,,0,55,0,0,0,0,0,1,2,13
,2016_56772,39.777122,-104.882764,1/26/2016 8:22,8:22,12,0,0,I70 WB RAMP OFF & CENTRAL PARK BOULEVARD NORTH,5,1,0,0,1,14,,0,35,0,0,0,0,0,1,2,3
,2016_56773,39.776541,-104.876372,2/17/2016 16:34,16:34,12,0,0,I70 EASTBOUND ENTRANCE RAMP FROM & CENTRAL PARK BOULEVARD,1,1,0,0,1,14,,0,55,0,0,0,0,0,1,2,13
,2016_56774,39.776303,-104.873599,5/9/2016 13:03,13:03,15,0,0,I70 WB & CENTRAL PARK BOULEVARD NORTH,1,1,1,0,1,4,,0,55,0,0,0,0,0,1,2,13
,2016_56775,39.77597,-104.869716,8/5/2016 10:30,10:30,15,0,0,I70 & HAVANA STREET,1,1,0,0,1,4,,0,55,0,0,0,0,0,1,2,14
,2016_56776,39.773999,-104.846793,6/28/2016 12:18,12:18,12,0,0,PEORIA STREET NORTH & I70 EASTBOUND RAMP,1,1,1,0,1,1,,0,45,0,0,0,0,0,1,2,13
,2016_56777,39.775891,-104.868792,12/9/2016 18:16,18:16,12,0,0,I70 & HAVANA STREET,8,3,0,0,1,4,,0,55,0,0,0,0,0,1,2,14
,2016_56778,39.775621,-104.865649,9/17/2016 18:16,18:16,12,0,0,I70 & HAVANA STREET NORTH,1,1,0,0,1,4,,0,45,0,0,0,0,0,1,2,13
,2016_56779,39.775589,-104.86528,4/30/2016 14:55,14:55,15,0,0,I70 EASTBOUND & HAVANA STREET NORTH,2,1,0,2,1,4,,0,55,0,0,0,0,0,1,2,13
,2016_56780,39.775573,-104.865095,5/3/2016 7:45,7:45,15,0,0,I70 EASTBOUND & HAVANA STREET NORTH,1,1,0,0,1,4,,1,55,0,0,0,0,1,1,2,13
,2016_56781,39.775573,-104.865095,7/23/2016 12:00,12:00,12,0,0,I70 & HAVANA STREET,1,1,0,0,1,4,,0,55,0,0,0,0,0,1,2,13
,2016_56782,39.775573,-104.865095,10/29/2016 12:26,12:26,12,0,0,I70 & HAVANA STREET NORTH APPROXIMATELY,1,1,0,0,1,4,,0,55,0,0,0,0,0,1,2,14
,2016_56783,39.775271,-104.861582,4/15/2016 17:58,17:58,12,0,0,I70 & HAVANA STREET NORTH,1,1,0,0,1,4,,0,55,0,0,0,0,0,1,2,13
,2016_56784,39.774381,-104.85123,2/25/2016 10:20,10:20,12,0,0,I70 HIGHWAY EASTBOUND RAMP ON & PEORIA STREET NORTH,1,1,0,0,1,14,,0,55,0,0,0,0,0,1,2,8