id,drcog_id,latitude,longitude,crashtime,time,crashtype,numbkilled,numbinjurd,drcoglocat,rdconditin,lightngcon,roadcntgrd,weatherco,location,roaddescrp,schoolzone,constrzone,splimit,bikeinv,pedinv,sctrinv,motoinv,svrty,rdsystem,ttlvehcls,hcf
,2016_56785,39.774142,-104.848457,9/21/2016 22:19,22:19,15,0,0,I70 & NORTH PEORIA STREET,1,3,0,0,1,4,,0,55,0,0,0,0,0,1,2,13
,2016_56786,39.773999,-104.846793,4/4/2016 8:04,8:04,12,0,0,I70 & PEORIA STREET NORTH,1,1,0,0,1,4,,0,55,0,0,0,0,0,1,2,13
,2016_56787,39.773999,-104.846793,9/20/2016 13:34,13:34,15,0,0,I70 & PEORIA STREET NORTH,14,1,0,0,1,4,,0,55,0,0,0,0,0,1,2,13
,2016_56788,39.773999,-104.846793,2/20/2016 13:25,13:25,12,0,0,PEORIA STREET NORTH & I70,1,1,0,0,1,3,,0,35,0,0,0,0,0,1,2,14
,2016_56789,39.773983,-104.846608,10/19/2016 18:40,18:40,15,0,0,PEORIA STREET & I70,1,3,0,0,1,3,,0,40,0,0,0,0,0,1,2,1
,2016_56790,39.773761,-104.84402,8/28/2016 1:27,1:27,5,0,1,I70 EASTBOUND & PEORIA STREET NORTH,1,3,0,0,2,4,,0,55,0,0,0,0,2,1,1,12
,2016_56791,39.772789,-104.832744,9/29/2016 12:10,12:10,12,0,0,I70 & I225 SOUTHBOUND EXIT GORE APPROXIMATELY,1,1,0,0,1,4,,0,55,0,0,0,0,0,1,2,3
,2016_56868,39.70385,-104.914592,2/20/2016 16:30,16:30,12,0,0,LEETSDALE DRIVE & EXPOSITION AVENUE EAST,1,2,0,0,1,1,,0,35,0,0,0,0,0,2,2,13
,2016_56876,39.696836,-104.898845,4/21/2016 7:50,7:50,1,0,0,PARKER ROAD & MISSISSIPPI AVENUE EAST,1,1,1,0,1,2,,0,35,0,0,0,0,0,2,2,13
,2016_56877,39.69805,-104.902136,2/10/2016 8:16,8:16,3,0,0,QUINCE STREET SOUTH & PARKER ROAD SOUTH,1,1,1,0,1,1,,0,35,0,0,0,0,0,2,2,7
,2016_56878,39.699636,-104.906391,7/8/2016 13:40,13:40,12,0,0,LEETSDALE DRIVE 7100 BLOCK & ONEIDA STREET SOUTH,1,1,0,0,1,4,,0,35,0,0,0,0,0,2,2,4
,2016_56879,39.700261,-104.908227,5/23/2016 17:52,17:52,1,0,0,ONEIDA STREET SOUTH & LEETSDALE DRIVE,1,1,0,0,1,1,,0,35,0,0,0,0,0,2,2,13
,2016_56880,39.700386,-104.908596,10/11/2016 9:45,9:45,12,0,0,LEETSDALE DRIVE & ONEIDA STREET SOUTH,1,1,0,0,1,4,,0,35,0,0,0,0,0,2,2,7
,2016_56881,39.700636,-104.909335,1/9/2016 14:33,14:33,12,0,0,LEETSDALE DRIVE 6900 BLOCK & ONEIDA STREET SOUTH,1,1,0,0,1,4,,0,40,0,0,0,0,0,2,3,13
,2016_56883,39.707284,-104.921966,7/1/2016 7:26,7:26,14,0,0,LEETSDALE DRIVE EAST & HOLLY STREET SOUTH,1,5,0,0,1,1,,0,40,0,0,0,0,1,2,4,2
,2016_56884,39.707622,-104.923907,7/21/2016 12:40,12:40,12,0,0,LEETSDALE DRIVE 5300 BLOCK & HUDSON STREET SOUTH,1,1,0,0,1,4,,0,35,0,0,0,0,0,2,2,12
,2016_56885,39.707709,-104.924448,11/4/2016 10:46,10:46,12,0,0,LEETSDALE DRIVE & HUDSON STREET SOUTH,1,1,0,0,1,4,,0,45,0,0,0,0,0,2,3,1
,2016_56903,39.689481,-104.99207,4/2/2016 16:15,16:15,15,0,0,SANTA FE DRIVE SOUTH & FLORIDA AVENUE WEST,1,1,1,0,1,1,,0,45,0,0,0,0,0,2,3,13
,2016_56904,39.691177,-104.9923,11/4/2016 19:59,19:59,10,0,0,SANTA FE DRIVE SOUTH & ARKANSAS AVENUE WEST,1,1,0,0,1,2,,0,45,0,0,0,0,0,2,2,8
,2016_56906,39.692071,-104.992398,4/29/2016 10:52,10:52,12,0,0,SANTA FE DRIVE & ARKANSAS AVENUE WEST,2,1,1,2,1,4,,0,45,0,0,0,0,0,2,2,3
,2016_56907,39.694871,-104.992454,1/28/2016 10:56,10:56,10,0,0,ARIZONA AVENUE & SANTA FE DRIVE SOUTH,1,1,0,0,1,3,,0,25,0,0,0,0,0,2,2,13
,2016_56908,39.695517,-104.992358,10/25/2016 19:10,19:10,12,0,0,SANTA FE DRIVE SOUTH & ARIZONA AVENUE WEST,1,3,0,0,1,4,,0,45,0,0,0,0,1,2,3,14
,2016_56909,39.696242,-104.99205,11/15/2016 9:27,9:27,12,0,0,SANTA FE DRIVE SOUTH & MISSISSIPPI AVENUE WEST,1,1,0,0,1,3,,0,15,0,0,0,0,0,2,2,3
,2016_56910,39.696679,-104.991877,2/5/2016 13:57,13:57,3,0,0,SANTA FE DRIVE SOUTH & MISSISSIPPI AVENUE WEST,1,1,0,0,1,1,,0,40,0,0,0,0,0,2,2,3
,2016_56911,39.701663,-104.993659,6/29/2016 12:13,12:13,15,0,0,SANTA FE DRIVE SOUTH  & I25 NORTHBOUND ON RAMP GORE POINT,1,1,1,0,1,4,,0,25,0,0,0,0,0,2,2,14
,2016_56912,39.701663,-104.993659,10/31/2016 17:00,17:00,15,0,0,SANTA FE DRIVE & I25 NORTHBOUND OFF RAMP,1,1,1,0,1,4,,0,30,0,0,0,0,0,2,2,13
,2016_56937,39.734758,-105.025171,4/6/2016 11:03,11:03,1,0,0,FEDERAL BOULEVARD NORTH & 12TH AVENUE WEST,1,1,0,0,1,1,,0,35,0,0,0,0,0,2,2,14
,2016_56938,39.733777,-105.025174,4/15/2016 15:37,15:37,1,0,0,FEDERAL BOULEVARD NORTH & 11TH AVENUE WEST,1,1,1,0,1,1,,0,,0,0,0,0,0,2,2,13
,2016_56939,39.724876,-105.025125,2/27/2016 23:30,23:30,15,0,0,FEDERAL BOULEVARD NORTH & SIXTH AVENUE WEST,1,3,0,0,1,1,,0,30,0,0,0,0,0,2,2,14
,2016_56940,39.721361,-105.025199,6/8/2016 10:20,10:20,3,0,0,THIRD AVENUE WEST  & FEDERAL BOULEVARD NORTH,1,1,0,0,1,1,,0,35,0,0,0,0,0,2,2,13
,2016_56941,39.719731,-105.025174,6/10/2016 17:48,17:48,15,0,0,FEDERAL BOULEVARD NORTH & SECOND AVENUE WEST,1,1,0,0,1,1,,0,35,0,0,0,0,0,2,2,7
,2016_56942,39.718398,-105.025153,2/3/2016 16:12,16:12,15,0,0,FEDERAL BOULEVARD NORTH & FIRST AVENUE WEST,1,1,0,0,1,1,,0,35,0,0,0,0,0,2,2,7
,2016_56943,39.711551,-105.025109,7/18/2016 8:38,8:38,15,0,0,FEDERAL BOULEVARD SOUTH & ALAMEDA AVENUE WEST,1,1,0,0,1,4,,0,35,0,0,0,0,0,2,2,7
,2016_56944,39.711253,-105.025099,5/23/2016 13:42,13:42,12,0,0,FEDERAL BOULEVARD SOUTH & ALAMEDA AVENUE WEST,1,1,0,0,1,3,,0,35,0,0,0,0,0,2,2,7
,2016_56945,39.711253,-105.025099,8/24/2016 12:00,12:00,12,0,0,FEDERAL BOULEVARD SOUTH & ALAMEDA AVENUE WEST,2,1,0,1,1,1,,0,35,0,0,0,0,0,2,2,6
,2016_56947,39.709356,-105.025079,1/6/2016 12:10,12:10,1,0,0,HIGHWAY 88A / FEDERAL BOULEVARD SOUTH & DAKOTA AVENUE WEST,1,1,1,0,1,3,,0,,0,0,0,0,0,2,3,13
,2016_56949,39.700406,-105.025085,4/23/2016 23:02,23:02,1,0,0,FEDERAL BOULEVARD SOUTH & KENTUCKY AVENUE WEST,1,3,0,1,1,1,,0,35,0,0,0,0,1,2,2,13
,2016_56950,39.693033,-105.025057,9/16/2016 6:10,6:10,3,0,0,LOUISIANA AVENUE WEST & FEDERAL BOULEVARD SOUTH,1,1,0,0,1,1,,0,40,0,0,0,0,0,2,2,13
,2016_56951,39.69259,-105.025055,6/12/2016 23:39,23:39,12,0,0,FEDERAL BOULEVARD SOUTH & LOUISIANA AVENUE WEST,1,3,0,0,1,4,,0,40,0,0,0,0,0,2,2,7
,2016_56952,39.687726,-105.025036,6/7/2016 15:57,15:57,12,0,0,IOWA AVENUE WEST & FEDERAL BOULEVARD SOUTH,1,1,1,0,1,4,,0,25,0,0,0,0,0,2,2,14
,2016_56953,39.686252,-105.025031,2/1/2016 7:22,7:22,15,0,0,FEDERAL BOULEVARD SOUTH & MEXICO AVENUE WEST,10,1,1,2,1,4,,0,40,0,0,0,0,0,2,2,7
,2016_56954,39.680523,-105.025025,11/14/2016 17:45,17:45,1,0,0,FEDERAL BOULEVARD SOUTH & ASBURY AVENUE WEST,1,3,0,0,1,1,,0,65,0,0,0,0,0,2,2,14
,2016_56956,39.674988,-105.025055,2/12/2016 11:00,11:00,12,0,0,FEDERAL BOULEVARD SOUTH & ILIFF AVENUE WEST,1,1,0,0,1,1,,0,40,0,0,0,0,0,2,3,13
,2016_56957,39.674988,-105.025055,5/24/2016 13:45,13:45,3,0,0,FEDERAL BOULEVARD SOUTH & ILIFF AVENUE WEST,1,1,0,0,1,1,,0,40,0,0,0,0,0,2,2,7
,2016_56958,39.673676,-105.025062,2/9/2016 16:35,16:35,12,0,0,FEDERAL BOULEVARD & WESLEY AVENUE WEST,1,1,0,0,1,4,,0,35,0,0,0,0,0,2,2,14
,2016_56984,39.655522,-105.053215,11/22/2016 14:28,14:28,1,0,0,SHERIDAN BOULEVARD SOUTH & DARTMOUTH AVENUE WEST,1,1,0,0,1,2,,0,35,0,0,0,0,1,2,2,7
,2016_56985,39.657842,-105.053229,9/15/2016 13:00,13:00,1,0,0,SHERIDAN BOULEVARD SOUTH & COLUMBIA PLACE WEST,1,1,0,0,1,1,,0,35,0,0,0,0,1,2,2,7
,2016_56988,39.733188,-105.053221,6/17/2016 23:40,23:40,12,0,0,SHERIDAN BOULEVARD NORTH & 10TH AVENUE WEST,1,4,0,0,1,3,,0,30,0,0,0,0,1,2,3,14
,2016_56989,39.733331,-105.053221,6/30/2016 17:41,17:41,12,0,0,SHERIDAN BOULEVARD NORTH & 10TH AVENUE WEST,1,1,0,0,1,4,,0,35,0,0,0,0,1,2,2,13
,2016_57016,39.636888,-104.88998,7/2/2016 1:40,1:40,5,0,0,I225 NORTHBOUND ON RAMP & RAMP SPLIT TO YOSEMITE STREET SOUTH,2,4,0,1,3,14,,0,45,0,0,0,0,0,1,1,7
,2016_57025,39.617722,-105.091115,3/25/2016 14:01,14:01,12,0,0,WADSWORTH BOULEVARD SOUTH & CRESTLINE AVENUE WEST,1,1,0,0,1,4,,0,45,0,0,0,0,0,2,3,3
,2016_57026,39.618006,-105.091112,11/14/2016 9:42,9:42,3,0,0,WADSWORTH BOULEVARD SOUTH & CRESTLINE AVENUE WEST,1,1,1,0,1,1,,0,25,0,0,0,0,0,2,2,12
,2016_57083,39.639223,-104.885207,7/1/2016 11:59,11:59,15,0,0,I225 & YOSEMITE STREET,1,1,0,0,1,4,,0,65,0,0,0,0,0,1,2,3
,2016_57107,39.635522,-104.893462,7/21/2016 17:21,17:21,3,0,0,DTC BOULEVARD & I225 NORTHBOUND ON RAMP,1,1,0,0,1,1,,0,35,0,0,0,0,0,1,2,14
,2016_57108,39.635522,-104.893462,7/27/2016 20:40,20:40,1,0,0,I225 NORTHBOUND ON RAMP & TAMARAC STREET,1,3,0,0,1,1,,0,35,0,0,0,0,0,1,2,13
,2016_57109,39.635522,-104.893462,8/11/2016 8:25,8:25,1,0,0,I225 NORTHBOUND ON RAMP & TAMARAC,1,1,0,0,1,1,,0,35,0,0,0,0,0,1,2,13
,2016_57110,39.635522,-104.893462,10/22/2016 14:19,14:19,15,0,0,I225 NORTHBOUND OFF RAMP & TAMARAC STREET,1,1,0,0,1,1,,0,35,0,0,0,0,0,1,2,13
,2016_57111,39.635892,-104.892217,11/6/2016 17:39,17:39,12,0,0,I225 & TAMARAC STREET,1,4,0,0,1,4,,0,55,0,0,0,0,1,1,2,13
,2016_57142,39.779661,-104.967133,1/14/2016 17:19,17:19,1,0,0,BRIGHTON BOULEVARD & I70 EASTBOUND RAMPS,1,1,0,0,1,1,,0,35,0,0,0,0,0,2,2,13
,2016_57143,39.780781,-104.966774,4/27/2016 16:52,16:52,9,0,0,46TH AVENUE EAST & BRIGHTON BOULEVARD NORTH,1,1,0,0,3,1,,0,30,0,0,0,0,0,2,2,13
,2016_57144,39.781402,-104.966693,7/6/2016 7:18,7:18,1,0,0,BRIGHTON BOULEVARD & 47TH AVENUE NORTH,1,1,0,0,1,2,,0,30,0,0,0,0,0,2,2,13
,2016_57159,39.65298,-104.931503,12/16/2016 16:57,16:57,1,0,0,HAMPDEN AVENUE EAST & DAHLIA STREET SOUTH,1,3,0,0,1,1,,0,40,0,0,0,0,0,2,2,13
,2016_57162,39.65298,-104.928862,4/20/2016 15:04,15:04,12,0,0,HAMPDEN AVENUE EAST & ELM STREET SOUTH,1,1,0,0,1,4,,0,35,0,0,0,0,0,2,3,7
,2016_57164,39.652979,-104.921127,1/28/2016 8:19,8:19,12,0,0,HAMPDEN AVENUE & IVANHOE STREET SOUTH APPROXIMATELY,1,1,2,0,1,4,,0,40,0,0,0,0,0,2,2,1
,2016_57165,39.763956,-105.025161,4/22/2016 13:32,13:32,15,0,1,FEDERAL BOULEVARD & 3300 BLOCK NORTH,1,1,1,0,1,4,,0,35,0,0,0,0,2,2,2,13
,2016_57166,39.764384,-105.025163,11/5/2016 14:13,14:13,12,0,0,FEDERAL BOULEVARD 3400 BLOCK NORTH & 34TH AVENUE WEST,1,1,0,0,1,4,,0,35,0,0,0,0,0,2,3,13
,2016_57167,39.77024,-105.025232,5/7/2016 20:38,20:38,3,0,0,FEDERAL BOULEVARD NORTH & DENVER PLACE WEST,1,3,0,0,1,1,,0,35,0,0,0,0,1,2,3,3
,2016_57168,39.779408,-105.025227,6/1/2016 6:43,6:43,15,0,0,FEDERAL BOULEVARD NORTH & SCOTT PLACE WEST,1,1,0,0,1,3,,0,35,0,0,0,0,0,2,2,14
,2016_57169,39.701466,-104.987451,1/30/2016 15:55,15:55,3,0,0,I25 & BROADWAY SOUTH,1,1,0,0,1,1,,0,35,0,0,0,0,0,1,2,5
,2016_57170,39.783848,-105.025224,11/22/2016 10:24,10:24,1,0,0,FEDERAL BOULEVARD & I70 EASTBOUND ON RAMP,2,1,0,2,1,1,,0,35,0,0,0,0,0,2,2,14
,2016_57171,39.783848,-105.025224,11/24/2016 8:47,8:47,1,0,0,FEDERAL BOULEVARD & I70 EASTBOUND ON RAMP,1,1,0,0,1,3,,0,35,0,0,0,0,1,2,2,14
,2016_57172,39.784707,-105.025224,4/8/2016 20:00,20:00,1,0,0,FEDERAL BOULEVARD NORTH & I70 WB RAMP,1,3,0,0,1,1,,0,35,0,0,0,0,0,2,2,7
,2016_57173,39.791145,-105.02518,12/24/2016 16:05,16:05,5,0,0,FEDERAL BOULEVARD & 52ND AVENUE WEST,1,1,0,0,2,4,,0,35,0,0,0,0,0,2,1,8
,2016_57244,39.829423,-104.746904,1/14/2016 11:00,11:00,5,0,0,C470 SOUTHBOUND COLLECTOR RAMP & PENA BOULEVARD,1,1,0,0,3,14,,0,50,0,0,0,0,0,2,1,5
,2016_57249,39.655335,-104.940494,8/4/2016 7:36,7:36,12,0,0,COLORADO BOULEVARD SOUTH & GIRARD AVENUE EAST,1,1,0,0,1,3,,0,40,0,0,0,0,0,2,3,13
,2016_57250,39.664714,-104.940597,8/4/2016 16:15,16:15,1,0,0,COLORADO BOULEVARD 2800 BLOCK SOUTH & AMHERST AVENUE EAST,1,1,1,0,1,2,,0,35,0,0,0,0,1,2,2,13
,2016_57251,39.667966,-104.940606,11/1/2016 16:55,16:55,3,0,0,COLORADO BOULEVARD SOUTH & YALE AVENUE EAST,1,1,0,0,1,1,,0,35,0,0,0,0,0,2,2,8
,2016_57252,39.687326,-104.940544,11/6/2016 18:08,18:08,1,0,0,COLORADO BOULEVARD SOUTH & IOWA AVENUE EAST,1,3,0,0,1,3,,0,35,0,0,0,0,1,2,2,13
,2016_57253,39.688969,-104.940546,11/10/2016 15:00,15:00,12,0,0,COLORADO BOULEVARD 1500 BLOCK SOUTH & FLORIDA AVENUE EAST,1,1,0,0,1,3,,0,35,0,0,0,0,0,2,2,13
,2016_57254,39.689119,-104.940546,9/20/2016 15:55,15:55,1,0,0,COLORADO BOULEVARD SOUTH & FLORIDA AVENUE EAST,1,1,0,0,1,1,,0,35,0,0,0,0,0,2,2,13
,2016_57256,39.713244,-104.940611,6/29/2016 14:20,14:20,12,0,0,ALAMEDA AVENUE EAST & COLORADO BOULEVARD SOUTH,1,1,0,0,1,3,,0,35,0,0,0,0,1,2,3,13
,2016_57257,39.71339,-104.940611,8/23/2016 19:49,19:49,15,0,0,COLORADO BOULEVARD & ALAMEDA AVENUE EAST,1,2,0,0,1,4,,0,,0,0,0,0,0,2,2,13
,2016_57258,39.717038,-104.94061,3/11/2016 11:08,11:08,15,0,0,COLORADO BOULEVARD & BAYAUD AVENUE EAST,1,1,1,0,1,3,,0,35,0,0,0,0,0,2,2,3
,2016_57259,39.739945,-104.940601,12/27/2016 15:01,15:01,12,0,0,COLORADO BOULEVARD & COLFAX AVENUE EAST,1,1,0,0,1,4,,0,35,0,0,0,0,0,2,2,3
,2016_57260,39.74724,-104.940599,9/9/2016 7:49,7:49,15,0,0,COLORADO BOULEVARD NORTH & MONTVIEW BOULEVARD APPROXIMATELY,1,1,0,0,1,4,,0,,0,0,0,0,0,2,2,13
,2016_57261,39.749136,-104.940598,6/2/2016 14:00,14:00,12,0,0,COLORADO BOULEVARD NORTH & 2200 BLOCK NORTH,1,1,0,0,1,4,,0,35,0,0,0,0,0,2,2,1
,2016_57262,39.750887,-104.940597,3/24/2016 8:42,8:42,3,0,0,23RD AVENUE EAST & COLORADO BOULEVARD NORTH,5,1,1,0,1,1,,0,35,0,0,0,0,1,2,2,13
,2016_57263,39.756397,-104.940533,8/31/2016 20:20,20:20,3,0,0,28TH AVENUE EAST & COLORADO BOULEVARD NORTH,1,3,0,0,1,1,,0,35,0,0,0,1,1,2,2,13
,2016_57264,39.758284,-104.940525,1/23/2016 11:14,11:14,1,0,0,COLORADO BOULEVARD NORTH & 29TH AVENUE EAST,1,1,0,0,1,1,,0,35,0,0,0,0,0,2,2,13
,2016_57265,39.761914,-104.940511,3/29/2016 11:19,11:19,12,0,0,MARTIN LUTHER KING JR BOULEVARD & COLORADO BOULEVARD NORTH,1,1,0,0,1,1,,0,35,0,0,0,0,0,2,2,13
,2016_57266,39.764673,-104.9405,5/31/2016 14:28,14:28,15,0,0,COLORADO BOULEVARD NORTH & BRUCE RANDOLPH AVENUE EAST,1,1,0,0,1,4,,0,35,0,0,0,0,0,2,2,1
,2016_57267,39.652907,-105.055732,5/1/2016 6:53,6:53,5,0,0,HAMPDEN AVES FRTG NOT CDOT & MM 256.4 APPROXIMATELY,1,1,0,0,2,4,,0,30,0,0,0,0,0,4,1,13
,2016_57268,39.776845,-104.940527,7/28/2016 23:45,23:45,12,0,1,COLORADO BOULEVARD NORTH & MM 8.50,1,3,0,0,1,4,,0,,0,0,0,1,2,2,2,13
,2016_57292,39.779944,-104.940603,4/13/2016 7:03,7:03,5,0,0,I70 & COLORADO BOULEVARD NORTH,1,1,0,0,2,4,,0,55,0,0,0,0,0,1,1,10
,2016_57293,39.725455,-105.032456,3/3/2016 12:34,12:34,12,0,0,SIXTH AVENUE WEST & KNOX COURT NORTH,1,1,0,0,1,4,,0,45,0,0,0,0,1,2,2,13
,2016_57294,39.725415,-105.025068,1/22/2016 11:31,11:31,12,0,0,WEST SIXTH AVENUE & NORTH FEDERAL BOULEVARD,1,1,1,0,1,4,,0,55,0,0,0,0,1,2,2,13
,2016_57295,39.725415,-105.025068,4/12/2016 15:58,15:58,12,0,0,SIXTH AVENUE WEST & FEDERAL BOULEVARD NORTH,1,1,0,0,1,4,,0,55,0,0,0,0,0,2,3,13
,2016_57296,39.725415,-105.025068,10/11/2016 18:18,18:18,12,0,0,SIXTH AVENUE WEST & FEDERAL BOULEVARD NORTH APPROXIMATELY,1,2,0,0,1,4,,0,55,0,0,0,0,0,2,2,13
,2016_57371,39.628541,-104.9042,5/5/2016 16:51,16:51,12,0,0,I25 & UNION AVENUE EAST,1,1,0,0,1,4,,0,65,0,0,0,0,0,1,2,13
,2016_57372,39.639435,-104.910388,12/29/2016 13:53,13:53,15,0,0,I25 & I225 SOUTHBOUND OFF RAMP,1,1,0,0,1,4,,0,55,0,0,0,0,1,1,2,1
,2016_57373,39.678367,-104.933559,3/12/2016 9:55,9:55,5,0,1,EVANS AVENUE EAST & I25 SOUTHBOUND ON RAMP,1,1,0,0,3,1,,0,35,0,0,0,0,2,1,1,1
,2016_57374,39.678367,-104.933559,6/16/2016 7:35,7:35,1,0,0,EVANS AVENUE EAST & I25 HIGHWAY SOUTHBOUND ON RAMP,1,1,0,0,1,1,,0,35,0,0,0,0,0,1,2,13
,2016_57375,39.678586,-104.933749,3/10/2016 7:38,7:38,15,0,0,I25 & EVANS AVENUE EAST,1,1,0,0,1,4,,0,50,0,0,0,0,0,1,2,13
,2016_57376,39.683094,-104.940452,8/10/2016 17:05,17:05,12,0,0,I25 & COLORADO BOULEVARD SOUTH,1,1,0,0,1,4,,0,55,0,0,0,0,0,1,3,13
,2016_57377,39.683271,-104.941216,10/28/2016 14:55,14:55,12,0,0,I25 SOUTHBOUND ON RAMP METER LIGHT & COLORADO BOULEVARD SOUTH,1,1,1,0,1,14,,0,30,0,0,0,0,0,1,2,13
,2016_57378,39.684158,-104.944536,11/5/2016 19:20,19:20,12,0,0,I25 & COLORADO BOULEVARD SOUTH,1,3,0,0,1,4,,0,55,0,0,0,0,0,1,2,13
,2016_57379,39.6849,-104.953384,5/27/2016 6:20,6:20,12,0,0,I25 RAMP OFF NORTHBOUND ENTRANCE GORE TO & UNIVERSITY BOULEVARD SOUTH,1,1,0,0,1,14,,0,60,0,0,0,0,0,1,2,1
,2016_57380,39.684916,-104.957839,9/4/2016 23:25,23:25,12,0,0,I25 & UNIVERSITY BOULEVARD SOUTH,1,3,1,0,1,4,,0,50,0,0,0,0,1,1,2,2
,2016_57381,39.68492,-104.958951,12/11/2016 2:25,2:25,5,0,0,I25 NORTHBOUND OFF SLIP RAMP & UNIVERSITY BOULEVARD SOUTH,1,3,1,0,2,14,,0,15,0,0,0,0,0,1,1,14
,2016_57382,39.684921,-104.959137,11/9/2016 8:11,8:11,12,0,0,I25 & UNIVERSITY BOULEVARD SOUTH,1,1,0,0,1,4,,0,55,0,0,0,0,0,1,3,13
,2016_57383,39.68492,-104.959509,1/15/2016 16:04,16:04,12,0,0,I25 & UNIVERSITY BOULEVARD SOUTH,1,2,0,0,1,4,,0,65,0,0,0,0,0,1,2,3
,2016_57384,39.68492,-104.959509,3/7/2016 20:59,20:59,15,0,0,I25 & UNIVERSITY BOULEVARD SOUTH,1,3,0,0,1,4,,0,50,0,0,0,0,0,1,2,13
,2016_57385,39.68492,-104.959509,3/23/2016 21:02,21:02,5,0,0,I25 & UNIVERSITY BOULEVARD SOUTH,5,3,1,0,3,4,,0,60,0,0,0,0,0,1,5,14
,2016_57386,39.684893,-104.960467,11/3/2016 18:51,18:51,12,0,0,I25 SOUTHBOUND RAMP OFF & UNIVERSITY BOULEVARD,1,3,0,0,1,14,,0,55,0,0,0,0,0,1,2,13
,2016_57387,39.690115,-104.973561,9/9/2016 17:14,17:14,15,0,0,I25 & DOWNING STREET SOUTH,1,1,0,0,1,4,,0,55,0,0,0,0,0,1,2,7
,2016_57388,39.690115,-104.973561,10/15/2016 18:52,18:52,15,0,0,I25 & DOWNING STREET SOUTH,1,3,0,0,1,4,,0,65,0,0,0,0,0,1,2,13
,2016_57389,39.691153,-104.975443,10/18/2016 21:43,21:43,5,0,0,I25 & DOWNING STREET SOUTH,1,3,0,0,2,4,,0,60,0,0,0,0,1,1,1,3
,2016_57390,39.700838,-104.986681,5/30/2016 8:30,8:30,15,0,0,KENTUCKY  & I25 SOUTHBOUND ON RAMP,1,1,0,0,1,1,,0,30,0,0,0,0,0,1,2,14
,2016_57391,39.790784,-104.988499,12/14/2016 16:02,16:02,5,0,0,I25 & 52ND AVENUE,1,1,0,0,2,4,,0,55,0,0,0,0,0,1,1,14
,2016_57392,39.720802,-105.007927,2/19/2016 13:46,13:46,12,0,1,I25 & THIRD AVENUE WEST,1,1,0,0,1,4,,0,55,0,0,0,1,2,1,2,14
,2016_57393,39.701151,-104.987078,4/2/2016 12:06,12:06,12,0,0,I25 RAMP OFF & BROADWAY SOUTH INTERCHANGE,1,1,0,0,1,14,,0,35,0,0,0,0,0,1,3,13
,2016_57394,39.701466,-104.987451,6/29/2016 9:30,9:30,15,0,0,I25 HIGHWAY NORTHBOUND & BROADWAY SEP,1,1,0,0,1,4,,0,55,0,0,0,0,0,1,2,12
,2016_57395,39.701466,-104.987451,6/17/2016 16:00,16:00,12,0,0,BROADWAY STREET SOUTH & I25 SOUTHBOUND ON/OFF RAMP,1,1,0,0,1,1,,0,30,0,0,0,0,0,1,2,14
,2016_57396,39.70365,-104.991712,1/10/2016 14:34,14:34,5,0,0,I25 & SANTA FE DRIVE NORTHBOUND EXIT,1,1,1,0,3,4,,0,55,0,0,0,0,0,1,1,14
,2016_57397,39.704286,-104.993745,6/27/2016 14:30,14:30,12,0,0,I25 & SANTA FE NORTHBOUND OFF RAMP,1,1,0,0,1,4,,0,65,0,0,0,0,0,1,2,13
,2016_57398,39.704415,-104.994067,12/1/2016 19:04,19:04,12,0,0,I25 & SANTA FE DRIVE,1,3,0,0,1,4,,0,55,0,0,0,0,0,1,2,3
,2016_57399,39.707118,-104.996779,11/17/2016 14:32,14:32,15,0,0,I25 & SANTA FE DRIVE SOUTH INTERCHANGE,2,1,0,2,1,4,,0,55,0,0,0,0,0,1,2,13
,2016_57400,39.707118,-104.996779,5/20/2016 12:14,12:14,12,0,0,SANTA FE DRIVE SOUTH NORTHBOUND OFF RAMP TO & I25 SOUTHBOUND,1,1,0,0,1,14,,0,20,0,0,0,0,0,1,2,2
,2016_57401,39.779101,-104.989166,12/22/2016 6:30,6:30,15,0,0,I25 & I70,1,2,0,0,1,4,,0,65,0,0,0,0,0,1,2,1
,2016_57402,39.713041,-105.000001,12/21/2016 12:02,12:02,12,0,0,KALAMATH STREET 100 BLOCK SOUTH & CEDAR AVENUE WEST,1,1,0,0,1,1,,0,60,0,0,0,0,0,1,3,3
,2016_57403,39.713592,-105.00033,8/4/2016 16:41,16:41,12,0,0,I25 & ALAMEDA AVENUE WEST,1,1,0,0,1,4,,0,55,0,0,0,0,0,1,2,13
,2016_57404,39.714925,-105.00119,3/9/2016 10:43,10:43,12,0,0,I25 & ALAMEDA AVENUE WEST,1,1,0,0,1,4,,0,55,0,0,0,0,0,1,2,14
,2016_57406,39.720036,-105.007094,8/3/2016 15:58,15:58,12,0,0,I25 NORTHBOUND & SIXTH AVENUE WEST INTERCHANGE,1,1,0,0,1,4,,0,55,0,0,0,0,0,1,3,13
,2016_57407,39.721567,-105.00876,9/1/2016 10:00,10:00,12,0,0,I25 SOUTHBOUND & SIXTH AVENUE EASTBOUND RAMP ON MERGE LANE APPROXIMATELY,1,1,1,0,1,4,,0,65,0,0,0,0,0,1,2,13
,2016_57408,39.72244,-105.009858,7/25/2016 16:53,16:53,12,0,0,I25 SOUTHBOUND & SIXTH AVENUE INTERCHANGE,1,1,0,0,1,4,,0,55,0,0,0,0,1,1,2,3
,2016_57409,39.725165,-105.012815,8/22/2016 11:30,11:30,5,0,0,I25 & SIXTH AVENUE,1,2,0,0,1,4,,0,65,0,0,0,0,0,1,2,13
,2016_57410,39.725747,-105.013236,3/31/2016 8:25,8:25,5,0,0,I25 NORTHBOUND ON RAMP & SIXTH AVENUE EASTBOUND,1,1,1,0,2,14,,0,55,0,0,0,0,0,1,3,1