id,drcog_id,latitude,longitude,crashtime,time,crashtype,numbkilled,numbinjurd,drcoglocat,rdconditin,lightngcon,roadcntgrd,weatherco,location,roaddescrp,schoolzone,constrzone,splimit,bikeinv,pedinv,sctrinv,motoinv,svrty,rdsystem,ttlvehcls,hcf
,2016_57411,39.732306,-105.015587,3/10/2016 14:14,14:14,12,0,0,I25 & MULBERRY PLACE WEST,1,1,1,0,1,4,,0,55,0,0,0,0,0,1,2,13
,2016_57412,39.735166,-105.014787,4/18/2016 15:13,15:13,12,0,0,I25 & 12TH AVENUE WEST,2,1,0,0,1,4,,0,50,0,0,0,0,0,1,2,12
,2016_57413,39.738069,-105.013852,3/4/2016 21:08,21:08,9,0,1,I25 & AURARIA PARKWAY NORTHBOUND OFF RAMP GORE POINT,1,3,0,0,1,4,,0,55,0,0,0,0,2,1,1,13
,2016_57414,39.742179,-105.014799,1/1/2016 4:57,4:57,5,0,0,I25 SOUTHBOUND RAMP/COLFAX RAMP SPLIT & AURARIA PARKWAY,1,3,0,0,3,14,,0,45,0,0,0,0,0,1,1,13
,2016_57415,39.749701,-105.017257,10/10/2016 10:50,10:50,12,0,0,I25 & 23RD AVENUE WEST OFF RAMP,1,1,0,0,1,4,,0,55,0,0,0,0,1,1,3,14
,2016_57416,39.751295,-105.016566,8/9/2016 6:55,6:55,12,0,0,I25 & 23RD AVENUE WEST,1,1,0,0,1,4,,0,55,0,0,0,0,0,1,2,7
,2016_57417,39.751295,-105.016566,7/7/2016 12:08,12:08,12,0,0,23RD AVENUE WEST & I25 SOUTHBOUND RAMPS,1,1,1,0,1,1,,0,30,0,0,0,0,1,1,2,13
,2016_57418,39.755118,-105.012754,1/6/2016 23:08,23:08,12,0,0,SPEER BOULEVARD NORTH & I25,1,3,0,0,1,4,,0,35,0,0,0,0,0,1,3,13
,2016_57419,39.755118,-105.012754,10/26/2016 17:01,17:01,12,0,0,I25 & SPEER BOULEVARD NORTH,1,1,0,0,1,4,,0,55,0,0,0,0,0,1,3,1
,2016_57420,39.755495,-105.01223,9/6/2016 13:55,13:55,12,0,0,I25 & SPEER BOULEVARD,1,1,0,0,1,4,,0,55,0,0,0,0,0,1,3,13
,2016_57421,39.760904,-105.004407,6/9/2016 14:02,14:02,12,0,0,I25  & 20TH STREET HOV SOUTHBOUND OFF RAMP,1,1,0,0,1,14,,0,35,0,0,0,0,0,1,2,1
,2016_57422,39.760997,-105.004271,3/11/2016 15:54,15:54,12,0,0,I25 & 20TH STREET,1,1,0,0,1,4,,0,55,0,0,0,0,0,1,2,13
,2016_57423,39.760997,-105.004271,8/6/2016 14:50,14:50,12,0,0,I25 SOUTHBOUND & 20TH STREET,1,1,0,0,1,4,,0,55,0,0,0,0,0,1,2,3
,2016_57424,39.760997,-105.004271,10/29/2016 16:38,16:38,12,0,0,I25 & 20TH STREET,1,1,0,0,1,4,,0,55,0,0,0,0,0,1,2,1
,2016_57425,39.76416,-105.001304,3/3/2016 18:53,18:53,12,0,0,I25 & 20TH STREET,1,3,0,0,1,4,,0,55,0,0,0,0,0,1,3,7
,2016_57426,39.767974,-104.994954,9/3/2016 15:42,15:42,15,0,0,I25 3700 BLOCK & 38TH AVENUE WEST,1,1,0,0,1,4,,0,,0,0,0,0,0,1,2,13
,2016_57428,39.768049,-104.994761,10/25/2016 16:30,16:30,12,0,0,PARK AVENUE WEST & 38TH AVENUE WEST,1,1,1,0,1,4,,0,35,0,0,0,0,0,1,2,7
,2016_57429,39.768762,-104.993289,9/16/2016 22:54,22:54,5,0,0,I25 & 38TH AVENUE WEST,2,3,0,1,2,4,,0,65,0,0,0,0,0,1,1,7
,2016_57430,39.770112,-104.991502,12/20/2016 8:55,8:55,12,0,0,I25 & MM 213,2,1,0,0,1,4,,0,55,0,0,0,0,0,1,2,13
,2016_57431,39.771634,-104.9903,10/25/2016 15:59,15:59,15,0,0,I70 RAMP OFF  & I25 RAMPS OFF TO FOX/38TH AVENUE WEST,1,1,0,0,1,14,,0,55,0,0,0,0,0,1,2,13
,2016_57432,39.778066,-104.989183,12/6/2016 17:28,17:28,12,0,0,I25 NORTHBOUND RAMP OFF & I70 EASTBOUND / WB RAMP SPLIT APPROXIMATELY,1,2,1,0,1,14,,0,55,0,0,0,0,0,1,2,13
,2016_57433,39.779247,-104.989165,6/1/2016 8:54,8:54,12,0,0,I25 & I70 HIGHWAY,1,1,0,0,1,4,,0,55,0,0,0,0,0,1,6,14
,2016_57435,39.779391,-104.989164,3/13/2016 23:40,23:40,15,0,0,I25 & I70,1,3,0,0,1,4,,0,55,0,0,0,0,0,1,2,5
,2016_57436,39.779391,-104.989164,8/1/2016 9:41,9:41,9,0,4,I25 & I70,1,1,0,0,1,4,,0,55,0,0,0,0,2,1,1,7
,2016_57437,39.779391,-104.989164,12/27/2016 13:43,13:43,15,0,0,I25 & I70,1,1,1,0,1,4,,0,35,0,0,0,0,1,1,2,13
,2016_57438,39.779535,-104.989164,6/1/2016 16:28,16:28,12,0,0,I25 & I70,1,1,1,0,1,4,,0,55,0,0,0,0,0,1,3,13
,2016_57439,39.780255,-104.98916,3/18/2016 22:04,22:04,15,0,0,I25 & I70,8,3,0,0,1,4,,0,55,0,0,0,0,0,1,2,7
,2016_57501,39.711224,-105.046168,10/20/2016 19:10,19:10,12,0,0,ALAMEDA AVENUE WEST & UTICA STREET SOUTH,1,3,2,0,1,4,,0,25,0,0,0,0,0,2,2,13
,2016_57502,39.711153,-105.034893,9/23/2016 18:35,18:35,12,0,0,ALAMEDA AVENUE WEST & LOWELL BOULEVARD SOUTH,1,2,0,0,1,3,,0,35,0,0,0,0,0,2,2,1
,2016_57503,39.711124,-105.03249,1/4/2016 10:19,10:19,12,0,0,KNOX COURT 200 BLOCK SOUTH & ALAMEDA AVENUE WEST,1,1,1,0,1,1,,0,25,0,0,0,0,0,2,2,13
,2016_57504,39.711077,-105.025075,12/21/2016 5:48,5:48,5,0,0,ALAMEDA AVENUE WEST & FEDERAL BOULEVARD SOUTH,10,3,0,0,3,1,,0,35,0,0,0,0,0,2,1,13
,2016_57505,39.711145,-105.020354,8/26/2016 18:31,18:31,3,0,0,ALAMEDA AVENUE WEST & CLAY STREET,1,1,1,0,1,1,,0,35,0,0,0,0,0,2,2,7
,2016_57506,39.711141,-105.019242,12/7/2016 15:20,15:20,15,0,0,ALAMEDA AVENUE WEST & CANOSA COURT SOUTH,4,1,0,2,1,4,,0,30,0,0,0,0,0,2,2,13
,2016_57507,39.711183,-105.008617,8/27/2016 19:08,19:08,1,0,0,HIGHWAY 26B / ALAMEDA AVENUE & RARITAN STREET SOUTH,1,1,0,0,1,1,,0,35,0,0,0,0,0,2,2,8
,2016_57508,39.711184,-105.006384,7/11/2016 19:15,19:15,12,0,0,ALAMEDA AVENUE WEST & PECOS STREET SOUTH,1,1,0,0,1,3,,0,35,0,0,0,0,1,2,3,14
,2016_57509,39.711184,-105.001174,11/7/2016 22:59,22:59,5,0,0,ALAMEDA AVENUE WEST & LIPAN STREET SOUTH,1,3,0,0,3,4,,0,60,0,0,0,0,1,2,1,12
,2016_57510,39.711208,-104.998391,3/14/2016 22:06,22:06,3,0,0,SANTA FE DRIVE SOUTH & ALAMEDA AVENUE WEST,2,3,0,1,1,1,,0,35,0,0,0,0,0,2,2,13
,2016_57511,39.653088,-104.915178,5/19/2016 8:55,8:55,12,0,0,HAMPDEN AVENUE EAST & LOCUST STREET SOUTH,1,1,0,0,1,1,,0,35,0,0,0,0,0,2,2,13
,2016_57512,39.653084,-104.91283,5/13/2016 11:00,11:00,12,0,0,HAMPDEN AVENUE EAST & MONACO STREET SOUTH,1,1,0,0,1,1,,0,40,0,0,0,0,0,2,2,13
,2016_57513,39.653084,-104.91283,7/28/2016 12:08,12:08,12,0,0,HAMPDEN AVENUE 6400 BLOCK EAST & MONACO STREET SOUTH,1,1,0,0,1,2,,0,40,0,0,0,0,0,2,2,1
,2016_57514,39.653077,-104.909036,2/24/2016 16:19,16:19,1,0,0,HAMPDEN AVENUE EAST & ONEIDA WAY SOUTH,1,1,0,0,1,1,,0,40,0,0,0,0,0,2,2,14
,2016_57515,39.653118,-104.90465,7/6/2016 7:41,7:41,1,0,0,HAMPDEN AVENUE EAST & POPLAR STREET SOUTH,1,1,0,0,1,1,,0,35,0,0,0,0,0,2,2,13
,2016_57516,39.65302,-104.87557,11/25/2016 23:11,23:11,12,0,0,HAMPDEN AVENUE EAST & DAYTON STREET SOUTH,1,3,0,0,1,1,,0,15,0,0,0,0,0,2,2,13
,2016_57517,39.669856,-104.866078,6/13/2016 17:55,17:55,3,0,0,PARKER ROAD SOUTH & HAVANA STREET SOUTH,1,1,0,0,1,2,,0,25,0,0,0,0,1,2,2,3
,2016_57545,39.778252,-104.903409,9/19/2016 14:20,14:20,15,0,0,QUEBEC STREET NORTH & I70 EASTBOUND INTCH,1,1,0,0,1,1,,0,35,0,0,0,0,0,2,2,14
,2016_57546,39.790609,-104.903318,8/11/2016 18:22,18:22,15,0,0,QUEBEC STREET & 5101 NORTH  APPROXIMATELY NOT IN TCORIS,1,1,0,0,1,4,,0,40,0,0,0,0,0,2,2,13
,2016_57547,39.793504,-104.903381,3/4/2016 16:06,16:06,1,0,0,QUEBEC STREET NORTH & 53RD PLACE EAST,1,1,0,0,1,1,,0,40,0,0,0,0,0,2,2,13
,2016_57587,39.784072,-105.027526,9/24/2016 3:38,3:38,5,0,0,I70 & FEDERAL BOULEVARD NORTH,1,3,0,0,3,4,,0,55,0,0,0,0,0,1,1,4
,2016_57612,39.740337,-105.039295,6/3/2016 17:22,17:22,12,0,0,COLFAX AVENUE WEST & PERRY STREET NORTH,1,1,0,0,1,4,,0,35,0,0,0,0,0,2,3,3
,2016_57613,39.740344,-105.029902,9/22/2016 13:12,13:12,12,0,0,COLFAX AVENUE WEST & IRVING STREET,1,1,3,0,1,1,,0,35,0,0,0,0,0,2,2,14
,2016_57615,39.74023,-105.010013,1/31/2016 19:11,19:11,12,0,0,COLFAX AVENUE WEST & I25 ON RAMP NORTHBOUND,5,3,0,2,1,4,,0,45,0,0,0,0,0,2,2,8
,2016_57616,39.740076,-105.005215,5/9/2016 14:10,14:10,1,0,0,COLFAX AVENUE WEST & SEVENTH STREET,1,1,0,0,1,1,,0,40,0,0,0,0,0,2,2,1
,2016_57617,39.740076,-105.005215,5/13/2016 23:33,23:33,1,0,0,COLFAX AVENUE WEST & SEVENTH STREET,1,3,0,0,1,1,,0,35,0,0,0,0,0,2,2,13
,2016_57618,39.740148,-104.946355,3/21/2016 14:00,14:00,12,0,0,EAST COLFAX AVENUE & MADISON STREET NORTH,1,1,0,0,1,4,,0,35,0,0,0,0,1,2,2,13
,2016_57619,39.740042,-105.00088,3/8/2016 12:36,12:36,12,0,0,COLFAX AVENUE WEST & KALAMATH STREET NORTH,1,1,0,0,1,4,,0,35,0,0,0,0,0,2,3,14
,2016_57620,39.740005,-104.987167,10/6/2016 7:40,7:40,12,0,0,COLFAX AVENUE EAST & BROADWAY,2,1,0,1,1,1,,0,30,0,0,0,0,0,2,2,13
,2016_57621,39.740049,-104.986167,2/11/2016 9:00,9:00,15,0,0,LINCOLN STREET NORTH & COLFAX AVENUE EAST,1,1,0,0,1,1,,0,30,0,0,0,0,0,2,2,13
,2016_57623,39.740049,-104.986167,4/29/2016 14:19,14:19,12,0,0,LINCOLN STREET NORTH & COLFAX AVENUE EAST,2,1,1,2,1,1,,0,35,0,0,0,0,0,2,2,3
,2016_57624,39.740049,-104.986167,12/3/2016 23:08,23:08,10,0,0,COLFAX AVENUE EAST & LINCOLN STREET NORTH,1,3,1,0,1,1,,0,35,0,0,0,0,0,2,2,13
,2016_57625,39.740041,-104.983728,1/21/2016 13:05,13:05,12,0,0,COLFAX AVENUE EAST & GRANT STREET NORTH,1,1,0,0,1,3,,0,30,0,0,0,0,0,2,2,7
,2016_57626,39.740017,-104.980916,1/23/2016 17:15,17:15,6,0,0,EAST COLFAX AVENUE 500 BLOCK & NORTH PENNSYLVANIA STREET,1,2,0,0,1,4,,0,30,0,0,0,0,0,2,2,13
,2016_57627,39.739997,-104.965914,5/25/2016 9:58,9:58,10,0,0,COLFAX AVENUE & WILLIAMS STREET NORTH,1,1,0,0,1,4,,0,30,0,0,0,0,0,2,2,13
,2016_57628,39.739981,-104.960052,2/10/2016 10:35,10:35,6,0,0,COLFAX AVENUE EAST & YORK STREET NORTH,1,1,0,0,1,3,,0,30,0,0,0,0,0,2,2,13
,2016_57629,39.740113,-104.958751,4/2/2016 2:06,2:06,3,0,0,COLFAX AVENUE EAST & JOSEPHINE STREET NORTH,1,3,0,0,1,1,,0,30,0,0,0,0,0,2,2,8
,2016_57630,39.740181,-104.956328,11/2/2016 15:55,15:55,12,0,0,COLFAX AVENUE EAST & ELIZABETH STREET NORTH,1,1,0,0,1,4,,0,35,0,0,0,0,0,2,2,3
,2016_57631,39.740152,-104.947296,11/15/2016 10:55,10:55,1,0,0,COLFAX AVENUE EAST & COOK STREET SOUTH,1,1,0,0,1,1,,0,60,0,0,0,0,0,2,2,7
,2016_57632,39.740078,-104.925708,8/27/2016 18:50,18:50,3,0,0,HIGHWAY 40C / COLFAX AVENUE EAST & GLENCOE STREET NORTH,1,1,1,0,1,1,,0,30,0,0,0,0,0,2,2,3
,2016_57633,39.740081,-104.917628,11/2/2016 9:40,9:40,12,0,0,COLFAX AVENUE EAST & COLFAX AVENUE 6100 BLOCK EAST,1,1,0,0,1,4,,0,35,0,0,0,0,1,2,2,7
,2016_57634,39.740082,-104.912743,2/12/2016 6:58,6:58,3,0,0,MONACO PARKWAY SOUTHBOUND & COLFAX AVENUE EAST,1,1,0,0,1,1,,0,30,0,0,0,0,0,2,2,13
,2016_57635,39.740082,-104.912367,4/4/2016 5:40,5:40,3,0,1,MONACO PARKWAY NORTH  & COLFAX AVENUE EAST,1,2,0,0,1,1,,0,,0,0,0,0,2,2,2,13
,2016_57710,39.783472,-105.040139,8/25/2016 13:19,13:19,12,0,0,I70 & SHERIDAN BOULEVARD NORTH,1,1,0,0,1,4,,0,,0,0,0,0,1,1,2,13
,2016_57711,39.783541,-105.031168,8/23/2016 7:45,7:45,12,0,0,I70 & FEDERAL BOULEVARD NORTH,1,1,0,0,1,4,,0,55,0,0,0,0,0,1,2,13
,2016_57712,39.783149,-105.006371,1/29/2016 7:41,7:41,15,0,0,I70 WB & PECOS STREET NORTH,1,1,0,0,1,4,,0,55,0,0,0,0,0,1,2,13
,2016_57713,39.783149,-105.006371,10/19/2016 13:03,13:03,3,0,0,I70 & PECOS STREET NORTH,1,1,1,0,1,6,,0,30,0,0,0,0,0,1,2,13
,2016_57714,39.783208,-105.005571,12/9/2016 5:54,5:54,5,0,0,I70 & PECOS STREET,5,2,0,0,3,4,,0,55,0,0,0,0,0,1,2,13
,2016_57715,39.783477,-105.002751,5/9/2016 10:38,10:38,12,0,0,I70 EASTBOUND & PECOS STREET,1,1,0,0,1,4,,0,55,0,0,0,0,1,1,2,14
,2016_57716,39.78262,-104.999166,2/18/2016 7:55,7:55,12,0,0,I70 & I25 SOUTHBOUND EXIT,1,1,0,0,1,4,,0,55,0,0,0,0,0,1,2,14
,2016_57717,39.780091,-104.989581,9/26/2016 13:26,13:26,15,0,0,I70 RAMP OFF & I25 INTCH APPROXIMATELY,1,1,0,0,1,14,,0,65,0,0,0,0,0,1,2,13
,2016_57719,39.779441,-104.979019,6/9/2016 16:49,16:49,15,0,0,I70 WB OFF RAMP & NORTH WASHINGTON STREET,1,1,1,0,1,1,,0,35,0,0,0,0,0,1,2,13
,2016_57720,39.779933,-104.966293,4/8/2016 7:44,7:44,12,0,0,I70 WB ON RAMP & BRIGHTON BOULEVARD NORTH,1,1,1,0,1,14,,0,35,0,0,0,0,0,1,2,1
,2016_57721,39.779942,-104.966087,7/17/2016 11:14,11:14,15,0,0,I70 & BRIGHTON BOULEVARD,1,1,0,0,1,4,,0,55,0,0,0,0,1,1,2,2
,2016_57722,39.779951,-104.965881,10/26/2016 17:32,17:32,12,0,0,I70 FRONTAGE ROAD / 46TH AVENUE EAST & BRIGHTON BOULEVARD,1,1,0,0,1,4,,0,30,0,0,0,0,1,4,2,13
,2016_57723,39.780012,-104.959789,7/16/2016 11:38,11:38,12,0,0,I70 & YORK STREET NORTH,1,1,0,0,1,4,,0,55,0,0,0,0,0,1,2,13
,2016_57724,39.780015,-104.952612,8/16/2016 11:36,11:36,15,0,0,I70 MERGE LANE & STEELE STREET NORTH WB ON RAMP,1,1,0,0,1,4,,0,55,0,0,0,0,0,1,2,13
,2016_57725,39.779999,-104.949951,1/6/2016 17:21,17:21,15,0,0,I70 EASTBOUND RAMP OFF & HIGHWAY 6 & 85 / VASQUEZ BOULEVARD,1,5,1,0,1,14,,0,55,0,0,0,0,0,1,2,13
,2016_57726,39.780032,-104.931784,3/9/2016 7:41,7:41,12,0,0,I70 & DAHLIA STREET NORTH,1,1,0,0,1,4,,0,55,0,0,0,0,1,1,3,1
,2016_57727,39.778341,-104.92238,2/3/2016 9:04,9:04,5,0,0,I70 & HOLLY STREET NORTH,5,1,0,0,2,4,,0,55,0,0,0,0,0,1,3,1
,2016_57728,39.778287,-104.915847,3/7/2016 8:56,8:56,12,0,0,I70 & LEYDEN STREET NORTH OFFSET REF,1,1,0,0,1,4,,0,55,0,0,0,0,0,1,2,13
,2016_57729,39.778289,-104.912566,6/15/2016 15:24,15:24,12,0,0,I70 & MONACO STREET NORTH,1,1,0,0,1,4,,0,55,0,0,0,0,0,1,2,13
,2016_57730,39.77829,-104.910561,10/3/2016 18:20,18:20,12,0,0,I70 & MONACO STREET NORTH,1,1,0,0,1,4,,0,55,0,0,0,0,0,1,3,3
,2016_57731,39.778294,-104.904729,9/4/2016 17:15,17:15,12,0,0,I70 & POPLAR STREET NORTH,1,1,0,0,1,4,,0,55,0,0,0,0,0,1,2,14
,2016_57732,39.778295,-104.903454,6/1/2016 17:30,17:30,12,0,0,I70 EASTBOUND & QUEBEC STREET NORTH,1,1,0,0,1,4,,0,55,0,0,0,0,0,1,3,14
,2016_57733,39.778295,-104.903454,9/9/2016 15:45,15:45,12,0,0,I70 & QUEBEC STREET NORTH,1,1,0,0,1,4,,0,55,0,0,0,0,0,1,2,13
,2016_57735,39.77726,-104.884273,7/29/2016 6:14,6:14,15,0,0,I70 & QUEBEC STREET,1,1,0,0,1,4,,0,55,0,0,0,0,0,1,2,7
,2016_57736,39.777243,-104.884085,9/25/2016 10:02,10:02,15,0,0,I70 & QUEBEC STREET NORTH,1,1,0,0,1,4,,0,65,0,0,0,0,0,1,2,7
,2016_57737,39.777139,-104.882953,11/27/2016 16:50,16:50,12,0,0,I70 & CENTRAL PARK BOULEVARD NORTH,1,3,1,0,1,4,,0,55,0,0,0,0,0,1,2,12
,2016_57738,39.772964,-104.834778,9/2/2016 11:10,11:10,12,0,0,I70 & I225,1,1,0,0,1,4,,0,55,0,0,0,0,0,1,2,13
,2016_57739,39.775779,-104.867498,6/27/2016 6:38,6:38,12,0,0,I70 & HAVANA STREET NORTH,1,1,0,0,1,4,,1,35,0,0,0,0,1,1,2,12
,2016_57740,39.772805,-104.832929,4/17/2016 23:45,23:45,5,0,0,I70 & I225 SOUTHBOUND OFF RAMP,1,3,1,0,2,4,,0,55,0,0,0,0,0,1,1,13
,2016_57741,39.775573,-104.865095,7/27/2016 9:49,9:49,12,0,0,I70 & HAVANA STREET,1,1,2,0,1,4,,1,55,0,0,0,0,0,1,2,13
,2016_57742,39.775573,-104.865095,11/30/2016 15:43,15:43,12,0,1,I70 & HAVANA STREET,1,2,1,0,1,4,,0,55,0,0,0,0,2,1,2,13
,2016_57743,39.775509,-104.864356,7/22/2016 21:27,21:27,12,0,0,I70 & HAVANA STREET,1,3,1,0,1,4,,0,45,0,0,0,0,0,1,2,6
,2016_57744,39.775351,-104.862507,4/26/2016 15:55,15:55,15,0,0,I70 EASTBOUND & HAVANA STREET NORTH,2,1,0,1,1,4,,0,55,0,0,0,0,0,1,2,13
,2016_57746,39.775192,-104.860658,5/28/2016 14:47,14:47,5,0,1,I70 EASTBOUND & HAVANA STREET EASTBOUND RAMP ON GORE POINT,1,1,0,0,3,4,,1,55,0,0,0,0,2,1,2,10
,2016_57747,39.774142,-104.848457,11/5/2016 17:10,17:10,12,0,0,I70 WB & PEORIA STREET NORTH,1,2,1,0,1,4,,0,55,0,0,0,0,0,1,2,7
,2016_57748,39.774031,-104.847163,4/1/2016 19:15,19:15,12,0,1,I70 EASTBOUND & PEORIA STREET NORTH,1,3,0,0,1,4,,0,55,0,0,0,0,2,1,3,10
,2016_57749,39.773999,-104.846793,5/20/2016 15:48,15:48,12,0,0,PEORIA STREET NORTH & I70 EASTBOUND,1,1,0,0,1,4,,0,35,0,0,0,0,0,1,2,13
,2016_57750,39.773999,-104.846793,12/20/2016 10:00,10:00,12,0,0,PEORIA STREET NORTH & I70,2,1,0,0,1,4,,0,40,0,0,0,0,0,1,2,3
,2016_57751,39.773697,-104.843281,6/30/2016 6:53,6:53,12,0,1,I70 & PEORIA STREET NORTH,1,1,0,0,1,4,,0,55,0,0,0,0,2,1,3,1
,2016_57752,39.773697,-104.843281,8/28/2016 10:22,10:22,15,0,0,I70 EASTBOUND & MM 282,1,1,2,0,1,4,,0,55,0,0,0,0,0,1,2,2
,2016_57753,39.773522,-104.841248,3/5/2016 23:49,23:49,12,0,0,I70 & PEORIA STREET NORTH,1,4,0,0,1,4,,0,55,0,0,0,0,0,1,2,13
,2016_57754,39.773347,-104.839214,11/27/2016 13:54,13:54,12,0,0,I70 & MM 282,1,1,0,0,1,4,,0,65,0,0,0,0,0,1,2,13
,2016_57755,39.773028,-104.835517,11/18/2016 2:10,2:10,5,0,0,I70 APPROXIMATELY & I225 FLY RAMP SPLIT TO PEORIA,5,3,1,2,2,14,,0,55,0,0,0,0,0,1,1,5
,2016_57756,39.772853,-104.833483,4/27/2016 17:08,17:08,12,0,0,I70 EASTBOUND & I225 SOUTHBOUND,1,1,1,0,1,4,,0,55,0,0,0,0,0,1,2,3
,2016_57757,39.77255,-104.829971,12/5/2016 16:56,16:56,12,0,0,I70 & I225 WB FLYOVER RAMP,3,5,1,0,1,4,,0,55,0,0,0,0,1,1,2,13
,2016_57759,39.77255,-104.829971,7/31/2016 8:20,8:20,12,0,0,I70  & I225 WB FLYOVER RAMP,1,1,0,0,1,14,,0,55,0,0,0,0,0,1,2,7
,2016_57817,39.700261,-104.908227,2/27/2016 13:06,13:06,12,0,0,LEETSDALE DRIVE & ONEIDA STREET SOUTH,1,1,0,0,1,1,,0,40,0,0,0,0,0,2,3,3
,2016_57818,39.701082,-104.910423,3/17/2016 17:53,17:53,3,0,0,LEETSDALE DRIVE & NIAGARA STREET SOUTH,1,1,1,0,1,1,,0,35,0,0,0,0,1,2,2,5
,2016_57819,39.707328,-104.922192,9/4/2016 7:01,7:01,3,0,0,LEETSDALE DRIVE EAST & HOLLY STREET SOUTH,1,1,0,0,1,1,,0,,0,0,0,0,0,2,2,13
,2016_57820,39.707862,-104.925355,2/25/2016 16:20,16:20,3,0,0,LEETSDALE DRIVE 5350 & FOREST STREET SOUTH,1,1,0,0,1,2,,0,35,0,0,0,0,1,2,2,13
,2016_57821,39.708762,-104.930132,1/26/2016 13:16,13:16,12,0,0,LEETSDALE DRIVE & 5801,1,1,0,0,1,2,,0,35,0,0,0,0,0,2,2,13
,2016_57853,39.671091,-104.995059,9/21/2016 16:45,16:45,12,0,0,SANTA FE DRIVE & HARVARD AVENUE WEST,1,1,0,0,1,4,,0,55,0,0,0,0,1,2,2,1
,2016_57854,39.704019,-105.02509,3/22/2016 6:28,6:28,15,0,0,EXPOSITION & FEDERAL BOULEVARD SOUTH,1,3,1,0,1,4,,0,35,0,0,0,0,0,2,2,13
,2016_57855,39.682087,-104.992176,8/26/2016 6:28,6:28,15,0,0,SANTA FE DRIVE SOUTH & EVANS AVENUE WEST,1,1,0,0,1,4,,0,45,0,0,0,0,0,2,3,14
,2016_57856,39.685802,-104.991965,3/10/2016 6:51,6:51,15,0,0,SANTA FE DRIVE 1900 BLOCK SOUTH & EVANS AVENUE EAST,1,1,0,0,1,4,,0,40,0,0,0,0,0,2,2,1
,2016_57858,39.687062,-104.991947,2/11/2016 7:45,7:45,12,0,0,SANTA FE DRIVE 1600 BLOCK SOUTH & IOWA AVENUE,1,1,0,0,1,3,,0,45,0,0,0,0,0,2,2,13
,2016_57859,39.689481,-104.99207,10/1/2016 21:43,21:43,1,0,0,SANTA FE DRIVE SOUTH & FLORIDA AVENUE WEST,1,3,0,0,1,1,,0,30,0,0,0,0,0,2,2,13
,2016_57860,39.693317,-104.99249,5/23/2016 7:45,7:45,15,0,0,SANTE FE DRIVE & LOUISIANA AVENUE WEST,1,1,0,0,1,4,,0,45,0,0,0,0,0,2,2,14
,2016_57861,39.694871,-104.992454,7/21/2016 15:54,15:54,12,0,0,PLATTE RIVER DRIVE SOUTH & MISSISSIPPI AVENUE WEST,1,1,0,0,1,3,,0,35,0,0,0,0,0,2,2,7
,2016_57862,39.696362,-104.991999,8/31/2016 5:40,5:40,15,0,0,SANTA FE DRIVE 1100 BLOCK SOUTH & MISSISSIPPI AVENUE WEST,1,2,0,0,1,4,,0,40,0,0,0,0,0,2,2,12
,2016_57864,39.696679,-104.991877,6/14/2016 8:52,8:52,15,0,0,SANTA FE DRIVE & MISSISSIPPI AVENUE WEST,1,1,0,0,1,1,,0,35,0,0,0,0,0,2,2,13
,2016_57865,39.696679,-104.991877,7/6/2016 17:37,17:37,10,0,0,PLATTE RIVER DRIVE SOUTH & MISSISSIPPI AVENUE WEST,1,1,0,0,1,1,,0,35,0,0,0,0,0,2,2,8
,2016_57866,39.696679,-104.991877,10/19/2016 19:30,19:30,15,0,0,SANTA FE DRIVE SOUTH & MISSISSIPPI AVENUE WEST,1,3,0,0,1,1,,0,25,0,0,0,0,0,2,2,13
,2016_57867,39.697173,-104.991776,5/13/2016 17:55,17:55,15,0,0,SANTA FE DRIVE & MISSISSIPPI AVENUE WEST,1,1,0,0,1,4,,0,30,0,0,0,0,0,2,2,13
,2016_57883,39.725357,-105.025125,2/1/2016 12:21,12:21,3,0,0,FEDERAL BOULEVARD NORTH & SIXTH AVENUE WEST,6,1,0,2,1,1,,0,35,0,0,0,0,1,2,2,7
,2016_57884,39.725357,-105.025125,4/9/2016 15:23,15:23,10,0,0,FEDERAL BOULEVARD NORTH  & SIXTH AVENUE WEST WB RAMP OFF,1,1,1,0,1,1,,0,,0,0,0,0,0,2,2,13
,2016_57885,39.725117,-105.025125,11/25/2016 19:40,19:40,1,0,0,FEDERAL BOULEVARD WEST & SIXTH AVENUE WB OFF RAMP,1,3,0,0,1,1,,0,35,0,0,0,0,0,2,2,8
,2016_57886,39.718398,-105.025153,10/30/2016 21:10,21:10,1,0,0,FEDERAL BOULEVARD NORTH & FIRST AVENUE WEST,1,3,0,0,1,1,,0,35,0,0,0,0,0,2,3,5
,2016_57887,39.711104,-105.025094,1/24/2016 0:06,0:06,12,0,1,FEDERAL BOULEVARD SOUTH & ALAMEDA AVENUE WEST,1,5,1,0,1,1,,0,40,0,0,0,0,2,2,2,5
,2016_57889,39.710806,-105.025084,5/16/2016 16:28,16:28,12,0,0,FEDERAL BOULEVARD SOUTH & ALAMEDA AVENUE WEST,2,1,0,1,1,4,,0,35,0,0,0,0,0,2,2,1
,2016_57891,39.70849,-105.025081,12/2/2016 14:40,14:40,12,0,1,FEDERAL BOULEVARD SOUTH & ALASKA PLACE WEST,1,1,0,0,1,1,,0,40,0,0,0,0,2,2,3,7
,2016_57892,39.707913,-105.025082,4/11/2016 16:39,16:39,12,0,0,FEDERAL BOULEVARD SOUTH & VIRGINIA AVENUE WEST,1,1,0,0,1,4,,0,35,0,0,0,0,0,2,2,3