id,drcog_id,latitude,longitude,crashtime,time,crashtype,numbkilled,numbinjurd,drcoglocat,rdconditin,lightngcon,roadcntgrd,weatherco,location,roaddescrp,schoolzone,constrzone,splimit,bikeinv,pedinv,sctrinv,motoinv,svrty,rdsystem,ttlvehcls,hcf
,2016_57894,39.700704,-105.02508,10/2/2016 2:55,2:55,5,0,0,FEDERAL BOULEVARD SOUTH & KENTUCKY AVENUE WEST,1,3,0,0,3,4,,0,40,0,0,0,0,0,2,1,5
,2016_57895,39.694802,-105.025063,1/12/2016 7:50,7:50,12,0,0,FEDERAL BOULEVARD 1200 BLOCK SOUTH & ARIZONA AVENUE WEST,1,1,0,0,1,1,,0,40,0,0,0,0,0,2,2,13
,2016_57896,39.689347,-105.025043,5/16/2016 20:13,20:13,1,0,0,FEDERAL BOULEVARD SOUTH & FLORIDA AVENUE WEST,2,3,1,1,1,1,,0,35,0,0,0,0,0,2,2,13
,2016_57897,39.682419,-105.025016,1/27/2016 15:18,15:18,12,0,0,FEDERAL BOULEVARD & JEWELL AVENUE WEST,1,1,0,0,1,4,,0,40,0,0,0,0,0,2,2,13
,2016_57898,39.681834,-105.025018,2/15/2016 18:26,18:26,12,0,0,FEDERAL BOULEVARD SOUTH & JEWELL AVENUE WEST,1,3,0,0,1,4,,0,30,0,0,0,0,1,2,2,5
,2016_57899,39.673239,-105.025064,4/28/2016 14:26,14:26,12,0,0,FEDERAL BOULEVARD SOUTH & HARVARD AVENUE WEST,1,1,0,0,1,3,,0,40,0,0,0,0,0,2,2,7
,2016_57900,39.669597,-105.025084,11/5/2016 19:15,19:15,15,0,0,FEDERAL BOULEVARD & 800 BLOCK NORTH,1,3,0,0,1,4,,0,35,0,0,0,0,0,2,2,14
,2016_57901,39.665444,-105.025139,5/10/2016 20:45,20:45,12,0,0,FEDERAL BOULEVARD & AMHERST AVENUE WEST ROAD WEST,1,3,0,0,1,4,,0,40,0,0,0,0,0,2,2,13
,2016_57926,39.65363,-105.053095,8/17/2016 7:50,7:50,12,0,0,SHERIDAN BOULEVARD SOUTH & HAMPDEN AVENUE WB ON RAMP,1,1,0,0,1,1,,0,35,0,0,0,0,0,2,2,7
,2016_57927,39.656087,-105.053224,2/29/2016 18:15,18:15,3,0,0,SHERIDAN BOULEVARD SOUTH & DARTMOUTH AVENUE WEST,1,3,0,0,1,1,,0,30,0,0,0,0,0,2,2,7
,2016_57928,39.656087,-105.053224,3/28/2016 10:20,10:20,12,0,0,SHERIDAN BOULEVARD 3000 BLOCK SOUTH & DARTMOUTH AVENUE WEST,1,1,0,0,1,1,,0,40,0,0,0,0,0,2,3,7
,2016_57929,39.679091,-105.053268,12/19/2016 7:25,7:25,1,0,0,EVANS AVENUE EAST & SHERIDAN BOULEVARD SOUTH,5,1,0,0,1,1,,0,25,0,0,0,0,0,2,2,7
,2016_57930,39.679664,-105.053268,10/28/2016 17:26,17:26,12,0,0,SHERIDAN BOULEVARD SOUTH & EVANS AVENUE WEST,1,1,0,0,1,4,,0,40,0,0,0,0,1,2,4,7
,2016_57937,39.726278,-105.053133,10/24/2016 17:34,17:34,12,0,0,SHERIDAN BOULEVARD SOUTH & SIXTH AVENUE WB ON RAMP,1,2,0,0,1,1,,0,35,0,0,0,0,0,2,2,13
,2016_57969,39.614886,-105.091143,9/22/2016 13:34,13:34,12,0,0,WADSWORTH SOUTH & CROSS DRIVE WEST,1,1,0,0,1,3,,0,45,0,0,0,0,1,2,2,7
,2016_57971,39.618006,-105.091112,10/30/2016 16:15,16:15,12,0,0,WADSWORTH BOULEVARD SOUTH & CRESTLINE AVENUE WEST,1,1,0,0,1,3,,0,35,0,0,0,0,0,2,3,3
,2016_57972,39.618006,-105.091112,11/6/2016 13:04,13:04,12,0,0,CRESTLINE AVENUE WEST & WADSWORTH BOULEVARD SOUTH,1,1,0,0,1,4,,0,45,0,0,0,0,1,2,2,13
,2016_58062,39.629871,-104.904931,4/10/2016 13:50,13:50,15,0,0,I225 SOUTHBOUND / WB OFF RAMP & I25 SOUTHBOUND ON RAMP / BELLEVIEW EXIT MERGE P,1,1,0,0,1,14,,0,55,0,0,0,0,0,1,2,13
,2016_58063,39.630074,-104.904964,8/9/2016 20:50,20:50,12,0,1,I225 SOUTHBOUND OFF RAMP TO I25 NORTHBOUND & RAMP END,1,3,1,0,1,14,,0,55,0,0,0,0,2,1,2,13
,2016_58064,39.632057,-104.904891,4/17/2016 6:30,6:30,6,0,0,I225 & I25,4,1,1,2,1,4,,0,55,0,0,0,0,0,1,2,13
,2016_58065,39.635522,-104.893462,2/12/2016 14:06,14:06,1,0,0,TAMARAC STREET SOUTH / DTC BOULEVARD SOUTH & I225 NORTHBOUND,1,1,0,0,1,1,,0,35,0,0,0,0,0,1,2,13
,2016_58066,39.639223,-104.885207,8/17/2016 9:40,9:40,15,0,0,I225 & YOSEMITE STREET SOUTH,1,1,0,0,1,4,,0,65,0,0,0,0,0,1,2,13
,2016_58100,39.785327,-104.902489,5/25/2016 11:00,11:00,12,0,0,I270 SOUTHWEST FRONTAGE ROAD  SAND CREEK DRIVE & 49TH DRIVE EAST,1,1,0,0,1,1,,0,35,0,0,0,0,0,4,2,13
,2016_58101,39.779388,-104.898263,2/19/2016 16:17,16:17,15,0,0,I270 & NORTHFIELD QUEBEC STREET,1,1,1,0,1,4,,0,55,0,0,0,0,0,1,2,1
,2016_58102,39.763813,-105.025161,3/31/2016 15:43,15:43,12,0,0,FEDERAL BOULEVARD & 3300 BLOCK NORTH,1,1,1,0,1,4,,0,35,0,0,0,0,0,2,2,13
,2016_58103,39.779388,-104.898263,12/18/2016 9:30,9:30,12,0,0,I270 WB DIRECT CONNECT FROM I70 & QUEBEC STREET,5,1,0,0,1,4,,0,35,0,0,0,0,0,1,2,1
,2016_58107,39.653152,-105.052954,2/12/2016 15:40,15:40,12,0,0,HAMPDEN AVENUE WEST WB OFF RAMP SPLIT TO & SHERIDAN BOULEVARD NORTH,1,1,0,0,1,14,,0,55,0,0,0,0,0,2,2,14
,2016_58108,39.654084,-105.0415,8/4/2016 7:15,7:15,12,0,0,HAMPDEN AVENUE WEST & RALEIGH STREET SOUTH,1,1,1,0,1,4,,0,55,0,0,0,1,0,2,4,13
,2016_58123,39.65298,-104.928108,8/31/2016 16:00,16:00,12,0,0,HAMPDEN AVENUE EAST & FAIRFAX STREET SOUTH,1,1,0,0,1,1,,0,40,0,0,0,0,0,2,2,12
,2016_58124,39.652979,-104.918863,9/27/2016 11:06,11:06,12,0,0,HAMPDEN AVENUE EAST & I25 SOUTHBOUND RAMPS,1,1,1,0,1,3,,0,35,0,0,0,0,1,2,2,3
,2016_58125,39.652978,-104.917698,6/1/2016 19:45,19:45,3,0,0,HAMPDEN AVENUE EAST & I25 NORTHBOUND RAMPS,1,1,0,0,1,1,,0,35,0,0,0,0,1,2,2,13
,2016_58126,39.751253,-105.025137,9/6/2016 8:18,8:18,12,0,0,FEDERAL BOULEVARD NORTH & 23RD AVENUE WEST,1,1,0,0,1,3,,0,35,0,0,0,0,0,2,2,13
,2016_58128,39.75854,-105.025143,5/12/2016 11:40,11:40,12,0,0,FEDERAL BOULEVARD NORTHBOUND & 29TH AVENUE WEST,1,1,0,0,1,3,,0,35,0,0,0,0,0,2,3,14
,2016_58129,39.76025,-105.025149,11/7/2016 7:43,7:43,15,0,0,FEDERAL BOULEVARD NORTH & SPEER BOULEVARD,1,1,0,0,1,1,,0,35,0,0,0,0,0,2,2,14
,2016_58130,39.76025,-105.025149,12/6/2016 17:19,17:19,12,0,0,SPEER BOULEVARD NORTH & FEDERAL BOULEVARD,1,3,0,2,1,4,,0,35,0,0,0,0,0,2,2,13
,2016_58131,39.768233,-105.02521,3/15/2016 16:12,16:12,12,0,0,FEDERAL BOULEVARD & 3700 BLOCK NORTH,1,1,1,0,1,4,,0,35,0,0,0,0,0,2,2,16
,2016_58132,39.771959,-105.025231,12/12/2016 13:02,13:02,12,0,0,FEDERAL BOULEVARD & 4000 BLOCK,1,1,1,0,1,4,,0,35,0,0,0,0,1,2,2,13
,2016_58133,39.784851,-105.025224,8/9/2016 13:03,13:03,1,0,0,FEDERAL BOULEVARD 4800 BLOCK NORTH & 48TH AVENUE WEST,1,1,0,0,1,1,,0,30,0,0,0,0,0,2,2,8
,2016_58134,39.787993,-105.025211,8/8/2016 15:52,15:52,3,0,0,FEDERAL BOULEVARD NORTH & 50TH AVENUE WEST,1,1,0,0,1,2,,0,35,0,0,0,0,0,2,2,8
,2016_58135,39.792816,-105.025213,11/13/2016 18:41,18:41,12,0,0,FEDERAL BOULEVARD & 52ND AVENUE,1,4,1,0,1,2,,0,45,0,0,0,0,1,2,2,13
,2016_58216,39.694796,-104.94055,5/2/2016 10:26,10:26,9,0,1,COLORADO BOULEVARD SOUTH & ARIZONA AVENUE EAST,1,1,0,0,1,4,,0,35,0,0,0,1,2,2,1,13
,2016_58218,39.668673,-104.940609,3/3/2016 19:31,19:31,12,0,0,COLORADO BOULEVARD SOUTH & YALE AVENUE EAST,1,2,0,0,1,1,,0,,0,0,0,0,0,2,2,13
,2016_58219,39.676168,-104.940631,2/3/2016 10:01,10:01,12,0,0,COLORADO BOULEVARD & WARREN AVENUE EAST,2,1,0,0,1,4,,0,35,0,0,0,0,0,2,2,3
,2016_58220,39.679985,-104.940643,2/29/2016 8:20,8:20,3,0,0,COLORADO BOULEVARD SOUTH & COLORADO CENTER DRIVE EAST,1,1,0,0,1,1,,0,40,0,0,0,0,1,2,2,13
,2016_58221,39.685533,-104.940543,3/8/2016 23:58,23:58,1,0,0,COLORADO BOULEVARD SOUTH & MEXICO AVENUE EAST,1,3,1,0,1,1,,0,35,0,0,0,0,0,2,2,13
,2016_58222,39.686131,-104.940544,1/28/2016 11:51,11:51,15,0,0,COLORADO BOULEVARD & MEXICO AVENUE EAST,1,1,0,0,1,4,,0,40,0,0,0,0,0,2,2,3
,2016_58223,39.69136,-104.940548,5/19/2016 14:26,14:26,12,0,0,COLORADO BOULEVARD SOUTH & ARKANSAS AVENUE EAST,1,1,1,0,1,4,,0,35,0,0,0,0,0,2,3,7
,2016_58224,39.693451,-104.940549,1/6/2016 17:00,17:00,12,0,0,COLORADO BOULEVARD 1200 BLOCK SOUTH & LOUISIANA AVENUE,1,3,1,0,1,4,,0,35,0,0,0,0,1,2,4,1
,2016_58228,39.713098,-104.940611,5/11/2016 12:10,12:10,12,0,0,COLORADO BOULEVARD 400 BLOCK SOUTH & ALAMEDA AVENUE EAST,1,1,0,0,1,3,,0,35,0,0,0,0,0,2,2,13
,2016_58229,39.722728,-104.940608,6/1/2016 15:01,15:01,12,0,0,COLORADO BOULEVARD NORTH & THIRD AVENUE EAST,1,1,1,0,1,1,,0,35,0,0,0,0,1,2,4,3
,2016_58230,39.722728,-104.940608,8/18/2016 17:40,17:40,12,0,0,THIRD AVENUE EAST & COLORADO BOULEVARD NORTH,1,1,0,0,1,3,,0,35,0,0,0,0,0,2,3,13
,2016_58231,39.725354,-104.940607,7/19/2016 7:40,7:40,15,0,0,COLORADO BOULEVARD NORTHBOUND & 600 BLOCK NORTH,1,1,0,0,1,4,,0,30,0,0,0,0,0,2,2,7
,2016_58232,39.7433,-104.9406,4/24/2016 11:49,11:49,12,0,0,COLORADO BOULEVARD NORTH & 17TH AVENUE PARKWAY EAST,1,1,0,0,1,3,,0,30,0,0,0,0,0,2,2,13
,2016_58233,39.743592,-104.9406,5/23/2016 14:46,14:46,1,0,0,17TH AVENUE PARKWAY & COLORADO BOULEVARD NORTH,1,1,0,0,1,1,,0,30,0,0,0,0,0,2,2,14
,2016_58234,39.750887,-104.940597,3/14/2016 1:30,1:30,3,0,0,COLORADO BOULEVARD NORTH & 23RD AVENUE EAST,1,3,0,0,1,1,,0,30,0,0,0,0,0,2,2,13
,2016_58235,39.750887,-104.940597,3/24/2016 5:25,5:25,3,0,0,NORTH COLORADO BOULEVARD & EAST 23RD AVENUE,5,3,0,0,1,1,,0,35,0,0,0,0,0,2,2,13
,2016_58236,39.750887,-104.940597,8/20/2016 11:50,11:50,12,0,0,COLORADO BOULEVARD & 23RD AVENUE EAST,1,1,1,0,1,4,,0,35,0,0,0,0,0,2,3,4
,2016_58237,39.761914,-104.940511,6/23/2016 7:50,7:50,12,0,0,COLORADO BOULEVARD NORTH & MLK JR BOULEVARD,1,1,0,0,1,1,,0,35,0,0,0,0,0,2,2,7
,2016_58238,39.764528,-104.940501,2/5/2016 13:50,13:50,12,0,0,COLORADO BOULEVARD NORTH & BRUCE RANDOLPH AVENUE EAST,1,1,0,0,1,1,,0,30,0,0,0,0,0,2,2,13
,2016_58239,39.765399,-104.940497,3/11/2016 17:50,17:50,1,0,0,COLORADO BOULEVARD & 35TH AVENUE,1,1,0,0,1,2,,0,30,0,0,0,0,0,2,2,1
,2016_58240,39.77302,-104.940511,4/11/2016 7:28,7:28,15,0,0,COLORADO BOULEVARD NORTH & 40TH AVENUE EAST,1,1,0,0,1,3,,0,35,0,0,0,0,0,2,3,13
,2016_58255,39.725415,-105.025068,9/4/2016 23:50,23:50,12,0,0,SIXTH AVENUE WEST EASTBOUND OFF RAMP & FEDERAL BOULEVARD NORTH,1,3,1,0,1,14,,0,25,0,0,0,0,0,2,2,1
,2016_58256,39.782199,-104.949298,5/10/2016 15:16,15:16,12,0,0,VASQUEZ BOULEVARD & STEELE STREET NORTH,2,1,0,2,1,4,,0,35,0,0,0,0,0,2,3,14
,2016_58328,39.737718,-105.013894,3/24/2016 5:45,5:45,12,0,0,I25 & COLFAX AVENUE WEST,4,3,1,0,1,4,,0,55,0,0,0,0,0,1,2,1
,2016_58347,39.628188,-104.90365,9/15/2016 0:32,0:32,5,0,0,I25 NORTHBOUND RAMP SPLIT & I225 NORTHBOUND 'B' RAMP,1,3,0,0,3,14,,0,65,0,0,0,0,1,1,1,1
,2016_58348,39.754871,-105.013628,2/8/2016 2:08,2:08,5,0,1,I25 SOUTHBOUND & 23RD AVENUE WEST EXIT GORE,1,3,0,0,3,4,,0,55,0,0,0,0,2,1,1,5
,2016_58349,39.628279,-104.904057,8/22/2016 8:55,8:55,12,0,0,I25 & UNION AVENUE EAST UNDRPSS SEP,1,1,0,0,1,4,,0,65,0,0,0,0,0,1,2,14
,2016_58350,39.633614,-104.90654,2/22/2016 16:48,16:48,12,0,0,I25  & I225,1,1,0,0,1,4,,0,35,0,0,0,0,0,1,2,13
,2016_58351,39.635261,-104.907419,11/27/2016 12:58,12:58,12,0,0,I25 NORTHBOUND & I225 NB/EB FLYOVER,1,1,0,0,1,4,,0,65,0,0,0,0,0,1,2,1
,2016_58352,39.639103,-104.91017,2/18/2016 17:04,17:04,15,0,0,I25 & QUINCY AVENUE EAST,1,3,0,0,1,4,,0,55,0,0,0,0,0,1,2,3
,2016_58353,39.666928,-104.925103,8/13/2016 22:35,22:35,12,0,0,I25 NORTHBOUND & YALE AVENUE EAST,1,3,0,0,1,4,,0,55,0,0,0,0,0,1,3,13
,2016_58354,39.666928,-104.925103,11/3/2016 13:32,13:32,12,0,0,I25 & YALE AVENUE EAST,1,1,0,0,1,4,,0,55,0,0,0,0,0,1,2,13
,2016_58355,39.66716,-104.925273,7/9/2016 18:25,18:25,12,0,0,I25 NORTHBOUND & YALE AVENUE EAST,1,1,0,0,1,4,,0,60,0,0,0,0,0,1,3,13
,2016_58356,39.667623,-104.925611,4/14/2016 6:20,6:20,12,0,0,I25 & YALE AVENUE EAST,1,1,0,0,1,4,,0,65,0,0,0,0,0,1,2,13
,2016_58357,39.667623,-104.925611,10/10/2016 16:15,16:15,12,0,0,I25 & YALE AVENUE EAST SOUTHBOUND OFF RAMP GORE POINT,1,1,0,0,1,4,,0,65,0,0,0,0,0,1,2,13
,2016_58358,39.667623,-104.925611,3/23/2016 16:32,16:32,3,0,0,YALE AVENUE EAST & I25 SOUTHBOUND OFF RAMP,6,1,0,2,1,1,,0,35,0,0,0,0,0,1,2,3
,2016_58359,39.667623,-104.925611,4/7/2016 11:22,11:22,15,0,0,YALE AVENUE EAST & I25 NORTHBOUND OFF RAMP,1,1,1,0,1,1,,0,30,0,0,0,0,0,1,2,3
,2016_58360,39.671694,-104.928296,11/5/2016 13:13,13:13,15,0,0,I25 SOUTHBOUND & YALE AVENUE EAST INTERCHANGE,1,1,0,0,1,4,,0,55,0,0,0,0,0,1,2,13
,2016_58361,39.678367,-104.933559,5/11/2016 18:52,18:52,12,0,0,I25 & EVANS AVENUE EAST,1,1,0,0,1,4,,0,65,0,0,0,0,0,1,2,3
,2016_58362,39.678367,-104.933559,12/29/2016 13:16,13:16,12,0,0,I25 & EVANS AVENUE EAST,1,1,0,0,1,4,,0,60,0,0,0,0,0,1,2,13
,2016_58363,39.678367,-104.933559,8/10/2016 10:46,10:46,1,0,0,EVANS AVENUE & I25 SOUTHBOUND OFF RAMP,1,1,1,0,1,1,,0,30,0,0,0,0,1,1,2,7
,2016_58364,39.684288,-104.945224,9/13/2016 8:12,8:12,15,0,0,I25 & STEELE STREET SOUTH,1,1,0,0,1,4,,0,50,0,0,0,0,0,1,2,3
,2016_58365,39.684612,-104.946963,3/10/2016 15:20,15:20,12,0,0,I25 & STEELE STREET SOUTH,1,1,0,0,1,4,,0,50,0,0,0,0,0,1,4,13
,2016_58366,39.68492,-104.959509,8/31/2016 14:25,14:25,15,0,0,I25 & UNIVERSITY BOULEVARD SOUTH,1,1,0,0,1,4,,0,50,0,0,0,0,0,1,2,13
,2016_58367,39.686223,-104.965636,5/19/2016 17:40,17:40,12,0,0,I25 & DOWNING STREET SOUTH,1,1,0,0,1,4,,0,60,0,0,0,0,0,1,2,12
,2016_58368,39.690115,-104.973561,9/12/2016 15:22,15:22,12,0,0,I25 & DOWNING STREET SOUTH,1,1,0,0,1,4,,0,60,0,0,0,0,0,1,2,13
,2016_58370,39.700838,-104.986681,4/19/2016 17:38,17:38,12,0,0,BROADWAY SOUTH & KENTUCKY AVENUE WEST,1,1,0,0,1,4,,0,35,0,0,0,0,0,1,2,3
,2016_58371,39.704286,-104.993745,10/26/2016 18:10,18:10,12,0,0,I25 NORTHBOUND  & SANTA FE DRIVE SOUTH NORTHBOUND EXIT GORE POINT,1,2,1,0,1,4,,0,65,0,0,0,0,0,1,2,13
,2016_58372,39.707118,-104.996779,2/17/2016 7:25,7:25,12,0,0,I25 & SANTA FE DRIVE SOUTH INTERCHANGE,1,1,1,0,1,4,,0,55,0,0,0,0,0,1,2,14
,2016_58373,39.707118,-104.996779,12/29/2016 8:25,8:25,12,0,0,I25 NORTHBOUND ON RAMP & SANTA FE DRIVE,1,1,1,0,1,14,,0,50,0,0,0,0,0,1,2,3
,2016_58374,39.708562,-104.997479,6/22/2016 17:44,17:44,12,0,0,I25 HIGHWAY NORTHBOUND & SANTA FE DRIVE SOUTH INTERCHANGE,1,1,1,0,1,4,,0,55,0,0,0,0,0,1,2,13
,2016_58375,39.709613,-104.997988,3/18/2016 15:27,15:27,15,0,0,I25 NORTHBOUND ENTRANCE GORE POINT & SANTA FE DRIVE,1,1,1,0,1,14,,0,55,0,0,0,0,0,1,2,13
,2016_58376,39.711112,-104.998846,2/8/2016 21:30,21:30,5,0,1,I25 & WEST ALAMEDA AVENUE,1,3,0,0,2,4,,0,55,0,0,0,0,2,1,1,5
,2016_58377,39.711525,-104.999094,8/27/2016 18:26,18:26,12,0,0,I25 NORTHBOUND & HIGHWAY 26B / ALAMEDA AVENUE WEST,1,1,0,0,1,4,,0,55,0,0,0,0,1,1,3,13
,2016_58378,39.711525,-104.999094,12/1/2016 17:08,17:08,12,0,0,I25 & ALAMEDA AVENUE,1,3,0,0,1,4,,0,65,0,0,0,0,0,1,3,13
,2016_58380,39.711663,-104.999176,2/13/2016 4:25,4:25,15,0,0,I25 SOUTHBOUND & ALAMEDA AVENUE WEST OVER PASS,1,3,0,4,1,4,,0,55,0,0,0,0,0,1,2,13
,2016_58381,39.712076,-104.999424,8/23/2016 16:11,16:11,12,0,0,I25 & ALAMEDA AVENUE WEST,1,1,0,0,1,4,,0,55,0,0,0,0,0,1,2,13
,2016_58382,39.712352,-104.999588,7/21/2016 12:00,12:00,15,0,0,I25 & ALAMEDA AVENUE WEST,1,1,0,0,1,4,,0,55,0,0,0,0,0,1,2,1
,2016_58383,39.72244,-105.009858,11/10/2016 9:34,9:34,15,0,0,I25 & SIXTH AVENUE INTERCHANGE,1,1,0,0,1,4,,0,55,0,0,0,0,0,1,2,12
,2016_58384,39.723012,-105.010664,9/8/2016 10:52,10:52,12,0,0,I25 NORTHBOUND RAMP OFF OLD CONFIG & SIXTH AVENUE WEST EASTBOUND EXIT GORE APPROXIMATELY,1,1,0,0,1,14,,0,65,0,0,0,0,0,1,2,3
,2016_58385,39.724708,-105.012484,11/3/2016 12:25,12:25,12,0,1,I25 SOUTHBOUND ON RAMP FROM SIXTH AVENUE & RAMP SPLIT,1,1,1,0,1,14,,0,45,0,0,0,0,2,1,3,5
,2016_58386,39.724815,-105.012562,7/4/2016 21:43,21:43,12,0,0,I25 SOUTHBOUND ON RAMP FROM SIXTH AVENUE & RAMP SPLIT,1,3,0,0,1,14,,0,45,0,0,0,0,0,1,3,1
,2016_58387,39.724815,-105.012562,8/29/2016 8:40,8:40,12,0,0,SIXTH AVENUE EASTBOUND RAMPS OFF & I25 NORTHBOUND / SOUTHBOUND RAMP SPLIT,1,1,1,0,1,14,,0,55,0,0,0,0,0,1,2,13
,2016_58388,39.725048,-105.01273,11/8/2016 7:35,7:35,12,0,0,I25 & SIXTH AVENUE INTERCHANGE,1,1,0,0,1,4,,0,55,0,0,0,0,0,1,2,14
,2016_58389,39.725165,-105.012815,3/21/2016 12:10,12:10,12,0,0,I25 NORTHBOUND OFF RAMP & SIXTH AVENUE EASTBOUND / WB EXIT,1,1,1,0,1,14,,0,25,0,0,0,0,0,1,2,13
,2016_58390,39.725281,-105.012899,9/24/2016 11:05,11:05,15,0,0,I25 & HIGHWAY 6,1,1,1,0,1,4,,0,55,0,0,0,0,0,1,2,8
,2016_58391,39.725398,-105.012983,7/29/2016 17:50,17:50,12,0,0,I25 NORTHBOUND RAMP ON & SIXTH AVENUE WEST,1,1,0,0,1,14,,0,45,0,0,0,0,0,1,2,13
,2016_58392,39.726451,-105.01367,1/16/2016 15:35,15:35,12,0,1,I25 HIGHWAY NORTHBOUND RAMP ON FROM & SIXTH AVENUE WEST INTERCHANGE,1,1,1,0,1,14,,0,55,0,0,0,0,2,1,2,5
,2016_58393,39.728958,-105.014686,11/23/2016 13:43,13:43,12,0,0,I25 RAMP ON & SIXTH AVENUE INTERCHANGE,1,1,1,0,1,14,,0,55,0,0,0,0,0,1,2,12
,2016_58394,39.729265,-105.014796,1/30/2016 19:23,19:23,12,0,0,I25 & EIGHTH AVENUE WEST INTERCHANGE,1,3,0,0,1,4,,0,55,0,0,0,0,0,1,2,13
,2016_58395,39.729265,-105.014796,6/17/2016 15:12,15:12,12,0,0,I25 NORTH & EIGHTH AVENUE WEST INTERCHANGE,1,1,1,0,1,4,,0,55,0,0,0,0,1,1,2,13
,2016_58396,39.736873,-105.014064,9/6/2016 7:00,7:00,12,0,0,I25 & 13TH AVENUE WEST,1,1,1,0,1,4,,0,65,0,0,0,0,0,1,2,8
,2016_58397,39.739449,-105.013875,10/20/2016 12:58,12:58,12,0,0,I25 NORTHBOUND  & 17TH AVENUE,1,1,0,0,1,4,,0,55,0,0,0,0,0,1,2,14
,2016_58398,39.745172,-105.017638,2/10/2016 12:42,12:42,12,0,0,I25 & MILE HIGH STAD.CIR NORTHBOUND LOOP OFF GORE POINT,1,1,0,0,1,4,,0,55,0,0,0,0,0,1,2,14
,2016_58399,39.750728,-105.016824,9/3/2016 0:29,0:29,5,0,1,I25 & 23RD AVENUE WEST,1,3,0,0,2,4,,0,65,0,0,0,0,2,1,1,5
,2016_58400,39.751021,-105.016701,10/13/2016 18:45,18:45,12,0,0,I25 & 23RD AVENUE,1,3,0,0,1,4,,0,55,0,0,0,0,0,1,2,14
,2016_58401,39.751295,-105.016566,3/8/2016 18:21,18:21,12,0,0,I25 & 23RD AVENUE WEST,1,4,0,0,1,4,,0,55,0,0,0,0,0,1,2,3
,2016_58402,39.751295,-105.016566,12/6/2016 13:46,13:46,12,0,0,I25 & 23RD AVENUE WEST,1,1,0,0,1,4,,0,65,0,0,0,0,0,1,2,13
,2016_58403,39.751295,-105.016566,12/9/2016 18:42,18:42,12,0,0,I25 & 23RD AVENUE WEST,1,3,0,0,1,4,,0,55,0,0,0,0,0,1,2,5
,2016_58404,39.755118,-105.012754,10/23/2016 17:11,17:11,12,0,0,I25 & SPEER BOULEVARD NORTH,1,1,0,0,1,4,,0,55,0,0,0,0,0,1,2,13
,2016_58405,39.760997,-105.004271,1/9/2016 15:45,15:45,12,0,0,I25 NORTHBOUND & 20TH STREET,1,1,0,0,1,4,,0,55,0,0,0,0,1,1,2,13
,2016_58406,39.760997,-105.004271,1/24/2016 18:30,18:30,12,0,0,I25 & 20TH STREET,1,3,0,0,1,4,,0,55,0,0,0,0,0,1,2,7
,2016_58407,39.760997,-105.004271,9/15/2016 8:44,8:44,12,0,0,I25 & 20TH STREET,1,1,0,0,1,4,,0,55,0,0,0,0,0,1,2,14
,2016_58408,39.76158,-105.003512,2/27/2016 16:00,16:00,12,0,0,I25 & 20TH STREET,1,1,0,0,1,4,,0,55,0,0,0,0,0,1,2,14
,2016_58409,39.763345,-105.001902,3/5/2016 14:15,14:15,12,0,0,I25 & 20TH STREET,1,1,1,0,1,4,,0,55,0,0,0,0,0,1,2,13
,2016_58410,39.76416,-105.001304,10/6/2016 9:05,9:05,12,0,0,I25 SOUTHBOUND & 20TH STREET,2,1,0,0,1,4,,0,5,0,0,0,0,0,1,2,13
,2016_58411,39.76416,-105.001304,11/3/2016 12:36,12:36,15,0,0,I25 & 20TH STREET,1,1,0,0,1,4,,0,55,0,0,0,0,0,1,2,3
,2016_58412,39.767414,-104.996384,9/21/2016 7:00,7:00,12,0,0,I25 & PARK AVENUE,1,1,0,0,1,4,,0,55,0,0,0,0,0,1,2,14
,2016_58413,39.768049,-104.994761,7/11/2016 6:40,6:40,12,0,0,I25 & FOX STREET / 38TH AVENUE,1,1,1,0,1,4,,0,55,0,0,0,0,0,1,2,13
,2016_58414,39.768286,-104.994217,9/15/2016 18:15,18:15,12,0,0,I25 NORTHBOUND & 38TH AVENUE WEST,1,2,0,0,1,4,,0,55,0,0,0,0,0,1,2,3
,2016_58415,39.682369,-104.938285,3/26/2016 6:40,6:40,5,0,0,I25 & COLORADO BOULEVARD SOUTH,5,1,1,2,3,4,,0,60,0,0,0,0,0,1,1,13
,2016_58416,39.771236,-104.990561,10/19/2016 8:30,8:30,15,0,0,I25 SOUTHBOUND  & 40TH AVENUE WEST,1,1,0,0,1,4,,0,55,0,0,0,0,0,1,2,1
,2016_58417,39.777179,-104.989198,3/2/2016 18:15,18:15,15,0,0,I25 & MM 213.5,1,3,0,0,1,4,,0,55,0,0,0,0,0,1,2,1
,2016_58418,39.780042,-104.989194,6/14/2016 16:23,16:23,12,0,0,I25 NORTHBOUND & I70 EASTBOUND INTERCHANGE,1,1,1,0,1,4,,0,55,0,0,0,0,0,1,2,1
,2016_58419,39.779391,-104.989164,9/16/2016 13:45,13:45,12,0,1,I25 & I70 EASTBOUND INTCH,1,1,1,0,1,4,,0,55,0,0,0,0,2,1,3,13
,2016_58420,39.781551,-104.989154,9/15/2016 15:50,15:50,15,0,0,I25 & MM 213,1,1,0,0,1,4,,0,55,0,0,0,0,0,1,2,7
,2016_58421,39.783855,-104.989142,4/29/2016 11:15,11:15,15,0,0,I25 & 48TH AVENUE WEST,2,1,0,2,1,4,,0,55,0,0,0,0,0,1,2,13
,2016_58470,39.71127,-105.051018,6/28/2016 14:04,14:04,3,0,0,YATES STREET SOUTH & ALAMEDA PARKWAY WEST,1,1,0,0,1,1,,0,25,0,0,0,0,0,2,2,1