id,drcog_id,latitude,longitude,crashtime,time,crashtype,numbkilled,numbinjurd,drcoglocat,rdconditin,lightngcon,roadcntgrd,weatherco,location,roaddescrp,schoolzone,constrzone,splimit,bikeinv,pedinv,sctrinv,motoinv,svrty,rdsystem,ttlvehcls,hcf
,2016_58471,39.711187,-105.039895,3/6/2016 11:40,11:40,1,0,0,ALAMEDA AVENUE WEST & PERRY STREET SOUTH,1,1,1,0,1,1,,0,35,0,0,0,0,0,2,3,13
,2016_58472,39.711081,-105.024498,2/21/2016 19:50,19:50,12,0,0,FEDERAL BOULEVARD 300 BLOCK SOUTH & 300 BLOCK SOUTH,1,3,1,4,1,3,,0,40,0,0,0,0,0,2,2,7
,2016_58473,39.711192,-104.99993,2/28/2016 7:14,7:14,3,0,0,ALAMEDA AVENUE WEST & I25 SOUTHBOUND RAMP,1,1,0,0,1,1,,0,30,0,0,0,0,0,2,2,7
,2016_58474,39.653093,-104.907392,4/12/2016 11:06,11:06,12,0,0,HAMPDEN AVENUE EAST & OLEANDER COURT NORTH,1,1,0,0,1,4,,0,35,0,0,0,0,0,2,3,13
,2016_58476,39.653104,-104.902576,5/3/2016 15:35,15:35,1,0,0,HAMPDEN AVENUE EAST & POPLAR STREET SOUTH,1,1,1,0,1,3,,0,40,0,0,0,0,0,2,2,13
,2016_58477,39.65304,-104.883283,12/21/2016 16:15,16:15,12,0,0,HAMPDEN AVENUE EAST & YOSEMITE STREET SOUTH,1,1,0,0,1,4,,0,,0,0,0,0,0,2,2,3
,2016_58478,39.783301,-105.001638,5/16/2016 13:13,13:13,5,0,0,I70 WB & PECOS STREET NORTH,2,1,1,1,3,14,,0,55,0,0,0,0,0,1,1,7
,2016_58497,39.776619,-104.903424,7/21/2016 15:35,15:35,12,0,0,NORTHFIELD QUEBEC STREET & I70 ON SLIP RAMP,1,1,0,0,1,1,,0,40,0,0,0,0,0,2,2,5
,2016_58498,39.78206,-104.90154,8/25/2016 17:00,17:00,12,0,0,QUEBEC STREET & SANDCREEK DRIVE SOUTH,2,1,0,0,1,3,,0,40,0,0,0,0,0,2,4,13
,2016_58499,39.789479,-104.903312,12/31/2016 0:11,0:11,12,0,0,QUEBEC STREET 5100 BLOCK NORTH & 53RD PLACE EAST,1,3,0,0,1,4,,0,40,0,0,0,0,0,2,2,5
,2016_58507,39.780011,-104.962312,3/23/2016 21:10,21:10,5,0,1,I70 & BRIGHTON BOULEVARD NORTH,5,4,0,0,2,4,,0,55,0,0,0,0,2,1,1,14
,2016_58520,39.775573,-104.865095,1/11/2016 21:00,21:00,5,0,0,I70 & HAVANA STREET NORTH,1,3,0,0,2,4,,0,55,0,0,0,0,0,1,1,13
,2016_58544,39.740342,-105.032345,1/14/2016 8:07,8:07,12,0,0,COLFAX AVENUE WEST & KNOX COURT,1,1,0,0,1,1,,0,35,0,0,0,0,0,2,2,14
,2016_58545,39.740343,-105.031217,6/13/2016 16:19,16:19,12,0,0,COLFAX AVENUE WEST & IRVING STREET NORTH,1,1,0,0,1,3,,0,30,0,0,0,0,0,2,2,8
,2016_58546,39.740076,-105.005215,10/30/2016 8:41,8:41,3,0,0,COLFAX AVENUE WEST & OSAGE STREET NORTH,1,1,0,0,1,1,,0,35,0,0,0,0,0,2,2,13
,2016_58548,39.740028,-105.002766,10/29/2016 4:03,4:03,12,0,0,COLFAX AVENUE WEST & NINTH STREET,1,3,0,0,1,1,,0,30,0,0,0,0,1,2,2,7
,2016_58549,39.740048,-105.000126,3/15/2016 18:01,18:01,12,0,0,COLFAX 1000 BLOCK WEST & KALAMATH STREET NORTH,1,1,0,0,1,4,,0,30,0,0,0,0,0,2,2,13
,2016_58550,39.740042,-104.998686,11/28/2016 18:50,18:50,10,0,0,COLFAX AVENUE WEST & SPEER BOULEVARD NORTH,1,3,0,0,1,1,,0,60,0,0,0,0,0,2,2,13
,2016_58551,39.740038,-104.997854,8/8/2016 8:20,8:20,15,0,0,SPEER BOULEVARD NORTHBOUND & COLFAX AVENUE WEST,1,1,0,0,1,1,,0,30,0,0,0,0,0,2,2,8
,2016_58552,39.740031,-104.996607,11/17/2016 12:30,12:30,1,0,0,COLFAX AVENUE WEST & WELTON STREET,4,1,0,2,1,1,,0,35,0,0,0,0,0,2,2,13
,2016_58553,39.740007,-104.991824,3/7/2016 7:34,7:34,3,0,0,COLFAX AVENUE EAST & COURT PLACE,1,1,0,0,1,1,,0,30,0,0,0,0,1,2,2,1
,2016_58554,39.739999,-104.990369,11/13/2016 0:27,0:27,15,0,0,COLFAX AVENUE WEST & BANNOCK STREET NORTH,1,3,1,0,1,1,,0,60,0,0,0,0,0,2,2,7
,2016_58555,39.740005,-104.987167,5/1/2016 23:34,23:34,12,0,0,COLFAX AVENUE EAST & BROADWAY NORTH,1,3,0,0,1,1,,0,30,0,0,0,0,0,2,2,3
,2016_58556,39.740005,-104.987167,10/19/2016 9:17,9:17,15,0,0,COLFAX AVENUE EAST & BROADWAY STREET NORTH,1,1,0,0,1,1,,0,,0,0,0,0,0,2,2,1
,2016_58557,39.740028,-104.982228,4/25/2016 15:30,15:30,3,0,0,COLFAX AVENUE EAST & LOGAN STREET NORTH,1,1,0,0,1,1,,0,30,0,0,0,0,0,2,3,13
,2016_58558,39.740007,-104.979792,7/22/2016 13:53,13:53,15,0,0,COLFAX AVENUE 500 BLOCK EAST & PEARL STREET NORTH,1,1,0,0,1,4,,0,30,0,0,0,0,0,2,2,13
,2016_58559,39.740008,-104.973052,11/3/2016 17:17,17:17,3,0,0,DOWNING STREET NORTH  & COLFAX AVENUE EAST,1,1,0,0,1,1,,0,30,0,0,0,0,0,2,2,8
,2016_58560,39.740008,-104.973052,11/4/2016 15:48,15:48,12,0,0,COLFAX AVENUE EAST & DOWNING STREET NORTH,1,1,0,0,1,1,,0,25,0,0,0,0,0,2,2,13
,2016_58561,39.740009,-104.972303,2/18/2016 14:16,14:16,12,0,0,COLFAX AVENUE EAST & MARION STREET NORTH,1,1,0,0,1,1,,0,35,0,0,0,0,0,2,3,14
,2016_58562,39.74001,-104.968741,9/27/2016 16:18,16:18,12,0,0,COLFAX AVENUE EAST & FRANKLIN STREET NORTH,1,1,1,0,1,4,,0,30,0,0,0,0,0,2,2,3
,2016_58563,39.740182,-104.956705,12/11/2016 14:25,14:25,12,0,0,COLFAX AVENUE 2500 BLOCK EAST & ELIZABETH STREET NORTH,1,1,0,0,1,4,,0,35,0,0,0,0,0,2,2,13
,2016_58564,39.740165,-104.951248,7/30/2016 13:35,13:35,15,0,0,COLFAX AVENUE EAST & STREET PAUL STREET NORTH,1,1,0,0,1,1,,0,30,0,0,0,0,0,2,2,13
,2016_58565,39.74014,-104.943908,4/16/2016 21:53,21:53,5,0,0,COLFAX AVENUE EAST & GARFIELD STREET NORTH,5,3,0,2,3,4,,0,35,0,0,0,0,1,2,1,3
,2016_58566,39.740057,-104.933392,4/17/2016 17:34,17:34,12,0,0,COLFAX AVENUE EAST & CHERRY STREET NORTH,1,1,0,0,1,3,,0,30,0,0,0,0,0,2,2,14
,2016_58567,39.740076,-104.928903,3/11/2016 19:35,19:35,6,0,0,COLFAX AVENUE EAST & ELM STREET NORTH,1,3,0,0,1,4,,0,35,0,0,0,0,0,2,2,5
,2016_58568,39.740079,-104.923453,12/20/2016 13:51,13:51,1,0,0,COLFAX AVENUE EAST & HUDSON STREET NORTH,1,1,0,0,1,1,,0,35,0,0,0,0,0,2,2,13
,2016_58569,39.74008,-104.920823,10/25/2016 16:59,16:59,12,0,0,COLFAX AVENUE  & IVY STREET NORTH,1,1,0,0,1,4,,0,35,0,0,0,0,0,2,2,13
,2016_58570,39.740081,-104.917441,5/14/2016 15:30,15:30,6,0,0,COLFAX AVENUE EAST & KEARNEY STREET NORTH,1,1,0,0,1,2,,0,35,0,0,0,0,0,2,2,1
,2016_58571,39.740082,-104.912367,8/10/2016 12:35,12:35,3,0,0,COLFAX AVENUE EAST & MONACO PARKWAY NORTH,1,1,0,0,1,1,,0,35,0,0,0,0,1,2,3,8
,2016_58602,39.78262,-104.999166,9/11/2016 10:45,10:45,5,0,0,I70 WB ON RAMP FROM & I25 NORTHBOUND,1,1,1,0,1,14,,0,55,0,0,0,0,0,1,2,13
,2016_58615,39.780045,-104.937093,5/15/2016 18:26,18:26,5,0,1,46TH AVENUE EAST & I70 WB ON RAMP,1,1,1,0,3,4,,0,55,0,0,0,0,2,1,1,5
,2016_58644,39.778292,-104.90801,2/15/2016 6:10,6:10,5,0,0,I70 WB & QUEBEC STREET INTERCHANGE,1,1,0,0,3,4,,0,55,0,0,0,0,0,1,1,13
,2016_58648,39.773967,-104.846424,9/19/2016 13:18,13:18,9,0,0,I70 WB OFF RAMP & PEORIA STREET,1,1,0,0,1,14,,0,55,0,0,0,0,0,1,1,1
,2016_58654,39.783357,-105.034655,5/18/2016 15:14,15:14,12,0,0,I70 EASTBOUND & LOWELL BOULEVARD NORTH,1,1,0,0,1,4,,0,55,0,0,0,0,0,1,3,1
,2016_58655,39.784178,-105.025956,10/27/2016 17:51,17:51,12,0,0,I70 EASTBOUND OFF RAMP & FEDERAL BOULEVARD,1,1,0,0,1,14,,0,45,0,0,0,0,0,1,2,5
,2016_58656,39.784195,-105.025519,4/18/2016 15:49,15:49,15,0,0,I70 & FEDERAL BOULEVARD NORTH,1,1,0,0,1,4,,0,55,0,0,0,0,0,1,2,7
,2016_58657,39.783465,-105.010785,1/22/2016 7:35,7:35,12,0,0,I70 & NORTH PECOS STREET,1,1,0,0,1,4,,0,65,0,0,0,0,0,1,3,7
,2016_58658,39.783431,-105.01024,2/9/2016 7:33,7:33,12,0,0,I70 & PECOS STREET NORTH RAMP OFF,1,1,1,0,1,4,,0,55,0,0,0,0,0,1,4,3
,2016_58659,39.783149,-105.006371,4/19/2016 12:09,12:09,15,0,0,48TH AVENUE WEST & PECOS STREET NORTH,1,1,0,0,1,6,,0,35,0,0,0,0,0,1,2,14
,2016_58660,39.783149,-105.006371,11/22/2016 13:39,13:39,12,0,0,PECOS STREET NORTH & 48TH AVENUE WEST WB ON / OFF,1,1,1,0,1,6,,0,20,0,0,0,0,0,1,2,13
,2016_58661,39.780358,-104.991021,12/21/2016 12:53,12:53,12,0,0,I70 & I25,1,1,0,0,1,4,,0,55,0,0,0,0,0,1,2,14
,2016_58662,39.780058,-104.9894,7/20/2016 17:29,17:29,5,0,0,I70 EASTBOUND OFF RAMP TO & I25 NORTHBOUND,1,1,1,0,3,14,,0,55,0,0,0,0,0,1,2,8
,2016_58663,39.779937,-104.988665,12/11/2016 23:25,23:25,5,0,0,I70 WB OFF RAMP & I25,1,3,0,0,2,14,,0,65,0,0,0,0,0,1,1,5
,2016_58664,39.779745,-104.985608,7/2/2016 8:14,8:14,5,0,1,I70 WB OFF RAMP SPLIT CRASH CUSHION & BEGIN RAMP K TO I25,2,1,0,1,3,4,,0,55,0,0,0,0,2,1,2,14
,2016_58665,39.779441,-104.979019,5/17/2016 6:25,6:25,12,0,0,I70 EASTBOUND & WASHINGTON STREET NORTH,2,1,0,1,1,4,,0,55,0,0,0,0,1,1,2,1
,2016_58666,39.779712,-104.971231,4/27/2016 7:07,7:07,12,0,0,I70 HIGHWAY EASTBOUND & BRIGHTON BOULEVARD NORTH,1,1,0,0,1,4,,0,55,0,0,0,0,1,1,2,13
,2016_58667,39.779942,-104.966087,3/8/2016 5:56,5:56,12,0,0,I70 & BRIGHTON BOULEVARD NORTH,1,1,0,0,1,4,,0,55,0,0,0,0,0,1,3,1
,2016_58668,39.779942,-104.966087,9/20/2016 14:47,14:47,15,0,0,I70 & BRIGHTON BOULEVARD,1,1,0,0,1,4,,0,55,0,0,0,0,0,1,2,13
,2016_58669,39.779978,-104.965263,5/5/2016 23:24,23:24,5,0,0,I70 EASTBOUND & BRIGHTON BOULEVARD,1,3,0,0,2,4,,0,55,0,0,0,0,0,1,1,13
,2016_58670,39.780015,-104.952612,10/25/2016 15:52,15:52,12,0,0,I70 & VASQUEZ BOULEVARD  APPROXIMATELY,1,1,0,0,1,4,,0,55,0,0,0,0,0,1,2,13
,2016_58671,39.779999,-104.949951,2/4/2016 15:15,15:15,12,0,0,I70 & STEELE STREET,1,1,0,0,1,4,,0,55,0,0,0,0,0,1,2,2
,2016_58672,39.779944,-104.940603,4/11/2016 15:01,15:01,12,0,0,I70 & COLORADO BOULEVARD,1,1,0,0,1,4,,0,55,0,0,0,0,0,1,4,13
,2016_58673,39.779946,-104.94044,9/26/2016 10:15,10:15,15,0,0,I70 WB SPLIT OFF RAMP & COLORADO BOULEVARD NORTH,1,1,1,0,1,14,,0,35,0,0,0,0,0,1,2,13
,2016_58674,39.778293,-104.906917,12/27/2016 16:29,16:29,12,0,0,I70 & EASTBOUND OFF RAMP TO QUEBEC STREET,1,2,0,0,1,4,,0,55,0,0,0,0,0,1,2,14
,2016_58675,39.778293,-104.906188,5/1/2016 9:50,9:50,15,0,0,I70 WB ON RAMP MERGE LANE END & QUEBEC STREET NORTH,2,1,1,1,1,14,,0,35,0,0,0,0,0,1,2,13
,2016_58676,39.778295,-104.903454,8/12/2016 9:05,9:05,12,0,0,I70 & QUEBEC STREET,1,1,0,0,1,4,,0,55,0,0,0,0,0,1,2,13
,2016_58677,39.777157,-104.883141,6/18/2016 16:14,16:14,12,0,0,I70 EASTBOUND RAMP OFF & CENTRAL PARK BOULEVARD NORTH,1,1,0,0,1,14,,0,45,0,0,0,0,0,1,2,13
,2016_58678,39.776741,-104.878614,3/11/2016 15:40,15:40,12,0,0,I70 APPROXIMATELY & CENTRAL PARK BOULEVARD,1,1,0,0,1,4,,0,55,0,0,0,0,0,1,2,12
,2016_58679,39.776541,-104.876372,1/24/2016 2:00,2:00,5,0,0,I70 & CENTRAL PARK BOULEVARD EASTBOUND ENTRANCE GORE POINT,1,3,0,0,3,4,,0,55,0,0,0,0,1,1,2,13
,2016_58680,39.776478,-104.875632,6/16/2016 14:00,14:00,12,0,0,I70 & MM 280,1,1,0,0,1,4,,0,55,0,0,0,0,0,1,2,1
,2016_58681,39.775573,-104.865095,12/30/2016 16:54,16:54,12,0,0,I70 & HAVANA STREET,1,3,1,0,1,4,,0,55,0,0,0,0,1,1,3,13
,2016_58682,39.775176,-104.860473,5/19/2016 18:40,18:40,12,0,0,I70 EASTBOUND & ON RAMP GORE POINT FROM HAVANA STREET NORTH,1,3,0,0,1,4,,0,55,0,0,0,0,0,1,2,13
,2016_58683,39.773999,-104.846793,6/24/2016 17:47,17:47,12,0,0,PEORIA STREET NORTH & I70 EASTBOUND RAMPS,1,1,0,0,1,4,,0,35,0,0,0,0,0,1,2,14
,2016_58684,39.773999,-104.846793,12/23/2016 15:35,15:35,10,0,0,PEORIA STREET NORTH & I70 WB OFF RAMP,1,1,0,0,1,1,,0,45,0,0,0,0,0,1,2,8
,2016_58685,39.773999,-104.846793,5/5/2016 14:36,14:36,15,0,0,PEORIA STREET NORTH & I70 EASTBOUND OFF RAMP,1,1,0,0,1,1,,0,40,0,0,0,0,0,1,2,13
,2016_58686,39.773792,-104.84439,1/29/2016 12:50,12:50,15,0,0,I70 WB & PEORIA STREET NORTH,1,1,0,0,1,4,,0,55,0,0,0,0,0,1,2,13
,2016_58687,39.773491,-104.844045,10/13/2016 18:35,18:35,12,0,0,I70 EASTBOUND RAMP ON METER LIGHT & PEORIA STREET NORTH,1,3,1,0,1,14,,0,45,0,0,0,0,0,1,2,13
,2016_58688,39.773697,-104.843281,11/26/2016 3:00,3:00,5,0,0,I70 & PEORIA STREET,1,3,0,0,3,4,,0,55,0,0,0,0,0,1,1,13
,2016_58689,39.773601,-104.842172,3/23/2016 10:27,10:27,5,0,0,I70 & PEORIA STREET NORTH,12,1,0,2,2,4,,0,55,0,0,0,0,0,1,1,13
,2016_58751,39.67476,-104.870723,12/2/2016 7:05,7:05,3,0,0,ILIFF AVENUE EAST & PARKER ROAD SOUTH,1,5,0,1,1,1,,0,30,0,0,0,0,0,2,3,13
,2016_58754,39.696351,-104.897528,10/17/2016 7:00,7:00,12,0,0,PARKER ROAD SOUTH & MISSISSIPPI AVENUE EAST,1,1,0,0,1,4,,0,30,0,0,0,0,0,2,3,1
,2016_58755,39.69805,-104.902136,3/3/2016 7:17,7:17,1,0,0,PARKER ROAD & ROSEMARY WAY ROAD NORTHWEST NOT IN TCORIS,1,1,0,0,1,2,,0,35,0,0,0,0,0,2,2,13
,2016_58756,39.698424,-104.903117,11/3/2016 13:00,13:00,12,0,0,PARKER ROAD SOUTH & QUEBEC STREET SOUTH,1,1,0,0,1,3,,0,40,0,0,0,0,0,2,2,13
,2016_58757,39.698614,-104.903606,5/4/2016 16:19,16:19,12,0,0,LEETSDALE DRIVE & QUEBEC STREET SOUTH,1,1,0,0,1,3,,0,40,0,0,0,0,0,2,2,3
,2016_58758,39.700261,-104.908227,6/24/2016 16:09,16:09,1,0,0,ONEIDA STREET SOUTH & LEETSDALE DRIVE,1,1,0,0,1,1,,0,30,0,0,0,0,0,2,2,13
,2016_58760,39.700636,-104.909335,10/31/2016 18:45,18:45,12,0,0,LEETSDALE DRIVE & ONEIDA STREET SOUTH,1,3,0,0,1,4,,0,35,0,0,0,0,0,2,3,3
,2016_58761,39.702492,-104.912209,4/23/2016 18:50,18:50,15,0,0,LEETSDALE DRIVE & MONACO STREET PARKWAY SOUTH,1,1,0,0,1,3,,0,40,0,0,0,0,0,2,2,13
,2016_58762,39.70278,-104.91261,3/17/2016 6:54,6:54,12,0,0,LEETSDALE DRIVE 6600 BLOCK & MONACO STREET SOUTH,1,1,0,0,1,4,,0,35,0,0,0,0,1,2,2,4
,2016_58764,39.702954,-104.912867,7/17/2016 16:31,16:31,12,0,0,LEETSDALE DRIVE & MONACO STREET SOUTH,1,1,0,0,1,3,,0,40,0,0,0,0,1,2,3,3
,2016_58765,39.702954,-104.912867,7/21/2016 17:00,17:00,3,0,0,LEETSDALE DRIVE 6500 BLOCK & MONACO STREET SOUTH,1,1,0,0,1,2,,0,40,0,0,0,0,1,2,2,13
,2016_58766,39.707328,-104.922192,3/17/2016 0:01,0:01,1,0,0,LEETSDALE DRIVE & HOLLY STREET,1,3,0,0,1,1,,0,30,0,0,0,0,0,2,2,8
,2016_58767,39.707328,-104.922192,6/9/2016 22:55,22:55,1,0,2,LEETSDALE DRIVE & HOLLY STREET SOUTH,2,3,0,0,1,1,,0,35,0,0,0,0,2,2,2,13
,2016_58768,39.707328,-104.922192,7/12/2016 16:31,16:31,1,0,0,LEETSDALE DRIVE & HOLLY STREET SOUTH,1,1,0,0,1,1,,0,40,0,0,0,0,0,2,2,3
,2016_58770,39.707505,-104.923187,7/21/2016 11:59,11:59,12,0,0,LEETSDALE DRIVE 5400 BLOCK EAST & HOLLY STREET,1,1,1,0,1,4,,0,35,0,0,0,0,0,2,3,13
,2016_58771,39.70817,-104.92701,4/5/2016 8:10,8:10,15,0,0,LEETSDALE DRIVE & FOREST STREET,1,1,0,0,1,1,,0,35,0,0,0,0,0,2,2,3
,2016_58772,39.70817,-104.92701,6/14/2016 12:41,12:41,12,0,0,LEETSDALE DRIVE & FOREST STREET SOUTH,1,1,0,0,1,1,,0,40,0,0,0,0,0,2,2,3
,2016_58799,39.678723,-104.993237,4/27/2016 15:08,15:08,15,0,0,SANTA FE DRIVE SOUTHBOUND OFF RAMP & EVANS AVENUE WEST,1,1,0,0,1,14,,0,55,0,0,0,0,0,2,2,3
,2016_58800,39.682287,-104.992135,8/6/2016 10:00,10:00,3,0,0,JEWELL AVENUE WEST & SANTA FE DRIVE SOUTH,1,1,0,0,1,3,,0,55,0,0,0,0,0,2,2,8
,2016_58801,39.687439,-104.991942,3/19/2016 15:50,15:50,12,0,0,IOWA AVENUE WEST & SANTA FE DRIVE SOUTH,1,1,0,0,1,3,,0,35,0,0,0,0,1,2,2,13
,2016_58802,39.693919,-104.99248,5/19/2016 5:50,5:50,12,0,0,SANTA FE DRIVE SOUTH SOUTH & ARIZONA AVENUE WEST,1,2,0,0,1,3,,0,40,0,0,0,0,0,2,2,13
,2016_58803,39.696596,-104.991902,12/27/2016 7:14,7:14,12,0,1,PLATTE RIVER DRIVE & 1205,1,1,0,0,1,2,,0,45,0,0,0,0,2,2,2,12
,2016_58804,39.696679,-104.991877,12/19/2016 12:21,12:21,3,0,0,PLATTE RIVER DRIVE & MISSISSIPPI AVENUE WEST,6,1,0,0,1,1,,0,40,0,0,0,0,1,2,3,7
,2016_58814,39.737983,-105.025273,1/30/2016 16:07,16:07,1,0,0,FEDERAL BOULEVARD NORTH & 14TH AVENUE WEST,1,1,0,0,1,1,,0,35,0,0,0,0,0,2,2,13
,2016_58815,39.735634,-105.025303,4/23/2016 15:10,15:10,8,0,0,FEDERAL BOULEVARD NORTH & HOLDEN PLACE WEST,1,1,0,0,6,1,,0,35,0,0,0,0,0,2,3,13
,2016_58816,39.725357,-105.025125,2/19/2016 21:25,21:25,12,0,0,SIXTH AVENUE WB OFF RAMP & FEDERAL BOULEVARD NORTH,1,3,0,0,1,1,,0,35,0,0,0,0,0,2,2,13
,2016_58817,39.725357,-105.025125,6/4/2016 23:35,23:35,3,0,0,FEDERAL BOULEVARD NORTH & SIXTH AVENUE WEST,1,3,0,0,1,1,,0,35,0,0,0,0,0,2,2,14
,2016_58818,39.724876,-105.025125,7/3/2016 1:10,1:10,3,0,1,FEDERAL BOULEVARD NORTH & SIXTH AVENUE WEST,1,3,0,0,1,1,,0,35,0,0,0,0,2,2,3,5
,2016_58820,39.724756,-105.025125,10/23/2016 12:50,12:50,15,0,0,FEDERAL BOULEVARD SOUTH & FIFTH AVENUE WEST,1,1,0,0,1,4,,0,40,0,0,0,0,0,2,2,13
,2016_58821,39.722885,-105.025182,4/26/2016 12:45,12:45,12,0,0,HIGHWAY 88A / FEDERAL BOULEVARD NORTH & FIFTH AVENUE WEST,1,1,0,0,1,2,,0,35,0,0,0,0,0,2,2,13
,2016_58822,39.722114,-105.025207,9/11/2016 12:32,12:32,15,0,0,FEDERAL BOULEVARD 400 BLOCK SOUTH & FOURTH AVENUE WEST,1,1,0,0,1,4,,0,35,0,0,0,0,0,2,3,13
,2016_58823,39.721213,-105.025196,5/20/2016 6:40,6:40,12,0,0,FEDERAL BOULEVARD NORTH & THIRD AVENUE WEST,1,1,0,0,1,1,,0,35,0,0,0,0,0,2,2,13
,2016_58824,39.720324,-105.025183,2/11/2016 14:34,14:34,1,0,0,FEDERAL BOULEVARD NORTH & SECOND AVENUE WEST,1,1,0,0,1,1,,0,35,0,0,0,0,0,2,2,13
,2016_58825,39.719731,-105.025174,2/21/2016 18:30,18:30,15,0,0,FEDERAL BOULEVARD SOUTH & SECOND AVENUE WEST,1,2,0,0,1,3,,1,35,0,0,0,0,0,2,2,1
,2016_58826,39.71662,-105.025127,5/26/2016 14:25,14:25,1,0,0,FEDERAL BOULEVARD SOUTH & ELLSWORTH AVENUE WEST,1,1,0,0,1,3,,0,35,0,0,0,0,1,2,2,7
,2016_58827,39.709212,-105.025079,2/12/2016 12:37,12:37,1,0,0,FEDERAL BOULEVARD SOUTH & DAKOTA AVENUE WEST,1,1,0,0,1,1,,0,35,0,0,0,0,1,2,2,13
,2016_58828,39.70849,-105.025081,4/30/2016 11:37,11:37,12,0,0,FEDERAL BOULEVARD SOUTH & ALASKA PLACE WEST,2,1,0,2,1,1,,0,40,0,0,0,0,0,2,2,8
,2016_58830,39.701305,-105.025071,10/31/2016 15:02,15:02,1,0,0,FEDERAL BOULEVARD SOUTH & ADA PLACE WEST,1,1,0,0,1,1,,0,40,0,0,0,0,0,2,2,7
,2016_58831,39.696718,-105.025071,1/14/2016 14:50,14:50,12,0,0,MISSISSIPPI AVENUE WEST & FEDERAL BOULEVARD SOUTH,1,1,0,0,1,3,,0,30,0,0,0,0,0,2,2,14
,2016_58832,39.694802,-105.025063,8/22/2016 18:11,18:11,12,0,0,FEDERAL BOULEVARD 1100 BLOCK SOUTH & ARIZONA AVENUE WEST,1,1,0,0,1,4,,0,40,0,0,0,0,0,2,2,13
,2016_58833,39.691264,-105.02505,12/20/2016 16:25,16:25,15,0,0,FEDERAL BOULEVARD SOUTH & ARKANSAS AVENUE WEST,1,3,0,0,1,1,,0,35,0,0,0,0,0,2,2,13
,2016_58834,39.686104,-105.02503,3/24/2016 11:40,11:40,12,0,0,FEDERAL BOULEVARD SOUTH & MEXICO AVENUE WEST,2,1,0,0,1,2,,0,30,0,0,0,0,0,2,2,7
,2016_58835,39.67863,-105.025035,9/2/2016 15:43,15:43,15,0,0,EVANS AVENUE WEST & FEDERAL BOULEVARD SOUTH,1,1,0,0,1,3,,0,40,0,0,0,0,0,2,2,6
,2016_58836,39.67863,-105.025035,10/20/2016 14:59,14:59,5,0,0,FEDERAL BOULEVARD SOUTH & EVANS AVENUE WEST,1,1,0,0,3,4,,0,35,0,0,0,0,0,2,2,2
,2016_58838,39.673385,-105.025064,11/15/2016 11:16,11:16,1,0,0,FEDERAL BOULEVARD SOUTH & WESLEY AVENUE WEST,1,1,0,0,1,1,,0,40,0,0,0,0,0,2,2,13
,2016_58877,39.679091,-105.053268,12/30/2016 2:20,2:20,5,0,0,EVANS AVENUE WEST & SHERIDAN BOULEVARD SOUTH,1,3,0,0,3,3,,0,,0,0,0,0,0,2,1,5
,2016_58878,39.695178,-105.053229,9/25/2016 16:45,16:45,3,0,0,SHERIDAN BOULEVARD SOUTH & ARIZONA AVENUE WEST,1,1,0,0,1,1,,0,25,0,0,0,0,0,2,2,5
,2016_58881,39.725353,-105.053144,8/14/2016 16:30,16:30,12,0,0,SHERIDAN BOULEVARD NORTHBOUND & SIXTH AVENUE EASTBOUND ON RAMP BEGIN,1,1,1,0,1,1,,0,55,0,0,0,0,0,2,2,1
,2016_58882,39.726583,-105.053135,11/21/2016 15:32,15:32,15,0,0,SHERIDAN BOULEVARD NORTH & SIXTH AVENUE WB OFF SLIP RAMP,1,1,1,0,1,2,,0,35,0,0,0,0,0,2,2,13
,2016_58883,39.733045,-105.053221,7/23/2016 23:24,23:24,12,0,0,SHERIDAN BOULEVARD NORTH & 10TH AVENUE WEST,1,3,0,0,1,3,,0,35,0,0,0,0,0,2,2,1
,2016_58884,39.736181,-105.053216,12/18/2016 17:49,17:49,12,0,0,SHERIDAN BOULEVARD NORTH & 13TH AVENUE WEST,6,3,0,0,1,4,,0,35,0,0,0,0,0,2,4,13
,2016_58885,39.736894,-105.053215,3/14/2016 14:25,14:25,12,0,0,SHERIDAN BOULEVARD NORTH & 13TH AVENUE WEST,1,1,0,0,1,4,,0,35,0,0,0,0,0,2,2,13
,2016_58888,39.772969,-105.053235,2/15/2016 11:30,11:30,15,0,0,41ST AVENUE WEST & SHERIDAN BOULEVARD NORTH,1,1,1,0,1,3,,0,30,0,0,0,0,0,2,2,14
,2016_58894,39.77302,-104.940511,10/10/2016 14:40,14:40,1,0,0,40TH AVENUE EAST & 40TH AVENUE EAST,1,1,0,0,1,4,,0,40,0,0,0,0,0,2,2,13
,2016_58926,39.618006,-105.091112,12/9/2016 15:03,15:03,12,0,0,WADSWORTH BOULEVARD SOUTH & CRESTLINE AVENUE WEST,1,1,0,0,1,3,,0,45,0,0,0,0,1,2,3,7
,2016_58929,39.635297,-105.082331,6/27/2016 8:00,8:00,12,0,0,WADSWORTH BOULEVARD SOUTH & STANFORD AVENUE WEST,1,1,0,0,1,1,,0,45,0,0,0,0,0,2,2,13
,2016_58930,39.635297,-105.082331,12/15/2016 15:20,15:20,12,0,0,WADSWORTH BOULEVARD SOUTH & STANFORD AVENUE WEST,1,1,0,0,1,3,,0,45,0,0,0,0,0,2,2,3