id,drcog_id,latitude,longitude,crashtime,time,crashtype,numbkilled,numbinjurd,drcoglocat,rdconditin,lightngcon,roadcntgrd,weatherco,location,roaddescrp,schoolzone,constrzone,splimit,bikeinv,pedinv,sctrinv,motoinv,svrty,rdsystem,ttlvehcls,hcf
,2016_58934,39.790927,-105.062706,2/27/2016 11:43,11:43,15,0,0,I76 & MM 1,1,1,0,0,1,4,,0,,0,0,0,0,0,1,2,13
,2016_59002,39.630948,-104.905088,10/5/2016 12:38,12:38,15,0,0,I225 NORTHBOUND DIRECT CONNECT & I25 EXIT GORE,1,1,0,0,1,4,,0,55,0,0,0,0,0,1,2,14
,2016_59003,39.634376,-104.900784,3/17/2016 7:39,7:39,12,0,0,I225 & I25,1,1,0,0,1,14,,0,55,0,0,0,1,1,1,2,1
,2016_59004,39.635522,-104.893462,4/1/2016 16:35,16:35,12,0,0,I225 & TAMARAC PARKWAY,1,1,1,0,1,4,,0,35,0,0,0,0,0,1,2,3
,2016_59005,39.635522,-104.893462,4/1/2016 9:32,9:32,3,0,0,TAMARAC STREET SOUTH & I225 SOUTHBOUND OFF RAMP,1,1,0,0,1,1,,0,35,0,0,0,0,1,1,2,8
,2016_59006,39.635522,-104.893462,10/7/2016 13:30,13:30,3,0,1,TAMARAC STREET SOUTH & I225 SOUTHBOUND RAMPS,1,1,0,0,1,1,,0,35,0,0,0,0,2,1,2,13
,2016_59007,39.637366,-104.889003,2/13/2016 5:23,5:23,12,0,1,I225 NORTHBOUND DIRECT CONNECT & MM 1.1,1,1,0,0,1,4,,0,65,0,0,0,0,2,1,2,3
,2016_59008,39.639304,-104.885042,11/12/2016 17:55,17:55,12,0,0,I225 & YOSEMITE STREET,1,3,0,0,1,4,,0,55,0,0,0,0,0,1,2,13
,2016_59009,39.640574,-104.882467,10/4/2016 13:11,13:11,12,0,0,I225 HIGHWAY SOUTHBOUND & MM 1.5,1,1,0,0,1,4,,0,65,0,0,0,0,0,1,2,14
,2016_59049,39.777019,-104.882697,3/23/2016 8:59,8:59,5,0,0,I270 & CENTRAL PARK BOULEVARD,4,1,1,2,1,4,,0,55,0,0,0,0,0,1,2,7
,2016_59053,39.653153,-105.062635,12/23/2016 0:25,0:25,12,0,0,HAMPDEN AVENUE WEST 6000 BLOCK FRONTAGE ROAD SOUTH & HARLAN STREET SOUTH,1,3,0,0,1,4,,0,65,0,0,0,0,0,2,2,13
,2016_59061,39.65298,-104.928108,2/6/2016 10:10,10:10,3,0,0,HAMPDEN AVENUE EAST & 5074 EAST /FAIRFAX ROAD NORTH,2,1,0,0,1,2,,0,40,0,0,0,0,0,2,2,13
,2016_59064,39.652979,-104.91792,9/16/2016 16:10,16:10,12,0,0,HAMPDEN AVENUE EAST & I25 NORTHBOUND RAMPS,1,1,0,0,1,1,,0,40,0,0,0,0,0,2,3,13
,2016_59065,39.652978,-104.917698,10/7/2016 22:00,22:00,15,0,0,HAMPDEN AVENUE EAST & I25 NORTHBOUND RAMPS,1,3,1,0,1,1,,0,40,0,0,0,0,0,2,2,5
,2016_59066,39.652978,-104.917698,11/13/2016 14:49,14:49,12,0,0,HAMPDEN AVENUE & I25 NORTHBOUND OFF RAMP,1,1,0,0,1,3,,0,40,0,0,0,0,0,2,2,13
,2016_59067,39.743865,-105.02522,4/27/2016 19:03,19:03,3,0,4,FEDERAL BOULEVARD NORTH & DICK CONNOR AVENUE WEST,1,1,0,0,1,1,,0,35,0,0,0,0,2,2,2,1
,2016_59068,39.752402,-105.025132,1/21/2016 15:41,15:41,12,0,0,NORTH FEDERAL BOULEVARD & WEST 24TH AVENUE,1,1,1,0,1,1,,0,35,0,0,0,0,0,2,3,13
,2016_59069,39.769238,-105.025232,9/25/2016 21:38,21:38,12,0,0,38TH AVENUE WEST & FEDERAL BOULEVARD NORTH,1,3,0,4,1,1,,0,30,0,0,0,0,0,2,3,5
,2016_59070,39.769238,-105.025232,10/4/2016 8:55,8:55,3,0,0,FEDERAL BOULEVARD NORTH & 38TH AVENUE WEST,1,1,0,0,1,1,,0,35,0,0,0,0,0,2,2,1
,2016_59071,39.776256,-105.025228,5/10/2016 6:49,6:49,12,0,0,FEDERAL BOULEVARD & 44TH AVENUE WEST,1,1,0,0,1,4,,0,35,0,0,0,0,1,2,3,14
,2016_59072,39.780267,-105.025226,12/12/2016 14:06,14:06,3,0,0,FEDERAL BOULEVARD & 46TH AVENUE WEST,1,1,1,0,1,1,,0,35,0,0,0,0,0,2,2,13
,2016_59074,39.785567,-105.025223,11/3/2016 19:05,19:05,12,0,0,FEDERAL BOULEVARD 4800 BLOCK NORTH & 49TH AVENUE WEST,1,3,0,0,1,4,,0,35,0,0,0,0,0,2,2,8
,2016_59075,39.787424,-105.025217,3/27/2016 20:04,20:04,15,0,0,FEDERAL BOULEVARD NORTH & REGIS BOULEVARD WEST,1,3,0,0,1,1,,0,35,0,0,0,0,0,2,2,13
,2016_59076,39.787424,-105.025217,3/30/2016 15:45,15:45,12,0,0,FEDERAL BOULEVARD 4900 BLOCK NORTH & 50TH AVENUE WEST,2,1,0,2,1,4,,0,35,0,0,0,0,0,2,2,3
,2016_59159,39.739682,-105.025302,1/30/2016 14:08,14:08,5,0,1,FEDERAL BOULEVARD & 14TH AVENUE WEST,1,1,3,0,1,4,,0,35,0,0,0,1,2,2,1,13
,2016_59162,39.685384,-104.940543,3/9/2016 11:28,11:28,12,0,0,COLORADO BOULEVARD 1600 BLOCK SOUTH & MEXICO AVENUE EAST,1,1,0,0,1,3,,0,35,0,0,0,0,0,2,2,1
,2016_59163,39.750887,-104.940597,8/24/2016 0:00,0:00,5,0,0,COLORADO BOULEVARD & 23RD AVENUE EAST,1,1,0,0,1,4,,0,35,0,0,0,0,0,2,2,14
,2016_59164,39.688969,-104.940546,2/3/2016 6:40,6:40,12,0,0,COLORADO BOULEVARD SOUTH & FLORIDA AVENUE EAST,5,2,1,0,1,3,,0,35,0,0,0,0,1,2,3,13
,2016_59165,39.692107,-104.940548,8/4/2016 13:56,13:56,12,0,0,COLORADO BOULEVARD 1300 BLOCK SOUTH & ARKANSAS AVENUE EAST,1,1,1,0,1,4,,0,35,0,0,0,0,0,2,2,13
,2016_59166,39.69659,-104.940565,3/24/2016 6:45,6:45,3,0,0,MISSISSIPPI AVENUE EAST & COLORADO BOULEVARD SOUTH,6,1,0,0,1,1,,0,35,0,0,0,0,0,2,2,13
,2016_59167,39.69659,-104.940565,9/17/2016 20:36,20:36,1,0,0,COLORADO BOULEVARD SOUTH & MISSISSIPPI AVENUE EAST,1,3,0,0,1,1,,0,40,0,0,0,0,0,2,3,13
,2016_59170,39.713244,-104.940611,1/9/2016 19:55,19:55,10,0,0,COLORADO BOULEVARD SOUTH & ALAMEDA AVENUE EAST,1,3,0,0,1,1,,0,35,0,0,0,0,0,2,2,13
,2016_59171,39.719664,-104.940609,6/25/2016 14:33,14:33,9,0,0,COLORADO BOULEVARD NORTH & FIRST AVENUE EAST,1,1,1,0,1,1,,0,35,0,0,0,0,0,2,2,13
,2016_59172,39.722728,-104.940608,5/1/2016 16:18,16:18,15,0,0,THIRD AVENUE EAST & COLORADO BOULEVARD NORTH,1,1,0,0,1,1,,0,30,0,0,0,0,0,2,2,13
,2016_59173,39.7255,-104.940607,9/16/2016 10:23,10:23,15,0,0,COLORADO BOULEVARD NORTH & SIXTH AVENUE EAST,2,1,0,0,1,1,,0,30,0,0,0,0,0,2,2,13
,2016_59174,39.738485,-104.940602,4/18/2016 15:14,15:14,12,0,0,COLORADO BOULEVARD NORTH & 14TH AVENUE EAST,1,1,0,0,1,1,,0,35,0,0,0,0,0,2,2,14
,2016_59175,39.750887,-104.940597,11/5/2016 9:16,9:16,12,0,0,COLORADO BOULEVARD NORTH & 23RD AVENUE EAST,1,1,0,0,1,1,,0,35,0,0,0,0,0,2,2,10
,2016_59176,39.751325,-104.940597,5/26/2016 11:08,11:08,12,0,0,COLORADO BOULEVARD SOUTHBOUND & 23RD AVENUE NORTH,1,1,0,0,1,3,,0,35,0,0,0,0,0,2,2,7
,2016_59177,39.7522,-104.940597,10/30/2016 12:00,12:00,12,0,0,COLORADO BOULEVARD NORTH & 25TH AVENUE EAST,1,1,0,0,1,4,,0,35,0,0,0,0,0,2,3,14
,2016_59178,39.756397,-104.940533,10/13/2016 20:11,20:11,3,0,0,COLORADO BOULEVARD NORTH & 28TH AVENUE EAST,1,3,0,0,1,1,,0,35,0,0,0,0,0,2,2,14
,2016_59179,39.763947,-104.940503,7/21/2016 13:35,13:35,12,0,0,COLORADO BOULEVARD 3200 BLOCK NORTH & BRUCE RANDOLPH AVENUE EAST,1,1,0,0,1,2,,0,35,0,0,0,0,0,2,2,13
,2016_59180,39.764673,-104.9405,12/22/2016 17:34,17:34,12,0,0,COLORADO BOULEVARD & BRUCE RANDOLPH AVENUE,1,3,0,0,1,4,,0,35,0,0,0,0,0,2,2,13
,2016_59181,39.765544,-104.940497,5/1/2016 2:45,2:45,12,0,0,COLORADO BOULEVARD NORTH & 35TH AVENUE EAST,1,3,0,6,1,1,,0,35,0,0,0,0,0,2,2,3
,2016_59182,39.780162,-104.940503,4/9/2016 17:14,17:14,12,0,0,COLORADO BOULEVARD NORTH & I70 EASTBOUND RAMPS,2,1,0,0,1,4,,0,35,0,0,0,0,0,2,2,13
,2016_59183,39.782301,-104.940475,8/11/2016 11:11,11:11,15,0,0,COLORADO BOULEVARD & I70 WB OFF RAMP,1,1,1,0,1,3,,0,35,0,0,0,0,0,2,2,8
,2016_59184,39.784135,-104.94045,11/14/2016 15:25,15:25,15,0,0,48TH AVENUE EAST  & 46TH AVENUE EAST,1,1,0,0,1,1,,0,60,0,0,0,0,0,4,2,13
,2016_59203,39.725533,-105.037316,9/13/2016 17:52,17:52,15,0,0,SIXTH AVENUE WEST & NEWTON STREET NORTH,1,1,1,0,1,4,,0,55,0,0,0,0,0,2,3,13
,2016_59204,39.725541,-105.035083,8/3/2016 16:00,16:00,12,0,0,SIXTH AVENUE WEST & LOWELL BOULEVARD NORTH,1,1,0,0,1,4,,0,55,0,0,0,0,0,2,2,13
,2016_59205,39.725455,-105.032456,6/1/2016 8:18,8:18,12,0,0,SIXTH AVENUE WEST & KNOX COURT NORTH SEP,1,1,0,0,1,4,,0,55,0,0,0,0,0,2,3,3
,2016_59206,39.725421,-105.029072,8/4/2016 17:14,17:14,12,0,0,SIXTH AVENUE WEST EASTBOUND & FEDERAL BOULEVARD NORTH ON RAMP GORE POINT,1,1,1,0,1,4,,0,45,0,0,0,0,0,2,2,7
,2016_59207,39.72542,-105.027928,11/12/2016 12:43,12:43,15,0,1,SIXTH AVENUE WEST  NEW CONFIG & FEDERAL BOULEVARD WB RAMP ON GORE POINT,1,1,1,0,1,14,,0,55,0,0,0,0,2,2,2,1
,2016_59208,39.725418,-105.026784,6/4/2016 11:00,11:00,12,0,1,SIXTH AVENUE WEST & FEDERAL BOULEVARD NORTH,1,1,0,0,1,4,,0,55,0,0,0,0,2,2,4,13
,2016_59209,39.725416,-105.025449,3/19/2016 9:49,9:49,12,0,0,SIXTH AVENUE EASTBOUND OFF RAMP & FEDERAL BOULEVARD,5,1,1,0,1,14,,0,25,0,0,0,0,0,2,2,1
,2016_59210,39.725415,-105.025068,6/7/2016 15:39,15:39,12,0,0,SIXTH AVENUE WEST & FEDERAL BOULEVARD NORTH,1,1,0,0,1,4,,0,55,0,0,0,0,0,2,2,13
,2016_59211,39.725415,-105.025068,11/6/2016 13:38,13:38,12,0,0,SIXTH AVENUE WEST & FEDERAL BOULEVARD NORTH,1,1,1,0,1,4,,0,45,0,0,0,0,0,2,2,13
,2016_59212,39.725091,-105.020663,7/4/2016 22:33,22:33,12,0,0,SIXTH AVENUE WEST & I25,1,3,0,0,1,4,,0,45,0,0,0,0,1,2,2,1
,2016_59213,39.781271,-104.949711,12/13/2016 9:50,9:50,3,0,0,STEELE STREET & VASQUEZ BOULEVARD,1,1,0,0,1,2,,0,30,0,0,0,0,1,2,2,14
,2016_59294,39.646572,-104.914546,5/6/2016 23:13,23:13,12,0,0,I25 & HAMPDEN AVENUE EAST,1,3,0,0,1,4,,0,65,0,0,0,0,0,1,2,7
,2016_59305,39.625877,-104.902601,10/2/2016 10:15,10:15,12,0,0,I25 & BELLEVIEW AVENUE EAST,1,1,0,0,1,4,,0,65,0,0,0,0,0,1,5,14
,2016_59306,39.62714,-104.903386,5/24/2016 8:36,8:36,12,0,0,I25 & BELLEVIEW AVENUE EAST,1,1,0,0,1,4,,0,65,0,0,0,0,0,1,2,13
,2016_59307,39.646033,-104.914233,11/22/2016 18:39,18:39,12,0,0,I25 NORTHBOUND & MM 201,1,3,0,0,1,4,,0,55,0,0,0,0,0,1,3,12
,2016_59308,39.653002,-104.918198,2/7/2016 21:25,21:25,12,0,0,I25 & HAMPDEN AVENUE EAST,1,3,0,0,1,4,,0,55,0,0,0,0,0,1,2,16
,2016_59309,39.661071,-104.921837,12/1/2016 17:57,17:57,12,0,0,I25 & YALE AVENUE EAST,1,3,0,0,1,4,,0,65,0,0,0,0,0,1,3,13
,2016_59310,39.667846,-104.925762,1/5/2016 15:44,15:44,12,0,0,I25 RAMP ON & YALE AVENUE NORTHBOUND RAMP METER,1,1,0,0,1,14,,0,60,0,0,0,0,0,1,2,3
,2016_59311,39.67771,-104.932988,6/10/2016 17:12,17:12,15,0,0,I25 NORTHBOUND  & COLORADO BOULEVARD SOUTH,1,1,0,0,1,14,,0,45,0,0,0,0,1,1,2,3
,2016_59312,39.678257,-104.933464,3/23/2016 14:35,14:35,9,0,0,I25 & EVANS AVENUE EAST,4,1,0,2,1,4,,0,60,0,0,0,0,0,1,2,13
,2016_59313,39.678367,-104.933559,4/15/2016 16:53,16:53,12,0,0,I25 & EVANS AVENUE EAST,1,1,0,0,1,4,,0,65,0,0,0,0,1,1,2,13
,2016_59314,39.683058,-104.940299,6/26/2016 4:25,4:25,12,0,0,I25 HIGHWAY NORTHBOUND SLIP RAMP OFF & COLORADO BOULEVARD SOUTH,1,3,1,0,1,14,,0,35,0,0,0,0,1,1,2,13
,2016_59315,39.684921,-104.959322,9/13/2016 22:33,22:33,15,0,0,I25 & UNIVERSITY BOULEVARD SOUTH,1,3,0,0,1,4,,0,65,0,0,0,0,1,1,2,14
,2016_59316,39.68492,-104.959509,1/21/2016 6:58,6:58,12,0,0,I25 & UNIVERSITY BOULEVARD SOUTH,1,2,0,0,1,4,,0,60,0,0,0,0,0,1,2,3
,2016_59317,39.68492,-104.959509,7/22/2016 16:19,16:19,12,0,0,I25 SOUTHBOUND & UNIVERSITY BOULEVARD SOUTH,1,1,0,0,1,4,,0,55,0,0,0,0,0,1,2,13
,2016_59318,39.684915,-104.959701,1/20/2016 8:57,8:57,15,0,0,I25 HIGHWAY SOUTHBOUND  & UNIVERSITY BOULEVARD SOUTH,1,1,1,0,1,4,,0,60,0,0,0,0,0,1,2,14
,2016_59319,39.687715,-104.968753,3/11/2016 17:15,17:15,12,0,0,I25 & FRANKLIN STREET SOUTH,1,2,0,0,1,4,,0,55,0,0,0,0,0,1,2,13
,2016_59320,39.694456,-104.979276,6/14/2016 11:15,11:15,5,0,1,I25 & WASHINGTON STREET SOUTH,1,1,0,0,1,4,,0,60,0,0,0,1,2,1,1,13
,2016_59321,39.697504,-104.982761,7/28/2016 6:50,6:50,12,0,0,I25 & LOGAN STREET,1,1,0,0,1,4,,0,60,0,0,0,0,0,1,2,13
,2016_59322,39.700838,-104.986681,3/7/2016 13:05,13:05,12,0,0,BROADWAY & KENTUCKY AVENUE WEST,2,1,0,1,1,3,,0,30,0,0,0,0,0,1,2,3
,2016_59323,39.705876,-104.995967,9/9/2016 18:08,18:08,12,0,0,I25 NORTHBOUND FLYOVER RAMP ON & SANTA FE DRIVE NORTHBOUND NEW CONFIG,1,1,2,0,1,14,,0,55,0,0,0,0,1,1,2,13
,2016_59324,39.711525,-104.999094,4/10/2016 12:29,12:29,15,0,0,I25 & ALAMEDA AVENUE WEST,1,1,0,0,1,4,,0,55,0,0,0,0,0,1,2,13
,2016_59325,39.711525,-104.999094,7/26/2016 15:21,15:21,12,0,0,I25 NORTHBOUND  & ALAMEDA AVENUE WEST,1,1,0,0,1,4,,0,55,0,0,0,0,0,1,2,13
,2016_59326,39.711663,-104.999176,11/28/2016 18:29,18:29,12,0,0,I25 & MM 208,1,3,0,0,1,4,,0,60,0,0,0,0,0,1,2,1
,2016_59327,39.711663,-104.999176,1/21/2016 7:30,7:30,12,0,0,I25 SOUTHBOUND & ALAMEDA AVENUE WEST,1,1,0,0,1,14,,0,35,0,0,0,0,0,1,2,13
,2016_59328,39.712352,-104.999588,2/5/2016 6:30,6:30,15,0,0,I25 & BYERS PLACE WEST,1,2,0,0,1,4,,0,55,0,0,0,0,0,1,2,13
,2016_59329,39.712903,-104.999918,9/7/2016 8:05,8:05,15,0,0,I25 & ALAMEDA AVENUE WEST,1,1,0,0,1,4,,0,65,0,0,0,0,0,1,2,3
,2016_59330,39.714925,-105.00119,7/15/2016 10:50,10:50,12,0,0,I25 & ALAMEDA AVENUE WEST,1,1,0,0,1,4,,0,55,0,0,0,0,0,1,2,13
,2016_59331,39.72244,-105.009858,6/9/2016 10:00,10:00,15,0,0,I25 HIGHWAY NORTHBOUND & SIXTH AVENUE INTERCHANGE,1,1,0,0,1,4,,0,55,0,0,0,0,1,1,4,3
,2016_59332,39.72244,-105.009858,6/21/2016 8:07,8:07,12,0,0,I25 HIGHWAY NORTHBOUND & SIXTH AVENUE INTERCHANGE,1,1,0,0,1,4,,0,55,0,0,0,0,0,1,2,3
,2016_59333,39.723881,-105.011684,12/18/2016 2:56,2:56,12,0,0,I25 & SIXTH AVENUE,5,4,1,0,1,4,,0,50,0,0,0,0,0,1,2,5
,2016_59334,39.725048,-105.01273,11/23/2016 15:33,15:33,12,0,0,I25 HIGHWAY NORTHBOUND RAMP ON & RAMP SPLIT,1,1,0,0,1,14,,0,45,0,0,0,0,0,1,3,13
,2016_59335,39.725281,-105.012899,3/16/2016 6:20,6:20,12,0,0,I25 & SIXTH AVENUE INTERCHANGE,1,2,0,0,1,4,,0,55,0,0,0,0,0,1,2,7
,2016_59336,39.779391,-104.989164,5/3/2016 20:20,20:20,15,0,0,I25 & I70,1,3,1,0,1,4,,0,55,0,0,0,0,0,1,2,1
,2016_59337,39.725281,-105.012899,4/16/2016 20:58,20:58,12,0,0,I25 & SIXTH AVENUE INTERCHANGE,6,3,1,2,1,4,,0,55,0,0,0,0,1,1,2,5
,2016_59338,39.725281,-105.012899,7/12/2016 11:25,11:25,15,0,0,I25 NORTHBOUND & SIXTH AVENUE INTERCHANGE,1,1,0,0,1,4,,0,55,0,0,0,0,0,1,2,1
,2016_59339,39.725281,-105.012899,12/8/2016 14:52,14:52,12,0,0,I25 & SIXTH AVENUE INTERCHANGE,1,1,0,0,1,4,,0,55,0,0,0,0,0,1,2,13
,2016_59340,39.725281,-105.012899,12/16/2016 17:00,17:00,15,0,0,I25 & SIXTH AVENUE INTERCHANGE,1,2,0,0,1,4,,0,,0,0,0,0,0,1,2,13
,2016_59341,39.727414,-105.014121,6/10/2016 12:11,12:11,12,0,0,I25  & SEVENTH AVENUE WEST,1,1,1,0,1,4,,0,55,0,0,0,0,0,1,2,13
,2016_59342,39.729265,-105.014796,11/4/2016 13:34,13:34,12,0,0,I25 SOUTHBOUND & EIGHTH AVENUE WEST INTERCHANGE,1,1,0,0,1,4,,0,55,0,0,0,0,0,1,2,13
,2016_59343,39.735166,-105.014787,11/12/2016 15:59,15:59,15,0,0,I25 NORTHBOUND & AURARIA PARKWAY FLYOVER INTERCHANGE,1,1,0,0,1,4,,0,55,0,0,0,0,0,1,2,6
,2016_59344,39.740257,-105.013939,2/24/2016 20:45,20:45,12,0,0,I25 NORTHBOUND ON RAMP & COLFAX AVENUE WEST,1,4,1,0,1,14,,0,30,0,0,0,0,0,1,2,3
,2016_59345,39.743733,-105.016365,5/20/2016 16:28,16:28,12,0,0,I25  & 17TH AVENUE WEST,1,1,1,0,1,4,,0,55,0,0,0,0,0,1,2,13
,2016_59346,39.746229,-105.018054,11/25/2016 15:26,15:26,12,0,0,I25 NORTHBOUND & MILE HIGH STAD.CIR NORTHBOUND LOOP OFF GORE POINT,1,1,0,0,1,4,,0,55,0,0,0,0,0,1,2,10
,2016_59347,39.750434,-105.016948,1/14/2016 12:35,12:35,12,0,0,I25 & 23RD AVENUE WEST,1,1,0,0,1,4,,0,55,0,0,0,0,0,1,2,7
,2016_59348,39.751021,-105.016701,11/27/2016 22:37,22:37,12,0,0,I25 SOUTHBOUND ON RAMP & 23RD AVENUE,1,3,1,0,1,14,,0,35,0,0,0,0,0,1,2,13
,2016_59349,39.753782,-105.014573,2/22/2016 11:10,11:10,15,0,0,I25 & SPEER BOULEVARD NORTH,1,1,0,0,1,4,,0,55,0,0,0,0,0,1,2,13
,2016_59350,39.754364,-105.013802,6/9/2016 17:04,17:04,12,0,0,I25 SOUTHBOUND ON RAMP & SPEER BOULEVARD SPLIT RAMP,1,1,1,0,1,4,,0,55,0,0,0,0,0,1,2,13
,2016_59351,39.768049,-104.994761,7/19/2016 7:20,7:20,12,0,0,I25 & PARK AVENUE WEST,1,1,0,0,1,4,,0,55,0,0,0,0,0,1,2,13
,2016_59352,39.755024,-105.012885,6/25/2016 13:05,13:05,5,0,0,I25 HIGHWAY NORTHBOUND & SPEER BOULEVARD NORTH INTERCHANGE,1,1,1,0,1,4,,0,55,0,0,0,0,0,1,3,14
,2016_59353,39.755118,-105.012754,4/17/2016 15:46,15:46,12,0,0,SPEER BOULEVARD NORTH & I25,2,1,0,0,1,4,,0,40,0,0,0,0,0,1,2,13
,2016_59354,39.755118,-105.012754,10/22/2016 18:07,18:07,12,0,0,I25 SOUTHBOUND & SPEER BOULEVARD NORTH,1,1,0,0,1,4,,0,55,0,0,0,0,0,1,2,13
,2016_59355,39.755307,-105.012492,6/9/2016 1:12,1:12,12,0,0,I25 & SPEER BOULEVARD NORTH,1,3,0,0,1,4,,0,55,0,0,0,0,0,1,2,5
,2016_59356,39.757155,-105.0099,8/8/2016 15:03,15:03,12,0,0,I25 & 15TH STREET,1,1,1,0,1,4,,0,55,0,0,0,0,1,1,2,13
,2016_59357,39.760997,-105.004271,9/28/2016 17:06,17:06,12,0,0,I25 & 20TH STREET,1,1,0,0,1,4,,0,65,0,0,0,0,0,1,2,5
,2016_59358,39.760997,-105.004271,12/1/2016 15:05,15:05,12,0,0,I25 & 20TH STREET,1,1,0,0,1,4,,0,55,0,0,0,0,0,1,3,13
,2016_59359,39.760997,-105.004271,8/7/2016 12:00,12:00,10,0,0,I25 SOUTHBOUND & 20TH STREET,1,1,0,0,1,1,,0,20,0,0,0,0,0,1,2,13
,2016_59360,39.761677,-105.003406,9/15/2016 12:36,12:36,12,0,0,I25 & 20TH STREET,1,1,0,0,1,4,,0,55,0,0,0,0,0,1,2,14
,2016_59361,39.761677,-105.003406,10/1/2016 19:19,19:19,12,0,0,I25 & 20TH STREET,1,3,1,0,1,4,,0,65,0,0,0,0,1,1,3,13
,2016_59362,39.767624,-104.995847,10/26/2016 16:53,16:53,12,0,0,I25 & PARK AVENUE WEST,1,1,0,0,1,4,,0,55,0,0,0,0,0,1,2,1
,2016_59364,39.768049,-104.994761,4/14/2016 16:30,16:30,12,0,0,I25 & PARK AVENUE WEST,1,1,0,0,1,4,,0,55,0,0,0,0,0,1,3,13
,2016_59366,39.768049,-104.994761,9/16/2016 14:45,14:45,12,0,0,I25 & PARK AVENUE,1,1,1,0,1,4,,0,55,0,0,0,0,0,1,2,13
,2016_59367,39.768049,-104.994761,10/19/2016 13:46,13:46,12,0,0,I25 & 38TH AVENUE,1,1,0,0,1,4,,0,55,0,0,0,0,0,1,3,13
,2016_59368,39.768049,-104.994761,11/23/2016 11:36,11:36,15,0,0,I25 & PARK AVENUE WEST,1,1,1,0,1,4,,0,55,0,0,0,0,0,1,2,13
,2016_59369,39.768049,-104.994761,2/28/2016 14:10,14:10,12,0,0,FOX STREET & 38TH AVENUE WEST,1,1,0,0,1,1,,0,25,0,0,0,0,0,1,2,1
,2016_59370,39.768049,-104.994761,10/27/2016 11:42,11:42,12,0,0,38TH AVENUE WEST / FOX STREET NORTH & I25 RAMP ON/OFF INTERSECTION,1,1,0,0,1,1,,0,30,0,0,0,0,1,1,2,13
,2016_59371,39.768049,-104.994761,9/8/2016 15:37,15:37,15,0,0,I25 & PARK AVENUE WEST,1,1,1,0,1,4,,0,55,0,0,0,0,0,1,2,13
,2016_59372,39.768286,-104.994217,6/13/2016 16:25,16:25,12,0,0,I25 NORTHBOUND ON RAMP & PARK AVENUE WEST,2,1,1,1,1,14,,0,40,0,0,0,0,0,1,2,13
,2016_59373,39.768522,-104.993732,5/20/2016 8:42,8:42,3,0,0,I25 SOUTHBOUND EXIT RAMP & FOX STREET NORTH,1,1,0,0,1,1,,0,25,0,0,0,0,1,1,2,13
,2016_59374,39.776439,-104.98921,5/1/2016 12:05,12:05,15,0,1,I25 NORTHBOUND & 44TH AVENUE WEST,2,1,0,1,1,4,,0,55,0,0,0,0,2,1,2,1
,2016_59376,39.779391,-104.989164,2/14/2016 13:20,13:20,12,0,0,I25 & I70 HIGHWAY WB,1,1,0,0,1,4,,0,55,0,0,0,0,0,1,2,13
,2016_59377,39.779391,-104.989164,5/31/2016 9:15,9:15,15,0,0,I25 & I70,1,1,1,0,1,4,,0,55,0,0,0,0,1,1,2,13
,2016_59378,39.779391,-104.989164,10/7/2016 15:45,15:45,12,0,0,I25 & I70 INTCH,1,5,1,0,1,4,,0,55,0,0,0,0,1,1,2,13
,2016_59379,39.779391,-104.989164,11/14/2016 18:18,18:18,15,0,0,I25 & I70,1,3,0,0,1,4,,0,55,0,0,0,0,1,1,2,13
,2016_59380,39.784431,-104.989139,10/1/2016 21:05,21:05,5,0,0,I25 & MM 214,1,1,0,0,1,4,,0,55,0,0,0,0,0,1,2,14
,2016_59428,39.711267,-105.052139,2/23/2016 8:50,8:50,15,0,0,ALAMEDA AVENUE & 5100 WEST,5,1,0,0,1,4,,0,35,0,0,0,0,0,2,2,14
,2016_59429,39.711166,-105.036001,2/28/2016 1:45,1:45,5,0,0,ALAMEDA AVENUE WEST & MEADE STREET SOUTH,1,3,0,0,4,1,,0,35,0,0,0,0,0,2,1,5
,2016_59430,39.711124,-105.03249,6/18/2016 20:08,20:08,12,0,0,MORRISON ROAD & ALAMEDA AVENUE WEST,1,1,0,0,1,1,,0,35,0,0,0,0,0,2,2,13
,2016_59431,39.711077,-105.025075,8/24/2016 17:15,17:15,12,0,0,ALAMEDA AVENUE WEST & FEDERAL BOULEVARD SOUTH,1,1,0,0,1,3,,0,35,0,0,0,0,0,2,2,3
,2016_59432,39.711141,-105.019242,11/13/2016 15:00,15:00,3,0,0,ALAMEDA AVENUE & CANOSA COURT SOUTH,1,1,0,0,1,1,,0,25,0,0,0,0,0,2,2,13
,2016_59433,39.711184,-105.001546,7/25/2016 12:07,12:07,12,0,0,ALAMEDA AVENUE WEST & LIPAN STREET SOUTH,1,1,0,0,1,3,,0,35,0,0,0,0,0,2,2,7
,2016_59434,39.711184,-105.001546,10/24/2016 12:41,12:41,3,0,0,ALAMEDA AVENUE WEST & LIPAN STREET SOUTH,1,1,0,0,1,1,,0,35,0,0,0,0,0,2,2,14
,2016_59435,39.711184,-105.00062,12/29/2016 13:32,13:32,12,0,1,ALAMEDA AVENUE WEST & PLATTE RIVER DRIVE SOUTH,1,1,0,0,1,3,,0,35,0,0,0,0,2,2,3,13
,2016_59436,39.653077,-104.909217,12/21/2016 9:52,9:52,12,0,0,HAMPDEN AVENUE EAST & ONEIDA WAY SOUTH,1,1,0,0,1,3,,0,40,0,0,0,0,0,2,3,1
,2016_59437,39.653077,-104.898619,7/19/2016 15:20,15:20,3,0,0,HAMPDEN AVENUE & TAMARAC DRIVE,1,1,0,0,1,1,,0,15,0,0,0,0,1,2,2,3