id,drcog_id,latitude,longitude,crashtime,time,crashtype,numbkilled,numbinjurd,drcoglocat,rdconditin,lightngcon,roadcntgrd,weatherco,location,roaddescrp,schoolzone,constrzone,splimit,bikeinv,pedinv,sctrinv,motoinv,svrty,rdsystem,ttlvehcls,hcf
,2016_59438,39.653081,-104.888063,12/8/2016 20:10,20:10,3,0,0,HAMPDEN AVENUE EAST & WILLOW STREET SOUTH,1,3,1,0,1,2,,0,35,0,0,0,0,0,2,3,13
,2016_59439,39.653049,-104.884165,11/29/2016 17:49,17:49,12,0,0,HAMPDEN AVENUE EAST & YOSEMITE STREET SOUTH,1,3,0,0,1,1,,0,35,0,0,0,0,1,2,2,13
,2016_59440,39.65302,-104.87557,7/24/2016 11:16,11:16,12,0,0,HAMPDEN AVENUE EAST & DAYTON STREET SOUTH,1,1,0,0,1,1,,0,45,0,0,0,0,0,2,2,13
,2016_59441,39.653019,-104.873701,10/19/2016 7:50,7:50,12,0,0,HAMPDEN AVENUE EAST & FLORENCE STREET SOUTH,2,1,0,0,1,4,,0,45,0,0,0,0,0,2,2,7
,2016_59442,39.653049,-104.871681,4/21/2016 22:50,22:50,1,0,2,HAMPDEN AVENUE EAST & FLORENCE STREET SOUTH,1,3,0,0,1,1,,0,45,0,0,0,0,2,2,2,5
,2016_59443,39.661153,-104.866293,9/6/2016 7:25,7:25,12,0,0,HAVANA STREET SOUTH & DARTMOUTH AVENUE EAST,1,1,0,0,1,4,,0,45,0,0,0,0,0,2,2,5
,2016_59445,39.698678,-104.903771,7/31/2016 11:39,11:39,9,0,0,PARKER ROAD & QUEBEC STREET SOUTH,1,1,1,0,1,3,,0,40,0,0,0,0,1,2,2,14
,2016_59466,39.778252,-104.903409,9/7/2016 13:33,13:33,15,0,0,HIGHWAY 35A / QUEBEC STREET NORTH & I70 INTERCHANGE APPROXIMATELY,1,1,1,0,1,4,,0,45,0,0,0,0,0,2,2,13
,2016_59467,39.740082,-104.913871,10/31/2016 13:53,13:53,6,0,0,COLFAX AVENUE EAST & LOCUST STREET NORTH,1,1,0,0,1,4,,0,35,0,0,0,0,0,2,2,13
,2016_59468,39.779316,-104.903391,7/5/2016 17:01,17:01,12,0,1,NORTHFIELD QUEBEC STREET & I70 WB ON RAMP,1,1,1,0,1,3,,0,45,0,0,0,0,2,2,8,14
,2016_59469,39.782467,-104.901216,8/29/2016 13:30,13:30,15,0,0,HIGHWAY 35A / QUEBEC STREET NORTH & SAND CREEK ROAD NORTH FRONTAGE,1,1,0,0,1,1,,0,25,0,0,0,0,0,2,2,13
,2016_59470,39.793504,-104.903381,10/26/2016 20:14,20:14,1,0,0,53RD PLACE EAST & QUEBEC STREET NORTH,1,3,0,0,1,1,,0,40,0,0,0,0,0,2,2,13
,2016_59516,39.740361,-105.051191,8/19/2016 11:21,11:21,15,0,0,COLFAX AVENUE WEST & YATES STREET,1,1,0,0,1,1,,0,35,0,0,0,0,1,2,2,14
,2016_59517,39.74036,-105.05111,8/30/2016 20:27,20:27,15,0,0,COLFAX AVENUE WEST & XAVIER STREET NORTH,2,3,0,0,1,4,,0,35,0,0,0,0,0,2,2,13
,2016_59518,39.740341,-105.033284,4/2/2016 20:00,20:00,1,0,0,COLFAX AVENUE WEST & KING STREET NORTH,1,3,0,0,1,1,,0,35,0,0,0,1,1,2,2,5
,2016_59519,39.740342,-105.032345,1/24/2016 21:04,21:04,1,0,0,NORTH KNOX COURT & WEST COLFAX AVENUE,1,3,0,0,1,1,,0,35,0,0,0,0,0,2,2,13
,2016_59520,39.740345,-105.015536,6/15/2016 11:59,11:59,12,0,0,WEST COLFAX AVENUE & I25 SOUTHBOUND OFF RAMP,1,1,1,0,1,1,,0,40,0,0,0,0,0,2,2,13
,2016_59522,39.740292,-105.012972,2/23/2016 7:50,7:50,12,0,0,COLFAX AVENUE WEST & I25,5,1,1,0,1,4,,0,45,0,0,0,0,0,2,2,13
,2016_59523,39.74028,-105.01238,8/11/2016 4:30,4:30,12,0,0,COLFAX AVENUE WEST & I25 NORTHBOUND OFF RAMP,1,3,0,0,1,1,,0,35,0,0,0,0,0,2,2,13
,2016_59524,39.74023,-105.010013,5/2/2016 9:20,9:20,12,0,0,COLFAX AVENUE WEST EASTBOUND & I25,1,1,0,0,1,4,,0,45,0,0,0,0,1,2,2,14
,2016_59525,39.740021,-105.003709,7/8/2016 16:33,16:33,12,0,0,COLFAX AVENUE & 1300 BLOCK WEST,1,1,1,0,1,4,,0,30,0,0,0,0,0,2,2,13
,2016_59527,39.740028,-105.002766,2/16/2016 19:20,19:20,1,0,0,COLFAX AVENUE WEST & MARIPOSA STREET NORTH,1,3,0,0,1,3,,0,35,0,0,0,0,0,2,2,14
,2016_59528,39.740048,-104.999933,3/26/2016 12:59,12:59,12,0,0,KALAMATH STREET NORTH & COLFAX AVENUE WEST,1,1,1,0,1,1,,0,30,0,0,0,0,0,2,2,13
,2016_59529,39.740048,-104.999933,4/6/2016 14:07,14:07,1,0,0,WEST COLFAX AVENUE & KALAMATH STREET NORTH,1,1,1,0,1,1,,0,30,0,0,0,0,1,2,2,13
,2016_59530,39.740081,-104.916313,8/27/2016 20:45,20:45,10,0,0,COLFAX AVENUE EAST & KRAMERIA STREET NORTH,1,3,0,0,1,1,,0,35,0,0,0,0,0,2,2,1
,2016_59531,39.740042,-104.998686,3/23/2016 19:58,19:58,3,0,0,SPEER BOULEVARD NORTH & COLFAX AVENUE WEST,4,4,0,2,1,1,,0,35,0,0,0,0,0,2,2,13
,2016_59532,39.74003,-104.996398,7/10/2016 13:35,13:35,15,0,0,COLFAX AVENUE WEST & FOX STREET NORTH,1,1,0,0,1,4,,0,30,0,0,0,0,0,2,2,13
,2016_59533,39.74002,-104.99432,10/5/2016 8:30,8:30,12,0,0,COLFAX AVENUE WEST & OSAGE STREET NORTH,1,1,1,0,1,1,,0,30,0,0,0,0,0,2,2,13
,2016_59534,39.74005,-104.984853,9/12/2016 8:25,8:25,15,0,0,COLFAX AVENUE 200 BLOCK WEST & SHERMAN STREET EAST,1,1,1,0,1,4,,0,30,0,0,0,0,0,2,2,13
,2016_59535,39.740039,-104.983541,7/3/2016 22:05,22:05,12,0,0,COLFAX 300 BLOCK EAST & GRANT STREET NORTH,1,3,0,0,1,4,,0,,0,0,0,0,0,2,2,13
,2016_59536,39.740007,-104.979792,12/16/2016 20:17,20:17,12,0,0,COLFAX AVENUE & PEARL STREET NORTH,4,3,0,2,1,3,,0,35,0,0,0,0,0,2,2,13
,2016_59537,39.740007,-104.968176,4/5/2016 15:13,15:13,15,0,0,COLFAX AVENUE 1600 BLOCK EAST & NORTH FRANKLIN STREET,1,1,0,0,1,4,,0,30,0,0,0,0,0,2,2,13
,2016_59538,39.739987,-104.963841,5/7/2016 16:36,16:36,6,0,0,COLFAX AVENUE & RACE STREET NORTH,1,1,0,0,1,4,,0,30,0,0,0,0,0,2,2,4
,2016_59539,39.740113,-104.958751,4/11/2016 12:15,12:15,15,0,0,EAST COLFAX AVENUE & NORTH JOSEPHINE STREET,1,1,0,0,1,1,,0,30,0,0,0,0,0,2,2,1
,2016_59540,39.740157,-104.948801,4/28/2016 18:30,18:30,3,0,0,COLFAX AVENUE EAST & ADAMS STREET NORTH,1,1,0,0,1,1,,0,35,0,0,0,0,0,2,2,14
,2016_59541,39.740157,-104.948801,5/10/2016 2:15,2:15,6,0,0,COLFAX AVENUE EAST & ADAMS STREET NORTH,1,3,0,0,1,1,,0,40,0,0,0,0,0,2,2,13
,2016_59542,39.740079,-104.923453,3/4/2016 17:21,17:21,3,0,0,COLFAX AVENUE EAST & HUDSON STREET NORTH,1,2,0,0,1,1,,0,30,0,0,0,0,0,2,2,13
,2016_59543,39.740082,-104.912367,4/29/2016 16:41,16:41,12,0,0,COLFAX AVENUE EAST & MONACO STREET NORTHBOUND,2,1,0,2,1,3,,0,30,0,0,0,0,0,2,2,13
,2016_59544,39.740084,-104.903536,11/5/2016 20:45,20:45,12,0,0,COLFAX AVENUE 7200 BLOCK EAST & QUEBEC STREET NORTH,1,3,0,0,1,4,,0,35,0,0,0,0,0,2,2,14
,2016_59545,39.740084,-104.903536,11/22/2016 20:14,20:14,12,0,0,COLFAX AVENUE EAST & QUEBEC STREET NORTH,1,3,0,0,1,1,,0,30,0,0,0,0,0,2,2,13
,2016_59546,39.740086,-104.892825,6/25/2016 9:50,9:50,1,0,1,COLFAX AVENUE EAST & UINITA STREET NORTH,1,1,0,0,1,1,,0,30,0,0,0,0,2,2,2,13
,2016_59613,39.783687,-105.04473,3/19/2016 7:44,7:44,5,0,0,I70 & MM 271,5,1,1,2,3,4,,0,55,0,0,0,0,0,1,1,13
,2016_59614,39.783149,-105.006371,10/25/2016 6:45,6:45,3,0,0,I70 WB OFF RAMP & PECOS STREET,1,1,0,0,1,6,,0,35,0,0,0,0,0,1,2,14
,2016_59615,39.783003,-105.000523,9/20/2016 7:13,7:13,5,0,0,I70 & PECOS STREET NORTH WB RAMP ENTRANCE GORE,1,1,0,0,3,4,,0,55,0,0,0,0,0,1,2,1
,2016_59616,39.78262,-104.999166,11/4/2016 14:05,14:05,12,0,0,I70 & I25 SOUTHBOUND ON RAMP,1,1,0,0,1,4,,0,55,0,0,0,0,0,1,2,13
,2016_59617,39.780514,-104.991626,1/15/2016 10:35,10:35,15,0,0,I70 EASTBOUND ON LOOP RAMP FROM SOUTHBOUND & I25,1,1,1,0,1,14,,0,45,0,0,0,0,0,1,2,14
,2016_59618,39.780058,-104.9894,2/18/2016 7:58,7:58,12,0,0,I70 & I25,1,1,0,0,1,4,,0,55,0,0,0,0,0,1,2,7
,2016_59619,39.780058,-104.9894,12/29/2016 5:45,5:45,5,0,0,I70 & I25,1,3,0,0,3,4,,0,55,0,0,0,0,0,1,1,1
,2016_59620,39.77953,-104.980141,3/17/2016 13:40,13:40,15,0,0,I70 WB ON RAMP & WASHINGTON STREET,1,1,0,0,1,14,,0,55,0,0,0,0,0,1,2,13
,2016_59621,39.774492,-104.852524,5/9/2016 8:05,8:05,12,0,0,I70 WB & MM 281,1,1,0,0,1,4,,0,55,0,0,0,0,0,1,2,13
,2016_59622,39.779942,-104.966087,3/1/2016 19:32,19:32,12,0,0,HIGHWAY 170 & BRIGHTON BOULEVARD NORTH,1,3,0,0,1,4,,0,55,0,0,0,0,0,1,4,3
,2016_59623,39.779942,-104.966087,12/25/2016 11:39,11:39,15,0,1,I70 & BRIGHTON BOULEVARD,1,1,0,0,1,4,,0,55,0,0,0,0,2,1,3,10
,2016_59624,39.78001,-104.964059,11/11/2016 21:04,21:04,5,0,0,I70 OFF RAMP & BRIGHTON BOULEVARD,1,1,0,0,2,14,,0,55,0,0,0,0,1,1,1,5
,2016_59625,39.780013,-104.959012,6/9/2016 10:45,10:45,3,0,0,46TH AVENUE EAST & JOSEPHINE STREET NORTH,1,1,0,0,1,1,,0,30,0,0,0,0,0,4,2,13
,2016_59626,39.780015,-104.956294,7/7/2016 0:31,0:31,12,0,0,I70 & BRIGHTON BOULEVARD,1,3,0,0,1,4,,0,55,0,0,0,0,1,1,2,13
,2016_59627,39.779944,-104.940603,10/6/2016 11:12,11:12,12,0,0,I70 & COLORADO BOULEVARD NORTH,2,1,0,1,1,4,,0,55,0,0,0,0,1,1,2,8
,2016_59628,39.779951,-104.940041,6/29/2016 16:30,16:30,12,0,0,I70 & COLORADO BOULEVARD NORTH,1,1,0,0,1,4,,0,55,0,0,0,0,0,1,4,3
,2016_59629,39.779951,-104.940041,6/30/2016 15:34,15:34,12,0,0,I70 & COLORADO BOULEVARD NORTH,1,1,0,0,1,4,,0,55,0,0,0,0,0,1,3,3
,2016_59630,39.778283,-104.920038,1/19/2016 6:50,6:50,12,0,0,I70 WB & IVY STREET NORTH,2,2,0,0,1,4,,0,55,0,0,0,0,0,1,5,7
,2016_59631,39.778283,-104.920038,8/2/2016 9:25,9:25,12,0,0,I70 & IVY STREET NORTH,1,1,0,0,1,4,,0,55,0,0,0,0,1,1,2,13
,2016_59632,39.778289,-104.912566,2/6/2016 9:25,9:25,15,0,0,I70 WB & MONACO STREET NORTH,1,1,0,0,1,4,,0,55,0,0,0,0,0,1,2,1
,2016_59633,39.778289,-104.912566,6/20/2016 2:50,2:50,6,0,0,I70 & MONACO STREET NORTH,1,3,0,0,1,4,,0,,0,0,0,0,1,1,2,13
,2016_59634,39.778293,-104.906188,7/27/2016 9:49,9:49,15,0,0,I70 WB ON RAMP & QUEBEC STREET,1,1,1,0,1,14,,0,35,0,0,0,0,0,1,2,13
,2016_59635,39.778294,-104.905823,8/5/2016 17:30,17:30,12,0,0,I70 EASTBOUND & QUEBEC STREET NORTH,1,1,0,0,1,4,,0,55,0,0,0,0,1,1,3,3
,2016_59636,39.778295,-104.903454,8/18/2016 16:28,16:28,12,0,0,I70 & QUEBEC STREET NORTH,1,1,1,0,1,4,,0,55,0,0,0,0,0,1,2,13
,2016_59637,39.778295,-104.903454,11/2/2016 18:47,18:47,12,0,0,I70 & QUEBEC STREET,1,1,0,0,1,4,,0,55,0,0,0,0,1,1,2,13
,2016_59638,39.778295,-104.903089,3/18/2016 18:11,18:11,12,0,0,I70 & NORTHFIELD QUEBEC STREET NORTH,1,1,0,0,1,4,,0,55,0,0,0,0,0,1,2,13
,2016_59639,39.777243,-104.884085,8/3/2016 17:20,17:20,12,0,0,I70 WB OFF RAMP & CENTRAL PARK BOULEVARD NORTH,1,1,0,0,1,14,,0,40,0,0,0,0,0,1,3,13
,2016_59640,39.777139,-104.882953,1/14/2016 7:20,7:20,12,0,0,I70 & CENTRAL PARK BOULEVARD NORTH,1,1,0,0,1,4,,0,55,0,0,0,0,0,1,2,13
,2016_59641,39.777087,-104.882387,9/30/2016 12:37,12:37,12,0,0,I70 & CENTRAL PARK BOULEVARD NORTH,1,1,1,0,1,4,,0,55,0,0,0,0,0,1,2,13
,2016_59642,39.775748,-104.867129,2/26/2016 8:40,8:40,12,0,0,I70 & HAVANA STREET NORTH,1,1,0,0,1,4,,0,55,0,0,0,0,0,1,2,7
,2016_59643,39.775716,-104.866758,1/5/2016 7:50,7:50,15,0,0,I70 & HAVANA STREET NORTH,1,1,0,0,1,4,,0,55,0,0,0,0,0,1,2,1
,2016_59644,39.775573,-104.865095,3/9/2016 11:17,11:17,15,0,0,I70 & HAVANA STREET NORTH,1,1,0,0,1,4,,1,55,0,0,0,0,0,1,2,1
,2016_59645,39.775573,-104.865095,4/11/2016 17:53,17:53,12,0,0,I70 & HAVANA STREET,1,1,0,0,1,4,,0,55,0,0,0,0,0,1,2,13
,2016_59646,39.775573,-104.865095,10/4/2016 17:56,17:56,15,0,0,I70 & HAVANA STREET,1,1,0,0,1,4,,0,65,0,0,0,0,0,1,2,14
,2016_59647,39.775573,-104.865095,10/28/2016 6:41,6:41,15,0,0,I70 & HAVANA STREET,1,1,1,0,1,4,,0,55,0,0,0,0,0,1,2,13
,2016_59648,39.775573,-104.865095,12/18/2016 5:30,5:30,15,0,0,I70 & HAVANA STREET,5,1,1,0,1,4,,0,55,0,0,0,0,0,1,2,13
,2016_59649,39.774015,-104.846978,1/9/2016 23:00,23:00,12,0,0,I70 & PEORIA STREET NORTH,1,3,0,4,1,4,,0,55,0,0,0,0,0,1,2,7
,2016_59650,39.774015,-104.846978,2/16/2016 15:50,15:50,12,0,0,I70 EASTBOUND OFF SLIP RAMP & PEORIA STREET NORTH,1,1,0,0,1,14,,0,35,0,0,0,0,0,1,2,13
,2016_59651,39.774015,-104.846978,3/29/2016 18:42,18:42,12,0,0,I70 EASTBOUND SLIP RAMP OFF & PEORIA STREET NORTH,1,3,1,0,1,14,,0,55,0,0,0,0,0,1,2,13
,2016_59652,39.774015,-104.846978,11/14/2016 8:36,8:36,12,0,0,I70 EASTBOUND OFF SLIP RAMP & PEORIA STREET,1,1,1,0,1,14,,0,35,0,0,0,0,0,1,2,13
,2016_59653,39.773999,-104.846793,2/24/2016 7:04,7:04,15,0,0,I70 & PEORIA STREET NORTH,1,1,0,0,1,4,,0,55,0,0,0,0,0,1,2,13
,2016_59654,39.773999,-104.846793,1/7/2016 17:08,17:08,12,0,0,PEORIA STREET NORTH & I70,2,3,1,1,1,1,,0,40,0,0,0,0,0,1,2,13
,2016_59655,39.773999,-104.846793,10/8/2016 21:56,21:56,12,0,0,PEORIA STREET & I70 EASTBOUND RAMPS,1,3,0,0,1,1,,0,35,0,0,0,0,0,1,2,5
,2016_59656,39.773936,-104.846054,8/26/2016 17:40,17:40,12,0,1,I70 & PEORIA STREET NORTH,1,1,0,0,1,4,,0,55,0,0,0,0,2,1,2,1
,2016_59657,39.77255,-104.829971,3/8/2016 15:22,15:22,5,0,0,I70  & I225 WB FLYOVER RAMP,1,1,1,0,1,14,,0,55,0,0,0,0,0,1,1,14
,2016_59712,39.67476,-104.870723,12/7/2016 7:00,7:00,12,0,0,PARKER ROAD NORTHBOUND & ILIFF AVENUE,4,1,0,2,1,3,,0,45,0,0,0,0,0,2,2,3
,2016_59713,39.698614,-104.903606,3/26/2016 3:40,3:40,3,0,1,LEETSDALE DRIVE & QUEBEC STREET SOUTH,4,3,0,2,1,1,,0,35,0,0,0,0,2,2,2,3
,2016_59714,39.698614,-104.903606,4/6/2016 17:40,17:40,12,0,0,LEETSDALE DRIVE & QUEBEC STREET SOUTH,1,1,1,0,1,1,,0,,0,0,0,0,0,2,2,13
,2016_59715,39.714533,-105.025142,4/30/2016 2:59,2:59,5,0,0,FEDERAL BOULEVARD SOUTH & BAYAUD AVENUE WEST,2,3,1,1,2,4,,0,25,0,0,0,0,0,2,1,13
,2016_59716,39.700136,-104.907858,2/26/2016 18:40,18:40,12,0,0,LEETSDALE DRIVE & ONEIDA STREET SOUTH,1,3,1,0,1,4,,0,30,0,0,0,0,0,2,2,13
,2016_59717,39.700448,-104.908781,9/6/2016 17:57,17:57,3,0,0,LEETSDALE DRIVE & ONEIDA STREET SOUTH,1,1,1,0,1,2,,0,35,0,0,0,0,0,2,2,14
,2016_59718,39.700511,-104.908966,10/20/2016 19:22,19:22,15,0,0,LEETSDALE DRIVE & ONEIDA STREET SOUTH,1,2,0,0,1,3,,0,35,0,0,0,0,0,2,2,4
,2016_59719,39.700991,-104.910243,4/30/2016 11:19,11:19,3,0,0,LEETSDALE DRIVE 6700 BLOCK EAST & NIAGARA STREET SOUTH,2,1,1,0,1,2,,0,30,0,0,0,0,1,2,2,13
,2016_59720,39.707328,-104.922192,5/2/2016 10:58,10:58,12,0,0,LEETSDALE DRIVE & HOLLY STREET SOUTH,1,1,1,0,1,4,,0,35,0,0,0,0,0,2,2,3
,2016_59721,39.707447,-104.922826,6/1/2016 6:56,6:56,12,0,0,LEETSDALE DRIVE & HUDSON STREET SOUTH,2,1,0,0,1,4,,0,35,0,0,0,0,0,2,2,13
,2016_59722,39.70817,-104.92701,2/9/2016 22:15,22:15,12,0,0,LEETSDALE DRIVE & FOREST STREET SOUTH,1,3,0,0,1,3,,0,35,0,0,0,0,1,2,2,2
,2016_59724,39.71111,-104.936218,8/20/2016 22:30,22:30,12,0,0,LEETSDALE DRIVE & ALAMEDA AVENUE EAST,1,3,1,0,1,3,,0,35,0,0,0,0,0,2,2,13
,2016_59725,39.71129,-104.936428,3/22/2016 7:18,7:18,15,0,0,LEETSDALE DRIVE 4300 BLOCK & ALAMEDA AVENUE EAST,1,1,0,0,1,3,,0,30,0,0,0,0,0,2,2,13
,2016_59757,39.686054,-104.991961,7/20/2016 13:15,13:15,15,0,0,SANTA FE DRIVE 1600 BLOCK SOUTH & IOWA AVENUE WEST,1,1,0,0,1,4,,0,45,0,0,0,0,0,2,2,13
,2016_59758,39.686936,-104.991949,1/11/2016 13:10,13:10,15,0,0,HIGHWAY 85A / SANTA FE DRIVE SOUTH & IOWA AVENUE WEST,1,1,0,0,1,4,,0,55,0,0,0,0,0,2,2,3
,2016_59759,39.687439,-104.991942,11/4/2016 9:17,9:17,1,0,0,SANTA FE DRIVE SOUTH & IOWA AVENUE WEST,1,1,0,0,1,1,,0,45,0,0,0,0,1,2,3,1
,2016_59760,39.689481,-104.99207,3/24/2016 7:25,7:25,3,0,0,FLORIDA AVENUE WEST & SANTA FE DRIVE SOUTH,6,1,0,2,1,1,,0,40,0,0,0,0,1,2,2,13
,2016_59761,39.696679,-104.991877,3/16/2016 19:58,19:58,15,0,0,MISSISSIPPI AVENUE WEST & SANTA FE DRIVE SOUTH,1,3,0,0,1,1,,0,35,0,0,0,0,0,2,2,13
,2016_59762,39.696679,-104.991877,10/17/2016 20:22,20:22,15,0,0,SANTA FE DRIVE SOUTH & MISSISSIPPI AVENUE WEST,1,3,0,0,1,1,,0,25,0,0,0,0,0,2,2,7
,2016_59763,39.703047,-104.994763,1/20/2016 8:15,8:15,15,0,0,SANTA FE DRIVE & 700 BLOCK SOUTH,1,1,0,0,1,4,,0,25,0,0,0,0,0,2,2,13
,2016_59775,39.737983,-105.025273,9/29/2016 15:39,15:39,1,0,0,14TH AVENUE WEST & FEDERAL BOULEVARD NORTH,1,1,0,0,1,1,,0,25,0,0,0,0,0,2,2,13
,2016_59776,39.734758,-105.025171,4/28/2016 11:54,11:54,3,0,0,12TH AVENUE WEST & FEDERAL BOULEVARD NORTH,2,1,1,2,1,1,,0,30,0,0,0,0,1,2,2,13
,2016_59777,39.730749,-105.025176,5/18/2016 16:50,16:50,3,0,0,NINTH AVENUE WEST & FEDERAL BOULEVARD NORTH,1,1,1,0,1,1,,0,25,0,0,0,0,1,2,2,13
,2016_59778,39.727403,-105.025127,5/20/2016 19:37,19:37,15,0,0,FEDERAL BOULEVARD NORTH & SEVENTH AVENUE WEST,1,1,0,0,1,4,,0,35,0,0,0,0,0,2,2,13
,2016_59779,39.725357,-105.025125,3/11/2016 16:10,16:10,12,0,0,SIXTH AVENUE WEST & FEDERAL BOULEVARD NORTH,1,1,0,0,1,1,,0,25,0,0,0,0,0,2,2,13
,2016_59780,39.725357,-105.025125,7/18/2016 12:01,12:01,3,0,0,FEDERAL BOULEVARD NORTH & SIXTH AVENUE WB OFF RAMP,1,1,0,0,1,1,,0,35,0,0,0,0,0,2,2,7
,2016_59781,39.725357,-105.025125,7/28/2016 20:47,20:47,3,0,1,FEDERAL BOULEVARD NORTH & SIXTH AVENUE WEST RAMP OFF,1,3,0,0,1,1,,0,35,0,0,0,0,2,2,2,5
,2016_59782,39.7095,-105.025079,12/5/2016 14:49,14:49,12,0,0,FEDERAL BOULEVARD SOUTH & DAKOTA AVENUE,1,1,0,0,1,3,,0,40,0,0,0,0,0,2,3,7
,2016_59783,39.707768,-105.025082,5/24/2016 12:32,12:32,15,0,0,FEDERAL BOULEVARD SOUTH & VIRGINIA AVENUE WEST,1,1,0,0,1,3,,0,35,0,0,0,0,0,2,2,7
,2016_59784,39.704019,-105.02509,3/25/2016 8:03,8:03,15,0,0,FEDERAL BOULEVARD SOUTH & EXPOSITION AVENUE WEST,1,1,0,0,1,1,,0,35,0,0,0,0,0,2,2,13
,2016_59785,39.696718,-105.025071,3/20/2016 21:30,21:30,12,0,0,MISSISSIPPI AVENUE WEST & FEDERAL BOULEVARD SOUTH,1,3,0,0,1,1,,0,35,0,0,0,0,0,2,2,13
,2016_59786,39.693033,-105.025057,2/21/2016 17:57,17:57,3,0,0,FEDERAL BOULEVARD SOUTH & LOUISIANA AVENUE WEST,1,2,0,0,1,1,,0,35,0,0,0,0,0,2,2,13
,2016_59787,39.692738,-105.025056,9/3/2016 12:41,12:41,3,0,0,FEDERAL BOULEVARD SOUTH & LOUISIANA AVENUE APPROXIMATELY,1,1,0,0,1,2,,0,35,0,0,0,0,0,2,2,14
,2016_59788,39.689495,-105.025043,12/5/2016 15:44,15:44,12,0,0,FEDERAL BOULEVARD SOUTH & FLORIDA AVENUE,1,1,0,0,1,3,,0,40,0,0,0,0,1,2,2,7
,2016_59789,39.688905,-105.025041,5/27/2016 15:06,15:06,15,0,0,FEDERAL BOULEVARD SOUTH & FLORIDA AVENUE WEST,1,1,0,0,1,4,,0,40,0,0,0,0,0,2,3,7
,2016_59790,39.684925,-105.025026,4/14/2016 15:10,15:10,12,0,0,FEDERAL BOULEVARD SOUTH & 1800 BLOCK SOUTH,1,1,0,0,1,4,,0,40,0,0,0,0,0,2,2,7
,2016_59791,39.682275,-105.025016,9/8/2016 7:22,7:22,12,0,0,HIGHWAY 88A / FEDERAL BOULEVARD SOUTH & JEWELL AVENUE WEST,1,1,0,0,1,1,,0,40,0,0,0,0,0,2,3,4
,2016_59792,39.680523,-105.025025,10/18/2016 12:10,12:10,3,0,0,FEDERAL BOULEVARD SOUTH & ASBURY AVENUE WEST,1,1,1,0,1,1,,0,40,0,0,0,0,0,2,2,7
,2016_59793,39.680523,-105.025025,11/5/2016 21:18,21:18,3,0,0,FEDERAL BOULEVARD 1900 BLOCK SOUTH & ASBURY AVENUE WEST,1,3,0,0,1,1,,0,,0,0,0,0,0,2,2,1
,2016_59794,39.678921,-105.025034,7/29/2016 0:55,0:55,5,0,0,FEDERAL BOULEVARD SOUTH & EVANS BOULEVARD WEST,1,3,0,0,3,4,,0,40,0,0,0,0,0,2,1,3
,2016_59795,39.678484,-105.025036,8/27/2016 9:50,9:50,12,0,0,HIGHWAY 88A / FEDERAL BOULEVARD & EVANS AVENUE WEST,1,1,0,0,1,3,,0,40,0,0,0,0,0,2,3,3
,2016_59796,39.675279,-105.025053,7/22/2016 7:13,7:13,15,0,0,FEDERAL BOULEVARD SOUTH & ILIFF AVENUE,1,1,0,0,1,3,,0,35,0,0,0,0,0,2,2,13
,2016_59797,39.673239,-105.025064,9/16/2016 21:18,21:18,1,0,0,FEDERAL BOULEVARD SOUTH & HARVARD AVENUE WEST ROAD WEST,1,3,0,0,1,1,,0,40,0,0,0,0,0,2,2,1
,2016_59798,39.661929,-105.025157,4/2/2016 15:07,15:07,3,0,0,FEDERAL BOULEVARD 3000 BLOCK & CORNELL AVENUE WEST,1,1,0,0,1,2,,0,40,0,0,0,0,0,2,2,8
,2016_59824,39.651763,-105.052959,11/14/2016 17:35,17:35,8,0,0,SHERIDAN BOULEVARD SOUTH & HAMPDEN SOUTH FRTG WEST,1,3,0,0,1,1,,0,25,0,0,0,0,0,2,2,7
,2016_59825,39.65363,-105.053095,12/21/2016 9:58,9:58,15,0,0,HAMPDEN AVENUE WB OFF RAMP & SHERIDAN BOULEVARD SOUTH,1,1,0,0,1,1,,0,40,0,0,0,0,0,2,2,13
,2016_59826,39.685927,-105.053184,9/25/2016 0:20,0:20,3,0,0,SHERIDAN BOULEVARD SOUTH & OREGON PLACE WEST,1,3,0,0,1,1,,0,25,0,0,0,0,0,2,2,14
,2016_59830,39.729624,-105.053227,1/4/2016 11:12,11:12,3,0,0,SHERIDAN BOULEVARD NORTH & EIGHTH AVENUE WEST,1,1,1,0,1,1,,0,30,0,0,0,0,0,2,2,13
,2016_59831,39.736894,-105.053215,2/13/2016 12:00,12:00,15,0,0,SHERIDAN BOULEVARD & 13TH AVENUE WEST,1,1,1,0,1,4,,0,35,0,0,0,0,0,2,2,13
,2016_59832,39.736894,-105.053215,3/21/2016 15:16,15:16,12,0,0,SHERIDAN BOULEVARD 1300 BLOCK NORTH & 13TH STREET WEST,1,1,1,0,1,4,,0,35,0,0,0,0,1,2,2,13
,2016_59871,39.629719,-105.087207,9/27/2016 13:26,13:26,12,0,0,WADSWORTH BOULEVARD SOUTH & LAYTON AVENUE WEST ROAD SOUTHEAST,1,1,0,0,1,3,,0,45,0,0,0,0,1,2,3,7
,2016_59872,39.635297,-105.082331,7/27/2016 16:24,16:24,15,0,0,WADSWORTH BOULEVARD SOUTH & STANFORD AVENUE WEST,1,1,0,0,1,3,,0,45,0,0,0,0,0,2,3,5