id,drcog_id,latitude,longitude,crashtime,time,crashtype,numbkilled,numbinjurd,drcoglocat,rdconditin,lightngcon,roadcntgrd,weatherco,location,roaddescrp,schoolzone,constrzone,splimit,bikeinv,pedinv,sctrinv,motoinv,svrty,rdsystem,ttlvehcls,hcf
,2016_59939,39.635522,-104.893462,11/16/2016 11:16,11:16,12,0,0,I225 SOUTHBOUND OFF RAMP & TAMARAC STREET,1,1,1,0,1,1,,0,35,0,0,0,0,0,1,2,1
,2016_59962,39.629871,-104.904931,2/1/2016 15:56,15:56,12,0,0,I25 SOUTHBOUND RAMP TO & I225 EASTBOUND FLYOVER,4,1,1,4,1,14,,0,55,0,0,0,0,0,1,2,13
,2016_59963,39.629871,-104.904931,3/18/2016 2:05,2:05,12,0,0,I25 SOUTHBOUND OFF RAMP & I225 NORTHBOUND,5,3,1,2,1,14,,0,55,0,0,0,0,0,1,2,14
,2016_59964,39.630725,-104.905081,10/7/2016 8:52,8:52,12,0,0,I225 & YOSEMITE STREET SOUTH,1,1,0,0,1,4,,0,55,0,0,0,0,0,1,4,13
,2016_59965,39.630837,-104.905088,8/4/2016 17:17,17:17,12,0,0,I225 NORTHBOUND DIRECT CONNECT & I25,1,1,0,0,1,4,,0,55,0,0,0,0,0,1,2,13
,2016_59966,39.639143,-104.885372,9/22/2016 8:09,8:09,12,0,0,I225 HIGHWAY SOUTHBOUND RAMP CONNECT & YOSEMITE STREET SOUTH,1,1,1,0,1,14,,0,25,0,0,0,0,0,1,2,13
,2016_59967,39.639223,-104.885207,6/21/2016 13:52,13:52,15,0,0,I225 & SOUTH YOSEMITE STREET,1,1,0,0,1,4,,0,55,0,0,0,0,0,1,2,1
,2016_59994,39.780781,-104.966774,7/20/2016 12:57,12:57,1,0,0,BRIGHTON BOULEVARD NORTH & 46TH AVENUE EAST,1,1,0,0,1,1,,0,30,0,0,0,0,0,2,2,13
,2016_59995,39.793892,-104.956292,6/4/2016 1:46,1:46,5,0,0,BRIGHTON BOULEVARD  & LEAVE DENVER COUNTY,1,3,1,0,1,4,,0,35,0,0,0,0,0,2,1,13
,2016_60004,39.782797,-104.900751,2/26/2016 18:00,18:00,12,0,0,I270 & NORTHFIELD QUEBEC STREET NORTH,1,2,0,0,1,4,,0,55,0,0,0,0,0,1,2,5
,2016_60005,39.776963,-104.881902,9/28/2016 16:03,16:03,12,0,0,I270 EASTBOUND DIRECT CONNECT & I70 EASTBOUND,1,1,0,0,1,4,,0,55,0,0,0,0,0,1,2,13
,2016_60006,39.776941,-104.880791,4/24/2016 3:15,3:15,12,0,0,I270 EASTBOUND DIRECT CONNECT EASTBOUND & I70 EASTBOUND ENTRANCE,1,3,0,0,1,4,,0,,0,0,0,0,0,1,2,14
,2016_60017,39.653152,-105.057887,4/1/2016 12:29,12:29,15,0,0,HAMPDEN AVENUE WEST & SHERIDAN BOULEVARD SOUTH,1,1,0,0,1,4,,0,65,0,0,0,0,0,2,2,1
,2016_60018,39.65315,-105.053139,11/18/2016 0:20,0:20,5,0,0,HAMPDEN AVENUE WEST & SHERIDAN BOULEVARD SOUTH,2,3,1,2,1,4,,0,65,0,0,0,0,0,2,1,7
,2016_60019,39.653155,-105.052775,5/3/2016 7:45,7:45,12,0,0,HAMPDEN AVENUE WEST & SHERIDAN BOULEVARD,1,1,0,0,1,4,,0,55,0,0,0,0,0,2,3,13
,2016_60020,39.653175,-105.051701,4/22/2016 2:15,2:15,5,0,0,HAMPDEN AVENUE WEST WB OFF RAMP & SHERIDAN BOULEVARD SOUTH,1,3,0,0,3,14,,0,30,0,0,0,0,0,2,1,13
,2016_60021,39.654084,-105.0415,8/4/2016 7:16,7:16,12,0,0,HAMPDEN AVENUE WEST & RALEIGH STREET SOUTH,1,1,0,0,1,4,,0,45,0,0,0,0,0,2,2,3
,2016_60036,39.65298,-104.927919,8/15/2016 15:44,15:44,12,0,0,HAMPDEN AVENUE EAST & FAIRFAX STREET SOUTH,1,1,1,0,1,4,,0,35,0,0,0,0,0,2,2,3
,2016_60037,39.652979,-104.921505,11/26/2016 16:57,16:57,3,0,0,HAMPDEN AVENUE EAST & IVANHOE STREET SOUTH APPROXIMATELY,1,1,1,0,1,1,,0,35,0,0,0,0,0,2,2,3
,2016_60038,39.764526,-105.025163,4/22/2016 13:33,13:33,15,0,1,FEDERAL BOULEVARD 3400 BLOCK NORTH & 34TH AVENUE WEST,1,1,1,0,1,4,,0,35,0,0,0,0,2,2,3,13
,2016_60039,39.765524,-105.025167,7/21/2016 8:19,8:19,12,0,0,FEDERAL BOULEVARD 3400 BLOCK NORTH & 35TH AVENUE WEST,1,1,0,0,1,4,,0,35,0,0,0,0,0,2,2,13
,2016_60040,39.769238,-105.025232,2/10/2016 17:55,17:55,1,0,0,38TH AVENUE WEST & FEDERAL BOULEVARD NORTH,1,3,0,0,1,1,,0,35,0,0,0,0,0,2,2,1
,2016_60041,39.772962,-105.02523,11/2/2016 18:53,18:53,1,0,0,FEDERAL BOULEVARD NORTH & 41ST AVENUE WEST,1,3,0,0,1,1,,0,35,0,0,0,0,1,2,2,8
,2016_60042,39.780267,-105.025226,8/13/2016 12:06,12:06,1,0,0,FEDERAL BOULEVARD NORTH & 46TH AVENUE WEST,1,1,0,0,1,1,,0,30,0,0,0,0,0,2,2,5
,2016_60043,39.783991,-105.025224,8/8/2016 18:53,18:53,5,0,0,FEDERAL BOULEVARD & I70 EASTBOUND ON RAMP,1,1,0,0,2,4,,0,35,0,0,0,0,0,2,1,3
,2016_60044,39.786427,-105.025223,5/17/2016 7:28,7:28,12,0,0,FEDERAL BOULEVARD 4900 BLOCK SOUTH & 50TH AVENUE WEST,2,1,0,1,1,3,,0,35,0,0,0,0,0,2,2,14
,2016_60045,39.789272,-105.025199,5/10/2016 17:31,17:31,3,0,2,FEDERAL BOULEVARD NORTH & 51ST AVENUE WEST,2,1,0,1,1,1,,0,35,0,0,0,0,2,2,2,13
,2016_60122,39.829276,-104.746906,3/23/2016 11:05,11:05,12,0,0,E470 SOUTHBOUND ON RAMP & PENA BOULEVARD,4,1,1,2,1,14,,0,75,0,0,0,0,0,2,2,16
,2016_60128,39.668673,-104.940609,11/7/2016 16:10,16:10,1,0,1,COLORADO BOULEVARD SOUTH & YALE AVENUE EAST,1,1,0,0,1,1,,0,35,0,0,0,0,2,2,3,13
,2016_60129,39.681062,-104.940612,12/18/2016 10:00,10:00,15,0,0,COLORADO BOULEVARD & I25 SOUTHBOUND OFF SLIP RAMP,4,1,0,0,1,4,,0,35,0,0,0,0,0,2,2,13
,2016_60131,39.687326,-104.940544,5/25/2016 17:16,17:16,1,0,0,COLORADO BOULEVARD SOUTH & IOWA AVENUE EAST,1,1,1,0,1,3,,0,30,0,0,0,0,1,2,2,14
,2016_60132,39.687625,-104.940545,6/8/2016 21:24,21:24,12,0,0,COLORADO BOULEVARD SOUTH & IOWA AVENUE EAST,1,3,0,0,1,1,,0,35,0,0,0,0,0,2,3,7
,2016_60137,39.717913,-104.940609,4/29/2016 14:10,14:10,12,0,0,COLORADO BOULEVARD & ELLSWORTH AVENUE EAST,2,1,0,2,1,4,,0,35,0,0,0,0,0,2,2,13
,2016_60138,39.721269,-104.940608,6/2/2016 17:30,17:30,12,0,0,COLORADO BOULEVARD NORTH & SECOND AVENUE EAST,1,1,0,0,1,1,,0,35,0,0,0,0,0,2,2,4
,2016_60139,39.722728,-104.940608,10/22/2016 12:10,12:10,1,0,0,COLORADO BOULEVARD NORTH & THIRD AVENUE,1,1,0,0,1,1,,0,35,0,0,0,0,0,2,2,13
,2016_60140,39.72302,-104.940607,6/25/2016 11:30,11:30,12,0,0,COLORADO BOULEVARD NORTH & THIRD AVENUE EAST,1,1,0,0,1,4,,0,30,0,0,0,0,0,2,3,13
,2016_60141,39.724479,-104.940607,6/8/2016 8:02,8:02,12,0,0,FOURTH AVENUE EAST  & COLORADO BOULEVARD NORTH,1,1,1,0,1,1,,0,35,0,0,0,0,0,2,2,13
,2016_60142,39.730899,-104.940605,2/25/2016 17:25,17:25,12,0,0,NINTH AVENUE EAST & COLORADO BOULEVARD NORTH,1,1,0,0,1,1,,0,35,0,0,0,0,0,2,2,13
,2016_60143,39.737464,-104.940602,11/22/2016 9:45,9:45,12,0,0,COLORADO BOULEVARD  & 1300 BLOCK NORTH,2,1,0,0,1,4,,0,35,0,0,0,0,0,2,2,7
,2016_60144,39.740382,-104.940601,3/18/2016 6:15,6:15,12,0,0,COLORADO BOULEVARD & COLFAX AVENUE,4,3,0,2,1,4,,0,35,0,0,0,0,0,2,2,7
,2016_60145,39.741841,-104.940601,3/9/2016 11:02,11:02,12,0,0,COLORADO BOULEVARD NORTH & 16TH AVENUE EAST,1,1,1,0,1,1,,0,35,0,0,0,0,0,2,3,13
,2016_60146,39.744905,-104.9406,10/14/2016 14:39,14:39,12,0,0,COLORADO BOULEVARD 1800 BLOCK NORTH & 18TH AVENUE EAST,1,1,0,0,1,4,,0,30,0,0,0,0,0,2,2,13
,2016_60147,39.74724,-104.940599,7/14/2016 8:40,8:40,12,0,0,MONTVIEW BOULEVARD EAST & COLORADO BOULEVARD NORTH,1,1,0,0,1,1,,0,35,0,0,0,0,0,2,2,13
,2016_60148,39.764383,-104.940501,7/13/2016 17:41,17:41,5,0,0,COLORADO BOULEVARD 3300 NORTH & BRUCE RANDOLPH AVENUE EAST,1,1,0,0,3,4,,0,30,0,0,0,0,1,2,1,14
,2016_60149,39.77302,-104.940511,6/7/2016 11:39,11:39,12,0,0,40TH AVENUE EAST & COLORADO BOULEVARD NORTH,1,1,0,0,1,3,,0,35,0,0,0,0,0,2,2,13
,2016_60150,39.780314,-104.940501,6/7/2016 17:32,17:32,15,0,0,COLORADO BOULEVARD NORTH & I70,1,1,1,0,1,1,,0,45,0,0,0,0,0,2,2,14
,2016_60151,39.780467,-104.940499,9/8/2016 13:22,13:22,12,0,0,COLORADO BOULEVARD NORTH & I70 INTCH,1,1,2,0,1,4,,0,35,0,0,0,0,1,2,3,14
,2016_60152,39.781231,-104.940489,3/4/2016 20:08,20:08,5,0,0,COLORADO BOULEVARD NORTH & I70 WB OFF RAMP,1,3,1,0,3,4,,0,40,0,0,0,0,0,2,1,5
,2016_60170,39.725652,-105.053207,1/4/2016 11:56,11:56,12,0,0,SHERIDAN BOULEVARD NORTH & SIXTH AVENUE WEST,1,1,1,0,1,14,,0,35,0,0,0,0,0,2,2,7
,2016_60171,39.725638,-105.050392,11/8/2016 15:52,15:52,12,0,0,SIXTH AVENUE EASTBOUND WEST & SHERIDAN BOULEVARD NORTH,1,1,0,0,1,4,,0,55,0,0,0,0,0,2,5,13
,2016_60172,39.725556,-105.039261,8/4/2016 7:00,7:00,12,0,0,SIXTH AVENUE WEST & PERRY STREET NORTH,1,1,1,0,1,4,,0,55,0,0,0,0,0,2,2,13
,2016_60173,39.725556,-105.039261,12/23/2016 17:52,17:52,15,0,0,SIXTH AVENUE WEST & PERRY STREET NORTH,1,3,0,0,1,4,,0,55,0,0,0,0,1,2,2,14
,2016_60174,39.725417,-105.026212,8/12/2016 21:54,21:54,15,0,0,HIGHWAY 6 & FEDERAL BOULEVARD NORTH,1,3,0,0,1,4,,0,,0,0,0,0,0,2,2,13
,2016_60175,39.725415,-105.025258,2/12/2016 15:14,15:14,12,0,0,SIXTH AVENUE WEST EASTBOUND OFF RAMP & FEDERAL BOULEVARD NORTH,1,1,0,0,1,14,,0,35,0,0,0,0,0,2,2,13
,2016_60176,39.725415,-105.025068,4/7/2016 19:40,19:40,15,0,0,SIXTH AVENUE & FEDERAL BOULEVARD NORTH,1,1,0,0,1,4,,0,55,0,0,0,0,0,2,2,13
,2016_60177,39.725414,-105.024305,3/5/2016 15:35,15:35,15,0,0,SIXTH AVENUE WEST & FEDERAL BOULEVARD NORTH,1,1,0,0,1,4,,0,55,0,0,0,0,0,2,2,13
,2016_60179,39.725413,-105.023733,11/8/2016 18:01,18:01,15,0,0,SIXTH AVENUE WEST & FEDERAL BOULEVARD NORTH,1,3,0,0,1,4,,0,45,0,0,0,0,0,2,2,7
,2016_60180,39.725375,-105.015291,12/2/2016 18:58,18:58,12,0,0,SIXTH AVENUE WEST & FEDERAL BOULEVARD NORTH,1,3,0,0,1,4,,0,55,0,0,0,0,1,2,2,3
,2016_60181,39.779244,-104.949727,4/24/2016 22:05,22:05,15,0,0,STEELE STREET NORTH & I70 EASTBOUND OFF RAMP,1,3,1,0,1,1,,0,35,0,0,0,0,0,2,2,13
,2016_60182,39.779447,-104.949726,10/12/2016 7:40,7:40,1,0,0,STEELE STREET NORTH & 46TH AVENUE EAST UNDER I70 VIADUCT,1,1,0,0,1,1,,0,30,0,0,0,0,0,2,2,7
,2016_60183,39.783752,-104.947831,9/28/2016 16:37,16:37,12,0,0,VASQUEZ BOULEVARD & 48TH AVENUE EAST,1,1,0,0,1,1,,0,35,0,0,0,0,0,2,2,13
,2016_60196,39.725747,-105.013236,1/29/2016 19:02,19:02,12,0,0,I25 & WEST SIXTH AVENUE,1,2,0,0,1,4,,0,55,0,0,0,0,0,1,2,13
,2016_60236,39.628541,-104.9042,4/20/2016 8:54,8:54,15,0,0,I25 & UNION AVENUE EAST,1,1,0,0,1,4,,0,65,0,0,0,0,1,1,2,13
,2016_60249,39.62714,-104.903386,1/8/2016 5:54,5:54,15,0,0,I25 & I225 NORTHBOUND RAMP,4,2,0,2,1,4,,0,65,0,0,0,0,0,1,3,13
,2016_60250,39.653259,-104.918319,1/12/2016 9:15,9:15,12,0,0,I25 & HAMPDEN AVENUE,1,1,0,0,1,4,,0,55,0,0,0,0,0,1,2,13
,2016_60251,39.653259,-104.918319,8/15/2016 6:35,6:35,12,0,0,I25 SOUTHBOUND & HAMPDEN AVENUE EAST,1,1,0,0,1,4,,0,65,0,0,0,0,1,1,2,3
,2016_60252,39.678367,-104.933559,3/2/2016 13:01,13:01,12,0,0,EVANS AVENUE EAST & I25,1,1,0,0,1,1,,0,30,0,0,0,0,1,1,2,3
,2016_60254,39.683094,-104.940452,3/7/2016 18:02,18:02,12,0,0,I25 & COLORADO BOULEVARD SOUTH,1,2,0,0,1,4,,0,65,0,0,0,0,1,1,2,3
,2016_60255,39.683094,-104.940452,11/3/2016 15:10,15:10,15,0,0,I25 & COLORADO BOULEVARD SOUTH,1,1,0,0,1,4,,0,55,0,0,0,0,0,1,2,13
,2016_60256,39.684903,-104.952991,6/29/2016 8:35,8:35,12,0,0,I25 HIGHWAY SOUTHBOUND & STEELE STREET SOUTH,1,1,0,0,1,4,,0,50,0,0,0,0,1,1,2,3
,2016_60257,39.68492,-104.959509,9/13/2016 15:23,15:23,12,0,0,I25 & UNIVERSITY BOULEVARD SOUTH,1,1,0,0,1,4,,0,60,0,0,0,0,0,1,4,13
,2016_60258,39.686297,-104.965792,9/8/2016 7:10,7:10,12,0,0,I25 SOUTHBOUND ON RAMP & WILLIAMS STREET SOUTH,1,1,1,0,1,14,,0,35,0,0,0,0,0,1,2,13
,2016_60259,39.697504,-104.982761,3/11/2016 19:01,19:01,15,0,0,I25 & LOGAN STREET SOUTH,1,3,0,0,1,4,,0,55,0,0,0,0,0,1,2,3
,2016_60261,39.700525,-104.986285,6/23/2016 7:55,7:55,12,0,0,BROADWAY SOUTH RAMP ON MERGE POINT & I25 HIGHWAY SOUTHBOUND,1,1,1,0,1,14,,0,30,0,0,0,0,0,1,3,3
,2016_60262,39.745061,-105.017568,5/15/2016 18:06,18:06,5,0,0,I25 NORTHBOUND OFF RAMP TO & COLFAX AVENUE WEST,1,1,0,0,3,14,,0,55,0,0,0,0,0,1,1,13
,2016_60263,39.701256,-104.987205,3/31/2016 11:52,11:52,12,0,0,OHIO AVENUE 0000 BLOCK EAST & LINCOLN AVENUE,1,1,0,0,1,1,,0,25,0,0,0,0,0,1,2,1
,2016_60264,39.701466,-104.987451,3/19/2016 2:06,2:06,12,0,0,I25 & BROADWAY SOUTH,1,3,1,1,1,4,,0,55,0,0,0,0,0,1,2,14
,2016_60265,39.701466,-104.987451,5/6/2016 14:10,14:10,5,0,1,I25 SOUTHBOUND & BROADWAY SOUTH,1,1,1,0,2,4,,0,55,0,0,0,0,2,1,1,14
,2016_60266,39.70157,-104.987575,6/14/2016 8:45,8:45,12,0,0,I25 & MM 207,1,1,1,0,1,4,,0,60,0,0,0,0,0,1,2,13
,2016_60267,39.702381,-104.988631,10/17/2016 17:20,17:20,15,0,0,I25 NORTHBOUND & BROADWAY SOUTH INTERCHANGE,1,1,1,0,1,4,,0,55,0,0,0,0,0,1,2,1
,2016_60268,39.704925,-104.994956,11/9/2016 16:38,16:38,12,0,0,I25 & SANTA FE INTERCHANGE,1,2,1,0,1,4,,0,60,0,0,0,0,1,1,2,13
,2016_60269,39.711525,-104.999094,4/5/2016 16:00,16:00,12,0,0,I25 & WEST ALAMEDA AVENUE,1,1,0,0,1,4,,0,55,0,0,0,0,1,1,2,1
,2016_60270,39.711525,-104.999094,10/10/2016 10:07,10:07,5,0,0,I25 & ALAMEDA AVENUE WEST,1,1,0,0,2,4,,0,55,0,0,0,0,0,1,4,1
,2016_60271,39.713041,-105.000001,6/6/2016 8:18,8:18,15,0,1,I25 HIGHWAY SOUTHBOUND & ALAMEDA AVENUE WEST,1,1,0,0,1,4,,0,55,0,0,0,0,2,1,3,3
,2016_60272,39.713041,-105.000001,5/1/2016 22:35,22:35,3,0,0,KALAMATH STREET SOUTH & CEDAR AVENUE WEST,1,3,0,0,1,1,,0,30,0,0,0,0,0,1,2,12
,2016_60273,39.716518,-105.002553,5/2/2016 14:50,14:50,15,0,0,I25 & ELLSWORTH AVENUE,1,1,0,0,1,4,,0,55,0,0,0,0,0,1,2,13
,2016_60274,39.717712,-105.004262,8/15/2016 13:15,13:15,12,0,0,I25 NORTHBOUND & ALAMEDA AVENUE WEST,1,1,0,0,1,4,,0,55,0,0,0,0,0,1,2,13
,2016_60276,39.72102,-105.008165,10/14/2016 19:45,19:45,12,0,0,I25 & MM 208.8,1,3,0,0,1,4,,0,55,0,0,0,0,0,1,2,13
,2016_60277,39.72102,-105.008165,10/20/2016 10:51,10:51,15,0,0,I25 & THIRD AVENUE WEST,1,1,1,0,1,4,,0,55,0,0,0,0,0,1,2,13
,2016_60278,39.722325,-105.009697,8/10/2016 8:18,8:18,12,0,0,I25 NORTHBOUND  & SIXTH AVENUE EASTBOUND / WB EXIT,1,1,1,0,1,4,,0,55,0,0,0,0,0,1,2,8
,2016_60280,39.722955,-105.010584,8/31/2016 15:05,15:05,12,0,0,I25 & SIXTH AVENUE WEST EASTBOUND EXIT GORE APPROXIMATELY,1,1,1,0,1,4,,0,,0,0,0,0,0,1,2,13
,2016_60281,39.724815,-105.012562,9/12/2016 12:25,12:25,9,0,0,I25 SOUTHBOUND LOOP RAMP OFF & SIXTH AVENUE WEST EASTBOUND ENTRANCE APPROXIMATELY,1,1,0,0,2,14,,0,25,0,0,0,0,0,1,1,3
,2016_60282,39.724932,-105.012646,10/14/2016 1:33,1:33,5,0,0,I25 ON RAMP FROM SIXTH AVENUE & RAMP SPLIT,1,3,1,4,2,14,,0,55,0,0,0,0,0,1,1,13
,2016_60283,39.725048,-105.01273,11/21/2016 13:00,13:00,12,0,0,I25 & SIXTH AVENUE INTERCHANGE,1,1,0,0,1,4,,0,55,0,0,0,0,0,1,2,13
,2016_60284,39.725281,-105.012899,5/24/2016 20:30,20:30,12,0,0,I25 & SIXTH AVENUE INTERCHANGE,1,2,0,0,1,4,,0,55,0,0,0,0,0,1,2,13
,2016_60285,39.725281,-105.012899,7/12/2016 15:51,15:51,12,0,0,I25 NORTHBOUND & SIXTH AVENUE INTERCHANGE,1,1,1,0,1,4,,0,55,0,0,0,0,0,1,2,13
,2016_60286,39.725281,-105.012899,9/9/2016 13:26,13:26,12,0,0,I25 & SIXTH AVENUE WEST,1,1,0,0,1,4,,0,55,0,0,0,0,0,1,3,13
,2016_60288,39.726611,-105.013753,6/24/2016 8:10,8:10,12,0,0,I25 HIGHWAY NORTHBOUND  & EIGHTH AVENUE WEST INTERCHANGE,1,1,0,0,1,4,,0,55,0,0,0,0,1,1,2,1
,2016_60289,39.740059,-105.013916,8/6/2016 11:42,11:42,15,0,0,I25 & COLFAX AVENUE WEST,1,1,0,0,1,4,,0,55,0,0,0,0,0,1,2,13
,2016_60290,39.740941,-105.014085,6/15/2016 17:26,17:26,12,0,0,I25 SOUTHBOUND RAMP ON & AURARIA PARKWAY SOUTHBOUND DC END APPROXIMATELY,1,1,0,0,1,14,,0,55,0,0,0,0,0,1,2,13
,2016_60291,39.742025,-105.014657,2/11/2016 14:24,14:24,12,0,0,I25 & AURARIA PARKWAY,1,1,0,0,1,4,,0,55,0,0,0,0,0,1,2,1
,2016_60292,39.745172,-105.017638,11/12/2016 16:14,16:14,12,0,0,I25 & MILE HIGH STAD.CIR NORTHBOUND LOOP OFF GORE POINT,1,3,0,0,1,4,,0,55,0,0,0,0,0,1,2,13
,2016_60293,39.745404,-105.017771,9/26/2016 1:53,1:53,5,0,1,I25 NORTHBOUND & EXIT 210C NORTHBOUND EXIT GORE APPROXIMATELY,1,3,1,0,3,4,,0,55,0,0,0,0,2,1,1,5
,2016_60294,39.751295,-105.016566,12/16/2016 16:15,16:15,12,0,0,I25 & 23RD AVENUE WEST,1,1,0,0,1,4,,0,55,0,0,0,0,0,1,2,13
,2016_60295,39.753782,-105.014573,1/6/2016 18:02,18:02,12,0,0,I25 SOUTHBOUND RAMP ON METER LIGHT & SPEER BOULEVARD,1,3,1,0,1,14,,0,15,0,0,0,0,0,1,2,12
,2016_60296,39.755212,-105.012623,6/18/2016 12:36,12:36,12,0,0,I25 RAMP ON GORE POINT & SPEER BOULEVARD NORTH,1,1,0,0,1,14,,0,35,0,0,0,0,0,1,2,13
,2016_60297,39.755967,-105.011575,1/24/2016 17:50,17:50,12,0,0,I25 & SPEER BOULEVARD NORTH,1,3,0,0,1,4,,0,55,0,0,0,0,0,1,2,13
,2016_60298,39.758849,-105.007596,10/8/2016 10:30,10:30,12,0,0,I25 & 17TH AVENUE WEST,1,1,0,0,1,4,,0,55,0,0,0,0,0,1,2,14
,2016_60299,39.758954,-105.007448,9/18/2016 15:38,15:38,12,0,0,I25 & SPEER BOULEVARD NORTH NORTHBOUND OFF RAMP GORE POINT,1,1,0,0,1,4,,0,55,0,0,0,0,0,1,3,13
,2016_60300,39.759599,-105.006493,11/7/2016 18:00,18:00,12,0,0,I25 NORTHBOUND & 20TH STREET,1,3,0,0,1,4,,0,55,0,0,0,0,0,1,2,13
,2016_60301,39.759782,-105.006216,12/13/2016 8:36,8:36,12,0,1,I25 & 20TH STREET,1,1,0,0,1,4,,0,55,0,0,0,0,2,1,2,1
,2016_60302,39.760997,-105.004271,6/27/2016 21:52,21:52,12,0,0,20TH STREET  & I25 HIGHWAY NORTHBOUND,1,1,0,0,1,4,,0,35,0,0,0,0,0,1,2,7
,2016_60303,39.767344,-104.996562,3/18/2016 5:30,5:30,5,0,0,I25 NORTHBOUND 3500 BLOCK & 38TH AVENUE RAMP OFF GORE POINT,4,2,0,2,2,4,,0,55,0,0,0,0,0,1,2,1
,2016_60305,39.768049,-104.994761,7/25/2016 7:40,7:40,12,0,0,I25 SOUTHBOUND & PARK AVENUE WEST,1,1,0,0,1,4,,0,55,0,0,0,0,0,1,2,13
,2016_60306,39.768049,-104.994761,2/1/2016 9:04,9:04,3,0,0,PARK AVENUE WEST & I25 HIGHWAY NORTHBOUND,2,1,0,2,1,1,,0,35,0,0,0,0,0,1,2,3
,2016_60307,39.768205,-104.994404,2/13/2016 7:00,7:00,14,0,0,I25 NORTHBOUND OFF RAMP & PARK AVENUE WEST,1,2,1,4,1,14,,0,30,0,0,0,0,0,1,2,13
,2016_60309,39.768286,-104.994217,5/25/2016 11:09,11:09,15,0,0,I25 NORTHBOUND OFF RAMP OFF & GORE POINT TO I70,1,1,1,0,1,14,,0,55,0,0,0,0,0,1,3,13
,2016_60310,39.770543,-104.991115,10/4/2016 7:05,7:05,12,0,0,I25 SOUTHBOUND HOV & 39TH AVENUE WEST OFFSET REF,1,1,0,0,1,4,,0,,0,0,0,0,0,1,3,13
,2016_60311,39.77777,-104.989188,2/2/2016 8:45,8:45,5,0,0,I25 & I70,10,1,0,2,3,4,,0,55,0,0,0,0,0,1,1,7
,2016_60312,39.783855,-104.989142,6/1/2016 17:46,17:46,15,0,0,I25 & 48TH AVENUE WEST,1,1,0,0,1,4,,0,55,0,0,0,0,0,1,2,13
,2016_60357,39.711332,-105.053258,7/13/2016 17:08,17:08,15,0,0,ALAMEDA AVENUE WEST & SHERIDAN BOULEVARD SOUTH,1,1,0,0,1,1,,0,35,0,0,0,0,0,2,2,13
,2016_60358,39.711265,-105.053095,5/24/2016 13:52,13:52,15,0,0,ALAMEDA PARKWAY WEST & SHERIDAN BOULEVARD SOUTH,1,1,0,0,1,3,,0,35,0,0,0,0,0,2,3,2
,2016_60359,39.711155,-105.022579,2/11/2016 5:38,5:38,3,0,0,DECATUR STREET SOUTH & ALAMEDA AVENUE WEST,1,3,0,0,1,1,,0,35,0,0,0,0,0,2,2,13
,2016_60360,39.711201,-104.999073,8/22/2016 9:00,9:00,15,0,0,ALAMEDA AVENUE WEST & I25,1,1,0,0,1,1,,0,30,0,0,0,0,0,2,2,13
,2016_60361,39.711208,-104.998391,5/17/2016 9:30,9:30,12,0,0,KALAMATH STREET SOUTH & ALAMEDA AVENUE WEST,2,1,0,1,1,1,,0,25,0,0,0,0,0,2,2,14
,2016_60362,39.711208,-104.998391,5/25/2016 20:10,20:10,3,0,0,ALAMEDA AVENUE WEST & KALAMATH STREET SOUTH,1,2,0,0,1,1,,0,35,0,0,0,0,1,2,2,13
,2016_60363,39.711208,-104.998391,9/24/2016 21:15,21:15,3,0,0,ALAMEDA AVENUE WEST & KALAMATH STREET SOUTH,1,3,1,0,1,1,,0,30,0,0,0,0,0,2,2,3
,2016_60365,39.711208,-104.998391,12/22/2016 15:01,15:01,3,0,0,ALAMEDA AVENUE & KALAMATH STREET,1,1,0,0,1,1,,0,30,0,0,0,0,0,2,2,8
,2016_60366,39.653091,-104.916804,7/24/2016 15:50,15:50,12,0,0,HAMPDEN AVENUE EAST  & I25 NORTHBOUND ON SPLIT RAMP,1,1,0,0,1,4,,0,30,0,0,0,0,0,2,2,13
,2016_60367,39.65308,-104.911023,4/20/2016 10:33,10:33,12,0,0,HAMPDEN AVENUE & ONEIDA STREET SOUTH,1,1,0,0,1,4,,0,40,0,0,0,0,1,2,2,3
,2016_60368,39.653077,-104.898619,5/10/2016 18:19,18:19,1,0,0,HAMPDEN AVENUE EAST & TAMARAC DRIVE SOUTH,1,1,1,0,1,1,,0,40,0,0,0,0,0,2,2,14
,2016_60369,39.65305,-104.884342,7/22/2016 14:00,14:00,3,0,1,HAMPDEN AVENUE EAST & YOSEMITE STREET SOUTH,1,1,0,0,1,1,,0,45,0,0,0,0,2,2,2,14
,2016_60370,39.65305,-104.884342,12/30/2016 17:00,17:00,3,0,0,HAMPDEN AVENUE EAST & YOSEMITE STREET SOUTH,1,3,0,0,1,1,,0,45,0,0,0,0,0,2,2,13
,2016_60371,39.653025,-104.88114,10/11/2016 8:21,8:21,12,0,0,HAMPDEN AVENUE EAST & AKRON STREET,1,1,0,0,1,3,,0,45,0,0,0,0,0,2,3,14
,2016_60372,39.653024,-104.880583,10/20/2016 8:20,8:20,12,0,0,HAMPDEN AVENUE 9200 BLOCK EAST & AKRON STREET SOUTH,1,1,0,0,1,4,,0,45,0,0,0,0,0,2,3,1
,2016_60373,39.656988,-104.866396,12/23/2016 23:06,23:06,12,0,0,HAVANA STREET SOUTH & GIRARD AVENUE EAST,1,3,0,0,1,1,,0,20,0,0,0,0,0,2,2,8
,2016_60374,39.66645,-104.866162,10/12/2016 16:42,16:42,1,0,0,HAVANA STREET SOUTH & YALE AVENUE EAST,1,1,1,0,1,1,,0,15,0,0,0,0,0,2,2,14