id,drcog_id,latitude,longitude,crashtime,time,crashtype,numbkilled,numbinjurd,drcoglocat,rdconditin,lightngcon,roadcntgrd,weatherco,location,roaddescrp,schoolzone,constrzone,splimit,bikeinv,pedinv,sctrinv,motoinv,svrty,rdsystem,ttlvehcls,hcf
,2016_60391,39.777347,-104.903418,5/10/2016 20:32,20:32,8,0,0,NORTHFIELD / QUEBEC STREET NORTH & I70 HIGHWAY EASTBOUND,1,3,1,0,6,4,,0,40,0,0,0,0,0,2,2,14
,2016_60392,39.778855,-104.903404,7/28/2016 18:40,18:40,12,0,0,NORTHFIELD QUEBEC 4500 BLOCK NORTH & I70 INTERCHANGE,1,1,0,0,1,4,,0,35,0,0,0,0,0,2,2,13
,2016_60393,39.779316,-104.903391,4/17/2016 0:40,0:40,3,0,0,I70 WB OFF RAMP & QUEBEC STREET,6,3,0,2,1,1,,0,5,0,0,0,0,0,2,2,7
,2016_60394,39.781946,-104.901631,5/27/2016 20:25,20:25,12,0,0,QUEBEC STREET NORTH & I270 LOOP OFF RAMP,1,3,0,0,1,1,,0,40,0,0,0,0,0,2,2,13
,2016_60449,39.740086,-104.892638,9/21/2016 22:33,22:33,9,0,0,COLFAX AVENUE EAST & UINTA STREET NORTH,1,3,0,0,1,4,,0,35,0,0,0,1,0,2,1,13
,2016_60450,39.740435,-105.019875,10/13/2016 11:40,11:40,12,0,0,COLFAX AVENUE WEST & CANOSA COURT NORTH,1,1,1,0,1,4,,0,40,0,0,0,0,0,2,3,13
,2016_60451,39.740431,-105.019677,5/1/2016 2:02,2:02,12,0,0,COLFAX AVENUE WEST & AURARIA PARKWAY WB ON RAMP,2,3,0,1,1,4,,0,35,0,0,0,0,0,2,2,13
,2016_60452,39.740038,-105.004274,3/24/2016 8:30,8:30,12,0,0,SHERIDAN BOULEVARD NORTH & COLFAX AVENUE WEST,5,1,0,0,1,1,,0,30,0,0,0,0,0,2,2,13
,2016_60453,39.740035,-105.001823,3/28/2016 7:27,7:27,15,0,0,COLFAX AVENUE WEST & LIPAN STREET NORTH,1,1,0,0,1,4,,0,35,0,0,0,0,0,2,2,14
,2016_60454,39.740048,-104.999933,2/9/2016 14:42,14:42,3,0,0,COLFAX AVENUE WEST & KALAMATH STREET NORTH,1,1,0,0,1,1,,0,30,0,0,0,0,0,2,2,3
,2016_60455,39.740042,-104.998686,12/17/2016 15:16,15:16,3,0,0,COLFAX AVENUE WEST & SPEER BOULEVARD NORTHBOUND,4,1,0,2,1,1,,0,35,0,0,0,0,0,2,2,14
,2016_60456,39.74003,-104.996398,2/6/2016 17:46,17:46,3,0,0,COLFAX AVENUE WEST & GLENARM PLACE,1,2,0,0,1,1,,0,30,0,0,0,0,1,2,2,5
,2016_60457,39.740005,-104.987167,2/19/2016 15:00,15:00,12,0,0,COLFAX AVENUE EAST & BROADWAY STREET NORTH,1,1,0,0,1,3,,0,30,0,0,0,0,1,2,2,3
,2016_60458,39.740008,-104.973052,4/6/2016 18:50,18:50,10,0,0,COLFAX AVENUE EAST & DOWNING STREET NORTH,1,1,0,0,1,1,,0,30,0,0,0,0,0,2,2,13
,2016_60459,39.740008,-104.968365,4/21/2016 14:55,14:55,12,0,0,FRANKLINST 1400 BLOCK NORTH & COLFAX AVENUE EAST,1,1,0,0,1,4,,0,30,0,0,0,0,0,2,2,5
,2016_60460,39.740085,-104.901093,11/9/2016 17:52,17:52,12,0,0,COLFAX AVENUE EAST & ROSLYN STREET NORTH,1,3,0,0,1,3,,0,30,0,0,0,0,0,2,2,3
,2016_60461,39.739987,-104.963841,10/21/2016 10:25,10:25,12,0,0,COLFAX AVENUE EAST & RACE STREET NORTH,1,1,0,0,1,4,,0,30,0,0,0,0,0,2,3,7
,2016_60462,39.73998,-104.962333,9/17/2016 17:47,17:47,12,0,0,COLFAX AVENUE & VINE STREET EAST,1,1,0,0,1,4,,0,30,0,0,0,0,1,2,2,5
,2016_60463,39.740113,-104.958751,7/19/2016 21:08,21:08,15,0,0,JOSEPHINE STREET NORTH & COLFAX AVENUE EAST,1,3,0,0,1,1,,0,35,0,0,0,0,0,2,2,14
,2016_60464,39.740185,-104.957457,12/10/2016 13:07,13:07,1,0,0,COLUMBINE STREET & COLFAX AVENUE EAST,1,1,0,0,1,1,,0,25,0,0,0,0,0,2,2,13
,2016_60465,39.740164,-104.951059,9/17/2016 22:09,22:09,6,0,0,COLFAX AVENUE EAST & STREET PAUL STREET NORTH,1,3,0,0,1,4,,0,35,0,0,0,0,0,2,3,5
,2016_60466,39.740158,-104.949177,9/28/2016 15:31,15:31,15,0,0,COLFAX AVENUE & 3200 BLOCK EAST,1,1,0,0,1,4,,0,30,0,0,0,0,0,2,2,14
,2016_60467,39.74015,-104.946731,6/23/2016 16:52,16:52,12,0,0,COLFAX AVENUE & COOK STREET,2,1,0,1,1,4,,0,35,0,0,0,0,0,2,2,13
,2016_60469,39.74014,-104.943908,12/4/2016 20:09,20:09,3,0,0,COLFAX AVENUE EAST & GARFIELD STREET NORTH,1,3,0,0,1,1,,0,35,0,0,0,0,1,2,2,13
,2016_60470,39.740078,-104.924581,11/17/2016 7:20,7:20,3,0,0,COLFAX AVENUE EAST & GRAPE STREET EAST,1,1,0,0,1,1,,0,25,0,0,0,0,0,2,2,7
,2016_60471,39.74008,-104.920259,7/6/2016 17:20,17:20,12,0,0,COLFAX AVENUE EAST & IVY STREET NORTH,1,1,0,0,1,4,,0,35,0,0,0,0,0,2,2,3
,2016_60472,39.740081,-104.916125,2/5/2016 8:00,8:00,15,0,0,COLFAX AVENUE EAST & KRAMERIA STREET NORTH,1,1,0,0,1,4,,0,35,0,0,0,0,0,2,2,7
,2016_60473,39.740082,-104.912743,2/24/2016 5:50,5:50,3,0,0,COLFAX AVENUE EAST & MONACO PARKWAY NORTH,1,1,0,0,1,1,,0,35,0,0,0,0,0,2,2,13
,2016_60474,39.740083,-104.910488,12/31/2016 11:50,11:50,12,0,0,COLFAX AVENUE EAST & NIAGARA STREET NORTH,1,3,0,0,1,3,,0,35,0,0,0,0,0,2,2,1
,2016_60475,39.740084,-104.904663,6/1/2016 8:28,8:28,3,0,0,POPLAR STREET NORTH & COLFAX AVENUE EAST,1,1,0,0,1,1,,0,25,0,0,0,0,0,2,2,1
,2016_60476,39.740084,-104.903536,1/15/2016 18:07,18:07,6,0,0,COLFAX AVENUE 7200 BLOCK EAST & QUEBEC STREET NORTH,1,3,0,7,1,4,,0,35,0,0,0,0,0,2,2,16
,2016_60477,39.740085,-104.898651,9/4/2016 19:05,19:05,3,0,0,COLFAX AVENUE EAST & SYRACUSE COURT NORTH,1,2,0,0,1,1,,0,35,0,0,0,0,0,2,2,13
,2016_60537,39.783526,-105.043893,12/18/2016 7:58,7:58,5,0,1,I70 & TENNYSON STREET,4,1,0,0,2,4,,0,55,0,0,0,0,2,1,1,14
,2016_60538,39.775525,-104.86454,4/5/2016 12:45,12:45,5,0,0,I70 WB OFF RAMP & HAVANA STREET,1,1,0,0,3,14,,0,20,0,0,0,0,0,1,1,8
,2016_60539,39.783426,-105.035939,4/13/2016 8:34,8:34,12,0,0,I70 & LOWELL BOULEVARD NORTH,1,1,0,0,1,4,,0,55,0,0,0,0,0,1,2,14
,2016_60540,39.783924,-105.028639,10/26/2016 7:08,7:08,12,0,0,I70 & FEDERAL BOULEVARD,1,1,0,0,1,4,,0,55,0,0,0,0,1,1,3,14
,2016_60541,39.784162,-105.026393,1/10/2016 12:20,12:20,15,0,0,I70 & FEDERAL BOULEVARD NORTH,1,1,0,0,1,4,,0,55,0,0,0,0,0,1,2,13
,2016_60542,39.784195,-105.025519,4/13/2016 7:15,7:15,12,0,0,I70 & FEDERAL BOULEVARD NORTH,1,1,1,0,1,4,,0,55,0,0,0,0,0,1,3,3
,2016_60543,39.784211,-105.025084,4/19/2016 16:10,16:10,15,0,0,I70 & NORTH FEDERAL BOULEVARD,1,1,1,0,1,4,,0,55,0,0,0,0,0,1,2,13
,2016_60544,39.783149,-105.006371,2/9/2016 8:20,8:20,12,0,0,I70 & PECOS STREET NORTH,1,1,0,0,1,4,,0,55,0,0,0,0,0,1,3,1
,2016_60545,39.783149,-105.006371,6/21/2016 8:24,8:24,12,0,1,I70 & NORTH PECOS STREET,1,1,0,0,1,4,,0,55,0,0,0,0,2,1,7,1
,2016_60546,39.783149,-105.006371,9/22/2016 6:29,6:29,12,0,0,I70 & PECOS STREET,1,1,0,0,1,4,,0,55,0,0,0,0,0,1,2,14
,2016_60547,39.783164,-105.005955,4/5/2016 9:29,9:29,15,0,0,I70 & PECOS STREET NORTH,1,1,1,0,1,4,,0,55,0,0,0,0,0,1,5,13
,2016_60548,39.779747,-104.985797,11/14/2016 17:35,17:35,12,0,2,I70 WB OFF RAMP & I25,1,3,0,0,1,14,,0,55,0,0,0,0,2,1,2,13
,2016_60549,39.779441,-104.979019,4/5/2016 13:27,13:27,15,0,0,I70 & WASHINGTON STREET,1,1,0,0,1,4,,0,55,0,0,0,0,0,1,2,13
,2016_60550,39.779441,-104.979019,12/11/2016 20:48,20:48,12,0,0,I70 & WASHINGTON STREET,1,3,0,0,1,4,,0,55,0,0,0,0,0,1,2,8
,2016_60551,39.779441,-104.979019,5/25/2016 15:44,15:44,15,0,0,WASHINGTON STREET NORTH & I70 EASTBOUND ON RAMP,1,1,1,0,1,1,,0,35,0,0,0,0,0,1,2,13
,2016_60553,39.779425,-104.978817,3/2/2016 9:35,9:35,12,0,0,I70 WB OFF RAMP & WASHINGTON STREET,1,1,0,0,1,14,,0,45,0,0,0,0,1,1,2,14
,2016_60554,39.780012,-104.959789,11/9/2016 18:50,18:50,12,0,0,I70 & YORK STREET NORTH,1,3,0,0,1,4,,0,55,0,0,0,0,0,1,2,13
,2016_60555,39.780012,-104.959789,12/22/2016 12:44,12:44,10,0,0,46TH AVENUE & YORK STREET NORTH,1,1,0,0,1,1,,0,30,0,0,0,0,0,4,2,13
,2016_60556,39.780016,-104.953383,3/22/2016 14:34,14:34,12,0,0,I70 WB & VASQUEZ BOULEVARD NORTH,1,1,1,0,1,4,,0,55,0,0,0,0,0,1,3,13
,2016_60557,39.780001,-104.950331,4/24/2016 19:30,19:30,12,0,1,I70 WB RAMP ON & STEELE STREET NORTH,1,1,0,0,1,14,,0,55,0,0,0,0,2,1,2,1
,2016_60558,39.779972,-104.93885,12/12/2016 6:52,6:52,12,0,0,I70 & COLORADO BOULEVARD,1,2,0,0,1,4,,0,55,0,0,0,0,0,1,2,3
,2016_60559,39.778293,-104.907099,8/25/2016 17:45,17:45,12,0,0,I70 EASTBOUND & QUEBEC STREET EXIT RAMP GORE,1,1,0,0,1,4,,0,55,0,0,0,0,0,1,3,1
,2016_60560,39.778295,-104.904365,2/20/2016 19:31,19:31,12,0,0,I70 & NORTHFIELD QUEBEC STREET NORTH,1,4,0,0,1,4,,0,55,0,0,0,0,0,1,2,14
,2016_60561,39.778295,-104.903454,5/4/2016 7:35,7:35,12,0,0,I70 WB & QUEBEC STREET NORTH,1,1,0,0,1,4,,0,55,0,0,0,0,0,1,3,3
,2016_60562,39.777593,-104.888014,2/16/2016 8:02,8:02,12,0,0,I70 WB RAMP ON & CENTRAL PARK BOULEVARD,1,1,1,0,1,14,,0,35,0,0,0,0,1,1,2,7
,2016_60563,39.777157,-104.883141,8/13/2016 10:57,10:57,12,0,0,I70 EASTBOUND RAMP OFF & CENTRAL PARK BOULEVARD NORTH,1,1,2,0,1,14,,0,45,0,0,0,0,0,1,2,13
,2016_60564,39.777139,-104.882953,5/2/2016 8:55,8:55,15,0,0,I70 WB & CENTRAL PARK BOULEVARD NORTH,1,1,0,0,1,4,,0,55,0,0,0,0,0,1,2,13
,2016_60565,39.775605,-104.865465,5/8/2016 11:30,11:30,15,0,0,I70 WB & HAVANA STREET NORTH,1,1,0,0,1,4,,0,55,0,0,0,0,0,1,2,3
,2016_60566,39.775573,-104.865095,8/20/2016 7:00,7:00,15,0,0,I70 & HAVANA STREET NORTH,1,1,2,0,1,4,,1,,0,0,0,0,0,1,3,13
,2016_60567,39.775557,-104.86491,12/18/2016 13:00,13:00,12,0,0,I70 EASTBOUND OFF RAMP & HAVANA STREET,9,1,0,0,1,14,,0,25,0,0,0,0,0,1,2,13
,2016_60568,39.775557,-104.86491,5/24/2016 13:43,13:43,12,0,0,I70 EASTBOUND LOOP RAMP OFF & HAVANA STREET NORTH,1,1,1,0,1,14,,0,55,0,0,0,0,1,1,2,13
,2016_60569,39.775271,-104.861582,1/12/2016 8:40,8:40,12,0,0,I70 & HAVANA STREET NORTH,1,1,0,0,1,4,,0,55,0,0,0,0,0,1,2,8
,2016_60570,39.774747,-104.855482,2/5/2016 12:02,12:02,12,0,0,I70 EASTBOUND & PEORIA STREET NORTH,1,1,0,0,1,4,,0,55,0,0,0,0,0,1,2,13
,2016_60571,39.773999,-104.846793,7/25/2016 17:41,17:41,12,0,0,I70 & PEORIA STREET,1,1,0,0,1,4,,0,55,0,0,0,0,0,1,2,3
,2016_60572,39.773999,-104.846793,10/12/2016 17:16,17:16,12,0,0,I70 & PEORIA STREET,1,1,1,0,1,4,,0,55,0,0,0,0,0,1,2,13
,2016_60573,39.773299,-104.838659,8/3/2016 12:20,12:20,12,0,0,I70 & I225,1,1,0,0,1,4,,0,55,0,0,0,0,0,1,2,13
,2016_60574,39.773028,-104.835517,3/27/2016 18:30,18:30,5,0,2,I70 WB OFF RAMP & END RAMP 'I' / BEGIN 'D' TO PEORIA STREET,2,1,1,0,2,14,,0,65,0,0,0,0,2,1,1,3
,2016_60654,39.697625,-104.900984,8/12/2016 10:17,10:17,12,0,0,LEETSDALE DRIVE 7100 BLOCK EAST & QUEBEC STREET SOUTH,1,1,1,0,1,4,,0,30,0,0,0,0,1,2,2,3
,2016_60656,39.698361,-104.902954,4/1/2016 13:14,13:14,6,0,0,PARKER ROAD SOUTH & QUEBEC STREET SOUTH,1,1,0,0,1,4,,0,35,0,0,0,0,0,2,2,13
,2016_60657,39.700136,-104.907858,10/19/2016 9:00,9:00,12,0,0,LEETSDALE DRIVE & ONEIDA STREET SOUTH,1,1,0,0,1,4,,0,35,0,0,0,0,1,2,3,3
,2016_60658,39.702044,-104.911694,9/8/2016 18:07,18:07,3,0,0,LEETSDALE DRIVE & MM 75.4,1,1,0,0,1,2,,0,35,0,0,0,0,0,2,2,14
,2016_60659,39.70278,-104.91261,3/2/2016 19:09,19:09,12,0,0,LEETSDALE DRIVE & MONACO PARKWAY,1,3,0,0,1,4,,0,40,0,0,0,0,0,2,2,14
,2016_60660,39.708067,-104.926459,10/6/2016 12:54,12:54,12,0,0,HIGHWAY 83 / LEETSDALE DRIVE & HUDSON STREET SOUTH,2,1,0,1,1,4,,0,35,0,0,0,0,0,2,2,13
,2016_60662,39.7112,-104.936323,3/25/2016 17:45,17:45,12,0,0,ALAMEDA AVENUE 4300 BLOCK EAST & LEETSDALE DRIVE,5,1,0,0,1,4,,0,35,0,0,0,0,1,2,2,7
,2016_60663,39.713978,-104.9395,9/9/2016 18:50,18:50,12,0,0,LEETSDALE DRIVE & QUEBEC STREET,1,1,0,0,1,4,,0,35,0,0,0,0,0,2,2,13
,2016_60667,39.654029,-104.918684,12/9/2016 23:31,23:31,5,0,0,I25 SOUTHBOUND RAMP OFF & HAMPDEN AVENUE EAST,1,3,1,0,3,4,,0,40,0,0,0,0,1,1,1,13
,2016_60686,39.678447,-104.993319,10/12/2016 6:01,6:01,5,0,0,SANTA FE DRIVE SOUTH & EVANS AVENUE WEST,2,3,0,1,1,4,,0,45,0,0,0,0,0,2,2,14
,2016_60687,39.681132,-104.992439,11/18/2016 15:29,15:29,12,0,0,SANTA FE DRIVE SOUTH & EVANS AVENUE WEST,1,2,0,0,1,4,,0,55,0,0,0,0,0,2,2,13
,2016_60688,39.696679,-104.991877,3/20/2016 12:38,12:38,15,0,0,PLATTE RIVER DRIVE SOUTH & MISSISSIPPI AVENUE WEST,1,1,1,0,1,4,,0,35,0,0,0,0,0,2,2,13
,2016_60689,39.696679,-104.991877,7/19/2016 14:07,14:07,15,0,0,SANTA FE DRIVE SOUTH & MISSISSIPPI AVENUE EAST,1,1,1,0,1,1,,0,45,0,0,0,0,0,2,2,13
,2016_60690,39.696679,-104.991877,8/25/2016 20:17,20:17,10,0,0,PLATTE RIVER DRIVE SOUTH & MISSISSIPPI AVENUE EAST,1,3,0,0,1,1,,0,45,0,0,0,0,0,2,2,13
,2016_60692,39.709109,-104.996168,3/6/2016 9:14,9:14,3,0,0,SANTA FE DRIVE SOUTH & 500 BLOCK WEST,1,1,0,0,1,1,,0,25,0,0,0,0,0,2,2,13
,2016_60702,39.724756,-105.025125,12/16/2016 13:26,13:26,12,0,0,FEDERAL BOULEVARD & FIFTH AVENUE,1,1,0,0,1,3,,0,35,0,0,0,0,0,2,2,7
,2016_60713,39.732914,-105.025176,12/22/2016 11:45,11:45,3,0,0,FEDERAL BOULEVARD & 10TH AVENUE WEST,6,1,0,0,1,2,,0,35,0,0,0,0,0,2,2,13
,2016_60714,39.729284,-105.025154,6/3/2016 19:20,19:20,3,0,0,EIGHTH AVENUE WEST & FEDERAL BOULEVARD NORTH,1,1,0,0,1,1,,0,25,0,0,0,0,0,2,2,13
,2016_60715,39.729284,-105.025154,6/16/2016 19:07,19:07,1,0,0,FEDERAL BOULEVARD NORTH & EIGHTH AVENUE WEST,1,1,0,0,1,2,,0,35,0,0,0,0,0,2,2,13
,2016_60716,39.709212,-105.025079,10/6/2016 16:27,16:27,3,0,0,DAKOTA AVENUE WEST ROAD EAST & FEDERAL BOULEVARD SOUTH,1,1,0,0,1,1,,0,35,0,0,0,0,0,2,2,13
,2016_60717,39.696718,-105.025071,9/24/2016 23:00,23:00,3,0,0,MISSISSIPPI AVENUE WEST & FEDERAL BOULEVARD SOUTH,1,3,0,0,1,1,,0,30,0,0,0,0,0,2,2,2
,2016_60718,39.69657,-105.02507,7/11/2016 18:06,18:06,12,0,0,FEDERAL BOULEVARD SOUTH & MISSISSIPPI AVENUE WEST,1,1,0,0,1,3,,0,35,0,0,0,0,0,2,2,7
,2016_60719,39.68979,-105.025044,2/3/2016 16:17,16:17,1,0,0,FEDERAL BOULEVARD SOUTH & FLORIDA AVENUE WEST,1,1,0,0,1,2,,0,40,0,0,0,0,0,2,2,7
,2016_60720,39.689495,-105.025043,6/3/2016 22:22,22:22,12,0,0,FEDERAL BOULEVARD SOUTH & FLORIDA AVENUE WEST,1,3,0,0,1,1,,0,30,0,0,0,0,0,2,2,13
,2016_60722,39.687578,-105.025036,3/22/2016 11:11,11:11,3,0,0,FEDERAL BOULEVARD SOUTH & IOWA AVENUE WEST,1,1,0,0,1,2,,0,30,0,0,0,0,0,2,2,7
,2016_60723,39.685957,-105.02503,4/11/2016 19:49,19:49,3,0,0,FEDERAL BOULEVARD SOUTH & MEXICO AVENUE WEST,1,1,1,0,1,1,,0,25,0,0,0,0,0,2,2,1
,2016_60724,39.680669,-105.025024,3/24/2016 14:40,14:40,1,0,0,FEDERAL BOULEVARD SOUTH & ASBURY AVENUE WEST,1,1,0,0,1,1,,0,40,0,0,0,0,1,2,2,7
,2016_60725,39.680523,-105.025025,11/9/2016 17:30,17:30,12,0,0,FEDERAL BOULEVARD SOUTH & ASBURY AVENUE WEST,1,3,0,0,1,4,,0,35,0,0,0,0,0,2,3,7
,2016_60726,39.674988,-105.025055,12/2/2016 20:20,20:20,3,0,0,FEDERAL BOULEVARD SOUTH & ILIFF AVENUE WEST,1,3,0,0,1,1,,0,25,0,0,0,0,0,2,4,3
,2016_60727,39.674696,-105.025057,10/22/2016 19:40,19:40,12,0,0,FEDERAL BOULEVARD SOUTH & ILIFF AVENUE,1,3,0,0,1,3,,0,45,0,0,0,0,0,2,2,4
,2016_60728,39.665444,-105.025139,9/1/2016 13:10,13:10,12,0,0,FEDERAL BOULEVARD & AMHERST AVENUE WEST ROAD EAST,1,1,0,0,1,4,,0,40,0,0,0,0,0,2,2,13
,2016_60733,39.631444,-105.025488,1/6/2016 13:37,13:37,10,0,0,HIGHWAY 88A / FEDERAL BOULEVARD SOUTH & UNION AVENUE WEST,1,1,1,0,1,1,,0,40,0,0,0,0,0,2,2,7
,2016_60735,39.725415,-105.025068,1/14/2016 21:00,21:00,5,0,0,SIXTH AVENUE WEST & FEDERAL BOULEVARD NORTH,5,3,0,0,2,4,,0,20,0,0,0,0,0,2,1,14
,2016_60758,39.655941,-105.053223,7/6/2016 17:57,17:57,15,0,0,SHERIDAN BOULEVARD SOUTH & DARTMOUTH AVENUE WEST,1,1,0,0,1,4,,0,40,0,0,0,0,0,2,2,13
,2016_60759,39.675658,-105.053264,2/27/2016 2:08,2:08,12,0,0,SHERIDAN BOULEVARD SOUTH & WARREN AVENUE WEST,1,3,1,0,1,3,,0,40,0,0,0,0,0,2,2,5
,2016_60760,39.678233,-105.053267,12/5/2016 15:29,15:29,12,0,0,SHERIDAN BOULEVARD & EVANS AVENUE,1,1,0,0,1,4,,0,40,0,0,0,0,1,2,2,13
,2016_60767,39.772969,-105.053235,9/9/2016 14:21,14:21,15,0,0,SHERIDAN BOULEVARD & 41ST AVENUE WEST,1,1,1,0,1,4,,0,,0,0,0,0,0,2,2,13
,2016_60768,39.785562,-105.053259,4/4/2016 16:37,16:37,15,0,0,SHERIDAN BOULEVARD NORTH & 49TH AVENUE WEST,1,1,0,0,1,1,,0,35,0,0,0,0,0,2,2,13
,2016_60769,39.785562,-105.053259,8/26/2016 19:40,19:40,12,0,0,SHERIDAN BOULEVARD NORTH & 49TH AVENUE WEST ROAD WEST,1,3,0,0,1,1,,0,35,0,0,0,0,0,2,2,1
,2016_60770,39.790437,-105.053234,2/16/2016 16:08,16:08,12,0,0,SHERIDAN BOULEVARD NORTH & 52ND AVENUE WEST,1,1,1,0,1,4,,0,35,0,0,0,0,1,2,2,13
,2016_60795,39.617013,-105.091122,8/12/2016 15:50,15:50,3,0,0,WADSWORTH BOULEVARD SOUTH & CROSS DRIVE WEST,1,1,0,0,1,2,,0,45,0,0,0,0,0,2,2,3
,2016_60797,39.629963,-105.086958,7/29/2016 15:22,15:22,5,0,0,WADSWORTH BOULEVARD SOUTH & LAYTON AVENUE WEST,1,1,0,0,2,1,,0,45,0,0,0,0,0,2,1,2
,2016_60883,39.635522,-104.893462,4/13/2016 11:56,11:56,12,0,0,I225 SOUTHBOUND OFF RAMP & TAMARAC PARKWAY,1,1,1,0,1,1,,0,40,0,0,0,0,1,1,2,3
,2016_60884,39.635522,-104.893462,12/29/2016 21:55,21:55,1,0,0,DTC BOULEVARD & I225 NORTHBOUND ON RAMP,1,3,0,0,1,1,,0,35,0,0,0,0,0,1,2,7
,2016_60885,39.640111,-104.883392,7/5/2016 6:34,6:34,12,0,0,I225 & YOSEMITE STREET,1,1,0,0,1,4,,0,55,0,0,0,0,0,1,3,1
,2016_60912,39.780781,-104.966774,4/30/2016 14:25,14:25,14,0,1,BRIGHTON BOULEVARD NORTH & 46TH AVENUE EAST,2,1,0,2,1,1,,0,35,0,0,0,0,2,2,2,13
,2016_60923,39.780803,-104.899364,10/9/2016 4:35,4:35,5,0,0,I270 EASTBOUND LOOP OFF RAMP TO QUEBEC & RAMP BEGIN,1,3,0,0,2,14,,0,45,0,0,0,0,0,1,1,13
,2016_60933,39.653152,-105.052954,9/17/2016 18:30,18:30,12,0,0,HAMPDEN AVENUE WEST WB SLIP OFF RAMP & SHERIDAN BOULEVARD SOUTH,1,1,1,0,1,14,,0,45,0,0,0,0,0,2,2,13
,2016_60934,39.653274,-105.04875,2/19/2016 7:33,7:33,12,0,0,HAMPDEN BOULEVARD WEST & SHERIDAN BOULEVARD SOUTH,1,1,0,0,1,4,,0,40,0,0,0,0,0,2,5,7
,2016_60952,39.65298,-104.925278,1/28/2016 14:53,14:53,12,0,0,HAMPDEN AVENUE EAST & GRAPE STREET SOUTH,1,1,1,0,1,4,,0,30,0,0,0,0,0,2,2,13
,2016_60953,39.65298,-104.9249,4/28/2016 15:04,15:04,12,0,0,HAMPDEN AVENUE EAST & GRAPE STREET SOUTH,1,1,1,0,1,1,,0,35,0,0,0,0,1,2,2,3
,2016_60954,39.652979,-104.922448,1/4/2016 17:17,17:17,12,0,0,HAMPDEN AVENUE EAST & HOLLY STREET SOUTH,1,3,1,0,1,4,,0,35,0,0,0,0,1,2,2,14
,2016_60955,39.652978,-104.917698,10/3/2016 15:04,15:04,15,0,0,I25 NORTHBOUND OFF RAMP & HAMPDEN AVENUE EAST,1,1,1,0,1,3,,0,45,0,0,0,0,0,2,2,8
,2016_60956,39.743305,-105.025215,7/11/2016 11:56,11:56,12,0,0,FEDERAL BOULEVARD NORTH & 1600 BLOCK NORTH,1,1,1,0,1,4,,0,35,0,0,0,0,0,2,2,13
,2016_60957,39.738485,-104.940602,10/29/2016 2:50,2:50,3,0,0,COLORADO BOULEVARD NORTH & 14TH AVENUE EAST,1,3,0,0,1,1,,0,,0,0,0,0,0,2,2,13
,2016_60958,39.752402,-105.025132,11/8/2016 8:49,8:49,15,0,0,FEDERAL BOULEVARD NORTH & 24TH AVENUE WEST,1,1,0,0,1,3,,0,35,0,0,0,0,1,2,2,14
,2016_60959,39.763101,-105.025159,6/15/2016 10:25,10:25,15,0,0,FEDERAL BOULEVARD NORTH & 33RD AVENUE WEST,1,1,0,0,1,4,,0,35,0,0,0,0,0,2,3,13
,2016_60960,39.763528,-105.02516,5/18/2016 6:28,6:28,12,0,0,FEDERAL & HIGHLAND PARK PLACE,1,1,0,0,1,3,,0,35,0,0,0,0,0,2,3,14
,2016_60961,39.765524,-105.025167,1/25/2016 18:19,18:19,12,0,0,FEDERAL BOULEVARD NORTH & 35TH AVENUE WEST,2,3,1,1,1,3,,0,35,0,0,0,0,0,2,3,13
,2016_60962,39.769667,-105.025232,8/18/2016 17:37,17:37,12,0,0,FEDERAL BOULEVARD & 38TH AVENUE WEST,1,1,0,0,1,4,,0,35,0,0,0,0,1,2,2,13
,2016_60963,39.771959,-105.025231,5/19/2016 6:45,6:45,12,0,0,FEDERAL BOULEVARD & 40TH AVENUE WEST,1,1,0,0,1,3,,0,35,0,0,0,0,1,2,4,14
,2016_60964,39.774824,-105.025229,4/25/2016 15:52,15:52,15,0,0,FEDERAL BOULEVARD & 4200 BLOCK NORTH,1,1,1,0,1,4,,0,35,0,0,0,0,0,2,2,14
,2016_60965,39.776686,-105.025228,10/20/2016 10:46,10:46,5,0,0,FEDERAL BOULEVARD NORTH & 44TH AVENUE WEST,1,1,0,0,2,3,,0,35,0,0,0,0,1,2,1,14
,2016_60966,39.784707,-105.025224,3/29/2016 12:26,12:26,1,0,0,NORTH FEDERAL BOULEVARD & I70 WB ON RAMP,1,1,1,0,1,1,,0,35,0,0,0,0,0,2,2,13
,2016_61046,39.833987,-104.746853,6/5/2016 3:30,3:30,9,0,0,E470 LOOP RAMP ON & PENA BOULEVARD,1,3,0,0,1,14,,0,65,0,0,0,0,0,2,1,13
,2016_61050,39.689365,-104.909614,9/15/2016 19:20,19:20,5,0,0,CHERRY CREEK NORTH DRIVE & FLORIDA AVENUE EAST,1,3,2,0,2,4,,0,30,0,0,0,0,0,4,1,5
,2016_61053,39.65519,-104.940495,9/21/2016 15:48,15:48,12,0,0,COLORADO BOULEVARD & GIRARD AVENUE EAST,1,1,1,0,1,4,,0,35,0,0,0,0,0,2,2,14
,2016_61054,39.668956,-104.940609,11/2/2016 18:15,18:15,12,0,0,COLORADO BOULEVARD 2600 BLOCK SOUTH & YALE AVENUE EAST,1,2,0,0,1,3,,0,35,0,0,0,0,0,2,2,13
,2016_61055,39.676733,-104.940633,11/25/2016 9:14,9:14,3,0,0,COLORADO BOULEVARD SOUTH & WARREN AVENUE EAST,1,1,0,0,1,1,,0,25,0,0,0,0,0,2,2,14