id,drcog_id,latitude,longitude,crashtime,time,crashtype,numbkilled,numbinjurd,drcoglocat,rdconditin,lightngcon,roadcntgrd,weatherco,location,roaddescrp,schoolzone,constrzone,splimit,bikeinv,pedinv,sctrinv,motoinv,svrty,rdsystem,ttlvehcls,hcf
,2016_61057,39.67843,-104.940638,8/22/2016 11:30,11:30,12,0,0,EVANS AVENUE EAST & COLORADO BOULEVARD SOUTH,1,1,0,0,1,3,,0,35,0,0,0,0,0,2,2,13
,2016_61058,39.678571,-104.940638,3/6/2016 12:48,12:48,15,0,0,COLORADO BOULEVARD 2000 BLOCK SOUTH & EVANS AVENUE EAST,1,1,0,0,1,3,,0,35,0,0,0,0,0,2,2,13
,2016_61059,39.679137,-104.94064,9/30/2016 16:35,16:35,10,0,0,COLORADO BOULEVARD & EVANS AVENUE EAST,1,1,0,0,1,2,,0,35,0,0,0,0,0,2,2,13
,2016_61060,39.688969,-104.940546,12/4/2016 15:46,15:46,12,0,0,COLORADO BOULEVARD SOUTH & FLORIDA AVENUE EAST,1,1,0,0,1,4,,0,35,0,0,0,0,1,2,3,13
,2016_61061,39.689119,-104.940546,9/23/2016 18:40,18:40,3,0,1,COLORADO BOULEVARD SOUTH & FLORIDA AVENUE EAST,1,2,0,0,1,1,,0,35,0,0,0,0,2,2,2,1
,2016_61064,39.713244,-104.940611,7/24/2016 2:10,2:10,3,0,0,COLORADO BOULEVARD SOUTH & ALAMEDA AVENUE EAST,1,3,0,0,1,1,,0,40,0,0,0,0,1,2,2,1
,2016_61065,39.713244,-104.940611,9/15/2016 17:20,17:20,15,0,0,COLORADO BOULEVARD SOUTH & ALAMEDA AVENUE EAST,1,1,0,0,1,1,,0,,0,0,0,0,0,2,2,13
,2016_61066,39.722728,-104.940608,7/30/2016 11:42,11:42,12,0,0,COLORADO BOULEVARD NORTH & THIRD AVENUE EAST,1,1,0,0,1,3,,0,40,0,0,0,0,1,2,4,3
,2016_61067,39.72871,-104.940605,12/14/2016 14:14,14:14,12,0,0,EIGHTH AVENUE EAST & COLORADO BOULEVARD NORTH,1,1,1,0,1,1,,0,35,0,0,0,0,0,2,2,13
,2016_61068,39.730899,-104.940605,3/4/2016 14:04,14:04,12,0,0,COLORADO BOULEVARD NORTH & NINTH AVENUE EAST,1,1,0,0,1,4,,0,30,0,0,0,0,1,2,2,3
,2016_61069,39.732212,-104.940604,6/3/2016 11:15,11:15,15,0,0,COLORADO BOULEVARD NORTH & 10TH AVENUE EAST,1,1,0,0,1,1,,0,35,0,0,0,0,0,2,2,13
,2016_61070,39.73834,-104.940602,5/13/2016 7:25,7:25,12,0,0,COLORADO BOULEVARD & 14TH AVENUE,1,1,0,0,1,4,,0,30,0,0,0,0,0,2,2,13
,2016_61071,39.740236,-104.940601,2/10/2016 7:45,7:45,12,0,0,NORTH COLORADO BOULEVARD & EAST COLFAX AVENUE,1,1,0,0,1,1,,0,40,0,0,0,0,0,2,3,13
,2016_61072,39.7433,-104.9406,9/9/2016 15:20,15:20,15,0,0,17TH AVENUE EAST ROAD SOUTHEAST  & COLORADO BOULEVARD NORTH,1,1,0,0,1,1,,0,30,0,0,0,0,1,2,2,13
,2016_61073,39.74724,-104.940599,4/6/2016 11:00,11:00,1,0,1,COLORADO BOULEVARD NORTH & MONTVIEW BOULEVARD EAST,1,1,0,0,1,1,,0,35,0,0,0,1,2,2,2,7
,2016_61074,39.757994,-104.940527,7/1/2016 16:08,16:08,12,0,0,COLORADO BOULEVARD NORTH & 29TH AVENUE EAST,2,1,0,0,1,4,,0,35,0,0,0,0,0,2,2,7
,2016_61075,39.761769,-104.940512,3/22/2016 8:45,8:45,12,0,0,COLORADO BOULEVARD & 32ND AVENUE EAST,1,1,0,0,1,4,,0,35,0,0,0,0,0,2,2,7
,2016_61077,39.761914,-104.940511,6/17/2016 1:11,1:11,12,0,0,COLORADO BOULEVARD NORTH & MLK BOULEVARD EAST,1,3,0,0,1,3,,0,30,0,0,0,0,0,2,2,13
,2016_61078,39.76206,-104.94051,1/18/2016 1:15,1:15,12,0,0,NORTH COLORADO BOULEVARD & EAST MLK BOULEVARD,1,3,0,0,1,3,,0,35,0,0,0,0,0,2,2,13
,2016_61079,39.77302,-104.940511,5/20/2016 6:46,6:46,15,0,0,COLORADO BOULEVARD NORTH & 40TH AVENUE EAST,1,1,0,0,1,1,,0,35,0,0,0,0,0,2,2,13
,2016_61080,39.77302,-104.940511,11/20/2016 18:25,18:25,12,0,0,COLORADO BOULEVARD 3900 BLOCK NORTH & 40TH AVENUE EAST,1,3,0,0,1,3,,0,35,0,0,0,0,0,2,2,7
,2016_61081,39.773314,-104.940512,2/3/2016 9:10,9:10,15,0,0,COLORADO BOULEVARD & 40TH AVENUE EAST,2,1,0,0,1,4,,0,45,0,0,0,0,0,2,2,13
,2016_61082,39.784135,-104.94045,1/8/2016 9:47,9:47,3,0,0,COLORADO BOULEVARD NORTH & 48TH AVENUE EAST,2,1,1,2,1,1,,0,35,0,0,0,0,0,2,2,3
,2016_61097,39.725649,-105.052456,4/21/2016 17:15,17:15,12,0,0,SIXTH AVENUE WEST & SHERIDAN BOULEVARD NORTH,1,1,0,0,1,4,,0,55,0,0,0,0,0,2,2,3
,2016_61098,39.725455,-105.032456,5/2/2016 15:10,15:10,12,0,0,SIXTH AVENUE WEST & KNOX COURT NORTH,1,1,0,0,1,4,,0,55,0,0,0,0,0,2,2,13
,2016_61099,39.725455,-105.032456,9/2/2016 17:55,17:55,12,0,0,SIXTH AVENUE WEST & KNOX COURT WEST APPROXIMATELY,1,2,0,0,1,4,,0,65,0,0,0,0,0,2,2,13
,2016_61100,39.725455,-105.032456,12/15/2016 17:35,17:35,12,0,0,SIXTH AVENUE WEST & KNOX COURT NORTH,1,3,0,0,1,4,,0,55,0,0,0,0,1,2,3,13
,2016_61101,39.725415,-105.025068,11/15/2016 7:00,7:00,12,0,0,SIXTH AVENUE WEST & FEDERAL BOULEVARD NORTH,1,1,0,0,1,4,,0,55,0,0,0,0,0,2,2,1
,2016_61103,39.725414,-105.024305,7/9/2016 10:22,10:22,12,0,0,SIXTH AVENUE WEST & FEDERAL BOULEVARD NORTH,1,1,1,0,1,4,,0,55,0,0,0,0,0,2,2,13
,2016_61104,39.725334,-105.021388,1/11/2016 6:41,6:41,12,0,0,SIXTH AVENUE WEST & BRYANT STREET APPROXIMATELY,1,2,0,0,1,4,,0,55,0,0,0,0,0,2,4,1
,2016_61105,39.725188,-105.018611,1/3/2016 18:52,18:52,12,0,1,SIXTH AVENUE WEST & BRYANT STREET NORTH,1,3,1,0,1,4,,0,55,0,0,0,0,2,2,2,13
,2016_61106,39.725545,-105.012704,10/20/2016 21:50,21:50,15,0,0,SIXTH AVENUE 1000 BLOCK WEST & KALAMATH STREET NORTH,1,3,0,0,1,4,,0,25,0,0,0,0,0,2,3,5
,2016_61107,39.779244,-104.949727,11/10/2016 8:17,8:17,3,0,0,STEELE STREET NORTH & I70 EASTBOUND RAMPS,1,1,0,0,1,1,,0,25,0,0,0,0,0,2,2,13
,2016_61108,39.783863,-104.947726,6/17/2016 13:55,13:55,12,0,0,VASQUEZ BOULEVARD 4800 BLOCK NORTH & 48TH AVENUE EAST,1,1,0,0,1,1,,0,45,0,0,0,0,0,2,2,13
,2016_61147,39.653259,-104.918319,7/24/2016 15:43,15:43,9,0,1,I25 NORTHBOUND & HAMPDEN AVENUE EAST,1,1,0,0,1,4,,0,65,0,0,0,1,2,1,1,1
,2016_61160,39.751295,-105.016566,1/16/2016 16:10,16:10,15,0,0,I25 & 23RD AVENUE WEST,1,1,0,0,1,4,,0,55,0,0,0,0,0,1,2,13
,2016_61171,39.630528,-104.905228,2/14/2016 20:04,20:04,12,0,0,I25 & BELLEVIEW AVENUE EAST,1,3,0,0,1,4,,0,65,0,0,0,0,1,1,2,16
,2016_61172,39.632192,-104.905941,10/8/2016 19:08,19:08,12,0,0,I25 & MM 200.00,1,2,0,0,1,4,,0,65,0,0,0,0,0,1,2,1
,2016_61173,39.633614,-104.90654,5/27/2016 12:35,12:35,12,0,0,I25  & I225,1,1,0,0,1,4,,0,55,0,0,0,0,0,1,2,3
,2016_61174,39.633614,-104.90654,6/6/2016 8:50,8:50,15,0,0,I25  & I225,1,1,0,0,1,4,,0,55,0,0,0,0,0,1,2,13
,2016_61175,39.640913,-104.911262,8/10/2016 17:32,17:32,12,0,0,I25 & MM 200.67,1,1,0,0,1,4,,0,65,0,0,0,0,0,1,3,13
,2016_61176,39.653259,-104.918319,2/5/2016 17:46,17:46,12,0,0,I25 SOUTHBOUND & HAMPDEN AVENUE EAST,1,3,0,0,1,4,,0,65,0,0,0,0,0,1,4,14
,2016_61177,39.678367,-104.933559,6/22/2016 17:20,17:20,12,0,0,EVANS AVENUE EAST & I25 NORTHBOUND ON RAMP,1,1,0,0,1,1,,0,35,0,0,0,0,0,1,3,13
,2016_61178,39.678914,-104.934035,1/31/2016 20:45,20:45,5,0,0,I25 & EAST EVANS AVENUE,5,3,1,2,3,14,,0,35,0,0,0,0,0,1,1,8
,2016_61179,39.680951,-104.936001,3/17/2016 6:39,6:39,15,0,0,I25 & COLORADO BOULEVARD SOUTH,1,1,1,0,1,4,,0,55,0,0,0,0,0,1,3,13
,2016_61180,39.684077,-104.944199,7/21/2016 15:02,15:02,12,0,0,I25 NORTHBOUND ON RAMP METER LIGHT  & COLORADO BOULEVARD SOUTH,1,1,0,0,1,14,,0,45,0,0,0,0,1,1,2,1
,2016_61181,39.684641,-104.947179,12/21/2016 5:47,5:47,15,0,1,I25 & STEELE STREET,2,3,0,0,1,4,,0,55,0,0,0,0,2,1,2,13
,2016_61182,39.684907,-104.952401,9/8/2016 7:30,7:30,12,0,0,I25 SOUTHBOUND & STEELE STREET SOUTH,1,1,0,0,1,4,,0,60,0,0,0,0,0,1,2,3
,2016_61183,39.684907,-104.955242,7/13/2016 7:45,7:45,15,0,0,I25 SOUTHBOUND & STEELE STREET SOUTH,1,1,0,0,1,4,,0,60,0,0,0,0,0,1,2,13
,2016_61184,39.687715,-104.968753,11/17/2016 12:37,12:37,12,0,0,I25 & FRANKLIN STREET,2,1,0,2,1,4,,0,50,0,0,0,0,1,1,2,13
,2016_61185,39.68779,-104.968909,11/26/2016 12:35,12:35,12,0,0,I25 NORTHBOUND & FRANKLIN STREET SOUTH BRIDGE,1,1,0,0,1,4,,0,60,0,0,0,0,1,1,2,7
,2016_61186,39.694456,-104.979276,8/10/2016 16:08,16:08,12,0,0,I25 & WASHINGTON STREET SOUTH,1,1,0,0,1,4,,0,60,0,0,0,0,0,1,3,13
,2016_61187,39.697287,-104.982513,8/10/2016 18:15,18:15,12,0,0,I25 SOUTHBOUND RAMP & MM 206.6,1,1,0,0,1,14,,0,60,0,0,0,0,0,1,3,13
,2016_61188,39.701466,-104.987451,5/16/2016 12:57,12:57,1,0,0,BROADWAY STREET SOUTH & I25,2,1,0,1,1,1,,0,35,0,0,0,0,0,1,3,3
,2016_61189,39.707118,-104.996779,1/6/2016 14:00,14:00,12,0,0,I25 & SANTA FE DRIVE SOUTH INTERCHANGE,1,1,1,0,1,4,,0,55,0,0,0,0,0,1,2,1
,2016_61190,39.707118,-104.996779,6/21/2016 8:00,8:00,12,0,1,SANTA FE SOUTHBOUND & I25 INTERCHANGE,1,1,0,0,1,4,,0,30,0,0,0,0,2,1,3,3
,2016_61191,39.707118,-104.996779,5/12/2016 17:09,17:09,12,0,0,SANTA FE DRIVE SOUTH NORTHBOUND OFF RAMP TO & I25 SOUTHBOUND,1,1,0,0,1,14,,0,30,0,0,0,0,0,1,2,14
,2016_61192,39.708956,-104.99767,2/24/2016 9:30,9:30,12,0,0,I25 & ALAMEDA AVENUE WEST,1,1,0,0,1,4,,0,55,0,0,0,0,0,1,2,1
,2016_61193,39.711525,-104.999094,1/6/2016 15:33,15:33,15,0,0,I25 SOUTHBOUND & HIGHWAY 26B / ALAMEDA AVENUE WEST INTERCHANGE APPROXIMATELY,1,1,1,0,1,4,,0,55,0,0,0,0,0,1,2,13
,2016_61195,39.711525,-104.999094,2/5/2016 15:46,15:46,15,0,0,I25 & WEST ALAMEDA AVENUE,1,1,0,0,1,4,,0,55,0,0,0,0,0,1,2,14
,2016_61197,39.711525,-104.999094,5/21/2016 23:20,23:20,12,0,0,I25 & WEST ALAMEDA STREET,1,3,0,0,1,4,,0,55,0,0,0,0,0,1,2,13
,2016_61198,39.714925,-105.00119,10/28/2016 10:03,10:03,15,0,0,I25 NORTHBOUND & ALAMEDA AVENUE WEST,1,1,0,0,1,4,,0,55,0,0,0,0,0,1,4,14
,2016_61199,39.760997,-105.004271,2/29/2016 7:42,7:42,12,0,0,I25 & 20TH STREET,1,1,0,0,1,4,,0,55,0,0,0,0,0,1,2,13
,2016_61200,39.720036,-105.007094,11/19/2016 18:58,18:58,12,0,0,I25 NORTHBOUND & SIXTH AVENUE WEST,1,4,0,0,1,4,,0,60,0,0,0,0,0,1,3,13
,2016_61201,39.720364,-105.007451,9/23/2016 14:20,14:20,12,0,0,I 25 & SIXTH AVENUE WEST,1,1,1,0,1,4,,0,65,0,0,0,0,1,1,2,13
,2016_61202,39.720473,-105.00757,2/29/2016 15:16,15:16,12,0,0,I25 & MM 208.75,1,1,0,0,1,4,,0,55,0,0,0,0,0,1,2,13
,2016_61203,39.722325,-105.009697,5/4/2016 13:00,13:00,12,0,0,I25 NORTHBOUND & SIXTH AVENUE EASTBOUND / WB EXIT,1,1,1,0,1,4,,0,55,0,0,0,0,0,1,3,14
,2016_61204,39.722325,-105.009697,3/20/2016 12:39,12:39,12,0,0,I25 NORTHBOUND OFF RAMP  & SIXTH AVENUE EASTBOUND / WB EXIT,1,1,0,0,1,14,,0,55,0,0,0,0,0,1,2,13
,2016_61205,39.722669,-105.010181,9/24/2016 18:27,18:27,12,0,0,I25 & MM 209,1,1,1,0,1,4,,0,65,0,0,0,0,0,1,2,13
,2016_61206,39.722726,-105.010261,7/30/2016 9:54,9:54,12,0,1,I25 NORTHBOUND & SIXTH AVENUE WEST INTERCHANGE,1,1,0,0,1,4,,0,65,0,0,0,0,2,1,2,7
,2016_61207,39.723662,-105.011457,10/25/2016 6:47,6:47,12,0,0,I25 & SIXTH AVENUE WEST INTERCHANGE,1,2,0,0,1,4,,0,55,0,0,0,0,0,1,2,3
,2016_61208,39.724932,-105.012646,12/10/2016 2:38,2:38,5,0,0,I25 NORTHBOUND ON RAMP FROM SIXTH AVENUE & RAMP SPLIT,1,4,1,0,3,14,,0,50,0,0,0,0,0,1,1,5
,2016_61209,39.725281,-105.012899,1/28/2016 9:37,9:37,12,0,0,I25 & SIXTH AVENUE INTERCHANGE,1,1,0,0,1,4,,0,55,0,0,0,0,0,1,4,13
,2016_61210,39.725281,-105.012899,4/29/2016 18:04,18:04,6,0,0,I25 & SIXTH AVENUE INTERCHANGE,2,1,0,0,1,4,,0,55,0,0,0,0,0,1,2,2
,2016_61211,39.725281,-105.012899,5/2/2016 15:46,15:46,12,0,0,I25 & SIXTH AVENUE INTERCHANGE,1,1,0,0,1,4,,0,55,0,0,0,0,0,1,2,13
,2016_61212,39.725281,-105.012899,5/21/2016 17:06,17:06,12,0,0,I25 & SIXTH AVENUE INTERCHANGE,1,1,1,0,1,4,,0,55,0,0,0,0,0,1,2,13
,2016_61213,39.725281,-105.012899,7/5/2016 10:07,10:07,15,0,0,I25 NORTHBOUND & SIXTH AVENUE INTERCHANGE,1,1,0,0,1,4,,0,55,0,0,0,0,0,1,2,1
,2016_61214,39.725398,-105.012983,6/28/2016 11:40,11:40,12,0,0,I25 HIGHWAY NORTHBOUND  & SIXTH AVENUE WEST INTERCHANGE,1,1,1,0,1,4,,0,55,0,0,0,0,0,1,2,13
,2016_61215,39.729265,-105.014796,2/10/2016 15:12,15:12,12,0,0,I25 & EIGHTH AVENUE WEST INTERCHANGE,1,1,0,0,1,4,,0,55,0,0,0,0,1,1,2,3
,2016_61216,39.729265,-105.014796,11/23/2016 17:30,17:30,12,0,0,I25 NORTHBOUND & EIGHTH AVENUE WEST INTERCHANGE,1,3,1,0,1,4,,0,55,0,0,0,0,0,1,3,13
,2016_61217,39.729419,-105.014852,8/6/2016 16:13,16:13,12,0,0,I25 NORTHBOUND & EIGHTH AVENUE WEST INTERCHANGE,1,1,0,0,1,4,,0,55,0,0,0,0,0,1,2,13
,2016_61218,39.730034,-105.015073,8/20/2016 22:40,22:40,12,0,0,I25 & EIGHTH AVENUE WEST,1,3,0,0,1,4,,0,60,0,0,0,0,0,1,2,3
,2016_61219,39.730758,-105.015321,1/30/2016 2:57,2:57,9,0,0,I25 HOOK RAMP OFF & ZUNI STREET NORTH,1,4,1,0,3,14,,0,25,0,0,0,0,0,1,1,5
,2016_61220,39.730881,-105.015362,11/23/2016 20:00,20:00,15,0,0,I25 & EIGHTH AVENUE,3,5,0,0,1,4,,0,65,0,0,0,0,0,1,2,1
,2016_61221,39.743733,-105.016365,6/14/2016 16:25,16:25,15,0,0,I25  & 17TH AVENUE WEST,1,1,1,0,1,4,,0,55,0,0,0,0,0,1,2,13
,2016_61222,39.75115,-105.016647,11/21/2016 13:45,13:45,12,0,0,I25 NORTHBOUND & 23RD AVENUE WEST,1,1,1,0,1,4,,0,55,0,0,0,0,0,1,2,13
,2016_61223,39.751295,-105.016566,4/28/2016 15:08,15:08,15,0,0,I25 & 23RD AVENUE WEST,1,1,0,0,1,4,,0,55,0,0,0,0,0,1,2,13
,2016_61224,39.754929,-105.013016,12/1/2016 22:11,22:11,15,0,0,I25 & SPEER BOULEVARD,1,3,0,0,1,4,,0,55,0,0,0,0,0,1,2,14
,2016_61225,39.755118,-105.012754,7/11/2016 17:23,17:23,15,0,0,I25 NORTHBOUND & SPEER BOULEVARD NORTH,1,1,0,0,1,4,,0,55,0,0,0,0,0,1,2,13
,2016_61226,39.755307,-105.012492,11/2/2016 19:07,19:07,12,0,0,I25 & SPEER BOULEVARD NORTH,1,3,0,0,1,4,,0,55,0,0,0,0,0,1,2,1
,2016_61227,39.757155,-105.0099,2/12/2016 8:50,8:50,12,0,0,I25 SOUTHBOUND & 15TH STREET,1,1,0,0,1,4,,0,55,0,0,0,0,0,1,2,1
,2016_61228,39.760824,-105.004537,9/28/2016 17:30,17:30,12,0,0,I25 & 20TH STREET,1,1,0,0,1,4,,0,55,0,0,0,0,1,1,2,1
,2016_61229,39.760997,-105.004271,11/8/2016 17:56,17:56,12,0,0,I25 HIGHWAY NORTHBOUND & 20TH STREET BRIDGE,1,1,1,0,1,4,,0,55,0,0,0,0,0,1,2,13
,2016_61230,39.760997,-105.004271,4/22/2016 18:07,18:07,12,0,0,20TH STREET & I25,1,1,0,0,1,4,,0,35,0,0,0,0,0,1,2,3
,2016_61231,39.76111,-105.004124,7/30/2016 2:58,2:58,12,0,0,I25 NORTHBOUND RAMP ON & 20TH STREET,1,3,1,0,1,14,,0,30,0,0,0,0,0,1,2,5
,2016_61232,39.76158,-105.003512,9/12/2016 20:50,20:50,15,0,0,I25 & 20TH STREET,2,3,0,1,1,4,,0,65,0,0,0,0,0,1,2,7
,2016_61233,39.768049,-104.994761,7/7/2016 9:20,9:20,12,0,0,I25 SOUTHBOUND & PARK AVENUE WEST,1,1,0,0,1,4,,0,55,0,0,0,0,1,1,2,13
,2016_61234,39.768124,-104.99459,8/27/2016 9:40,9:40,15,0,0,I25 SLIP RAMP ON & PARK AVENUE WEST,1,1,0,0,1,14,,0,35,0,0,0,0,0,1,2,13
,2016_61235,39.774812,-104.989262,10/27/2016 7:30,7:30,12,0,0,I25 SOUTHBOUND & I70 INTERCHANGE,1,2,0,0,1,4,,0,55,0,0,0,0,0,1,2,13
,2016_61236,39.778066,-104.989183,9/8/2016 8:30,8:30,12,0,0,I25 NORTHBOUND RAMP OFF & I70 WB / EASTBOUND RAMP SPLIT APPROXIMATELY,1,1,0,0,1,14,,1,65,0,0,0,0,0,1,2,13
,2016_61237,39.779391,-104.989164,9/2/2016 14:58,14:58,12,0,0,I25 & I70,1,1,0,0,1,4,,0,55,0,0,0,0,0,1,2,13
,2016_61238,39.779391,-104.989164,12/14/2016 14:57,14:57,12,0,0,I25 & I70,1,1,0,0,1,4,,0,55,0,0,0,0,0,1,2,14
,2016_61239,39.787424,-104.989088,8/25/2016 18:29,18:29,15,0,0,I25 & 50TH AVENUE WEST OFFSET REF,2,2,1,0,1,4,,0,55,0,0,0,0,0,1,2,13
,2016_61279,39.711124,-105.03249,2/15/2016 0:12,0:12,5,0,0,ALAMEDA AVENUE WEST & KNOX COURT SOUTH,1,3,0,0,2,3,,0,35,0,0,0,0,1,2,1,5
,2016_61280,39.711094,-105.029925,6/22/2016 11:20,11:20,3,0,0,ALAMEDA AVENUE WEST & IRVING STREET SOUTH,1,1,0,0,1,1,,0,35,0,0,0,0,1,2,2,3
,2016_61281,39.711184,-105.003965,4/29/2016 20:18,20:18,3,0,0,ALAMEDA AVENUE WEST & NOVAJO STREET SOUTH,2,3,0,1,1,1,,0,35,0,0,0,0,0,2,2,10
,2016_61282,39.711184,-105.001546,10/20/2016 20:23,20:23,1,0,0,ALAMEDA AVENUE WEST & LIPAN STREET SOUTH,1,3,1,0,1,1,,0,35,0,0,0,0,0,2,2,13
,2016_61283,39.711192,-104.99993,6/21/2016 16:30,16:30,15,0,0,ALAMEDA AVENUE EAST & I25 HIGHWAY SOUTHBOUND RAMP D,1,1,0,0,1,1,,0,30,0,0,0,0,0,2,2,14
,2016_61284,39.65308,-104.891767,7/19/2016 12:29,12:29,12,0,0,HAMPDEN AVENUE EAST  & VERBENA STREET SOUTH,1,1,0,0,1,4,,0,40,0,0,0,0,1,2,2,3
,2016_61285,39.653062,-104.885577,8/6/2016 14:33,14:33,12,0,0,HAMPDEN AVENUE 7200 BLOCK EAST & POPLAR STREET SOUTH,1,1,0,0,1,3,,0,45,0,0,0,0,0,2,2,3
,2016_61286,39.65305,-104.884342,3/12/2016 18:45,18:45,15,0,0,YOSEMITE STREET SOUTH & HAMPDEN AVENUE EAST,1,3,0,0,1,1,,0,30,0,0,0,0,0,2,2,5
,2016_61287,39.65305,-104.884342,7/4/2016 11:38,11:38,3,0,0,HAMPDEN AVENUE EAST & YOSEMITE STREET SOUTH,1,1,0,0,1,1,,0,45,0,0,0,0,0,2,2,13
,2016_61288,39.65304,-104.883283,5/19/2016 11:27,11:27,15,0,0,HAMPDEN AVENUE EAST & YOSEMITE STREET SOUTH,1,1,0,0,1,4,,0,45,0,0,0,0,0,2,2,13
,2016_61290,39.653025,-104.880769,11/1/2016 7:15,7:15,12,0,0,HAMPDEN AVENUE & AKRON STREET SOUTH,1,2,0,0,1,4,,0,45,0,0,0,0,0,2,3,3
,2016_61291,39.656988,-104.866396,12/23/2016 21:54,21:54,5,0,0,HAVANA STREET SOUTH & GIRARD AVENUE EAST,1,3,0,0,3,1,,0,45,0,0,0,0,0,2,1,5
,2016_61292,39.663297,-104.86624,7/8/2016 9:00,9:00,10,0,0,HAVANA STREET SOUTH & YALE AVENUE EAST,1,1,1,0,1,2,,0,45,0,0,0,0,0,2,2,8
,2016_61301,39.740031,-104.996607,1/8/2016 8:16,8:16,5,0,0,WEST COLFAX AVENUE & NORTH GALAPAGO STREET / WELTON STREET,4,1,0,2,3,1,,0,30,0,0,0,0,0,2,1,13
,2016_61318,39.777347,-104.903418,10/26/2016 15:20,15:20,15,0,0,I70 EASTBOUND OFF RAMP & QUEBEC STREET,1,1,0,0,1,3,,0,,0,0,0,0,0,2,2,13
,2016_61319,39.779876,-104.903237,7/2/2016 14:51,14:51,12,0,0,QUEBEC STREET NORTH & SAND CREEK ROAD NORTH,1,1,0,0,1,4,,0,40,0,0,0,0,1,2,2,7
,2016_61320,39.781946,-104.901631,5/6/2016 11:45,11:45,12,0,0,SAND CREEK ROAD NORTH & NORTHFIELD QUEBEC STREET NORTH,1,1,1,0,1,1,,0,35,0,0,0,0,1,2,2,13
,2016_61321,39.783593,-104.900128,12/19/2016 15:16,15:16,15,0,0,QUEBEC STREET & I270 WB RAMPS,4,1,0,0,1,1,,0,40,0,0,0,0,0,2,2,14
,2016_61365,39.774047,-104.847348,10/5/2016 13:59,13:59,12,0,0,I70 EASTBOUND SLIP RAMP OFF & PEORIA STREET NORTH,1,1,1,0,1,14,,0,,0,0,0,0,0,1,2,13
,2016_61375,39.740404,-105.023594,8/3/2016 9:38,9:38,12,0,0,COLFAX AVENUE WEST EASTBOUND & RAMP ON /OFF TO/FROM FEDERAL,1,1,0,0,1,3,,0,35,0,0,0,0,0,2,2,14
,2016_61376,39.74041,-105.023447,12/1/2016 0:15,0:15,3,0,0,COLFAX AVENUE WEST & FEDERAL BOULEVARD NORTHBOUND OFF RAMP,1,3,0,0,1,1,,0,40,0,0,0,0,0,2,2,13
,2016_61377,39.74032,-105.014352,11/17/2016 19:23,19:23,9,0,0,COLFAX AVENUE WEST & MM 296.75,5,3,1,2,1,4,,0,40,0,0,0,0,0,2,3,13
,2016_61378,39.740028,-105.002766,3/15/2016 12:15,12:15,15,0,0,COLFAX AVENUE WEST & NINTH ST/MARIPOSA STREET,1,1,1,0,1,1,,0,30,0,0,0,0,0,2,2,16
,2016_61379,39.740028,-105.002766,11/15/2016 12:11,12:11,12,0,0,COLFAX AVENUE WEST & 1200 BLOCK,1,1,1,0,1,4,,0,30,0,0,0,0,0,2,2,13
,2016_61380,39.740038,-104.997854,11/25/2016 20:31,20:31,3,0,0,COLFAX AVENUE WEST & SPEER BOULEVARD NORTHBOUND,1,3,0,0,1,1,,0,35,0,0,0,0,1,2,2,13
,2016_61381,39.740083,-104.911052,8/11/2016 8:43,8:43,12,0,0,COLFAX AVENUE & 6600 EAST,1,1,0,0,1,3,,0,35,0,0,0,0,0,2,2,13
,2016_61382,39.740031,-104.996607,12/21/2016 13:50,13:50,3,0,0,COLFAX AVENUE WEST & GALAPAGO ST/WELTON STREET,1,1,0,0,1,1,,0,30,0,0,0,0,1,2,3,13
,2016_61383,39.740049,-104.986167,10/22/2016 6:45,6:45,3,0,0,COLFAX AVENUE EAST & LINCOLN STREET NORTH,1,2,1,0,1,1,,0,30,0,0,0,0,0,2,2,7
,2016_61384,39.740018,-104.981104,7/14/2016 9:30,9:30,10,0,0,COLFAX AVENUE EAST & PENNSYLVANIA STREET NORTH,1,1,0,0,1,4,,0,30,0,0,0,0,0,2,2,13
,2016_61385,39.740012,-104.970619,4/11/2016 16:19,16:19,12,0,0,COLFAX AVENUE EAST & LAFAYETTE STREET NORTH,1,1,0,0,1,4,,0,30,0,0,0,0,0,2,4,3
,2016_61386,39.740012,-104.969119,10/15/2016 14:31,14:31,6,0,0,COLFAX AVENUE EAST & FRANKLIN STREET NORTH,1,1,0,0,1,4,,0,30,0,0,0,0,0,2,2,3
,2016_61387,39.740009,-104.968553,3/24/2016 7:45,7:45,12,0,0,COLFAX AVENUE EAST & FRANKLIN STREET NORTH,5,1,0,2,1,3,,0,30,0,0,0,0,0,2,2,13
,2016_61388,39.73998,-104.962333,6/10/2016 13:16,13:16,1,0,0,COLFAX AVENUE EAST & VINE STREET NORTH,1,1,0,0,1,1,,0,30,0,0,0,0,0,2,2,13
,2016_61389,39.74016,-104.94993,10/5/2016 10:30,10:30,12,0,0,COLFAX AVENUE EAST & STEELE STREET NORTH ROAD NORTH,1,1,0,0,1,3,,0,35,0,0,0,0,0,2,2,1
,2016_61391,39.740057,-104.93377,4/26/2016 18:00,18:00,3,0,0,COLFAX AVENUE EAST & CHERRY STREET,1,1,0,0,1,1,,0,35,0,0,0,0,1,2,2,13
,2016_61392,39.740057,-104.933581,3/2/2016 2:16,2:16,5,0,0,COLFAX AVENUE EAST & CHERRY STREET NORTH,1,3,0,0,2,1,,0,5,0,0,0,0,1,2,1,13
,2016_61393,39.74008,-104.91838,5/10/2016 7:57,7:57,12,0,0,COLFAX AVENUE EAST & JASMINE STREET NORTH,1,1,0,0,1,1,,0,35,0,0,0,0,1,2,2,7