id,drcog_id,latitude,longitude,crashtime,time,crashtype,numbkilled,numbinjurd,drcoglocat,rdconditin,lightngcon,roadcntgrd,weatherco,location,roaddescrp,schoolzone,constrzone,splimit,bikeinv,pedinv,sctrinv,motoinv,svrty,rdsystem,ttlvehcls,hcf
,2016_61394,39.740082,-104.912367,2/25/2016 5:47,5:47,3,0,0,COLFAX AVENUE EAST & MONACO PARKWAY NORTH,1,2,0,0,1,1,,0,30,0,0,0,0,0,2,2,13
,2016_61395,39.740082,-104.912367,5/25/2016 18:31,18:31,3,0,0,COLFAX AVENUE EAST & MONACO PARKWAY NORTH,1,1,0,0,1,1,,0,35,0,0,0,0,1,2,2,14
,2016_61396,39.740084,-104.903536,8/27/2016 19:38,19:38,3,0,0,HIGHWAY 40C / COLFAX AVENUE EAST & QUEBEC STREET NORTH,1,2,0,0,1,1,,0,35,0,0,0,0,0,2,2,1
,2016_61397,39.740085,-104.898651,11/16/2016 18:56,18:56,1,0,0,COLFAX AVENUE EAST & SYRACUSE STREET NORTH,1,3,0,0,1,1,,0,65,0,0,0,0,0,2,2,13
,2016_61463,39.775605,-104.865465,11/14/2016 23:15,23:15,12,0,0,I70 & HAVANA STREET,1,3,0,0,1,4,,0,55,0,0,0,0,0,1,2,14
,2016_61466,39.783687,-105.04473,6/8/2016 15:23,15:23,9,0,0,I70 WB & MM 271,1,1,1,0,2,4,,0,55,0,0,0,0,0,1,2,1
,2016_61467,39.783421,-105.031959,9/21/2016 7:10,7:10,12,0,0,I70 & FEDERAL BOULEVARD,1,1,0,0,1,4,,0,55,0,0,0,0,0,1,2,2
,2016_61468,39.784178,-105.025956,1/20/2016 12:50,12:50,15,0,0,FEDERAL BOULEVARD NORTH & I70 HIGHWAY WB,1,1,0,0,1,14,,0,35,0,0,0,0,0,1,2,8
,2016_61469,39.784195,-105.025519,7/19/2016 9:20,9:20,12,0,0,I70 & FEDERAL BOULEVARD,1,1,0,0,1,4,,0,55,0,0,0,0,0,1,2,13
,2016_61470,39.783494,-105.012059,5/4/2016 11:32,11:32,15,0,0,I70 WB MERGE LANE & PECOS STREET WB RAMP ON,1,1,0,0,1,4,,0,55,0,0,0,0,0,1,3,14
,2016_61471,39.783483,-105.011513,6/13/2016 7:30,7:30,12,0,0,I70 EASTBOUND & PECOS STREET NORTH,1,1,1,0,1,4,,0,55,0,0,0,0,1,1,4,1
,2016_61472,39.783149,-105.006371,5/26/2016 14:58,14:58,12,0,0,I70 EASTBOUND & PECOS STREET NORTH,2,1,1,1,1,4,,0,55,0,0,0,0,0,1,2,13
,2016_61473,39.783149,-105.006371,11/22/2016 11:20,11:20,1,0,0,PECOS STREET & I70 WB ON OFF RAMP,1,1,0,0,1,1,,0,35,0,0,0,0,0,1,2,1
,2016_61474,39.783157,-105.006163,9/21/2016 0:30,0:30,15,0,0,I70 & PECOS STREET NORTH,1,3,0,0,1,4,,0,55,0,0,0,0,0,1,2,5
,2016_61475,39.780091,-104.989581,5/13/2016 16:30,16:30,12,0,0,I70 & I25 SOUTHBOUND ON RAMP,1,1,1,0,1,4,,0,55,0,0,0,0,0,1,2,13
,2016_61476,39.780058,-104.9894,6/14/2016 16:39,16:39,12,0,0,I70 EASTBOUND OFF RAMP TO & I25 NORTHBOUND,1,1,0,0,1,14,,0,45,0,0,0,0,0,1,3,13
,2016_61477,39.779937,-104.988665,10/8/2016 17:50,17:50,12,0,0,I70 EASTBOUND RAMP SPLIT & I25 SOUTHBOUND EXIT GORE APPROXIMATELY,1,2,1,0,1,14,,0,65,0,0,0,0,0,1,3,14
,2016_61478,39.779891,-104.988286,7/24/2016 2:47,2:47,5,0,0,I70 WB RAMP SPLIT & BEGIN RAMP F TO I25 SOUTHBOUND,1,3,1,0,3,14,,0,55,0,0,0,0,0,1,1,14
,2016_61479,39.77975,-104.985987,4/23/2016 9:35,9:35,15,0,0,I70 & EASTBOUND ENTRANCE GORE POINT FROM NORTHBOUND I25,1,1,2,0,1,4,,0,55,0,0,0,0,0,1,2,13
,2016_61480,39.779693,-104.982199,7/21/2016 8:57,8:57,12,0,0,I70 EASTBOUND OFF RAMP & WASHINGTON STREET,1,1,0,0,1,14,,0,35,0,0,0,0,0,1,2,3
,2016_61481,39.779441,-104.979019,1/11/2016 22:02,22:02,5,0,0,WASHINTON STREET NORTH & I70 WB RAMP,5,3,0,0,2,1,,0,40,0,0,0,0,0,1,1,13
,2016_61482,39.779441,-104.979019,7/1/2016 17:28,17:28,1,0,0,WASHINGTON STREET & I70 WB OFF RAMP,1,1,0,0,1,3,,0,30,0,0,0,0,0,1,2,8
,2016_61483,39.779441,-104.979019,12/31/2016 13:14,13:14,3,0,0,I70 EASTBOUND OFF RAMP & WASHINGTON STREET,1,1,0,0,1,1,,0,35,0,0,0,0,0,1,2,7
,2016_61484,39.779942,-104.966087,3/15/2016 13:20,13:20,12,0,0,I70 & BRIGHTON BOULEVARD,1,1,0,0,1,4,,0,55,0,0,0,0,1,1,2,13
,2016_61486,39.779942,-104.966087,8/31/2016 9:02,9:02,12,0,0,I70 & BRIGHTON BOULEVARD,1,1,0,0,1,4,,0,55,0,0,0,0,0,1,2,7
,2016_61487,39.779942,-104.966087,10/8/2016 16:06,16:06,5,0,0,I70 & YORK STREET NORTH,1,1,0,0,1,4,,0,65,0,0,0,0,0,1,2,14
,2016_61488,39.780016,-104.953383,5/13/2016 10:57,10:57,15,0,0,I70 WB & VASQUEZ BOULEVARD,1,1,0,0,1,4,,0,55,0,0,0,0,0,1,3,14
,2016_61489,39.780016,-104.953188,3/9/2016 11:11,11:11,15,0,0,I70 & VASQUEZ BOULEVARD,1,1,0,0,1,4,,0,55,0,0,0,0,0,1,3,1
,2016_61490,39.775637,-104.865834,3/21/2016 1:10,1:10,15,0,0,I70 & HAVANA STREET NORTH,1,3,0,0,1,4,,0,,0,0,0,0,0,1,2,14
,2016_61491,39.779975,-104.945769,11/1/2016 4:09,4:09,12,0,0,I70 & STEELE STREET NORTH EASTBOUND OFF RAMP GORE POINT,1,3,0,0,1,4,,0,55,0,0,0,0,0,1,2,1
,2016_61492,39.779966,-104.944248,2/16/2016 15:30,15:30,15,0,0,I70 WB APPROXIMATELY & STEELE STREET / VASQUEZ BOULEVARD WB RAMP OFF,1,1,0,0,1,4,,0,55,0,0,0,0,0,1,2,1
,2016_61493,39.779953,-104.942158,9/20/2016 8:02,8:02,12,0,0,I70 EASTBOUND & COLORADO BOULEVARD NORTH,1,1,0,0,1,4,,0,65,0,0,0,0,0,1,3,3
,2016_61494,39.779944,-104.940603,9/8/2016 16:11,16:11,15,0,0,I70 & COLORADO BOULEVARD,1,1,0,0,1,4,,0,55,0,0,0,0,0,1,2,13
,2016_61495,39.780032,-104.931784,3/25/2016 13:24,13:24,15,0,0,I70 & DAHLIA STREET NORTH,1,1,1,0,1,4,,0,55,0,0,0,0,0,1,2,13
,2016_61496,39.779168,-104.926972,10/28/2016 16:52,16:52,12,0,0,I70 & FOREST STREET,1,1,0,0,1,4,,0,55,0,0,0,0,0,1,4,13
,2016_61497,39.778293,-104.906734,9/6/2016 7:55,7:55,12,0,0,I70 EASTBOUND & QUEBEC STREET EXIT GORE APPROXIMATELY,1,1,0,0,1,4,,0,,0,0,0,0,0,1,3,13
,2016_61498,39.778295,-104.903454,4/18/2016 12:47,12:47,5,0,0,I70 WB & QUEBEC STREET NORTH,1,1,1,0,2,4,,0,55,0,0,0,0,0,1,2,13
,2016_61499,39.778297,-104.899991,3/3/2016 5:37,5:37,15,0,0,I70 & NORTHFIELD QUEBEC STREET NORTH,1,2,0,0,1,4,,0,55,0,0,0,0,0,1,2,14
,2016_61500,39.77821,-104.895488,10/5/2016 18:15,18:15,12,0,0,I70 & MM 279,1,2,0,0,1,4,,0,55,0,0,0,0,0,1,2,1
,2016_61501,39.777139,-104.882953,2/19/2016 10:08,10:08,15,0,0,I70 & CENTRAL PARK BOULEVARD NORTH,1,1,0,0,1,4,,0,55,0,0,0,0,0,1,3,13
,2016_61502,39.777105,-104.882575,10/20/2016 18:24,18:24,12,0,0,I70 & CENTRAL PARK BOULEVARD NORTH,1,3,0,0,1,4,,0,55,0,0,0,0,0,1,2,13
,2016_61503,39.775779,-104.867498,2/4/2016 14:17,14:17,12,0,0,I70 & HAVANA STREET NORTH,1,1,0,0,1,4,,0,55,0,0,0,0,0,1,3,4
,2016_61504,39.775573,-104.865095,2/22/2016 7:20,7:20,15,0,0,I70 & HAVANA STREET NORTH,1,1,0,0,1,4,,0,55,0,0,0,0,0,1,2,1
,2016_61505,39.775573,-104.865095,4/2/2016 14:59,14:59,12,0,0,I70 & HAVANA STREET NORTH,1,1,0,0,1,4,,0,55,0,0,0,0,0,1,2,7
,2016_61506,39.775573,-104.865095,6/9/2016 9:47,9:47,12,0,0,I70 EASTBOUND & HAVANA STREET NORTH,1,1,0,0,1,4,,0,55,0,0,0,0,0,1,2,13
,2016_61507,39.775573,-104.865095,6/28/2016 7:12,7:12,12,0,0,I70 & NORTH HAVANA STREET,1,1,0,0,1,4,,0,35,0,0,0,0,0,1,2,13
,2016_61508,39.775573,-104.865095,1/8/2016 13:10,13:10,9,0,0,HAVANA STREET NORTH & I70,2,1,0,2,3,4,,0,30,0,0,0,0,0,1,1,13
,2016_61509,39.77489,-104.857146,8/2/2016 7:05,7:05,12,0,0,I70 & MM 281 APPROXIMATELY,1,1,2,0,1,4,,0,55,0,0,0,0,0,1,2,7
,2016_61510,39.773999,-104.846793,11/18/2016 5:50,5:50,15,0,1,I70 & PEORIA STREET,5,3,0,2,1,4,,0,55,0,0,0,0,2,1,2,1
,2016_61511,39.773999,-104.846793,1/15/2016 7:30,7:30,12,0,0,PEORIA STREET 3900 BLOCK NORTH & I70 EASTBOUND RAMPS,1,1,0,0,1,4,,0,35,0,0,0,0,0,1,2,13
,2016_61512,39.773999,-104.846793,1/22/2016 14:43,14:43,12,0,0,PEORIA STREET NORTH & I70 EASTBOUND ON RAMP,1,1,1,0,1,1,,0,40,0,0,0,0,0,1,2,13
,2016_61513,39.773999,-104.846793,10/13/2016 18:00,18:00,12,0,0,PEORIA STREET & I70,1,2,0,0,1,3,,0,40,0,0,0,0,0,1,3,3
,2016_61514,39.773983,-104.846608,10/16/2016 8:10,8:10,5,0,1,I70 & PEORIA STREET,1,1,1,0,2,4,,0,35,0,0,0,0,2,1,1,1
,2016_61515,39.773203,-104.83755,7/27/2016 7:51,7:51,12,0,0,I70 & PEORIA STREET,1,1,0,0,1,4,,0,55,0,0,0,0,0,1,2,3
,2016_61516,39.772858,-104.833851,9/13/2016 9:40,9:40,12,0,0,I70 WB & I225 INTCH,1,1,0,0,1,14,,0,55,0,0,0,0,0,1,3,14
,2016_61517,39.772853,-104.833483,2/11/2016 15:51,15:51,12,0,0,I70 EASTBOUND APPROXIMATELY & I225 SOUTHBOUND RAMP GORE POINT,1,1,1,0,1,4,,0,55,0,0,0,0,1,1,2,3
,2016_61567,39.707328,-104.922192,5/23/2016 15:19,15:19,1,0,0,LEETSDALE DRIVE EAST & HOLLY STREET SOUTH,1,1,1,0,1,1,,0,35,0,0,0,0,1,2,2,13
,2016_61582,39.70817,-104.92701,10/17/2016 16:15,16:15,1,0,0,LEETSDALE DRIVE & FOREST STREET SOUTH,1,1,0,0,1,1,,0,30,0,0,0,0,0,2,2,13
,2016_61585,39.672955,-104.868503,1/5/2016 14:35,14:35,15,0,0,PARKER ROAD 2300 BLOCK SOUTH & HARVARD AVENUE EAST,1,1,0,0,1,4,,0,40,0,0,0,0,0,2,2,13
,2016_61587,39.696472,-104.897857,5/2/2016 22:32,22:32,12,0,0,LEETSDALE DRIVE & MISSISSIPPI AVENUE EAST,1,3,0,0,1,4,,0,40,0,0,0,0,0,2,3,3
,2016_61588,39.698614,-104.903606,4/6/2016 15:05,15:05,5,0,0,LEETSDALE DRIVE & QUEBEC STREET SOUTH,1,1,1,0,3,1,,0,35,0,0,0,0,1,2,1,10
,2016_61589,39.698945,-104.904446,9/13/2016 16:10,16:10,3,0,0,LEETSDALE DRIVE & QUEBEC STREET SOUTH,1,1,0,0,1,2,,0,30,0,0,0,0,0,2,2,13
,2016_61590,39.700324,-104.908412,8/17/2016 12:32,12:32,12,0,0,LEETSDALE DRIVE & ONEIDA STREET SOUTH,1,1,1,0,1,1,,0,40,0,0,0,0,0,2,2,14
,2016_61591,39.702954,-104.912867,7/27/2016 13:40,13:40,5,0,0,LEETSDALE DRIVE & MONACO STREET SOUTH,1,1,0,0,1,1,,0,35,0,0,0,0,0,2,2,14
,2016_61592,39.702954,-104.912867,8/4/2016 15:31,15:31,12,0,0,LEETSDALE DRIVE 6600 BLOCK & MONACO STREET SOUTH,1,1,1,0,1,4,,0,35,0,0,0,0,0,2,2,3
,2016_61593,39.703206,-104.913351,10/6/2016 12:14,12:14,12,0,0,LEETSDALE DRIVE & MONACO STREET SOUTH,1,1,0,0,1,4,,0,30,0,0,0,0,0,2,2,13
,2016_61594,39.70655,-104.919792,9/18/2016 1:28,1:28,5,0,0,LEETSDALE DRIVE & JERSEY STREET SOUTH,1,3,1,0,1,1,,0,35,0,0,0,0,0,2,1,7
,2016_61617,39.687439,-104.991942,11/15/2016 17:11,17:11,3,0,0,IOWA AVENUE WEST & SANTA FE DRIVE SOUTH,1,2,0,0,1,3,,0,30,0,0,0,0,1,2,2,13
,2016_61618,39.688926,-104.991947,9/29/2016 13:26,13:26,15,0,0,SANTA FE DRIVE 1500 BLOCK & FLORIDA AVENUE WEST,1,1,1,0,1,4,,0,45,0,0,0,0,0,2,2,3
,2016_61619,39.689481,-104.99207,6/9/2016 8:10,8:10,15,0,0,SANTA FE DRIVE SOUTH & FLORIDA AVENUE WEST,1,1,0,0,1,1,,0,55,0,0,0,0,0,2,2,8
,2016_61620,39.689481,-104.99207,12/18/2016 21:32,21:32,12,0,0,SANTA FE DRIVE & 1500 BLOCK SOUTH,4,3,0,0,1,3,,0,55,0,0,0,0,0,2,2,13
,2016_61621,39.696679,-104.991877,6/11/2016 1:33,1:33,1,0,0,SANTA FE DRIVE SOUTH & MISSISSIPPI AVENUE WEST,1,3,0,0,1,1,,0,30,0,0,0,0,0,2,2,13
,2016_61622,39.696763,-104.991852,2/15/2016 11:52,11:52,12,0,0,MISSISSIPPI AVENUE 400 BLOCK WEST & SANTA FE DRIVE SOUTH,1,1,0,0,1,3,,0,30,0,0,0,0,0,2,2,5
,2016_61623,39.706084,-104.996745,10/17/2016 17:55,17:55,12,0,0,SANTA FE DRIVE 500 BLOCK SOUTH & SANTA FE DRIVE FRONTAGE ROAD SOUTH,1,2,0,0,1,4,,0,25,0,0,0,0,0,2,2,13
,2016_61635,39.738263,-105.025278,10/6/2016 8:22,8:22,15,0,0,FEDERAL BOULEVARD NORTH & COLFAX AVENUE WEST,2,1,1,1,1,4,,0,35,0,0,0,0,0,2,2,13
,2016_61636,39.734758,-105.025171,5/17/2016 7:40,7:40,3,0,0,FEDERAL BOULEVARD NORTH & 12TH AVENUE WEST,2,1,0,1,1,3,,0,35,0,0,0,0,0,2,2,14
,2016_61637,39.725357,-105.025125,1/12/2016 18:30,18:30,15,0,0,SIXTH AVENUE WB RAMPS & FEDERAL BOULEVARD NORTH,1,3,1,0,1,3,,0,40,0,0,0,0,0,2,2,7
,2016_61638,39.725357,-105.025125,8/9/2016 12:15,12:15,10,0,0,SIXTH AVENUE WEST WB OFF RAMP & FEDERAL BOULEVARD NORTH,1,1,0,0,1,1,,0,30,0,0,0,0,0,2,2,8
,2016_61639,39.724756,-105.025125,4/24/2016 14:52,14:52,3,0,0,FEDERAL BOULEVARD NORTH & SIXTH AVENUE WEST EASTBOUND OFF RAMP,1,1,0,0,1,1,,0,35,0,0,0,0,0,2,2,13
,2016_61640,39.723848,-105.025151,7/21/2016 7:45,7:45,12,0,0,FEDERAL BOULEVARD NORTH & 500 BLOCK NORTH,1,1,0,0,1,1,,0,35,0,0,0,0,1,2,2,13
,2016_61641,39.721213,-105.025196,2/20/2016 15:17,15:17,12,0,1,FEDERAL BOULEVARD NORTH & THIRD AVENUE WEST,1,1,0,0,1,3,,0,35,0,0,0,1,2,2,2,14
,2016_61642,39.710806,-105.025084,9/13/2016 14:14,14:14,12,0,0,FEDERAL BOULEVARD SOUTH & ALAMEDA AVENUE WEST,1,1,1,0,1,3,,0,35,0,0,0,0,0,2,4,7
,2016_61644,39.709644,-105.025078,6/28/2016 16:19,16:19,12,0,0,FEDERAL BOULEVARD SOUTH & DAKOTA AVENUE WEST,1,1,0,0,1,4,,0,35,0,0,0,0,0,2,2,8
,2016_61645,39.700406,-105.025085,4/22/2016 20:20,20:20,12,0,0,FEDERAL BOULEVARD SOUTH & KENTUCKY AVENUE WEST,1,3,0,0,1,2,,0,40,0,0,0,0,0,2,2,12
,2016_61646,39.694802,-105.025063,11/29/2016 16:00,16:00,15,0,0,FEDERAL BOULEVARD & ARIZONA AVENUE WEST,1,1,0,0,1,4,,0,10,0,0,0,0,0,2,3,1
,2016_61647,39.693622,-105.025059,5/27/2016 18:05,18:05,3,0,0,FEDERAL BOULEVARD SOUTH & LOUISIANA AVENUE WEST,2,1,0,1,1,2,,0,40,0,0,0,0,0,2,2,7
,2016_61648,39.691264,-105.02505,7/11/2016 17:20,17:20,12,0,0,FEDERAL BOULEVARD SOUTH & ARKANSAS AVENUE WEST,1,1,0,0,1,3,,0,35,0,0,0,0,0,2,4,7
,2016_61649,39.68979,-105.025044,3/3/2016 21:32,21:32,12,0,0,FEDERAL BOULEVARD 1500 BLOCK SOUTH & FLORIDA AVENUE WEST,1,3,0,0,1,4,,0,40,0,0,0,0,0,2,2,14
,2016_61650,39.680669,-105.025024,9/15/2016 16:30,16:30,12,0,0,FEDERAL BOULEVARD SOUTH & ASBURY AVENUE WEST ROAD EAST,1,1,0,0,1,1,,0,40,0,0,0,0,1,2,2,13
,2016_61651,39.680523,-105.025025,9/17/2016 2:32,2:32,15,0,4,FEDERAL BOULEVARD SOUTH & ASBURY AVENUE WEST,1,3,0,0,1,1,,0,40,0,0,0,0,2,2,2,5
,2016_61652,39.678484,-105.025036,3/28/2016 16:53,16:53,12,0,0,FEDERAL BOULEVARD SOUTH & EVANS AVENUE WEST,1,1,0,0,1,3,,0,40,0,0,0,0,0,2,2,7
,2016_61653,39.676736,-105.025046,7/5/2016 17:35,17:35,12,0,0,FEDERAL BOULEVARD SOUTH & WARREN AVENUE WEST,1,1,0,0,1,4,,0,40,0,0,0,0,0,2,2,14
,2016_61684,39.656087,-105.053224,5/23/2016 6:55,6:55,3,0,0,DARTMOUTH AVENUE WEST & SHERIDAN BOULEVARD SOUTH,1,1,0,0,1,3,,0,35,0,0,0,0,0,2,2,7
,2016_61689,39.726278,-105.053133,12/19/2016 8:36,8:36,3,0,0,SHERIDAN BOULEVARD NORTH & SIXTH AVENUE WB OFF RAMP,1,5,0,0,1,1,,0,35,0,0,0,0,0,2,2,8
,2016_61690,39.72643,-105.053134,11/29/2016 13:03,13:03,12,0,0,SIXTH AVENUE WEST WB SLIP OFF RAMP & SHERIDAN BOULEVARD NORTH,1,1,1,0,1,3,,0,35,0,0,0,0,0,2,2,13
,2016_61694,39.790591,-105.053234,12/16/2016 20:45,20:45,5,0,0,SHERIDAN BOULEVARD & 52ND AVENUE WEST,4,3,1,2,2,4,,0,35,0,0,0,0,0,2,2,13
,2016_61731,39.617722,-105.091115,12/28/2016 15:20,15:20,12,0,0,WADSWORTH BOULEVARD & CRESTLINE AVENUE WEST,1,1,0,0,1,3,,0,45,0,0,0,0,1,2,4,3
,2016_61732,39.617864,-105.091113,6/21/2016 17:15,17:15,1,0,1,WADSWORTH BOULEVARD SOUTH & CROSS DRIVE WEST,1,1,0,0,1,2,,0,40,0,0,0,0,2,2,2,13
,2016_61735,39.629963,-105.086958,12/19/2016 11:46,11:46,12,0,0,LAYTON AVENUE WEST & WADSWORTH BOULEVARD SOUTH,6,1,0,0,1,3,,0,35,0,0,0,0,0,2,2,7
,2016_61795,39.632057,-104.904891,5/2/2016 6:55,6:55,5,0,0,I225 SOUTHBOUND / WB OFF RAMP TUNNEL & I25 SOUTHBOUND,5,1,0,0,3,14,,0,55,0,0,0,0,0,1,1,7
,2016_61822,39.629871,-104.904931,4/6/2016 23:17,23:17,15,0,0,I225 NORTHBOUND FLYOVER & I25,1,3,0,0,1,14,,0,55,0,0,0,0,0,1,2,7
,2016_61823,39.629871,-104.904931,7/1/2016 17:45,17:45,12,0,0,I225 NORTHBOUND FLYOVER & I25 SOUTHBOUND,1,1,0,0,1,14,,0,55,0,0,0,0,0,1,2,13
,2016_61824,39.635522,-104.893462,3/29/2016 16:24,16:24,1,0,0,TAMARAC STREET SOUTH & I225 SOUTHBOUND RAMPS,1,1,0,0,1,1,,0,35,0,0,0,0,0,1,2,13
,2016_61825,39.636627,-104.890549,6/23/2016 23:15,23:15,12,0,0,I225 & MM 1,1,3,0,0,1,4,,0,65,0,0,0,0,0,1,2,13
,2016_61826,39.639223,-104.885207,1/6/2016 9:04,9:04,12,0,0,I225 & YOSEMITE STREET SOUTH,1,1,1,0,1,4,,0,55,0,0,0,0,0,1,2,13
,2016_61827,39.639223,-104.885207,6/13/2016 21:30,21:30,1,0,0,YOSEMITE STREET SOUTH & I225 NORTHBOUND ON RAMP,2,3,0,1,1,1,,0,35,0,0,0,0,0,1,2,7
,2016_61828,39.639223,-104.885207,11/9/2016 16:30,16:30,1,0,0,YOSEMITE STREET & I225 NORTHBOUND ON RAMP,1,1,0,0,1,1,,0,35,0,0,0,0,0,1,2,13
,2016_61847,39.780781,-104.966774,9/6/2016 17:42,17:42,1,0,1,46TH AVENUE EAST & BRIGHTON BOULEVARD NORTH,1,1,0,0,1,1,,0,35,0,0,0,0,2,2,2,14
,2016_61848,39.780781,-104.966774,10/27/2016 9:50,9:50,15,0,0,46TH AVENUE EAST  & BRIGHTON BOULEVARD,1,1,0,0,1,1,,0,35,0,0,0,0,0,2,2,8
,2016_61857,39.776982,-104.884834,2/10/2016 13:57,13:57,12,0,2,I270 EASTBOUND DIRECT CONNECT & CENTRAL PARK BOULEVARD,1,1,1,0,1,4,,0,55,0,0,0,0,2,1,5,3
,2016_61858,39.776999,-104.884046,7/27/2016 16:43,16:43,12,0,0,I270 EASTBOUND DIRECT CONNECT & I70 INTERCHANGE,1,1,1,0,1,4,,0,55,0,0,0,0,0,1,2,13
,2016_61860,39.654084,-105.0415,5/30/2016 13:34,13:34,12,0,0,HAMPDEN AVENUE WEST & RALEIGH STREET SEP,1,1,0,0,1,4,,0,55,0,0,0,0,0,2,9,8
,2016_61877,39.65298,-104.92924,4/28/2016 15:35,15:35,12,0,0,HAMPDEN AVENUE EAST & ELM STREET SOUTH,1,1,0,0,1,1,,0,40,0,0,0,0,1,2,2,14
,2016_61879,39.65298,-104.928296,1/28/2016 7:31,7:31,12,0,0,HAMPDEN AVENUE EAST & FAIRFAX AVENUE SOUTH,1,1,0,0,1,4,,0,40,0,0,0,0,0,2,2,13
,2016_61880,39.748913,-105.025158,11/30/2016 10:14,10:14,3,0,0,21ST AVENUE 3000 BLOCK WEST & FEDERAL BOULEVARD NORTH,1,1,0,0,1,2,,0,35,0,0,0,0,0,2,2,14
,2016_61881,39.751253,-105.025137,6/11/2016 19:48,19:48,3,0,1,23RD AVENUE WEST & FEDERAL BOULEVARD NORTH,1,1,0,1,1,1,,0,30,0,0,0,0,2,2,3,5
,2016_61882,39.757257,-105.025139,10/4/2016 7:05,7:05,12,0,0,FEDERAL BOULEVARD NORTH & 28TH AVENUE WEST,1,1,0,0,1,4,,0,35,0,0,0,0,0,2,2,1
,2016_61883,39.757542,-105.02514,7/12/2016 16:11,16:11,12,0,0,FEDERAL BOULEVARD NORTH & 28TH AVENUE WEST,7,1,0,0,1,4,,0,35,0,0,0,0,1,2,2,13
,2016_61884,39.75854,-105.025143,6/10/2016 1:45,1:45,12,0,0,29TH AVENUE 3000 BLOCK WEST & FEDERAL BOULEVARD NORTH,1,3,0,0,1,1,,0,30,0,0,0,0,0,2,2,5
,2016_61885,39.76196,-105.025155,5/16/2016 12:57,12:57,1,0,1,32ND AVENUE WEST & FEDERAL BOULEVARD NORTH,2,1,1,1,1,1,,0,25,0,0,0,0,2,2,2,13
,2016_61886,39.76196,-105.025155,5/24/2016 14:03,14:03,15,0,0,32ND AVENUE WEST & FEDERAL BOULEVARD NORTH,1,1,1,0,1,1,,0,25,0,0,0,0,0,2,2,13
,2016_61887,39.764811,-105.025164,9/28/2016 5:30,5:30,12,0,0,FEDERAL BOULEVARD NORTH & 34TH AVENUE WEST,1,2,0,0,1,4,,0,35,0,0,0,0,1,2,3,14
,2016_61888,39.761677,-105.003406,3/10/2016 21:25,21:25,5,0,0,I25 & 20TH STREET,1,3,1,0,2,4,,0,55,0,0,0,0,0,1,1,13
,2016_61890,39.764811,-105.025164,12/12/2016 8:10,8:10,12,0,0,FEDERAL BOULEVARD 3400 BLOCK NORTH & 34TH AVENUE WEST,1,1,0,0,1,3,,0,35,0,0,0,0,0,2,3,14
,2016_61891,39.7711,-105.025231,4/15/2016 18:01,18:01,12,0,0,FEDERAL BOULEVARD NORTH & 39TH AVENUE WEST,1,1,0,0,1,1,,0,35,0,0,0,0,1,2,3,3
,2016_61892,39.772962,-105.02523,1/8/2016 8:23,8:23,12,0,0,WEST 41ST AVENUE & FEDERAL BOULEVARD NORTH,5,1,0,0,1,1,,0,30,0,0,0,0,0,2,2,13
,2016_61893,39.783848,-105.025224,3/30/2016 19:06,19:06,1,0,0,FEDERAL BOULEVARD NORTH & I70 EASTBOUND RAMPS,2,3,1,1,1,1,,0,35,0,0,0,0,0,2,2,13
,2016_61894,39.783991,-105.025224,8/9/2016 18:35,18:35,3,0,0,FEDERAL BOULEVARD & I70 EASTBOUND RAMPS,1,1,0,0,1,2,,0,35,0,0,0,0,0,2,2,13
,2016_61895,39.784707,-105.025224,5/9/2016 6:16,6:16,3,0,0,FEDERAL BOULEVARD & I70 WB ON RAMP,1,1,0,0,1,1,,0,35,0,0,0,0,1,2,2,14
,2016_61896,39.78571,-105.025223,3/7/2016 12:55,12:55,15,0,0,49TH AVENUE & FEDERAL BOULEVARD NORTH,2,1,0,1,1,1,,0,35,0,0,0,0,0,2,2,14
,2016_61897,39.788277,-105.025208,3/6/2016 20:40,20:40,1,0,0,FEDERAL BOULEVARD & 5000 BLOCK NORTH,1,3,0,0,1,2,,0,35,0,0,0,0,0,2,2,7
,2016_61898,39.791145,-105.02518,12/26/2016 12:00,12:00,3,0,0,52ND AVENUE WEST & FEDERAL BOULEVARD NORTH,1,1,0,0,1,1,,0,35,0,0,0,0,0,2,2,8
,2016_61966,39.778296,-104.901813,12/3/2016 7:00,7:00,5,0,0,I70 & QUEBEC STREET,1,1,0,0,3,4,,0,65,0,0,0,0,0,1,1,13
,2016_61975,39.676597,-104.912755,8/18/2016 15:34,15:34,12,0,0,MONACO STREET & MEMORIAL WAY,2,1,0,1,1,1,,0,30,0,0,0,0,0,4,2,14
,2016_61976,39.779937,-104.988665,7/18/2016 13:08,13:08,5,0,0,I70 EASTBOUND RAMP ON & I25 INTCH,1,1,1,0,2,14,,0,65,0,0,0,0,0,1,1,14
,2016_61978,39.779747,-104.985797,4/17/2016 6:00,6:00,5,0,0,I70 & I25,4,2,0,2,2,4,,0,50,0,0,0,0,1,1,1,1
,2016_61980,39.654296,-104.94053,7/22/2016 16:30,16:30,5,0,0,COLORADO BOULEVARD & 4800 BLOCK NORTH,1,1,0,0,3,1,,0,25,0,0,0,0,0,2,1,10
,2016_61982,39.738631,-104.940602,1/15/2016 8:10,8:10,12,0,0,NORTH COLORADO BOULEVARD & 14TH AVENUE,1,1,0,0,1,4,,0,35,0,0,0,0,0,2,2,14