id,drcog_id,latitude,longitude,crashtime,time,crashtype,numbkilled,numbinjurd,drcoglocat,rdconditin,lightngcon,roadcntgrd,weatherco,location,roaddescrp,schoolzone,constrzone,splimit,bikeinv,pedinv,sctrinv,motoinv,svrty,rdsystem,ttlvehcls,hcf
,2016_61983,39.740013,-104.969683,9/28/2016 15:45,15:45,6,0,0,COLFAX AVENUE EAST & HUMBOLDT STREET NORTH,1,1,0,0,1,4,,0,,0,0,0,0,0,2,2,13
,2016_61984,39.677864,-104.940636,1/19/2016 17:00,17:00,3,0,0,COLORADO BOULEVARD 2100 BLOCK SOUTH & EVANS AVENUE EAST,1,2,0,0,1,2,,0,35,0,0,0,0,1,2,2,13
,2016_61985,39.685384,-104.940543,7/14/2016 11:28,11:28,12,0,0,COLORADO BOULEVARD SOUTH & MEXICO AVENUE EAST,1,1,1,0,1,3,,0,40,0,0,0,0,1,2,2,3
,2016_61986,39.685533,-104.940543,1/3/2016 18:10,18:10,1,0,0,MEXICO AVENUE EAST & COLORADO BOULEVARD SOUTH,1,3,1,0,1,1,,0,35,0,0,0,0,0,2,2,13
,2016_61987,39.685832,-104.940543,9/25/2016 7:12,7:12,15,0,0,COLORADO BOULEVARD & MEXICO AVENUE EAST,1,1,0,0,1,4,,0,40,0,0,0,0,1,2,2,13
,2016_61988,39.689119,-104.940546,12/12/2016 10:36,10:36,1,0,0,FLORIDA AVENUE & COLORADO BOULEVARD,1,1,1,0,1,1,,0,25,0,0,0,0,1,2,2,7
,2016_61989,39.693003,-104.940549,10/25/2016 21:06,21:06,12,0,0,COLORADO BOULEVARD & LOUISIANA AVENUE EAST,1,1,0,0,1,1,,0,30,0,0,0,0,0,2,2,14
,2016_61990,39.694796,-104.94055,3/14/2016 15:08,15:08,12,0,0,COLORADO BOULEVARD SOUTH & ARIZONA AVENUE EAST,1,1,0,0,1,1,,0,,0,0,0,0,0,2,2,13
,2016_61992,39.713244,-104.940611,5/5/2016 18:25,18:25,12,0,0,COLORADO BOULEVARD SOUTH & ALAMEDA AVENUE EAST,1,1,0,0,1,3,,0,35,0,0,0,0,0,2,2,1
,2016_61993,39.722144,-104.940608,5/25/2016 13:30,13:30,12,0,0,COLORADO BOULEVARD & THIRD AVENUE EAST,1,1,0,0,1,4,,0,30,0,0,0,0,0,2,2,14
,2016_61994,39.724479,-104.940607,7/19/2016 11:36,11:36,12,0,0,COLORADO BOULEVARD 300 BLOCK NORTH & FOURTH AVENUE EAST,1,1,1,0,1,4,,0,30,0,0,0,0,0,2,2,3
,2016_61995,39.72871,-104.940605,2/27/2016 10:41,10:41,3,0,1,COLORADO BOULEVARD NORTH & EIGHTH AVENUE EAST,1,1,0,0,1,1,,0,35,0,0,0,0,2,2,2,1
,2016_61997,39.72871,-104.940605,9/28/2016 6:45,6:45,1,0,0,COLORADO BOULEVARD NORTH & EIGHTH AVENUE EAST ROAD WEST,1,1,0,0,1,1,,0,35,0,0,0,0,0,2,2,7
,2016_61998,39.72871,-104.940605,10/16/2016 14:25,14:25,1,0,0,EIGHTH AVENUE EAST & COLORADO BOULEVARD NORTH,1,1,0,0,1,1,,0,35,0,0,0,0,0,2,2,14
,2016_61999,39.738485,-104.940602,12/2/2016 12:32,12:32,12,0,0,COLORADO BOULEVARD NORTH & 14TH AVENUE EAST,1,1,0,0,1,1,,0,5,0,0,0,0,0,2,3,13
,2016_62000,39.740236,-104.940601,6/17/2016 10:12,10:12,12,0,0,COLORADO BOULEVARD SOUTH & COLFAX AVENUE EAST,1,1,0,0,1,3,,0,30,0,0,0,0,0,2,2,13
,2016_62001,39.741841,-104.940601,1/8/2016 14:58,14:58,12,0,0,16TH AVENUE EAST  & COLORADO BOULEVARD NORTH,2,1,0,2,1,1,,0,35,0,0,0,0,0,2,2,5
,2016_62002,39.743592,-104.9406,5/7/2016 22:15,22:15,12,0,0,17TH AVENUE EAST & COLORADO BOULEVARD NORTH,1,3,0,0,1,3,,0,,0,0,0,0,0,2,2,4
,2016_62004,39.743592,-104.9406,8/8/2016 13:39,13:39,15,0,0,17TH AVENUE 4000 BLOCK EAST  & COLORADO BOULEVARD NORTH,1,1,0,0,1,3,,0,30,0,0,0,0,1,2,2,14
,2016_62005,39.745489,-104.940599,11/4/2016 12:37,12:37,12,0,0,COLORADO BOULEVARD NORTH & 1800 BLOCK,1,1,0,0,1,4,,0,35,0,0,0,0,0,2,3,14
,2016_62006,39.754511,-104.940546,5/14/2016 9:40,9:40,15,0,0,COLORADO BOULEVARD NORTH & 26TH AVENUE EAST,1,1,0,0,1,1,,0,30,0,0,0,0,0,2,2,4
,2016_62007,39.77302,-104.940511,11/16/2016 15:06,15:06,12,0,0,40TH AVENUE EAST & COLORADO BOULEVARD NORTH,1,1,0,0,1,4,,0,40,0,0,0,0,0,2,2,13
,2016_62008,39.784135,-104.94045,7/26/2016 13:40,13:40,12,0,0,COLORADO BOULEVARD NORTH & 48TH AVENUE EAST,1,1,0,0,1,1,,0,40,0,0,0,0,1,2,2,7
,2016_62021,39.725648,-105.052269,7/3/2016 11:10,11:10,15,0,0,SIXTH AVENUE WEST EASTBOUND ON RAMP & SHERIDAN BOULEVARD,1,3,1,0,1,14,,0,,0,0,0,0,0,2,2,13
,2016_62022,39.725625,-105.047576,4/24/2016 1:44,1:44,5,0,0,SIXTH AVENUE 4700 BLOCK WEST & WINONA COURT NORTH,1,3,0,0,3,4,,0,55,0,0,0,0,0,2,1,5
,2016_62023,39.725597,-105.041945,5/20/2016 19:51,19:51,12,0,0,SIXTH AVENUE WEST & RALEIGH STREET NORTH,1,1,1,0,1,4,,0,55,0,0,0,0,0,2,2,3
,2016_62024,39.725455,-105.032456,3/4/2016 14:08,14:08,12,0,0,SIXTH AVENUE WEST & KNOX COURT NORTH,1,1,1,0,1,4,,0,55,0,0,0,0,0,2,2,16
,2016_62025,39.725419,-105.027546,6/29/2016 13:41,13:41,12,0,0,SIXTH AVENUE WEST ON RAMP  & ENTRANCE GORE POINT FROM FEDERAL BOULEVARD NORTH,1,1,0,0,1,14,,0,55,0,0,0,0,0,2,2,13
,2016_62026,39.725415,-105.025258,10/6/2016 10:56,10:56,12,0,0,SIXTH AVENUE WEST EASTBOUND RAMP OFF & FEDERAL BOULEVARD NORTH,1,1,0,0,1,14,,0,35,0,0,0,0,1,2,2,7
,2016_62027,39.725415,-105.024877,8/17/2016 16:24,16:24,15,0,0,SIXTH AVENUE WEST & FEDERAL BOULEVARD NORTH,1,1,0,0,1,4,,0,,0,0,0,0,1,2,2,13
,2016_62028,39.725345,-105.021586,12/15/2016 7:13,7:13,15,0,0,FEDERAL BOULEVARD & SIXTH AVENUE EASTBOUND ON RAMP END GORE POINT,1,1,1,0,1,4,,0,55,0,0,0,0,0,2,2,13
,2016_62029,39.725216,-105.017726,2/4/2016 8:54,8:54,15,0,0,SIXTH AVENUE WEST & I25 HIGHWAY SOUTHBOUND  OLD CONFIG,2,1,0,0,1,4,,0,45,0,0,0,0,0,2,2,13
,2016_62030,39.725533,-105.01288,6/14/2016 18:24,18:24,15,0,0,SIXTH AVENUE WEST & I25,1,1,0,0,1,4,,0,45,0,0,0,0,0,2,2,2
,2016_62081,39.656552,-104.919807,12/12/2016 6:33,6:33,12,0,0,I25 & HAMPDEN AVENUE,1,2,1,0,1,4,,0,55,0,0,0,0,0,1,2,13
,2016_62099,39.62714,-104.903386,11/18/2016 0:00,0:00,15,0,0,I25 & BELLEVIEW AVENUE,5,3,0,1,1,4,,0,65,0,0,0,0,0,1,2,13
,2016_62100,39.632822,-104.906184,9/28/2016 8:30,8:30,12,0,0,I25 NORTHBOUND & I225 SOUTHBOUND/WESTBOUND OFF RAMP TUNNEL,1,1,0,0,1,4,,0,55,0,0,0,0,0,1,2,13
,2016_62101,39.63425,-104.906839,8/11/2016 7:25,7:25,12,0,0,I25 & MM 200.13,1,1,0,0,1,4,,0,65,0,0,0,0,0,1,2,13
,2016_62102,39.638937,-104.910062,7/30/2016 17:30,17:30,12,0,0,I25 & I225 NB/EB ON RAMP GORE POINT,1,1,0,0,1,4,,0,65,0,0,0,0,0,1,2,13
,2016_62103,39.642665,-104.912278,8/12/2016 10:21,10:21,15,0,0,I25 & MM 200.80,1,1,0,0,1,4,,0,55,0,0,0,0,0,1,3,14
,2016_62104,39.646572,-104.914546,3/15/2016 8:41,8:41,12,0,0,I25 & HAMPDEN AVENUE EAST,1,1,0,0,1,4,,0,55,0,0,0,0,0,1,2,7
,2016_62105,39.711525,-104.999094,2/28/2016 7:12,7:12,15,0,0,I25 & ALAMEDA AVENUE WEST,1,1,1,0,1,4,,0,55,0,0,0,0,0,1,2,2
,2016_62106,39.652254,-104.917844,12/2/2016 17:39,17:39,12,0,1,I25 SOUTHBOUND ON RAMP & HAMPDEN AVENUE EAST,1,3,1,0,1,14,,0,30,0,0,0,0,2,1,3,12
,2016_62107,39.653002,-104.918198,1/6/2016 18:25,18:25,12,0,0,I25 NORTHBOUND OFF RAMP TO & HAMPDEN AVENUE EAST,1,3,1,0,1,14,,0,35,0,0,0,0,0,1,2,3
,2016_62108,39.653259,-104.918319,4/7/2016 17:00,17:00,12,0,0,I25 & HAMPDEN AVENUE EAST,1,1,0,0,1,4,,0,65,0,0,0,0,0,1,2,13
,2016_62110,39.667623,-104.925611,12/21/2016 18:20,18:20,10,0,0,I25 SOUTHBOUND RAMP OFF RAMP & YALE AVENUE EAST,1,3,0,0,1,1,,0,35,0,0,0,0,0,1,2,8
,2016_62111,39.674961,-104.930643,6/15/2016 17:21,17:21,12,0,0,I25 HIGHWAY NORTHBOUND  & EVANS AVENUE EAST NORTHBOUND RAMP OFF,1,1,0,0,1,4,,0,55,0,0,0,0,0,1,2,3
,2016_62112,39.677929,-104.933178,5/2/2016 14:40,14:40,9,0,0,I25 NORTHBOUND & EVANS AVENUE EAST,1,1,1,0,2,4,,0,65,0,0,0,0,0,1,2,13
,2016_62113,39.678367,-104.933559,10/24/2016 21:45,21:45,12,0,0,I25 & EVANS AVENUE EAST,1,3,1,0,1,4,,0,60,0,0,0,0,0,1,2,13
,2016_62114,39.678367,-104.933559,12/18/2016 11:45,11:45,12,0,0,I25 SOUTHBOUND EXIT RAMP & EVANS AVENUE,4,1,0,0,1,1,,0,25,0,0,0,0,0,1,2,13
,2016_62115,39.681566,-104.936821,10/3/2016 9:54,9:54,12,0,0,I25 SOUTHBOUND RAMP OFF & EVANS AVENUE EAST EXIT GORE APPROXIMATELY,1,1,0,0,1,4,,0,35,0,0,0,0,0,1,2,3
,2016_62116,39.683094,-104.940452,9/12/2016 7:29,7:29,12,0,0,I25 SOUTHBOUND & COLORADO BOULEVARD SOUTH INTRCHG,1,1,0,0,1,4,,0,60,0,0,0,0,0,1,2,13
,2016_62117,39.683442,-104.941867,6/2/2016 8:01,8:01,15,0,0,I25 & COLORADO BOULEVARD SOUTH,1,1,0,0,1,4,,0,60,0,0,0,0,0,1,2,3
,2016_62118,39.684921,-104.959137,11/14/2016 17:17,17:17,12,0,0,I25 & UNIVERSITY BOULEVARD SOUTH,1,3,0,0,1,4,,0,55,0,0,0,0,0,1,2,4
,2016_62119,39.684921,-104.959322,5/13/2016 16:53,16:53,12,0,0,I25 SOUTHBOUND & MM 205.05,1,1,1,0,1,4,,0,60,0,0,0,0,0,1,3,14
,2016_62120,39.685463,-104.963908,6/3/2016 7:43,7:43,12,0,0,I25 & UNIVERSITY BOULEVARD SOUTH,1,1,0,0,1,4,,0,60,0,0,0,0,0,1,2,3
,2016_62121,39.687715,-104.968753,8/18/2016 8:00,8:00,12,0,0,I25 & FRANKLIN STREET SOUTH,1,1,1,0,1,4,,0,60,0,0,0,0,0,1,2,13
,2016_62124,39.688345,-104.970027,10/7/2016 17:22,17:22,12,0,0,I25 & MM 205,1,4,0,0,1,4,,0,30,0,0,0,0,0,1,2,5
,2016_62125,39.690115,-104.973561,5/16/2016 21:57,21:57,15,0,0,I25 & DOWNING STREET SOUTH,2,3,0,1,1,4,,0,65,0,0,0,0,0,1,2,13
,2016_62126,39.690115,-104.973561,11/24/2016 4:13,4:13,15,0,0,I25 SOUTHBOUND & DOWNING STREET SOUTH,1,3,0,0,1,4,,0,60,0,0,0,0,0,1,2,2
,2016_62127,39.694456,-104.979276,5/26/2016 15:41,15:41,12,0,0,I25 & WASHINGTON STREET SOUTH,1,1,0,0,1,4,,0,60,0,0,0,0,1,1,4,1
,2016_62128,39.755118,-105.012754,4/28/2016 16:10,16:10,12,0,0,I25 & SPEER BOULEVARD NORTH,1,1,0,0,1,4,,0,55,0,0,0,0,0,1,2,13
,2016_62129,39.694895,-104.979778,9/6/2016 17:35,17:35,12,0,0,I25 & WASHINGTON STREET SOUTH,1,1,1,0,1,4,,0,55,0,0,0,0,0,1,2,13
,2016_62130,39.696526,-104.981642,8/15/2016 15:10,15:10,12,0,0,I25 & LOGAN STREET SOUTH,1,1,0,0,1,4,,0,55,0,0,0,0,1,1,3,14
,2016_62131,39.700838,-104.986681,2/3/2016 17:30,17:30,12,0,0,BROADWAY SOUTH & KENTUCKY AVENUE WEST,2,2,0,0,1,1,,0,,0,0,0,0,0,1,2,3
,2016_62132,39.705992,-104.996066,3/8/2016 14:13,14:13,12,0,0,I25 & SANTA FE DRIVE,1,1,0,0,1,4,,0,55,0,0,0,0,0,1,2,13
,2016_62133,39.710974,-104.998764,7/26/2016 18:40,18:40,15,0,0,I25 RAMP ON GORE POINT & SANTA FE NORTH OFF,1,1,1,0,1,14,,1,45,0,0,0,0,0,1,2,1
,2016_62134,39.711525,-104.999094,4/4/2016 17:03,17:03,12,0,0,I25 & ALAMEDA AVENUE WEST,1,1,0,0,1,4,,0,55,0,0,0,0,0,1,3,13
,2016_62135,39.711801,-104.999259,9/15/2016 16:56,16:56,12,0,0,I25 & ALAMEDA AVENUE WEST,1,1,1,0,1,4,,0,55,0,0,0,0,0,1,2,13
,2016_62136,39.715058,-105.001276,8/17/2016 5:26,5:26,15,0,0,I25 & ALAMEDA AVENUE WEST SOUTHBOUND EXIT GORE,1,1,0,0,1,4,,0,,0,0,0,0,0,1,2,13
,2016_62137,39.739303,-105.013867,11/5/2016 18:27,18:27,12,0,0,I25 & COLFAX AVENUE,1,3,0,0,1,4,,0,55,0,0,0,0,0,1,2,3
,2016_62139,39.716826,-105.002968,6/28/2016 12:45,12:45,12,0,0,I25 HIGHWAY NORTHBOUND  & ALAMEDA AVENUE WEST,1,1,0,0,1,4,,0,55,0,0,0,0,0,1,2,1
,2016_62141,39.72244,-105.009858,9/4/2016 11:48,11:48,12,0,0,I25 & SIXTH AVENUE WEST,1,1,0,0,1,4,,0,,0,0,0,1,0,1,5,13
,2016_62143,39.722955,-105.010584,7/2/2016 12:33,12:33,12,0,0,I25 NORTHBOUND & SIXTH AVENUE WEST INTERCHANGE,1,1,0,0,1,4,,0,55,0,0,0,0,0,1,3,14
,2016_62144,39.723536,-105.011305,12/10/2016 13:06,13:06,12,0,0,I25 & SIXTH AVENUE WEST INTERCHANGE,1,1,0,0,1,4,,0,65,0,0,0,0,0,1,3,7
,2016_62145,39.724076,-105.011886,7/19/2016 8:20,8:20,12,0,0,I25 NORTHBOUND  & FIFTH AVENUE WEST,1,1,1,0,1,4,,0,55,0,0,0,0,0,1,3,7
,2016_62146,39.725165,-105.012815,6/10/2016 7:35,7:35,12,0,0,I25 SOUTHBOUND ON RAMP FROM & SIXTH AVENUE EASTBOUND / WB EXIT,1,1,0,0,1,14,,0,55,0,0,0,0,0,1,2,3
,2016_62147,39.725165,-105.012815,7/4/2016 23:38,23:38,12,0,0,I25 HIGHWAY NORTHBOUND RAMP ON & RAMP SPLIT,1,3,0,0,1,14,,0,55,0,0,0,0,0,1,3,13
,2016_62148,39.725281,-105.012899,4/17/2016 15:32,15:32,12,0,1,I25 & SIXTH AVENUE INTERCHANGE,9,1,0,0,1,4,,0,55,0,0,0,0,2,1,2,13
,2016_62149,39.725281,-105.012899,7/19/2016 10:00,10:00,15,0,0,I25 & SIXTH AVENUE WEST INTERCHANGE,1,1,0,0,1,4,,0,55,0,0,0,0,0,1,2,13
,2016_62150,39.730881,-105.015362,5/14/2016 4:35,4:35,5,0,1,I25 SOUTHBOUND OFF RAMP TO & ZUNI STREET NORTH,1,3,1,0,2,14,,0,25,0,0,0,0,2,1,1,8
,2016_62151,39.731026,-105.015398,5/5/2016 8:06,8:06,12,0,0,I25 & HOOK RAMP OFF TO ZUNI,1,1,0,0,1,4,,0,55,0,0,0,0,0,1,2,13
,2016_62152,39.73205,-105.015577,8/1/2016 0:15,0:15,5,0,0,I25 & EIGHTH AVENUE WEST,1,3,0,0,2,4,,0,55,0,0,0,0,0,1,1,2
,2016_62153,39.740257,-105.013939,9/6/2016 14:00,14:00,12,0,0,I25 & COLFAX AVENUE WEST,1,1,0,0,1,4,,0,55,0,0,0,0,1,1,2,13
,2016_62154,39.740257,-105.013939,11/5/2016 23:38,23:38,15,0,0,I25 & COLFAX AVENUE WEST,1,3,1,0,1,4,,0,55,0,0,0,0,0,1,2,5
,2016_62156,39.743493,-105.016113,7/18/2016 13:50,13:50,12,0,0,I25 NORTHBOUND  & 17TH AVENUE WEST,1,1,0,0,1,4,,0,55,0,0,0,0,0,1,2,13
,2016_62157,39.750728,-105.016824,6/19/2016 18:28,18:28,12,0,0,I25 HIGHWAY NORTHBOUND & 23RD AVENUE WEST INTERCHANGE,1,1,0,0,1,4,,0,55,0,0,0,0,1,1,3,13
,2016_62158,39.751295,-105.016566,10/29/2016 19:02,19:02,12,0,0,I25 & 23RD AVENUE WEST,1,3,0,0,1,4,,0,55,0,0,0,0,0,1,3,13
,2016_62159,39.751555,-105.016422,11/28/2016 17:36,17:36,15,0,0,I25 NORTHBOUND ON RAMP & 23RD AVENUE WEST,1,4,1,0,1,14,,0,30,0,0,0,0,0,1,2,13
,2016_62160,39.755118,-105.012754,2/26/2016 18:56,18:56,12,0,0,I25 & SPEER BOULEVARD,1,3,0,0,1,4,,0,55,0,0,0,0,0,1,2,13
,2016_62161,39.755118,-105.012754,6/9/2016 15:28,15:28,12,0,0,I25 & SPEER BOULEVARD NORTH,1,1,0,0,1,4,,0,55,0,0,0,0,0,1,2,13
,2016_62163,39.755212,-105.012623,5/13/2016 4:26,4:26,12,0,0,I25 SOUTHBOUND RAMP OFF & SPEER BOULEVARD NORTH,1,3,1,0,1,14,,0,35,0,0,0,0,0,1,2,13
,2016_62164,39.757155,-105.0099,1/20/2016 15:46,15:46,12,0,0,I25 HIGHWAY NORTHBOUND & 15TH STREET INTERCHANGE,1,1,0,0,1,4,,0,55,0,0,0,0,0,1,2,13
,2016_62165,39.757155,-105.0099,7/8/2016 11:13,11:13,12,0,0,I25 SOUTHBOUND & 15TH STREET,1,1,0,0,1,4,,0,55,0,0,0,0,0,1,2,1
,2016_62166,39.758743,-105.007745,4/5/2016 18:23,18:23,15,0,0,I25 & 20TH STREET NORTHBOUND OFF RAMP GORE POINT,1,1,1,0,1,4,,0,55,0,0,0,0,0,1,2,7
,2016_62168,39.76111,-105.004124,8/31/2016 15:01,15:01,12,0,0,I25 & 20TH STREET APPROXIMATELY,1,1,0,0,1,4,,0,55,0,0,0,0,0,1,2,13
,2016_62169,39.768049,-104.994761,10/18/2016 14:35,14:35,15,0,0,I25 NORTHBOUND & PARK AVENUE WEST,1,1,1,0,1,4,,0,55,0,0,0,0,0,1,2,3
,2016_62170,39.768049,-104.994761,9/25/2016 12:45,12:45,14,0,0,38TH AVENUE WEST & FOX STREET NORTH,1,1,1,0,1,1,,0,30,0,0,0,0,0,1,2,13
,2016_62171,39.7757,-104.989222,11/14/2016 6:55,6:55,12,0,0,I25 SOUTHBOUND ON RAMP FROM EASTBOUND I70 & 44TH AVENUE WEST,1,1,1,0,1,14,,0,35,0,0,0,0,0,1,2,13
,2016_62172,39.779391,-104.989164,10/24/2016 12:04,12:04,6,0,0,I25 UNDER BRIDGE OF I70 & I70,1,1,0,0,1,4,,0,55,0,0,0,0,1,1,2,13
,2016_62173,39.784288,-104.98914,10/21/2016 13:20,13:20,15,0,0,I25 SOUTHBOUND RAMP OFF TO & I70 WB,1,1,0,0,1,14,,0,55,0,0,0,0,0,1,2,13
,2016_62200,39.629871,-104.904931,3/30/2016 0:30,0:30,5,0,0,I25 SOUTHBOUND OFF RAMP & I225,1,3,1,0,3,14,,0,55,0,0,0,0,0,1,1,13
,2016_62210,39.711166,-105.036001,7/15/2016 20:24,20:24,3,0,0,ALAMEDA AVENUE WEST & MEADE STREET SOUTH,1,1,0,0,1,1,,0,25,0,0,0,0,1,2,3,13
,2016_62211,39.711124,-105.03249,4/15/2016 7:05,7:05,15,0,0,ALAMEDA AVENUE WEST & KNOX COURT  MORRISON ROAD,1,1,0,0,1,1,,0,35,0,0,0,0,0,2,2,13
,2016_62212,39.711124,-105.03249,11/5/2016 23:22,23:22,12,0,0,KNOX COURT & ALAMEDA AVENUE,1,3,1,0,1,4,,0,25,0,0,0,0,1,2,3,1
,2016_62213,39.711077,-105.025075,7/27/2016 21:48,21:48,12,0,0,ALAMEDA AVENUE WEST & FEDERAL BOULEVARD SOUTH,1,3,0,0,1,3,,0,35,0,0,0,0,0,2,2,3
,2016_62214,39.711153,-105.022208,6/28/2016 14:47,14:47,15,0,0,ALAMEDA AVENUE WEST & DECATUR STREET SOUTH,1,1,0,0,1,4,,0,35,0,0,0,0,0,2,2,7
,2016_62215,39.711183,-105.011003,4/14/2016 8:08,8:08,1,0,0,ALAMEDA AVENUE WEST & TEJON STREET SOUTH,1,1,0,0,1,1,,0,35,0,0,0,0,0,2,2,13
,2016_62216,39.711208,-104.998391,3/23/2016 10:19,10:19,3,0,1,KALAMATH STREET SOUTH & ALAMEDA AVENUE WEST,4,1,0,2,1,1,,1,30,0,0,0,0,2,2,2,1
,2016_62217,39.711208,-104.998391,7/24/2016 15:18,15:18,1,0,0,ALAMEDA AVENUE WEST & KALAMATH STREET SOUTH,1,1,0,0,1,1,,0,30,0,0,0,0,0,2,2,3
,2016_62218,39.653088,-104.915178,11/23/2016 0:25,0:25,12,0,0,HAMPDEN AVENUE EAST & LOCUST STREET SOUTH,1,3,0,0,1,1,,0,40,0,0,0,0,0,2,2,13
,2016_62219,39.653084,-104.91283,11/21/2016 8:44,8:44,12,0,1,HAMPDEN AVENUE EAST & MONACO STREET SOUTH,1,1,0,0,1,3,,0,40,0,0,0,0,2,2,2,13
,2016_62220,39.653083,-104.912649,3/14/2016 10:42,10:42,15,0,0,HAMPDEN AVENUE 6500 BLOCK EAST & MONACO STREET SOUTH,1,1,0,0,1,4,,0,40,0,0,0,0,0,2,2,4
,2016_62221,39.653083,-104.912649,12/20/2016 15:35,15:35,12,0,0,HAMPDEN AVENUE EAST & MONACO STREET SOUTH,2,1,0,0,1,3,,0,40,0,0,0,0,0,2,2,13
,2016_62222,39.653091,-104.907575,6/9/2016 12:23,12:23,3,0,0,HAMPDEN AVENUE & OLEANDER COURT SOUTH,1,1,0,0,1,2,,0,35,0,0,0,0,0,2,2,13
,2016_62223,39.653077,-104.898619,7/15/2016 13:09,13:09,15,0,0,HAMPDEN AVENUE EAST & TAMARAC DRIVE SOUTH,1,1,0,0,1,1,,0,30,0,0,0,0,0,2,2,13
,2016_62224,39.65308,-104.891582,11/2/2016 17:50,17:50,3,0,1,VERBENA STREET SOUTH & HAMPDEN AVENUE EAST,1,2,1,0,1,1,,0,45,0,0,0,0,2,2,2,13
,2016_62225,39.653025,-104.881512,4/13/2016 17:20,17:20,1,0,0,HAMPDEN AVENUE EAST & AKRON STREET SOUTH,1,1,0,0,1,1,,0,45,0,0,0,0,1,2,2,13
,2016_62226,39.65302,-104.87557,12/30/2016 2:50,2:50,5,0,1,HAMPDEN AVENUE EAST & DAYTON STREET SOUTH,1,2,0,0,3,1,,0,40,0,0,0,0,2,2,1,5
,2016_62227,39.653049,-104.871681,11/18/2016 12:56,12:56,1,0,0,HAMPDEN AVENUE EAST & FLORENCE STREET SOUTH,1,1,0,0,1,1,,0,35,0,0,0,0,0,2,2,13
,2016_62228,39.656988,-104.866396,4/28/2016 17:09,17:09,12,0,0,HAVANA STREET SOUTH & GIRARD AVENUE EAST,1,1,0,0,1,1,,0,45,0,0,0,0,1,2,2,1
,2016_62229,39.657117,-104.866393,11/10/2016 14:40,14:40,15,0,0,HAVANA STREET & GIRARD AVENUE EAST,1,1,0,0,1,4,,0,45,0,0,0,0,0,2,2,13
,2016_62282,39.740076,-105.005215,1/19/2016 10:36,10:36,15,0,0,WEST COLFAX AVENUE & OSAGE STREET,1,1,0,0,1,3,,0,35,0,0,0,0,0,2,2,14
,2016_62321,39.740356,-105.050218,6/2/2016 8:10,8:10,3,0,0,COLFAX AVENUE WEST & WOLFF STREET NORTH,1,1,0,0,1,1,,0,35,0,0,0,0,0,2,2,13
,2016_62322,39.740345,-105.015536,8/9/2016 8:00,8:00,3,0,0,COLFAX AVENUE WEST & I25 SOUTHBOUND OFF RAMP,1,1,0,0,1,3,,0,35,0,0,0,0,1,2,2,14
,2016_62324,39.740304,-105.013563,4/5/2016 6:51,6:51,12,0,0,COLFAX AVENUE WEST & I25,1,1,0,0,1,3,,0,35,0,0,0,0,0,2,2,14
,2016_62325,39.740023,-105.00352,11/3/2016 8:21,8:21,12,0,0,COLFAX AVENUE & 1300 BLOCK WEST,1,1,0,0,1,4,,0,30,0,0,0,0,0,2,2,3
,2016_62326,39.740042,-104.998686,9/18/2016 14:42,14:42,3,0,0,SPEER BOULEVARD NORTH & COLFAX AVENUE WEST,1,1,0,0,1,1,,0,35,0,0,0,0,0,2,2,13
,2016_62327,39.740031,-104.996607,6/7/2016 17:07,17:07,12,0,0,WEST COLFAX AVENUE & NORTH FOX STREET,1,1,0,0,1,4,,0,30,0,0,0,0,0,2,3,2
,2016_62328,39.740007,-104.991824,5/21/2016 9:57,9:57,12,0,0,COLFAX AVENUE EAST & 14TH STREET,1,1,0,0,1,3,,0,30,0,0,0,0,0,2,2,13
,2016_62329,39.740002,-104.976234,6/29/2016 11:50,11:50,12,0,0,COLFAX AVENUE EAST & EMERSON STREET NORTH,1,1,0,0,1,1,,0,,0,0,0,0,0,2,2,7
,2016_62330,39.740004,-104.967422,10/13/2016 11:30,11:30,12,0,0,COLFAX AVENUE 1600 BLOCK EAST & GILPIN STREET NORTH,1,1,0,0,1,4,,0,30,0,0,0,1,0,2,2,13
,2016_62331,39.739986,-104.963464,7/8/2016 12:17,12:17,15,0,0,COLFAX AVENUE EAST & RACE STREET,1,1,0,0,1,1,,0,,0,0,0,0,0,2,3,1
,2016_62333,39.739974,-104.961014,1/6/2016 15:13,15:13,3,0,0,GAYLORD STREET NORTH & HIGHWAY 40C / COLFAX AVENUE EAST,1,1,1,0,1,1,,0,25,0,0,0,0,1,2,3,13
,2016_62334,39.74014,-104.958569,2/28/2016 15:28,15:28,12,0,0,COLFAX AVENUE EAST & NORTH JOSEPHINE STREET,1,1,0,0,1,4,,0,35,0,0,0,0,0,2,2,4
,2016_62335,39.740176,-104.954823,7/21/2016 2:20,2:20,15,0,0,COLFAX AVENUE 2600 BLOCK EAST & CLAYTON STREET NORTH,1,3,0,0,1,4,,0,30,0,0,0,0,0,2,2,13
,2016_62336,39.74006,-104.937547,12/1/2016 19:41,19:41,12,0,0,COLFAX AVENUE EAST & BELLAIRE STREET NORTH,1,3,0,0,1,4,,0,35,0,0,0,0,0,2,2,13
,2016_62337,39.74008,-104.920823,5/29/2016 22:00,22:00,6,0,0,COLFAX AVENUE EAST & IVY STREET NORTH,1,1,0,0,1,4,,0,35,0,0,0,0,0,2,2,13
,2016_62338,39.74008,-104.920823,7/6/2016 16:54,16:54,12,0,0,COLFAX AVENUE EAST & IVY STREET NORTH,1,1,0,0,1,4,,0,35,0,0,0,0,0,2,3,13
,2016_62339,39.74008,-104.920635,7/28/2016 7:34,7:34,12,0,0,COLFAX AVENUE EAST & IVY STREET NORTH,1,1,0,0,1,3,,0,35,0,0,0,0,1,2,2,13