id,drcog_id,latitude,longitude,crashtime,time,crashtype,numbkilled,numbinjurd,drcoglocat,rdconditin,lightngcon,roadcntgrd,weatherco,location,roaddescrp,schoolzone,constrzone,splimit,bikeinv,pedinv,sctrinv,motoinv,svrty,rdsystem,ttlvehcls,hcf
,2016_62340,39.740081,-104.916125,3/30/2016 18:18,18:18,3,0,0,COLFAX AVENUE EAST & KRAMERIA STREET NORTH,1,1,0,0,1,1,,0,30,0,0,0,0,0,2,2,1
,2016_62341,39.740082,-104.911615,7/27/2016 17:28,17:28,12,0,0,COLFAX AVENUE EAST & MAGNOLIA STREET,1,1,0,0,1,3,,0,35,0,0,0,0,0,2,3,13
,2016_62342,39.740083,-104.908233,1/8/2016 16:27,16:27,12,0,0,EAST COLFAX AVENUE & NORTH ONEIDA STREET,2,3,0,0,1,3,,0,35,0,0,0,0,0,2,2,13
,2016_62343,39.740084,-104.903348,9/27/2016 17:10,17:10,12,0,0,COLFAX AVENUE EAST & QUEBEC STREET NORTH,1,1,0,0,1,4,,0,35,0,0,0,0,0,2,3,3
,2016_62344,39.740085,-104.898651,9/5/2016 15:30,15:30,1,0,0,COLFAX AVENUE EAST & SYRACUSE STREET NORTH,1,1,0,0,1,1,,0,30,0,0,0,0,0,2,2,8
,2016_62345,39.740086,-104.89057,7/3/2016 2:53,2:53,15,0,0,VERBENA STREET NORTH & COLFAX AVENUE EAST,1,3,0,0,1,1,,0,25,0,0,0,0,0,2,2,13
,2016_62405,39.78498,-105.04936,10/9/2016 2:15,2:15,12,0,0,I70 & SHERIDAN BOULEVARD,1,3,1,0,1,4,,0,55,0,0,0,0,0,1,2,13
,2016_62406,39.784195,-105.025519,9/16/2016 16:16,16:16,15,0,0,I70 & FEDERAL BOULEVARD NORTH APPROXIMATELY,1,1,1,0,1,4,,0,55,0,0,0,0,0,1,2,13
,2016_62407,39.783149,-105.006371,4/7/2016 11:33,11:33,3,0,0,I70 WB OFF RAMP & PECOS STREET NORTH,1,1,1,0,1,6,,0,20,0,0,0,0,0,1,2,13
,2016_62408,39.783357,-105.00444,2/29/2016 9:15,9:15,12,0,0,I70 & PECOS STREET NORTH,1,1,0,0,1,4,,0,55,0,0,0,0,0,1,2,1
,2016_62409,39.78262,-104.999166,4/6/2016 6:30,6:30,12,0,0,I70 EASTBOUND & BSNF RR UP RRX SEP,1,2,0,0,1,4,,0,55,0,0,0,0,0,1,2,3
,2016_62410,39.782578,-104.999016,10/11/2016 8:36,8:36,12,0,0,I70 EASTBOUND & I25 EXIT GORE APPROXIMATELY,1,1,0,0,1,4,,0,65,0,0,0,0,0,1,3,3
,2016_62411,39.781132,-104.99389,2/3/2016 3:10,3:10,5,0,0,I70 EASTBOUND OFF RAMP TO & I25 SOUTHBOUND,2,3,1,0,3,14,,0,30,0,0,0,0,1,1,1,3
,2016_62412,39.780058,-104.9894,1/25/2016 6:55,6:55,12,0,0,I70 & I25,1,1,0,0,1,4,,0,55,0,0,0,0,0,1,2,1
,2016_62413,39.780058,-104.9894,6/27/2016 9:35,9:35,12,0,0,I70 HIGHWAY EASTBOUND & I25 HIGHWAY SOUTHBOUND,1,1,0,0,1,4,,0,45,0,0,0,0,0,1,2,13
,2016_62414,39.780058,-104.9894,7/14/2016 9:55,9:55,12,0,0,I70 & I25,1,1,0,0,1,4,,0,55,0,0,0,0,0,1,3,13
,2016_62415,39.778298,-104.898898,11/3/2016 7:30,7:30,12,0,0,I70 & QUEBEC STREET,1,1,1,0,1,4,,0,55,0,0,0,0,0,1,2,13
,2016_62416,39.780058,-104.9894,8/1/2016 15:40,15:40,12,0,0,I70 & I25,1,1,0,0,1,4,,0,55,0,0,0,0,0,1,3,13
,2016_62417,39.777504,-104.886942,10/18/2016 8:40,8:40,12,0,0,I70 APPROXIMATELY & I270 WB,1,1,0,0,1,4,,0,55,0,0,0,0,1,1,2,13
,2016_62418,39.779937,-104.988665,10/16/2016 14:08,14:08,12,0,0,I25 NORTHBOUND OFF RAMP TO WB I70 & INTERCHANGE STR,1,1,0,0,1,14,,0,55,0,0,0,0,0,1,2,13
,2016_62419,39.779942,-104.966087,10/28/2016 20:08,20:08,12,0,0,I70 & BRIGHTON BOULEVARD,1,3,0,0,1,4,,0,55,0,0,0,0,0,1,3,13
,2016_62420,39.779951,-104.965881,10/25/2016 18:00,18:00,12,0,0,I70 EASTBOUND ON RAMP & BRIGHTON BOULEVARD,1,1,1,0,1,14,,0,45,0,0,0,0,0,1,2,13
,2016_62421,39.78,-104.950141,7/8/2016 10:12,10:12,12,0,0,I70 & STEELE STREET NORTH INTERCHANGE,1,1,0,0,1,4,,0,55,0,0,0,0,0,1,2,7
,2016_62422,39.779986,-104.94767,11/18/2016 11:16,11:16,12,0,0,I70 & MM 276.2,2,1,0,0,1,4,,0,55,0,0,0,0,0,1,2,13
,2016_62423,39.779965,-104.944058,8/3/2016 11:30,11:30,15,0,0,I70 & GARFIELD STREET,1,1,0,0,1,4,,0,55,0,0,0,0,0,1,2,7
,2016_62424,39.779952,-104.941967,9/8/2016 17:00,17:00,12,0,0,I70 EASTBOUND & MM 276.5,1,1,0,0,1,4,,0,55,0,0,0,0,0,1,2,1
,2016_62425,39.780081,-104.935735,5/18/2016 7:23,7:23,15,0,0,I70 EASTBOUND & COLORADO BOULEVARD NORTH,1,1,0,0,1,4,,0,55,0,0,0,0,0,1,2,14
,2016_62426,39.778288,-104.914207,6/9/2016 17:53,17:53,12,0,0,I70 & MONACO STREET NORTH,1,1,0,0,1,4,,0,65,0,0,0,0,0,1,3,14
,2016_62427,39.778289,-104.912566,11/3/2016 7:28,7:28,12,0,0,I70 & MONACO STREET,1,1,0,0,1,4,,0,35,0,0,0,0,0,1,2,13
,2016_62428,39.778292,-104.90801,9/27/2016 7:29,7:29,12,0,0,I70 & QUEBEC STREET,1,1,0,0,1,4,,0,55,0,0,0,0,0,1,2,1
,2016_62429,39.778293,-104.906734,11/28/2016 15:01,15:01,12,0,0,I70 WB & QUEBEC STREET RAMP ON GORE POINT APPROXIMATELY,1,2,1,0,1,4,,0,55,0,0,0,0,1,1,2,4
,2016_62430,39.778297,-104.901085,2/16/2016 11:55,11:55,15,0,0,I70 EASTBOUND RAMP ON & ENTRANCE GORE POINT FROM QUEBEC STREET,1,1,0,0,1,14,,0,55,0,0,0,0,0,1,2,1
,2016_62431,39.777243,-104.884085,4/14/2016 9:27,9:27,12,0,0,I70 EASTBOUND OFF RAMP  & CENTRAL PARK BOULEVARD NORTH,1,1,0,0,1,14,,0,35,0,0,0,0,0,1,2,1
,2016_62432,39.777139,-104.882953,5/11/2016 17:14,17:14,12,0,0,I70 WB & CENTRAL PARK BOULEVARD NORTH,2,1,0,1,1,4,,0,55,0,0,0,0,0,1,2,13
,2016_62433,39.777122,-104.882764,2/20/2016 19:10,19:10,12,0,0,I70 & CENTRAL PARK BOULEVARD NORTH,1,3,0,0,1,4,,0,55,0,0,0,0,1,1,4,13
,2016_62434,39.777122,-104.882764,3/2/2016 8:50,8:50,12,0,0,I70 & CENTRAL PARK BOULEVARD NORTH,1,1,0,0,1,4,,0,55,0,0,0,0,1,1,2,13
,2016_62435,39.776706,-104.878237,12/20/2016 17:25,17:25,12,0,0,I70 WB OFF RAMP & CENTRAL PARK BOULEVARD,1,3,1,0,1,14,,0,35,0,0,0,0,0,1,2,13
,2016_62436,39.776224,-104.872674,8/6/2016 1:10,1:10,12,0,0,I70 & WB OFF RAMP TO CENTRAL PARK BOULEVARD,1,3,0,0,1,4,,0,55,0,0,0,0,0,1,2,3
,2016_62437,39.775573,-104.865095,1/5/2016 17:34,17:34,12,0,0,I70 & HAVANA STREET NORTH,1,3,1,0,1,4,,1,55,0,0,0,0,0,1,3,13
,2016_62438,39.775573,-104.865095,6/23/2016 16:04,16:04,12,0,0,I70 & NORTH HAVANA STREET,1,1,0,0,1,4,,0,55,0,0,0,0,0,1,2,13
,2016_62439,39.775573,-104.865095,7/20/2016 9:10,9:10,5,0,0,I70 & HAVANA STREET,1,1,0,0,2,4,,0,55,0,0,0,0,1,1,1,7
,2016_62440,39.775573,-104.865095,9/22/2016 7:50,7:50,12,0,0,HAVANA STREET NORTH & I70 EASTBOUND OFF RAMP,1,1,0,0,1,3,,0,40,0,0,0,0,0,1,2,13
,2016_62441,39.775255,-104.861398,5/4/2016 9:15,9:15,15,0,0,I70 OFF RAMP & HAVANA STREET NORTH,1,1,0,0,1,14,,0,55,0,0,0,0,0,1,2,13
,2016_62442,39.774794,-104.856036,5/11/2016 17:50,17:50,12,0,0,I70 WB & PEORIA STREET NORTH,2,2,0,1,1,4,,0,55,0,0,0,0,0,1,3,13
,2016_62443,39.774031,-104.847163,3/25/2016 4:53,4:53,5,0,0,I70 WB ON RAMP & PEORIA STREET NORTH,5,3,0,0,3,14,,0,45,0,0,0,0,0,1,1,13
,2016_62445,39.773999,-104.846793,1/27/2016 9:32,9:32,12,0,0,I70 & PEORIA STREET,1,1,0,0,1,4,,0,55,0,0,0,0,0,1,3,7
,2016_62446,39.773999,-104.846793,6/14/2016 14:35,14:35,12,0,0,I70 & NORTH PEORIA STREET,1,1,0,0,1,4,,0,55,0,0,0,0,0,1,2,13
,2016_62447,39.773999,-104.846793,11/16/2016 20:00,20:00,3,0,0,I70 & PEORIA STREET,1,1,0,0,1,1,,0,40,0,0,0,0,0,1,2,14
,2016_62448,39.773028,-104.835517,9/12/2016 8:25,8:25,12,0,0,I70 & NORTH PEORIA STREET,1,1,0,0,1,14,,0,45,0,0,0,0,1,1,3,3
,2016_62449,39.772662,-104.831265,3/29/2016 7:39,7:39,12,0,0,I70  & I225 INTERCHANGE,1,1,0,0,1,4,,0,55,0,0,0,0,0,1,2,13
,2016_62450,39.77255,-104.829971,3/4/2016 15:18,15:18,15,0,0,I70  & I225 WB FLYOVER RAMP,1,1,1,0,1,14,,0,55,0,0,0,0,0,1,2,13
,2016_62533,39.674643,-104.870577,5/23/2016 7:17,7:17,12,0,0,PARKER ROAD SOUTH & ILIFF AVENUE,1,1,0,0,1,4,,0,35,0,0,0,0,0,2,2,13
,2016_62535,39.69629,-104.897364,2/4/2016 8:09,8:09,12,0,0,PARKER ROAD SOUTH & MISSISSIPPI AVENUE EAST,1,1,1,0,1,3,,0,35,0,0,0,0,1,2,3,14
,2016_62536,39.698298,-104.902791,2/23/2016 9:18,9:18,12,0,0,PARKER ROAD & QUEBEC STREET SOUTH,1,1,0,0,1,3,,0,40,0,0,0,0,0,2,3,1
,2016_62537,39.698614,-104.903606,3/4/2016 19:45,19:45,12,0,0,QUEBEC STREET SOUTH & LEETSDALE DRIVE,1,3,0,0,1,1,,0,40,0,0,0,0,0,2,2,13
,2016_62538,39.698614,-104.903606,9/7/2016 11:45,11:45,9,0,0,HIGHWAY 83 / PARKER ROAD & QUEBEC STREET SOUTH,1,1,1,0,1,3,,0,30,0,0,0,1,0,2,3,14
,2016_62539,39.729624,-105.053227,1/31/2016 22:10,22:10,5,0,0,SHERIDAN BOULEVARD NORTH & EIGHTH AVENUE WEST,4,3,1,2,2,1,,0,35,0,0,0,0,0,2,1,13
,2016_62540,39.700261,-104.908227,12/10/2016 14:01,14:01,1,0,0,LEETSDALE DRIVE & ONEIDA STREET SOUTH,1,1,0,0,1,1,,0,35,0,0,0,0,0,2,2,13
,2016_62541,39.70817,-104.92701,7/22/2016 23:15,23:15,12,0,0,LEETSDALE DRIVE & FOREST DRIVE,1,3,0,0,1,1,,0,35,0,0,0,0,0,2,2,14
,2016_62565,39.669708,-104.99542,11/10/2016 16:28,16:28,15,0,0,SANTA FE DRIVE & HARVARD AVENUE WEST,1,1,0,0,1,4,,0,55,0,0,0,0,0,2,2,1
,2016_62566,39.676145,-104.993876,1/8/2016 9:25,9:25,15,0,0,SANTA FE DRIVE & 2200 BLOCK SOUTH,5,1,0,2,1,4,,0,55,0,0,0,0,0,2,4,7
,2016_62567,39.681425,-104.992349,11/9/2016 14:56,14:56,12,0,0,EVANS AVENUE WEST & SANTA FE DRIVE SOUTH RAMPS,1,1,0,0,1,1,,0,,0,0,0,0,0,2,2,7
,2016_62568,39.696362,-104.991999,10/15/2016 16:40,16:40,12,0,0,SANTA FE DRIVE & MISSISSIPPI AVENUE WEST,1,1,0,0,1,4,,0,25,0,0,0,0,0,2,2,13
,2016_62569,39.696679,-104.991877,10/18/2016 16:00,16:00,3,0,0,MISSISSIPPI AVENUE WEST & PLATTE RIVER DRIVE SOUTH,1,1,1,0,1,1,,0,30,0,0,0,0,0,2,2,1
,2016_62570,39.696679,-104.991877,12/30/2016 6:50,6:50,15,0,0,SANTA FE DRIVE SOUTH & MISSISSIPPI AVENUE WEST,1,1,0,0,1,1,,0,45,0,0,0,0,0,2,2,13
,2016_62571,39.697334,-104.991768,6/29/2016 11:22,11:22,15,0,0,SANTA FE DRIVE SOUTH & MISSISSIPPI AVENUE WEST,1,1,1,0,1,4,,0,30,0,0,0,0,0,2,2,13
,2016_62580,39.694802,-105.025063,4/22/2016 12:30,12:30,12,0,0,FEDERAL BOULEVARD & ARIZONA AVENUE WEST,1,1,1,0,1,3,,0,35,0,0,0,0,0,2,2,13
,2016_62585,39.710657,-105.025079,11/4/2016 13:17,13:17,1,0,0,FEDERAL BOULEVARD SOUTH & ALAMEDA AVENUE WEST,1,1,0,0,1,2,,0,35,0,0,0,0,0,2,2,7
,2016_62586,39.707624,-105.025082,1/1/2016 22:45,22:45,12,0,0,VIRGINIA AVENUE WEST & FEDERAL BOULEVARD SOUTH,1,3,0,0,1,1,,0,30,0,0,0,0,0,2,2,13
,2016_62587,39.704304,-105.025089,6/24/2016 14:28,14:28,1,0,0,FEDERAL BOULEVARD SOUTH & EXPOSITION AVENUE WEST,1,1,1,0,1,2,,0,40,0,0,0,0,1,2,2,7
,2016_62588,39.693033,-105.025057,6/1/2016 14:10,14:10,12,0,0,FEDERAL BOULEVARD SOUTH & LOUISIANA AVENUE WEST,1,1,0,0,1,3,,0,40,0,0,0,0,0,2,3,7
,2016_62589,39.691264,-105.02505,2/21/2016 12:55,12:55,12,0,0,FEDERAL BOULEVARD SOUTH & ARKANSAS AVENUE WEST,1,1,0,0,1,1,,0,35,0,0,0,0,0,2,3,13
,2016_62590,39.689495,-105.025043,2/6/2016 17:10,17:10,3,0,0,FEDERAL BOULEVARD SOUTH & FLORIDA AVENUE WEST,1,2,0,0,1,1,,0,30,0,0,0,0,0,2,2,7
,2016_62591,39.689495,-105.025043,5/12/2016 13:35,13:35,1,0,0,FEDERAL BOULEVARD SOUTH & FLORIDA AVENUE WEST,1,1,0,0,1,1,,0,35,0,0,0,0,0,2,2,14
,2016_62592,39.685957,-105.02503,5/5/2016 8:30,8:30,3,0,1,MEXICO AVENUE WEST & FEDERAL BOULEVARD SOUTH,1,1,0,0,1,1,,0,40,0,0,0,0,2,2,2,13
,2016_62593,39.685072,-105.025026,6/20/2016 17:35,17:35,12,0,0,FEDERAL BOULEVARD & 1700 BLOCK SOUTH,1,1,0,0,1,4,,0,40,0,0,0,0,0,2,2,7
,2016_62594,39.682566,-105.025017,9/26/2016 8:55,8:55,12,0,0,FEDERAL BOULEVARD SOUTH & JEWELL AVENUE WEST,1,1,1,0,1,4,,0,35,0,0,0,0,1,2,2,7
,2016_62595,39.682275,-105.025016,8/21/2016 21:10,21:10,1,0,2,JEWELL AVENUE WEST & FEDERAL BOULEVARD SOUTH,1,3,0,0,1,1,,0,40,0,0,0,0,2,2,2,4
,2016_62596,39.682275,-105.025016,9/12/2016 9:00,9:00,12,0,0,FEDERAL BOULEVARD SOUTH & JEWELL AVENUE WEST,1,1,0,0,1,3,,0,35,0,0,0,0,0,2,2,13
,2016_62597,39.67863,-105.025035,3/21/2016 8:10,8:10,14,0,0,EVANS AVENUE WEST & FEDERAL BOULEVARD SOUTH,1,1,0,0,1,1,,0,40,0,0,0,0,0,2,2,13
,2016_62598,39.664273,-105.025145,11/16/2016 15:03,15:03,12,0,0,FEDERAL BOULEVARD SOUTH & BATES AVENUE WEST,1,1,0,0,1,3,,0,40,0,0,0,0,0,2,2,13
,2016_62644,39.656965,-105.053226,1/29/2016 11:25,11:25,3,0,0,SHERIDAN BOULEVARD  & 3100 BLOCK SOUTH,1,1,1,0,1,1,,0,35,0,0,0,0,0,2,2,8
,2016_62646,39.678805,-105.053268,3/16/2016 8:53,8:53,12,0,0,SHERIDAN BOULEVARD SOUTH & EVANS AVENUE WEST,1,1,0,0,1,4,,0,30,0,0,0,0,0,2,2,7
,2016_62647,39.679091,-105.053268,11/16/2016 17:45,17:45,1,0,0,SHERIDAN BOULEVARD SOUTH & EVANS AVENUE WEST,1,3,0,0,1,1,,0,35,0,0,0,0,0,2,2,13
,2016_62650,39.733188,-105.053221,5/22/2016 16:28,16:28,12,0,0,SHERIDAN BOULEVARD & 10TH AVENUE WEST,1,1,0,0,1,3,,0,30,0,0,0,0,1,2,2,13
,2016_62685,39.614744,-105.091145,8/29/2016 13:10,13:10,12,0,0,HIGHWAY 121A / WADSWORTH BOULEVARD SOUTH & CROSS DRIVE,1,1,0,0,1,1,,0,45,0,0,0,0,0,2,3,12
,2016_62686,39.616162,-105.09113,11/26/2016 15:55,15:55,12,0,0,WADSWORTH BOULEVARD SOUTH  & CROSS DRIVE WEST,1,1,0,0,1,4,,0,45,0,0,0,0,0,2,2,3
,2016_62764,39.634114,-104.902134,5/2/2016 5:40,5:40,15,0,0,I25 & I225 SOUTHBOUND,5,1,1,0,1,14,,0,55,0,0,0,0,1,1,2,1
,2016_62778,39.634626,-104.899502,10/22/2016 16:13,16:13,15,0,1,I225 NORTHBOUND OFF RAMP & TAMARAC STREET,1,1,1,0,1,14,,0,55,0,0,0,1,2,1,2,7
,2016_62779,39.635117,-104.895956,8/7/2016 16:51,16:51,15,0,0,I225 NORTHBOUND ON RAMP & TAMARAC STREET,1,1,1,0,1,14,,0,40,0,0,0,0,0,1,2,13
,2016_62780,39.635522,-104.893462,8/16/2016 13:35,13:35,1,0,0,I225 NORTHBOUND ON RAMP & TAMARAC STREET,1,1,1,0,1,1,,0,35,0,0,0,0,0,1,2,13
,2016_62781,39.63556,-104.89332,7/3/2016 13:34,13:34,15,0,1,I225 NORTHBOUND ON RAMP & TAMARAC STREET,1,1,1,0,1,14,,0,40,0,0,0,1,2,1,2,3
,2016_62782,39.639223,-104.885207,2/25/2016 11:58,11:58,15,0,0,I225 & YOSEMITE STREET SOUTH,1,1,0,0,1,4,,0,55,0,0,0,0,0,1,2,3
,2016_62783,39.639304,-104.885042,2/12/2016 9:36,9:36,12,0,0,I225 SOUTHBOUND & YOSEMITE STREET SOUTH,1,1,0,0,1,4,,0,55,0,0,0,0,0,1,3,1
,2016_62784,39.641189,-104.88124,1/7/2016 9:35,9:35,15,0,0,I225 & YOSEMITE STREET SOUTH,2,1,0,2,1,4,,0,55,0,0,0,0,0,1,2,13
,2016_62819,39.65315,-105.053898,4/16/2016 22:50,22:50,12,0,0,HAMPDEN AVENUE WEST & SHERIDAN BOULEVARD SOUTH,4,4,0,2,1,4,,0,65,0,0,0,0,0,2,2,3
,2016_62820,39.781744,-104.966707,11/3/2016 9:07,9:07,10,0,0,BRIGHTON BOULEVARD NORTH & 47TH AVENUE EAST,1,1,1,0,1,2,,0,35,0,0,0,0,0,2,2,13
,2016_62828,39.785453,-104.902576,4/20/2016 16:55,16:55,12,0,0,49TH AVENUE EAST & I270 SOUTHWEST FRONTAGE ROAD  SAND CREEK DRIVE,1,1,0,0,1,1,,0,25,0,0,0,0,0,4,2,13
,2016_62830,39.653152,-105.052954,6/18/2016 17:10,17:10,12,0,0,HAMPDEN AVENUE WEST NORTHBOUND SLIP RAMP TO & SHERIDAN BOULEVARD SOUTH,1,1,0,0,1,14,,0,15,0,0,0,0,0,2,2,13
,2016_62847,39.65298,-104.926975,3/25/2016 10:52,10:52,12,0,0,HAMPDEN AVENUE EAST & FOREST STREET SOUTH,1,1,0,0,1,3,,0,35,0,0,0,0,0,2,2,14
,2016_62849,39.652979,-104.921316,11/5/2016 13:40,13:40,12,0,0,HAMPDEN AVENUE 5700 BLOCK EAST & IVANHOE STREET SOUTH APPROXIMATELY,1,1,0,0,1,4,,0,40,0,0,0,0,0,2,3,14
,2016_62850,39.652979,-104.918863,9/30/2016 22:25,22:25,1,0,0,HAMPDEN AVENUE EAST & I25 SOUTHBOUND ON RAMP,1,3,0,0,1,1,,0,40,0,0,0,0,0,2,2,12
,2016_62851,39.652981,-104.917511,10/23/2016 10:40,10:40,12,0,0,HAMPDEN AVENUE & I25 NORTHBOUND RAMPS,1,1,0,0,1,3,,0,35,0,0,0,0,0,2,2,3
,2016_62852,39.746102,-105.025229,12/19/2016 2:25,2:25,10,0,0,FEDERAL BOULEVARD NORTH & 19TH AVENUE WEST,10,3,0,0,1,2,,0,35,0,0,0,0,1,2,2,13
,2016_62853,39.75512,-105.025132,5/30/2016 1:20,1:20,5,0,0,FEDERAL BOULEVARD NORTH & 26TH AVENUE WEST,1,3,0,0,3,4,,0,25,0,0,0,0,0,2,1,5
,2016_62855,39.76196,-105.025155,11/4/2016 18:31,18:31,12,0,0,FEDERAL BOULEVARD NORTH & 32ND AVENUE WEST,1,3,0,0,1,1,,0,35,0,0,0,0,0,2,3,12
,2016_62856,39.769094,-105.025232,10/18/2016 8:47,8:47,15,0,0,FEDERAL BOULEVARD 3700 BLOCK NORTH & 38TH AVENUE WEST,1,1,0,0,1,1,,0,35,0,0,0,0,0,2,2,14
,2016_62857,39.772962,-105.02523,2/7/2016 15:22,15:22,1,0,2,FEDERAL BOULEVARD NORTH & 41ST AVENUE WEST,1,1,0,0,1,1,,0,35,0,0,0,0,2,2,2,13
,2016_62858,39.775684,-105.025229,6/3/2016 19:10,19:10,12,0,0,FEDERAL BOULEVARD NORTH & 43RD AVENUE WEST,1,2,0,0,1,4,,0,35,0,0,0,0,0,2,2,4
,2016_62859,39.777975,-105.025227,4/22/2016 17:55,17:55,12,0,0,FEDERAL BOULEVARD NORTH & 45TH AVENUE WEST,1,1,0,0,1,4,,0,30,0,0,0,0,0,2,5,13
,2016_62860,39.780267,-105.025226,3/23/2016 9:15,9:15,3,0,0,FEDERAL BOULEVARD NORTH & 46TH AVENUE WEST,4,1,0,2,1,1,,0,30,0,0,0,0,0,2,2,13
,2016_62861,39.783848,-105.025224,7/25/2016 17:54,17:54,5,0,0,I70 EASTBOUND OFF RAMP & FEDERAL BOULEVARD,1,1,0,0,3,1,,0,35,0,0,0,0,0,2,1,14
,2016_62934,39.719664,-104.940609,9/11/2016 5:45,5:45,3,0,0,COLORADO BOULEVARD NORTH & FIRST AVENUE EAST,1,3,1,0,1,1,,0,25,0,0,0,0,0,2,2,13
,2016_62946,39.834134,-104.746852,8/18/2016 22:30,22:30,12,0,0,PENA BOULEVARD & E470,1,3,0,0,1,4,,0,65,0,0,0,0,0,2,2,14
,2016_62947,39.834134,-104.746852,2/2/2016 4:38,4:38,5,0,0,E470 & PENA BOULEVARD,4,3,0,2,2,14,,0,65,0,0,0,0,0,2,1,7
,2016_62950,39.667825,-104.940606,4/5/2016 17:58,17:58,12,0,0,COLORADO BOULEVARD SOUTH & YALE AVENUE EAST,1,1,0,0,1,1,,0,35,0,0,0,0,0,2,3,3
,2016_62952,39.668815,-104.940609,8/16/2016 7:31,7:31,15,0,0,COLORADO BOULEVARD SLIP RAMP OFF NORTHBOUND & YALE AVENUE EAST,1,1,0,0,1,3,,0,30,0,0,0,0,0,2,2,8
,2016_62953,39.677299,-104.940635,9/30/2016 9:35,9:35,3,0,0,COLORADO BOULEVARD SOUTH & WARREN AVENUE EAST,1,1,0,0,1,2,,0,35,0,0,0,0,1,2,2,13
,2016_62954,39.681285,-104.940575,8/6/2016 16:12,16:12,10,0,0,COLORADO BOULEVARD SOUTH & I25 FRONTAGE ROAD SOUTH,1,1,0,0,1,3,,0,35,0,0,0,0,1,2,2,8
,2016_62955,39.685533,-104.940543,6/8/2016 12:06,12:06,1,0,0,COLORADO BOULEVARD SOUTH & MEXICO AVENUE EAST,1,1,1,0,1,1,,0,35,0,0,0,0,0,2,2,8
,2016_62956,39.685533,-104.940543,11/9/2016 21:10,21:10,1,0,0,COLORADO BOULEVARD SOUTH & MEXICO AVENUE,1,3,0,0,1,1,,0,35,0,0,0,0,0,2,2,13
,2016_62957,39.686878,-104.940544,1/9/2016 17:29,17:29,12,0,0,COLORADO BOULEVARD 1600 BLOCK SOUTH & IOWA AVENUE EAST,1,3,0,0,1,4,,0,35,0,0,0,0,1,2,2,13
,2016_62958,39.687923,-104.940545,11/30/2016 13:19,13:19,3,0,0,COLORADO BOULEVARD 1500 BLOCK SOUTH & FLORIDA AVENUE EAST,1,1,1,0,1,2,,0,,0,0,0,0,0,2,2,13
,2016_62959,39.688969,-104.940546,6/23/2016 16:52,16:52,12,0,0,COLORADO BOULEVARD SOUTH & FLORIDA AVENUE EAST,1,1,0,0,1,3,,0,40,0,0,0,1,0,2,2,13
,2016_62960,39.692704,-104.940549,1/7/2016 8:25,8:25,12,0,0,COLORADO BOULEVARD 1300 BLOCK SOUTH & LOUISIANA AVENUE EAST,1,1,0,0,1,3,,0,35,0,0,0,0,0,2,2,3
,2016_62961,39.69659,-104.940565,1/19/2016 11:46,11:46,12,0,0,COLORADO BOULEVARD SOUTH & MISSISSIPPI AVENUE EAST,1,1,0,0,1,3,,0,35,0,0,0,0,0,2,2,13
,2016_62962,39.713098,-104.940611,11/2/2016 7:40,7:40,15,0,0,COLORADO BOULEVARD 300 BLOCK SOUTH & ALAMEDA AVENUE EAST,1,1,0,0,1,3,,0,35,0,0,0,0,0,2,2,13
,2016_62963,39.721415,-104.940608,1/20/2016 15:58,15:58,12,0,0,COLORADO BOULEVARD NORTH & SECOND AVENUE EAST,1,1,0,0,1,4,,0,30,0,0,0,0,0,2,3,14
,2016_62964,39.725062,-104.940607,7/22/2016 19:20,19:20,12,0,0,COLORADO BOULEVARD 500 BLOCK NORTH & SIXTH AVENUE EAST,1,3,0,0,1,4,,0,40,0,0,0,0,0,2,2,3
,2016_62965,39.741112,-104.940601,2/19/2016 15:33,15:33,1,0,0,COLORADO BOULEVARD NORTH & 16TH AVENUE EAST,1,1,0,0,1,2,,0,35,0,0,0,0,1,2,2,13
,2016_62966,39.741841,-104.940601,5/5/2016 12:31,12:31,12,0,0,COLORADO BOULEVARD NORTH & 16TH AVENUE EAST,1,1,0,0,1,1,,0,35,0,0,0,0,0,2,2,14
,2016_62967,39.743592,-104.9406,5/20/2016 18:26,18:26,1,0,0,17TH AVENUE EAST  & COLORADO BOULEVARD NORTH,1,1,0,0,1,1,,0,30,0,0,0,0,0,2,2,14
,2016_62968,39.750887,-104.940597,10/30/2016 12:27,12:27,12,0,0,23RD AVENUE EAST & COLORADO BOULEVARD NORTH,1,1,0,0,1,4,,0,35,0,0,0,0,0,2,3,13
,2016_62969,39.761914,-104.940511,10/14/2016 17:15,17:15,12,0,0,MLK BOULEVARD EAST & COLORADO BOULEVARD NORTH,1,1,0,0,1,4,,0,30,0,0,0,0,0,2,2,14
,2016_62970,39.765544,-104.940497,6/24/2016 6:45,6:45,1,0,0,35TH AVENUE EAST & COLORADO BOULEVARD NORTH,1,1,0,0,1,1,,0,30,0,0,0,0,0,2,2,13
,2016_62983,39.725652,-105.053207,2/29/2016 14:35,14:35,12,0,0,SIXTH AVENUE WEST WB OFF RAMP & SHERIDAN BOULEVARD SOUTH,1,1,0,0,1,14,,0,55,0,0,0,0,0,2,2,3
,2016_62984,39.725596,-105.041758,3/15/2016 21:46,21:46,6,0,0,SIXTH AVENUE WEST & PERRY STREET NORTH,1,3,0,0,1,4,,0,55,0,0,0,0,0,2,3,14