id,drcog_id,latitude,longitude,crashtime,time,crashtype,numbkilled,numbinjurd,drcoglocat,rdconditin,lightngcon,roadcntgrd,weatherco,location,roaddescrp,schoolzone,constrzone,splimit,bikeinv,pedinv,sctrinv,motoinv,svrty,rdsystem,ttlvehcls,hcf
,2016_62985,39.725556,-105.039261,5/2/2016 16:20,16:20,12,0,0,SIXTH AVENUE WEST & PERRY STREET,1,1,0,0,1,4,,0,55,0,0,0,0,0,2,4,13
,2016_62986,39.725537,-105.036199,5/30/2016 10:53,10:53,12,0,0,SIXTH AVENUE WEST & MEADE STREET NORTH OFFSET REFERENCE,1,1,1,0,1,4,,0,55,0,0,0,0,0,2,2,1
,2016_62988,39.725541,-105.035083,8/25/2016 15:24,15:24,12,0,0,SIXTH AVENUE WEST & LOWELL BOULEVARD NORTH OFFSET REF,1,1,0,0,1,4,,0,55,0,0,0,0,0,2,2,1
,2016_62989,39.725455,-105.032456,2/18/2016 15:26,15:26,12,0,0,SIXTH AVENUE WB COLLECTOR RAMP & KNOX COURT NORTH,1,1,0,0,1,14,,0,55,0,0,0,0,0,2,2,3
,2016_62990,39.725415,-105.025068,5/19/2016 15:27,15:27,12,0,0,SIXTH AVENUE WEST & FEDERAL BOULEVARD,1,1,0,0,1,4,,0,55,0,0,0,0,0,2,3,13
,2016_62992,39.725211,-105.017885,7/19/2016 19:50,19:50,15,0,0,SIXTH AVENUE WEST & I25,2,1,1,1,1,4,,0,45,0,0,0,0,0,2,3,1
,2016_62993,39.725296,-105.016497,9/18/2016 18:24,18:24,12,0,0,SIXTH AVENUE WEST EASTBOUND OFF RAMP & I25 SOUTHBOUND,1,1,1,0,1,14,,0,30,0,0,0,0,0,2,2,8
,2016_62994,39.725545,-105.012704,5/9/2016 8:22,8:22,12,0,0,SIXTH AVENUE WEST & I25,1,1,2,0,1,4,,0,45,0,0,0,0,1,2,3,14
,2016_62995,39.779244,-104.949727,5/23/2016 7:32,7:32,15,0,0,STEELE STREET NORTH & I70 EASTBOUND ON RAMP,1,1,0,0,1,1,,0,25,0,0,0,0,0,2,2,8
,2016_62996,39.779447,-104.949726,4/21/2016 16:55,16:55,1,0,0,46TH AVENUE EAST & STEELE STREET NORTH,1,1,0,0,1,1,,0,30,0,0,0,0,0,2,2,14
,2016_62997,39.779447,-104.949726,6/9/2016 20:45,20:45,12,0,0,STEELE STREET NORTH & 46TH AVENUE EAST,2,3,0,1,1,1,,0,35,0,0,0,0,0,2,2,13
,2016_62998,39.780055,-104.949721,10/21/2016 10:30,10:30,3,0,0,VASQUEZ BOULEVARD NORTH & I70 WB OFF RAMP,1,1,0,0,1,1,,0,30,0,0,0,0,0,2,2,1
,2016_62999,39.782088,-104.949402,5/13/2016 17:42,17:42,3,0,0,STEELE STREET NORTH & 4650,1,1,0,0,1,2,,0,30,0,0,0,0,0,2,2,13
,2016_63040,39.76416,-105.001304,7/1/2016 23:55,23:55,5,0,0,I25 NORTHBOUND & 20TH STREET,1,3,1,1,2,4,,0,55,0,0,0,0,1,1,1,14
,2016_63059,39.729265,-105.014796,2/21/2016 2:00,2:00,12,0,0,I25 & EIGHTH AVENUE WEST,1,3,0,0,1,4,,0,55,0,0,0,0,1,1,2,5
,2016_63075,39.63902,-104.910116,10/6/2016 21:40,21:40,12,0,0,I25 & MM 200.5,1,3,0,0,1,4,,0,65,0,0,0,0,0,1,4,13
,2016_63076,39.648862,-104.915875,6/6/2016 6:08,6:08,5,0,0,I25 & HAMPDEN AVENUE EAST,1,1,0,0,2,4,,0,55,0,0,0,0,1,1,1,14
,2016_63077,39.653259,-104.918319,10/23/2016 11:27,11:27,12,0,0,I25 & HAMPDEN AVENUE EAST,1,1,0,0,1,4,,0,55,0,0,0,0,1,1,2,13
,2016_63078,39.664183,-104.923264,10/24/2016 19:02,19:02,12,0,2,I25 & MM 202.4,1,3,0,0,1,4,,0,65,0,0,0,0,2,1,3,14
,2016_63079,39.664683,-104.923563,10/13/2016 22:00,22:00,12,0,0,I25 & YALE AVENUE EAST,1,3,1,0,1,14,,0,65,0,0,0,0,0,1,2,13
,2016_63080,39.666928,-104.925103,11/2/2016 16:08,16:08,15,0,0,I25 & YALE AVENUE EAST,1,1,0,0,1,4,,0,55,0,0,0,0,0,1,2,13
,2016_63081,39.674961,-104.930643,7/13/2016 12:01,12:01,5,0,0,I25 NORTHBOUND RAMP OFF GORE POINT & EVANS AVENUE EAST,1,1,1,0,3,14,,0,65,0,0,0,0,0,1,1,8
,2016_63082,39.678257,-104.933464,1/21/2016 18:49,18:49,12,0,0,I25 HIGHWAY NORTHBOUND RAMP OFF & EVANS AVENUE EAST,1,3,1,0,1,14,,0,35,0,0,0,0,0,1,2,3
,2016_63083,39.678367,-104.933559,9/13/2016 8:23,8:23,15,0,0,I25 & EVANS AVENUE EAST APPROXIMATELY,1,1,0,0,1,4,,0,60,0,0,0,0,0,1,2,14
,2016_63084,39.678367,-104.933559,12/24/2016 16:15,16:15,12,0,0,I25 & EVANS AVENUE,1,3,0,0,1,1,,0,25,0,0,0,0,0,1,2,13
,2016_63085,39.740257,-105.013939,7/15/2016 12:10,12:10,12,0,0,I25 & COLFAX AVENUE WEST INTCH,1,1,1,0,1,4,,0,55,0,0,0,0,0,1,2,13
,2016_63086,39.683094,-104.940452,12/29/2016 16:40,16:40,12,0,0,I25 & COLORADO BOULEVARD SOUTH,1,2,0,0,1,4,,0,60,0,0,0,0,0,1,3,5
,2016_63087,39.684158,-104.944536,10/6/2016 0:01,0:01,5,0,2,I25 & COLORADO BOULEVARD SOUTH,1,4,3,0,2,4,,1,50,0,0,0,0,2,1,1,14
,2016_63088,39.68492,-104.950436,1/8/2016 6:40,6:40,15,0,0,I25 & STEELE STREET SOUTH,4,3,0,2,1,4,,0,55,0,0,0,0,0,1,2,1
,2016_63089,39.68492,-104.950436,1/29/2016 18:09,18:09,12,0,0,I25 & STEELE STREET SOUTH,1,3,0,0,1,4,,0,55,0,0,0,1,1,1,2,1
,2016_63090,39.68492,-104.959509,3/28/2016 15:29,15:29,15,0,0,UNIVERSITY BOULEVARD SOUTH & I25 NORTHBOUND OFF RAMP,1,1,1,0,1,4,,0,45,0,0,0,0,0,1,2,14
,2016_63091,39.687864,-104.969064,4/19/2016 7:26,7:26,12,0,0,I25 SOUTHBOUND OFF RAMP & FRANKLIN STREET SOUTH,2,1,1,1,1,14,,0,60,0,0,0,0,1,1,2,2
,2016_63092,39.688104,-104.969545,4/5/2016 7:15,7:15,15,0,0,I25 SOUTHBOUND ON RAMP & DOWNING STREET SOUTH,1,1,1,0,1,14,,0,55,0,0,0,0,0,1,2,1
,2016_63093,39.690588,-104.974506,8/16/2016 15:10,15:10,12,0,0,I25 & EMERSON STREET SOUTH,1,1,0,0,1,4,,0,65,0,0,0,0,0,1,2,13
,2016_63094,39.69219,-104.976782,2/4/2016 8:14,8:14,12,0,0,I25 & EMERSON STREET SOUTH,1,1,1,0,1,4,,0,60,0,0,0,0,0,1,2,12
,2016_63095,39.69219,-104.976782,7/15/2016 18:30,18:30,12,0,0,I25 & EMERSON STREET SOUTH,2,1,0,1,1,4,,0,50,0,0,0,0,1,1,2,13
,2016_63096,39.701466,-104.987451,7/22/2016 17:19,17:19,12,0,0,I25 & BROADWAY SOUTH,1,1,0,0,1,4,,0,55,0,0,0,0,0,1,2,13
,2016_63097,39.704549,-104.99438,1/26/2016 17:46,17:46,12,0,0,I25  & SANTA FE DRIVE RAMP,1,3,1,0,1,4,,0,55,0,0,0,0,0,1,2,13
,2016_63098,39.707118,-104.996779,9/26/2016 8:49,8:49,12,0,0,I25 & SANTA FE DRIVE SOUTH APPROXIMATELY,1,1,1,0,1,4,,0,55,0,0,0,0,0,1,3,3
,2016_63100,39.709875,-104.998115,1/15/2016 15:07,15:07,15,0,0,I25 NORTHBOUND ON RAMP FLYOVER & NORTHBOUND ENTRANCE GORE POINT,1,1,0,0,1,14,,0,55,0,0,0,0,0,1,2,13
,2016_63101,39.709875,-104.998115,8/12/2016 5:51,5:51,12,0,0,I25 NORTHBOUND ON FLYOVER  & NORTHBOUND ENTRANCE GORE POINT,1,1,1,0,1,14,,0,60,0,0,0,0,1,1,2,13
,2016_63103,39.710698,-104.998599,2/4/2016 12:05,12:05,15,0,1,I25 & ALAMEDA AVENUE WEST,1,1,1,0,1,4,,0,55,0,0,0,0,2,1,2,13
,2016_63104,39.711112,-104.998846,5/5/2016 11:00,11:00,10,0,0,I25 SOUTHBOUND EXIT GORE POINT  & SOUTHBOUND RAMP OFF TO ALAMEDA,1,1,0,0,1,4,,0,55,0,0,0,0,0,1,2,7
,2016_63105,39.711387,-104.999011,2/9/2016 16:17,16:17,12,0,0,I25 SOUTHBOUND & ALAMEDA AVENUE WEST OVER PASS,1,1,0,0,1,4,,0,55,0,0,0,0,0,1,2,13
,2016_63106,39.712076,-104.999424,2/5/2016 6:30,6:30,12,0,0,I25 HIGHWAY SOUTHBOUND  & ALAMEDA AVENUE WEST,1,2,0,0,1,4,,0,55,0,0,0,0,0,1,2,13
,2016_63107,39.712352,-104.999588,8/16/2016 16:37,16:37,12,0,0,I25 & ALAMEDA AVENUE WEST,1,1,0,0,1,4,,0,60,0,0,0,0,0,1,2,13
,2016_63108,39.714925,-105.00119,9/13/2016 9:28,9:28,12,0,0,I25 & ALAMEDA AVENUE WEST,1,1,0,0,1,4,,0,55,0,0,0,0,0,1,4,13
,2016_63109,39.72102,-105.008165,9/29/2016 14:39,14:39,15,0,0,I25 & SIXTH AVENUE SOUTHBOUND ENTRANCE GORE POINT,1,1,1,0,1,4,,0,65,0,0,0,0,0,1,2,1
,2016_63110,39.721776,-105.008994,9/29/2016 13:59,13:59,15,0,0,I25 SOUTHBOUND ON RAMP FROM SIXTH & RAMP END GORE POINT,1,1,1,0,1,14,,0,45,0,0,0,0,0,1,2,13
,2016_63111,39.722268,-105.009616,1/29/2016 12:23,12:23,12,0,0,I25  & SIXTH AVENUE WB RAMP ON,1,1,0,0,1,4,,0,55,0,0,0,0,0,1,2,13
,2016_63112,39.722268,-105.009616,2/16/2016 6:40,6:40,15,0,0,I25  & SIXTH AVENUE WB RAMP ON,1,2,1,0,1,4,,0,55,0,0,0,0,0,1,2,13
,2016_63113,39.72244,-105.009858,3/31/2016 3:00,3:00,12,0,0,I25 & SIXTH AVENUE INTERCHANGE,1,3,0,0,1,4,,0,55,0,0,0,0,0,1,2,5
,2016_63114,39.722669,-105.010181,6/11/2016 10:07,10:07,12,0,0,I25 HIGHWAY NORTHBOUND RAMP OFF  & GORE POINT TO SIXTH AVENUE WEST,1,1,0,0,1,14,,0,55,0,0,0,0,0,1,2,8
,2016_63115,39.723662,-105.011457,9/26/2016 8:52,8:52,15,0,0,I25 & SIXTH AVENUE WEST,1,1,0,0,1,4,,0,65,0,0,0,0,0,1,2,3
,2016_63116,39.723881,-105.011684,7/25/2016 12:18,12:18,12,0,1,I25 & SIXTH AVENUE,1,1,0,0,1,4,,0,55,0,0,0,0,2,1,4,3
,2016_63117,39.724815,-105.012562,6/10/2016 15:30,15:30,15,0,0,I25 SOUTHBOUND  & EIGHTH AVENUE WEST INTERCHANGE,1,1,0,0,1,4,,0,55,0,0,0,0,0,1,2,5
,2016_63118,39.779967,-104.989161,11/22/2016 12:50,12:50,5,0,0,I25 SOUTHBOUND & I70 INTERCHANGE,1,1,0,0,1,4,,0,55,0,0,0,0,0,1,2,13
,2016_63119,39.724932,-105.012646,1/20/2016 19:08,19:08,15,0,0,SIXTH AVENUE WEST EASTBOUND EXIT RAMP & I25 HIGHWAY SOUTHBOUND EXIT GORE POINT,1,3,1,0,1,14,,0,55,0,0,0,0,0,1,2,13
,2016_63120,39.725281,-105.012899,1/22/2016 19:16,19:16,12,0,0,I25 HIGHWAY NORTHBOUND & SIXTH AVENUE INTERCHANGE,1,3,0,0,1,4,,0,55,0,0,0,0,0,1,2,3
,2016_63121,39.728497,-105.01452,4/15/2016 7:15,7:15,15,0,0,I25 SOUTHBOUND ON RAMP & EIGHTH AVENUE WEST INTERCHANGE,1,1,0,0,1,14,,0,55,0,0,0,0,0,1,2,14
,2016_63122,39.735284,-105.014728,4/19/2016 7:00,7:00,12,0,0,I25 & 12TH AVENUE WEST,2,1,1,1,1,4,,0,55,0,0,0,0,0,1,2,3
,2016_63123,39.736258,-105.014263,10/8/2016 12:30,12:30,12,0,0,I25 & 13TH AVENUE WEST OFFSET REF,1,1,0,0,1,4,,0,55,0,0,0,0,0,1,2,12
,2016_63124,39.738382,-105.013839,2/5/2016 14:50,14:50,12,0,0,I25 & AURARIA PARKWAY,1,1,0,0,1,14,,0,55,0,0,0,0,0,1,2,13
,2016_63125,39.739303,-105.013867,11/12/2016 18:10,18:10,12,0,0,I25 NORTHBOUND  & AURARIA PARKWAY,1,3,0,0,1,4,,0,55,0,0,0,0,0,1,2,13
,2016_63126,39.739886,-105.0139,12/13/2016 7:34,7:34,12,0,0,I25 & COLFAX AVENUE WEST,1,1,1,0,1,4,,0,55,0,0,0,0,0,1,2,1
,2016_63127,39.740257,-105.013939,7/13/2016 12:26,12:26,12,0,0,I25 NORTHBOUND & COLFAX AVENUE WEST,1,1,0,0,1,4,,0,55,0,0,0,0,0,1,3,1
,2016_63128,39.740257,-105.013939,10/17/2016 6:35,6:35,12,0,0,I25 SOUTHBOUND & COLFAX AVENUE WEST,1,2,0,0,1,4,,0,55,0,0,0,0,0,1,3,3
,2016_63129,39.74163,-105.014388,8/30/2016 13:55,13:55,15,0,0,I25 NORTHBOUND ON RAMP FROM & SANTA FE DRIVE SOUTH,1,1,1,0,1,14,,0,45,0,0,0,0,0,1,2,14
,2016_63130,39.74163,-105.014388,4/14/2016 14:27,14:27,15,0,0,I25 SOUTHBOUND ON RAMP & AURARIA PARKWAY,1,1,1,0,1,14,,0,45,0,0,0,0,0,1,2,13
,2016_63131,39.782847,-104.989147,5/19/2016 6:02,6:02,5,0,0,I25 SOUTHBOUND OFF RAMP & I70 EB/WB RAMP SPLIT,1,1,0,0,3,14,,0,55,0,0,0,0,1,1,1,13
,2016_63132,39.742179,-105.014799,12/17/2016 17:40,17:40,12,0,0,I25 & AURARIA PARKWAY OFF RAMP TO COLFAX,10,3,0,0,1,4,,0,55,0,0,0,0,0,1,4,13
,2016_63133,39.743973,-105.016617,10/10/2016 10:51,10:51,12,0,0,I25 & 17TH AVENUE OFFSET REF,1,1,0,0,1,4,,0,55,0,0,0,0,0,1,2,1
,2016_63134,39.74749,-105.018114,5/25/2016 16:50,16:50,12,0,0,I25 & 20TH STREET MILE HIGH,1,1,0,0,1,4,,0,55,0,0,0,0,0,1,2,1
,2016_63135,39.74749,-105.018114,4/30/2016 0:54,0:54,5,0,0,I25 SOUTHBOUND RAMP & MILE HIGH STADIUM CIRCLE SOUTHBOUND COLLECTOR,2,3,0,1,3,14,,0,35,0,0,0,0,0,1,1,5
,2016_63136,39.751295,-105.016566,2/24/2016 11:51,11:51,12,0,0,I25 & 23RD AVENUE WEST,1,1,0,0,1,4,,0,55,0,0,0,0,0,1,2,3
,2016_63137,39.755118,-105.012754,4/30/2016 13:56,13:56,12,0,0,I25 & SPEER BOULEVARD NORTH,2,1,0,1,1,4,,0,55,0,0,0,0,0,1,3,13
,2016_63138,39.757155,-105.0099,2/5/2016 18:02,18:02,12,0,0,I25 & 15TH STREET,1,3,1,0,1,4,,0,55,0,0,0,0,0,1,2,13
,2016_63139,39.757155,-105.0099,11/3/2016 15:44,15:44,12,0,0,I25 & 15TH STREET,1,1,1,0,1,4,,0,55,0,0,0,0,1,1,2,13
,2016_63140,39.760997,-105.004271,8/27/2016 13:06,13:06,12,0,0,I25 SOUTHBOUND & 20TH STREET,1,1,0,0,1,4,,0,55,0,0,0,0,0,1,2,13
,2016_63141,39.762149,-105.002891,11/10/2016 7:55,7:55,12,0,0,I25 & 20TH STREET,1,1,0,0,1,4,,0,55,0,0,0,0,0,1,2,3
,2016_63142,39.768049,-104.994761,6/3/2016 8:00,8:00,1,0,0,PARK AVENUE WEST 3500 BLOCK & I25 ON RAMP NORTHBOUND,1,1,1,0,1,1,,0,35,0,0,0,0,1,1,2,13
,2016_63143,39.778066,-104.989183,10/19/2016 11:15,11:15,5,0,0,I25  & I70 INTERCHANGE,1,1,0,0,2,14,,0,65,0,0,0,0,0,1,1,14
,2016_63144,39.779967,-104.989161,5/22/2016 15:15,15:15,12,0,0,I25 & I70,1,1,0,0,1,4,,0,55,0,0,0,0,0,1,2,13
,2016_63201,39.711166,-105.036001,1/19/2016 7:45,7:45,12,0,0,WEST ALAMEDA AVENUE & SOUTH MEADE STREET,2,1,0,0,1,4,,0,35,0,0,0,0,0,2,2,13
,2016_63202,39.711077,-105.025075,4/5/2016 20:15,20:15,15,0,0,ALAMEDA AVENUE WEST & FEDERAL BOULEVARD SOUTH,1,3,0,0,1,3,,0,35,0,0,0,0,0,2,2,13
,2016_63203,39.711184,-105.00657,1/9/2016 10:56,10:56,12,0,0,ALAMEDA AVENUE WEST & PECOS STREET SOUTH,8,1,0,0,1,4,,0,35,0,0,0,0,0,2,2,13
,2016_63204,39.711201,-104.999073,9/6/2016 16:10,16:10,15,0,0,ALAMEDA AVENUE WEST & I25,1,1,0,0,1,3,,0,30,0,0,0,0,0,2,2,13
,2016_63205,39.653097,-104.901634,9/3/2016 16:30,16:30,1,0,0,HAMPDEN AVENUE EAST & 7500 BLOCK,1,1,0,0,1,2,,0,5,0,0,0,0,1,2,2,13
,2016_63206,39.653087,-104.900126,1/25/2016 14:38,14:38,12,0,0,HAMPDEN AVENUE EAST & TAMARAC DRIVE SOUTH,1,1,1,0,1,1,,0,40,0,0,0,0,0,2,2,14
,2016_63207,39.653077,-104.898619,6/11/2016 20:06,20:06,12,0,0,HAMPDEN AVENUE EAST & TAMARAC DRIVE SOUTH,1,2,0,0,1,3,,0,45,0,0,0,0,0,2,2,3
,2016_63208,39.653077,-104.898619,9/8/2016 13:50,13:50,3,0,0,TAMARAC DRIVE SOUTH & HAMPDEN AVENUE EAST,1,1,0,0,1,1,,0,30,0,0,0,0,0,2,2,3
,2016_63209,39.653077,-104.898619,11/18/2016 18:10,18:10,12,0,0,TAMARAC DRIVE 3300 BLOCK SOUTH & HAMPDEN AVENUE EAST,5,1,0,0,1,1,,0,40,0,0,0,0,0,2,2,13
,2016_63210,39.653541,-104.868354,10/13/2016 15:27,15:27,5,0,0,HAMPDEN AVENUE EAST & GALENA STREET SOUTH ROAD NORTH,14,1,0,0,3,4,,0,40,0,0,0,0,0,2,1,13
,2016_63211,39.656988,-104.866396,10/23/2016 13:42,13:42,12,0,0,GIRARD AVENUE EAST & HAVANA STREET SOUTH,1,1,0,0,1,4,,0,35,0,0,0,0,0,2,2,13
,2016_63212,39.660018,-104.866322,10/4/2016 11:24,11:24,12,0,0,HAVANA STREET SOUTH & DARTMOUTH AVENUE EAST,1,1,0,0,1,3,,0,30,0,0,0,0,0,2,2,13
,2016_63213,39.661658,-104.866281,9/12/2016 7:57,7:57,12,0,0,HAVANA STREET & CORNELL AVENUE EAST,1,1,1,0,1,4,,0,40,0,0,0,0,0,2,2,13
,2016_63223,39.740005,-104.987167,11/29/2016 22:27,22:27,12,0,0,COLFAX AVENUE & BROADWAY STREET NORTH,1,3,1,0,1,3,,0,30,0,0,0,0,0,2,2,4
,2016_63232,39.782799,-104.900904,6/17/2016 16:15,16:15,12,0,0,NORTHFIELD QUEBEC STREET NORTH & I70,1,1,0,0,1,4,,0,35,0,0,0,0,0,2,2,13
,2016_63270,39.740343,-105.031217,8/16/2016 6:55,6:55,3,0,0,COLFAX AVENUE WEST & IRVING STREET NORTH,1,1,0,0,1,1,,0,30,0,0,0,0,1,2,2,13
,2016_63271,39.740344,-105.029902,4/12/2016 8:06,8:06,15,0,0,IRVING STREET SOUTHBOUND 1500 BLOCK & COLFAX AVENUE WEST,1,1,0,0,1,1,,0,30,0,0,0,0,0,2,2,14
,2016_63272,39.740185,-104.957457,3/28/2016 7:35,7:35,12,0,0,EAST COLFAX AVENUE & NORTH COLUMBINE STREET,1,1,0,0,1,3,,0,30,0,0,0,0,0,2,2,13
,2016_63273,39.740048,-104.999933,1/29/2016 10:31,10:31,12,0,0,COLFAX AVENUE WEST & KALAMATH STREET NORTH,1,1,0,0,1,4,,0,35,0,0,0,0,0,2,2,14
,2016_63274,39.74003,-104.996398,11/21/2016 16:44,16:44,12,0,0,COLFAX AVENUE EAST & GLENARM PLACE,1,1,0,0,1,3,,0,30,0,0,0,0,0,2,2,13
,2016_63275,39.740185,-104.957457,11/3/2016 18:03,18:03,6,0,0,COLFAX AVENUE EAST & COLUMBINE STREET NORTH,1,1,1,0,1,3,,0,25,0,0,0,0,0,2,2,13
,2016_63276,39.740005,-104.987167,5/19/2016 0:54,0:54,3,0,0,BROADWAY NORTH & COLFAX AVENUE EAST,1,3,0,0,1,1,,0,30,0,0,0,0,1,2,2,13
,2016_63277,39.740005,-104.987167,9/10/2016 3:21,3:21,12,0,0,COLFAX AVENUE & BROADWAY,1,3,0,0,1,1,,0,30,0,0,0,0,0,2,2,14
,2016_63278,39.740005,-104.987167,9/11/2016 16:45,16:45,15,0,0,COLFAX AVENUE WEST & BROADWAY NORTH,1,1,0,0,1,3,,0,30,0,0,0,0,0,2,2,7
,2016_63279,39.740049,-104.986167,10/6/2016 18:51,18:51,12,0,0,LINCOLN STREET & COLFAX AVENUE EAST,1,2,0,0,1,3,,0,30,0,0,0,0,1,2,2,3
,2016_63280,39.740041,-104.983728,8/15/2016 17:00,17:00,3,0,0,COLFAX AVENUE EAST & GRANT STREET NORTH,1,1,0,0,1,1,,0,30,0,0,0,0,0,2,2,14
,2016_63281,39.740034,-104.982978,7/8/2016 23:59,23:59,6,0,0,COLFAX AVENUE EAST & GRANT STREET 2800 BLOCK,1,1,0,0,1,4,,0,30,0,0,0,0,0,2,2,13
,2016_63282,39.740018,-104.981104,10/4/2016 14:25,14:25,12,0,0,COLFAX AVENUE & PENNSYLVANIA STREET NORTH,1,1,0,0,1,4,,0,30,0,0,0,0,0,2,2,13
,2016_63283,39.740003,-104.967234,5/13/2016 13:10,13:10,12,0,0,COLFAX AVENUE EAST & GILPIN STREET NORTH,1,1,0,0,1,1,,0,30,0,0,0,0,0,2,2,13
,2016_63284,39.740003,-104.967234,12/24/2016 3:08,3:08,14,0,0,COLFAX AVENUE EAST & GILPIN STREET NORTH,1,3,0,0,1,3,,0,30,0,0,0,0,0,2,2,2
,2016_63286,39.739974,-104.961014,2/26/2016 15:00,15:00,12,0,0,COLFAX AVENUE 2100 BLOCK EAST & GAYLORD STREET NORTH,1,1,0,0,1,3,,0,30,0,0,0,0,0,2,3,13
,2016_63288,39.740185,-104.957457,12/10/2016 13:07,13:07,1,0,0,COLFAX AVENUE EAST & COLUMBINE STREET,1,1,0,0,1,1,,0,25,0,0,0,0,0,2,2,13
,2016_63289,39.740158,-104.949366,9/7/2016 6:50,6:50,3,0,0,STEELE STREET NORTH ROAD SOUTH & COLFAX AVENUE EAST,1,1,0,0,1,1,,0,30,0,0,0,0,0,2,2,13
,2016_63290,39.740149,-104.946543,11/5/2016 15:11,15:11,6,0,1,COLFAX AVENUE EAST & MADISON STREET NORTH,1,1,0,0,1,1,,0,30,0,0,0,0,2,2,2,14
,2016_63291,39.74006,-104.937359,2/7/2016 21:47,21:47,3,0,0,COLFAX AVENUE EAST & BELLAIRE STREET NORTH,1,3,0,0,1,1,,0,30,0,0,0,0,1,2,3,8
,2016_63292,39.740081,-104.916313,4/11/2016 12:51,12:51,1,0,0,EAST COLFAX AVENUE & NORTH KRAMERIA STREET,1,1,0,0,1,1,,0,35,0,0,0,0,0,2,2,13
,2016_63293,39.740082,-104.912743,1/4/2016 10:12,10:12,12,0,0,EAST COLFAX AVENUE & NORTH MONACO STREET,1,1,0,0,1,1,,0,35,0,0,0,0,0,2,2,13
,2016_63294,39.740082,-104.912367,1/2/2016 17:14,17:14,12,0,0,COLFAX AVENUE 6400 BLOCK EAST & MONACO PARKWAY NORTH,1,3,0,0,1,1,,0,35,0,0,0,0,0,2,2,3
,2016_63296,39.740082,-104.911615,10/2/2016 5:40,5:40,3,0,0,COLFAX AVENUE EAST & MONACO PARKWAY NORTHBOUND ROAD EAST,1,1,0,0,1,1,,0,,0,0,0,0,0,2,2,13
,2016_63297,39.740083,-104.911052,11/9/2016 12:00,12:00,12,0,0,COLFAX AVENUE 6600 BLOCK EAST & MAGNOLIA STREET,1,1,0,0,1,4,,0,35,0,0,0,0,0,2,2,7
,2016_63298,39.740085,-104.898651,11/1/2016 16:06,16:06,1,0,0,COLFAX AVENUE EAST & SYRACUSE STREET NORTH,1,1,0,0,1,1,,0,35,0,0,0,0,0,2,2,13
,2016_63299,39.717712,-105.004262,12/25/2016 17:00,17:00,5,0,0,I25 & ALAMEDA AVENUE WEST,1,3,0,0,2,4,,0,55,0,0,0,0,0,1,1,5
,2016_63342,39.778258,-104.896608,12/12/2016 16:02,16:02,9,0,0,I270 EASTBOUND DIRECT CONNECT & I70,1,1,0,0,2,4,,0,65,0,0,0,0,1,1,1,1
,2016_63356,39.704652,-104.995443,9/13/2016 23:20,23:20,5,0,0,I25 SOUTHBOUND RAMP ON & SANTA FE NORTHBOUND FLYOVER NEW CONFIG,1,3,1,0,2,14,,1,,0,0,0,0,0,1,1,13
,2016_63362,39.780749,-104.992534,5/13/2016 8:35,8:35,12,0,0,I70 & I25,1,1,0,0,1,4,,0,55,0,0,0,0,0,1,2,1
,2016_63363,39.780058,-104.9894,1/8/2016 5:38,5:38,15,0,0,I70 & I25,5,3,0,2,1,4,,0,55,0,0,0,0,1,1,2,7
,2016_63364,39.780058,-104.9894,10/14/2016 8:03,8:03,12,0,0,I70 & I25,1,1,0,0,1,4,,0,55,0,0,0,0,1,1,2,14
,2016_63365,39.779991,-104.989038,10/31/2016 17:27,17:27,12,0,0,I70 WB OFF RAMP I25 NORTHBOUND & INTERCHANGE STR,1,1,0,0,1,14,,0,55,0,0,0,0,1,1,2,13
,2016_63366,39.77996,-104.988855,3/4/2016 19:55,19:55,5,0,0,I70 WB OFF RAMP & I25 SOUTHBOUND,1,3,1,0,3,14,,0,55,0,0,0,0,1,1,1,1
,2016_63367,39.779441,-104.979019,8/19/2016 21:39,21:39,1,0,0,WASHINGTON STREET NORTH & I70 EASTBOUND RAMPS,1,3,0,0,1,1,,0,,0,0,0,0,0,1,2,13
,2016_63368,39.779942,-104.966087,1/11/2016 4:05,4:05,15,0,0,I70 EASTBOUND LANE END MERGE & HIGHWAY 265 / BRIGHTON BOULEVARD INTERCHANGE,1,3,0,0,1,4,,0,55,0,0,0,0,0,1,2,13
,2016_63369,39.779942,-104.966087,3/4/2016 16:00,16:00,12,0,0,I70 & BRIGHTON BOULEVARD NORTH,1,1,0,0,1,4,,0,55,0,0,0,0,0,1,2,3
,2016_63370,39.773999,-104.846793,1/15/2016 11:00,11:00,15,0,0,I70 & PEORIA STREET NORTH,1,1,0,0,1,3,,0,55,0,0,0,0,0,1,2,14
,2016_63371,39.779942,-104.966087,12/18/2016 10:21,10:21,12,0,0,I70 & BRIGHTON BOULEVARD,4,1,0,0,1,4,,0,55,0,0,0,0,0,1,3,14
,2016_63373,39.779951,-104.965881,5/18/2016 14:42,14:42,12,0,0,I70 EASTBOUND ON SLIP RAMP & BRIGHTON BOULEVARD,1,1,0,0,1,1,,0,30,0,0,0,0,0,1,2,14
,2016_63374,39.780011,-104.962118,7/5/2016 16:07,16:07,12,0,0,I70 & BRIGHTON BOULEVARD,1,1,1,0,1,4,,0,55,0,0,0,0,0,1,2,14
,2016_63375,39.780016,-104.953383,12/2/2016 15:18,15:18,12,0,0,I70 & VASQUEZ BOULEVARD  APPROXIMATELY,1,1,0,0,1,4,,0,55,0,0,0,0,1,1,2,3
,2016_63376,39.779999,-104.949951,4/13/2016 15:50,15:50,12,0,0,I70 & STEELE STREET,1,1,0,0,1,4,,0,55,0,0,0,0,0,1,2,13