id,drcog_id,latitude,longitude,crashtime,time,crashtype,numbkilled,numbinjurd,drcoglocat,rdconditin,lightngcon,roadcntgrd,weatherco,location,roaddescrp,schoolzone,constrzone,splimit,bikeinv,pedinv,sctrinv,motoinv,svrty,rdsystem,ttlvehcls,hcf
,2016_63975,39.632979,-104.906245,8/29/2016 13:58,13:58,15,0,0,I25 NORTHBOUND MERGE LANE  & BELLEVIEW AVENUE EAST APPROXIMATELY,2,1,1,1,1,4,,0,65,0,0,0,0,0,1,2,13
,2016_63976,39.633614,-104.90654,5/18/2016 17:58,17:58,12,0,0,I25  & I225 HIGHWAY NORTHBOUND,1,1,0,0,1,4,,0,65,0,0,0,0,0,1,3,14
,2016_63977,39.639103,-104.91017,3/17/2016 15:33,15:33,12,0,0,I25 & QUINCY AVENUE,1,1,0,2,1,4,,0,55,0,0,0,0,0,1,2,13
,2016_63979,39.639103,-104.91017,8/24/2016 9:50,9:50,12,0,0,I25 & QUINCY AVENUE EAST,1,1,0,0,1,4,,0,55,0,0,0,0,0,1,2,13
,2016_63980,39.639435,-104.910388,2/19/2016 17:49,17:49,12,0,0,I25 & I225 NORTHBOUND OFF RAMP GORE POINT,1,3,0,0,1,4,,0,55,0,0,0,0,0,1,2,5
,2016_63981,39.64994,-104.9165,8/11/2016 1:35,1:35,5,0,0,I25 SOUTHBOUND & HAMPDEN AVENUE EAST,1,4,0,0,2,4,,0,60,0,0,0,0,0,1,1,5
,2016_63982,39.652745,-104.918076,3/19/2016 8:37,8:37,15,0,0,I25 & HAMPDEN AVENUE EAST,5,1,0,2,1,4,,0,65,0,0,0,0,0,1,2,7
,2016_63983,39.654542,-104.918927,2/19/2016 19:25,19:25,12,0,0,I25  & YALE AVENUE EAST,1,3,0,0,1,4,,0,65,0,0,0,0,0,1,2,7
,2016_63984,39.665411,-104.924027,12/28/2016 16:37,16:37,15,0,0,I25 & MM 202.5,1,2,0,0,1,4,,0,60,0,0,0,0,0,1,2,14
,2016_63985,39.668067,-104.92591,5/16/2016 11:16,11:16,15,0,0,I25 & YALE AVENUE EAST,2,1,1,1,1,4,,0,65,0,0,0,0,0,1,3,3
,2016_63986,39.675629,-104.931187,8/29/2016 10:25,10:25,12,0,0,I25 NORTHBOUND & EVANS AVENUE EAST,1,1,0,0,1,4,,0,55,0,0,0,0,1,1,2,13
,2016_63987,39.682905,-104.939724,2/2/2016 13:42,13:42,5,0,0,I25 & MM 204,2,1,0,4,2,4,,0,60,0,0,0,0,0,1,1,14
,2016_63988,39.683094,-104.940452,9/23/2016 6:25,6:25,15,0,0,I25 & COLORADO BOULEVARD SOUTH,1,1,0,0,1,4,,1,60,0,0,0,0,0,1,2,13
,2016_63990,39.685259,-104.963253,6/10/2016 18:18,18:18,12,0,0,I25 SOUTHBOUND RAMP & SOUTHBOUND ON / OFF RAMP MERGE,1,1,1,0,1,14,,0,60,0,0,0,0,1,1,2,5
,2016_63991,39.690276,-104.973883,7/22/2016 22:53,22:53,15,0,0,I25 SOUTHBOUND & DOWNING STREET SOUTH,1,3,0,0,1,4,,0,60,0,0,0,0,0,1,2,13
,2016_63992,39.694456,-104.979276,11/1/2016 8:21,8:21,12,0,0,I25 & WASHINGTON STREET SOUTH,1,1,0,0,1,4,,0,55,0,0,0,0,1,1,3,13
,2016_63993,39.697504,-104.982761,12/9/2016 16:11,16:11,15,0,0,I25 & LOGAN STREET,1,1,0,0,1,4,,0,55,0,0,0,0,0,1,2,13
,2016_63994,39.699461,-104.985,4/14/2016 8:09,8:09,12,0,0,I25 SOUTHBOUND ON RAMP & BROADWAY,1,1,0,0,1,14,,0,60,0,0,0,0,0,1,2,13
,2016_63995,39.700838,-104.986681,6/13/2016 19:29,19:29,12,0,0,BROADWAY STREET 800 BLOCK SOUTH & I25 SOUTHBOUND OFF RAMP,2,1,0,2,1,4,,0,30,0,0,0,0,0,1,2,13
,2016_63996,39.700838,-104.986681,9/26/2016 11:58,11:58,15,0,0,BROADWAY & KENTUCKY AVENUE WEST,1,1,0,0,1,4,,0,20,0,0,0,0,0,1,2,13
,2016_63997,39.700838,-104.986681,1/26/2016 18:00,18:00,12,0,0,KENTUCKY  & I25 HIGHWAY SOUTHBOUND,1,2,0,0,1,1,,0,35,0,0,0,0,0,1,2,13
,2016_63998,39.701466,-104.987451,9/12/2016 6:52,6:52,12,0,0,I25 & BROADWAY SOUTH,1,1,0,0,1,4,,0,55,0,0,0,0,0,1,3,3
,2016_63999,39.768049,-104.994761,9/17/2016 23:18,23:18,5,0,0,38TH AVENUE WEST & FOX STREET NORTH,1,3,1,0,3,1,,0,35,0,0,0,0,0,1,1,5
,2016_64000,39.701466,-104.987451,10/6/2016 1:21,1:21,1,0,0,BROADWAY SOUTH & I25,1,3,0,0,1,1,,0,30,0,0,0,0,1,1,2,3
,2016_64001,39.707118,-104.996779,6/17/2016 15:32,15:32,12,0,0,I25 HIGHWAY NORTHBOUND & SANTA FE DRIVE SOUTH INTERCHANGE,1,1,0,0,1,4,,0,55,0,0,0,0,0,1,2,3
,2016_64002,39.711525,-104.999094,11/28/2016 18:29,18:29,12,0,0,I25 NORTHBOUND & ALAMEDA AVENUE WEST APPROXIMATELY,1,3,1,0,1,4,,0,55,0,0,0,0,0,1,2,13
,2016_64004,39.750728,-105.016824,4/23/2016 16:49,16:49,12,0,1,I25 & 23RD AVENUE NORTHBOUND EXIT GORE POINT,1,1,0,0,1,4,,0,55,0,0,0,0,2,1,2,13
,2016_64005,39.71413,-105.000671,6/11/2016 11:30,11:30,12,0,0,I25 HIGHWAY NORTHBOUND  & ALAMEDA AVENUE WEST NORTHBOUND / SOUTHBOUND RAMPS,1,1,0,0,1,4,,0,55,0,0,0,1,0,1,2,13
,2016_64006,39.720911,-105.008046,5/6/2016 15:00,15:00,12,0,1,I25 & WEST EIGHTH AVENUE,1,1,0,0,1,4,,0,55,0,0,0,0,2,1,2,7
,2016_64007,39.72102,-105.008165,1/5/2016 7:11,7:11,12,0,0,I25 & THIRD AVENUE WEST,1,1,0,0,1,4,,0,55,0,0,0,0,0,1,2,13
,2016_64008,39.722135,-105.009438,5/17/2016 15:30,15:30,15,0,0,I25  & FOURTH AVENUE WEST,1,1,0,0,1,4,,0,55,0,0,0,0,0,1,2,13
,2016_64009,39.72244,-105.009858,6/16/2016 10:55,10:55,12,0,0,I25 HIGHWAY SOUTHBOUND  & SIXTH AVENUE INTERCHANGE,1,1,1,0,1,4,,0,55,0,0,0,0,1,1,3,13
,2016_64010,39.72244,-105.009858,9/24/2016 11:35,11:35,12,0,0,I25 & SIXTH AVENUE WEST,1,1,0,0,1,4,,0,65,0,0,0,0,1,1,5,7
,2016_64011,39.723536,-105.011305,5/22/2016 20:25,20:25,12,0,0,I25 & SIXTH AVENUE WEST INTERCHANGE,1,3,1,0,1,14,,0,45,0,0,0,0,0,1,2,14
,2016_64012,39.724815,-105.012562,5/7/2016 16:50,16:50,10,0,0,I25 SOUTHBOUND RAMP SPLIT NORTHBOUND 'G' / SOUTHBOUND 'E' & SIXTH AVENUE INTERCHANGE,2,1,1,1,1,14,,0,55,0,0,0,0,0,1,2,1
,2016_64013,39.725281,-105.012899,1/14/2016 14:44,14:44,15,0,0,I25 & SIXTH AVENUE INTERCHANGE,1,1,0,0,1,4,,0,55,0,0,0,0,0,1,3,1
,2016_64014,39.725281,-105.012899,3/3/2016 19:48,19:48,5,0,0,I25 & SIXTH AVENUE INTERCHANGE,1,3,0,0,1,4,,0,55,0,0,0,0,0,1,2,3
,2016_64015,39.725281,-105.012899,7/7/2016 10:52,10:52,15,0,0,I25 & SIXTH AVENUE INTERCHANGE,1,1,1,0,1,4,,0,55,0,0,0,0,1,1,3,1
,2016_64016,39.725281,-105.012899,7/21/2016 19:22,19:22,12,0,0,I25 NORTHBOUND & SIXTH AVENUE INTERCHANGE,1,1,0,0,1,4,,0,55,0,0,0,0,0,1,3,13
,2016_64017,39.711184,-105.004151,3/30/2016 15:59,15:59,1,0,0,ALAMEDA AVENUE WEST & NAVAJO STREET SOUTH,2,1,0,2,1,2,,0,35,0,0,0,0,0,2,2,7
,2016_64018,39.725281,-105.012899,8/15/2016 10:51,10:51,12,0,0,I25 NORTHBOUND & SIXTH AVENUE INTERCHANGE,1,1,0,0,1,4,,0,55,0,0,0,0,0,1,3,3
,2016_64019,39.725281,-105.012899,8/15/2016 13:53,13:53,12,0,0,I25 NORTHBOUND & SIXTH AVENUE INTERCHANGE,1,1,0,0,1,4,,0,55,0,0,0,0,0,1,3,13
,2016_64020,39.725966,-105.013394,9/21/2016 14:40,14:40,9,0,0,I25 SOUTHBOUND OFF RAMP TO & SIXTH AVENUE WEST,1,1,0,0,1,14,,0,55,0,0,0,0,0,1,1,13
,2016_64021,39.726138,-105.013495,6/29/2016 15:09,15:09,12,0,0,I25 HIGHWAY NORTHBOUND RAMP OFF  & SIXTH AVENUE WEST,1,1,1,0,1,14,,1,55,0,0,0,0,0,1,2,7
,2016_64022,39.727867,-105.014753,10/9/2016 4:02,4:02,5,0,0,I25SB RAMP OFF & SIXTH AVENUE WEST,1,3,1,0,2,14,,0,45,0,0,0,0,1,1,1,5
,2016_64023,39.731026,-105.015398,8/26/2016 17:30,17:30,15,0,0,I25 NORTHBOUND & RAMP ON MERGE LANE FRM SIXTH AVENUE,1,1,0,0,1,14,,0,55,0,0,0,0,0,1,2,14
,2016_64024,39.734812,-105.014964,4/28/2016 22:00,22:00,12,0,0,I25 & MM 200.9,2,3,0,1,1,4,,0,65,0,0,0,0,0,1,2,14
,2016_64025,39.736873,-105.014064,10/15/2016 17:42,17:42,15,0,0,I25 & COLFAX AVENUE,1,1,0,0,1,4,,0,,0,0,0,0,0,1,3,13
,2016_64026,39.740455,-105.013961,6/5/2016 2:00,2:00,5,0,0,I25 NORTHBOUND ON RAMP FROM & COLFAX AVENUE WEST,1,4,1,0,2,14,,0,55,0,0,0,0,0,1,1,5
,2016_64027,39.74163,-105.014388,6/13/2016 12:10,12:10,12,0,0,I25 NORTHBOUND & COLFAX AVENUE WEST,2,1,0,0,1,4,,0,65,0,0,0,0,0,1,2,1
,2016_64028,39.743493,-105.016113,11/15/2016 10:12,10:12,12,0,0,I25 NORTHBOUND  & 17TH AVENUE WEST,1,1,0,0,1,4,,0,55,0,0,0,0,1,1,4,3
,2016_64029,39.749701,-105.017257,10/6/2016 6:48,6:48,15,0,0,I25 NORTHBOUND & 22ND AVENUE WEST,2,1,0,1,1,4,,0,55,0,0,0,0,0,1,5,13
,2016_64031,39.751295,-105.016566,2/16/2016 9:00,9:00,15,0,0,I25 SOUTHBOUND & 23RD AVENUE WEST,1,1,0,0,1,4,,0,55,0,0,0,0,0,1,2,13
,2016_64032,39.751295,-105.016566,8/31/2016 18:32,18:32,12,0,0,I25 & 23RD AVENUE,1,1,0,0,1,4,,0,55,0,0,0,0,0,1,3,13
,2016_64033,39.755118,-105.012754,4/29/2016 9:35,9:35,12,0,0,I25 & SPEER BOULEVARD NORTH,2,1,0,2,1,4,,0,55,0,0,0,0,0,1,2,1
,2016_64035,39.755118,-105.012754,9/13/2016 13:51,13:51,12,0,0,I25 & SPEER BOULEVARD,1,1,0,0,1,4,,0,65,0,0,0,0,0,1,3,13
,2016_64036,39.755118,-105.012754,11/9/2016 16:08,16:08,12,0,0,I25 NORTHBOUND & SPEER BOULEVARD NORTH,1,1,0,0,1,4,,0,55,0,0,0,0,0,1,4,13
,2016_64037,39.757155,-105.0099,4/7/2016 17:35,17:35,12,0,0,I25 & 15TH STREET,1,1,0,0,1,4,,0,55,0,0,0,0,1,1,2,13
,2016_64038,39.75958,-105.006269,12/29/2016 18:48,18:48,5,0,0,I25 & 20TH STREET EXIT GORE APPROXIMATELY,1,3,0,0,1,4,,0,55,0,0,0,0,0,1,1,7
,2016_64039,39.760743,-105.004666,4/20/2016 18:50,18:50,12,0,0,I25 SOUTHBOUND & 20TH STREET,1,1,0,0,1,4,,0,55,0,0,0,0,1,1,3,13
,2016_64040,39.760997,-105.004271,6/29/2016 15:45,15:45,15,0,0,I25 & 20TH STREET,1,1,1,0,1,4,,0,55,0,0,0,0,0,1,2,13
,2016_64041,39.760997,-105.004271,8/23/2016 17:46,17:46,15,0,0,I25 & 20TH STREET,1,1,1,0,1,4,,0,55,0,0,0,0,0,1,2,2
,2016_64042,39.760997,-105.004271,9/9/2016 11:10,11:10,15,0,0,I25 & 20TH STREET,1,1,0,0,1,4,,0,55,0,0,0,0,0,1,2,13
,2016_64043,39.760997,-105.004271,12/6/2016 17:19,17:19,12,0,0,I25 & 20TH STREET,1,3,1,0,1,4,,0,55,0,0,0,0,0,1,2,13
,2016_64044,39.760997,-105.004271,12/6/2016 23:00,23:00,3,0,2,20TH STREET & I25 SOUTHBOUND RAMP,5,3,1,2,1,1,,0,35,0,0,0,0,2,1,2,14
,2016_64045,39.768049,-104.994761,9/22/2016 11:45,11:45,15,0,0,I25 & PARK AVENUE WEST APPROXIMATELY,1,1,1,0,1,4,,0,55,0,0,0,0,0,1,2,13
,2016_64046,39.768049,-104.994761,12/1/2016 15:01,15:01,12,0,0,I25 & PARK AVENUE,1,1,0,0,1,4,,0,55,0,0,0,0,0,1,2,13
,2016_64047,39.768049,-104.994761,10/6/2016 8:10,8:10,3,0,0,PARK AVENUE WEST & I25 NORTHBOUND LOOP RAMP OFF,2,1,0,1,1,1,,0,35,0,0,0,0,0,1,2,13
,2016_64048,39.783135,-104.989146,5/20/2016 17:00,17:00,12,0,0,I25 & I70,1,1,0,0,1,4,,0,55,0,0,0,0,0,1,2,12
,2016_64049,39.786878,-104.989125,10/29/2016 13:15,13:15,12,0,0,I25 RAMP OFF & I70,1,1,1,0,1,4,,0,55,0,0,0,0,0,1,3,1
,2016_64097,39.711129,-105.03286,3/10/2016 19:11,19:11,12,0,0,ALAMEDA AVENUE & MORRISON ROAD WEST,1,3,0,0,1,4,,0,35,0,0,0,0,0,2,2,1
,2016_64098,39.711085,-105.027583,9/9/2016 13:20,13:20,12,0,0,ALAMEDA AVENUE WEST & HAZEL COURT SOUTH,1,1,0,0,1,1,,0,35,0,0,0,0,0,2,2,7
,2016_64099,39.711136,-105.018129,7/25/2016 10:05,10:05,1,0,0,BRYANT STREET SOUTH & ALAMEDA AVENUE WEST,1,1,0,0,1,1,,0,35,0,0,0,0,0,2,2,13
,2016_64100,39.711183,-105.011003,12/23/2016 8:50,8:50,1,0,2,ALAMEDA AVENUE WEST & TEJON STREET SOUTH,1,1,0,0,1,1,,0,30,0,0,0,0,2,2,2,13
,2016_64101,39.653084,-104.91283,1/2/2016 16:06,16:06,15,0,0,MONACO STREET SOUTH & HAMPDEN AVENUE EAST,1,2,0,0,1,1,,0,30,0,0,0,0,0,2,2,13
,2016_64102,39.65308,-104.908671,5/7/2016 14:01,14:01,12,0,1,HAMPDEN AVENUE & ONEIDA WAY SOUTH,2,1,0,1,1,3,,0,45,0,0,0,0,2,2,3,13
,2016_64103,39.653108,-104.905749,7/10/2016 14:19,14:19,10,0,0,HAMPDEN AVENUE 7100 BLOCK EAST & POPLAR STREET SOUTH,1,1,0,0,1,4,,0,45,0,0,0,0,0,2,2,14
,2016_64104,39.653077,-104.898619,1/19/2016 8:10,8:10,12,0,0,EAST HAMPDEN AVENUE & SOUTH TAMARAC DRIVE,2,1,0,2,1,4,,0,40,0,0,0,1,0,2,2,13
,2016_64105,39.65305,-104.884342,6/20/2016 8:38,8:38,15,0,0,HAMPDEN AVENUE EAST & YOSEMITE STREET SOUTH,1,1,0,0,1,1,,0,35,0,0,0,0,0,2,2,13
,2016_64106,39.653025,-104.880769,11/1/2016 6:44,6:44,12,0,0,HAMPDEN AVENUE 9400 BLOCK EAST & AKRON STREET,1,3,0,0,1,4,,0,45,0,0,0,0,0,2,2,13
,2016_64107,39.653024,-104.880212,11/18/2016 17:17,17:17,12,0,0,HAMPDEN AVENUE 9400 BLOCK EAST & AKRON STREET SOUTH,1,3,1,0,1,4,,0,45,0,0,0,0,0,2,3,3
,2016_64108,39.653541,-104.868354,4/18/2016 11:57,11:57,15,0,0,HAVANA STREET SOUTH & GALENA STREET SOUTH,2,1,0,0,1,1,,0,45,0,0,0,0,0,2,3,5
,2016_64125,39.672365,-105.025069,7/15/2016 2:14,2:14,5,0,0,FEDERAL BOULEVARD SOUTH & HARVARD AVENUE WEST,1,3,0,0,3,4,,0,40,0,0,0,0,0,2,1,2
,2016_64132,39.783208,-105.005571,3/23/2016 19:53,19:53,5,0,0,I70 & PECOS STREET NORTH,5,3,1,2,2,4,,0,55,0,0,0,0,0,1,1,13
,2016_64144,39.789479,-104.903312,7/6/2016 9:31,9:31,1,0,0,QUEBEC STREET 5100 BLOCK NORTH & 53RD PLACE EAST,1,1,1,0,1,2,,0,40,0,0,0,0,1,2,2,8
,2016_64178,39.740345,-105.015536,2/1/2016 13:45,13:45,12,0,0,COLFAX AVENUE WEST & I25 SOUTHBOUND OFF RAMP,14,1,1,0,1,1,,0,,0,0,0,0,0,2,2,13
,2016_64179,39.740076,-105.005215,8/25/2016 9:11,9:11,12,0,0,COLFAX AVENUE WEST & OSAGE STREET,1,1,0,0,1,3,,0,35,0,0,0,0,1,2,2,14
,2016_64180,39.740028,-105.002766,3/9/2016 11:40,11:40,1,0,0,COLFAX AVENUE WEST & MARIPOSA STREET NORTH,1,1,1,0,1,1,,0,30,0,0,0,0,1,2,2,10
,2016_64181,39.740038,-105.001446,2/9/2016 13:20,13:20,12,0,0,COLFAX AVENUE WEST & LIPAN STREET NORTH,1,1,0,0,1,3,,0,30,0,0,0,0,0,2,2,5
,2016_64182,39.740038,-104.997854,9/5/2016 15:48,15:48,10,0,0,SPEER BOULEVARD NORTH & COLFAX AVENUE WEST,1,1,0,0,1,1,,0,30,0,0,0,0,0,2,2,13
,2016_64183,39.740013,-104.969683,8/5/2016 17:40,17:40,12,0,0,COLFAX AVENUE EAST & HUMBOLDT STREET NORTH,1,1,0,0,1,3,,0,40,0,0,0,0,0,2,2,13
,2016_64184,39.740149,-104.946543,6/14/2016 17:50,17:50,9,0,0,COLFAX AVENUE & MADISON STREET NORTH,1,1,0,0,1,1,,0,35,0,0,0,0,0,2,2,13
,2016_64185,39.740076,-104.929842,6/7/2016 10:03,10:03,12,0,0,COLFAX AVENUE EAST & ELM STREET NORTH,1,1,0,0,1,3,,0,30,0,0,0,0,1,2,2,13
,2016_64186,39.740077,-104.926836,10/15/2016 17:36,17:36,12,0,0,COLFAX AVENUE EAST & FOREST STREET NORTH,1,1,0,0,1,1,,0,35,0,0,0,0,1,2,2,13
,2016_64187,39.740078,-104.925144,9/16/2016 7:20,7:20,15,0,0,COLFAX AVENUE EAST & 5300 BLOCK,1,2,0,0,1,4,,0,35,0,0,0,0,0,2,2,1
,2016_64188,39.740081,-104.916125,6/13/2016 17:08,17:08,12,0,0,COLFAX AVENUE EAST & KRAMERIA STREET,1,1,1,0,1,1,,0,30,0,0,0,0,1,2,2,12
,2016_64189,39.740082,-104.912367,5/17/2016 9:15,9:15,3,0,0,COLFAX AVENUE EAST WB & MONACO PARKWAY NORTH,1,1,0,0,1,1,,0,35,0,0,0,0,1,2,3,7
,2016_64190,39.740082,-104.912367,6/4/2016 14:16,14:16,12,0,0,MONACO PARKWAY NORTH  & COLFAX AVENUE,1,1,0,0,1,1,,0,30,0,0,0,0,0,2,2,13
,2016_64191,39.740084,-104.905415,10/14/2016 9:15,9:15,15,0,0,COLFAX AVENUE EAST & PONTIAC STREET NORTH,1,1,0,0,1,4,,0,30,0,0,0,0,0,2,2,13
,2016_64192,39.740084,-104.904663,2/15/2016 12:36,12:36,3,0,0,COLFAX AVENUE EAST & POPLAR STREET NORTH,1,1,0,0,1,1,,0,25,0,0,0,0,1,2,2,13
,2016_64193,39.740084,-104.903536,12/15/2016 15:36,15:36,1,0,0,COLFAX AVENUE EAST & QUEBEC STREET NORTH,1,5,1,0,1,1,,0,35,0,0,0,0,1,2,2,13
,2016_64194,39.740086,-104.895268,6/18/2016 1:30,1:30,3,0,0,COLFAX AVENUE EAST & TAMARAC STREET NORTH,1,3,0,0,1,1,,0,30,0,0,0,0,0,2,2,1
,2016_64265,39.783149,-105.006371,7/13/2016 9:20,9:20,12,0,0,I70 & MARIPOSA STREET,1,1,0,0,1,4,,0,55,0,0,0,0,1,1,2,13
,2016_64266,39.783149,-105.006371,7/11/2016 17:51,17:51,3,0,0,PECOS STREET NORTH & 48TH AVENUE WEST,1,1,0,0,1,6,,0,30,0,0,0,0,0,1,2,13
,2016_64267,39.783003,-105.000523,7/25/2016 8:00,8:00,12,0,0,I70 & JASON STREET,1,1,0,0,1,4,,0,55,0,0,0,0,0,1,2,13
,2016_64268,39.780436,-104.991323,4/24/2016 4:34,4:34,15,0,0,I70 MERGE LANE FROM & I25,1,3,1,0,1,4,,0,55,0,0,0,0,0,1,2,13
,2016_64269,39.780058,-104.9894,9/12/2016 7:58,7:58,12,0,0,I70 & I25,1,1,0,0,1,4,,0,55,0,0,0,0,0,1,2,13
,2016_64270,39.779991,-104.989038,12/12/2016 9:12,9:12,12,0,0,I70 & I25,1,1,0,0,1,4,,0,55,0,0,0,0,0,1,2,3
,2016_64271,39.77975,-104.985987,10/14/2016 7:34,7:34,12,0,0,I70 EASTBOUND RAMP ON & I25,1,1,0,0,1,14,,0,45,0,0,0,0,0,1,2,7
,2016_64272,39.779747,-104.985797,11/7/2016 17:15,17:15,12,0,0,I70 WB & I25 NORTHBOUND,1,2,0,0,1,4,,0,55,0,0,0,0,0,1,2,13
,2016_64273,39.779693,-104.982199,4/15/2016 7:45,7:45,15,0,0,I70 EASTBOUND OFF RAMP BEGIN & WASHINGTON STREET,1,1,0,0,1,14,,0,55,0,0,0,0,0,1,2,13
,2016_64274,39.779441,-104.979019,8/16/2016 15:20,15:20,3,0,0,I70 EASTBOUND OFF RAMP & WASHINGTON STREET SOUTH,1,1,1,0,1,1,,0,35,0,0,0,0,0,1,2,13
,2016_64275,39.779914,-104.966704,9/29/2016 14:43,14:43,15,0,0,I70 & BRIGHTON BOULEVARD,1,1,1,0,1,4,,0,55,0,0,0,0,0,1,2,13
,2016_64276,39.779942,-104.966087,9/23/2016 19:50,19:50,5,0,0,I70WB & BRIGHTON BOULEVARD / 46TH AVENUE INTCH,1,3,0,0,1,4,,0,65,0,0,0,0,0,1,2,13
,2016_64277,39.779988,-104.965058,10/3/2016 14:00,14:00,12,0,0,I70 & BRIGHTON BOULEVARD,1,1,0,0,1,4,,0,65,0,0,0,0,0,1,2,3
,2016_64278,39.780012,-104.959789,3/29/2016 8:25,8:25,15,0,0,I70 & YORK STREET NORTH,1,1,0,0,1,4,,0,55,0,0,0,0,0,1,2,7
,2016_64279,39.780016,-104.953576,6/21/2016 6:15,6:15,12,0,0,I70 & VASQUEZ BOULEVARD  BOULEVARD,1,1,0,0,1,4,,0,55,0,0,0,0,0,1,2,1
,2016_64280,39.780016,-104.953383,7/19/2016 15:23,15:23,12,0,0,I70 & VASQUEZ BOULEVARD,1,1,0,0,1,4,,0,55,0,0,0,0,0,1,3,13
,2016_64281,39.779951,-104.940041,7/27/2016 5:54,5:54,15,0,0,I70 WB OFF RAMP & COLORADO BOULEVARD NORTH,1,1,0,0,1,14,,0,35,0,0,0,0,1,1,2,5
,2016_64282,39.778316,-104.922027,1/31/2016 3:58,3:58,5,0,0,I70 & HOLLY STREET NORTH,2,3,0,2,3,4,,0,55,0,0,0,0,1,1,1,5
,2016_64283,39.778285,-104.917487,11/7/2016 18:22,18:22,12,0,0,I70 & KEARNEY STREET,1,3,0,0,1,4,,0,55,0,0,0,0,0,1,4,13
,2016_64284,39.778289,-104.912566,5/31/2016 14:14,14:14,12,0,0,I70 WB & MONACO STREET NORTH,1,1,0,0,1,4,,0,55,0,0,0,0,0,1,2,13
,2016_64285,39.778291,-104.909286,6/7/2016 9:02,9:02,15,0,0,I70 APPROXIMATELY & MONACO STREET WB OFF RAMP,1,1,0,0,1,4,,0,55,0,0,0,0,0,1,3,1
,2016_64286,39.778292,-104.90801,11/28/2016 5:53,5:53,15,0,0,I70 & NORTHFIELD QUEBEC STREET,1,1,0,0,1,4,,0,55,0,0,0,0,0,1,2,2
,2016_64287,39.778295,-104.903454,2/26/2016 8:50,8:50,12,0,0,I70 & QUEBEC STREET NORTH,1,1,0,0,1,4,,0,55,0,0,0,0,0,1,2,13
,2016_64288,39.778297,-104.900538,12/22/2016 14:43,14:43,12,0,0,I70 & WB OFF RAMP TO QUEBEC STREET,1,1,0,0,1,4,,0,65,0,0,0,0,0,1,2,14
,2016_64289,39.778275,-104.896817,11/12/2016 21:50,21:50,12,0,0,I70 & I270 FLYOVER,1,3,0,0,1,4,,0,55,0,0,0,0,0,1,3,7
,2016_64290,39.77811,-104.894234,12/11/2016 10:51,10:51,5,0,0,I70 EASTBOUND OFF RAMP TO CENTRAL PARK & ENTRANCE GORE POINT,1,1,0,0,2,14,,0,55,0,0,0,0,1,1,1,14
,2016_64291,39.777139,-104.882953,1/14/2016 15:22,15:22,12,0,0,I70 & CENTRAL PARK BOULEVARD NORTH,1,1,0,0,1,4,,0,55,0,0,0,0,0,1,2,3
,2016_64292,39.777139,-104.882953,10/28/2016 7:45,7:45,12,0,0,I70 & CENTRAL PARK BOULEVARD NORTH,1,1,0,0,1,4,,0,55,0,0,0,0,0,1,2,13
,2016_64293,39.776741,-104.878614,12/19/2016 10:00,10:00,12,0,0,I70 WB & CENTRAL PARK BOULEVARD NORTH,2,1,0,0,1,4,,0,55,0,0,0,0,0,1,2,13
,2016_64294,39.775875,-104.868607,10/14/2016 7:55,7:55,12,0,0,I70 & HAVANA STREET NORTH,1,1,0,0,1,4,,0,55,0,0,0,0,0,1,2,1
,2016_64295,39.775605,-104.865465,8/9/2016 21:20,21:20,5,0,2,I70 & HAVANA STREET,2,3,0,1,2,4,,1,55,0,0,0,0,2,1,2,7
,2016_64297,39.775573,-104.865095,4/25/2016 8:48,8:48,12,0,0,I70 WB & HAVANA STREET NORTH,1,1,1,0,1,4,,1,45,0,0,0,0,0,1,3,14
,2016_64298,39.775573,-104.865095,5/20/2016 18:17,18:17,15,0,0,I70 & NORTH HAVANA STREET,1,1,0,0,1,4,,0,55,0,0,0,0,0,1,2,13
,2016_64299,39.775446,-104.863616,4/11/2016 21:30,21:30,15,0,0,I70 & HAVANA STREET NORTH,1,3,0,0,1,4,,0,,0,0,0,0,0,1,2,14
,2016_64300,39.774794,-104.856036,9/27/2016 8:16,8:16,12,0,0,I70 & PEORIA NORTH,1,1,0,0,1,4,,0,55,0,0,0,0,0,1,2,3
,2016_64301,39.774142,-104.848457,6/15/2016 8:25,8:25,12,0,0,I70 & NORTH PEORIA STREET,1,1,0,0,1,4,,0,55,0,0,0,0,0,1,2,13
,2016_64302,39.773999,-104.846793,6/13/2016 11:00,11:00,15,0,0,I70 & NORTH PEORIA STREET,1,1,0,0,1,4,,0,55,0,0,0,0,1,1,2,8
,2016_64304,39.773999,-104.846793,8/19/2016 20:50,20:50,12,0,0,I70 EASTBOUND OFF RAMP & PEORIA STREET NORTH,2,3,0,1,1,14,,0,,0,0,0,0,1,1,2,13
,2016_64305,39.773999,-104.846793,4/28/2016 13:04,13:04,10,0,0,PEORIA STREET NORTH & I70 WB RAMP,2,1,0,1,1,1,,0,35,0,0,0,0,0,1,2,7
,2016_64306,39.773999,-104.846793,9/23/2016 9:00,9:00,12,0,0,PEORIA STREET NORTH & I70 WB RAMPS,1,1,0,0,1,1,,0,40,0,0,0,0,0,1,2,13
,2016_64307,39.773983,-104.846608,10/28/2016 14:47,14:47,15,0,0,I70 & PEORIA STREET,1,1,1,0,1,4,,0,55,0,0,0,0,0,1,2,13
,2016_64308,39.77357,-104.841802,6/13/2016 10:58,10:58,15,0,0,I70 & SALEM STREET,1,1,0,0,1,4,,0,55,0,0,0,0,0,1,2,13