id,drcog_id,latitude,longitude,crashtime,time,crashtype,numbkilled,numbinjurd,drcoglocat,rdconditin,lightngcon,roadcntgrd,weatherco,location,roaddescrp,schoolzone,constrzone,splimit,bikeinv,pedinv,sctrinv,motoinv,svrty,rdsystem,ttlvehcls,hcf
,2016_64309,39.773554,-104.841617,3/24/2016 12:01,12:01,12,0,0,I70 WB ON RAMP FROM & I225 NORTHBOUND FLYOVER,2,1,0,0,1,14,,0,55,0,0,0,0,0,1,2,1
,2016_64378,39.672505,-104.867951,9/9/2016 14:08,14:08,3,0,3,PARKER ROAD SOUTH & HARVARD AVENUE EAST ROAD SOUTHWEST,1,1,1,0,1,3,,0,25,0,0,0,0,2,2,2,14
,2016_64382,39.698614,-104.903606,8/19/2016 16:30,16:30,12,0,0,PARKER ROAD SOUTH & QUEBEC STREET SOUTH,1,1,0,0,1,3,,0,35,0,0,0,0,0,2,2,13
,2016_64383,39.702954,-104.912867,8/16/2016 8:06,8:06,12,0,0,MONACO STREET SOUTH & LEETSDALE DRIVE,1,1,1,0,1,1,,0,35,0,0,0,0,0,2,2,13
,2016_64384,39.707328,-104.922192,7/25/2016 16:24,16:24,12,0,0,HOLLY STREET SOUTH & LEETSDALE DRIVE,1,1,1,0,1,4,,0,25,0,0,0,0,0,2,2,3
,2016_64386,39.709064,-104.931185,6/27/2016 21:45,21:45,12,0,0,LEETSDALE DRIVE & SOUTH ELM STREET,1,3,0,0,1,2,,0,35,0,0,0,0,1,2,3,13
,2016_64405,39.67774,-104.993507,2/16/2016 10:15,10:15,12,0,0,EVANS AVENUE WEST & SANTA FE DRIVE SOUTH AT RAMP EAST,1,1,1,0,1,3,,0,35,0,0,0,0,0,2,2,13
,2016_64406,39.689481,-104.99207,11/15/2016 9:51,9:51,12,0,0,SANTA FE DRIVE SOUTH & FLORIDA AVENUE WEST,1,1,0,0,1,3,,0,45,0,0,0,0,0,2,2,13
,2016_64407,39.694521,-104.992471,10/21/2016 6:28,6:28,12,0,0,SANTA FE DRIVE 1200 BLOCK SOUTH & ARIZONA AVENUE WEST,1,3,0,0,1,4,,0,45,0,0,0,0,0,2,2,1
,2016_64408,39.696679,-104.991877,8/8/2016 12:00,12:00,15,0,0,SANTA FE DRIVE SOUTH & MISSISSIPPI AVENUE WEST,1,1,0,0,1,1,,0,30,0,0,0,0,0,2,2,13
,2016_64409,39.698766,-104.991856,7/15/2016 10:06,10:06,12,0,0,SANTA FE DRIVE SOUTH & MISSISSIPPI AVENUE WEST,1,1,0,0,1,4,,0,35,0,0,0,0,0,2,2,14
,2016_64410,39.708665,-104.996185,9/16/2016 11:44,11:44,12,0,0,SANTA FE DRIVE SOUTH & I25,1,1,1,0,1,4,,0,25,0,0,0,0,0,2,2,13
,2016_64422,39.724041,-105.025145,12/1/2016 8:19,8:19,12,0,0,FEDERAL BOULEVARD SOUTH & SIXTH AVENUE WEST,1,1,0,0,1,4,,0,35,0,0,0,0,0,2,2,14
,2016_64423,39.71498,-105.025139,7/3/2016 21:51,21:51,3,0,0,FEDERAL BOULEVARD SOUTH & BAYAUD AVENUE WEST,1,3,0,0,1,1,,0,35,0,0,0,0,0,2,2,13
,2016_64424,39.711551,-105.025109,9/22/2016 15:53,15:53,12,0,0,FEDERAL BOULEVARD SOUTH & ALAMEDA AVENUE WEST,1,1,0,0,1,3,,0,35,0,0,0,0,0,2,2,7
,2016_64425,39.711253,-105.025099,11/2/2016 13:02,13:02,12,0,0,FEDERAL BOULEVARD SOUTH & ALAMEDA AVENUE WEST,1,1,0,0,1,3,,0,35,0,0,0,0,0,2,2,7
,2016_64426,39.711104,-105.025094,4/26/2016 12:46,12:46,12,0,0,FEDERAL BOULEVARD SOUTH & ALAMEDA AVENUE WEST,1,1,1,0,1,1,,0,35,0,0,0,0,0,2,2,13
,2016_64427,39.711104,-105.025094,4/28/2016 21:30,21:30,15,0,0,FEDERAL BOULEVARD & ALAMEDA AVENUE,2,3,0,1,1,1,,0,35,0,0,0,0,0,2,2,5
,2016_64428,39.707624,-105.025082,6/5/2016 19:40,19:40,12,0,0,FEDERAL BOULEVARD SOUTH & VIRGINIA AVENUE WEST,1,1,0,0,1,1,,0,35,0,0,0,0,0,2,2,3
,2016_64429,39.707191,-105.025083,8/19/2016 12:48,12:48,12,0,0,FEDERAL BOULEVARD SOUTH & FEDERAL BOULEVARD 500 BLOCK SOUTH,1,1,0,0,1,4,,0,35,0,0,0,0,0,2,2,13
,2016_64430,39.706614,-105.025084,11/18/2016 14:58,14:58,12,0,0,FEDERAL BOULEVARD 550 BLOCK SOUTH & CUSTER PLACE WEST,1,1,0,0,1,4,,0,35,0,0,0,0,0,2,2,14
,2016_64432,39.706036,-105.025086,11/15/2016 16:54,16:54,3,0,0,FEDERAL BOULEVARD SOUTH & 560 SOUTH FEDERAL BOULEVARD,1,2,0,0,1,2,,0,35,0,0,0,0,0,2,2,13
,2016_64433,39.705748,-105.025086,1/24/2016 19:06,19:06,12,0,0,FEDERAL BOULEVARD SOUTH & CENTER AVENUE WEST,1,3,1,0,1,4,,0,40,0,0,0,0,0,2,3,7
,2016_64434,39.705748,-105.025086,4/4/2016 15:47,15:47,15,0,0,FEDERAL BOULEVARD SOUTH & CENTER AVENUE WEST,1,1,0,0,1,2,,0,40,0,0,0,0,0,2,2,7
,2016_64435,39.700406,-105.025085,6/26/2016 1:05,1:05,12,0,0,FEDERAL BOULEVARD SOUTH & KENTUCKY AVENUE WEST,1,3,0,0,1,1,,0,40,0,0,0,0,0,2,2,12
,2016_64436,39.696718,-105.025071,7/4/2016 22:25,22:25,1,0,0,FEDERAL BOULEVARD SOUTH & MISSISSIPPI AVENUE WEST,1,3,0,0,1,1,,0,35,0,0,0,0,0,2,2,13
,2016_64437,39.696128,-105.025068,8/16/2016 0:36,0:36,12,0,0,FEDERAL BOULEVARD SOUTH & MISSISSIPPI AVENUE WEST,1,3,0,0,1,4,,0,35,0,0,0,0,0,2,2,1
,2016_64438,39.690969,-105.025049,7/17/2016 21:58,21:58,12,0,0,FEDERAL BOULEVARD SOUTH & ARKANSAS AVENUE WEST,1,3,0,0,1,4,,0,40,0,0,0,0,0,2,2,1
,2016_64439,39.684925,-105.025026,11/1/2016 16:10,16:10,12,0,0,FEDERAL BOULEVARD SOUTH & COLORADO AVENUE WEST,1,1,1,0,1,1,,0,40,0,0,0,0,0,2,2,8
,2016_64440,39.678775,-105.025035,10/11/2016 14:58,14:58,15,0,0,FEDERAL BOULEVARD SOUTH & EVANS AVENUE WEST,1,1,0,0,1,3,,0,40,0,0,0,0,1,2,2,7
,2016_64441,39.67863,-105.025035,3/8/2016 7:30,7:30,12,0,0,FEDERAL BOULEVARD SOUTH & EVANS AVENUE WEST,1,1,0,0,1,1,,0,35,0,0,0,0,0,2,2,7
,2016_64442,39.67863,-105.025035,10/1/2016 11:19,11:19,12,0,0,FEDERAL BOULEVARD SOUTH & EVANS AVENUE WEST,1,1,0,0,1,3,,0,35,0,0,0,0,0,2,2,1
,2016_64443,39.676736,-105.025046,10/30/2016 19:21,19:21,12,0,0,WARREN AVENUE WEST & FEDERAL BOULEVARD SOUTH,1,3,0,0,1,3,,0,40,0,0,0,0,1,2,3,7
,2016_64445,39.676444,-105.025047,10/19/2016 19:10,19:10,12,0,0,FEDERAL BOULEVARD & 2200 BLOCK SOUTH,1,3,0,0,1,4,,0,40,0,0,0,0,1,2,2,13
,2016_64446,39.675279,-105.025053,2/14/2016 16:38,16:38,3,0,0,FEDERAL BOULEVARD SOUTH & ILIFF AVENUE WEST,1,2,0,0,1,1,,0,25,0,0,0,0,1,2,2,13
,2016_64447,39.660488,-105.025192,8/20/2016 5:35,5:35,3,0,0,FEDERAL BOULEVARD SOUTH & DARTMOUTH AVENUE WEST,1,3,0,0,1,1,,0,,0,0,0,0,0,2,3,14
,2016_64448,39.657834,-105.025255,2/1/2016 17:48,17:48,12,0,0,FEDERAL BOULEVARD SOUTH & FLOYD AVENUE WEST,5,3,1,2,1,3,,0,40,0,0,0,0,0,2,4,7
,2016_64477,39.65363,-105.053095,12/7/2016 8:55,8:55,12,0,0,HAMPDEN AVENUE WB OFF RAMP & SHERIDAN BOULEVARD SOUTH,5,1,1,0,1,3,,0,25,0,0,0,0,0,2,2,13
,2016_64478,39.656087,-105.053224,3/16/2016 7:30,7:30,12,0,0,SHERIDAN BOULEVARD SOUTH & DARTMOUTH AVENUE WEST,1,1,0,0,1,1,,0,40,0,0,0,0,0,2,2,13
,2016_64479,39.695178,-105.053229,8/26/2016 8:00,8:00,12,0,0,SHERIDAN BOULEVARD SOUTH & ARIZONA AVENUE WEST,1,1,0,0,1,3,,0,35,0,0,0,0,0,2,2,12
,2016_64481,39.695178,-105.053229,12/18/2016 16:55,16:55,15,0,0,SHERIDAN BOULEVARD SOUTH & ARIZONA AVENUE WEST,4,2,0,2,1,4,,0,35,0,0,0,0,0,2,2,13
,2016_64485,39.726126,-105.053132,7/5/2016 0:10,0:10,12,0,0,SHERIDAN BOULEVARD NORTH & SIXTH AVENUE WEST,1,3,0,0,1,4,,0,35,0,0,0,0,1,2,2,13
,2016_64486,39.726278,-105.053133,6/15/2016 13:09,13:09,3,0,0,SIXTH AVENUE WEST WB OFF RAMP & SHERIDAN BOULEVARD NORTH,1,1,1,0,1,1,,0,35,0,0,0,0,1,2,2,1
,2016_64487,39.733188,-105.053221,2/22/2016 9:50,9:50,12,0,0,10TH AVENUE WEST & SHERIDAN BOULEVARD NORTH,1,1,0,0,1,3,,0,30,0,0,0,0,0,2,2,13
,2016_64489,39.773844,-105.053238,3/4/2016 14:49,14:49,15,0,0,SHERIDAN BOULEVARD & 4200 BLOCK NORTH,1,1,1,0,1,4,,0,35,0,0,0,0,0,2,2,13
,2016_64492,39.78401,-105.053277,3/12/2016 8:04,8:04,3,0,0,SHERIDAN BOULEVARD NORTH & I70 WB OFF RAMP,1,1,0,0,1,1,,0,35,0,0,0,0,1,2,2,13
,2016_64515,39.61758,-105.091116,10/11/2016 13:40,13:40,12,0,0,WADSWORTH BOULEVARD SOUTH & CRESTLINE AVENUE WEST,1,1,0,0,1,4,,0,45,0,0,0,0,0,2,2,7
,2016_64518,39.638434,-105.081627,10/26/2016 15:06,15:06,12,0,0,WADSWORTH BOULEVARD SOUTH & QUINCY AVENUE WEST,1,1,1,0,1,3,,0,45,0,0,0,0,0,2,2,7
,2016_64602,39.634029,-104.902385,5/4/2016 18:10,18:10,15,0,1,I225 DIRECT CONNECT RAMP SPLIT FROM I2 & OFF TO TAMARAC STREET SOUTH / DTC BOULEVARD SOUTH,1,1,1,0,1,4,,0,35,0,0,0,1,2,1,2,14
,2016_64603,39.634127,-104.902067,1/8/2016 14:28,14:28,12,0,0,I225 & I25 SOUTHBOUND,2,1,0,0,1,4,,0,55,0,0,0,0,0,1,2,3
,2016_64604,39.635522,-104.893462,8/4/2016 10:11,10:11,1,0,1,I225 SOUTHBOUND ON RAMP & TAMARAC STREET,1,1,1,0,1,1,,0,35,0,0,0,0,2,1,2,13
,2016_64605,39.639304,-104.885042,9/15/2016 5:56,5:56,12,0,0,I225 & YOSEMITE STREET,1,1,0,0,1,4,,0,65,0,0,0,0,0,1,2,7
,2016_64606,39.791619,-104.959274,7/20/2016 17:47,17:47,12,0,0,BRIGHTON BOULEVARD NORTH & YORK STREET NORTH ROAD SOUTH,1,1,0,0,1,4,,0,35,0,0,0,0,0,2,2,14
,2016_64607,39.639708,-104.884217,12/30/2016 10:49,10:49,12,0,0,I225 & YOSEMITE STREET,1,1,0,0,1,4,,0,55,0,0,0,0,0,1,3,3
,2016_64608,39.641189,-104.88124,7/16/2016 10:00,10:00,15,0,0,I225 & YOSEMITE STREET NORTHBOUND OFF RAMP,1,1,1,0,1,4,,0,55,0,0,0,0,0,1,2,13
,2016_64632,39.779661,-104.967133,9/3/2016 16:20,16:20,1,0,0,BRIGHTON BOULEVARD & I70 EASTBOUND RAMP ON APPROXIMATELY,1,1,0,0,1,1,,0,35,0,0,0,0,1,2,2,13
,2016_64633,39.780781,-104.966774,4/20/2016 17:39,17:39,1,0,0,46TH AVENUE EAST & BRIGHTON BOULEVARD NORTH,1,1,0,0,1,1,,0,35,0,0,0,0,0,2,2,14
,2016_64634,39.780781,-104.966774,7/29/2016 17:38,17:38,1,0,1,BRIGHTON BOULEVARD & 46TH AVENUE EAST,1,1,0,0,1,1,,0,35,0,0,0,0,2,2,2,7
,2016_64637,39.78305,-104.900925,10/3/2016 16:30,16:30,12,0,0,I270 WB & NORTHFIELD/ QUEBEC STREET,1,1,0,0,1,4,,0,55,0,0,0,0,0,1,2,3
,2016_64638,39.782797,-104.900751,3/3/2016 17:22,17:22,15,0,0,I270 & NORTHFIELD QUEBEC STREET NORTH,1,1,0,0,1,4,,0,55,0,0,0,0,0,1,2,13
,2016_64639,39.778687,-104.897378,6/15/2016 18:02,18:02,12,0,0,I270 & NORTHFIELD QUEBEC STREET,1,1,0,0,1,4,,0,55,0,0,0,0,0,1,2,5
,2016_64642,39.65315,-105.053898,5/5/2016 7:10,7:10,12,0,0,HAMDEN AVENUE WEST & SHERIDAN BOULEVARD SOUTH,1,1,0,0,1,4,,0,55,0,0,0,0,0,2,2,7
,2016_64643,39.654173,-105.040726,3/18/2016 10:00,10:00,5,0,0,HAMPDEN AVENUE WEST & RALEIGH STREET SOUTH,5,1,0,2,2,4,,0,65,0,0,0,0,0,2,1,13
,2016_64656,39.65298,-104.931126,2/22/2016 7:29,7:29,12,0,0,4800 BLOCK EAST HAMPDEN AVENUE & DAHLIA STREET,1,1,0,0,1,4,,0,35,0,0,0,0,0,2,3,3
,2016_64657,39.65298,-104.931126,5/5/2016 8:22,8:22,12,0,0,HAMPDEN AVENUE EAST & HAPPY CANYON ROAD EAST,1,1,0,0,1,4,,0,40,0,0,0,0,1,2,3,1
,2016_64658,39.65298,-104.925278,7/19/2016 15:15,15:15,12,0,0,HAMPDEN AVENUE & GRAPE STREET,1,1,0,0,1,4,,0,45,0,0,0,0,1,2,2,13
,2016_64659,39.76196,-105.025155,3/7/2016 14:30,14:30,1,0,0,FEDERAL BOULEVARD NORTH & 32ND AVENUE WEST,1,1,0,0,1,1,,0,25,0,0,0,0,0,2,2,13
,2016_64660,39.769238,-105.025232,2/22/2016 14:59,14:59,3,0,0,38TH AVENUE WEST & FEDERAL BOULEVARD NORTH,1,1,0,0,1,1,,0,30,0,0,0,0,0,2,2,14
,2016_64661,39.782129,-105.025225,8/11/2016 17:39,17:39,12,0,0,47TH AVENUE WEST & FEDERAL BOULEVARD NORTH,1,1,0,0,1,1,,0,35,0,0,0,0,0,2,2,3
,2016_64662,39.783848,-105.025224,4/13/2016 20:29,20:29,1,0,0,FEDERAL BOULEVARD NORTH & I70 EASTBOUND RAMPS,1,3,0,0,1,1,,0,35,0,0,0,0,0,2,2,13
,2016_64736,39.834134,-104.746852,3/23/2016 23:27,23:27,6,0,0,PENA BOULEVARD INBOUND & E470 EXIT RAMP 6A/6B GORE POINT,12,3,0,2,1,14,,0,65,0,0,0,0,0,2,2,7
,2016_64897,39.775684,-105.025229,6/8/2016 1:45,1:45,5,0,0,FEDERAL BOULEVARD NORTH & 43RD AVENUE WEST,1,3,0,0,3,4,,0,35,0,0,0,0,0,2,1,5
,2016_64926,39.780058,-104.9894,3/23/2016 17:45,17:45,5,0,0,I70 & I25,6,1,1,2,2,4,,0,55,0,0,0,0,0,1,1,13
,2016_64928,39.711247,-105.048593,12/19/2016 0:54,0:54,5,0,0,ALAMEDA AVENUE & 4688 SOUTH,4,3,0,0,3,4,,0,35,0,0,0,0,0,2,1,7
,2016_64938,39.783475,-105.042838,12/18/2016 7:15,7:15,5,0,0,I70 & STUART STREET,4,1,1,0,3,4,,0,55,0,0,0,0,1,1,1,13
,2016_64939,39.738498,-104.990052,9/27/2016 2:34,2:34,5,0,0,14TH AVENUE WEST & BANNOCK STREET NORTH,1,3,0,0,2,3,,0,35,0,0,0,0,0,4,1,13
,2016_64941,39.779634,-104.981451,7/12/2016 0:20,0:20,5,0,0,I70 & WASHINGTON STREET,1,3,1,0,2,4,,0,55,0,0,0,0,0,1,1,13
,2016_64944,39.775573,-104.865095,1/21/2016 14:27,14:27,12,0,0,I70 EASTBOUND & HAVANA STREET NORTH,1,1,0,0,1,4,,0,55,0,0,0,0,0,1,2,13
,2016_64957,39.740009,-104.979979,8/31/2016 11:36,11:36,6,0,0,COLFAX AVENUE EAST & PEARL STREET NORTH,1,1,0,0,1,4,,0,,0,0,0,0,0,2,2,13
,2016_64964,39.783267,-105.008238,9/1/2016 22:00,22:00,9,0,0,I70 & PECOS STREET,1,3,0,0,1,4,,0,,0,0,0,0,0,1,1,13
,2016_64983,39.772885,-104.833853,5/5/2016 3:15,3:15,5,0,0,I70 HIGHWAY EASTBOUND EXIT & SOUTHBOUND ON RAMP TO I225,1,3,0,0,3,4,,0,55,0,0,0,0,0,1,1,1
,2016_64988,39.67843,-104.940638,3/26/2016 19:01,19:01,12,0,0,COLORADO BOULEVARD SOUTH & EVANS AVENUE EAST,2,3,0,0,1,1,,0,35,0,0,0,0,0,2,2,13
,2016_64989,39.679985,-104.940643,11/22/2016 16:48,16:48,12,0,0,COLORADO BOULEVARD & BUCHTEL BOULEVARD / COLORADO CENTER DRIVE,1,3,0,0,1,1,,0,30,0,0,0,0,0,2,2,13
,2016_64990,39.685533,-104.940543,4/29/2016 8:52,8:52,12,0,0,COLORADO BOULEVARD SOUTH & MEXICO AVENUE EAST,2,1,1,1,1,3,,0,35,0,0,0,0,0,2,2,13
,2016_64991,39.685533,-104.940543,5/18/2016 11:45,11:45,15,0,0,COLORADO BOULEVARD SOUTH & MEXICO AVENUE EAST,1,1,0,0,1,1,,0,35,0,0,0,0,0,2,2,13
,2016_64992,39.685533,-104.940543,10/20/2016 10:49,10:49,12,0,0,MEXICO AVENUE EAST & COLORADO AVENUE SOUTH,1,1,0,0,1,3,,0,30,0,0,0,0,1,2,2,1
,2016_64993,39.687027,-104.940544,12/19/2016 12:25,12:25,12,0,0,COLORADO BOULEVARD 1600 BLOCK SOUTH & IOWA AVENUE EAST,2,1,1,0,1,4,,0,35,0,0,0,0,0,2,2,13
,2016_64994,39.68867,-104.940546,4/19/2016 16:04,16:04,15,0,0,COLORADO BOULEVARD SOUTH & FLORIDA AVENUE EAST,1,1,1,0,1,4,,0,40,0,0,0,0,1,2,2,7
,2016_64998,39.713098,-104.940611,9/3/2016 17:48,17:48,12,0,0,COLORADO BOULEVARD SOUTH & ALAMEDA AVENUE EAST,1,1,0,0,1,4,,0,35,0,0,0,0,0,2,2,14
,2016_64999,39.719664,-104.940609,8/26/2016 17:35,17:35,12,0,0,COLORADO BOULEVARD SOUTH & FIRST AVENUE EAST,1,1,0,0,1,1,,0,45,0,0,0,0,0,2,2,3
,2016_65001,39.7255,-104.940607,6/6/2016 14:17,14:17,12,0,0,SIXTH AVENUE EAST & COLORADO BOULEVARD NORTH,1,1,0,0,1,1,,0,35,0,0,0,0,0,2,2,3
,2016_65002,39.7255,-104.940607,6/15/2016 7:50,7:50,15,0,0,COLORADO BOULEVARD NORTH & SIXTH AVENUE EAST,1,1,0,0,1,3,,0,35,0,0,0,0,0,2,2,13
,2016_65003,39.72871,-104.940605,8/9/2016 7:55,7:55,12,0,0,EIGHTH AVENUE EAST & COLORADO BOULEVARD NORTH,1,1,1,0,1,1,,0,30,0,0,0,0,0,2,3,13
,2016_65004,39.730607,-104.940605,8/5/2016 13:52,13:52,12,0,0,COLORADO BOULEVARD NORTH & NINTH AVENUE EAST,1,1,0,0,1,1,,0,35,0,0,0,0,1,2,3,1
,2016_65005,39.736881,-104.940602,5/27/2016 16:25,16:25,3,0,0,13TH AVENUE EAST & COLORADO BOULEVARD NORTH,1,1,0,0,1,1,,0,35,0,0,0,0,0,2,2,14
,2016_65006,39.738485,-104.940602,9/28/2016 13:47,13:47,12,0,0,14TH AVENUE EAST & COLORADO BOULEVARD NORTH,1,1,0,0,1,1,,0,30,0,0,0,0,0,2,2,3
,2016_65007,39.738485,-104.940602,12/7/2016 9:46,9:46,3,0,0,COLORADO BOULEVARD & 14TH AVENUE EAST,5,1,0,2,1,1,,0,30,0,0,0,0,0,2,2,13
,2016_65008,39.740236,-104.940601,11/23/2016 10:39,10:39,12,0,0,COLORADO BOULEVARD NORTH & COLFAX AVENUE EAST,1,1,0,0,1,4,,0,35,0,0,0,0,0,2,2,2
,2016_65009,39.749282,-104.940598,10/19/2016 18:40,18:40,12,0,0,COLORADO BOULEVARD 2200 BLOCK NORTH & 22ND AVENUE EAST,1,3,0,0,1,4,,0,35,0,0,0,0,0,2,4,3
,2016_65010,39.752784,-104.940597,10/11/2016 9:19,9:19,12,0,0,COLORADO BOULEVARD SOUTHBOUND & 25TH AVENUE EAST,1,1,0,0,1,3,,0,35,0,0,0,0,0,2,2,13
,2016_65011,39.754511,-104.940546,11/26/2016 12:40,12:40,3,0,0,COLORADO BOULEVARD NORTH & 26TH AVENUE EAST,1,1,0,0,1,1,,0,30,0,0,0,0,0,2,4,13
,2016_65012,39.764238,-104.940502,4/22/2016 8:35,8:35,12,0,0,COLORADO BOULEVARD 3300 BLOCK NORTH & 34TH AVENUE EAST,1,1,0,0,1,4,,0,35,0,0,0,0,0,2,3,7
,2016_65013,39.765544,-104.940497,8/24/2016 19:02,19:02,1,0,0,COLORADO BOULEVARD NORTH & 35TH AVENUE EAST,1,1,0,0,1,1,,0,35,0,0,0,0,0,2,2,14
,2016_65014,39.77302,-104.940511,4/22/2016 7:29,7:29,12,0,0,40TH AVENUE EAST & COLORADO BOULEVARD NORTH,1,1,0,0,1,1,,0,45,0,0,0,0,1,2,3,3
,2016_65015,39.781079,-104.940491,1/22/2016 12:38,12:38,12,0,0,COLORADO BOULEVARD & I70,1,1,0,0,1,4,,0,55,0,0,0,0,0,2,2,16
,2016_65016,39.784135,-104.94045,3/30/2016 17:07,17:07,3,0,0,COLORADO BOULEVARD & 48TH AVENUE EAST,2,1,0,2,1,1,,0,40,0,0,0,0,1,2,2,1
,2016_65036,39.725652,-105.053207,12/5/2016 12:39,12:39,12,0,0,SIXTH AVENUE WEST WB SLIP OFF RAMP & SHERIDAN BOULEVARD NORTH,1,1,0,0,1,14,,0,35,0,0,0,0,0,2,2,13
,2016_65037,39.725455,-105.032456,6/15/2016 8:20,8:20,12,0,0,SIXTH AVENUE WEST & KNOX COURT NORTH,1,1,1,0,1,4,,0,55,0,0,0,0,0,2,3,3
,2016_65039,39.725428,-105.030972,6/10/2016 9:45,9:45,12,0,0,SIXTH AVENUE WEST & LOWELL BOULEVARD NORTH,1,1,0,0,1,4,,0,45,0,0,0,0,0,2,6,14
,2016_65040,39.725412,-105.023351,5/16/2016 15:23,15:23,15,0,0,SIXTH AVENUE WEST & FEDERAL BLVDN,2,1,0,1,1,4,,0,45,0,0,0,0,0,2,2,7
,2016_65042,39.725283,-105.016697,12/10/2016 16:11,16:11,12,0,0,SIXTH AVENUE & I25,1,1,0,0,1,4,,0,55,0,0,0,0,1,2,2,14
,2016_65077,39.772047,-104.990084,6/5/2016 3:00,3:00,5,0,1,I25 & I70,1,3,1,0,3,4,,0,55,0,0,0,0,2,1,1,14
,2016_65107,39.687566,-104.968441,9/21/2016 7:11,7:11,12,0,0,I25 & FRANKLIN STREET SOUTH,1,1,0,0,1,4,,0,60,0,0,0,0,1,1,2,1
,2016_65118,39.624135,-104.901597,1/5/2016 16:15,16:15,15,0,0,I25 NORTHBOUND ON RAMP & BELLEVIEW AVENUE,6,1,0,2,1,14,,0,45,0,0,0,0,0,1,2,13
,2016_65119,39.624269,-104.901674,6/15/2016 13:25,13:25,12,0,1,I25 HIGHWAY NORTHBOUND RAMP ON METERING LIGHT & BELLEVIEW AVENUE EAST INTERCHANGE,1,1,1,0,1,14,,0,65,0,0,0,0,2,1,2,3
,2016_65120,39.634408,-104.906913,10/26/2016 19:10,19:10,15,0,0,I25 NORTHBOUND RAMP END MERGE LANE & BELLEVIEW AVENUE,1,3,0,0,1,4,,0,65,0,0,0,0,0,1,2,13
,2016_65121,39.63819,-104.909573,8/15/2016 21:20,21:20,12,0,0,I25 & MM 200.4,1,5,0,0,1,4,,1,,0,0,0,0,0,1,2,13
,2016_65122,39.639103,-104.91017,2/11/2016 15:57,15:57,15,0,0,I25 & QUINCY AVENUE EAST,1,1,0,0,1,4,,0,65,0,0,0,0,0,1,2,13
,2016_65123,39.63997,-104.910715,6/28/2016 10:49,10:49,15,0,0,I25 HIGHWAY NORTHBOUND & QUINCY AVENUE EAST,1,1,0,0,1,4,,0,65,0,0,0,0,0,1,3,1
,2016_65125,39.650748,-104.91697,1/13/2016 16:30,16:30,12,0,0,I25 NORTHBOUND OFF RAMP TO & HAMPDEN AVENUE EAST,1,2,1,0,1,14,,0,45,0,0,0,0,1,1,2,3
,2016_65126,39.652873,-104.918137,7/17/2016 20:30,20:30,12,0,0,I25 NORTHBOUND OFF RAMP & HAMPDEN AVENUE WB,1,3,0,0,1,14,,0,45,0,0,0,0,0,1,2,5
,2016_65127,39.667623,-104.925611,9/28/2016 15:15,15:15,12,0,0,I25 & YALE AVENUE EAST,1,1,0,0,1,4,,0,65,0,0,0,0,0,1,2,13
,2016_65128,39.678367,-104.933559,5/26/2016 19:00,19:00,12,0,0,I25 & EVANS AVENUE EAST,2,1,0,1,1,4,,0,60,0,0,0,0,0,1,2,13
,2016_65129,39.678476,-104.933654,10/24/2016 21:06,21:06,12,0,0,I25 & EVANS AVENUE EAST,1,3,0,0,1,4,,0,60,0,0,0,0,0,1,2,13
,2016_65130,39.679954,-104.934975,5/12/2016 0:10,0:10,5,0,1,I25 NORTHBOUND ON RAMP & ON/OFF SPLIT  TO JEWELL,1,3,1,0,3,14,,0,40,0,0,0,0,2,1,1,13
,2016_65131,39.68492,-104.950436,10/21/2016 7:44,7:44,12,0,0,I25 SOUTHBOUND & STEELE STREET SOUTH,1,1,0,0,1,4,,0,60,0,0,0,0,0,1,3,3
,2016_65132,39.684913,-104.951419,2/23/2016 8:30,8:30,12,0,1,I25 & STEELE STREET SOUTH,1,1,0,0,1,4,,0,55,0,0,0,0,2,1,2,1
,2016_65133,39.684916,-104.957839,9/21/2016 19:02,19:02,12,0,0,I25 & UNIVERSITY BOULEVARD SOUTH,1,2,0,0,1,4,,0,60,0,0,0,0,0,1,2,13
,2016_65134,39.711801,-104.999259,7/22/2016 3:40,3:40,5,0,0,I25 SOUTHBOUND & ALAMEDA AVENUE WEST,1,3,1,0,3,4,,0,55,0,0,0,0,0,1,1,1
,2016_65135,39.711525,-104.999094,10/9/2016 15:07,15:07,5,0,0,I25 & ALAMEDA AVENUE WEST,1,1,0,0,2,4,,0,55,0,0,0,0,1,1,1,4
,2016_65136,39.68492,-104.959509,5/24/2016 14:14,14:14,12,0,0,I25 & UNIVERSITY BOULEVARD SOUTH,2,1,0,2,1,4,,0,60,0,0,0,0,0,1,3,13
,2016_65137,39.68492,-104.959509,9/21/2016 14:07,14:07,12,0,0,I25 & UNIVERSITY BOULEVARD SOUTH,1,1,0,0,1,4,,0,60,0,0,0,0,0,1,2,13
,2016_65138,39.690356,-104.974043,3/6/2016 0:10,0:10,5,0,0,I25 & EMERSON STREET SOUTH,1,3,0,0,3,4,,0,60,0,0,0,0,0,1,1,5
,2016_65139,39.694456,-104.979276,7/11/2016 16:39,16:39,12,0,0,I25 NORTHBOUND & WASHINGTON STREET SOUTH,1,1,0,0,1,4,,0,55,0,0,0,0,0,1,3,13
,2016_65140,39.697504,-104.982761,1/25/2016 15:44,15:44,12,0,0,I25 & LOGAN STREET SOUTH,2,1,0,2,1,4,,0,55,0,0,0,0,1,1,3,1
,2016_65141,39.701466,-104.987451,8/29/2016 16:18,16:18,12,0,0,I25 NORTHBOUND & BROADWAY SOUTH INTERCHANGE,2,1,0,0,1,4,,0,55,0,0,0,0,0,1,2,1