id,drcog_id,latitude,longitude,crashtime,time,crashtype,numbkilled,numbinjurd,drcoglocat,rdconditin,lightngcon,roadcntgrd,weatherco,location,roaddescrp,schoolzone,constrzone,splimit,bikeinv,pedinv,sctrinv,motoinv,svrty,rdsystem,ttlvehcls,hcf
,2016_65142,39.70157,-104.987575,11/22/2016 22:00,22:00,12,0,0,I25 & MM 207,1,3,1,0,1,4,,0,55,0,0,0,0,1,1,2,13
,2016_65143,39.703549,-104.991371,1/12/2016 16:42,16:42,12,0,0,I25 & MM 207.25,1,1,0,0,1,4,,0,55,0,0,0,0,0,1,3,14
,2016_65144,39.70738,-104.996907,11/8/2016 15:15,15:15,12,0,0,I25 RAMP ON & SANTA FE DRIVE SOUTH EXIT FOR NB/SB I25,1,1,1,0,1,14,,0,30,0,0,0,0,0,1,3,1
,2016_65145,39.70738,-104.996907,12/25/2016 1:53,1:53,5,0,0,I25 NORTHBOUND ON RAMP FLYOVER & SANTA FE DRIVE SOUTH EXIT FOR NB/SB I25,1,3,1,0,2,14,,0,60,0,0,0,0,1,1,1,13
,2016_65146,39.711112,-104.998846,3/15/2016 21:51,21:51,12,0,0,I25 & SIXTH AVENUE WEST,1,3,0,0,1,4,,0,55,0,0,0,0,0,1,2,8
,2016_65147,39.711525,-104.999094,6/7/2016 14:22,14:22,12,0,0,I25 HIGHWAY NORTHBOUND  & ALAMEDA AVENUE WEST,1,1,0,0,1,4,,1,55,0,0,0,0,0,1,2,13
,2016_65148,39.711525,-104.999094,7/1/2016 14:57,14:57,12,0,0,I25 SOUTHBOUND  & ALAMEDA AVENUE WEST,2,1,1,1,1,4,,0,55,0,0,0,0,0,1,2,3
,2016_65149,39.714395,-105.000844,1/29/2016 19:06,19:06,15,0,0,I25 & MM 208.20,1,3,0,0,1,4,,0,55,0,0,0,0,0,1,3,13
,2016_65150,39.714925,-105.00119,11/5/2016 19:57,19:57,12,0,0,I25 & ALAMEDA AVENUE WEST,1,1,0,0,1,4,,0,55,0,0,0,0,0,1,2,7
,2016_65151,39.721567,-105.00876,1/22/2016 9:17,9:17,12,0,0,I25 NORTHBOUND EXIT LANE & SIXTH AVENUE WEST,1,1,0,0,1,4,,0,55,0,0,0,0,0,1,4,7
,2016_65152,39.722554,-105.010019,1/23/2016 6:22,6:22,12,0,0,I25 NORTHBOUND OFF RAMP  & SIXTH AVENUE EASTBOUND / WB EXIT,1,2,1,0,1,14,,0,55,0,0,0,0,0,1,2,16
,2016_65153,39.723881,-105.011684,11/7/2016 14:49,14:49,15,0,0,I25 SOUTHBOUND & SIXTH AVENUE WEST,1,1,0,0,1,4,,0,55,0,0,0,0,0,1,2,1
,2016_65154,39.724477,-105.012282,10/24/2016 14:20,14:20,12,0,0,I25 SOUTHBOUND ON RAMP & SIXTH AVENUE WEST,1,1,1,0,1,14,,0,45,0,0,0,0,0,1,2,13
,2016_65155,39.724815,-105.012562,4/23/2016 14:40,14:40,12,0,0,I25  & SIXTH AVENUE WEST INTERCHANGE,1,1,0,0,1,4,,0,55,0,0,0,1,0,1,2,13
,2016_65156,39.725281,-105.012899,2/28/2016 13:49,13:49,12,0,0,I25 & SIXTH AVENUE INTERCHANGE,1,1,0,0,1,4,,0,55,0,0,0,0,0,1,2,13
,2016_65157,39.729112,-105.014741,6/15/2016 16:54,16:54,12,0,0,I25 HIGHWAY SOUTHBOUND  & EIGHTH AVENUE WEST INTERCHANGE,1,1,0,0,1,4,,0,55,0,0,0,0,0,1,2,13
,2016_65158,39.729265,-105.014796,1/15/2016 17:14,17:14,12,0,0,I25 & EIGHTH AVENUE WEST INTERCHANGE,1,3,0,0,1,4,,0,55,0,0,0,0,0,1,2,3
,2016_65159,39.76416,-105.001304,10/28/2016 6:28,6:28,5,0,0,I25 SOUTHBOUND & 20TH STREET,1,2,1,0,1,4,,0,55,0,0,0,0,0,1,2,13
,2016_65160,39.730758,-105.015321,12/29/2016 17:56,17:56,12,0,1,I25 & EIGHTH AVENUE WEST,1,3,0,0,1,4,,0,55,0,0,0,0,2,1,3,12
,2016_65161,39.73974,-105.013892,11/9/2016 18:47,18:47,12,0,0,I25 & COLFAX AVENUE WEST,1,2,0,0,1,4,,0,55,0,0,0,0,0,1,3,8
,2016_65162,39.740257,-105.013939,8/4/2016 15:22,15:22,15,0,0,I25 & COLFAX AVENUE WEST,1,1,0,0,1,4,,0,55,0,0,0,0,0,1,2,13
,2016_65163,39.743372,-105.015987,6/1/2016 1:17,1:17,12,0,0,I25 & 17TH AVENUE WEST,2,3,0,1,1,4,,0,60,0,0,0,0,0,1,2,5
,2016_65164,39.755118,-105.012754,2/1/2016 20:32,20:32,15,0,0,I25 & SPEER BOULEVARD NORTH,4,3,0,2,1,4,,0,55,0,0,0,0,0,1,2,14
,2016_65165,39.755118,-105.012754,7/13/2016 16:42,16:42,12,0,0,I25 & SPEER BOULEVARD NORTH,1,1,0,0,1,4,,0,55,0,0,0,0,0,1,3,13
,2016_65166,39.755118,-105.012754,9/19/2016 13:50,13:50,12,0,0,I25 & SPEER BOULEVARD,1,1,0,0,1,4,,0,55,0,0,0,0,0,1,2,13
,2016_65167,39.755118,-105.012754,10/26/2016 11:45,11:45,12,0,0,I25 & SPEER BOULEVARD NORTH,1,1,1,0,1,4,,0,55,0,0,0,0,0,1,2,13
,2016_65168,39.755212,-105.012623,12/7/2016 2:47,2:47,5,0,0,I25 NORTHBOUND ON RAMP & SPEER BOULEVARD NORTH,4,3,1,2,2,14,,0,15,0,0,0,0,0,1,1,5
,2016_65169,39.760663,-105.004795,9/28/2016 16:45,16:45,12,0,0,I25 & 20TH STREET,1,1,0,0,1,4,,0,55,0,0,0,0,0,1,2,7
,2016_65170,39.760997,-105.004271,10/24/2016 17:23,17:23,12,0,0,I25 & 20TH STREET,1,1,1,0,1,4,,0,55,0,0,0,0,0,1,2,13
,2016_65171,39.760997,-105.004271,1/29/2016 10:30,10:30,1,0,0,20TH STREET & I25,1,1,0,0,1,3,,0,30,0,0,0,0,0,1,2,3
,2016_65172,39.760997,-105.004271,2/27/2016 15:13,15:13,12,0,0,20TH STREET & I25 NORTHBOUND RAMP,1,1,1,0,1,1,,0,25,0,0,0,0,0,1,2,5
,2016_65173,39.764296,-105.001204,11/15/2016 17:28,17:28,12,0,0,I25 & SOUTHBOUND 20TH STREET OFF RAMP,1,3,0,0,1,4,,0,35,0,0,0,0,0,1,2,5
,2016_65174,39.768049,-104.994761,3/3/2016 8:11,8:11,12,0,0,I25 & PARK AVENUE WEST,1,1,0,0,1,4,,0,55,0,0,0,0,0,1,2,8
,2016_65175,39.768049,-104.994761,10/30/2016 14:55,14:55,15,0,0,I25 & PARK AVENUE WEST,1,1,0,0,1,4,,0,55,0,0,0,0,0,1,2,14
,2016_65176,39.768522,-104.993732,9/16/2016 15:45,15:45,1,0,0,FOX STREET & I25 SOUTHBOUND RAMP ON,1,1,0,0,1,1,,0,30,0,0,0,0,0,1,2,13
,2016_65177,39.778066,-104.989183,9/9/2016 0:00,0:00,15,0,0,I25 NORTHBOUND RAMP OFF & I70 WB/EB RAMP SPLIT APPROXIMATELY,1,1,0,0,1,14,,0,,0,0,0,0,0,1,2,13
,2016_65178,39.778806,-104.989171,7/27/2016 11:10,11:10,12,0,0,I25 NORTHBOUND & I70 INTERCHANGE,1,1,0,0,1,4,,0,55,0,0,0,0,0,1,3,13
,2016_65179,39.779391,-104.989164,6/28/2016 8:20,8:20,12,0,0,I25 HIGHWAY SOUTHBOUND & I70 HIGHWAY WB INTERCHANGE,1,1,0,0,1,4,,0,55,0,0,0,0,0,1,2,1
,2016_65180,39.779391,-104.989164,11/11/2016 14:30,14:30,12,0,0,I25 & I70,1,1,1,0,1,4,,0,55,0,0,0,0,0,1,2,13
,2016_65181,39.783855,-104.989142,1/13/2016 17:26,17:26,12,0,0,I25 & 48TH AVENUE WEST,1,2,0,0,1,4,,0,55,0,0,0,0,0,1,2,1
,2016_65229,39.711332,-105.053258,7/6/2016 15:08,15:08,3,0,0,SHERIDAN BOULEVARD SOUTH & ALAMEDA AVENUE WEST,1,1,0,0,1,2,,0,35,0,0,0,0,0,2,2,7
,2016_65230,39.711193,-105.042148,7/6/2016 17:35,17:35,3,0,0,ALAMEDA AVENUE WEST & RALEIGH STREET SOUTH,1,1,0,0,1,1,,0,25,0,0,0,0,0,2,2,13
,2016_65231,39.711077,-105.025075,3/28/2016 14:17,14:17,10,0,0,FEDERAL BOULEVARD SOUTH & ALAMEDA AVENUE WEST,1,1,0,0,1,1,,0,35,0,0,0,0,0,2,2,7
,2016_65232,39.711125,-105.015705,2/11/2016 6:45,6:45,1,0,0,ALAMEDA AVENUE WEST & ZUNI STREET SOUTH,1,1,0,0,1,1,,0,35,0,0,0,0,0,2,2,13
,2016_65233,39.711148,-105.013846,1/29/2016 14:30,14:30,15,0,0,ALAMEDA AVENUE WEST & YUMA STREET SOUTH,1,1,0,0,1,4,,0,35,0,0,0,0,0,2,2,9
,2016_65234,39.711184,-105.0075,8/4/2016 8:50,8:50,15,0,0,ALAMEDA AVENUE WEST & RARITAN STREET SOUTH,1,1,0,0,1,4,,0,35,0,0,0,0,0,2,2,12
,2016_65235,39.711184,-105.00062,7/27/2016 14:44,14:44,3,0,0,PLATTE RIVER DRIVE SOUTH & ALAMEDA AVENUE WEST,1,1,0,0,1,1,,0,35,0,0,0,0,0,2,2,7
,2016_65236,39.653083,-104.912649,9/19/2016 13:15,13:15,12,0,1,HAMPDEN AVENUE 6500 BLOCK EAST & MONACO STREET SOUTH,1,1,0,0,1,3,,0,40,0,0,0,0,2,2,3,13
,2016_65238,39.653077,-104.909036,5/5/2016 16:29,16:29,12,0,0,HAMPDEN AVENUE EAST & ONEIDA WAY SOUTH,1,1,0,0,1,1,,0,45,0,0,0,0,1,2,3,3
,2016_65239,39.653118,-104.90465,7/21/2016 11:04,11:04,1,0,1,HAMPDEN AVENUE EAST & POPLAR STREET SOUTH,1,1,1,0,1,1,,0,35,0,0,0,0,2,2,3,13
,2016_65240,39.653114,-104.904085,9/24/2016 15:28,15:28,12,0,0,HAMPDEN AVENUE EAST & POPLAR STREET SOUTH,1,1,1,0,1,4,,0,45,0,0,0,0,0,2,2,13
,2016_65241,39.653113,-104.903896,6/30/2016 8:15,8:15,3,0,0,HAMPDEN AVENUE EAST & POPLAR STREET SOUTH,1,1,0,0,1,2,,0,40,0,0,0,0,0,2,2,7
,2016_65242,39.65306,-104.8854,8/19/2016 16:23,16:23,15,0,0,HAMPDEN AVENUE EAST & 8600 BLOCK,1,1,1,0,1,4,,0,45,0,0,0,0,0,2,2,3
,2016_65243,39.653044,-104.883636,2/13/2016 12:15,12:15,12,0,0,HAMPDEN AVENUE EAST & YOSEMITE STREET SOUTH,1,1,1,0,1,4,,0,40,0,0,0,0,0,2,2,3
,2016_65244,39.65302,-104.87557,9/16/2016 17:15,17:15,3,0,0,DAYTON STREET SOUTH & HAMPDEN AVENUE EAST,1,1,0,0,1,1,,0,45,0,0,0,0,0,2,2,13
,2016_65261,39.777498,-104.903416,5/3/2016 10:00,10:00,12,0,0,QUEBEC STREET & 4500 BLOCK NORTH,1,1,1,0,1,4,,0,45,0,0,0,0,0,2,2,7
,2016_65262,39.779316,-104.903391,3/19/2016 11:40,11:40,12,0,0,NORTHFIELD QUEBEC STREET NORTH & I70 WB RAMPS,1,1,0,0,1,1,,0,40,0,0,0,0,0,2,2,14
,2016_65273,39.740354,-105.049812,1/8/2016 2:58,2:58,6,0,0,COLFAX AVENUE WEST & WINONA STREET NORTH,5,3,0,2,1,4,,0,35,0,0,0,0,0,2,2,5
,2016_65287,39.740334,-105.042865,8/4/2016 18:37,18:37,12,0,0,COLFAX AVENUE WEST & NORTH STUART STREET,1,1,0,0,1,3,,0,,0,0,0,0,0,2,2,13
,2016_65295,39.740007,-104.973426,4/30/2016 0:05,0:05,15,0,0,COLFAX AVENUE EAST & DOWNING STREET NORTH,2,3,0,2,1,4,,0,30,0,0,0,0,0,2,2,14
,2016_65307,39.740082,-104.913871,6/10/2016 16:52,16:52,3,0,0,COLFAX AVENUE EAST & LOCUST STREET NORTH,1,1,0,0,1,1,,0,25,0,0,0,0,0,2,2,8
,2016_65315,39.740337,-105.03892,9/7/2016 8:00,8:00,1,0,0,COLFAX AVENUE WEST & PERRY STREET NORTH,1,1,0,0,1,3,,0,35,0,0,0,0,0,2,2,14
,2016_65316,39.740304,-105.013563,4/2/2016 17:48,17:48,12,0,0,WEST COLFAX AVENUE & I25,1,3,0,0,1,3,,0,35,0,0,0,0,1,2,3,13
,2016_65317,39.74003,-105.002578,5/21/2016 1:58,1:58,12,0,0,NINTH STREET & COLFAX AVENUE WEST,1,3,0,0,1,3,,0,35,0,0,0,0,0,2,2,5
,2016_65318,39.740046,-105.000314,9/15/2016 14:02,14:02,12,0,0,COLFAX AVENUE WEST & KALAMATH STREET NORTH,1,1,0,0,1,4,,0,35,0,0,0,0,1,2,2,13
,2016_65319,39.740042,-104.998686,7/10/2016 19:10,19:10,3,0,0,SPEER BOULEVARD SOUTHBOUND & COLFAX AVENUE WEST,1,1,0,0,1,1,,0,30,0,0,0,0,1,2,2,8
,2016_65321,39.739999,-104.990369,11/30/2016 10:34,10:34,12,0,0,COLFAX AVENUE WEST & BANNOCK STREET,1,1,0,0,1,3,,0,30,0,0,0,0,0,2,3,13
,2016_65322,39.740301,-104.98832,2/1/2016 21:37,21:37,5,0,0,COLFAX AVENUE WEST & CHEYENNE PLACE,4,3,0,2,3,4,,0,30,0,0,0,0,0,2,1,1
,2016_65323,39.740055,-104.985415,10/20/2016 14:05,14:05,12,0,0,COLFAX AVENUE EAST & 100 BLOCK EAST,1,1,1,0,1,1,,0,30,0,0,0,0,0,2,2,13
,2016_65324,39.740007,-104.973426,10/11/2016 21:53,21:53,15,0,0,COLFAX AVENUE 1100 BLOCK EAST & DOWNING STREET NORTH,1,3,0,0,1,3,,0,30,0,0,0,0,0,2,2,13
,2016_65325,39.740007,-104.973239,2/26/2016 14:18,14:18,10,0,0,DOWNING STREET NORTH  & COLFAX AVENUE EAST,1,1,0,0,1,1,,0,30,0,0,0,0,0,2,2,12
,2016_65326,39.740007,-104.973239,9/15/2016 19:20,19:20,15,0,0,COLFAX AVENUE EAST & DOWNING STREET NORTH,1,1,0,0,1,4,,0,30,0,0,0,0,0,2,3,13
,2016_65327,39.740012,-104.969119,10/29/2016 21:14,21:14,6,0,0,COLFAX AVENUE 1512 EAST & FRANKLIN STREET NORTH,1,3,0,0,1,4,,0,30,0,0,0,0,0,2,2,7
,2016_65328,39.740011,-104.96893,9/8/2016 13:00,13:00,6,0,0,COLFAX AVENUE EAST & FRANKLIN STREET NORTH,1,1,0,1,1,4,,0,30,0,0,0,0,0,2,2,13
,2016_65329,39.739985,-104.963275,6/30/2016 21:01,21:01,6,0,0,COLFAX AVENUE 2000 BLOCK EAST & RACE STREET NORTH,1,3,0,0,1,4,,0,35,0,0,0,0,0,2,2,5
,2016_65330,39.740148,-104.946355,8/2/2016 11:13,11:13,3,0,0,COLFAX AVENUE & MADISON STREET NORTH,1,1,0,0,1,3,,0,35,0,0,0,0,0,2,2,13
,2016_65331,39.740064,-104.930763,2/18/2016 17:23,17:23,6,0,0,COLFAX AVENUE EAST & 4800 BLOCK EAST,1,1,0,0,1,4,,0,,0,0,0,0,0,2,3,2
,2016_65332,39.740078,-104.925708,8/16/2016 7:45,7:45,3,0,0,COLFAX AVENUE EAST & GLENCOE STREET NORTH,1,1,0,0,1,1,,0,30,0,0,0,0,0,2,2,7
,2016_65333,39.740081,-104.916125,4/24/2016 22:45,22:45,3,0,0,KRAMERIA STREET NORTH  & COLFAX AVENUE EAST,1,3,0,0,1,1,,0,35,0,0,0,0,0,2,2,13
,2016_65334,39.740082,-104.913871,10/26/2016 9:00,9:00,15,0,0,COLFAX AVENUE EAST & LOCUST STREET NORTH,1,1,0,0,1,1,,0,35,0,0,0,0,0,2,2,13
,2016_65335,39.740082,-104.912367,9/14/2016 11:15,11:15,12,0,0,MONACO PARKWAY NORTHBOUND ROAD EAST & COLFAX AVENUE EAST,1,1,0,0,1,1,,0,30,0,0,0,0,1,2,3,3
,2016_65337,39.740084,-104.904663,2/6/2016 14:52,14:52,1,0,0,COLFAX AVENUE EAST & POPLAR STREET NORTH,1,1,0,0,1,1,,0,35,0,0,0,0,0,2,2,14
,2016_65390,39.784211,-105.025084,12/7/2016 16:08,16:08,12,0,0,I70 WB OFF RAMP & FEDERAL BOULEVARD,9,1,0,0,1,14,,0,55,0,0,0,0,0,1,2,14
,2016_65391,39.783934,-105.022112,11/11/2016 15:05,15:05,12,0,0,I70 & FEDERAL BOULEVARD,1,1,1,0,1,4,,0,55,0,0,0,0,0,1,4,13
,2016_65392,39.783579,-105.018356,8/7/2016 10:00,10:00,5,0,0,I70 & BEACH COURT,1,1,1,0,3,4,,0,55,0,0,0,0,0,1,1,1
,2016_65393,39.783154,-105.006964,4/25/2016 7:20,7:20,12,0,0,I70 RAMP EASTBOUND ON TO & PECOS INTERCHANGE APPROXIMATELY,1,1,1,0,1,14,,0,55,0,0,0,0,0,1,2,1
,2016_65394,39.783141,-105.006578,4/3/2016 20:00,20:00,15,0,0,I70 EASTBOUND ENTRANCE GORE POINT FROM & PECOS STREET,1,3,1,0,1,14,,0,55,0,0,0,0,0,1,2,13
,2016_65395,39.783149,-105.006371,3/14/2016 6:49,6:49,12,0,0,I70 & PECOS STREET NORTH,1,2,1,0,1,4,,0,55,0,0,0,0,0,1,3,3
,2016_65396,39.783149,-105.006371,4/4/2016 12:37,12:37,15,0,0,I70 WB OFF RAMP & PECOS,1,1,0,0,1,6,,0,35,0,0,0,0,0,1,2,14
,2016_65397,39.783149,-105.006371,12/20/2016 15:22,15:22,15,0,0,48TH AVENUE WEST & PECOS STREET NORTH,1,1,1,0,1,6,,0,20,0,0,0,0,0,1,2,13
,2016_65398,39.783301,-105.001638,10/5/2016 6:15,6:15,15,0,0,I70 & PECOS STREET NORTH,1,2,0,0,1,4,,0,55,0,0,0,0,0,1,4,8
,2016_65399,39.781132,-104.99389,3/24/2016 8:10,8:10,12,0,0,I70 EASTBOUND & I25 NORTHBOUND OFF RAMP EXIT,6,1,0,0,1,4,,0,55,0,0,0,0,0,1,2,13
,2016_65400,39.773012,-104.835332,8/16/2016 3:04,3:04,9,0,0,I70 WB ON RAMP & PEORIA STREET APPROXIMATELY,1,3,0,0,3,14,,0,55,0,0,0,0,1,1,1,14
,2016_65401,39.780058,-104.9894,10/28/2016 11:34,11:34,12,0,0,I70 EASTBOUND  & I25 SOUTHBOUND,1,1,0,0,1,4,,0,55,0,0,0,0,0,1,2,13
,2016_65403,39.779991,-104.989038,6/27/2016 18:25,18:25,15,0,0,I70 HIGHWAY WB RAMP END TO & I25 HIGHWAY NORTHBOUND,1,1,1,0,1,14,,0,55,0,0,0,0,0,1,2,1
,2016_65405,39.779937,-104.988665,5/25/2016 17:33,17:33,12,0,0,I70 EASTBOUND LOOP ON RAMP FROM NORTHBOUND & I25,1,1,1,0,1,14,,0,45,0,0,0,0,0,1,2,13
,2016_65406,39.779441,-104.979019,5/24/2016 17:32,17:32,15,0,0,I70 WB & WASHINGTON STREET NORTH,1,1,1,0,1,4,,0,55,0,0,0,0,0,1,2,13
,2016_65407,39.779441,-104.979019,9/22/2016 19:50,19:50,15,0,0,I70 & WASHINGTON STREET NORTH,1,1,1,0,1,4,,0,65,0,0,0,0,0,1,2,13
,2016_65408,39.779621,-104.973288,12/19/2016 12:35,12:35,15,0,0,I70 & WB OFF RAMP TO WASHINGTON,2,1,1,0,1,4,,0,55,0,0,0,0,1,1,2,13
,2016_65409,39.779942,-104.966087,7/17/2016 11:27,11:27,12,0,0,I70 & BRIGHTON BOULEVARD,1,1,0,0,1,4,,0,55,0,0,0,0,0,1,2,14
,2016_65410,39.779951,-104.965881,11/2/2016 12:30,12:30,12,0,0,I70 & BRIGHTON BOULEVARD,1,1,0,0,1,4,,0,55,0,0,0,0,0,1,2,8
,2016_65411,39.780012,-104.961148,5/13/2016 18:00,18:00,12,0,0,I70 WB & BRIGHTON BOULEVARD NORTH,1,1,0,0,1,4,,0,55,0,0,0,0,0,1,2,1
,2016_65412,39.780012,-104.959789,6/30/2016 12:53,12:53,15,0,0,I70 & YORK STREET,1,1,0,0,1,4,,0,55,0,0,0,0,0,1,2,13
,2016_65414,39.780012,-104.959789,7/22/2016 12:13,12:13,12,0,0,I70 & YORK STREET NORTH,1,1,0,0,1,4,,0,55,0,0,0,0,0,1,2,3
,2016_65415,39.779969,-104.944819,2/29/2016 13:26,13:26,12,0,0,I70 APPROXIMATELY & STEELE STREET / VASQUEZ BOULEVARD WB RAMP OFF,1,1,0,0,1,4,,0,55,0,0,0,0,0,1,2,13
,2016_65416,39.779947,-104.941017,10/12/2016 17:54,17:54,15,0,0,I70 & COLORADO BOULEVARD,1,1,0,0,1,4,,0,55,0,0,0,0,0,1,2,13
,2016_65417,39.779944,-104.940603,6/16/2016 15:35,15:35,15,0,0,I70 & NORTH COLORADO BOULEVARD,1,1,0,0,1,4,,0,55,0,0,0,0,0,1,2,7
,2016_65418,39.77998,-104.938654,10/18/2016 9:15,9:15,15,0,0,I70 & COLORADO BOULEVARD,1,1,0,0,1,4,,0,55,0,0,0,0,0,1,2,13
,2016_65419,39.780056,-104.932203,8/26/2016 18:43,18:43,15,0,0,I70 WB & DAHLIA STREET NORTH,1,1,0,0,1,4,,0,55,0,0,0,0,0,1,2,13
,2016_65420,39.778295,-104.903454,1/22/2016 10:10,10:10,15,0,0,QUEBEC STREET NORTH & I70,1,1,0,0,1,4,,0,35,0,0,0,0,0,1,2,13
,2016_65421,39.778295,-104.903454,7/24/2016 18:14,18:14,12,0,0,I70 & NORTHFIELD QUEBEC STREET,1,1,0,0,1,4,,0,55,0,0,0,0,0,1,3,13
,2016_65422,39.778275,-104.896817,11/29/2016 6:19,6:19,12,0,0,I70 & I270 HIGHWAY EASTBOUND APPROXIMATELY,1,3,0,0,1,4,,0,55,0,0,0,0,0,1,2,13
,2016_65423,39.777139,-104.882953,6/30/2016 15:50,15:50,12,0,0,I70 & CENTRAL PARK BOULEVARD NORTH,1,1,0,0,1,4,,0,55,0,0,0,0,0,1,3,13
,2016_65424,39.777122,-104.882764,2/23/2016 0:44,0:44,15,0,0,I70 & CENTRAL PARK BOULEVARD NORTH,2,3,0,2,1,4,,0,55,0,0,0,0,0,1,2,13
,2016_65425,39.776758,-104.878803,3/31/2016 15:51,15:51,12,0,0,I70 EASTBOUND APPROXIMATELY & I270 EASTBOUND DIRECT CONNECT END POINT,1,1,0,0,1,4,,0,55,0,0,0,0,0,1,2,13
,2016_65426,39.775605,-104.865465,4/17/2016 4:30,4:30,5,0,0,I70 WB & HAVANA STREET NORTH,12,3,0,2,2,4,,0,55,0,0,0,0,0,1,1,13
,2016_65427,39.775573,-104.865095,6/7/2016 14:28,14:28,15,0,0,I70 & HAVANA STREET,1,1,0,0,1,4,,0,55,0,0,0,0,0,1,2,13
,2016_65428,39.775573,-104.865095,9/27/2016 6:24,6:24,12,0,0,I70 & HAVANA STREET NORTH,1,1,0,0,1,4,,0,,0,0,0,0,0,1,2,13
,2016_65431,39.774397,-104.851415,5/13/2016 18:10,18:10,12,0,0,I70 WB & SIGN EXIT 281 RAMP OFF TO HAVANA STREET NORTH,1,2,0,0,1,4,,0,55,0,0,0,0,1,1,3,13
,2016_65434,39.774365,-104.851045,11/7/2016 19:50,19:50,15,0,0,I70 EASTBOUND ON RAMP FROM PEORIA & RAMP BEGIN,1,3,1,0,1,14,,0,45,0,0,0,0,0,1,2,13
,2016_65435,39.774063,-104.847533,7/5/2016 2:35,2:35,12,0,0,I70 & PEORIA STREET,1,3,1,0,1,4,,0,55,0,0,0,0,0,1,3,13
,2016_65436,39.773999,-104.846793,1/5/2016 13:58,13:58,15,0,0,I70 & PEORIA STREET NORTH,1,1,0,0,1,4,,0,55,0,0,0,0,1,1,2,13
,2016_65437,39.773999,-104.846793,10/19/2016 18:07,18:07,12,0,0,PEORIA STREET & I70 WB RAMPS,1,1,0,0,1,3,,0,40,0,0,0,0,0,1,2,13
,2016_65438,39.773856,-104.84513,2/1/2016 5:48,5:48,12,0,0,I70 & PEORIA,9,2,0,2,1,4,,0,55,0,0,0,0,0,1,2,13
,2016_65439,39.772869,-104.833669,7/27/2016 7:50,7:50,15,0,0,I70 EASTBOUND & SOUTHBOUND ON RAMP TO I225,1,1,1,0,1,4,,0,55,0,0,0,0,0,1,2,8
,2016_65440,39.772853,-104.833483,5/19/2016 15:42,15:42,12,0,0,I70 EASTBOUND & I225 SOUTHBOUND,1,1,0,0,1,4,,0,55,0,0,0,0,0,1,3,8
,2016_65441,39.772725,-104.832005,7/24/2016 17:41,17:41,12,0,0,I70 & PEORIA STREET,1,1,0,0,1,4,,0,75,0,0,0,0,0,1,3,13
,2016_65502,39.778292,-104.908192,5/1/2016 2:40,2:40,5,0,1,I70 EASTBOUND RAMP ON & ONEIDA STREET,1,3,0,0,3,14,,0,55,0,0,0,0,2,1,1,14
,2016_65515,39.77302,-104.940511,3/16/2016 21:51,21:51,9,0,0,COLORADO BOULEVARD NORTH & 40TH AVENUE EAST,1,3,0,0,1,1,,0,40,0,0,0,0,0,2,1,13
,2016_65521,39.698488,-104.90328,4/6/2016 15:35,15:35,12,0,0,LEETSDALE DRIVE 7200 BLOCK & QUEBEC STREET SOUTH,1,1,0,0,1,4,,0,40,0,0,0,0,0,2,2,3
,2016_65522,39.698551,-104.903443,3/27/2016 15:50,15:50,15,0,0,LEETSDALE DRIVE & QUEBEC STREET SOUTH,1,1,0,0,1,3,,0,35,0,0,0,0,0,2,3,10
,2016_65523,39.699762,-104.90675,2/4/2016 8:28,8:28,12,0,0,LEETSDALE DRIVE & ONEIDA STREET SOUTH,5,1,0,0,1,3,,0,30,0,0,0,0,0,2,2,13
,2016_65524,39.700261,-104.908227,7/3/2016 15:09,15:09,15,0,0,LEETSDALE DRIVE & ONEIDA STREET SOUTH,1,1,0,0,1,3,,0,40,0,0,0,0,0,2,2,3
,2016_65525,39.701082,-104.910423,3/25/2016 17:33,17:33,1,0,0,LEETSDALE DRIVE & MONACO STREET SOUTH,1,1,0,0,1,2,,0,35,0,0,0,0,0,2,2,3
,2016_65526,39.702954,-104.912867,5/19/2016 7:10,7:10,12,0,0,LEETSDALE DRIVE & MONACO STREET SOUTH,1,1,0,0,1,3,,0,35,0,0,0,0,0,2,3,13
,2016_65527,39.702207,-105.025062,10/1/2016 7:30,7:30,5,0,0,FEDERAL BOULEVARD SOUTH & OHIO AVENUE WEST,1,1,0,0,3,1,,0,40,0,0,0,0,0,2,1,7
,2016_65528,39.703528,-104.913972,12/20/2016 10:50,10:50,12,0,0,LEETSDALE DRIVE & LOCUST STREET SOUTH,2,1,0,0,1,4,,0,35,0,0,0,0,0,2,2,14
,2016_65529,39.70385,-104.914592,12/30/2016 7:56,7:56,3,0,1,LEETSDALE DRIVE & EXPOSITION AVENUE EAST,1,1,1,0,1,1,,0,30,0,0,0,0,2,2,2,13
,2016_65530,39.708648,-104.929586,9/27/2016 12:40,12:40,15,0,0,LEETSDALE DRIVE 5000 BLOCK & ELM STREET SOUTH,1,1,0,0,1,4,,0,,0,0,0,0,0,2,2,13
,2016_65532,39.7112,-104.936323,4/7/2016 2:35,2:35,3,0,0,ALAMEDA AVENUE EAST & LEETSDALE DRIVE,1,3,1,0,1,1,,0,35,0,0,0,0,0,2,2,1
,2016_65555,39.687313,-104.991943,5/12/2016 11:34,11:34,12,0,0,SANTE FE DRIVE & IOWA AVENUE WEST,1,1,0,0,1,3,,0,45,0,0,0,0,0,2,2,13
,2016_65556,39.690999,-104.99228,3/31/2016 16:12,16:12,15,0,0,ARKANSAS AVENUE WEST & SANTA FE DRIVE SOUTH,1,1,0,0,1,1,,0,40,0,0,0,0,0,2,2,13