id,drcog_id,latitude,longitude,crashtime,time,crashtype,numbkilled,numbinjurd,drcoglocat,rdconditin,lightngcon,roadcntgrd,weatherco,location,roaddescrp,schoolzone,constrzone,splimit,bikeinv,pedinv,sctrinv,motoinv,svrty,rdsystem,ttlvehcls,hcf
,2016_65557,39.696679,-104.991877,1/13/2016 18:55,18:55,15,0,0,SANTA FE DRIVE SOUTH & MISSISSIPPI AVENUE WEST,1,3,0,0,1,1,,0,30,0,0,0,0,0,2,2,1
,2016_65558,39.696679,-104.991877,10/6/2016 14:29,14:29,1,0,0,SANTA FE DRIVE SOUTH & MISSISSIPPI AVENUE WEST,1,1,0,0,1,1,,0,35,0,0,0,0,0,2,2,13
,2016_65559,39.706169,-104.996751,9/26/2016 9:28,9:28,12,0,0,SANTA FE DRIVE SOUTH NEW CONFIG & I25 SOUTHBOUND RAMP ENTRANCE APPROXIMATELY,1,1,0,0,1,1,,0,35,0,0,0,0,0,2,2,8
,2016_65577,39.740394,-105.025313,11/17/2016 15:58,15:58,15,0,0,FEDERAL BOULEVARD NORTH & COLFAX AVENUE WEST,4,1,0,2,1,3,,0,35,0,0,0,0,0,2,2,3
,2016_65578,39.733202,-105.025175,9/13/2016 17:05,17:05,10,0,0,FEDERAL BOULEVARD NORTH & 1000 BLOCK,1,1,1,0,1,2,,0,35,0,0,0,0,0,2,2,13
,2016_65579,39.732914,-105.025176,10/20/2016 6:58,6:58,12,0,0,FEDERAL BOULEVARD NORTH & 10TH AVENUE WEST,1,1,0,0,1,1,,0,35,0,0,0,0,0,2,2,14
,2016_65580,39.731188,-105.025182,7/29/2016 16:55,16:55,3,0,0,FEDERAL BOULEVARD NORTH & NINTH AVENUE WEST,1,1,0,0,1,3,,0,35,0,0,0,0,1,2,2,13
,2016_65581,39.729284,-105.025154,3/10/2016 17:05,17:05,12,0,0,FEDERAL BOULEVARD NORTH & EIGHTH AVENUE WEST,1,1,0,0,1,1,,0,35,0,0,0,0,0,2,2,13
,2016_65582,39.725357,-105.025125,8/12/2016 17:33,17:33,15,0,0,SIXTH AVENUE WEST WB OFF RAMP & FEDERAL BOULEVARD NORTH,1,1,0,0,1,1,,0,30,0,0,0,0,0,2,2,13
,2016_65583,39.722114,-105.025207,12/4/2016 17:16,17:16,15,0,0,FEDERAL BOULEVARD NORTH & FOURTH AVENUE WEST,1,3,0,0,1,4,,0,35,0,0,0,0,0,2,2,13
,2016_65584,39.715726,-105.025134,9/18/2016 19:40,19:40,12,0,0,FEDERAL BOULEVARD NORTH & ARCHER PLACE WEST,1,3,0,0,1,4,,0,40,0,0,0,0,0,2,3,13
,2016_65585,39.703865,-105.025087,5/29/2016 20:30,20:30,12,0,0,FEDERAL BOULEVARD SOUTH & EXPOSITION AVENUE WEST,1,3,1,0,1,1,,0,35,0,0,0,0,0,2,2,13
,2016_65586,39.701455,-105.025069,6/5/2016 22:55,22:55,12,0,0,FEDERAL BOULEVARD SOUTH & ADA PLACE WEST,1,3,0,0,1,4,,0,40,0,0,0,0,0,2,3,1
,2016_65588,39.696865,-105.025071,8/29/2016 12:40,12:40,12,0,0,HIGHWAY 88A / FEDERAL BOULEVARD SOUTH & MISSISSIPPI AVENUE WEST,1,1,0,0,1,4,,0,35,0,0,0,0,0,2,2,13
,2016_65589,39.696718,-105.025071,5/4/2016 15:53,15:53,15,0,0,MISSISSIPPI AVENUE WEST & FEDERAL BOULEVARD SOUTH,1,1,0,0,1,3,,0,30,0,0,0,0,0,2,2,2
,2016_65590,39.696718,-105.025071,9/14/2016 18:32,18:32,3,0,0,MISSISSIPPI AVENUE WEST & SOUTH FEDERAL BOULEVARD,1,1,0,0,1,1,,0,35,0,0,0,0,0,2,2,14
,2016_65591,39.696423,-105.02507,5/31/2016 7:43,7:43,15,0,0,FEDERAL BOULEVARD & MISSISSIPPI AVENUE WEST,1,1,0,0,1,4,,0,40,0,0,0,0,0,2,2,13
,2016_65592,39.694949,-105.025064,4/10/2016 11:55,11:55,1,0,0,FEDERAL BOULEVARD 1100 BLOCK SOUTH & ARIZONA AVENUE WEST,1,1,0,0,1,2,,0,35,0,0,0,0,0,2,2,13
,2016_65594,39.693033,-105.025057,1/26/2016 9:54,9:54,12,0,0,FEDERAL BOULEVARD SOUTH & LOUISIANA AVENUE WEST,1,1,0,0,1,1,,0,30,0,0,0,0,0,2,2,7
,2016_65595,39.68979,-105.025044,5/3/2016 6:15,6:15,15,0,0,FEDERAL BOULEVARD SOUTH & FLORIDA AVENUE WEST,1,1,0,0,1,4,,0,35,0,0,0,0,0,2,2,13
,2016_65597,39.685957,-105.02503,2/2/2016 14:11,14:11,3,0,0,FEDERAL BOULEVARD SOUTH & MEXICO AVENUE WEST,6,1,1,0,1,1,,0,30,0,0,0,0,0,2,2,7
,2016_65598,39.682275,-105.025016,12/25/2016 17:10,17:10,12,0,0,FEDERAL BOULEVARD & JEWELL AVENUE,1,2,0,0,1,3,,0,35,0,0,0,0,0,2,2,3
,2016_65599,39.67863,-105.025035,8/7/2016 18:45,18:45,12,0,0,FEDERAL BOULEVARD SOUTH & EVANS AVENUE WEST,1,1,0,0,1,1,,0,40,0,0,0,0,0,2,2,14
,2016_65600,39.678484,-105.025036,8/11/2016 12:16,12:16,15,0,0,FEDERAL BOULEVARD SOUTH & EVANS AVENUE WEST,1,1,0,0,1,3,,0,,0,0,0,0,0,2,2,7
,2016_65601,39.660488,-105.025192,1/1/2016 12:33,12:33,12,0,0,FEDERAL BOULEVARD SOUTH & DARTMOUTH AVENUE WEST,1,1,0,0,1,1,,0,35,0,0,0,0,0,2,2,13
,2016_65606,39.630122,-105.025501,11/10/2016 11:53,11:53,12,0,1,FEDERAL BOULEVARD SOUTH & LAYTON AVENUE WEST,1,1,0,0,1,4,,0,40,0,0,0,1,2,2,2,3
,2016_65647,39.65363,-105.053095,12/20/2016 6:51,6:51,1,0,0,SHERIDAN BOULEVARD & HAMPDEN AVENUE WB OFF RAMP,5,2,1,0,1,1,,0,60,0,0,0,0,1,2,2,13
,2016_65650,39.682251,-105.053195,7/28/2016 21:00,21:00,12,0,0,JEWELL AVENUE WEST & SHERIDAN BOULEVARD SOUTH,2,3,0,1,1,3,,0,30,0,0,0,0,0,2,2,13
,2016_65662,39.784528,-105.053271,9/21/2016 19:30,19:30,3,0,0,SHERIDAN BOULEVARD NORTH & I70 WB SLIP OFF RAMP,1,2,0,0,1,3,,0,35,0,0,0,0,0,2,2,13
,2016_65663,39.789204,-105.053236,3/21/2016 16:26,16:26,15,0,0,NORTH SHERIDAN BOULEVARD & WEST 51ST AVENUE,1,1,1,0,1,1,,0,35,0,0,0,0,1,2,2,13
,2016_65698,39.615312,-105.091139,12/5/2016 16:43,16:43,12,0,1,WADSWORTH BOULEVARD SOUTH & CROSS DRIVE WEST,1,3,0,0,1,4,,0,45,0,0,0,0,2,2,2,7
,2016_65789,39.634114,-104.902134,10/14/2016 7:48,7:48,12,0,0,I225 SOUTHBOUND RAMP TO & I25 SOUTHBOUND,1,1,0,0,1,14,,0,55,0,0,0,0,0,1,3,2
,2016_65790,39.634127,-104.902067,12/30/2016 8:30,8:30,15,0,0,I225 COLLECTOR TO & I25 SOUTHBOUND,14,1,1,0,1,4,,0,,0,0,0,0,0,1,2,13
,2016_65791,39.634639,-104.899434,10/26/2016 18:40,18:40,12,0,0,I225 & TAMARAC STREET,1,2,1,0,1,4,,0,45,0,0,0,0,0,1,3,14
,2016_65792,39.634704,-104.899097,4/20/2016 9:10,9:10,12,0,0,I225 SOUTHBOUND DIRECT CONNECT & TAMARAC STREET SOUTH,1,1,0,0,1,4,,0,55,0,0,0,0,0,1,2,1
,2016_65793,39.635522,-104.893462,7/25/2016 16:13,16:13,1,0,0,TAMARAC & I225 NORTHBOUND ON RAMP,1,1,0,0,1,1,,0,40,0,0,0,0,0,1,2,13
,2016_65794,39.635522,-104.893462,8/29/2016 17:45,17:45,3,0,0,DTC BOULEVARD SOUTH / TAMARAC STREET SOUTH & I225 NEB RAMP ON,1,1,0,0,1,1,,0,35,0,0,0,0,0,1,2,13
,2016_65795,39.639143,-104.885372,8/31/2016 6:37,6:37,12,0,0,I225 SOUTHBOUND SPLIT RAMP & YOSEMITE STREET SOUTH,1,1,1,0,1,14,,0,25,0,0,0,0,0,1,2,13
,2016_65796,39.639223,-104.885207,5/13/2016 8:16,8:16,12,0,0,I225 SOUTHBOUND & YOSEMITE STREET SOUTH,1,1,0,0,1,4,,0,55,0,0,0,0,0,1,3,13
,2016_65797,39.639223,-104.885207,1/8/2016 6:13,6:13,5,0,0,YOSEMITE STREET SOUTH & I225 SOUTHBOUND RAMPS,11,1,1,4,2,1,,0,35,0,0,0,0,0,1,1,7
,2016_65798,39.639223,-104.885207,6/20/2016 10:14,10:14,3,0,0,YOSEMITE STREET SOUTH & I225,1,1,0,0,1,1,,0,30,0,0,0,0,0,1,2,8
,2016_65809,39.690874,-104.974989,8/22/2016 22:40,22:40,5,0,0,I25 & MM 206.00,1,3,0,0,2,4,,0,60,0,0,0,0,0,1,1,2
,2016_65832,39.780781,-104.966774,7/19/2016 16:44,16:44,1,0,0,46TH AVENUE & BRIGHTON BOULEVARD,1,1,0,0,1,1,,0,35,0,0,0,0,0,2,2,13
,2016_65838,39.782797,-104.900751,4/1/2016 13:10,13:10,12,0,0,I270 & NORTHFIELD QUEBEC STREET NORTH,1,1,0,0,1,4,,0,55,0,0,0,0,0,1,2,13
,2016_65839,39.782797,-104.900751,8/11/2016 7:48,7:48,12,0,0,I270 & QUEBEC STREET,1,1,0,0,1,4,,0,55,0,0,0,0,0,1,2,7
,2016_65840,39.778381,-104.896871,9/16/2016 8:15,8:15,12,0,0,I270 & I70,1,1,0,0,1,4,,0,65,0,0,0,0,0,1,2,13
,2016_65867,39.65298,-104.926975,10/7/2016 15:10,15:10,12,0,0,HAMPDEN AVENUE EAST & FOREST STREET SOUTH,1,1,0,0,1,1,,0,45,0,0,0,0,1,2,3,13
,2016_65868,39.652979,-104.918863,11/3/2016 18:50,18:50,15,0,0,HAMPDEN AVENUE EAST  & I25 SOUTHBOUND RAMP INTERSECTION,1,2,1,0,1,1,,0,15,0,0,0,0,0,2,2,13
,2016_65869,39.652978,-104.917698,3/25/2016 22:10,22:10,3,0,0,HAMPDEN AVENUE EAST & I25 NORTHBOUND RAMP,2,3,1,2,1,3,,0,30,0,0,0,0,0,2,2,7
,2016_65870,39.751541,-105.025136,7/18/2016 18:19,18:19,12,0,0,FEDERAL BOULEVARD & WEST 23RD AVENUE,2,1,1,0,1,4,,0,35,0,0,0,0,0,2,3,13
,2016_65871,39.75854,-105.025143,8/24/2016 12:07,12:07,3,0,0,FEDERAL BOULEVARD NORTH & 29TH AVENUE WEST,2,1,0,1,1,1,,0,35,0,0,0,0,1,2,2,14
,2016_65872,39.763243,-105.025159,10/24/2016 9:00,9:00,12,0,0,FEDERAL BOULEVARD NORTH & 33RD AVENUE WEST,1,1,1,1,1,3,,0,35,0,0,0,0,0,2,3,13
,2016_65873,39.769238,-105.025232,1/5/2016 19:16,19:16,12,0,0,38TH AVENUE WEST & FEDERAL BOULEVARD NORTH,3,5,0,0,1,1,,0,35,0,0,0,0,0,2,3,5
,2016_65874,39.769238,-105.025232,3/15/2016 10:29,10:29,12,0,0,38TH AVENUE WEST & FEDERAL BOULEVARD NORTH,1,1,1,0,1,1,,0,30,0,0,0,0,0,2,2,13
,2016_65875,39.77024,-105.025232,9/6/2016 10:37,10:37,3,0,0,FEDERAL BOULEVARD NORTH & DENVER PLACE WEST,1,1,0,0,1,1,,0,35,0,0,0,0,0,2,2,14
,2016_65876,39.783848,-105.025224,4/16/2016 13:00,13:00,1,0,0,FEDERAL BOULEVARD NORTH & I70 EASTBOUND RAMPS,10,1,1,2,1,1,,0,40,0,0,0,0,0,2,2,14
,2016_65877,39.783848,-105.025224,5/7/2016 7:55,7:55,3,0,0,FEDERAL BOULEVARD NORTH & I70 EASTBOUND RAMPS ON/OFF,1,1,0,0,1,3,,0,35,0,0,0,0,0,2,2,13
,2016_65879,39.784707,-105.025224,5/31/2016 10:23,10:23,3,0,0,I70 HIGHWAY WB OFF RAMP & FEDERAL BOULEVARD NORTH SOUTHBOUND,1,1,0,0,1,1,,0,35,0,0,0,0,0,2,3,14
,2016_65885,39.780013,-104.959595,7/19/2016 9:27,9:27,5,0,0,I70 EASTBOUND OFF RAMP & YORK STREET NORTH,1,1,1,0,2,14,,0,30,0,0,0,0,0,1,1,13
,2016_65984,39.653539,-104.940574,2/11/2016 18:18,18:18,15,0,0,COLORADO BOULEVARD SOUTH & HAMPDEN AVENUE EAST,1,3,0,0,1,4,,0,35,0,0,0,0,0,2,2,5
,2016_65985,39.668673,-104.940609,1/25/2016 17:27,17:27,1,0,1,YALE AVENUE EAST  & COLORADO BOULEVARD SOUTH,2,3,1,0,1,1,,0,35,0,0,0,0,2,2,2,14
,2016_65986,39.67843,-104.940638,8/30/2016 14:35,14:35,1,0,0,EVANS AVENUE EAST & COLORADO BOULEVARD SOUTH,1,1,0,0,1,1,,0,35,0,0,0,0,0,2,2,13
,2016_65987,39.685533,-104.940543,9/23/2016 16:35,16:35,3,0,0,MEXICO AVENUE EAST & COLORADO BOULEVARD SOUTH,1,1,0,0,1,1,,0,35,0,0,0,0,0,2,2,7
,2016_65988,39.687176,-104.940544,8/3/2016 16:50,16:50,15,0,0,COLORADO BOULEVARD SOUTH & IOWA AVENUE EAST,1,1,0,0,1,3,,0,35,0,0,0,0,0,2,2,13
,2016_65989,39.690911,-104.940547,12/30/2016 17:14,17:14,12,0,0,ARKANSAS AVENUE EAST & COLORADO BOULEVARD SOUTH,1,3,0,0,1,1,,0,30,0,0,0,0,0,2,2,3
,2016_65994,39.716454,-104.94061,12/8/2016 10:24,10:24,3,0,0,COLORADO BOULEVARD SOUTH & BAYAUD AVENUE EAST,1,1,1,0,1,1,,0,35,0,0,0,0,0,2,2,1
,2016_65996,39.725354,-104.940607,1/26/2016 13:20,13:20,15,0,0,COLORADO BOULEVARD SOUTH & DAKOTA AVENUE EAST,1,1,0,0,1,4,,0,35,0,0,0,0,0,2,2,5
,2016_65997,39.726521,-104.940606,12/19/2016 2:00,2:00,12,0,0,COLORADO BOULEVARD NORTH & SEVENTH AVENUE EAST,1,3,0,0,1,3,,0,35,0,0,0,0,0,2,2,5
,2016_65998,39.735276,-104.940603,5/16/2016 9:46,9:46,3,0,0,COLORADO BOULEVARD NORTH & 12TH AVENUE EAST,2,1,0,0,1,1,,0,30,0,0,0,0,0,2,2,13
,2016_65999,39.740236,-104.940601,1/19/2016 12:32,12:32,10,0,0,NORTH COLORADO BOULEVARD & EAST COLFAX AVENUE,1,1,0,0,1,1,,0,35,0,0,0,0,0,2,2,13
,2016_66000,39.740966,-104.940601,4/10/2016 12:42,12:42,12,0,0,COLORADO BOULEVARD 1500 BLOCK NORTH & COLFAX AVENUE EAST,1,1,0,0,1,4,,0,30,0,0,0,0,1,2,5,13
,2016_66001,39.744322,-104.9406,4/25/2016 11:45,11:45,12,0,0,COLORADO BOULEVARD NORTH & 17TH AVENUE EAST,1,1,0,0,1,4,,0,35,0,0,0,0,0,2,2,13
,2016_66002,39.758139,-104.940526,12/1/2016 11:14,11:14,6,0,0,COLORADO BOULEVARD NORTH & 29TH AVENUE,1,1,0,0,1,4,,0,0,0,0,0,0,0,2,2,13
,2016_66003,39.761914,-104.940511,7/21/2016 5:00,5:00,3,0,0,COLORADO BOULEVARD 3200 BLOCK NORTH & MLK BOULEVARD,1,2,0,0,1,1,,0,35,0,0,0,0,0,2,3,13
,2016_66004,39.764528,-104.940501,12/21/2016 17:06,17:06,1,0,0,BRUCE RANDOLPH AVENUE EAST & COLORADO BOULEVARD NORTH,1,3,0,0,1,1,,0,,0,0,0,0,0,2,2,13
,2016_66005,39.784135,-104.94045,6/6/2016 17:06,17:06,1,0,0,48TH AVENUE EAST & COLORADO BOULEVARD NORTH,2,1,0,1,1,1,,0,35,0,0,0,0,0,2,2,13
,2016_66023,39.725652,-105.053207,3/11/2016 21:40,21:40,12,0,0,SIXTH AVENUE WEST WB OFF RAMP & SHERIDAN BOULEVARD NORTH,1,3,1,0,1,14,,0,55,0,0,0,1,0,2,2,13
,2016_66024,39.725602,-105.042884,8/2/2016 6:29,6:29,12,0,0,SIXTH AVENUE WEST & STUART STREET NORTH,1,1,1,0,1,3,,0,55,0,0,0,0,0,2,2,7
,2016_66025,39.725415,-105.025068,8/3/2016 15:44,15:44,12,0,0,SIXTH AVENUE WEST & FEDERAL BOULEVARD NORTH,1,1,0,0,1,4,,0,55,0,0,0,0,0,2,2,13
,2016_66026,39.725211,-105.017885,5/26/2016 16:27,16:27,15,0,0,SIXTH AVENUE EASTBOUND OFF RAMP & I25 SOUTHBOUND RAMP,2,1,1,1,1,14,,0,35,0,0,0,0,0,2,2,14
,2016_66027,39.725533,-105.01288,4/4/2016 16:02,16:02,15,0,0,SIXTH AVENUE WEST & I25,1,1,0,0,1,4,,0,55,0,0,0,0,0,2,2,13
,2016_66028,39.779447,-104.949726,10/3/2016 11:49,11:49,1,0,0,STEELE STREET NORTH & 46TH AVENUE EAST,1,1,0,0,1,1,,0,25,0,0,0,0,1,2,2,13
,2016_66030,39.779447,-104.949726,10/13/2016 14:45,14:45,1,0,0,STEELE STREET NORTH & 46TH AVENUE EAST,1,1,0,0,1,1,,0,30,0,0,0,0,0,2,2,3
,2016_66032,39.780055,-104.949721,3/14/2016 11:37,11:37,14,0,0,STEELE STREET & 46TH AVENUE EAST,1,1,0,0,1,2,,0,35,0,0,0,0,0,2,2,13
,2016_66033,39.782088,-104.949402,12/22/2016 7:04,7:04,8,0,0,VAZQUEZ BOULEVARD & STEELE STREET NORTH,5,1,1,0,1,4,,0,40,0,0,0,0,0,2,2,13
,2016_66034,39.783197,-104.948355,4/28/2016 11:35,11:35,1,0,0,VASQUEZ BOULEVARD & 4757 MOTEL ENTRANCE,2,1,0,0,1,2,,0,40,0,0,0,0,0,2,2,7
,2016_66067,39.725415,-105.025068,9/20/2016 8:07,8:07,12,0,0,SIXTH AVENUE WEST & FEDERAL BOULEVARD NORTH,1,1,0,0,1,4,,0,,0,0,0,0,0,2,2,13
,2016_66115,39.630184,-104.905073,11/14/2016 17:57,17:57,15,0,0,I25 & I225 NORTHBOUND DIRECT CONNECT,1,3,0,0,1,4,,0,60,0,0,0,0,0,1,2,13
,2016_66116,39.637653,-104.90921,4/4/2016 17:29,17:29,12,0,0,I25  & I225,1,1,0,0,1,4,,0,65,0,0,0,0,0,1,4,3
,2016_66117,39.650883,-104.917048,7/26/2016 7:30,7:30,15,0,0,I25 SOUTHBOUND RAMP ON METER LIGHT & HAMPDEN AVENUE EAST,1,1,0,0,1,14,,0,65,0,0,0,0,0,1,2,13
,2016_66118,39.652096,-104.917752,4/16/2016 5:15,5:15,15,0,0,I25 & HAMPDEN AVENUE EAST,4,2,0,2,1,4,,0,65,0,0,0,0,0,1,2,13
,2016_66119,39.652745,-104.918076,12/6/2016 6:30,6:30,12,0,0,I25 SOUTHBOUND SLIP ON RAMP & HAMPDEN AVENUE,1,3,1,0,1,14,,0,10,0,0,0,0,1,1,2,1
,2016_66120,39.65313,-104.918259,6/14/2016 20:16,20:16,12,0,0,I25 NORTHBOUND SLIP RAMP OFF & HAMPDEN AVENUE EAST,1,2,1,0,1,14,,0,25,0,0,0,0,0,1,2,13
,2016_66121,39.653259,-104.918319,9/12/2016 9:09,9:09,12,0,0,I25 & HAMPDEN AVENUE EAST,1,1,0,0,1,4,,0,55,0,0,0,0,0,1,2,3
,2016_66122,39.667509,-104.925528,1/9/2016 10:35,10:35,12,0,0,I25 NORTHBOUND OFF RAMP & YALE AVENUE EAST,2,1,0,0,1,14,,0,35,0,0,0,0,1,1,2,13
,2016_66123,39.667623,-104.925611,1/4/2016 8:00,8:00,15,0,0,I25 & YALE AVENUE EAST,1,1,0,0,1,4,,0,65,0,0,0,0,0,1,2,16
,2016_66124,39.667623,-104.925611,6/6/2016 12:45,12:45,3,0,0,I25 & YALE AVENUE EAST,1,1,0,0,1,1,,0,35,0,0,0,0,1,1,2,13
,2016_66125,39.667735,-104.925687,8/20/2016 15:21,15:21,12,0,0,I25 & 2600 BLOCK,1,1,0,0,1,4,,0,65,0,0,0,0,0,1,2,13
,2016_66126,39.674054,-104.929987,4/5/2016 15:03,15:03,12,0,0,I25 SOUTHBOUND ON RAMP GORE POINT & EVANS AVENUE EAST,1,1,0,0,1,14,,0,55,0,0,0,0,0,1,3,1
,2016_66127,39.675629,-104.931187,12/9/2016 8:25,8:25,12,0,0,I25 & EVANS AVENUE EAST,1,1,0,0,1,4,,0,65,0,0,0,0,0,1,2,8
,2016_66128,39.678367,-104.933559,1/15/2016 13:49,13:49,12,0,0,EVANS AVENUE 4600 BLOCK EAST & I25 SOUTHBOUND RAMP,1,1,0,0,1,1,,0,30,0,0,0,0,0,1,2,13
,2016_66129,39.678367,-104.933559,8/18/2016 20:50,20:50,1,0,0,EVANS AVENUE EAST & I25 SOUTHBOUND RAMP ON,1,3,0,0,1,1,,0,35,0,0,0,0,0,1,2,13
,2016_66130,39.684077,-104.944199,10/19/2016 8:43,8:43,12,0,0,I25 NORTHBOUND ON RAMP METER LIGHT  & COLORADO BOULEVARD SOUTH,1,1,0,0,1,14,,0,45,0,0,0,0,1,1,2,12
,2016_66131,39.68492,-104.950436,10/21/2016 15:10,15:10,12,0,0,I25 SOUTHBOUND & STEELE STREET SOUTH BRIDGE,1,1,0,0,1,4,,0,60,0,0,0,0,0,1,2,13
,2016_66132,39.684905,-104.954871,10/20/2016 6:59,6:59,12,0,0,I25 SOUTHBOUND & UNIVERSITY BOULEVARD SOUTH,1,2,0,0,1,4,,0,60,0,0,0,0,0,1,3,13
,2016_66134,39.684917,-104.958024,8/14/2016 21:10,21:10,15,0,0,I25 & UNIVERSITY BOULEVARD SOUTH,1,3,0,0,1,14,,0,65,0,0,0,0,0,1,2,14
,2016_66135,39.68492,-104.959509,5/27/2016 15:52,15:52,12,0,0,I25 & UNIVERSITY BOULEVARD SOUTH,1,1,0,0,1,4,,0,60,0,0,0,0,0,1,2,13
,2016_66136,39.688989,-104.971312,4/24/2016 0:51,0:51,5,0,0,I25 NORTHBOUND RAMP OFF & RAMP SPLIT TO DOWNING/ARKANSAS,1,3,0,0,2,14,,0,30,0,0,0,0,0,1,1,5
,2016_66137,39.760997,-105.004271,9/24/2016 15:40,15:40,12,0,0,I25 & 20TH STREET,1,1,0,0,1,4,,0,55,0,0,0,0,0,1,2,7
,2016_66138,39.725281,-105.012899,2/13/2016 10:50,10:50,15,0,0,I25 & SIXTH AVENUE INTERCHANGE,1,1,0,0,1,4,,0,55,0,0,0,0,0,1,2,13
,2016_66139,39.690195,-104.973722,7/15/2016 11:16,11:16,12,0,0,I25 SLIP RAMP OFF & DOWNING STREET SOUTH,1,1,1,0,1,14,,0,30,0,0,0,0,0,1,2,10
,2016_66140,39.69219,-104.976782,7/25/2016 17:56,17:56,12,0,0,I25 & EMERSON STREET SOUTH,1,1,0,0,1,4,,0,,0,0,0,0,0,1,3,13
,2016_66141,39.694456,-104.979276,3/15/2016 18:10,18:10,12,0,0,I25 & WASHINGTON STREET SOUTH,1,1,0,0,1,4,,0,55,0,0,0,0,0,1,3,13
,2016_66142,39.694456,-104.979276,7/22/2016 10:30,10:30,12,0,0,I25 NORTHBOUND & WASHINGTON STREET SOUTH,1,1,0,0,1,4,,0,60,0,0,0,0,0,1,2,13
,2016_66143,39.695113,-104.980026,7/15/2016 7:47,7:47,15,0,0,I25 & WASHINGTON STREET SOUTH,1,1,0,0,1,4,,0,60,0,0,0,0,0,1,2,13
,2016_66144,39.701256,-104.987205,12/9/2016 17:50,17:50,3,0,0,OHIO AVENUE EAST & LINCOLN STREET SOUTH,2,3,0,0,1,1,,0,30,0,0,0,0,0,1,2,13
,2016_66145,39.705216,-104.995305,2/2/2016 17:15,17:15,5,0,0,I25 & MM 207,5,4,0,0,2,4,,0,55,0,0,0,0,0,1,2,14
,2016_66146,39.710285,-104.998352,3/31/2016 17:17,17:17,12,0,0,I25 & MM 207.9,2,1,1,2,1,4,,0,55,0,0,0,0,1,1,3,13
,2016_66147,39.711525,-104.999094,8/6/2016 16:29,16:29,12,0,0,I25 & ALAMEDA AVENUE,1,1,0,0,1,4,,0,55,0,0,0,0,0,1,2,13
,2016_66148,39.714925,-105.00119,11/30/2016 7:51,7:51,12,0,0,I25 & ALAMEDA AVENUE WEST,1,1,0,0,1,4,,0,55,0,0,0,0,0,1,2,13
,2016_66149,39.718414,-105.005251,3/19/2016 13:50,13:50,12,0,0,I25 & FIRST AVENUE WEST,1,1,0,0,1,4,,0,55,0,0,0,0,0,1,2,13
,2016_66150,39.779666,-104.972259,9/17/2016 15:00,15:00,5,0,0,I70 & BRIGHTON BOULEVARD,1,1,0,0,2,4,,0,55,0,0,0,0,0,1,1,13
,2016_66151,39.723536,-105.011305,5/25/2016 17:30,17:30,15,0,0,I25 & SIXTH AVENUE WEST INTERCHANGE,1,1,1,0,1,14,,0,60,0,0,0,0,0,1,2,3
,2016_66152,39.724815,-105.012562,4/28/2016 10:35,10:35,15,0,0,I25 SOUTHBOUND ON RAMP FROM SIXTH AVENUE & RAMP SPLIT,2,1,1,2,1,14,,0,55,0,0,0,0,0,1,2,13
,2016_66153,39.725281,-105.012899,5/4/2016 15:38,15:38,15,0,0,I25 SOUTHBOUND & SIXTH AVENUE INTERCHANGE,1,1,0,0,1,4,,0,55,0,0,0,0,0,1,2,13
,2016_66154,39.725281,-105.012899,12/9/2016 8:19,8:19,12,0,0,I25 & SIXTH AVENUE INTERCHANGE,1,1,0,0,1,4,,0,55,0,0,0,0,1,1,2,1
,2016_66155,39.725398,-105.012983,4/23/2016 2:30,2:30,5,0,1,I25 HIGHWAY SOUTHBOUND RAMP OFF  & SIXTH AVENUE WEST CONNECTOR ON GORE POINT,1,3,0,0,2,14,,0,40,0,0,0,0,2,1,1,14
,2016_66156,39.730758,-105.015321,3/1/2016 10:44,10:44,3,0,0,I25 SOUTHBOUND OFF RAMP & ZUNI STREET NORTH,1,1,1,0,1,1,,0,45,0,0,0,0,0,1,2,16
,2016_66157,39.732306,-105.015587,7/18/2016 13:03,13:03,15,0,0,I25 & MULBERRY PLACE WEST,1,1,1,0,1,4,,0,55,0,0,0,0,1,1,2,1
,2016_66158,39.732306,-105.015587,12/22/2016 9:20,9:20,12,0,0,I25 & 10TH AVENUE,2,1,0,0,1,4,,0,65,0,0,0,0,0,1,2,13
,2016_66159,39.732693,-105.01558,10/4/2016 22:32,22:32,15,0,0,I25 & EIGHTH AVENUE WEST,1,3,0,0,1,4,,0,55,0,0,0,0,0,1,2,14
,2016_66160,39.739303,-105.013867,2/26/2016 16:12,16:12,12,0,0,I25 & COLFAX AVENUE WEST,1,1,0,0,1,4,,0,55,0,0,0,0,0,1,2,3
,2016_66161,39.739449,-105.013875,1/23/2016 19:52,19:52,12,0,0,I25 NORTHBOUND & COLFAX AVENUE WEST,1,3,0,0,1,4,,0,55,0,0,0,0,0,1,2,13
,2016_66162,39.740941,-105.014085,3/4/2016 18:41,18:41,12,0,0,I25 & COLFAX AVENUE WEST,1,3,1,0,1,4,,0,55,0,0,0,0,0,1,2,13
,2016_66163,39.74163,-105.014388,6/1/2016 1:43,1:43,6,0,1,I25 & COLFAX AVENUE WEST,2,3,1,1,1,4,,0,55,0,0,0,0,2,1,2,5
,2016_66164,39.750728,-105.016824,10/20/2016 16:54,16:54,12,0,0,I25 & 23RD AVENUE,1,1,0,0,1,4,,0,55,0,0,0,0,0,1,2,13
,2016_66165,39.751295,-105.016566,3/18/2016 11:23,11:23,15,0,0,I25 & 23RD AVENUE WEST,2,1,1,0,1,4,,0,55,0,0,0,0,0,1,2,16