id,drcog_id,latitude,longitude,crashtime,time,crashtype,numbkilled,numbinjurd,drcoglocat,rdconditin,lightngcon,roadcntgrd,weatherco,location,roaddescrp,schoolzone,constrzone,splimit,bikeinv,pedinv,sctrinv,motoinv,svrty,rdsystem,ttlvehcls,hcf
,2016_66166,39.751295,-105.016566,9/19/2016 14:05,14:05,12,0,0,I25 & 23RD AVENUE WEST,1,1,0,0,1,4,,0,55,0,0,0,0,0,1,2,13
,2016_66167,39.751295,-105.016566,10/3/2016 8:15,8:15,12,0,0,I25 & 23RD AVENUE WEST,1,1,0,0,1,4,,0,55,0,0,0,0,0,1,2,13
,2016_66168,39.751295,-105.016566,10/4/2016 8:25,8:25,12,0,0,I25 & 23RD AVENUE WEST APPROXIMATELY,1,1,0,0,1,4,,0,,0,0,0,0,0,1,3,13
,2016_66169,39.751295,-105.016566,12/14/2016 15:05,15:05,12,0,0,I25 & 23RD AVENUE WEST,1,1,0,0,1,4,,0,55,0,0,0,0,1,1,3,13
,2016_66170,39.755118,-105.012754,8/26/2016 15:00,15:00,12,0,0,I25 & SPEER BOULEVARD,1,1,0,0,1,4,,0,55,0,0,0,0,0,1,3,13
,2016_66171,39.755118,-105.012754,10/17/2016 16:30,16:30,12,0,0,I25 NORTHBOUND & SPEER BOULEVARD NORTH,1,1,0,0,1,4,,0,55,0,0,0,0,0,1,2,13
,2016_66172,39.75691,-105.010265,4/20/2016 12:50,12:50,12,0,0,I25 & SPEER BOULEVARD NORTH,1,1,0,0,1,4,,0,55,0,0,0,0,0,1,2,13
,2016_66173,39.757155,-105.0099,2/9/2016 11:20,11:20,12,0,0,I25 & 15TH STREET,1,1,0,0,1,4,,0,55,0,0,0,0,0,1,2,7
,2016_66174,39.758322,-105.008338,11/4/2016 6:55,6:55,15,0,0,I25 SOUTHBOUND & 20TH STREET,1,1,0,0,1,4,,0,55,0,0,0,0,0,1,2,14
,2016_66175,39.760263,-105.005441,11/9/2016 6:41,6:41,12,0,0,I25 & 20TH STREET,1,1,1,0,1,4,,0,55,0,0,0,0,0,1,3,14
,2016_66176,39.760904,-105.004407,10/16/2016 15:10,15:10,12,0,0,I25 NORTHBOUND & 20TH STREET,1,1,0,0,1,4,,0,55,0,0,0,0,1,1,3,13
,2016_66177,39.760997,-105.004271,9/28/2016 10:15,10:15,15,0,0,I25 & 20TH STREET,1,1,0,0,1,4,,0,55,0,0,0,0,0,1,2,13
,2016_66178,39.760997,-105.004271,8/26/2016 20:35,20:35,12,0,0,20TH STREET & I25 SOUTHBOUND RAMPS,1,4,0,0,1,1,,0,30,0,0,0,0,0,1,3,1
,2016_66180,39.76158,-105.003512,3/14/2016 17:46,17:46,12,0,0,I25 SOUTHBOUND OFF RAMP & 20TH STREET,1,1,1,0,1,14,,0,35,0,0,0,0,0,1,2,13
,2016_66181,39.767694,-104.995669,1/27/2016 9:00,9:00,12,0,0,I25 & 38TH AVENUE WEST,1,1,2,0,1,4,,0,55,0,0,0,0,0,1,2,1
,2016_66182,39.767904,-104.995133,2/12/2016 9:26,9:26,6,0,0,I25 & 37TH AVENUE WEST,1,1,0,0,1,4,,0,55,0,0,0,0,0,1,2,3
,2016_66183,39.768049,-104.994761,6/14/2016 15:08,15:08,12,0,0,I25 & PARK AVENUE WEST,1,1,0,0,1,4,,0,55,0,0,0,0,1,1,2,14
,2016_66184,39.779391,-104.989164,2/21/2016 12:10,12:10,15,0,0,I25 & I70,1,1,0,0,1,4,,0,55,0,0,0,0,0,1,2,1
,2016_66185,39.782271,-104.98915,9/7/2016 10:54,10:54,15,0,0,I25 NORTHBOUND MERGE LANE & I70 EASTBOUND / WB RAMPS OFF GORE POINT APPROXIMATELY,1,1,0,0,1,4,,0,55,0,0,0,0,0,1,2,14
,2016_66186,39.783855,-104.989142,11/28/2016 9:53,9:53,12,0,0,I25 SOUTHBOUND & 48TH AVENUE WEST,1,1,0,0,1,4,,0,55,0,0,0,0,1,1,2,13
,2016_66193,39.695517,-104.992358,10/28/2016 2:54,2:54,5,0,0,SANTA FE DRIVE SOUTH & PLATTE RIVER DRIVE SOUTH,1,3,0,0,3,4,,0,,0,0,0,0,0,2,1,13
,2016_66236,39.711233,-105.047101,1/31/2016 0:50,0:50,6,0,0,ALAMEDA AVENUE WEST & WINONA COURT SOUTH,2,3,1,2,1,4,,0,35,0,0,0,0,1,2,4,5
,2016_66237,39.711187,-105.039895,11/1/2016 18:51,18:51,12,0,0,ALAMEDA AVENUE WEST & PERRY STREET SOUTH,1,3,0,0,1,1,,0,40,0,0,0,0,0,2,2,7
,2016_66238,39.711124,-105.03249,1/26/2016 18:38,18:38,12,0,0,ALAMEDA AVENUE WEST & KNOX COURT SOUTH,1,3,0,0,1,1,,0,40,0,0,0,0,0,2,2,2
,2016_66239,39.671825,-104.92839,3/26/2016 8:16,8:16,5,0,0,I25 SOUTHBOUND & YALE AVENUE EAST SOUTHBOUND EXIT RAMP,5,1,0,2,3,4,,0,65,0,0,0,0,0,1,1,8
,2016_66240,39.711077,-105.025075,7/25/2016 19:33,19:33,12,0,0,FEDERAL BOULEVARD SOUTH & ALAMEDA AVENUE WEST,1,1,1,0,1,1,,0,35,0,0,0,0,0,2,2,1
,2016_66241,39.711125,-105.015705,4/23/2016 19:13,19:13,12,0,0,ALAMEDA AVENUE WEST & ZUNI STREET,1,2,1,0,1,4,,0,35,0,0,0,0,1,2,2,7
,2016_66242,39.65305,-104.884342,1/7/2016 21:50,21:50,12,0,0,HAMPDEN AVENUE EAST & YOSEMITE STREET SOUTH,2,3,0,2,1,1,,0,45,0,0,0,0,0,2,2,13
,2016_66244,39.653019,-104.875385,1/22/2016 16:45,16:45,12,0,0,HAMPDEN AVENUE 9865 EAST & DAYTON STREET SOUTH,1,3,0,0,1,4,,0,45,0,0,0,0,0,2,2,13
,2016_66245,39.653019,-104.875385,8/10/2016 18:45,18:45,12,0,0,HAMPDEN AVENUE EAST & DAYTON STREET,1,3,0,0,1,3,,0,35,0,0,0,0,0,2,3,7
,2016_66246,39.653046,-104.871905,5/11/2016 6:35,6:35,12,0,0,HAMPDEN AVENUE & FLORENCE STREET SOUTH,1,1,0,0,1,4,,0,45,0,0,0,0,0,2,2,1
,2016_66247,39.660018,-104.866322,11/7/2016 17:25,17:25,15,0,1,HAVANA STREET SOUTH & DARTMOUTH AVENUE EAST,1,2,1,0,1,1,,0,45,0,0,0,0,2,2,2,5
,2016_66266,39.777347,-104.903418,5/30/2016 8:45,8:45,1,0,1,NORTHFIELD QUEBEC STREET NORTH & I70 EASTBOUND ON RAMP,1,1,0,0,1,1,,0,40,0,0,0,0,2,2,2,13
,2016_66267,39.77795,-104.903412,5/1/2016 14:25,14:25,12,0,0,NORTHFIELD QUEBEC STREET NORTH & I70,2,1,1,1,1,4,,0,45,0,0,0,0,0,2,2,1
,2016_66268,39.77795,-104.903412,10/11/2016 9:35,9:35,12,0,0,QUEBEC STREET NORTH & I70,1,1,1,0,1,3,,0,45,0,0,0,0,0,2,2,13
,2016_66269,39.791902,-104.903326,11/13/2016 18:02,18:02,12,0,0,QUEBEC STREET 5200 BLOCK NORTH  & 53RD PLACE EAST,1,3,0,0,1,4,,0,15,0,0,0,0,0,2,2,3
,2016_66275,39.66266,-104.922515,10/21/2016 22:12,22:12,5,0,0,I25 & MM 202.30,1,3,0,0,2,4,,0,65,0,0,0,0,0,1,1,14
,2016_66316,39.740344,-105.029902,7/2/2016 21:58,21:58,12,0,0,COLFAX AVENUE WEST & IRVING STREET NORTH,1,3,1,0,1,4,,0,35,0,0,0,0,0,2,2,13
,2016_66317,39.740319,-105.025508,11/26/2016 16:16,16:16,12,0,0,COLFAX AVENUE WEST & FEDERAL BOULEVARD NORTH,1,1,0,0,1,3,,0,35,0,0,0,0,0,2,2,3
,2016_66318,39.740345,-105.015536,4/12/2016 14:00,14:00,12,0,0,WEST COLFAX AVENUE & I25 SOUTHBOUND OFF RAMP,1,1,1,0,1,1,,0,40,0,0,0,0,1,2,2,13
,2016_66319,39.740032,-105.0022,6/14/2016 11:50,11:50,15,0,0,COLFAX AVENUE & 1100 BLOCK WEST,1,1,1,0,1,4,,0,30,0,0,0,0,0,2,2,13
,2016_66320,39.740029,-104.996191,8/16/2016 17:30,17:30,12,0,0,COLFAX AVENUE 600 BLOCK WEST & WELTON STREET,1,1,0,0,1,4,,0,35,0,0,0,0,0,2,2,13
,2016_66321,39.740014,-104.99328,2/7/2016 21:54,21:54,1,0,0,COLFAX AVENUE WEST & DELAWARE STREET,5,3,0,0,1,1,,0,30,0,0,0,0,0,2,3,1
,2016_66322,39.740041,-104.983728,2/3/2016 11:41,11:41,15,0,0,COLFAX AVENUE EAST & GRANT STREET NORTH,1,1,0,0,1,1,,0,30,0,0,0,0,0,2,2,13
,2016_66324,39.740018,-104.981104,2/11/2016 12:40,12:40,12,0,0,COLFAX AVENUE & PENNSYLVANIA STREET NORTH,1,1,0,0,1,4,,0,30,0,0,0,0,1,2,2,13
,2016_66325,39.739998,-104.978667,11/22/2016 21:00,21:00,10,0,0,COLFAX AVENUE EAST & WASHINGTON STREET NORTH,1,3,0,0,1,1,,0,30,0,0,0,0,0,2,2,13
,2016_66327,39.740011,-104.970993,1/31/2016 18:54,18:54,12,0,0,COLFAX AVENUE EAST & LAFAYETTE STREET,5,3,1,2,1,4,,0,40,0,0,0,0,0,2,2,14
,2016_66328,39.740009,-104.968553,8/17/2016 18:55,18:55,12,0,0,COLFAX AVENUE 1500 EAST & FRANKLIN STREET WEST,1,1,0,0,1,4,,0,30,0,0,0,0,1,2,3,14
,2016_66329,39.739999,-104.966291,6/21/2016 22:28,22:28,12,0,0,COLFAX AVENUE EAST & WILLIAMS STREET NORTH,1,3,0,0,1,4,,0,30,0,0,0,0,0,2,2,13
,2016_66330,39.73999,-104.964407,12/22/2016 22:24,22:24,12,0,0,COLFAX AVENUE EAST & HIGH STREET NORTH,1,3,0,0,1,4,,0,30,0,0,0,0,0,2,4,13
,2016_66331,39.740059,-104.959116,5/24/2016 15:45,15:45,12,0,0,COLFAX AVENUE EAST & JOSEPHINE STREET NORTH,1,1,0,0,1,4,,0,35,0,0,0,0,1,2,3,14
,2016_66332,39.740113,-104.958751,12/14/2016 12:16,12:16,12,0,0,JOSEPHINE STREET NORTH & COLFAX AVENUE EAST,1,1,0,0,1,1,,0,30,0,0,0,0,0,2,2,13
,2016_66333,39.740182,-104.95802,5/13/2016 19:10,19:10,15,0,0,COLFAX AVENUE EAST & 2400 BLOCK EAST,1,1,0,0,1,4,,0,30,0,0,0,0,0,2,2,13
,2016_66334,39.740177,-104.955199,2/28/2016 12:27,12:27,6,0,0,COLFAX AVENUE EAST & CLAYTON STREET NORTH,1,1,0,0,1,4,,0,30,0,0,0,0,0,2,2,14
,2016_66335,39.740058,-104.93547,4/22/2016 14:10,14:10,12,0,0,COLFAX AVENUE & BIRCH STREET NORTH,1,1,0,0,1,4,,0,30,0,0,0,0,0,2,2,13
,2016_66336,39.740076,-104.929091,11/3/2016 18:07,18:07,12,0,0,COLFAX AVENUE EAST & ELM STREET NORTH,1,1,0,0,1,4,,0,35,0,0,0,0,1,2,2,3
,2016_66337,39.740077,-104.928715,12/9/2016 14:39,14:39,6,0,0,COLFAX AVENUE EAST & FAIRFAX STREET NORTH,1,1,0,0,1,1,,0,30,0,0,0,0,0,2,2,14
,2016_66338,39.740085,-104.90222,12/7/2016 15:25,15:25,15,0,0,COLFAX AVENUE EAST & QUINCE STREET NORTH,5,1,0,0,1,4,,0,35,0,0,0,0,0,2,2,13
,2016_66339,39.740085,-104.901093,9/15/2016 9:56,9:56,1,0,0,COLFAX AVENUE EAST & ROSLYN STREET,1,1,0,0,1,1,,0,35,0,0,0,0,0,2,2,13
,2016_66384,39.779957,-104.942728,11/24/2016 23:41,23:41,12,0,0,I70 & STEELE STREET,1,3,0,0,1,4,,0,55,0,0,0,0,0,1,2,13
,2016_66409,39.783357,-105.034655,3/18/2016 10:59,10:59,12,0,0,I70 & LOWELL BOULEVARD NORTH,12,1,1,0,1,4,,0,55,0,0,0,0,1,1,2,3
,2016_66410,39.783149,-105.006371,4/12/2016 7:14,7:14,14,0,0,PECOS STREET NORTH & 48TH AVENUE WEST,1,1,0,0,1,6,,0,35,0,0,0,0,0,1,2,14
,2016_66411,39.783149,-105.006371,6/14/2016 16:50,16:50,15,0,0,I70 EASTBOUND & PECOS STREET NORTH,1,1,0,0,1,6,,0,15,0,0,0,0,0,1,2,14
,2016_66412,39.783149,-105.006371,7/30/2016 9:00,9:00,12,0,0,PECOS STREET & I70,1,1,0,0,1,1,,0,30,0,0,0,0,0,1,2,8
,2016_66413,39.783344,-105.001815,8/19/2016 10:15,10:15,12,0,0,I70 & LIPAN STREET NORTH,1,1,1,0,1,4,,0,55,0,0,0,0,1,1,3,3
,2016_66414,39.780749,-104.992534,4/18/2016 21:00,21:00,6,0,0,I70 & I25,1,3,0,0,1,4,,1,55,0,0,0,0,1,1,2,5
,2016_66415,39.779747,-104.985797,11/15/2016 6:25,6:25,15,0,0,I70 WB OFF RAMP I25 & RAMP SPLIT,1,2,1,0,1,14,,0,40,0,0,0,0,0,1,2,13
,2016_66416,39.779742,-104.985419,6/5/2016 14:45,14:45,12,0,0,I70 HIGHWAY WB RAMP ON  & I25 HIGHWAY SOUTHBOUND / NORTHBOUND INTERCHANGE,1,1,1,0,1,14,,0,55,0,0,0,0,0,1,2,13
,2016_66417,39.779441,-104.979019,10/29/2016 19:00,19:00,5,0,0,I70 & WASHINGTON STREET NORTH,1,3,0,0,2,4,,0,65,0,0,0,0,1,1,1,8
,2016_66418,39.779441,-104.979019,1/17/2016 21:51,21:51,5,0,0,WASHINGTON STREET NORTH & I70 WB ON RAMP,5,3,0,0,3,14,,0,40,0,0,0,0,0,1,1,13
,2016_66419,39.779859,-104.967938,3/23/2016 23:00,23:00,12,0,0,I70 & BRIGHTON BOULEVARD NORTH,5,3,0,0,1,4,,0,55,0,0,0,0,0,1,2,1
,2016_66421,39.779942,-104.966087,4/18/2016 7:10,7:10,12,0,0,I70 & BRIGHTON BOULEVARD,1,1,0,0,1,4,,0,55,0,0,0,0,0,1,3,7
,2016_66422,39.780012,-104.961148,8/8/2016 7:40,7:40,12,0,0,I70 & BRIGHTON BOULEVARD,1,1,0,0,1,4,,0,55,0,0,0,0,0,1,2,3
,2016_66424,39.780012,-104.959789,2/8/2016 12:14,12:14,12,0,0,I70 & YORK STREET NORTH,1,1,1,0,1,4,,0,55,0,0,0,0,0,1,2,13
,2016_66425,39.780012,-104.959789,4/14/2016 17:04,17:04,15,0,0,I70 & YORK STREET NORTH,1,1,1,0,1,4,,0,55,0,0,0,0,0,1,2,14
,2016_66426,39.780013,-104.958041,6/19/2016 8:55,8:55,12,0,0,46TH AVENUE EAST & COLUMBINE STREET NORTH,1,1,0,0,1,1,,0,30,0,0,0,1,0,4,2,13
,2016_66428,39.779944,-104.940603,8/15/2016 8:21,8:21,12,0,0,I70 & COLORADO BOULEVARD,1,1,0,0,1,4,,0,55,0,0,0,0,1,1,4,12
,2016_66429,39.780045,-104.937093,9/7/2016 18:07,18:07,12,0,0,I70 MERGE LANE & HIGHWAY 2A / COLORADO BOULEVARD,1,1,0,0,1,4,,0,65,0,0,0,0,0,1,3,13
,2016_66430,39.780032,-104.931784,3/11/2016 7:04,7:04,12,0,0,I70 & DAHLIA STREET NORTH,1,1,0,0,1,4,,0,55,0,0,0,0,0,1,2,13
,2016_66431,39.780032,-104.931784,7/27/2016 17:08,17:08,12,0,0,I70 & DAHLIA STREET,1,1,0,0,1,4,,0,55,0,0,0,0,0,1,2,7
,2016_66432,39.780032,-104.931784,8/1/2016 10:50,10:50,12,0,0,I70 & DAHLIA STREET,1,1,0,0,1,4,,0,55,0,0,0,0,0,1,2,13
,2016_66433,39.778283,-104.920038,10/3/2016 10:54,10:54,12,0,0,I70 & IVY STREET NORTH OFFSET REF,1,1,0,0,1,4,,0,65,0,0,0,0,0,1,2,13
,2016_66434,39.778289,-104.912566,6/28/2016 13:52,13:52,12,0,0,I70 & MONACO STREET NORTH,1,1,0,0,1,4,,0,55,0,0,0,0,0,1,2,5
,2016_66436,39.778289,-104.912566,11/27/2016 12:56,12:56,12,0,0,I70 & MONACO STREET,1,1,1,0,1,4,,0,55,0,0,0,0,1,1,3,13
,2016_66437,39.77829,-104.911837,6/29/2016 10:56,10:56,12,0,0,I70 & MONACO STREET NORTH,1,1,0,0,1,4,,0,,0,0,0,0,0,1,2,13
,2016_66438,39.778295,-104.903454,1/7/2016 7:03,7:03,12,0,0,I70 & NORTHFIELD QUEBEC STREET,1,3,0,0,1,4,,0,55,0,0,0,0,1,1,2,13
,2016_66439,39.778295,-104.903454,7/22/2016 11:38,11:38,12,0,0,I70 & QUEBEC STREET,1,1,0,0,1,4,,0,55,0,0,0,0,0,1,2,7
,2016_66440,39.778296,-104.902725,12/9/2016 19:00,19:00,12,0,0,I70 & QUEBEC STREET,8,3,0,0,1,4,,0,55,0,0,0,0,0,1,2,14
,2016_66441,39.778297,-104.90072,8/31/2016 17:43,17:43,12,0,0,I70 & QUEBEC STREET NORTH WB OFF RAMP,1,1,0,0,1,4,,0,,0,0,0,0,0,1,2,13
,2016_66442,39.778298,-104.899809,5/25/2016 2:32,2:32,5,0,1,I70 EASTBOUND & MM 279,1,3,1,0,3,4,,0,55,0,0,0,0,2,1,1,5
,2016_66443,39.778275,-104.896817,6/28/2016 15:47,15:47,15,0,0,I70 APPROXIMATELY & I270 EASTBOUND DIRECT CONNECT,1,1,0,0,1,4,,0,55,0,0,0,0,0,1,2,14
,2016_66444,39.778275,-104.896817,12/20/2016 8:37,8:37,12,0,0,I70 & I270,1,1,0,0,1,4,,0,55,0,0,0,0,1,1,2,13
,2016_66445,39.778243,-104.896152,11/10/2016 16:20,16:20,12,0,0,I70 EASTBOUND OFF RAMP TO CENTRAL PARK & RAMP SPLIT,1,1,1,0,1,14,,0,55,0,0,0,0,1,1,2,13
,2016_66446,39.77821,-104.895488,7/24/2016 11:20,11:20,15,0,0,I70 & MM 279,1,1,0,0,1,4,,0,55,0,0,0,0,1,1,2,7
,2016_66447,39.778021,-104.893162,10/24/2016 18:45,18:45,12,0,0,I70 & CENTRAL PARK BOULEVARD NORTH,1,3,0,0,1,4,,0,55,0,0,0,0,0,1,2,13
,2016_66448,39.777295,-104.884651,2/26/2016 8:15,8:15,12,0,0,I70 & CENTRAL PARK BOULEVARD NORTH,1,1,0,0,1,14,,0,55,0,0,0,0,0,1,2,13
,2016_66449,39.777243,-104.884085,7/27/2016 16:35,16:35,12,0,0,I70 & NORTHFIELD QUEBEC STREET,1,1,0,0,1,4,,0,55,0,0,0,0,0,1,2,13
,2016_66450,39.716024,-105.025131,4/25/2016 10:45,10:45,15,0,0,FEDERAL BOULEVARD & FIRST AVENUE WEST,1,1,0,0,1,4,,0,35,0,0,0,0,0,2,2,13
,2016_66451,39.777157,-104.883141,3/11/2016 11:12,11:12,12,0,0,I70 EASTBOUND OFF RAMP & CENTRAL PARK BOULEVARD NORTH,1,1,0,0,1,14,,0,45,0,0,0,0,0,1,2,13
,2016_66452,39.776002,-104.870087,3/30/2016 16:26,16:26,12,0,0,I225 SOUTHBOUND ON RAMP & I70 EASTBOUND OFF RAMP,2,1,1,2,1,14,,0,55,0,0,0,0,0,1,2,13
,2016_66453,39.775573,-104.865095,3/10/2016 16:55,16:55,15,0,0,I70 & HAVANA STREET NORTH,1,1,0,0,1,4,,0,55,0,0,0,0,0,1,2,13
,2016_66454,39.775573,-104.865095,3/19/2016 3:16,3:16,15,0,0,I70 & HAVANA STREET NORTH,1,3,0,0,1,4,,0,55,0,0,0,0,0,1,2,2
,2016_66455,39.775573,-104.865095,4/7/2016 11:50,11:50,15,0,0,I70 & HAVANA STREET NORTH,1,1,1,0,1,4,,0,55,0,0,0,0,0,1,2,12
,2016_66456,39.775573,-104.865095,4/21/2016 23:41,23:41,12,0,0,I70 HIGHWAY EASTBOUND & HAVANA STREET NORTH,1,3,0,0,1,4,,1,55,0,0,0,0,0,1,2,13
,2016_66457,39.775573,-104.865095,5/16/2016 13:44,13:44,15,0,0,I70 WB & HAVANA STREET,2,1,0,1,1,4,,0,55,0,0,0,0,0,1,2,13
,2016_66458,39.775573,-104.865095,1/8/2016 15:52,15:52,5,0,0,HAVANA STREET NORTH & I70,2,1,0,2,3,4,,0,35,0,0,0,0,0,1,1,3
,2016_66459,39.774015,-104.846978,11/3/2016 15:14,15:14,12,0,0,I70 & PEORIA STREET,1,1,0,0,1,4,,0,55,0,0,0,0,0,1,2,14
,2016_66460,39.774015,-104.846978,3/10/2016 9:00,9:00,12,0,0,I70 EASTBOUND OFF RAMP & PEORIA STREET NORTH,1,1,0,0,1,14,,0,25,0,0,0,0,1,1,2,3
,2016_66461,39.774015,-104.846978,5/6/2016 6:25,6:25,12,0,0,I70 EASTBOUND SLIP RAMP OFF & PEORIA STREET NORTH,1,1,0,0,1,14,,0,35,0,0,0,0,0,1,2,13
,2016_66462,39.773999,-104.846793,6/5/2016 17:00,17:00,12,0,0,I70 & PEORIA STREET NORTH INTERCHANGE,1,1,0,0,1,4,,0,75,0,0,0,0,0,1,2,13
,2016_66463,39.773999,-104.846793,4/6/2016 17:32,17:32,12,0,0,PEORIA STREET NORTH & I70,1,1,0,0,1,4,,0,35,0,0,0,0,0,1,2,3
,2016_66478,39.736752,-105.053215,1/31/2016 19:22,19:22,1,0,0,SHERIDAN BOULEVARD NORTH & 13TH AVENUE WEST,4,3,0,2,1,1,,0,35,0,0,0,0,0,2,1,14
,2016_66525,39.698298,-104.902791,7/28/2016 7:39,7:39,12,0,0,PARKER ROAD SOUTH & QUINCE STREET SOUTH,1,1,0,0,1,4,,0,40,0,0,0,0,0,2,2,3
,2016_66526,39.698678,-104.903771,8/25/2016 16:20,16:20,1,0,0,PARKER ROAD 1000 BLOCK SOUTH & QUEBEC STREET SOUTH,1,1,1,0,1,2,,0,40,0,0,0,0,1,2,2,13
,2016_66527,39.700766,-104.909705,1/27/2016 18:05,18:05,12,0,0,LEETSDALE DRIVE & NIAGARA STREET SOUTH,1,3,0,0,1,4,,0,35,0,0,0,0,0,2,3,13
,2016_66528,39.702954,-104.912867,9/5/2016 12:27,12:27,12,0,0,MONACO STREET 800 BLOCK SOUTH & LEETSDALE DRIVE,1,1,1,0,1,3,,0,35,0,0,0,0,0,2,2,13
,2016_66529,39.70655,-104.919792,5/6/2016 15:10,15:10,3,0,0,JERSEY STREET SOUTH & LEETSDALE DRIVE,1,1,1,0,1,1,,0,35,0,0,0,0,0,2,2,13
,2016_66530,39.707328,-104.922192,12/16/2016 8:12,8:12,1,0,0,LEETSDALE DRIVE & HOLLY STREET SOUTH,1,1,0,0,1,1,,0,30,0,0,0,0,0,2,2,13
,2016_66552,39.674259,-104.994312,11/16/2016 18:22,18:22,3,0,0,SANTA FE DRIVE SOUTH & EVANS AVENUE 400 BLOCK WEST,1,3,0,0,1,3,,0,60,0,0,0,0,0,2,2,13
,2016_66553,39.687313,-104.991943,1/15/2016 12:14,12:14,12,0,0,SANTA FE DRIVE 1600 BLOCK SOUTH & IOWA AVENUE WEST,1,1,0,0,1,3,,0,55,0,0,0,0,0,2,2,3
,2016_66554,39.689339,-104.992036,1/26/2016 0:51,0:51,15,0,0,SANTA FE DRIVE SOUTH 1500 BLOCK & FLORIDA AVENUE EAST,1,3,0,0,1,4,,0,45,0,0,0,0,1,2,2,5
,2016_66555,39.689339,-104.992036,10/31/2016 14:08,14:08,12,0,0,SANTA FE DRIVE SOUTH & FLORIDA AVENUE WEST,1,1,1,0,1,3,,0,45,0,0,0,0,0,2,3,13
,2016_66557,39.693108,-104.992484,9/21/2016 6:15,6:15,12,0,0,SANTA FE DRIVE 1300 BLOCK SOUTH & LOUISIANA AVENUE WEST,1,2,0,0,1,4,,0,45,0,0,0,0,0,2,3,1
,2016_66558,39.696596,-104.991902,8/10/2016 12:08,12:08,12,0,0,PLATTE RIVER DRIVE SOUTH & TENNESSEE AVENUE WEST,1,1,0,0,1,3,,0,40,0,0,0,0,1,2,2,7
,2016_66559,39.696679,-104.991877,4/19/2016 8:14,8:14,10,0,0,PLATTE RIVER DRIVE SOUTH & MISSISSIPPI AVENUE WEST,1,1,0,0,1,1,,0,35,0,0,0,0,0,2,2,8
,2016_66560,39.696679,-104.991877,7/2/2016 14:36,14:36,1,0,0,MISSISSIPPI AVENUE WEST & SANTA FE DRIVE SOUTH,1,1,0,0,1,1,,0,30,0,0,0,0,1,2,2,3
,2016_66561,39.704728,-104.995839,11/8/2016 18:15,18:15,15,0,0,SANTA FE DRIVE  & I25 SOUTHBOUND ON RAMP,1,3,0,0,1,4,,0,30,0,0,0,0,0,2,2,13
,2016_66562,39.708493,-104.996204,12/23/2016 12:35,12:35,12,0,0,SANTA FE SOUTH 400 SOUTH  & FRONTAGE ROAD TO 500 SOUTH,1,1,0,0,1,1,,0,25,0,0,0,0,1,2,2,13
,2016_66578,39.737983,-105.025273,5/24/2016 21:19,21:19,1,0,0,FEDERAL BOULEVARD NORTH & 14TH AVENUE WEST,1,3,0,0,1,1,,0,30,0,0,0,0,0,2,2,13
,2016_66579,39.732914,-105.025176,8/18/2016 16:13,16:13,1,0,0,10TH AVENUE WEST & FEDERAL BOULEVARD NORTH,1,1,0,0,1,1,,0,,0,0,0,0,0,2,2,13
,2016_66580,39.725357,-105.025125,3/28/2016 11:14,11:14,5,0,0,FEDERAL BOULEVARD & SIXTH AVENUE WB RAMPS,1,1,0,0,2,1,,0,35,0,0,0,0,1,2,1,13
,2016_66581,39.725357,-105.025125,9/28/2016 13:43,13:43,3,0,0,FEDERAL BOULEVARD NORTH & SIXTH AVENUE WB RAMPS,1,1,0,0,1,1,,0,35,0,0,0,0,1,2,2,7
,2016_66582,39.723656,-105.025158,8/21/2016 18:00,18:00,12,0,0,FEDERAL BOULEVARD NORTH & FIFTH AVENUE WEST ROAD EAST,1,1,1,0,1,4,,0,35,0,0,0,0,0,2,3,4
,2016_66583,39.723656,-105.025158,9/22/2016 21:03,21:03,1,0,1,FEDERAL BOULEVARD NORTH & SIXTH AVENUE WEST EASTBOUND RAMP ON,1,3,0,0,1,1,,0,40,0,0,0,0,2,2,2,13
,2016_66584,39.71498,-105.025139,7/17/2016 19:39,19:39,1,0,2,FEDERAL BOULEVARD SOUTH & BAYAUD AVENUE WEST,1,1,1,0,1,1,,0,25,0,0,0,0,2,2,2,7
,2016_66587,39.711104,-105.025094,7/19/2016 18:37,18:37,15,0,0,FEDERAL BOULEVARD SOUTH & ALAMEDA AVENUE WEST,2,1,0,0,1,1,,0,35,0,0,0,0,0,2,3,7
,2016_66588,39.710955,-105.025089,11/8/2016 13:36,13:36,15,0,0,FEDERAL BOULEVARD SOUTH & ALAMEDA AVENUE WEST,1,1,0,0,1,1,,0,35,0,0,0,0,0,2,2,7
,2016_66589,39.694802,-105.025063,11/28/2016 15:31,15:31,15,0,0,FEDERAL BOULEVARD SOUTH & ARIZONA AVENUE WEST,1,1,0,0,1,1,,0,40,0,0,0,0,0,2,2,1
,2016_66591,39.69318,-105.025057,1/11/2016 15:07,15:07,12,0,0,HIGHWAY 88A / FEDERAL BOULEVARD SOUTH & LOUISIANA AVENUE WEST,1,1,1,0,1,4,,0,40,0,0,0,0,0,2,2,14
,2016_66592,39.691264,-105.02505,12/15/2016 17:41,17:41,12,0,0,ARKANSAS AVENUE WEST & FEDERAL BOULEVARD SOUTH,1,3,0,0,1,1,,0,25,0,0,0,0,0,2,3,13
,2016_66593,39.690674,-105.025048,4/26/2016 15:51,15:51,12,0,0,FEDERAL BOULEVARD SOUTH & ARKANSAS AVENUE WEST,2,1,0,1,1,3,,0,35,0,0,0,0,1,2,6,3