id,drcog_id,latitude,longitude,crashtime,time,crashtype,numbkilled,numbinjurd,drcoglocat,rdconditin,lightngcon,roadcntgrd,weatherco,location,roaddescrp,schoolzone,constrzone,splimit,bikeinv,pedinv,sctrinv,motoinv,svrty,rdsystem,ttlvehcls,hcf
,2016_66594,39.682275,-105.025016,12/13/2016 19:15,19:15,1,0,0,FEDERAL BOULEVARD SOUTH & JEWELL AVENUE WEST,1,3,1,0,1,1,,0,35,0,0,0,0,0,2,2,7
,2016_66595,39.680523,-105.025025,4/26/2016 18:24,18:24,12,0,0,FEDERAL BOULEVARD SOUTH & ASBURY AVENUE WEST,1,1,0,0,1,1,,0,30,0,0,0,0,0,2,2,1
,2016_66621,39.651763,-105.052959,7/9/2016 17:55,17:55,1,0,0,SHERIDAN BOULEVARD SOUTH & HAMPDEN SOUTH FRTG ROAD,1,1,0,0,1,1,,0,30,0,0,0,0,0,2,2,13
,2016_66623,39.658428,-105.05323,4/15/2016 14:13,14:13,15,0,0,COLUMBIA PLACE WEST & SHERIDAN BOULEVARD SOUTH,1,1,1,0,1,4,,0,40,0,0,0,0,0,2,2,13
,2016_66625,39.682251,-105.053195,1/15/2016 18:05,18:05,12,0,0,JEWELL AVENUE WEST & SHERIDAN BOULEVARD SOUTH,1,2,0,0,1,3,,0,30,0,0,0,0,0,2,2,1
,2016_66626,39.68432,-105.053187,7/3/2016 10:02,10:02,3,0,0,SHERIDAN BOULEVARD SOUTH & MEXICO AVENUE WEST,1,1,1,0,1,1,,0,25,0,0,0,0,0,2,2,13
,2016_66630,39.724175,-105.053225,7/28/2016 10:55,10:55,12,0,0,SHERIDAN BOULEVARD NORTH & FIFTH AVENUE WEST,1,1,0,0,1,4,,0,35,0,0,0,0,0,2,4,13
,2016_66631,39.724252,-105.053196,6/18/2016 13:27,13:27,12,0,0,SHERIDAN BOULEVARD & FIFTH AVENUE,1,1,1,0,1,4,,0,40,0,0,0,0,1,2,3,13
,2016_66632,39.725821,-105.05313,7/30/2016 13:50,13:50,12,0,0,SHERIDAN BOULEVARD NORTH & SIXTH AVENUE WEST,1,1,0,0,1,4,,0,35,0,0,0,0,0,2,2,13
,2016_66633,39.729624,-105.053227,7/21/2016 14:56,14:56,15,0,0,SHERIDAN BOULEVARD NORTH & EIGHTH AVENUE WEST,1,1,1,0,1,4,,0,35,0,0,0,0,0,2,2,13
,2016_66634,39.731335,-105.053224,5/20/2016 12:57,12:57,15,0,0,SHERIDAN BOULEVARD & 900 BLOCK NORTH,1,1,1,0,1,4,,0,35,0,0,0,0,0,2,2,13
,2016_66635,39.731335,-105.053224,7/13/2016 11:51,11:51,1,0,0,SHERIDAN BOULEVARD NORTH & NINTH AVENUE WEST,1,1,1,0,1,1,,0,35,0,0,0,0,0,2,2,13
,2016_66636,39.733045,-105.053221,2/25/2016 22:20,22:20,12,0,0,SHERIDAN BOULEVARD & 10TH AVENUE WEST,1,3,0,0,1,3,,0,35,0,0,0,0,0,2,2,13
,2016_66641,39.78401,-105.053277,1/8/2016 14:41,14:41,1,0,0,SHERIDAN BOULEVARD NORTH & 48TH AVENUE WEST,2,1,1,2,1,1,,0,35,0,0,0,0,1,2,2,13
,2016_66642,39.785562,-105.053259,9/3/2016 13:56,13:56,12,0,0,SHERIDAN BOULEVARD NORTH & 49TH AVENUE WEST,1,1,0,0,1,1,,0,35,0,0,0,0,0,2,2,3
,2016_66673,39.618006,-105.091112,8/4/2016 22:30,22:30,3,0,0,CRESTLINE AVENUE WEST & WADSWORTH BOULEVARD SOUTH,1,3,0,0,1,1,,0,40,0,0,0,0,0,2,2,3
,2016_66745,39.630502,-104.905067,8/30/2016 15:25,15:25,12,0,0,I225 & I25,1,1,1,0,1,4,,0,55,0,0,0,0,0,1,2,13
,2016_66746,39.634153,-104.901932,12/17/2016 15:45,15:45,12,0,0,I225 OFF RAMP SPLIT FROM TO NORTHBOUND I25 & RAMP BEGIN GORE POINT,5,2,1,0,1,14,,0,55,0,0,0,0,1,1,2,5
,2016_66747,39.637851,-104.888012,1/5/2016 9:15,9:15,15,0,0,I225 & TAMARAC STREET SOUTHBOUND EXIT GORE POINT,1,1,0,0,1,4,,0,55,0,0,0,0,0,1,2,13
,2016_66748,39.641189,-104.88124,3/18/2016 12:30,12:30,12,0,0,I225 & YOSEMITE STREET SOUTH,2,1,0,0,1,4,,0,65,0,0,0,0,0,1,2,3
,2016_66779,39.779661,-104.967133,3/11/2016 18:19,18:19,1,0,1,BRIGHTON BOULEVARD NORTH & I70 EASTBOUND RAMP,1,3,0,0,1,1,,0,35,0,0,0,1,2,2,2,13
,2016_66780,39.780781,-104.966774,1/28/2016 20:40,20:40,12,0,0,BRIGHTON BOULEVARD NORTH & 46TH AVENUE EAST,1,3,0,0,1,1,,0,35,0,0,0,0,0,2,2,13
,2016_66781,39.780781,-104.966774,12/8/2016 12:52,12:52,12,0,0,BRIGHTON BOULEVARD & I70 WB OFF RAMP,1,1,0,0,1,1,,0,30,0,0,0,0,0,2,2,13
,2016_66787,39.776994,-104.884243,6/29/2016 23:46,23:46,15,0,0,I70 & I270 HIGHWAY WB,1,3,0,0,1,4,,0,55,0,0,0,0,0,1,2,13
,2016_66810,39.652979,-104.921505,9/15/2016 7:08,7:08,12,0,0,IVANHOE STREET SOUTH & HAMPDEN AVENUE EAST,1,2,1,0,1,3,,0,35,0,0,0,0,0,2,2,14
,2016_66811,39.745126,-105.025233,8/27/2016 21:35,21:35,9,0,0,HIGHWAY 287C / FEDERAL BOULEVARD NORTH & 18TH AVENUE WEST,1,3,0,0,1,1,,0,35,0,0,0,0,0,2,2,13
,2016_66813,39.749809,-105.025145,12/3/2016 17:45,17:45,12,0,0,FEDERAL BOULEVARD NORTH & 22ND AVENUE WEST,1,1,0,0,1,4,,0,35,0,0,0,0,0,2,2,13
,2016_66814,39.763243,-105.025159,5/20/2016 6:39,6:39,3,0,0,33RD AVENUE WEST & FEDERAL BOULEVARD NORTH,1,1,0,0,1,1,,0,35,0,0,0,0,0,2,2,14
,2016_66815,39.769238,-105.025232,4/23/2016 20:54,20:54,3,0,0,38TH AVENUE WEST & FEDERAL BOULEVARD NORTH,1,3,0,0,1,1,,0,35,0,0,0,0,0,2,2,5
,2016_66816,39.774967,-105.025229,2/4/2016 7:45,7:45,12,0,0,FEDERAL BOULEVARD NORTH & 42ND AVENUE WEST,4,1,0,0,1,4,,0,35,0,0,0,0,0,2,6,13
,2016_66817,39.776686,-105.025228,5/23/2016 9:52,9:52,12,0,0,FEDERAL BOULEVARD & 44TH AVENUE WEST,1,1,0,0,1,3,,0,35,0,0,0,0,0,2,3,14
,2016_66819,39.784707,-105.025224,2/19/2016 14:24,14:24,12,0,0,I70 WB OFF RAMP & FEDERAL BOULEVARD NORTH,1,1,1,0,1,1,,0,35,0,0,0,0,0,2,2,13
,2016_66898,39.834134,-104.746852,6/3/2016 0:12,0:12,5,0,0,PENA BOULEVARD 7200 BLOCK & E470,1,3,0,0,1,4,,0,65,0,0,0,0,0,2,2,13
,2016_66903,39.739757,-104.963466,8/15/2016 12:54,12:54,15,0,0,RACE STREET & COLFAX AVENUE EAST,1,1,0,0,1,4,,0,25,0,0,0,0,0,4,2,13
,2016_66904,39.779942,-104.966087,11/23/2016 5:36,5:36,5,0,1,I70 EASTBOUND ON SLIP RAMP & BRIGHTON BOULEVARD,1,3,1,0,2,4,,0,25,0,0,0,0,2,1,1,14
,2016_66905,39.725281,-105.012899,5/21/2016 19:24,19:24,5,0,0,I25 & SIXTH AVENUE INTERCHANGE,1,1,1,0,2,4,,0,55,0,0,0,0,0,1,1,5
,2016_66907,39.67843,-104.940638,10/24/2016 9:22,9:22,12,0,0,EVANS AVENUE EAST & COLORADO BOULEVARD SOUTH,1,1,0,0,1,1,,0,35,0,0,0,0,0,2,2,1
,2016_66908,39.679137,-104.94064,7/8/2016 9:00,9:00,1,0,0,COLORADO BOULEVARD SOUTH & EVANS AVENUE EAST,1,1,0,0,1,1,,0,35,0,0,0,0,0,2,2,13
,2016_66909,39.685533,-104.940543,9/19/2016 7:45,7:45,15,0,0,COLORADO BOULEVARD 1700 BLOCK SOUTH & MEXICO AVENUE EAST,1,1,0,0,1,3,,0,35,0,0,0,0,0,2,2,1
,2016_66910,39.69689,-104.940581,4/26/2016 13:52,13:52,15,0,0,COLORADO BOULEVARD SOUTH & MISSISSIPPI AVENUE EAST,1,1,1,0,1,4,,0,35,0,0,0,0,0,2,2,13
,2016_66913,39.716746,-104.94061,11/14/2016 5:49,5:49,3,0,0,LEETSDALE DRIVE & COLORADO BOULEVARD SOUTH,1,3,0,0,1,1,,0,35,0,0,0,0,0,2,2,13
,2016_66914,39.718205,-104.940609,6/8/2016 17:17,17:17,12,0,0,COLORADO BOULEVARD NORTH & ELLSWORTH AVENUE EAST,1,1,0,0,1,4,,0,35,0,0,0,0,0,2,2,13
,2016_66915,39.719664,-104.940609,9/14/2016 16:30,16:30,1,0,0,COLORADO BOULEVARD NORTH & FIRST AVENUE EAST,1,1,0,0,1,1,,0,35,0,0,0,0,0,2,3,13
,2016_66916,39.721269,-104.940608,7/7/2016 15:20,15:20,10,0,0,COLORADO BOULEVARD NORTH & SECOND AVENUE EAST,1,1,0,0,1,1,,0,35,0,0,0,0,0,2,2,13
,2016_66917,39.722728,-104.940608,1/30/2016 15:45,15:45,1,0,0,COLORADO BOULEVARD NORTH & THIRD AVENUE EAST,1,1,0,0,1,1,,0,40,0,0,0,0,0,2,2,8
,2016_66918,39.722728,-104.940608,6/10/2016 15:44,15:44,12,0,0,COLORADO BOULEVARD NORTH & THIRD AVENUE EAST,1,1,0,0,1,1,,0,40,0,0,0,0,1,2,2,3
,2016_66919,39.723312,-104.940607,9/15/2016 12:33,12:33,15,0,0,COLORADO BOULEVARD & THIRD AVENUE EAST,1,1,1,0,1,4,,0,30,0,0,0,0,0,2,3,13
,2016_66920,39.724917,-104.940607,10/14/2016 9:56,9:56,12,0,0,COLORADO BOULEVARD NORTH & FOURTH AVENUE EAST ROAD EAST,1,1,0,0,1,4,,0,35,0,0,0,0,1,2,2,5
,2016_66921,39.7255,-104.940607,1/2/2016 12:59,12:59,12,0,0,COLORADO BOULEVARD NORTH & SIXTH AVENUE EAST,1,1,0,0,1,1,,0,40,0,0,0,0,0,2,2,14
,2016_66922,39.7255,-104.940607,2/27/2016 0:02,0:02,3,0,1,SIXTH AVENUE EAST & COLORADO BOULEVARD NORTH,1,3,0,0,1,1,,0,35,0,0,0,0,2,2,2,5
,2016_66923,39.787345,-104.940408,5/21/2016 13:45,13:45,12,0,0,50TH AVENUE EAST  & COLORADO BOULEVARD NORTH,1,1,0,0,1,1,,0,45,0,0,0,0,0,2,2,13
,2016_66925,39.7255,-104.940607,3/29/2016 13:00,13:00,12,0,0,COLORADO BOULEVARD NORTH & SIXTH AVENUE EAST,1,1,0,0,1,3,,0,35,0,0,0,0,0,2,3,7
,2016_66926,39.7255,-104.940607,12/17/2016 8:02,8:02,3,0,0,COLORADO BOULEVARD & SIXTH AVENUE EAST,4,1,0,2,1,1,,0,30,0,0,0,0,0,2,2,13
,2016_66927,39.7255,-104.940607,12/17/2016 14:52,14:52,12,0,0,SIXTH AVENUE EAST & COLORADO BOULEVARD NORTH,5,1,0,0,1,3,,0,30,0,0,0,0,0,2,2,13
,2016_66928,39.728856,-104.940605,6/3/2016 15:55,15:55,12,0,0,COLORADO BOULEVARD NORTH & EIGHTH AVENUE EAST,1,1,0,0,1,4,,0,35,0,0,0,0,1,2,2,3
,2016_66929,39.730607,-104.940605,11/30/2016 12:20,12:20,15,0,0,COLORADO BOULEVARD & NINTH AVENUE,1,1,0,0,1,4,,0,35,0,0,0,0,0,2,2,13
,2016_66930,39.740236,-104.940601,4/9/2016 4:09,4:09,1,0,2,JCT U.S. 040C  ROAD EAST AND WEST  & COLORADO BOULEVARD NORTH,1,3,0,0,1,1,,0,35,0,0,0,0,2,2,2,5
,2016_66931,39.743592,-104.9406,12/8/2016 22:20,22:20,12,0,0,17TH AVENUE EAST  & COLORADO BOULEVARD NORTH,8,3,0,0,1,1,,0,30,0,0,0,0,0,2,2,13
,2016_66932,39.74724,-104.940599,10/27/2016 9:55,9:55,12,0,0,COLORADO BOULEVARD NORTH & MONTVIEW AVENUE EAST,1,1,0,0,1,1,,0,35,0,0,0,0,0,2,2,13
,2016_66933,39.750741,-104.940597,1/22/2016 17:51,17:51,15,0,0,NORTH COLORADO BOULEVARD & EAST 23RD AVENUE,1,2,0,0,1,4,,0,30,0,0,0,0,0,2,2,13
,2016_66934,39.751033,-104.940597,8/18/2016 17:10,17:10,12,0,0,COLORADO BOULEVARD & 23RD AVENUE EAST,1,1,0,0,1,4,,0,35,0,0,0,0,0,2,2,13
,2016_66935,39.751325,-104.940597,12/29/2016 22:20,22:20,15,0,0,COLORADO BOULEVARD & 2300 BLOCK NORTH,1,3,0,0,1,4,,0,35,0,0,0,0,0,2,3,13
,2016_66936,39.75293,-104.940597,8/11/2016 11:30,11:30,5,0,0,COLORADO BOULEVARD 2500 NORTH & 25TH AVENUE NORTH,1,1,0,0,3,1,,0,35,0,0,0,0,1,2,1,14
,2016_66958,39.72565,-105.052832,11/3/2016 15:51,15:51,15,0,0,SIXTH AVENUE WEST & SHERIDAN BOULEVARD NORTH,1,1,0,0,1,4,,0,45,0,0,0,0,0,2,2,7
,2016_66959,39.725415,-105.024877,2/1/2016 3:30,3:30,5,0,0,SIXTH AVENUE WEST EASTBOUND ON RAMP & FEDERAL BOULEVARD NORTH,5,3,2,2,3,14,,0,40,0,0,0,0,0,2,1,1
,2016_66960,39.725188,-105.018611,11/19/2016 16:10,16:10,15,0,0,SIXTH AVENUE WEST & BRYANT STREET NORTH,1,1,0,0,1,4,,0,55,0,0,0,0,0,2,2,13
,2016_66961,39.779244,-104.949727,7/15/2016 18:00,18:00,3,0,0,STEELE STREET NORTH & 4500 BLOCK,1,1,0,0,1,1,,0,30,0,0,0,0,0,2,2,13
,2016_66962,39.779447,-104.949726,4/15/2016 12:36,12:36,3,0,0,STEELE STREET NORTH & 46TH AVENUE EAST,1,1,0,0,1,1,,0,35,0,0,0,0,0,2,2,14
,2016_67012,39.778066,-104.989183,2/7/2016 11:45,11:45,5,0,0,I25 & I70 WB RAMP,5,1,1,0,3,14,,0,55,0,0,0,0,0,1,1,13
,2016_67026,39.653259,-104.918319,12/12/2016 23:35,23:35,15,0,0,I25 & HAMPDEN AVENUE EAST,1,3,0,0,1,4,,0,55,0,0,0,0,0,1,2,5
,2016_67032,39.770349,-104.991284,5/26/2016 22:35,22:35,5,0,1,I25 SOUTHBOUND & PARK AVENUE WEST,1,3,1,0,3,4,,0,55,0,0,0,0,2,1,1,10
,2016_67036,39.628018,-104.903913,10/16/2016 0:19,0:19,12,0,0,I25 NORTHBOUND & UNION AVENUE EAST,1,3,0,0,1,4,,0,65,0,0,0,0,1,1,2,13
,2016_67037,39.637859,-104.909356,12/7/2016 16:04,16:04,15,0,0,I25 NORTHBOUND & I225 SOUTHBOUND/WESTBOUND OFF RAMP GORE POINT,2,1,0,2,1,4,,0,55,0,0,0,0,0,1,3,13
,2016_67038,39.645494,-104.91392,2/13/2016 23:12,23:12,5,0,0,I25 & HAMPDEN AVENUE EAST,1,3,0,0,3,4,,0,,0,0,0,0,1,1,1,14
,2016_67039,39.653259,-104.918319,1/7/2016 14:03,14:03,5,0,0,I25 & HAMPDEN AVENUE EAST,1,1,0,0,1,4,,0,65,0,0,0,0,0,1,2,13
,2016_67040,39.653259,-104.918319,4/27/2016 9:17,9:17,12,0,0,I25 & HAMPDEN AVENUE EAST,1,1,0,0,1,4,,0,55,0,0,0,0,0,1,2,13
,2016_67041,39.653515,-104.918441,6/5/2016 13:45,13:45,12,0,0,I25 HIGHWAY NORTHBOUND RAMP ON MERGE & HAMPDEN AVENUE EAST,1,1,0,0,1,14,,0,45,0,0,0,0,0,1,2,14
,2016_67042,39.660192,-104.921439,12/5/2016 17:50,17:50,12,0,0,I25 & YALE AVENUE NORTHBOUND EXIT RAMP,1,3,1,0,1,4,,0,65,0,0,0,0,0,1,2,13
,2016_67043,39.667623,-104.925611,9/16/2016 2:00,2:00,15,0,0,I25 & YALE AVENUE EAST,1,3,0,0,1,4,,0,65,0,0,0,0,0,1,2,13
,2016_67044,39.667623,-104.925611,10/11/2016 14:50,14:50,3,0,0,EAST YALE AVENUE & I25 EASTBOUND RAMPS,1,1,0,0,1,1,,0,30,0,0,0,0,0,1,2,12
,2016_67045,39.667623,-104.925611,2/14/2016 9:30,9:30,3,0,0,YALE AVENUE EAST & I25 NORTHBOUND OFF RAMP,1,1,0,0,1,1,,0,30,0,0,0,0,0,1,2,13
,2016_67046,39.680951,-104.936001,1/8/2016 10:24,10:24,12,0,0,I25 NORTHBOUND OFF RAMP & COLORADO BOULEVARD SOUTH,4,1,1,2,1,14,,0,45,0,0,0,0,1,1,4,7
,2016_67047,39.683094,-104.940452,6/30/2016 8:34,8:34,12,0,0,I25 & COLORADO BOULEVARD SOUTH,1,1,1,0,1,4,,0,60,0,0,0,0,0,1,2,13
,2016_67049,39.68467,-104.947395,10/13/2016 21:19,21:19,15,0,0,I25 & COLORADO BOULEVARD SOUTH NORTHBOUND ON RAMP GORE POINT,1,3,1,0,1,4,,0,,0,0,0,0,1,1,2,13
,2016_67050,39.68492,-104.950436,7/5/2016 16:15,16:15,12,0,0,I25 SOUTHBOUND & STEELE STREET SOUTH,1,1,0,0,1,4,,0,50,0,0,0,0,0,1,3,12
,2016_67051,39.687715,-104.968753,7/26/2016 9:32,9:32,12,0,0,I25 NORTHBOUND & DOWNING STREET SOUTH,1,1,0,0,1,4,,0,60,0,0,0,0,0,1,2,4
,2016_67052,39.688908,-104.971152,10/18/2016 15:00,15:00,15,0,0,I25 & DOWNING STREET,1,1,0,0,1,4,,0,55,0,0,0,0,0,1,3,13
,2016_67054,39.690874,-104.974989,3/22/2016 15:45,15:45,12,0,0,I25 & MM 206,1,1,0,0,1,4,,0,60,0,0,0,0,0,1,2,13
,2016_67055,39.697504,-104.982761,7/12/2016 18:24,18:24,12,0,0,I25 SOUTHBOUND & LOGAN STREET SOUTH,1,1,0,0,1,4,,0,60,0,0,0,0,0,1,3,1
,2016_67056,39.698918,-104.984378,12/14/2016 10:22,10:22,12,0,0,I25 SOUTHBOUND ON RAMP FROM BROADWAY & RAMP MERGE,1,1,1,0,1,14,,0,40,0,0,0,0,0,1,2,13
,2016_67057,39.707118,-104.996779,2/19/2016 16:37,16:37,12,0,0,I25 & SANTA FE DRIVE SOUTH INTERCHANGE,1,1,0,0,1,4,,0,55,0,0,0,0,0,1,2,12
,2016_67058,39.707905,-104.997161,7/30/2016 20:50,20:50,12,0,0,I25 & SANTA FE DRIVE,1,4,0,0,1,4,,0,55,0,0,0,0,1,1,3,13
,2016_67059,39.709087,-104.997734,5/21/2016 22:20,22:20,12,0,0,I25 & WEST SIXTH AVENUE,1,3,0,0,1,4,,0,55,0,0,0,0,1,1,4,3
,2016_67060,39.711525,-104.999094,4/9/2016 9:58,9:58,12,0,0,I25 NORTHBOUND & WEST SIXTH AVENUE,1,1,0,0,1,4,,0,55,0,0,0,0,0,1,3,13
,2016_67061,39.711525,-104.999094,4/14/2016 16:44,16:44,12,0,0,I25 & EAST ALAMEDA AVENUE,1,1,0,0,1,4,,0,55,0,0,0,0,0,1,2,13
,2016_67062,39.711525,-104.999094,5/20/2016 12:19,12:19,12,0,0,I25 & WEST ALAMEDA AVENUE,1,1,0,0,1,4,,0,55,0,0,0,0,0,1,2,3
,2016_67063,39.711525,-104.999094,12/27/2016 10:03,10:03,12,0,0,I25 & ALAMEDA AVENUE,1,1,0,0,1,4,,0,55,0,0,0,0,0,1,3,3
,2016_67064,39.711663,-104.999176,1/5/2016 15:47,15:47,15,0,0,I25 & MM 208,1,1,1,0,1,4,,0,55,0,0,0,0,0,1,2,14
,2016_67065,39.712765,-104.999836,6/14/2016 13:25,13:25,12,0,0,I25 & ALAMEDA AVENUE WEST,1,1,1,0,1,4,,0,55,0,0,0,0,0,1,2,13
,2016_67066,39.72102,-105.008165,5/21/2016 10:30,10:30,12,0,0,I25 & THIRD AVENUE WEST,1,1,0,0,1,4,,0,55,0,0,0,0,0,1,3,14
,2016_67067,39.72244,-105.009858,11/17/2016 11:25,11:25,12,0,0,I25 & SIXTH AVENUE INTERCHANGE,2,1,0,2,1,4,,0,55,0,0,0,0,0,1,2,3
,2016_67068,39.723392,-105.011131,9/16/2016 9:39,9:39,12,0,0,I25 & SIXTH AVENUE WEST,1,1,1,0,1,4,,0,55,0,0,0,0,0,1,4,3
,2016_67069,39.723986,-105.0119,10/7/2016 12:05,12:05,15,0,0,I25 & FIFTH AVENUE WEST OFFSET REF,1,1,1,0,1,4,,0,65,0,0,0,0,0,1,2,13
,2016_67070,39.768049,-104.994761,1/31/2016 7:50,7:50,15,0,0,I25 & 38TH AVENUE EAST,2,1,0,0,1,4,,0,55,0,0,0,0,0,1,2,13
,2016_67071,39.724076,-105.011886,10/26/2016 12:13,12:13,12,0,0,I25 NORTHBOUND  & FIFTH AVENUE WEST,1,1,1,0,1,4,,0,55,0,0,0,0,0,1,2,3
,2016_67072,39.725048,-105.01273,11/3/2016 6:30,6:30,15,0,0,I25 & SIXTH AVENUE INTERCHANGE,1,2,0,0,1,4,,0,55,0,0,0,0,0,1,2,14
,2016_67073,39.725165,-105.012815,12/20/2016 11:40,11:40,12,0,0,I25 NORTHBOUND OFF RAMP & SIXTH AVENUE EASTBOUND / WB EXIT,6,1,0,0,1,14,,0,25,0,0,0,0,0,1,2,13
,2016_67074,39.725281,-105.012899,3/1/2016 9:13,9:13,12,0,0,I25 & SIXTH AVENUE INTERCHANGE,1,1,0,0,1,4,,0,55,0,0,0,0,0,1,3,1
,2016_67075,39.725281,-105.012899,4/13/2016 12:55,12:55,12,0,0,I25 & SIXTH AVENUE INTERCHANGE,1,1,1,0,1,4,,0,55,0,0,0,0,1,1,2,13
,2016_67076,39.725281,-105.012899,6/8/2016 18:52,18:52,12,0,0,I25 & SIXTH AVENUE INTERCHANGE,1,1,0,0,1,4,,0,55,0,0,0,0,0,1,2,1
,2016_67077,39.725281,-105.012899,7/14/2016 13:01,13:01,12,0,0,I25 NORTHBOUND & SIXTH AVENUE INTERCHANGE,1,1,0,0,1,4,,0,55,0,0,0,0,0,1,3,13
,2016_67078,39.733711,-105.015399,9/25/2016 14:20,14:20,12,0,0,I25 & COLFAX AVENUE WEST,1,1,0,0,1,4,,0,65,0,0,0,0,0,1,2,14
,2016_67079,39.736873,-105.014064,4/26/2016 8:54,8:54,12,0,0,I25 & 13TH AVENUE WEST,1,1,1,0,1,4,,0,55,0,0,0,0,1,1,3,13
,2016_67080,39.739303,-105.013867,9/7/2016 13:05,13:05,12,0,0,I25 NORTHBOUND & HIGHWAY 40 / COLFAX AVENUE WEST,1,1,1,0,1,4,,0,55,0,0,0,0,0,1,3,13
,2016_67081,39.74163,-105.014388,10/28/2016 16:14,16:14,12,0,0,I25 SOUTHBOUND & COLFAX AVENUE WEST,1,1,0,0,1,4,,0,25,0,0,0,0,0,1,3,13
,2016_67082,39.742025,-105.014657,8/8/2016 11:30,11:30,12,0,0,I25 NORTHBOUND & AURARIA PARKWAY,1,1,0,0,1,4,,0,55,0,0,0,0,0,1,2,3
,2016_67083,39.75115,-105.016647,8/25/2016 20:19,20:19,12,0,0,I25 & 23RD AVENUE WEST NORTHBOUND EXIT GORE,1,3,0,0,1,4,,0,65,0,0,0,0,0,1,2,3
,2016_67084,39.751295,-105.016566,1/13/2016 14:53,14:53,5,0,0,I25 & 23RD AVENUE WEST,1,1,0,0,1,4,,0,55,0,0,0,0,0,1,2,16
,2016_67085,39.751295,-105.016566,10/14/2016 18:50,18:50,12,0,0,I25 & 23RD AVENUE WEST,1,3,0,0,1,4,,0,55,0,0,0,0,1,1,2,13
,2016_67086,39.751295,-105.016566,10/26/2016 12:38,12:38,12,0,0,I25 & 23RD AVENUE WEST,1,1,1,0,1,4,,0,55,0,0,0,0,1,1,2,13
,2016_67087,39.751295,-105.016566,2/5/2016 18:35,18:35,1,0,0,23RD AVENUE WEST & I25,1,3,1,0,1,3,,0,30,0,0,0,0,0,1,2,13
,2016_67088,39.755024,-105.012885,10/29/2016 12:52,12:52,12,0,0,I25 & SPEER BOULEVARD NORTH,1,1,0,0,1,4,,0,55,0,0,0,0,0,1,2,13
,2016_67089,39.755118,-105.012754,8/24/2016 16:10,16:10,12,0,0,I25 & SPEER BOULEVARD NORTH,2,1,1,1,1,4,,0,55,0,0,0,0,0,1,2,13
,2016_67090,39.755495,-105.01223,12/2/2016 18:25,18:25,12,0,0,I25 & SPEER BOULEVARD NORTH,1,3,0,0,1,4,,0,55,0,0,0,0,0,1,2,7
,2016_67091,39.757691,-105.009228,11/16/2016 10:19,10:19,15,0,0,I25 NORTHBOUND GORE POINT & RAMP OFF FROM SPEER BOULEVARD NORTH,1,1,0,0,1,4,,0,55,0,0,0,0,0,1,2,3
,2016_67092,39.760263,-105.005441,1/30/2016 9:44,9:44,12,0,0,I25 SOUTHBOUND & 20TH STREET,1,1,0,0,1,4,,0,55,0,0,0,0,1,1,2,13
,2016_67093,39.760824,-105.004537,2/13/2016 18:39,18:39,12,0,0,I25 & 20TH STREET,1,3,0,0,1,4,,0,55,0,0,0,0,0,1,2,13
,2016_67094,39.761222,-105.003978,12/16/2016 13:46,13:46,12,0,0,I25 & 20TH STREET,1,1,0,0,1,4,,0,55,0,0,0,0,0,1,2,13
,2016_67095,39.767554,-104.996026,10/16/2016 14:06,14:06,12,0,0,I25 & 38TH AVENUE NORTHBOUND EXIT GORE POINT,1,1,0,0,1,4,,0,55,0,0,0,0,0,1,4,3
,2016_67096,39.768049,-104.994761,3/17/2016 17:00,17:00,12,0,0,I25 & 38TH AVENUE,2,1,0,2,1,4,,0,55,0,0,0,0,0,1,2,3
,2016_67097,39.768049,-104.994761,7/24/2016 2:30,2:30,15,0,0,I25 & PARK AVENUE WEST APPROXIMATELY,1,3,0,0,1,4,,0,55,0,0,0,0,0,1,2,13
,2016_67098,39.768205,-104.994404,6/15/2016 18:57,18:57,12,0,0,I25 HIGHWAY NORTHBOUND & PARK AVENUE WEST,1,1,0,0,1,4,,0,55,0,0,0,0,0,1,2,13
,2016_67099,39.773037,-104.989649,1/20/2016 9:15,9:15,12,0,1,I25 SOUTHBOUND ON RAMP  & RAMP SPLIT TO I25/PARK AVENUE FLYOVER,1,1,1,0,1,14,,0,55,0,0,0,0,2,1,4,7
,2016_67100,39.774812,-104.989262,8/5/2016 12:48,12:48,12,0,0,I25 SOUTHBOUND & I70 INTERCHANGE,1,1,0,0,1,4,,0,55,0,0,0,0,0,1,2,13
,2016_67101,39.779391,-104.989164,6/15/2016 18:25,18:25,12,0,0,I25 NORTHBOUND & I70 WB,1,1,0,0,1,4,,0,55,0,0,0,0,0,1,3,3
,2016_67106,39.667207,-104.866144,7/3/2016 21:12,21:12,3,0,0,HAVANA STREET 2700 BLOCK SOUTH & YALE AVENUE EAST,1,3,0,0,1,2,,0,45,0,0,0,0,1,2,2,13
,2016_67166,39.711124,-105.03249,10/20/2016 6:56,6:56,15,0,0,MORRISON ROAD 3500 BLOCK & ALAMEDA AVENUE WEST,1,2,0,0,1,3,,0,35,0,0,0,0,0,2,2,13
,2016_67167,39.711149,-105.021096,2/29/2016 17:44,17:44,15,0,0,ALAMEDA AVENUE WEST & DALE COURT SOUTH,1,1,0,0,1,4,,0,35,0,0,0,0,0,2,2,7
,2016_67168,39.711184,-105.001732,6/27/2016 19:04,19:04,12,0,0,ALAMEDA AVENUE 1200 BLOCK WEST & LIPAN STREET SOUTH,1,1,0,0,1,4,,0,35,0,0,0,0,0,2,2,14