id,drcog_id,latitude,longitude,crashtime,time,crashtype,numbkilled,numbinjurd,drcoglocat,rdconditin,lightngcon,roadcntgrd,weatherco,location,roaddescrp,schoolzone,constrzone,splimit,bikeinv,pedinv,sctrinv,motoinv,svrty,rdsystem,ttlvehcls,hcf
,2016_67169,39.653088,-104.914997,3/4/2016 8:40,8:40,12,0,0,HAMPDEN AVENUE 6400 BLOCK EAST & LOCUST STREET,1,1,0,0,1,3,,0,35,0,0,0,0,0,2,2,14
,2016_67170,39.653084,-104.899748,1/27/2016 10:48,10:48,3,0,0,HAMPDEN AVENUE & TAMARAC DRIVE SOUTH,1,1,0,0,1,2,,0,40,0,0,0,0,1,2,2,1
,2016_67171,39.653077,-104.898619,12/25/2016 19:40,19:40,15,0,0,HAMPDEN AVENUE EAST & TAMARAC DRIVE SOUTH,1,3,0,0,1,1,,0,15,0,0,0,0,0,2,2,5
,2016_67172,39.653077,-104.898434,12/20/2016 16:07,16:07,14,0,0,HAMPDEN AVENUE EAST & TAMARAC DRIVE SOUTH,1,1,1,0,1,3,,0,40,0,0,0,0,0,2,3,1
,2016_67173,39.65305,-104.884342,2/3/2016 8:38,8:38,5,0,0,HAMPDEN AVENUE EAST & YOSEMITE STREET SOUTH,4,1,1,0,3,4,,0,45,0,0,0,0,0,2,3,1
,2016_67174,39.653025,-104.88114,12/15/2016 7:53,7:53,12,0,0,HAMPDEN AVENUE 9100 BLOCK EAST & AKRON STREET SOUTH,1,1,0,0,1,3,,0,45,0,0,0,0,0,2,3,1
,2016_67175,39.65302,-104.87557,3/22/2016 19:47,19:47,1,0,0,HAMPDEN AVENUE & DAYTON STREET,1,3,0,0,1,1,,0,45,0,0,0,0,0,2,2,3
,2016_67176,39.65302,-104.87557,5/19/2016 8:25,8:25,1,0,0,HAMPDEN AVENUE EAST & DAYTON STREET SOUTH,1,1,0,0,1,1,,0,45,0,0,0,0,0,2,2,13
,2016_67177,39.653056,-104.871231,10/6/2016 10:32,10:32,12,0,0,HIGHWAY 30A / HAMPDEN AVENUE & FLORENCE STREET SOUTH,2,1,0,0,1,3,,0,45,0,0,0,0,0,2,2,1
,2016_67178,39.65319,-104.86945,8/10/2016 19:09,19:09,3,0,0,HAVANA STREET 600 BLOCK SOUTH & GALENA WAY SOUTH,1,1,0,0,1,2,,0,40,0,0,0,0,0,2,2,14
,2016_67179,39.66645,-104.866162,10/24/2016 16:10,16:10,12,0,0,HAVANA STREET SOUTH & YALE AVENUE EAST,1,1,0,0,1,3,,0,40,0,0,0,0,0,2,2,7
,2016_67210,39.776894,-104.903422,12/19/2016 8:25,8:25,12,0,0,NORTHFIELD QUEBEC STREET NORTH & I70 EASTBOUND,2,1,1,0,1,4,,0,40,0,0,0,0,0,2,2,13
,2016_67211,39.777347,-104.903418,8/10/2016 10:00,10:00,12,0,0,QUEBEC STREET & I70 EASTBOUND ON RAMP,1,1,1,0,1,3,,0,35,0,0,0,0,0,2,2,13
,2016_67212,39.777347,-104.903418,8/29/2016 8:20,8:20,10,0,0,HIGHWAY 35A / QUEBEC STREET NORTH & I70 EASTBOUND RAMPS,1,1,1,0,1,1,,0,45,0,0,0,0,0,2,2,7
,2016_67213,39.793504,-104.903381,7/14/2016 5:55,5:55,12,0,0,53RD AVENUE EAST & QUEBEC STREET NORTH,1,1,0,0,1,1,,0,40,0,0,0,0,0,2,3,14
,2016_67262,39.740344,-105.029902,3/28/2016 15:38,15:38,12,0,0,WEST COLFAX AVENUE & NORTH IRVING STREET,1,1,1,0,1,1,,0,30,0,0,0,0,1,2,2,2
,2016_67263,39.740292,-105.012972,2/23/2016 8:00,8:00,12,0,0,COLFAX AVENUE WEST & I25,5,1,1,0,1,4,,0,45,0,0,0,0,0,2,3,13
,2016_67264,39.740076,-105.005215,2/1/2016 14:39,14:39,1,0,0,COLFAX AVENUE WEST & SEVENTH STREET,2,1,0,2,1,1,,0,30,0,0,0,0,1,2,2,7
,2016_67266,39.740028,-105.002766,3/19/2016 8:50,8:50,15,0,0,COLFAX AVENUE WEST & MARIPOSA STREET NORTH,2,1,0,0,1,1,,0,30,0,0,0,0,0,2,2,7
,2016_67267,39.740043,-104.998894,4/5/2016 13:38,13:38,15,0,0,COLFAX AVENUE & 900 BLOCK WEST,1,1,1,0,1,4,,0,30,0,0,0,0,0,2,2,13
,2016_67268,39.740042,-104.998686,8/8/2016 9:04,9:04,3,0,0,COLFAX AVENUE WEST & SPEER BOULEVARD SOUTHBOUND,1,1,0,0,1,1,,0,35,0,0,0,0,0,2,2,14
,2016_67269,39.739999,-104.990369,4/27/2016 15:00,15:00,12,0,0,COLFAX AVENUE WEST & BANNOCK STREET NORTH,1,1,0,0,1,1,,0,35,0,0,0,0,0,2,3,14
,2016_67270,39.740005,-104.987167,10/19/2016 21:29,21:29,10,0,0,COLFAX AVENUE EAST & BROADWAY STREET NORTH,1,3,0,0,1,1,,0,30,0,0,0,0,0,2,2,7
,2016_67271,39.740006,-104.987006,5/5/2016 17:37,17:37,15,0,0,COLFAX AVENUE & BROADWAY STREET,1,1,0,0,1,4,,0,35,0,0,0,0,0,2,2,1
,2016_67272,39.740013,-104.969683,12/8/2016 8:41,8:41,3,0,0,COLFAX AVENUE EAST & HUMBOLDT STREET NORTH,2,1,0,0,1,1,,0,35,0,0,0,0,0,2,2,13
,2016_67273,39.739983,-104.959859,12/10/2016 2:37,2:37,3,0,0,YORK STREET NORTH & COLFAX AVENUE EAST,1,3,0,0,1,1,,0,30,0,0,0,0,0,2,2,5
,2016_67274,39.74014,-104.958569,6/16/2016 9:10,9:10,15,0,0,COLFAX AVENUE & 2400 BLOCK EAST,1,1,0,0,1,4,,0,30,0,0,0,0,0,2,2,1
,2016_67275,39.740157,-104.948989,2/2/2016 8:06,8:06,6,0,0,COLFAX AVENUE EAST & ADAMS STREET NORTH,4,1,0,2,1,4,,0,30,0,0,0,0,1,2,3,1
,2016_67276,39.740141,-104.944097,1/16/2016 23:08,23:08,6,0,0,COLFAX AVENUE EAST & GARFIELD STREET NORTH,1,3,0,0,1,4,,0,35,0,0,0,0,0,2,2,14
,2016_67278,39.740058,-104.934148,9/26/2016 17:43,17:43,12,0,0,COLFAX AVENUE EAST & CHERRY STREET NORTH,1,1,0,0,1,4,,0,35,0,0,0,0,0,2,2,3
,2016_67279,39.740076,-104.929842,5/16/2016 18:48,18:48,3,0,0,COLFAX AVENUE EAST & ELM STREET NORTH,2,1,0,1,1,1,,0,30,0,0,0,0,0,2,2,14
,2016_67280,39.740082,-104.912367,10/19/2016 15:13,15:13,12,0,0,COLFAX AVENUE EAST & MONACO PARKWAY NORTH,1,1,0,0,1,4,,0,30,0,0,0,0,0,2,2,13
,2016_67281,39.740085,-104.899778,6/22/2016 18:50,18:50,12,0,0,COLFAX AVENUE EAST & 7600 BLOCK EAST,1,1,0,0,1,4,,0,35,0,0,0,0,0,2,3,7
,2016_67282,39.740086,-104.89602,2/9/2016 14:35,14:35,5,0,0,COLFAX AVENUE EAST & TAMARAC STREET NORTH,1,1,0,0,3,4,,0,30,0,0,0,0,0,2,1,14
,2016_67289,39.780058,-104.9894,3/4/2016 1:45,1:45,9,0,0,I25 NORTHBOUND OFF RAMP & I70 WB,1,3,0,0,1,14,,0,55,0,0,0,0,0,1,1,14
,2016_67351,39.783234,-105.007874,8/4/2016 7:21,7:21,12,0,0,I70 & PECOS STREET,1,1,0,0,1,4,,0,55,0,0,0,0,0,1,4,14
,2016_67352,39.783149,-105.006371,1/25/2016 6:52,6:52,12,0,0,I70 EASTBOUND & PECOS STREET NORTH,1,1,0,0,1,4,,0,55,0,0,0,0,0,1,3,1
,2016_67353,39.783149,-105.006371,10/31/2016 13:29,13:29,15,0,0,PECOS STREET NORTH  & 48TH AVENUE WEST,1,1,0,0,1,4,,0,20,0,0,0,0,0,1,2,13
,2016_67354,39.783149,-105.006371,4/4/2016 11:57,11:57,15,0,0,PECOS STREET NORTH & I70 WB OFF RAMP,1,1,0,0,1,6,,0,35,0,0,0,0,0,1,2,14
,2016_67355,39.78349,-105.003125,12/10/2016 17:50,17:50,12,0,0,I70 & EASTBOUND PECOS STREET ON RAMP,1,3,1,0,1,4,,0,65,0,0,0,0,0,1,2,4
,2016_67356,39.781089,-104.993739,7/22/2016 15:25,15:25,12,0,0,I70 & I25 SOUTHBOUND,1,1,1,0,1,14,,0,55,0,0,0,0,0,1,2,13
,2016_67357,39.780749,-104.992534,5/13/2016 9:00,9:00,12,0,0,I70 & I25,1,1,0,0,1,4,,0,55,0,0,0,0,1,1,3,1
,2016_67358,39.780631,-104.99208,12/10/2016 17:50,17:50,12,0,0,I70 & MM 274,1,3,0,0,1,4,,0,55,0,0,0,0,0,1,5,1
,2016_67359,39.780058,-104.9894,2/21/2016 16:00,16:00,15,0,0,I70 & I25,1,1,0,0,1,4,,0,55,0,0,0,0,0,1,2,13
,2016_67360,39.779937,-104.988665,3/3/2016 14:13,14:13,5,0,0,I25 NORTHBOUND OFF RAMP SPLIT & I70 EASTBOUND,1,1,0,0,3,14,,0,55,0,0,0,0,0,1,1,14
,2016_67361,39.779441,-104.979019,1/12/2016 16:32,16:32,15,0,0,I70 & WASHINGTON STREET NORTH,1,1,0,0,1,4,,0,55,0,0,0,0,0,1,2,13
,2016_67362,39.779441,-104.979019,7/21/2016 20:00,20:00,12,0,0,WASHINGTON STREET & I70,1,2,0,0,1,1,,0,35,0,0,0,0,0,1,2,7
,2016_67364,39.780012,-104.959789,3/25/2016 8:55,8:55,15,0,0,YORK STREET NORTH & I70 ON RAMP WB / STEAVENSON PLACE EAST,1,1,0,0,1,1,,0,30,0,0,0,0,0,1,2,7
,2016_67366,39.779953,-104.942158,6/8/2016 10:00,10:00,15,0,0,I70 WB MERGE LANE & COLORADO BOULEVARD WB LOOP ENTRANCE GORE POINT,1,1,0,0,1,4,,0,55,0,0,0,0,0,1,2,1
,2016_67367,39.779944,-104.940603,4/14/2016 14:09,14:09,12,0,0,I70 & COLORADO BOULEVARD,1,1,0,0,1,4,,0,55,0,0,0,0,0,1,2,13
,2016_67368,39.779944,-104.940603,4/24/2016 22:00,22:00,15,0,0,I70 & NORTH COLORADO BOULEVARD,1,3,1,0,1,4,,0,55,0,0,0,0,0,1,2,14
,2016_67369,39.778295,-104.903818,7/7/2016 7:41,7:41,12,0,0,I70 & QUEBEC STREET,1,1,0,0,1,4,,0,55,0,0,0,0,0,1,2,13
,2016_67370,39.778295,-104.903454,2/29/2016 16:11,16:11,15,0,0,HIGHWAY 170 & NORTHFIELD  QUEBEC STREET NORTH INTRCHG,1,1,0,0,1,4,,0,55,0,0,0,0,0,1,2,1
,2016_67371,39.778295,-104.903454,3/10/2016 14:59,14:59,12,0,0,I70 & NORTHFIELD QUEBEC STREET NORTH,1,1,0,0,1,4,,0,55,0,0,0,0,0,1,2,13
,2016_67372,39.778295,-104.903454,4/4/2016 6:50,6:50,12,0,0,I70 & QUEBEC STREET NORTH,1,1,1,0,1,4,,0,55,0,0,0,0,0,1,2,1
,2016_67373,39.778295,-104.903454,6/27/2016 15:58,15:58,12,0,1,I70 & NORTHFIELD QUEBEC STREET NORTH,1,1,0,0,1,4,,0,55,0,0,0,0,2,1,3,2
,2016_67374,39.778295,-104.903454,7/13/2016 15:40,15:40,12,0,0,I70 & NORTHFIELD QUEBEC STREET,1,1,1,0,1,4,,0,55,0,0,0,0,0,1,2,13
,2016_67375,39.778297,-104.900538,3/23/2016 22:10,22:10,12,0,0,I70 APPROXIMATELY & QUEBEC STREET EASTBOUND RAMP ON GORE POINT,5,3,0,0,1,4,,0,55,0,0,0,0,0,1,2,14
,2016_67376,39.778275,-104.896817,12/9/2016 8:33,8:33,12,0,0,I70 WB & I270 SOUTHBOUND,1,1,1,0,1,4,,0,,0,0,0,0,0,1,3,7
,2016_67378,39.777789,-104.890374,7/24/2016 17:45,17:45,12,0,0,I70 WB RAMP ON & GORE POINT,2,1,1,1,1,4,,0,45,0,0,0,0,0,1,6,14
,2016_67379,39.777575,-104.8878,2/16/2016 9:25,9:25,15,0,0,I70 EASTBOUND  & CENTRAL PARK BOULEVARD NORTH,1,1,0,0,1,4,,0,55,0,0,0,0,1,1,2,8
,2016_67380,39.777243,-104.884085,7/8/2016 8:50,8:50,12,0,0,I70 & QUEBEC STREET,1,1,0,0,1,4,,0,55,0,0,0,0,0,1,2,1
,2016_67381,39.777139,-104.882953,12/12/2016 17:09,17:09,12,0,0,I70 & CENTRAL PARK BOULEVARD NORTH,1,3,0,0,1,4,,0,65,0,0,0,0,0,1,2,13
,2016_67382,39.777105,-104.882575,8/8/2016 21:05,21:05,15,0,0,I70 & CENTRAL PARK BOULEVARD NORTH,1,3,0,0,1,4,,0,55,0,0,0,0,0,1,2,13
,2016_67383,39.777001,-104.881444,5/12/2016 21:59,21:59,5,0,0,I70 WB  & I270 WB DIRECT CONNECT RAMP OFF,1,3,0,0,3,4,,0,55,0,0,0,0,0,1,1,8
,2016_67384,39.776793,-104.87918,3/3/2016 14:10,14:10,15,0,0,I70 & CENTRAL PARK BOULEVARD,1,1,0,0,1,4,,0,55,0,0,0,0,1,1,3,2
,2016_67385,39.775891,-104.868792,8/20/2016 15:07,15:07,12,0,0,I70 & HAVANA STREET NORTH,1,1,1,0,1,4,,1,45,0,0,0,0,0,1,2,14
,2016_67386,39.775716,-104.866758,8/14/2016 16:17,16:17,15,0,1,I70 & HAVANA STREET,1,1,0,0,1,4,,0,55,0,0,0,0,2,1,2,1
,2016_67387,39.775621,-104.865649,3/9/2016 15:05,15:05,12,0,0,I70 & HAVANA STREET NORTH,1,1,0,0,1,4,,0,55,0,0,0,0,0,1,2,13
,2016_67388,39.775573,-104.865095,3/10/2016 6:53,6:53,12,0,0,I70 & HAVANA STREET NORTH,1,1,0,0,1,4,,1,45,0,0,0,0,0,1,3,1
,2016_67389,39.775573,-104.865095,6/21/2016 15:07,15:07,12,0,0,I70 & NORTH HAVANA STREET,1,1,0,0,1,4,,0,55,0,0,0,0,1,1,3,13
,2016_67390,39.775573,-104.865095,7/2/2016 20:41,20:41,15,0,0,I70 & HAVANA STREET,1,3,0,0,1,4,,0,,0,0,0,0,0,1,2,13
,2016_67392,39.774142,-104.848457,2/5/2016 12:00,12:00,12,0,0,I70 & PEORIA STREET NORTH,1,1,0,0,1,4,,0,55,0,0,0,0,0,1,2,13
,2016_67393,39.774031,-104.847163,12/29/2016 10:15,10:15,12,0,0,I70 OFF RAMP TO PEORIA & PEORIA,1,1,0,0,1,14,,0,35,0,0,0,0,0,1,2,13
,2016_67394,39.774015,-104.846978,12/13/2016 18:00,18:00,12,0,0,I70 WB RAMP ON & PEORIA STREET NORTH,1,3,1,0,1,14,,0,40,0,0,0,0,0,1,2,1
,2016_67395,39.773999,-104.846793,1/11/2016 12:24,12:24,15,0,0,I70 & PEORIA STREET NORTH,1,1,0,0,1,4,,0,55,0,0,0,0,0,1,2,1
,2016_67396,39.773999,-104.846793,8/17/2016 6:43,6:43,15,0,0,I70 WB RAMP OFF & PEORIA STREET NORTH,1,1,1,0,1,14,,0,30,0,0,0,0,0,1,2,7
,2016_67397,39.773999,-104.846793,10/8/2016 23:49,23:49,15,0,0,PEORIA STREET NORTH & I70 WB OFF RAMP,1,3,0,0,1,1,,0,10,0,0,0,0,0,1,2,1
,2016_67398,39.773999,-104.846793,11/8/2016 12:20,12:20,15,0,0,PEORIA STREET & I70 WB ON RAMP,1,1,0,0,1,1,,0,30,0,0,0,0,0,1,2,13
,2016_67399,39.773999,-104.846793,11/19/2016 4:40,4:40,10,0,0,PEORIA STREET NORTH & I70 WB OFF RAMP,1,3,0,0,1,3,,0,25,0,0,0,0,0,1,2,1
,2016_67400,39.773028,-104.835517,4/24/2016 18:21,18:21,5,0,0,I70 WB EXIT GORE POINT & WB END RAMP 'I' FROM I225 FLYOVER,1,1,0,0,3,4,,0,55,0,0,0,0,0,1,1,5
,2016_67466,39.694871,-104.992454,12/16/2016 21:48,21:48,10,0,0,SANTA FE DRIVE SOUTH & ARIZONA AVENUE WEST,4,4,0,2,1,1,,0,35,0,0,0,0,0,2,2,4
,2016_67468,39.696679,-104.991877,11/21/2016 19:17,19:17,15,0,0,SANTA FE DRIVE SOUTH & MISSISSIPPI AVENUE WEST,1,3,0,0,1,1,,0,45,0,0,0,0,0,2,2,13
,2016_67477,39.699189,-104.905168,12/16/2016 13:36,13:36,1,0,0,PARKER ROAD & QUEBEC STREET SOUTH,1,1,0,0,1,2,,0,35,0,0,0,0,1,2,2,13
,2016_67484,39.67273,-104.868227,4/1/2016 9:27,9:27,12,0,0,PARKER ROAD 2400 BLOCK SOUTH & HARVARD AVENUE EAST,1,1,0,0,1,4,,0,45,0,0,0,0,1,2,2,1
,2016_67485,39.674529,-104.870436,5/21/2016 23:40,23:40,12,0,0,PARKER ROAD SOUTH & ILIFF AVENUE EAST,1,3,0,0,1,4,,0,35,0,0,0,0,0,2,2,13
,2016_67487,39.69629,-104.897364,12/4/2016 20:00,20:00,12,0,0,PARKER ROAD SOUTH & MISSISSIPPI AVENUE EAST,1,3,0,0,1,2,,0,35,0,0,0,0,0,2,2,5
,2016_67488,39.69629,-104.897364,12/22/2016 22:20,22:20,14,0,0,PARKER ROAD & MISSISSIPPI AVENUE,1,3,0,0,1,1,,0,35,0,0,0,0,0,2,2,13
,2016_67489,39.698614,-104.903606,4/5/2016 20:51,20:51,15,0,0,LEETSDALE DRIVE & QUEBEC STREET SOUTH,1,3,1,0,1,1,,0,40,0,0,0,0,0,2,2,3
,2016_67490,39.699887,-104.90712,7/20/2016 9:10,9:10,12,0,0,LEETSDALE DRIVE & ONEIDA STREET SOUTH,1,1,0,0,1,4,,0,35,0,0,0,0,0,2,2,3
,2016_67491,39.701082,-104.910423,2/18/2016 8:17,8:17,15,0,0,LEETSDALE DRIVE & NIAGARA STREET SOUTH,1,1,0,0,1,1,,0,35,0,0,0,0,0,2,2,1
,2016_67493,39.702954,-104.912867,8/27/2016 13:59,13:59,12,0,0,HIGHWAY 83 / LEETSDALE DRIVE & MONACO PARKWAY SOUTH,1,1,0,0,1,1,,0,35,0,0,0,0,0,2,2,13
,2016_67494,39.707284,-104.921966,3/3/2016 8:38,8:38,12,0,0,LEETSDALE DRIVE 5600 BLOCK SOUTH & HOLLY STREET,1,1,0,0,1,4,,0,35,0,0,0,0,0,2,2,13
,2016_67495,39.707328,-104.922192,6/7/2016 11:04,11:04,12,0,0,HOLLY STREET 400 BLOCK SOUTH & LEETSDALE DRIVE EAST,1,1,1,0,1,3,,0,30,0,0,0,0,1,2,3,13
,2016_67496,39.707328,-104.922192,6/29/2016 10:00,10:00,12,0,0,LEETSDALE DRIVE & HOLLY STREET SOUTH,1,1,0,0,1,1,,0,30,0,0,0,0,1,2,4,7
,2016_67497,39.70817,-104.92701,3/5/2016 18:35,18:35,12,0,0,LEETSDALE DRIVE & FOREST STREET SOUTH,1,3,0,0,1,1,,0,35,0,0,0,0,0,2,2,5
,2016_67531,39.697013,-104.991785,7/21/2016 18:45,18:45,15,0,0,SANTA FE DRIVE 1000 BLOCK SOUTH & MISSISSIPPI AVENUE EAST,1,1,0,0,1,1,,0,30,0,0,0,0,0,2,2,13
,2016_67532,39.707317,-104.996353,12/25/2016 17:55,17:55,5,0,0,SANTA FE DRIVE & I25,1,3,0,0,2,4,,0,25,0,0,0,0,1,2,1,14
,2016_67533,39.708493,-104.996204,12/1/2016 15:51,15:51,12,0,0,SANTA FE DRIVE 500 BLOCK SOUTH & I25 NORTHBOUND OFF RAMP COLLECTOR,1,1,0,0,1,1,,1,25,0,0,0,0,0,2,2,14
,2016_67535,39.709109,-104.996168,11/2/2016 11:18,11:18,15,0,0,SANTA FE DRIVE 300 BLOCK SOUTH & ALAMEDA AVENUE WEST NEW CONFIG,1,1,1,0,1,4,,1,25,0,0,0,0,0,2,2,13
,2016_67541,39.732914,-105.025176,3/20/2016 3:00,3:00,12,0,0,10TH AVENUE WEST & FEDERAL BOULEVARD NORTH,1,3,0,0,1,1,,0,25,0,0,0,0,0,2,2,13
,2016_67542,39.725357,-105.025125,4/13/2016 13:11,13:11,3,0,0,FEDERAL BOULEVARD NORTH & SIXTH AVENUE WEST,1,5,1,0,1,1,,0,35,0,0,0,0,0,2,2,13
,2016_67543,39.725357,-105.025125,5/17/2016 11:07,11:07,3,0,0,FEDERAL BOULEVARD NORTH & WEST SIXTH AVENUE WB ON RAMP,1,1,1,0,1,1,,0,30,0,0,0,0,1,2,2,13
,2016_67545,39.724756,-105.025125,10/26/2016 7:40,7:40,3,0,0,SIXTH AVENUE WEST EASTBOUND OFF RAMP & FEDERAL BOULEVARD NORTH,1,1,1,0,1,1,,0,35,0,0,0,0,0,2,2,13
,2016_67546,39.718546,-105.025156,12/21/2016 12:35,12:35,12,0,0,FEDERAL BOULEVARD NORTH & FIRST AVENUE WEST,1,1,0,0,1,3,,0,85,0,0,0,0,0,2,2,1
,2016_67547,39.718102,-105.025149,9/24/2016 16:30,16:30,1,0,0,FEDERAL BOULEVARD NORTH & FIRST AVENUE WEST,1,1,1,0,1,1,,0,40,0,0,0,0,0,2,2,1
,2016_67548,39.711104,-105.025094,12/18/2016 2:13,2:13,12,0,0,FEDERAL BOULEVARD SOUTH & ALAMEDA AVENUE WEST,5,3,0,0,1,3,,0,35,0,0,0,0,0,2,2,5
,2016_67549,39.710955,-105.025089,12/13/2016 21:48,21:48,12,0,0,FEDERAL BOULEVARD SOUTH & ALAMEDA AVENUE WEST,1,3,1,0,1,1,,0,30,0,0,0,0,0,2,2,12
,2016_67551,39.709212,-105.025079,11/28/2016 16:48,16:48,10,0,0,FEDERAL BOULEVARD SOUTH & DAKOTA AVENUE WEST ROAD EAST,1,1,1,0,1,3,,0,40,0,0,0,0,0,2,2,15
,2016_67552,39.704882,-105.025088,10/16/2016 20:50,20:50,12,0,1,FEDERAL BOULEVARD SOUTH & GILL PLACE WEST,1,3,0,0,1,1,,0,35,0,0,0,1,2,2,2,5
,2016_67553,39.700406,-105.025085,4/14/2016 6:25,6:25,15,0,0,FEDERAL BOULEVARD SOUTH & KENTUCKY AVENUE WEST,1,1,0,0,1,1,,0,35,0,0,0,0,0,2,2,13
,2016_67554,39.700406,-105.025085,8/1/2016 1:55,1:55,10,0,0,KENTUCKY AVENUE WEST & FEDERAL BOULEVARD SOUTH,1,3,0,0,1,1,,0,35,0,0,0,0,0,2,2,13
,2016_67555,39.700406,-105.025085,10/16/2016 14:00,14:00,12,0,0,FEDERAL BOULEVARD SOUTH & KENTUCKY AVENUE WEST,1,1,0,0,1,3,,0,40,0,0,0,0,0,2,2,7
,2016_67556,39.700406,-105.025085,11/13/2016 22:15,22:15,3,0,0,FEDERAL BOULEVARD & KENTUCKY AVENUE,1,1,0,0,1,2,,0,35,0,0,0,0,0,2,2,7
,2016_67557,39.696865,-105.025071,4/19/2016 18:13,18:13,15,0,0,FEDERAL BOULEVARD SOUTH & MISSISSIPPI AVENUE WEST,1,1,0,0,1,3,,0,35,0,0,0,0,0,2,2,14
,2016_67559,39.695391,-105.025066,4/17/2016 14:05,14:05,15,0,0,FEDERAL BOULEVARD & MISSISSIPPI AVENUE WEST,2,1,0,0,1,4,,0,40,0,0,0,0,0,2,2,13
,2016_67560,39.692738,-105.025056,9/4/2016 11:20,11:20,15,0,0,FEDERAL BOULEVARD 1250 BLOCK SOUTH & LOUISIANA AVENUE WEST,1,1,0,0,1,3,,0,35,0,0,0,0,0,2,2,3
,2016_67561,39.691264,-105.02505,10/31/2016 18:33,18:33,1,0,0,FEDERAL BOULEVARD SOUTH & ARKANSAS AVENUE WEST,1,1,0,0,1,1,,0,35,0,0,0,1,1,2,2,7
,2016_67562,39.689495,-105.025043,5/23/2016 17:31,17:31,12,0,0,FEDERAL BOULEVARD SOUTH & FLORIDA AVENUE WEST,1,1,1,0,1,3,,0,35,0,0,0,0,0,2,2,13
,2016_67563,39.689495,-105.025043,10/22/2016 11:00,11:00,12,0,0,FEDERAL BOULEVARD NORTH & FLORIDA AVENUE WEST,1,1,0,0,1,4,,0,40,0,0,0,0,0,2,2,7
,2016_67565,39.682275,-105.025016,1/11/2016 17:56,17:56,12,0,0,HIGHWAY 88A / FEDERAL BOULEVARD SOUTH & JEWELL AVENUE WEST,1,3,1,0,1,4,,0,40,0,0,0,0,0,2,2,12
,2016_67566,39.678192,-105.025038,4/4/2016 13:52,13:52,12,0,0,FEDERAL BOULEVARD SOUTH & EVANS AVENUE WEST,1,1,0,0,1,4,,0,30,0,0,0,0,0,2,2,7
,2016_67567,39.676736,-105.025046,11/15/2016 16:03,16:03,3,0,0,FEDERAL BOULEVARD SOUTH & WARREN AVENUE WEST,1,1,0,0,1,1,,0,10,0,0,0,0,1,2,2,7
,2016_67568,39.659933,-105.025244,12/5/2016 7:55,7:55,15,0,0,FEDERAL BOULEVARD 2000 BLOCK SOUTH & DARTMOUTH AVENUE WEST,1,1,0,0,1,4,,0,10,0,0,0,0,0,2,2,13
,2016_67569,39.657384,-105.025258,3/4/2016 11:10,11:10,12,0,0,FEDERAL BOULEVARD SOUTH & FLOYD AVENUE WEST,1,1,1,0,1,1,,0,35,0,0,0,0,0,2,2,7
,2016_67617,39.651763,-105.052959,2/19/2016 7:18,7:18,1,0,0,HAMPDEN AVENUE WEST & SHERIDAN BOULEVARD SOUTH,1,2,0,0,1,1,,0,30,0,0,0,0,0,2,2,7
,2016_67618,39.678948,-105.053268,6/29/2016 10:05,10:05,12,0,0,SHERIDAN BOULEVARD & 2100 BLOCK SOUTH,1,1,1,0,1,4,,0,35,0,0,0,0,0,2,2,3
,2016_67619,39.693139,-105.053214,12/21/2016 14:29,14:29,12,0,1,SHERIDAN BOULEVARD SOUTH & LOUISIANA AVENUE WEST,1,1,0,0,1,3,,0,40,0,0,0,0,2,2,3,13
,2016_67620,39.693285,-105.053215,8/15/2016 18:45,18:45,1,0,0,SHERIDAN BOULEVARD SOUTH & LOUISIANA AVENUE WEST,1,1,0,0,1,1,,0,35,0,0,0,0,1,2,2,13
,2016_67628,39.726278,-105.053133,10/4/2016 17:00,17:00,1,0,0,SHERIDAN BOULEVARD NORTH & SIXTH AVENUE WB RAMPS,1,1,1,0,1,3,,0,40,0,0,0,0,0,2,3,8
,2016_67630,39.733188,-105.053221,2/24/2016 11:10,11:10,3,0,0,10TH AVENUE WEST & SHERIDAN BOULEVARD NORTH,1,1,0,0,1,1,,0,35,0,0,0,0,1,2,2,14
,2016_67631,39.737037,-105.053215,7/15/2016 15:59,15:59,15,0,0,SHERIDAN BOULEVARD NORTH & 1300 BLOCK NORTH,1,1,1,0,1,3,,0,35,0,0,0,0,0,2,2,13
,2016_67661,39.617155,-105.09112,11/26/2016 16:30,16:30,12,0,0,WADSWORTH BOULEVARD SOUTH & CRESTLINE AVENUE WEST,1,1,0,0,1,4,,0,25,0,0,0,0,0,2,2,3
,2016_67734,39.629871,-104.904931,1/31/2016 16:54,16:54,15,0,0,I225 & I25 HIGHWAY SOUTHBOUND,4,2,1,2,1,14,,0,55,0,0,0,0,0,1,2,8
,2016_67735,39.633499,-104.903631,7/15/2016 19:57,19:57,5,0,0,I225 NORTHBOUND DIRECT CONNECT & I25 NORTHBOUND,1,1,1,0,2,4,,0,55,0,0,0,0,1,1,1,10
,2016_67736,39.634114,-104.902134,5/27/2016 20:49,20:49,12,0,0,I225 OFF RAMP TO & I25 HIGHWAY SOUTHBOUND,1,3,0,0,1,14,,0,55,0,0,0,0,0,1,2,1
,2016_67737,39.634429,-104.900514,4/27/2016 18:40,18:40,12,0,0,I225 RAMP OFF FROM I25 & TAMARAC STREET SOUTH / DTC BOULEVARD SOUTH,1,1,0,0,1,14,,0,45,0,0,0,0,0,1,3,13
,2016_67739,39.636563,-104.890689,12/13/2016 17:43,17:43,15,0,0,I225 NORTHBOUND RAMP & YOSEMITE STREET,1,3,1,0,1,14,,0,40,0,0,0,0,0,1,2,14