id,drcog_id,latitude,longitude,crashtime,time,crashtype,numbkilled,numbinjurd,drcoglocat,rdconditin,lightngcon,roadcntgrd,weatherco,location,roaddescrp,schoolzone,constrzone,splimit,bikeinv,pedinv,sctrinv,motoinv,svrty,rdsystem,ttlvehcls,hcf
,2016_67740,39.638254,-104.887187,6/7/2016 18:15,18:15,12,0,0,I225 NORTHBOUND ON RAMP FROM & TAMARAC STREET,2,1,0,1,1,14,,0,,0,0,0,0,0,1,2,13
,2016_67741,39.638739,-104.886197,12/11/2016 15:44,15:44,12,0,0,I225 & YOSEMITE STREET,1,1,0,0,1,4,,0,55,0,0,0,0,1,1,2,13
,2016_67743,39.639223,-104.885207,2/5/2016 7:25,7:25,15,0,0,I225 SOUTHBOUND & YOSEMITE STREET SOUTH,1,1,0,0,1,4,,0,55,0,0,0,0,0,1,2,13
,2016_67744,39.639223,-104.885207,8/30/2016 5:50,5:50,12,0,0,I225 & YOSEMITE STREET SOUTH,1,2,0,0,1,4,,0,55,0,0,0,0,0,1,2,13
,2016_67745,39.639708,-104.884217,3/29/2016 12:20,12:20,12,0,0,I225 SOUTHBOUND & YOSEMITE STREET SOUTH,1,1,0,0,1,4,,0,50,0,0,0,0,0,1,2,13
,2016_67768,39.725415,-105.025068,10/30/2016 1:55,1:55,5,0,0,SIXTH AVENUE WEST & FEDERAL BOULEVARD NORTH,1,3,0,0,2,4,,0,65,0,0,0,0,0,2,1,12
,2016_67775,39.779661,-104.967133,11/4/2016 14:15,14:15,1,0,0,BRIGHTON BOULEVARD & I70 EASTBOUND ON RAMP,1,5,1,0,1,1,,0,30,0,0,0,0,0,2,2,13
,2016_67777,39.782923,-104.900838,7/19/2016 17:45,17:45,12,0,0,I270 & QUEBEC STREET,1,1,0,0,1,4,,0,55,0,0,0,0,0,1,2,14
,2016_67778,39.777695,-104.895124,8/8/2016 7:52,7:52,12,0,0,I270 EASTBOUND DIRECT CONNECT & I70 INTERCHANGE,1,1,0,0,1,4,,0,55,0,0,0,0,0,1,2,3
,2016_67779,39.776991,-104.8823,5/9/2016 10:26,10:26,15,0,0,I270 WB DIRECT CONNECT & I70 EXIT,1,1,0,0,1,4,,0,55,0,0,0,0,0,1,2,3
,2016_67792,39.776686,-105.025228,9/26/2016 10:08,10:08,12,0,0,FEDERAL BOULEVARD NORTH & 44TH AVENUE WEST,1,1,0,0,1,1,,0,35,0,0,0,0,0,2,2,14
,2016_67800,39.652979,-104.919429,3/24/2016 20:22,20:22,15,0,0,HAMPDEN AVENUE EAST & I25 SOUTHBOUND SLIP RAMPS,1,3,0,0,1,3,,0,35,0,0,0,0,0,2,2,13
,2016_67801,39.742031,-105.025177,8/6/2016 3:01,3:01,12,0,0,FEDERAL BOULEVARD NORTH  & 16TH AVENUE WEST,1,3,2,0,1,4,,0,35,0,0,0,0,1,2,2,13
,2016_67802,39.743165,-105.025213,10/21/2016 14:23,14:23,12,0,0,FEDERAL BOULEVARD 1600 BLOCK NORTH & 16TH AVENUE WEST,1,1,0,0,1,4,,0,35,0,0,0,0,0,2,2,7
,2016_67803,39.76025,-105.025149,6/2/2016 11:35,11:35,1,0,0,SPEER BOULEVARD NORTH & FEDERAL BOULEVARD NORTH,1,1,0,0,1,2,,0,30,0,0,0,0,0,2,2,13
,2016_67804,39.76196,-105.025155,2/15/2016 16:00,16:00,12,0,0,FEDERAL BOULEVARD NORTH & 32ND AVENUE WEST,1,1,0,0,1,1,,0,35,0,0,0,0,0,2,2,14
,2016_67805,39.776686,-105.025228,5/2/2016 18:12,18:12,1,0,0,44TH AVENUE WEST & FEDERAL BOULEVARD NORTH,1,1,0,0,1,1,,0,35,0,0,0,0,0,2,2,7
,2016_67806,39.776829,-105.025228,10/3/2016 7:30,7:30,12,0,0,FEDERAL BOULEVARD 4400 BLOCK NORTH & 44TH AVENUE WEST,1,1,0,0,1,4,,0,35,0,0,0,0,0,2,3,4
,2016_67807,39.782129,-105.025225,7/28/2016 16:45,16:45,12,0,0,FEDERAL BOULEVARD & 4700 BLOCK,1,1,0,0,1,4,,0,35,0,0,0,0,0,2,2,13
,2016_67808,39.783705,-105.025224,9/22/2016 21:00,21:00,12,0,0,FEDERAL BOULEVARD NORTH & I70 APPROXIMATELY,1,3,0,0,1,4,,0,35,0,0,0,0,0,2,3,4
,2016_67809,39.783848,-105.025224,11/30/2016 7:31,7:31,1,0,0,FEDERAL BOULEVARD & I70 EASTBOUND ON RAMP,1,1,0,0,1,1,,0,35,0,0,0,0,1,2,3,14
,2016_67810,39.784707,-105.025224,5/13/2016 22:30,22:30,1,0,1,FEDERAL BOULEVARD NORTH & I70 WB ON RAMP,1,3,0,0,1,1,,0,35,0,0,0,1,2,2,2,13
,2016_67811,39.787566,-105.025215,2/12/2016 15:59,15:59,15,0,0,50TH AVENUE WEST & FEDERAL BOULEVARD NORTH,1,1,0,0,1,4,,0,35,0,0,0,0,0,2,2,1
,2016_67885,39.740304,-105.013563,6/13/2016 11:00,11:00,5,0,1,COLFAX AVENUE WEST SEP & I25 HIGHWAY SOUTHBOUND,1,1,0,0,3,4,,0,40,0,0,0,0,2,2,1,14
,2016_67888,39.834134,-104.746852,6/22/2016 4:27,4:27,4,0,0,E470 & PENA BOULEVARD,1,3,0,0,1,4,,0,75,0,0,0,0,0,2,1,13
,2016_67890,39.725747,-105.013236,7/3/2016 2:00,2:00,12,0,0,I25 & SIXTH AVENUE WEST SOUTHBOUND OFF RAMP GORE POINT,1,4,0,0,1,4,,0,55,0,0,0,0,0,1,2,13
,2016_67892,39.660035,-104.940554,11/8/2016 7:24,7:24,12,0,0,COLORADO BOULEVARD SOUTH & DARTMOUTH AVENUE EAST,1,1,0,0,1,2,,0,40,0,0,0,0,0,2,2,7
,2016_67893,39.665987,-104.9406,12/1/2016 17:21,17:21,1,0,0,COLORADO BOULEVARD SOUTH & AMHERST AVENUE EAST,1,3,0,0,1,1,,0,30,0,0,0,0,0,2,2,13
,2016_67894,39.668673,-104.940609,12/15/2016 17:58,17:58,1,0,0,COLORADO BOULEVARD SOUTH & YALE AVENUE EAST,1,3,0,0,1,1,,0,35,0,0,0,0,0,2,3,13
,2016_67896,39.676309,-104.940632,2/3/2016 8:52,8:52,5,0,0,COLORADO BOULEVARD & WARREN AVENUE EAST,6,1,0,1,3,4,,0,35,0,0,0,0,0,2,1,1
,2016_67897,39.683642,-104.940412,12/22/2016 19:19,19:19,12,0,0,COLORADO BOULEVARD & I25 NORTHBOUND SLIP OFF RAMP,1,3,1,0,1,4,,0,35,0,0,0,0,0,2,2,14
,2016_67898,39.686131,-104.940544,2/20/2016 17:16,17:16,12,0,0,COLORADO BOULEVARD SOUTH & MEXICO AVENUE EAST,1,1,0,0,1,4,,0,35,0,0,0,0,0,2,3,13
,2016_67899,39.719664,-104.940609,6/9/2016 10:56,10:56,3,0,0,COLORADO BOULEVARD NORTH & FIRST AVENUE EAST,1,1,0,0,1,1,,0,35,0,0,0,0,0,2,2,1
,2016_67900,39.687027,-104.940544,4/23/2016 10:19,10:19,12,0,0,COLORADO BOULEVARD SOUTH & IOWA AVENUE EAST,1,1,1,0,1,4,,0,35,0,0,0,0,0,2,3,1
,2016_67901,39.689119,-104.940546,11/4/2016 15:15,15:15,12,0,0,COLORADO BOULEVARD SOUTH & FLORIDA AVENUE EAST,1,1,0,0,1,3,,0,35,0,0,0,0,0,2,2,13
,2016_67902,39.690762,-104.940547,3/18/2016 12:32,12:32,15,0,0,COLORADO BOULEVARD & ARKANSAS AVENUE,5,1,1,2,1,4,,0,35,0,0,0,0,0,2,2,13
,2016_67903,39.692107,-104.940548,11/11/2016 17:45,17:45,12,0,0,COLORADO BOULEVARD & 1300 BLOCK SOUTH,1,3,1,0,1,4,,0,35,0,0,0,0,0,2,2,13
,2016_67904,39.692854,-104.940549,11/9/2016 10:52,10:52,12,0,0,COLORADO BOULEVARD SOUTH & LOUISIANA AVENUE EAST,1,1,1,0,1,3,,0,35,0,0,0,0,1,2,3,13
,2016_67905,39.69659,-104.940565,11/30/2016 20:30,20:30,14,0,0,MISSISSIPPI AVENUE 4000 BLOCK EAST & COLORADO BOULEVARD,1,3,0,0,1,4,,0,30,0,0,0,0,0,2,2,13
,2016_67911,39.716454,-104.94061,7/10/2016 16:54,16:54,15,0,0,COLORADO BOULEVARD SOUTH & BAYAUD AVENUE EAST,1,1,0,0,1,4,,0,40,0,0,0,0,0,2,2,3
,2016_67912,39.724187,-104.940607,12/9/2016 16:55,16:55,12,0,0,COLORADO BOULEVARD 300 BLOCK NORTH & FOURTH AVENUE EAST,1,3,1,0,1,4,,0,35,0,0,0,0,0,2,2,13
,2016_67913,39.7255,-104.940607,6/2/2016 13:45,13:45,12,0,0,SIXTH AVENUE EAST  & COLORADO BOULEVARD NORTH,1,1,0,0,1,3,,0,30,0,0,0,0,0,2,2,14
,2016_67914,39.738485,-104.940602,9/20/2016 0:22,0:22,3,0,0,14TH AVENUE EAST & COLORADO BOULEVARD NORTH,1,3,0,0,1,1,,0,35,0,0,0,0,0,2,2,5
,2016_67915,39.74009,-104.940601,12/19/2016 22:58,22:58,12,0,0,COLORADO BOULEVARD & COLFAX AVENUE,2,3,0,0,1,3,,0,35,0,0,0,0,0,2,2,3
,2016_67916,39.741258,-104.940601,6/14/2016 12:40,12:40,12,0,0,NORTH COLORADO BOULEVARD & EAST 16TH AVENUE,1,1,0,0,1,4,,0,30,0,0,0,0,0,2,3,7
,2016_67917,39.744613,-104.9406,1/18/2016 19:03,19:03,5,0,0,NORTH COLORADO BOULEVARD & EAST 18TH AVENUE,1,3,0,0,1,4,,0,35,0,0,0,0,0,2,1,14
,2016_67918,39.747386,-104.940599,2/12/2016 17:25,17:25,12,0,0,COLORADO BOULEVARD NORTH & MONTVIEW BLVD/CITY PARK ENTRANCE,1,2,0,0,1,4,,0,35,0,0,0,0,0,2,2,14
,2016_67919,39.754089,-104.94058,10/7/2016 7:30,7:30,12,0,0,COLORADO BOULEVARD NORTH & 26TH AVENUE WEST,1,2,0,0,1,4,,0,35,0,0,0,0,1,2,2,2
,2016_67920,39.76264,-104.940508,6/5/2016 21:11,21:11,9,0,0,COLORADO BOULEVARD 3200 BLOCK NORTH & MLK BOULEVARD EAST,1,3,0,0,1,4,,0,35,0,0,0,0,1,2,1,5
,2016_67921,39.772726,-104.94051,7/28/2016 16:04,16:04,15,0,0,COLORADO BOULEVARD NORTH & 40TH AVENUE,1,1,0,0,1,3,,0,45,0,0,0,0,0,2,2,1
,2016_67922,39.773314,-104.940512,2/28/2016 14:45,14:45,3,0,0,COLORADO BOULEVARD 4000 BLOCK NORTH & 40TH AVENUE EAST,1,1,0,0,1,2,,0,35,0,0,0,0,0,2,2,14
,2016_67923,39.78062,-104.940497,11/4/2016 9:26,9:26,15,0,0,COLORADO BOULEVARD NORTH & 4600 BLOCK,1,1,1,0,1,4,,0,35,0,0,0,0,0,2,2,1
,2016_67937,39.783618,-105.053062,5/1/2016 13:58,13:58,5,0,0,I70 EASTBOUND & SHERIDAN BOULEVARD NORTH,2,1,1,1,2,4,,0,55,0,0,0,0,0,1,1,3
,2016_67939,39.725628,-105.048327,12/15/2016 22:19,22:19,5,0,0,SIXTH AVENUE WEST & SHERIDAN BOULEVARD WB EXIT GORE POINT,1,3,0,0,3,4,,0,55,0,0,0,0,0,2,1,14
,2016_67940,39.725541,-105.033965,3/4/2016 14:53,14:53,12,0,0,SIXTH AVENUE WB OFF RAMP & LOWELL BOULEVARD NORTH,1,1,1,0,1,14,,0,45,0,0,0,0,0,2,2,13
,2016_67941,39.725455,-105.032456,6/1/2016 6:10,6:10,12,0,0,SIXTH AVENUE WEST & KNOX COURT NORTH OVER PASS SEP,2,1,1,0,1,4,,0,55,0,0,0,0,0,2,2,13
,2016_67942,39.725418,-105.026784,6/23/2016 9:20,9:20,12,0,0,SIXTH AVENUE WEST & FEDERAL BOULEVARD,1,1,1,0,1,4,,0,55,0,0,0,0,0,2,2,13
,2016_67943,39.725415,-105.025068,8/23/2016 10:50,10:50,10,0,0,SIXTH AVENUE WEST & FEDERAL BOULEVARD NORTH,1,1,0,0,1,1,,0,35,0,0,0,0,0,2,2,8
,2016_67945,39.725415,-105.025068,9/1/2016 17:44,17:44,12,0,0,SIXTH AVENUE & FEDERAL BOULEVARD NORTH,1,1,0,0,1,4,,0,55,0,0,0,0,0,2,3,13
,2016_67946,39.725414,-105.024495,11/7/2016 18:24,18:24,12,0,0,SIXTH AVENUE WEST & FEDERAL BOULEVARD NORTH,1,3,0,0,1,4,,0,55,0,0,0,0,0,2,3,3
,2016_67947,39.725324,-105.021189,4/17/2016 1:14,1:14,5,0,0,SIXTH AVENUE EASTBOUND OFF RAMP TO I25 & FEDERAL BOULEVARD,6,3,1,2,3,14,,0,35,0,0,0,0,0,2,1,13
,2016_67948,39.725533,-105.01288,3/7/2016 13:38,13:38,15,0,0,SIXTH AVENUE WEST & I25,2,1,0,1,1,4,,0,55,0,0,0,0,0,2,2,13
,2016_67949,39.779244,-104.949727,4/29/2016 15:50,15:50,1,0,0,STEELE STREET NORTH & I70 EASTBOUND OFF RAMP,2,1,0,2,1,1,,0,35,0,0,0,0,0,2,2,14
,2016_67950,39.779244,-104.949727,7/14/2016 13:05,13:05,3,0,0,STEELE STREET NORTH & I70 EASTBOUND OFF RAMP,1,1,1,0,1,1,,0,35,0,0,0,0,0,2,2,3
,2016_67961,39.751021,-105.016701,9/4/2016 0:55,0:55,15,0,0,I25 & 23RD AVENUE WEST,1,3,0,0,1,4,,0,,0,0,0,0,0,1,2,13
,2016_67980,39.760997,-105.004271,6/16/2016 12:20,12:20,12,0,0,I25 & 20TH STREET,1,1,0,0,1,4,,0,55,0,0,0,0,0,1,2,1
,2016_68028,39.625207,-104.902215,12/16/2016 22:32,22:32,15,0,0,I25 & MM 199,4,3,0,2,1,4,,0,65,0,0,0,0,0,1,2,1
,2016_68029,39.628279,-104.904057,9/14/2016 6:57,6:57,15,0,0,I25 SOUTHBOUND & UNION AVENUE,1,1,0,0,1,4,,0,65,0,0,0,0,0,1,2,3
,2016_68030,39.628541,-104.9042,9/8/2016 9:30,9:30,12,0,0,I25 & UNION AVENUE EAST,1,1,0,0,1,4,,0,65,0,0,0,0,0,1,2,3
,2016_68031,39.632192,-104.905941,1/29/2016 18:12,18:12,12,0,0,I25  & I225 NORTHBOUND,1,3,0,0,1,4,,0,65,0,0,0,0,0,1,2,7
,2016_68032,39.63902,-104.910116,10/5/2016 17:45,17:45,12,0,0,I25 & MM 200.5,1,1,0,0,1,4,,0,55,0,0,0,0,0,1,2,13
,2016_68033,39.63997,-104.910715,5/24/2016 21:25,21:25,12,0,0,I25 & MM 200.6,1,3,0,0,1,4,,0,55,0,0,0,0,0,1,2,13
,2016_68034,39.640913,-104.911262,6/30/2016 14:06,14:06,12,0,1,I25 & QUINCY AVENUE EAST,1,1,0,0,1,4,,0,65,0,0,0,0,2,1,2,13
,2016_68035,39.646976,-104.91478,3/26/2016 6:27,6:27,12,0,0,I25 & MM 201.2,4,1,0,2,1,4,,0,65,0,0,0,0,0,1,2,14
,2016_68036,39.653259,-104.918319,7/29/2016 7:15,7:15,12,0,0,I25 & HAMPDEN AVENUE EAST,1,1,0,0,1,4,,0,60,0,0,0,1,0,1,2,1
,2016_68037,39.664683,-104.923563,11/15/2016 6:35,6:35,15,0,0,I25 & YALE AVENUE EAST,1,1,0,0,1,4,,0,65,0,0,0,0,0,1,2,3
,2016_68038,39.66716,-104.925273,11/14/2016 9:00,9:00,12,0,0,I25 NORTHBOUND OFF RAMP & YALE AVENUE EAST,1,1,0,0,1,4,,0,60,0,0,0,0,0,1,2,13
,2016_68039,39.667623,-104.925611,5/24/2016 15:17,15:17,12,0,0,I25 & YALE AVENUE EAST,1,1,0,0,1,4,,0,65,0,0,0,0,0,1,2,13
,2016_68040,39.667623,-104.925611,11/15/2016 15:04,15:04,12,0,0,YALE AVENUE & I25 SOUTHBOUND OFF RAMP,1,1,1,0,1,1,,0,30,0,0,0,0,0,1,2,13
,2016_68041,39.667846,-104.925762,1/5/2016 17:28,17:28,12,0,0,I25 SOUTHBOUND & YALE AVENUE EAST,1,3,0,0,1,4,,0,55,0,0,0,0,0,1,2,12
,2016_68042,39.667846,-104.925762,5/27/2016 12:08,12:08,12,0,0,I25 RAMP ON & YALE AVENUE NORTHBOUND RAMP METER,1,1,1,0,1,14,,0,45,0,0,0,0,0,1,2,3
,2016_68043,39.670889,-104.927774,4/28/2016 8:53,8:53,12,0,0,I25 & YALE AVENUE EAST,1,1,0,0,1,4,,0,65,0,0,0,0,1,1,2,3
,2016_68044,39.678367,-104.933559,6/16/2016 16:26,16:26,15,0,0,EVANS AVENUE EAST & I25 NORTHBOUND RAMP,1,1,0,0,1,1,,0,35,0,0,0,0,0,1,2,14
,2016_68045,39.678367,-104.933559,11/22/2016 9:57,9:57,12,0,0,EVANS AVENUE & I25 NORTHBOUND ON RAMP,1,2,0,0,1,1,,0,25,0,0,0,0,0,1,2,1
,2016_68046,39.683165,-104.940757,10/17/2016 16:29,16:29,15,0,0,I25 SOUTHBOUND & COLORADO BOULEVARD SOUTH,1,1,1,0,1,4,,0,55,0,0,0,0,0,1,2,14
,2016_68047,39.684903,-104.949961,10/21/2016 17:38,17:38,12,0,0,I25 NORTHBOUND & STEELE STREET SOUTH,1,2,0,0,1,4,,0,65,0,0,0,0,0,1,2,13
,2016_68048,39.701885,-104.987945,6/14/2016 17:04,17:04,12,0,0,I25 & BROADWAY SOUTH,1,1,1,0,1,4,,0,55,0,0,0,0,0,1,2,14
,2016_68049,39.68492,-104.950436,10/28/2016 19:09,19:09,12,0,0,I25 & STEELE STREET SOUTH,1,1,0,0,1,4,,0,55,0,0,0,0,1,1,4,8
,2016_68050,39.684917,-104.950829,9/16/2016 12:56,12:56,15,0,2,I25 & MM 204.6,1,1,0,0,1,4,,0,60,0,0,0,0,2,1,3,14
,2016_68052,39.68492,-104.959509,6/27/2016 17:35,17:35,12,0,0,I25 HIGHWAY SOUTHBOUND  & UNIVERSITY BOULEVARD SOUTH,1,1,0,0,1,4,,0,55,0,0,0,0,0,1,2,3
,2016_68053,39.68492,-104.959509,8/17/2016 7:25,7:25,12,0,0,I25 & UNIVERSITY BOULEVARD SOUTH,1,1,1,0,1,4,,0,60,0,0,0,0,0,1,3,13
,2016_68054,39.68492,-104.959509,8/20/2016 11:47,11:47,14,0,0,UNIVERSITY BOULEVARD & I25,1,1,1,0,1,1,,0,35,0,0,0,0,0,1,2,8
,2016_68055,39.684899,-104.960276,2/1/2016 17:35,17:35,15,0,0,I25 & UNIVERSITY BOULEVARD SOUTH,4,3,0,2,1,4,,0,60,0,0,0,0,0,1,2,13
,2016_68056,39.685175,-104.962926,3/25/2016 17:39,17:39,15,0,0,I25 SOUTHBOUND OFF RAMP & UNIVERSITY BOULEVARD SOUTH,1,1,0,0,1,14,,0,55,0,0,0,0,0,1,2,3
,2016_68057,39.690115,-104.973561,7/15/2016 14:24,14:24,12,0,0,I25 & DOWNING STREET SOUTH,1,1,0,0,1,4,,0,55,0,0,0,0,0,1,2,1
,2016_68058,39.690115,-104.973561,10/8/2016 11:00,11:00,12,0,0,I25 & DOWNING STREET SOUTH,1,1,0,0,1,4,,0,60,0,0,0,0,1,1,2,7
,2016_68059,39.694456,-104.979276,6/8/2016 15:41,15:41,12,0,0,I25 & WASHINGTON STREET SOUTH,1,1,0,0,1,4,,0,60,0,0,0,0,1,1,2,13
,2016_68060,39.697504,-104.982761,3/31/2016 16:13,16:13,12,0,0,I25 & LOGAN STREET SOUTH,2,1,0,2,1,4,,0,55,0,0,0,0,0,1,3,3
,2016_68061,39.701466,-104.987451,6/24/2016 2:27,2:27,15,0,2,I25 HIGHWAY NORTHBOUND & BROADWAY SEP,1,3,0,0,1,4,,0,55,0,0,0,0,2,1,2,1
,2016_68062,39.706855,-104.996652,11/8/2016 8:57,8:57,12,0,0,I25 & SANTA FE DRIVE,7,1,0,0,1,4,,0,55,0,0,0,0,0,1,2,3
,2016_68063,39.707118,-104.996779,1/6/2016 17:23,17:23,12,0,0,I25 SOUTHBOUND & SANTA FE DRIVE INTERCHANGE,1,4,1,0,1,4,,0,55,0,0,0,0,0,1,2,3
,2016_68065,39.709852,-104.998628,9/11/2016 22:52,22:52,15,0,1,I25 SOUTHBOUND RAMP OFF NEW CONFIG & ALAMEDA AVENUE EAST APPROXIMATELY,1,3,1,0,1,14,,0,55,0,0,0,0,2,1,2,12
,2016_68066,39.711525,-104.999094,4/4/2016 17:02,17:02,12,0,0,I25 & ALAMEDA AVENUE WEST,14,1,1,0,1,4,,0,55,0,0,0,0,0,1,2,13
,2016_68067,39.713041,-105.000001,1/22/2016 19:17,19:17,12,0,0,I25 HIGHWAY NORTHBOUND & CEDAR AVENUE WEST,1,3,0,0,1,4,,0,55,0,0,0,0,0,1,3,13
,2016_68069,39.71532,-105.001454,5/26/2016 8:15,8:15,15,0,0,I25 & ALAMEDA AVENUE WEST,1,1,0,0,1,4,,0,55,0,0,0,0,1,1,5,1
,2016_68070,39.72244,-105.009858,10/10/2016 10:48,10:48,12,0,0,I25 & SIXTH AVENUE WEST,1,1,0,0,1,4,,0,55,0,0,0,0,0,1,2,1
,2016_68071,39.722554,-105.010019,2/27/2016 19:00,19:00,12,0,0,I25 NORTHBOUND & SIXTH AVENUE EASTBOUND RAMP ON,1,3,0,0,1,4,,0,60,0,0,0,0,0,1,2,13
,2016_68072,39.723012,-105.010664,8/26/2016 0:15,0:15,5,0,0,I25 NORTHBOUND OFF RAMP TO & SIXTH AVENUE WEST,2,3,0,1,3,14,,0,35,0,0,0,0,0,1,1,7
,2016_68073,39.723106,-105.010784,12/9/2016 6:37,6:37,12,0,0,I25 NORTHBOUND OFF RAMP & SIXTH AVENUE EASTBOUND / WB EXIT,5,2,1,0,1,14,,0,55,0,0,0,0,1,1,5,1
,2016_68074,39.724076,-105.011886,2/15/2016 11:42,11:42,15,0,0,I25 SOUTHBOUND  & FIFTH AVENUE WEST,1,1,1,0,1,4,,0,55,0,0,0,0,0,1,3,13
,2016_68075,39.724076,-105.011886,3/29/2016 10:37,10:37,12,0,0,I25 SOUTHBOUND  & FIFTH AVENUE WEST,1,1,1,0,1,4,,0,55,0,0,0,0,0,1,4,13
,2016_68076,39.725281,-105.012899,8/15/2016 8:27,8:27,5,0,0,I25 SOUTHBOUND & SIXTH AVENUE INTERCHANGE,1,1,1,0,2,4,,0,55,0,0,0,0,1,1,1,14
,2016_68077,39.725281,-105.012899,8/23/2016 7:30,7:30,12,0,0,I25 & HIGHWAY 6,1,1,1,0,1,4,,0,55,0,0,0,0,0,1,2,3
,2016_68078,39.725281,-105.012899,9/3/2016 10:58,10:58,12,0,0,I25 & SIXTH AVENUE WEST,1,1,0,0,1,4,,0,5,0,0,0,0,1,1,2,7
,2016_68079,39.733834,-105.015362,1/4/2016 8:31,8:31,15,0,0,I25 & NORTHBOUND OFF RAMP GORE POINT TO COLFAX,1,1,0,0,1,4,,0,55,0,0,0,0,0,1,2,14
,2016_68080,39.736873,-105.014064,8/8/2016 11:35,11:35,12,0,0,I25 NORTHBOUND & 13TH AVENUE WEST,1,1,1,0,1,4,,0,55,0,0,0,0,0,1,3,13
,2016_68081,39.738382,-105.013839,3/15/2016 14:43,14:43,12,0,0,I25 & AURARIA PARKWAY NORTHBOUND EXIT GORE POINT,1,1,1,0,1,4,,0,55,0,0,0,0,1,1,2,13
,2016_68083,39.740257,-105.013939,8/5/2016 8:02,8:02,12,0,0,I25 NORTHBOUND RAMP OFF & COLFAX AVENUE WEST,1,1,0,0,1,14,,0,55,0,0,0,0,0,1,2,14
,2016_68084,39.740669,-105.013986,5/19/2016 1:45,1:45,15,0,0,I25 & COLFAX AVENUE WEST,1,3,1,0,1,4,,0,55,0,0,0,0,0,1,2,2
,2016_68085,39.740799,-105.014034,3/28/2016 0:00,0:00,12,0,0,I25 NORTHBOUND & AURARIA PARKWAY,1,3,0,0,1,4,,0,55,0,0,0,0,1,1,2,13
,2016_68086,39.742179,-105.014799,8/27/2016 21:50,21:50,12,0,0,I25 NORTHBOUND & 17TH AVENUE WEST / BRIDGE TO INVESCO,1,3,1,0,1,4,,0,55,0,0,0,0,1,1,4,7
,2016_68087,39.755118,-105.012754,2/10/2016 8:12,8:12,12,0,0,I25 & SPEER BOULEVARD NORTH,1,1,0,0,1,4,,0,55,0,0,0,0,0,1,2,12
,2016_68088,39.755118,-105.012754,6/28/2016 10:55,10:55,5,0,0,I25 HIGHWAY NORTHBOUND & SPEER BOULEVARD INTERCHANGE,1,1,0,0,2,4,,0,55,0,0,0,0,0,1,1,14
,2016_68089,39.755118,-105.012754,8/26/2016 16:49,16:49,12,0,0,I25 & SPEER BOULEVARD NORTH,1,1,0,0,1,4,,0,55,0,0,0,0,0,1,3,13
,2016_68090,39.755118,-105.012754,12/30/2016 17:39,17:39,12,0,0,I25 & SPEER BOULEVARD NORTH,1,3,0,0,1,4,,0,55,0,0,0,0,0,1,4,1
,2016_68091,39.755118,-105.012754,4/22/2016 13:11,13:11,15,0,0,I25 & NORTH SPEER BOULEVARD,1,1,0,0,1,1,,0,35,0,0,0,0,0,1,2,3
,2016_68092,39.755495,-105.01223,1/28/2016 8:50,8:50,15,0,0,I25 & SPEER BOULEVARD NORTH,1,1,0,0,1,4,,0,55,0,0,0,0,0,1,2,1
,2016_68093,39.757796,-105.00908,10/8/2016 7:51,7:51,15,0,0,I25 & SPEED BOULEVARD NORTH,1,1,0,0,1,4,,0,55,0,0,0,0,1,1,3,13
,2016_68094,39.760263,-105.005441,8/9/2016 12:45,12:45,12,0,0,I25 & 20TH STREET,1,1,0,0,1,4,,0,55,0,0,0,0,1,1,3,14
,2016_68096,39.760263,-105.005441,10/21/2016 15:35,15:35,12,0,0,I25 NORTHBOUND & 20TH STREET,1,1,0,0,1,4,,0,55,0,0,0,0,0,1,2,13
,2016_68097,39.760824,-105.004537,7/18/2016 10:35,10:35,12,0,0,I25 & 20TH STREET,1,1,0,0,1,4,,0,55,0,0,0,0,0,1,2,3
,2016_68098,39.768762,-104.993289,11/2/2016 11:02,11:02,12,0,0,I25 & 38TH AVENUE,1,1,0,0,1,4,,0,55,0,0,0,0,0,1,2,14
,2016_68099,39.776439,-104.98921,4/29/2016 14:38,14:38,12,0,0,I25 & 44TH AVENUE WEST,2,1,1,2,1,4,,0,55,0,0,0,0,0,1,3,13
,2016_68100,39.777031,-104.9892,1/26/2016 6:45,6:45,12,0,0,I25 EXIT RAMP & I70 RAMPS C & I,1,3,0,0,1,14,,0,55,0,0,0,0,0,1,2,1
,2016_68101,39.777918,-104.989186,1/12/2016 14:50,14:50,12,0,0,I25 NORTHBOUND OFF RAMP & I70 RAMPS C & I,1,1,0,7,1,14,,0,55,0,0,0,0,0,1,3,13
,2016_68102,39.779391,-104.989164,6/25/2016 17:07,17:07,12,0,0,I25 HIGHWAY SOUTHBOUND & I70 HIGHWAY WB INTERCHANGE,1,1,0,0,1,4,,0,55,0,0,0,0,0,1,3,3
,2016_68103,39.787424,-104.989088,11/30/2016 8:22,8:22,15,0,0,I25 & 48TH AVENUE,1,1,0,0,1,4,,0,55,0,0,0,0,0,1,2,3
,2016_68140,39.711266,-105.052699,6/2/2016 13:08,13:08,12,0,0,ALAMEDA AVENUE 5100 BLOCK WEST & SHERIDAN BOULEVARD,1,1,1,0,1,3,,0,35,0,0,0,0,1,2,2,13
,2016_68141,39.711124,-105.03249,6/9/2016 16:50,16:50,15,0,0,ALAMEDA AVENUE WEST & MORRISON ROAD,1,1,0,0,1,3,,0,35,0,0,0,0,0,2,2,7
,2016_68142,39.711094,-105.029925,4/22/2016 11:58,11:58,3,0,0,ALAMEDA AVENUE WEST & IRVING STREET SOUTH,1,1,0,0,1,1,,0,35,0,0,0,0,0,2,2,13