id,drcog_id,latitude,longitude,crashtime,time,crashtype,numbkilled,numbinjurd,drcoglocat,rdconditin,lightngcon,roadcntgrd,weatherco,location,roaddescrp,schoolzone,constrzone,splimit,bikeinv,pedinv,sctrinv,motoinv,svrty,rdsystem,ttlvehcls,hcf
,2016_68143,39.711131,-105.017017,3/13/2016 12:46,12:46,12,0,2,ALAMEDA AVENUE 2500 BLOCK WEST & BRYANT STREET SOUTH,1,1,0,0,1,4,,0,40,0,0,0,0,2,2,3,7
,2016_68144,39.711184,-105.000802,4/26/2016 14:40,14:40,12,0,0,ALAMEDA AVENUE & PLATTE RIVER DRIVE SOUTH,1,1,0,1,1,3,,0,35,0,0,0,0,0,2,4,12
,2016_68145,39.711208,-104.998391,6/27/2016 7:25,7:25,3,0,0,ALAMEDA AVENUE WEST & KALAMATH STREET SOUTH,1,1,0,0,1,1,,0,30,0,0,0,0,0,2,2,14
,2016_68146,39.653094,-104.90721,11/15/2016 13:03,13:03,1,0,0,HAMPDEN AVENUE EAST & OLEANDER COURT SOUTH,1,1,1,0,1,1,,0,40,0,0,0,0,1,2,2,3
,2016_68147,39.653025,-104.880769,7/19/2016 9:34,9:34,12,0,0,HAMPDEN AVENUE & AKRON STREET SOUTH,1,1,1,0,1,4,,0,45,0,0,0,0,0,2,2,13
,2016_68148,39.65302,-104.87557,11/27/2016 22:52,22:52,12,0,0,HAMPDEN AVENUE 9600 BLOCK EAST & DAYTON STREET SOUTH,1,2,0,0,1,4,,0,40,0,0,0,0,0,2,2,12
,2016_68149,39.660018,-104.866322,11/1/2016 8:51,8:51,12,0,0,HAVANA STREET 3100 BLOCK SOUTH & DARTMOUTH AVENUE EAST,1,1,0,0,1,4,,0,45,0,0,0,0,0,2,2,1
,2016_68150,39.660144,-104.866318,7/1/2016 7:28,7:28,12,0,0,HAVANA STREET 3000 BLOCK SOUTH & DARTMOUTH AVENUE EAST,1,1,0,0,1,4,,0,35,0,0,0,0,1,2,2,14
,2016_68151,39.665946,-104.866175,7/16/2016 10:35,10:35,15,0,0,HAVANA STREET SOUTH & YALE AVENUE EAST,1,1,0,0,1,4,,0,35,0,0,0,0,0,2,2,13
,2016_68152,39.66645,-104.866162,2/1/2016 9:27,9:27,3,0,0,HAVANA STREET SOUTH & YALE AVENUE EAST,1,1,0,2,1,2,,0,40,0,0,0,0,1,2,2,13
,2016_68153,39.66645,-104.866162,6/15/2016 13:42,13:42,12,0,0,HAVANA STREET 2700 BLOCK SOUTH & YALE AVENUE EAST,1,1,0,0,1,4,,0,35,0,0,0,0,0,2,2,13
,2016_68154,39.667585,-104.866134,10/4/2016 17:35,17:35,1,0,0,HAVANA STREET & YALE AVENUE EAST,1,1,0,0,1,2,,0,40,0,0,0,0,0,2,2,13
,2016_68155,39.669099,-104.866097,8/23/2016 8:10,8:10,12,0,0,HAVANA STREET SOUTH & PARKER ROAD SOUTH,1,1,0,0,1,3,,0,45,0,0,0,0,1,2,2,2
,2016_68165,39.707244,-104.86598,10/20/2016 7:20,7:20,5,0,0,HAVANA STREET 500 BLOCK SOUTH & VIRGINIA AVENUE EAST,1,2,0,0,3,3,,0,40,0,0,0,0,0,2,1,7
,2016_68182,39.779316,-104.903391,7/21/2016 7:45,7:45,12,0,0,QUEBEC STREET & I70 WB ON RAMP,1,1,0,0,1,1,,0,40,0,0,0,0,0,2,2,12
,2016_68183,39.780062,-104.903167,12/12/2016 7:30,7:30,15,0,0,QUEBEC STREET & I70 WB RAMP,1,1,0,0,1,3,,0,35,0,0,0,0,0,2,2,13
,2016_68184,39.783139,-104.900572,5/20/2016 12:17,12:17,15,0,0,NORTHFIELD / QUEBEC STREET NORTH & I270,1,1,1,0,1,3,,0,40,0,0,0,0,0,2,2,13
,2016_68185,39.785531,-104.899639,10/31/2016 14:10,14:10,15,0,0,NORTHFIELD BOULEVARD EAST & QUEBEC STREET SOUTHBOUND ON RAMP,1,1,0,0,1,1,,0,35,0,0,0,0,0,2,2,13
,2016_68234,39.740259,-105.02725,9/18/2016 18:07,18:07,12,0,1,COLFAX AVENUE WEST & COLFAX AVENUE 3100 WEST,1,1,1,0,1,4,,0,30,0,0,0,0,2,2,2,5
,2016_68235,39.74028,-105.01238,8/1/2016 7:10,7:10,1,0,0,COLFAX AVENUE WEST & I25 NORTHBOUND OFF RAMP,1,1,0,0,1,3,,0,55,0,0,0,0,0,2,2,13
,2016_68236,39.740145,-105.00691,1/3/2016 19:30,19:30,12,0,0,COLFAX AVENUE WEST & SEVENTH STREET SOUTH,1,2,0,0,1,4,,0,35,0,0,0,0,0,2,2,13
,2016_68237,39.740076,-105.005215,1/26/2016 7:42,7:42,3,0,0,COLFAX AVENUE WEST & SEVENTH STREET,1,1,1,0,1,1,,0,30,0,0,0,0,0,2,2,13
,2016_68238,39.740076,-105.005215,4/29/2016 21:05,21:05,5,0,0,COLFAX AVENUE WEST & OSAGE STREET NORTH,2,3,1,1,2,3,,0,30,0,0,0,0,0,2,1,10
,2016_68239,39.740028,-105.002766,3/22/2016 17:20,17:20,12,0,0,COLFAX AVENUE WEST & MARIPOSA STREET NORTH,1,1,0,0,1,3,,0,35,0,0,0,0,0,2,2,5
,2016_68240,39.740042,-104.998686,9/23/2016 16:46,16:46,12,0,0,COLFAX AVENUE 700 BLOCK WEST & SPEER BOULEVARD NORTH,1,1,0,0,1,4,,0,30,0,0,0,0,1,2,2,13
,2016_68242,39.740038,-104.997854,3/16/2016 2:30,2:30,3,0,0,COLFAX AVENUE WEST & SPEER BOULEVARD NORTH,1,3,0,0,1,1,,0,35,0,0,0,0,0,2,2,7
,2016_68243,39.74003,-104.996398,5/20/2016 22:55,22:55,3,0,0,COLFAX AVENUE WEST & FOX STREET,1,3,0,0,1,1,,0,35,0,0,0,0,0,2,2,13
,2016_68244,39.74003,-104.996398,11/13/2016 10:07,10:07,12,0,2,COLFAX AVENUE WEST & GLENARM PLACE,1,1,0,0,1,3,,0,30,0,0,0,0,2,2,2,3
,2016_68245,39.740301,-104.98832,7/29/2016 20:45,20:45,15,0,0,COLFAX AVENUE EAST & 15TH STREET,1,2,0,0,1,3,,0,25,0,0,0,0,0,2,2,13
,2016_68246,39.740058,-104.98579,2/16/2016 16:49,16:49,15,0,0,COLFAX AVENUE EAST & DOWNING STREET NORTH,1,1,0,0,1,1,,0,35,0,0,0,0,0,2,2,14
,2016_68247,39.740041,-104.983728,9/23/2016 8:20,8:20,12,0,0,COLFAX AVENUE EAST & GRANT AVENUE NORTH,1,1,0,0,1,1,,0,30,0,0,0,0,1,2,2,13
,2016_68248,39.74,-104.977544,3/23/2016 13:24,13:24,3,0,0,COLFAX AVENUE EAST & CLARKSON STREET NORTH,4,1,0,2,1,1,,0,35,0,0,0,0,0,2,2,13
,2016_68249,39.740007,-104.973426,4/21/2016 15:45,15:45,12,0,0,COLFAX AVENUE 1100 BLOCK EAST & NORTH DOWNING STREET,1,1,0,0,1,4,,0,30,0,0,0,0,0,2,2,13
,2016_68250,39.740007,-104.973426,11/22/2016 7:15,7:15,10,0,0,DOWNING STREET NORTH  & COLFAX AVENUE EAST,2,2,0,1,1,1,,0,30,0,0,0,0,0,2,2,13
,2016_68251,39.740008,-104.973052,6/20/2016 16:00,16:00,12,0,0,COLFAX AVENUE EAST & DOWNING STREET NORTH,1,1,0,0,1,1,,0,30,0,0,0,0,0,2,3,13
,2016_68253,39.739974,-104.961014,12/12/2016 14:33,14:33,3,0,0,COLFAX AVENUE & GAYLORD STREET NORTH,1,1,0,0,1,1,,0,30,0,0,0,0,0,2,2,13
,2016_68254,39.740113,-104.958751,12/21/2016 20:23,20:23,12,0,0,JOSEPHINE STREET NORTH & COLFAX AVENUE EAST,1,3,1,0,1,3,,0,30,0,0,0,0,0,2,2,13
,2016_68255,39.740176,-104.954823,6/9/2016 11:44,11:44,15,0,1,COLFAX AVENUE EAST & DETROIT STREET NORTH,1,1,0,0,1,1,,0,30,0,0,0,1,2,2,2,7
,2016_68256,39.740172,-104.953506,4/4/2016 7:40,7:40,12,0,0,COLFAX AVENUE EAST & FILLMORE STREET NORTH,1,1,0,0,1,1,,0,35,0,0,0,0,0,2,2,13
,2016_68258,39.740169,-104.952753,8/5/2016 12:07,12:07,6,0,0,COLFAX AVENUE EAST & FILLMORE STREET NORTH,1,1,0,0,1,4,,0,30,0,0,0,0,0,2,2,13
,2016_68259,39.74006,-104.938303,7/2/2016 16:12,16:12,12,0,0,COLFAX AVENUE EAST & ASH STREET NORTH,1,1,1,0,1,3,,0,30,0,0,0,0,0,2,2,13
,2016_68260,39.74008,-104.920635,1/1/2016 19:00,19:00,12,0,0,COLFAX AVENUE EAST & IVY STREET NORTH,1,3,1,0,1,3,,0,30,0,0,0,0,0,2,5,13
,2016_68261,39.740084,-104.906918,10/14/2016 11:05,11:05,1,0,0,COLFAX AVENUE EAST & OLIVE STREET NORTH,1,1,0,0,1,1,,0,30,0,0,0,0,1,2,2,13
,2016_68262,39.740084,-104.905603,9/13/2016 16:10,16:10,12,0,0,COLFAX AVENUE EAST & PONTIAC STREET  NORTH,1,1,0,0,1,3,,0,35,0,0,0,0,0,2,2,13
,2016_68263,39.740084,-104.903536,10/20/2016 16:05,16:05,3,0,0,COLFAX AVENUE EAST & QUEBEC STREET NORTH,1,1,0,0,1,2,,0,30,0,0,0,0,0,2,2,1
,2016_68264,39.740084,-104.903536,12/10/2016 2:00,2:00,3,0,0,COLFAX AVENUE EAST & QUEBEC STREET NORTH,1,3,0,0,1,1,,0,35,0,0,0,0,1,2,2,13
,2016_68265,39.740085,-104.899966,9/1/2016 16:35,16:35,14,0,0,ROSEMARY STREET NORTH & COLFAX AVENUE EAST,1,1,0,0,1,4,,0,25,0,0,0,0,0,2,2,5
,2016_68327,39.78498,-105.04936,5/27/2016 8:30,8:30,12,0,0,I70 WB & SHERIDAN BOULEVARD NORTH,1,1,1,0,1,4,,0,55,0,0,0,0,0,1,2,13
,2016_68328,39.78347,-105.038404,1/19/2016 8:25,8:25,15,0,0,I70 WB & LOWELL BOULEVARD NORTH,2,1,0,0,1,4,,0,55,0,0,0,0,0,1,2,1
,2016_68329,39.783636,-105.030536,2/27/2016 17:00,17:00,15,0,0,HIGHWAY 170 & MM 271.8,1,1,0,0,1,4,,0,55,0,0,0,0,1,1,2,1
,2016_68330,39.784195,-105.025519,4/21/2016 7:31,7:31,12,0,0,I70 & FEDERAL BOULEVARD NORTH,1,1,0,0,1,4,,0,55,0,0,0,0,0,1,4,13
,2016_68331,39.783575,-105.017027,5/4/2016 16:28,16:28,12,0,0,I70 WB & ALCOTT STREET NORTH,1,1,0,0,1,4,,0,55,0,0,0,0,0,1,2,7
,2016_68332,39.783571,-105.015888,4/5/2016 7:10,7:10,12,0,0,I70 & ZUNI STREET NORTH,1,1,1,0,1,4,,0,55,0,0,0,0,0,1,2,1
,2016_68334,39.783307,-105.004817,10/19/2016 9:17,9:17,12,0,0,I70 & PECOS STREET,1,1,0,0,1,4,,0,55,0,0,0,0,0,1,2,14
,2016_68335,39.780091,-104.989581,6/14/2016 7:45,7:45,12,0,0,I70 WB OFF RAMP TO & I25 SOUTHBOUND,1,1,0,0,1,14,,0,55,0,0,0,0,0,1,2,3
,2016_68336,39.780058,-104.9894,11/17/2016 17:22,17:22,12,0,0,I70 EASTBOUND  & I25 SOUTHBOUND RAMP ON,5,2,1,2,1,4,,0,55,0,0,0,0,0,1,2,13
,2016_68337,39.780058,-104.9894,11/21/2016 18:13,18:13,12,0,0,I70 WB  & I25 NORTHBOUND,1,4,0,0,1,4,,0,55,0,0,0,0,0,1,2,13
,2016_68338,39.77996,-104.988855,12/26/2016 21:25,21:25,5,0,0,I70 WB ON RAMP FROM I25 NORTHBOUND & INTERCHANGE STR,5,3,1,0,2,14,,0,55,0,0,0,0,0,1,1,7
,2016_68339,39.779914,-104.988476,3/23/2016 21:35,21:35,15,0,0,I70 & WASHINGTON STREET NORTH,4,3,1,2,1,4,,0,55,0,0,0,0,0,1,2,14
,2016_68340,39.779745,-104.985608,12/4/2016 14:45,14:45,15,0,0,I70 WB COLLECTOR OFF RAMP TO I25 & RAMP SPLIT,1,1,0,0,1,14,,0,55,0,0,0,0,0,1,2,14
,2016_68341,39.778341,-104.92238,1/31/2016 23:16,23:16,15,0,2,I70 WB & HOLLY STREET NORTH,4,3,1,2,1,4,,0,55,0,0,0,0,2,1,2,14
,2016_68342,39.779441,-104.979019,8/13/2016 13:24,13:24,12,0,0,I70 & WASHINGTON STREET,1,1,0,0,1,4,,0,55,0,0,0,0,0,1,3,13
,2016_68343,39.779978,-104.965263,7/8/2016 4:45,4:45,15,0,0,I70 & BRIGHTON BOULEVARD NORTH,1,3,0,0,1,4,,0,55,0,0,0,0,0,1,2,5
,2016_68344,39.780462,-104.966156,10/4/2016 21:33,21:33,10,0,0,I70 WB RAMP OFF & 46TH AVENUE EASTBOUND LOOP RAMP OFF,1,3,0,0,1,14,,0,35,0,0,0,0,1,1,2,1
,2016_68345,39.78001,-104.964254,10/7/2016 17:59,17:59,12,0,0,I70 & BRIGHTON BOULEVARD,1,1,1,0,1,4,,0,35,0,0,0,0,1,1,2,7
,2016_68346,39.780012,-104.959789,9/2/2016 22:22,22:22,10,0,0,46TH AVENUE EAST & YORK STREET NORTH,1,3,0,0,1,1,,0,35,0,0,0,0,0,4,2,13
,2016_68347,39.779999,-104.949951,6/14/2016 18:37,18:37,12,0,0,I70 WB & STEELE STREET NORTH,1,1,0,0,1,4,,0,55,0,0,0,0,0,1,3,13
,2016_68348,39.779999,-104.949951,1/9/2016 8:00,8:00,15,0,0,I70 WB ON RAMP & STEELE STREET NORTH,8,1,1,0,1,14,,0,30,0,0,0,0,0,1,2,13
,2016_68349,39.775573,-104.865095,8/15/2016 1:40,1:40,5,0,0,I70 & HAVANA STREET,1,3,0,0,1,4,,0,55,0,0,0,0,0,1,2,13
,2016_68350,39.779971,-104.945199,11/17/2016 23:50,23:50,12,0,0,I70 & WB RAMP OFF TO STEELE STREET,5,3,0,2,1,4,,0,55,0,0,0,0,0,1,3,1
,2016_68351,39.779944,-104.940603,1/22/2016 7:20,7:20,12,0,0,I70 & NORTH COLORADO BOULEVARD,1,1,0,0,1,4,,0,55,0,0,0,0,0,1,2,13
,2016_68352,39.779944,-104.940603,5/27/2016 15:40,15:40,12,0,0,I70 RAMP OFF & COLORADO BOULEVARD NORTH,1,1,0,0,1,14,,0,30,0,0,0,0,0,1,2,13
,2016_68353,39.780083,-104.935158,2/16/2016 12:10,12:10,12,0,0,I70 EASTBOUND & BIRCH STREET OFFSET REF NOT IN TCORIS,1,1,1,0,1,4,,0,55,0,0,0,0,0,1,2,13
,2016_68354,39.778293,-104.906734,6/17/2016 18:00,18:00,12,0,0,I70 & NORTHFIELD BOULEVARD EASTBOUND EXIT,1,1,0,0,1,4,,0,55,0,0,0,0,0,1,4,14
,2016_68356,39.778295,-104.903454,1/29/2016 14:34,14:34,12,0,0,I70 & QUEBEC STREET NORTH,1,1,1,0,1,4,,0,55,0,0,0,0,0,1,2,13
,2016_68358,39.778295,-104.903454,2/26/2016 7:55,7:55,12,0,0,I70 & NORTHFIELD QUEBEC STREET NORTH,1,1,0,0,1,4,,0,55,0,0,0,0,0,1,2,13
,2016_68359,39.778296,-104.897821,2/8/2016 17:33,17:33,15,0,0,I70 & I270 EASTBOUND DIR CONNECT,1,2,1,0,1,4,,0,55,0,0,0,0,0,1,2,13
,2016_68360,39.778275,-104.896817,3/2/2016 18:26,18:26,15,0,0,I70 & I270,1,3,0,0,1,4,,0,55,0,0,0,0,1,1,12,1
,2016_68361,39.777139,-104.882953,11/7/2016 7:16,7:16,15,0,0,I70 & CENTRAL PARK BOULEVARD NORTH,1,1,0,0,1,4,,0,55,0,0,0,0,0,1,2,13
,2016_68362,39.77597,-104.869716,7/11/2016 17:25,17:25,12,0,0,I70 & HAVANA STREET,1,1,0,0,1,4,,0,55,0,0,0,0,0,1,3,13
,2016_68363,39.775605,-104.865465,9/28/2016 5:14,5:14,12,0,0,I70 & HAVANA STREET NORTH,1,4,1,0,1,4,,0,55,0,0,0,0,0,1,2,13
,2016_68364,39.775573,-104.865095,3/15/2016 7:06,7:06,12,0,0,I70 & HAVANA STREET NORTH,1,1,0,0,1,4,,0,55,0,0,0,0,0,1,2,1
,2016_68365,39.775573,-104.865095,6/8/2016 4:42,4:42,15,0,0,I70 WB & HAVANA STREET NORTH,1,2,0,0,1,4,,0,55,0,0,0,0,0,1,2,7
,2016_68366,39.775573,-104.865095,5/6/2016 12:37,12:37,1,0,0,HAVANA STREET NORTH & I70 EASTBOUND RAMP,1,1,0,0,1,1,,0,35,0,0,0,0,0,1,2,1
,2016_68367,39.775176,-104.860473,8/18/2016 11:24,11:24,12,0,0,I70 WB & HAVANA STREET NORTH,1,1,0,0,1,4,,0,65,0,0,0,0,1,1,3,13
,2016_68368,39.774397,-104.851415,10/27/2016 6:30,6:30,12,0,0,I70 & PEORIA STREET,1,2,0,0,1,4,,0,55,0,0,0,0,0,1,3,13
,2016_68370,39.774349,-104.85086,2/28/2016 10:50,10:50,15,0,0,I70 & PEORIA STREET NORTH,1,1,0,0,1,4,,0,65,0,0,0,0,0,1,2,14
,2016_68371,39.774333,-104.850675,12/30/2016 11:45,11:45,15,0,0,I70 WB ON RAMP FROM PEORIA & METER SIGNAL,1,1,0,0,1,14,,0,35,0,0,0,0,0,1,2,13
,2016_68372,39.774302,-104.850306,7/5/2016 22:23,22:23,12,0,2,I70 & PEORIA STREET,1,3,0,0,1,4,,0,,0,0,0,0,2,1,3,3
,2016_68373,39.773999,-104.846793,9/29/2016 1:50,1:50,12,0,0,I70 & PEORIA STREET NORTH,1,3,0,0,1,4,,0,55,0,0,0,0,0,1,2,8
,2016_68374,39.773999,-104.846793,11/6/2016 15:06,15:06,12,0,0,I70 & PEORIA STREET,1,1,0,0,1,4,,0,55,0,0,0,0,0,1,3,13
,2016_68375,39.773999,-104.846793,9/12/2016 10:31,10:31,12,0,0,I70 WB OFF RAMP & PEORIA STREET NORTH,1,1,0,0,1,1,,0,35,0,0,0,0,1,1,2,13
,2016_68376,39.773697,-104.843281,11/5/2016 11:27,11:27,12,0,0,I70 EASTBOUND RAMP ON ENTRANCE GORE POINT & PEORIA STREET NORTH,1,1,1,0,1,14,,0,35,0,0,0,0,0,1,2,3
,2016_68377,39.773203,-104.83755,7/10/2016 12:13,12:13,12,0,0,I70 WB OFF RAMP TO PEORIA & CHAMBERS / I225 RAMP SPLIT,1,1,0,0,1,14,,0,55,0,0,0,0,0,1,3,14
,2016_68378,39.772821,-104.833114,3/30/2016 7:50,7:50,12,0,0,I70 WB ON RAMP FROM & I225 NORTHBOUND FLYOVER,2,1,3,0,1,14,,0,55,0,0,0,0,0,1,2,13
,2016_68379,39.77255,-104.829971,3/25/2016 8:30,8:30,12,0,0,I70  & I225 WB FLYOVER RAMP,1,1,1,0,1,14,,0,55,0,0,0,0,0,1,2,1
,2016_68459,39.700074,-104.907673,4/12/2016 8:09,8:09,15,0,0,LEETSDALE DRIVE 7000 BLOCK & ONEIDA STREET SOUTH,1,1,0,0,1,4,,0,35,0,0,0,0,0,2,2,13
,2016_68460,39.700261,-104.908227,4/20/2016 23:20,23:20,12,0,0,LEETSDALE DRIVE & ONEIDA STREET SOUTH,1,3,0,0,1,1,,0,35,0,0,0,0,0,2,2,14
,2016_68461,39.700386,-104.908596,8/18/2016 16:15,16:15,12,0,0,LEETSDALE DRIVE & ONEIDA STREET SOUTH,2,1,0,1,1,4,,0,40,0,0,0,0,0,2,2,14
,2016_68462,39.70817,-104.92701,12/13/2016 9:10,9:10,12,0,0,FOREST STREET SOUTH & LEETSDALE DRIVE,1,1,0,0,1,1,,0,35,0,0,0,0,1,2,3,3
,2016_68466,39.715124,-104.940627,6/28/2016 16:50,16:50,12,0,0,LEETSDALE DRIVE 4000 BLOCK & COLORADO BOULEVARD SOUTH,1,1,0,0,1,3,,0,30,0,0,0,0,0,2,2,13
,2016_68476,39.629871,-104.904931,11/17/2016 22:37,22:37,5,0,0,I225 NORTHBOUND ON FLYOVER RAMP & I25,5,3,1,2,3,14,,0,55,0,0,0,0,0,1,1,14
,2016_68484,39.671793,-104.994883,9/23/2016 11:47,11:47,12,0,0,SANTA FE DRIVE SOUTH & YALE AVENUE WEST,1,1,0,0,1,4,,0,45,0,0,0,0,0,2,2,13
,2016_68486,39.689927,-104.992163,9/16/2016 21:32,21:32,8,0,0,SANTA FE DRIVE & FLORIDA AVENUE WEST,1,3,0,0,1,4,,0,45,0,0,0,0,0,2,3,13
,2016_68487,39.693108,-104.992484,1/6/2016 18:49,18:49,15,0,0,SANTA FE DRIVE SOUTH & SANTA FE DRIVE 1300 BLOCK SOUTH,1,3,1,0,1,4,,0,45,0,0,0,0,0,2,2,14
,2016_68488,39.695116,-104.992428,1/14/2016 15:45,15:45,12,0,0,SANTA FE DRIVE 1100 BLOCK SOUTH & ARIZONA AVENUE EAST,1,1,1,0,1,4,,0,45,0,0,0,0,0,2,2,14
,2016_68489,39.696679,-104.991877,3/18/2016 6:40,6:40,3,0,0,MISSISSIPPI AVENUE WEST & PLATTE RIVER DRIVE SOUTH,5,2,0,2,1,1,,0,45,0,0,0,0,0,2,5,13
,2016_68490,39.696679,-104.991877,11/12/2016 0:29,0:29,12,0,0,SANTA FE DRIVE SOUTH & MISSISSIPPI AVENUE WEST,1,3,0,0,1,1,,0,45,0,0,0,0,0,2,2,13
,2016_68491,39.7065,-104.996643,2/13/2016 13:25,13:25,15,0,0,SANTA FE DRIVE SOUTH & I25 HIGHWAY NORTHBOUND,1,1,0,0,1,4,,1,25,0,0,0,0,0,2,2,1
,2016_68511,39.739965,-105.025306,3/10/2016 13:01,13:01,15,0,0,FEDERAL BOULEVARD NORTH & COLFAX AVENUE EASTBOUND LOOP ON RAMP,1,1,1,0,1,4,,0,35,0,0,0,0,0,2,2,13
,2016_68512,39.733058,-105.025176,10/24/2016 7:00,7:00,12,0,0,FEDERAL BOULEVARD NORTH & 10TH AVENUE WEST,1,1,0,0,1,3,,0,35,0,0,0,0,0,2,2,13
,2016_68513,39.73277,-105.025177,1/26/2016 17:53,17:53,12,0,0,FEDERAL BOULEVARD NORTH & 10TH AVENUE WEST,1,3,0,0,1,4,,0,35,0,0,0,0,0,2,4,2
,2016_68514,39.727403,-105.025127,10/13/2016 8:25,8:25,15,0,0,FEDERAL BOULEVARD 700 BLOCK NORTH & SEVENTH AVENUE WEST,1,1,0,0,1,4,,0,35,0,0,0,0,0,2,2,13
,2016_68515,39.725357,-105.025125,12/9/2016 7:56,7:56,12,0,0,FEDERAL BOULEVARD NORTH & SIXTH AVENUE WEST WB OFF RAMP,2,1,0,0,1,4,,0,35,0,0,0,0,0,2,2,1
,2016_68517,39.724756,-105.025125,4/22/2016 23:27,23:27,12,0,1,SIXTH AVENUE WEST EASTBOUND OFF RAMP & FEDERAL BOULEVARD NORTH,1,3,1,0,1,3,,0,25,0,0,0,0,2,2,2,14
,2016_68519,39.724756,-105.025125,11/25/2016 0:04,0:04,15,0,0,FEDERAL BOULEVARD NORTH & SIXTH AVENUE WEST RAMP OFF EASTBOUND,1,3,0,0,1,1,,0,35,0,0,0,0,1,2,2,13
,2016_68520,39.723078,-105.025176,1/18/2016 15:10,15:10,15,0,0,SHORT PLACE WEST & FEDERAL BOULEVARD NORTH,2,1,0,0,1,1,,0,25,0,0,0,0,0,2,2,7
,2016_68521,39.711253,-105.025099,3/28/2016 22:35,22:35,5,0,0,ALAMEDA AVENUE WEST & FEDERAL BOULEVARD SOUTH,1,3,1,0,3,4,,0,40,0,0,0,0,1,2,1,14
,2016_68522,39.711104,-105.025094,6/6/2016 16:20,16:20,12,0,0,FEDERAL BOULEVARD SOUTH & ALAMEDA AVENUE WEST,1,1,0,0,1,3,,0,35,0,0,0,0,0,2,2,3
,2016_68523,39.709212,-105.025079,2/13/2016 13:28,13:28,3,0,0,FEDERAL BOULEVARD SOUTH & DAKOTA AVENUE WEST,1,1,0,0,1,1,,0,25,0,0,0,0,0,2,2,13
,2016_68524,39.70748,-105.025083,11/27/2016 22:01,22:01,3,0,2,FEDERAL BOULEVARD SOUTH & VIRGINIA AVENUE WEST,1,3,0,0,1,1,,0,25,0,0,0,0,2,2,2,8
,2016_68525,39.704882,-105.025088,2/28/2016 16:05,16:05,12,0,0,FEDERAL BOULEVARD 600 BLOCK SOUTH & GILL PLACE WEST,1,1,0,0,1,4,,0,35,0,0,0,0,0,2,2,14
,2016_68526,39.695096,-105.025064,12/20/2016 11:30,11:30,12,0,0,FEDERAL BOULEVARD SOUTH & ARIZONA AVENUE WEST,2,1,0,0,1,4,,0,35,0,0,0,0,0,2,2,7
,2016_68527,39.694212,-105.025061,2/24/2016 15:52,15:52,15,0,0,FEDERAL BOULEVARD SOUTH & ARIZONA AVENUE WEST,1,1,0,0,1,4,,0,35,0,0,0,0,0,2,2,13
,2016_68528,39.691264,-105.02505,7/31/2016 15:49,15:49,3,0,0,FEDERAL BOULEVARD SOUTH & ARKANSAS AVENUE WEST,1,1,0,0,1,1,,0,35,0,0,0,0,1,2,2,13
,2016_68529,39.689495,-105.025043,1/17/2016 10:36,10:36,3,0,0,FEDERAL BOULEVARD SOUTH & FLORIDA AVENUE WEST,1,1,0,0,1,1,,0,35,0,0,0,0,0,2,2,9
,2016_68530,39.688905,-105.025041,1/27/2016 15:39,15:39,3,0,0,FEDERAL BOULEVARD SOUTH & FLORIDA AVENUE WEST,1,1,0,0,1,2,,0,35,0,0,0,0,0,2,2,7
,2016_68531,39.680523,-105.025025,1/21/2016 16:13,16:13,12,0,0,FEDERAL BOULEVARD SOUTH & ASBURY AVENUE WEST,1,1,0,0,1,1,,0,30,0,0,0,0,0,2,3,7
,2016_68532,39.665151,-105.025141,3/29/2016 14:08,14:08,12,0,0,FEDERAL BOULEVARD SOUTH & AMHERST AVENUE WEST,1,1,0,0,1,3,,1,40,0,0,0,0,0,2,3,7
,2016_68569,39.776987,-104.882243,9/25/2016 0:35,0:35,15,0,0,I270 DIRECT CONNECT WB & I70,1,3,0,0,1,4,,0,,0,0,0,0,0,1,2,13
,2016_68570,39.654131,-105.053114,7/14/2016 14:38,14:38,12,0,0,SHERIDAN BOULEVARD SOUTH & HAMPDEN AVENUE WEST B OFF SLIP RAMP,1,1,0,0,1,3,,0,15,0,0,0,0,1,2,2,7
,2016_68573,39.725821,-105.05313,6/5/2016 11:00,11:00,9,0,0,SHERIDAN BOULEVARD NORTH SEP & SIXTH AVENUE WEST,1,1,0,0,1,1,,0,35,0,0,0,0,0,2,3,14
,2016_68574,39.728484,-105.053228,1/4/2016 22:15,22:15,1,0,0,SHERIDAN BOULEVARD NORTH & 770 NORTH SHERIDAN BOULEVARD,1,3,1,0,1,2,,0,35,0,0,0,0,0,2,2,5
,2016_68575,39.731335,-105.053224,11/18/2016 17:30,17:30,3,0,0,SHERIDAN BOULEVARD NORTH & NINTH AVENUE WEST,2,3,0,0,1,1,,0,35,0,0,0,0,0,2,2,13
,2016_68609,39.65315,-105.054278,8/6/2016 16:45,16:45,9,0,1,HAMPDEN AVENUE & SHERIDAN BOULEVARD,1,1,0,0,3,4,,0,55,0,0,0,0,2,2,1,14
,2016_68687,39.634429,-104.900514,8/7/2016 8:21,8:21,12,0,0,I225 & TAMARAC STREET,1,1,0,0,1,4,,0,65,0,0,0,0,0,1,2,7
,2016_68688,39.637043,-104.889663,7/29/2016 9:53,9:53,15,0,0,I225 SOUTHBOUND COLLECTOR ON RAMP & YOSEMITE STREET SOUTH,1,1,0,0,1,14,,0,55,0,0,0,0,0,1,2,1
,2016_68689,39.639223,-104.885207,6/29/2016 8:21,8:21,12,0,1,I225 & SOUTH YOSEMITE STREET,1,1,0,0,1,4,,0,55,0,0,0,0,2,1,2,13