id,drcog_id,latitude,longitude,crashtime,time,crashtype,numbkilled,numbinjurd,drcoglocat,rdconditin,lightngcon,roadcntgrd,weatherco,location,roaddescrp,schoolzone,constrzone,splimit,bikeinv,pedinv,sctrinv,motoinv,svrty,rdsystem,ttlvehcls,hcf
,2016_68690,39.639223,-104.885207,5/2/2016 16:30,16:30,3,0,0,YOSEMITE STREET SOUTH & I225 FRONTAGE ROAD,1,1,1,0,1,1,,0,35,0,0,0,0,1,1,2,13
,2016_68691,39.641189,-104.88124,11/14/2016 12:09,12:09,12,0,0,I225 & SOUTHBOUND OFF RAMP TO YOSEMITE STREET,1,1,0,0,1,4,,0,55,0,0,0,0,0,1,2,13
,2016_68733,39.782797,-104.900751,6/20/2016 14:51,14:51,12,0,0,I270 & NORTH NORTHFIELD QUEBEC STREET,1,1,0,0,1,4,,0,55,0,0,0,0,1,1,2,12
,2016_68734,39.773248,-105.02523,8/25/2016 7:01,7:01,15,0,0,FEDERAL BOULEVARD NORTH & 41ST AVENUE WEST,1,1,0,0,1,3,,0,,0,0,0,0,0,2,2,13
,2016_68735,39.776941,-104.880791,5/19/2016 8:45,8:45,12,0,0,I270 EASTBOUND DIRECT CONNECT & I70 EASTBOUND ENTRANCE,1,1,1,0,1,4,,0,55,0,0,0,0,0,1,2,13
,2016_68739,39.65315,-105.053139,1/27/2016 7:10,7:10,12,0,0,HAMPDEN AVENUE EASTBOUND OFF LOOP RAMP EXIT POINT & SHERIDAN BOULEVARD SOUTH,1,1,0,0,1,14,,0,40,0,0,0,0,0,2,2,1
,2016_68740,39.654309,-105.037379,11/1/2016 20:17,20:17,5,0,0,HAMPDEN AVENUE WEST & 3800 BLOCK WEST APPROXIMATELY,1,4,0,0,2,3,,0,65,0,0,0,0,0,2,1,13
,2016_68766,39.65298,-104.925089,11/24/2016 13:53,13:53,15,0,0,HAMPDEN AVENUE EAST & GRAPE STREET SOUTH,1,1,0,0,1,1,,0,30,0,0,0,0,0,2,2,13
,2016_68767,39.652979,-104.921127,10/18/2016 7:25,7:25,12,0,0,HAMPDEN AVENUE EAST & IVANHOE STREET SOUTH APPROXIMATELY,1,2,1,0,1,4,,0,30,0,0,0,0,0,2,2,12
,2016_68768,39.652978,-104.917698,11/16/2016 17:09,17:09,12,0,0,HAMPDEN AVENUE & I25 NORTHBOUND OFF RAMP,2,5,1,0,1,1,,0,45,0,0,0,0,0,2,2,10
,2016_68769,39.754834,-105.025131,3/11/2016 15:04,15:04,1,0,0,FEDERAL BOULEVARD NORTH & 26TH AVENUE WEST,1,1,1,0,1,1,,0,35,0,0,0,0,1,2,3,5
,2016_68770,39.754977,-105.025131,11/15/2016 18:31,18:31,12,0,0,FEDERAL BOULEVARD NORTH & 26TH AVENUE WEST,1,3,0,0,1,3,,0,35,0,0,0,0,0,2,3,3
,2016_68771,39.755404,-105.025133,11/3/2016 16:12,16:12,12,0,0,FEDERAL BOULEVARD & 2600 BLOCK NORTH,1,1,1,0,1,4,,0,35,0,0,0,0,0,2,2,13
,2016_68772,39.75854,-105.025143,3/15/2016 9:21,9:21,12,0,0,FEDERAL BOULEVARD 2900 BLOCK NORTH & 29TH AVENUE WEST,1,1,0,0,1,1,,0,35,0,0,0,0,1,2,2,14
,2016_68773,39.76196,-105.025155,7/18/2016 7:34,7:34,12,0,0,FEDERAL BOULEVARD NORTH & 32ND AVENUE WEST,1,1,0,0,1,1,,0,25,0,0,0,0,0,2,2,3
,2016_68858,39.834134,-104.746852,12/7/2016 17:10,17:10,15,0,0,PENA BOULEVARD & E470,2,3,0,2,1,4,,0,45,0,0,0,0,0,2,2,1
,2016_68866,39.676733,-104.940633,6/24/2016 11:21,11:21,12,0,0,COLORADO BOULEVARD SOUTH & WARREN AVENUE EAST,1,1,0,0,1,1,,0,35,0,0,0,0,0,2,2,13
,2016_68867,39.67843,-104.940638,4/27/2016 12:59,12:59,15,0,0,EVANS AVENUE EAST & COLORADO BOULEVARD SOUTH,1,1,0,0,1,1,,0,35,0,0,0,0,0,2,2,3
,2016_68868,39.683013,-104.940374,5/13/2016 11:56,11:56,12,0,0,COLORADO BOULEVARD 1800 BLOCK SOUTH & I25 NORTHBOUND EXIT RAMP,1,1,0,0,1,4,,0,35,0,0,0,0,0,2,2,1
,2016_68869,39.685384,-104.940543,8/31/2016 14:50,14:50,15,0,0,COLORADO BOULEVARD & MEXICO AVENUE EAST,1,1,0,0,1,3,,0,35,0,0,0,0,0,2,2,13
,2016_68870,39.685533,-104.940543,8/3/2016 15:16,15:16,15,0,0,COLORADO BOULEVARD SOUTH & MEXICO AVENUE EAST,1,1,0,0,1,3,,0,35,0,0,0,0,0,2,2,8
,2016_68871,39.687326,-104.940544,9/9/2016 12:55,12:55,12,0,0,COLORADO BOULEVARD SOUTH & IOWA AVENUE EAST,1,1,1,0,1,1,,0,35,0,0,0,0,0,2,2,3
,2016_68872,39.693152,-104.940549,4/20/2016 16:33,16:33,12,0,0,COLORADO BOULEVARD SOUTH & LOUISIANA AVENUE EAST,1,1,0,0,1,3,,0,35,0,0,0,0,1,2,2,3
,2016_68873,39.69659,-104.940565,9/30/2016 16:35,16:35,12,0,0,COLORADO BOULEVARD 1000 BLOCK SOUTH & MISSISSIPPI AVENUE EAST,1,1,0,0,1,3,,0,35,0,0,0,0,0,2,2,13
,2016_68876,39.716162,-104.94061,6/9/2016 10:41,10:41,12,0,0,COLORADO BOULEVARD & BAYAUD AVENUE EAST,1,1,0,0,1,4,,0,35,0,0,0,0,0,2,2,14
,2016_68877,39.722728,-104.940608,10/24/2016 11:50,11:50,3,0,0,COLORADO BOULEVARD NORTH & THIRD AVENUE EAST,1,1,0,0,1,1,,0,30,0,0,0,0,0,2,2,12
,2016_68878,39.726521,-104.940606,10/6/2016 8:36,8:36,12,0,0,SEVENTH AVENUE EAST ROAD WEST & COLORADO BOULEVARD NORTH,2,1,0,1,1,1,,0,30,0,0,0,0,0,2,2,13
,2016_68879,39.72871,-104.940605,10/28/2016 16:36,16:36,3,0,0,COLORADO BOULEVARD NORTH & EIGHTH AVENUE EAST,1,1,0,0,1,2,,0,35,0,0,0,0,0,2,2,13
,2016_68880,39.730753,-104.940605,3/17/2016 17:20,17:20,12,0,0,COLORADO BOULEVARD NORTH & NINTH AVENUE EAST,2,3,0,2,1,4,,0,35,0,0,0,0,0,2,2,14
,2016_68881,39.732212,-104.940604,6/28/2016 19:19,19:19,10,0,0,COLORADO BOULEVARD NORTH & 11TH AVENUE EAST,1,1,0,0,1,3,,0,30,0,0,0,0,0,2,2,13
,2016_68882,39.736881,-104.940602,2/13/2016 12:27,12:27,3,0,0,13TH AVENUE EAST & COLORADO BOULEVARD NORTH,1,1,0,0,1,3,,0,35,0,0,0,0,0,2,2,14
,2016_68883,39.744176,-104.9406,8/18/2016 15:45,15:45,12,0,0,COLORADO BOULEVARD NORTH & 17TH AVENUE EAST,1,1,0,0,1,4,,0,35,0,0,0,0,0,2,2,13
,2016_68884,39.750887,-104.940597,3/10/2016 8:09,8:09,12,0,0,COLORADO BOULEVARD NORTH & 23RD AVENUE EAST,1,1,0,0,1,1,,0,35,0,0,0,0,1,2,3,13
,2016_68885,39.753076,-104.940597,10/5/2016 12:20,12:20,12,0,0,COLORADO BOULEVARD NORTH & 25TH AVENUE EAST,1,1,0,0,1,4,,0,35,0,0,0,0,0,2,3,3
,2016_68886,39.758284,-104.940525,4/7/2016 18:43,18:43,1,0,0,COLORADO BOULEVARD & 29TH AVENUE,1,1,0,0,1,1,,0,35,0,0,0,0,1,2,2,13
,2016_68887,39.758284,-104.940525,9/8/2016 19:34,19:34,1,0,0,COLORADO BOULEVARD & 29TH AVENUE EAST,1,3,0,0,1,1,,0,,0,0,0,0,0,2,2,13
,2016_68888,39.761914,-104.940511,2/12/2016 15:15,15:15,12,0,0,MLK BOULEVARD EAST & COLORADO BOULEVARD NORTH,1,1,0,0,1,1,,0,35,0,0,0,0,0,2,2,13
,2016_68889,39.787345,-104.940408,11/29/2016 17:08,17:08,1,0,0,COLORADO BOULEVARD NORTH & 50TH AVENUE WEST,1,4,0,0,1,1,,0,45,0,0,0,0,1,2,2,13
,2016_68898,39.77489,-104.857146,11/1/2016 12:35,12:35,5,0,0,I70 & PEORIA STREET,1,1,1,0,2,4,,0,65,0,0,0,0,0,1,1,14
,2016_68907,39.725631,-105.04889,11/14/2016 6:08,6:08,12,0,0,HIGHWAY 6 WB & SHERIDAN BOULEVARD NORTH,1,1,0,0,1,4,,0,55,0,0,0,0,0,2,2,13
,2016_68908,39.725476,-105.032833,8/19/2016 10:06,10:06,12,0,0,SIXTH AVENUE WEST & LOWELL BOULEVARD NORTH,1,1,0,0,1,4,,0,35,0,0,0,0,0,2,2,13
,2016_68909,39.725415,-105.025068,6/24/2016 2:12,2:12,12,0,0,SIXTH AVENUE WEST & FEDERAL BOULEVARD NORTH,1,3,1,0,1,3,,0,25,0,0,0,0,0,2,2,1
,2016_68910,39.725415,-105.025068,11/1/2016 7:49,7:49,12,0,0,SIXTH AVENUE WEST & FEDERAL BOULEVARD NORTH,1,1,1,0,1,4,,0,55,0,0,0,0,0,2,2,13
,2016_68911,39.725415,-105.024877,9/17/2016 18:40,18:40,12,0,0,SIXTH AVENUE WEST WB RAMP OFF & FEDERAL BOULEVARD NORTH,1,2,1,0,1,3,,0,25,0,0,0,0,0,2,2,13
,2016_68912,39.725415,-105.024686,7/24/2016 9:51,9:51,9,0,0,SIXTH AVENUE WEST & FEDERAL BOULEVARD NORTH,1,1,0,0,3,4,,0,55,0,0,0,0,0,2,2,13
,2016_68913,39.725412,-105.023351,3/28/2016 12:37,12:37,9,0,0,SIXTH AVENUE EASTBOUND ON RAMP & FEDERAL BOULEVARD,1,1,1,0,1,14,,0,55,0,0,0,0,0,2,3,1
,2016_68914,39.725216,-105.017726,12/13/2016 18:12,18:12,12,0,0,SIXTH AVENUE EASTBOUND OFF RAMP GORE ENTRANCE & I25,1,3,0,0,1,4,,0,,0,0,0,0,0,2,2,13
,2016_68915,39.779447,-104.949726,10/6/2016 6:20,6:20,1,0,0,STEELE STREET NORTH & 46TH AVENUE EAST UNDER I70 VIADUCT,1,3,0,1,1,1,,0,30,0,0,0,0,0,2,2,8
,2016_68917,39.790208,-104.942044,4/8/2016 10:52,10:52,3,0,0,52ND AVENUE EAST & VASQUEZ BOULEVARD NORTH,1,1,0,0,1,1,,0,40,0,0,0,0,0,2,3,13
,2016_68922,39.711154,-105.022393,11/18/2016 3:20,3:20,5,0,0,ALAMEDA AVENUE WEST & DECATUR STREET SOUTH,2,3,0,0,3,4,,0,35,0,0,0,0,1,2,1,5
,2016_68941,39.684907,-104.952401,12/2/2016 0:34,0:34,5,0,2,I25 & UNIVERSITY BOULEVARD SOUTH,1,3,0,0,2,4,,0,60,0,0,0,0,2,1,1,5
,2016_68959,39.776303,-104.873599,11/13/2016 18:29,18:29,5,0,1,I70 & CENTRAL PARK BOULEVARD,1,2,0,0,2,4,,0,55,0,0,0,0,2,1,1,5
,2016_68964,39.667623,-104.925611,10/8/2016 11:35,11:35,12,0,0,I25 & YALE AVENUE EAST,1,1,0,0,1,4,,0,65,0,0,0,0,0,1,2,13
,2016_68978,39.646572,-104.914546,8/4/2016 7:08,7:08,12,0,0,I25 SOUTHBOUND & HAMPDEN AVENUE EAST,1,1,0,0,1,4,,0,65,0,0,0,0,0,1,3,12
,2016_68979,39.648054,-104.915406,7/29/2016 6:55,6:55,9,0,0,I25 SOUTHBOUND & MM 201.2,1,1,0,0,1,4,,0,65,0,0,0,0,0,1,3,13
,2016_68980,39.652488,-104.917955,6/15/2016 8:10,8:10,15,0,0,I25 HIGHWAY NORTHBOUND  & HAMPDEN AVENUE EAST,1,1,0,0,1,4,,0,65,0,0,0,0,0,1,2,3
,2016_68981,39.653259,-104.918319,2/10/2016 12:00,12:00,15,0,0,I25 & EAST HAMPDEN AVENUE,1,1,0,0,1,4,,0,55,0,0,0,0,0,1,2,13
,2016_68982,39.653259,-104.918319,4/6/2016 17:25,17:25,12,0,0,I25 & HAMPDEN AVENUE EAST,1,1,0,0,1,4,,0,65,0,0,0,0,0,1,3,13
,2016_68983,39.653259,-104.918319,6/10/2016 12:20,12:20,15,0,0,I25 & HAMPDEN AVENUE EAST,1,1,0,0,1,4,,0,55,0,0,0,0,0,1,2,15
,2016_68984,39.653259,-104.918319,6/14/2016 11:48,11:48,12,0,0,I25 & HAMPDEN AVENUE EAST,1,1,0,0,1,4,,0,65,0,0,0,0,0,1,2,3
,2016_68985,39.653259,-104.918319,8/29/2016 7:34,7:34,12,0,0,I25 SOUTHBOUND & HIGHWAY 285 & 30 JCT / HAMPDEN AVENUE,1,1,0,0,1,4,,0,65,0,0,0,0,0,1,4,3
,2016_68986,39.653259,-104.918319,11/16/2016 11:20,11:20,15,0,0,I25 & HAMPDEN AVENUE EAST,1,1,0,0,1,4,,0,65,0,0,0,0,0,1,3,7
,2016_68987,39.654671,-104.918988,3/17/2016 17:05,17:05,12,0,0,I25 NORTHBOUND ON RAMP & HAMPDEN AVENUE EAST,4,2,1,2,1,14,,0,45,0,0,0,0,0,1,2,13
,2016_68988,39.656552,-104.919807,6/17/2016 9:06,9:06,12,0,0,I25 HIGHWAY SOUTHBOUND & HAMPDEN AVENUE EAST,1,1,0,0,1,4,,0,55,0,0,0,0,0,1,2,13
,2016_68989,39.664183,-104.923264,8/15/2016 21:45,21:45,12,0,0,I25 NORTHBOUND & MM 202.4,1,3,0,0,1,4,,0,65,0,0,0,0,0,1,2,13
,2016_68990,39.678367,-104.933559,10/9/2016 16:30,16:30,15,0,0,EVANS AVENUE EAST & I25 NORTHBOUND,1,1,0,0,1,1,,0,40,0,0,0,0,0,1,2,13
,2016_68991,39.678367,-104.933559,10/31/2016 10:11,10:11,3,0,0,EVANS AVENUE EAST & I25 HIGHWAY NORTHBOUND EXIT RAMP,1,1,0,0,1,1,,0,35,0,0,0,0,0,1,2,14
,2016_68992,39.678367,-104.933559,11/11/2016 2:35,2:35,1,0,0,EVANS AVENUE & I25 NORTHBOUND ON RAMP,1,3,0,0,1,1,,0,35,0,0,0,0,0,1,2,13
,2016_68993,39.678476,-104.933654,9/28/2016 23:20,23:20,12,0,0,I25 & EVANS AVENUE EAST,1,3,0,0,1,4,,1,65,0,0,0,0,0,1,2,13
,2016_68994,39.684918,-104.958395,9/15/2016 15:42,15:42,12,0,0,I25 SOUTHBOUND & UNIVERSITY BOULEVARD SOUTH,1,1,1,0,1,4,,0,60,0,0,0,0,0,1,4,3
,2016_68995,39.684921,-104.959322,6/22/2016 13:34,13:34,12,0,0,I25 NORTHBOUND RAMP TO & UNIVERSITY BOULEVARD SOUTH,1,1,0,0,1,14,,0,30,0,0,0,0,0,1,2,14
,2016_68996,39.68492,-104.959509,7/13/2016 21:52,21:52,12,0,0,UNIVERSITY BOULEVARD SOUTH & I25 HIGHWAY SOUTHBOUND OFF RAMP,1,3,0,0,1,4,,0,45,0,0,0,0,0,1,2,5
,2016_68997,39.684909,-104.959893,2/9/2016 18:32,18:32,12,0,0,I25 & UNIVERSITY BOULEVARD SOUTH,1,3,0,0,1,4,,0,55,0,0,0,0,1,1,2,3
,2016_68998,39.684916,-104.961205,12/31/2016 4:45,4:45,5,0,0,I25 & UNIVERSITY BOULEVARD,1,3,0,0,3,4,,0,55,0,0,0,0,0,1,1,2
,2016_69000,39.687193,-104.967662,1/12/2016 18:50,18:50,12,0,0,I25 & FRANKLIN STREET,1,3,1,0,1,4,,0,55,0,0,0,0,0,1,2,13
,2016_69001,39.690115,-104.973561,3/18/2016 6:30,6:30,15,0,0,I25 & DOWNING STREET SOUTH,4,1,0,2,1,4,,0,55,0,0,0,0,0,1,2,13
,2016_69002,39.690115,-104.973561,7/17/2016 18:07,18:07,12,0,0,DOWNING STREET & I25 NORTHBOUND OFF RAMP,1,1,1,0,1,1,,0,35,0,0,0,0,1,1,2,3
,2016_69003,39.693012,-104.977702,11/7/2016 11:41,11:41,12,0,0,I25 NORTHBOUND & LOUISIANA AVENUE EAST,1,1,0,0,1,4,,0,60,0,0,0,0,0,1,2,14
,2016_69004,39.694456,-104.979276,3/19/2016 6:20,6:20,5,0,1,I25  & WASHINGTON STREET SOUTH,5,2,0,2,2,4,,0,60,0,0,0,0,2,1,1,13
,2016_69005,39.694456,-104.979276,3/19/2016 6:25,6:25,15,0,0,I25 & WASHINGTON STREET SOUTH,5,1,0,2,1,4,,0,50,0,0,0,0,0,1,2,8
,2016_69006,39.694456,-104.979276,5/18/2016 8:47,8:47,12,0,0,I25 & WASHINGTON STREET SOUTH,1,1,0,0,1,4,,0,60,0,0,0,0,0,1,2,3
,2016_69007,39.697504,-104.982761,5/23/2016 16:44,16:44,12,0,0,I25 & LOGAN STREET SOUTH,1,1,0,0,1,4,,0,55,0,0,0,0,1,1,2,3
,2016_69008,39.697504,-104.982761,12/9/2016 7:40,7:40,12,0,0,I25 & LOGAN STREET,1,1,0,0,1,4,,0,60,0,0,0,0,0,1,2,3
,2016_69010,39.697722,-104.98301,8/3/2016 15:00,15:00,12,0,0,I25 & LOGAN STREET SOUTH,1,1,1,0,1,4,,0,55,0,0,0,0,0,1,2,14
,2016_69011,39.700838,-104.986681,4/2/2016 14:15,14:15,1,0,0,BROADWAY SOUTH & KENTUCKY AVENUE WEST,1,1,0,0,1,1,,0,30,0,0,0,0,0,1,2,13
,2016_69012,39.70157,-104.987575,11/27/2016 15:17,15:17,12,0,0,I25 SOUTHBOUND RAMP OFF  & BROADWAY SOUTH INTERCHANGE,1,1,0,0,1,14,,0,55,0,0,0,0,0,1,2,3
,2016_69013,39.707118,-104.996779,10/11/2016 5:10,5:10,5,0,0,I25 & SANTA FE DRIVE SOUTH APPROXIMATELY,1,3,1,0,1,4,,0,55,0,0,0,0,0,1,1,13
,2016_69014,39.711663,-104.999176,7/21/2016 16:25,16:25,12,0,0,I25 SOUTHBOUND & ALAMEDA AVENUE WEST,1,1,0,0,1,4,,0,55,0,0,0,0,1,1,2,13
,2016_69015,39.722135,-105.009438,11/4/2016 9:00,9:00,12,0,0,I25  & FOURTH AVENUE WEST,1,1,1,0,1,4,,0,65,0,0,0,0,0,1,2,13
,2016_69017,39.72244,-105.009858,7/29/2016 17:21,17:21,15,0,0,I25 NORTHBOUND & SIXTH AVENUE INTERCHANGE,1,1,0,0,1,4,,0,55,0,0,0,0,0,1,2,13
,2016_69018,39.723249,-105.010958,8/28/2016 1:07,1:07,5,0,0,I25 NORTHBOUND & SIXTH AVENUE WEST,1,3,0,0,1,4,,0,55,0,0,0,0,0,1,3,12
,2016_69019,39.724932,-105.012646,11/21/2016 11:18,11:18,12,0,0,I25 NORTHBOUND & SIXTH AVENUE INTERCHANGE,1,1,1,0,1,4,,0,55,0,0,0,0,0,1,3,13
,2016_69020,39.768049,-104.994761,4/16/2016 2:08,2:08,5,0,0,PARK AVENUE WEST & I25,2,3,0,2,3,1,,0,35,0,0,0,0,1,1,1,5
,2016_69021,39.725165,-105.012815,4/18/2016 16:56,16:56,12,0,0,I25 & SIXTH AVENUE INTERCHANGE,1,1,0,0,1,4,,0,55,0,0,0,0,0,1,2,3
,2016_69022,39.725281,-105.012899,5/22/2016 10:16,10:16,12,0,0,I25 & SIXTH AVENUE INTERCHANGE,1,1,0,0,1,4,,0,55,0,0,0,0,1,1,2,13
,2016_69023,39.725281,-105.012899,7/13/2016 8:32,8:32,12,0,0,I25 NORTHBOUND & SIXTH AVENUE INTERCHANGE,1,1,0,0,1,4,,0,55,0,0,0,0,0,1,3,13
,2016_69024,39.725747,-105.013236,11/16/2016 18:16,18:16,12,0,0,I25 & SIXTH AVENUE,1,3,0,0,1,4,,0,55,0,0,0,0,0,1,2,13
,2016_69025,39.725747,-105.013236,12/28/2016 2:14,2:14,15,0,0,I25 SOUTHBOUND RAMP OFF NEW CONFIG & SIXTH AVENUE WEST APPROXIMATELY,1,3,0,0,1,14,,0,,0,0,0,0,0,1,2,13
,2016_69027,39.729265,-105.014796,11/4/2016 15:53,15:53,12,0,0,I25 & EIGHTH AVENUE WEST INTERCHANGE,1,1,0,0,1,4,,0,55,0,0,0,0,0,1,2,14
,2016_69028,39.732693,-105.01558,8/25/2016 13:15,13:15,12,0,0,I25 & EIGHTH AVENUE WEST,1,1,0,0,1,4,,0,55,0,0,0,0,0,1,2,13
,2016_69029,39.740059,-105.013916,6/27/2016 19:06,19:06,12,0,0,I25 HIGHWAY NORTHBOUND  & COLFAX AVENUE WEST,1,1,0,0,1,4,,0,55,0,0,0,0,0,1,3,1
,2016_69030,39.740257,-105.013939,8/6/2016 15:39,15:39,12,0,0,I25 NORTHBOUND & COLFAX AVENUE WEST,1,1,0,0,1,4,,0,55,0,0,0,0,0,1,2,7
,2016_69031,39.742179,-105.014799,11/4/2016 12:33,12:33,12,0,0,I25 NORTHBOUND  & 17TH AVENUE,1,5,0,0,1,4,,0,55,0,0,0,0,0,1,2,14
,2016_69032,39.742485,-105.015083,4/13/2016 6:44,6:44,12,0,0,I25 & SOUTHBOUND RAMP OFF TO COLFAX,1,1,1,0,1,4,,0,55,0,0,0,0,1,1,2,3
,2016_69033,39.743372,-105.015987,7/15/2016 9:38,9:38,12,0,0,I25 NORTHBOUND  & 17TH AVENUE WEST,1,1,0,0,1,4,,0,55,0,0,0,0,0,1,2,8
,2016_69034,39.743372,-105.015987,11/21/2016 11:37,11:37,12,0,0,I25 NORTHBOUND  & 17TH AVENUE WEST,1,1,1,0,1,4,,0,55,0,0,0,0,0,1,2,13
,2016_69035,39.751295,-105.016566,1/7/2016 18:31,18:31,15,0,0,I25 & 23RD AVENUE WEST,2,3,0,1,1,4,,0,55,0,0,0,0,0,1,3,3
,2016_69036,39.751295,-105.016566,12/15/2016 18:54,18:54,12,0,0,I25 & 23RD AVENUE WEST,1,3,0,0,1,4,,0,55,0,0,0,0,0,1,2,13
,2016_69037,39.755118,-105.012754,8/23/2016 14:07,14:07,15,0,0,I25 NORTHBOUND & SPEER BOULEVARD,1,1,0,0,1,4,,0,55,0,0,0,0,0,1,2,13
,2016_69038,39.755118,-105.012754,5/17/2016 13:25,13:25,12,0,0,I25 SOUTHBOUND OFF RAMP & SPEER BOULEVARD,1,1,0,0,1,1,,0,25,0,0,0,0,0,1,2,13
,2016_69039,39.756061,-105.011444,7/9/2016 13:50,13:50,12,0,0,I25 SOUTHBOUND & SPEER BOULEVARD NORTH,1,1,0,0,1,4,,0,55,0,0,0,0,0,1,2,13
,2016_69040,39.757155,-105.0099,10/8/2016 11:00,11:00,12,0,1,I25 & 23RD AVENUE SOUTHBOUND ON RAMP GORE,1,1,0,0,1,4,,0,55,0,0,0,0,2,1,2,13
,2016_69041,39.760997,-105.004271,3/10/2016 7:35,7:35,12,0,0,I25 & 20TH STREET,1,1,0,0,1,4,,0,55,0,0,0,0,0,1,3,1
,2016_69042,39.760997,-105.004271,3/17/2016 7:25,7:25,15,0,0,I25 & 20TH STREET,1,1,0,0,1,4,,0,55,0,0,0,0,0,1,3,14
,2016_69043,39.760997,-105.004271,7/28/2016 17:11,17:11,12,0,0,I25 NORTHBOUND & 20TH STREET,1,1,0,0,1,4,,0,55,0,0,0,0,0,1,2,6
,2016_69044,39.760997,-105.004271,8/15/2016 6:35,6:35,12,0,0,I25 & 20TH STREET,1,1,0,0,1,4,,0,55,0,0,0,0,0,1,2,13
,2016_69045,39.760997,-105.004271,11/22/2016 17:55,17:55,12,0,0,I25 & 20TH STREET,1,3,1,0,1,4,,0,55,0,0,0,0,0,1,3,13
,2016_69046,39.76111,-105.004124,4/11/2016 2:28,2:28,5,0,0,I25 NORTHBOUND RAMP ON & 20TH STREET,2,3,0,0,2,14,,0,25,0,0,0,0,0,1,1,5
,2016_69047,39.768049,-104.994761,6/3/2016 17:11,17:11,15,0,0,I25 SOUTHBOUND & 38TH AVENUE WEST,1,1,0,0,1,4,,0,55,0,0,0,1,0,1,2,13
,2016_69048,39.768049,-104.994761,12/22/2016 6:40,6:40,5,0,0,I25 NORTHBOUND OFF RAMP & PARK AVENUE / FOX STREET,5,2,2,0,2,1,,0,35,0,0,0,0,0,1,1,7
,2016_69049,39.768124,-104.99459,5/7/2016 8:11,8:11,5,0,0,I25 & PARK AVENUE WEST,1,1,1,0,3,14,,0,55,0,0,0,0,1,1,2,13
,2016_69050,39.777918,-104.989186,11/7/2016 20:08,20:08,5,0,0,I25 NORTHBOUND OFF RAMP TO I70 & I70 RAMPS C & I,1,3,1,0,2,14,,0,55,0,0,0,0,1,1,1,7
,2016_69051,39.779391,-104.989164,5/10/2016 16:06,16:06,12,0,0,I25 & I70 EASTBOUND,2,1,0,0,1,4,,0,55,0,0,0,0,0,1,2,13
,2016_69052,39.779391,-104.989164,12/9/2016 15:51,15:51,12,0,0,I25 & I70,1,1,1,0,1,4,,0,55,0,0,0,0,1,1,2,3
,2016_69053,39.779391,-104.989164,12/16/2016 16:52,16:52,12,0,0,I25 & I70,1,3,1,0,1,4,,0,55,0,0,0,0,1,1,2,5
,2016_69054,39.783855,-104.989142,6/2/2016 17:08,17:08,12,0,0,I25 HIGHWAY SOUTHBOUND & 48TH AVENUE WEST,1,1,0,0,1,4,,0,55,0,0,0,0,1,1,2,7
,2016_69055,39.786878,-104.989125,7/9/2016 18:05,18:05,15,0,0,I25 SOUTHBOUND & I70 WB,1,1,1,0,1,14,,0,45,0,0,0,0,0,1,2,13
,2016_69103,39.711332,-105.053258,8/8/2016 16:02,16:02,9,0,0,ALAMEDA AVENUE WEST & SHERIDAN BOULEVARD SOUTH,1,1,0,0,1,1,,0,35,0,0,0,1,1,2,3,13
,2016_69104,39.711332,-105.053258,12/21/2016 17:55,17:55,1,0,0,ALAMEDA AVENUE WEST & SHERIDAN BOULEVARD SOUTH,1,3,0,0,1,1,,0,35,0,0,0,0,0,2,2,14
,2016_69105,39.711266,-105.052886,6/15/2016 9:05,9:05,3,0,0,ALAMEDA AVENUE WEST & SHERIDAN BOULEVARD SOUTH,1,1,0,0,1,2,,0,35,0,0,0,0,0,2,2,13
,2016_69106,39.711124,-105.03249,7/26/2016 21:33,21:33,3,0,1,MORRISON ROAD & ALAMEDA AVENUE WEST,1,3,0,0,1,1,,0,35,0,0,0,0,2,2,2,13
,2016_69107,39.711184,-105.005454,6/21/2016 12:11,12:11,12,0,0,ALAMEDA AVENUE 1300 BLOCK WEST & PECOS STREET,1,1,0,0,1,3,,0,35,0,0,0,0,0,2,3,13
,2016_69108,39.711184,-105.00136,8/4/2016 16:00,16:00,12,0,0,ALAMEDA AVENUE WEST & PLATTE RIVER DRIVE SOUTH,1,1,0,0,1,4,,0,35,0,0,0,0,0,2,2,8
,2016_69109,39.711208,-104.998391,10/16/2016 0:15,0:15,3,0,0,ALAMEDA AVENUE WEST & KALAMATH STREET SOUTH,1,3,0,0,1,1,,0,35,0,0,0,0,0,2,2,13
,2016_69110,39.653088,-104.915178,12/7/2016 8:30,8:30,3,0,0,SOUTH LOCUST STREET & EAST HAMPDEN AVENUE,4,1,1,2,1,1,,0,35,0,0,0,0,0,2,2,13
,2016_69111,39.653077,-104.909036,7/8/2016 12:32,12:32,12,0,0,HAMPDEN AVENUE EAST & ONEIDA WAY SOUTH,1,1,0,0,1,1,,0,35,0,0,0,0,0,2,2,7
,2016_69112,39.653109,-104.903331,11/23/2016 16:50,16:50,12,0,0,HAMPDEN AVENUE 7800 BLOCK EAST & TAMARAC DRIVE SOUTH,1,2,1,0,1,4,,0,45,0,0,0,0,0,2,3,7
,2016_69113,39.653054,-104.884695,7/28/2016 12:25,12:25,15,0,0,HAMPDEN AVENUE EAST & YOSEMITE STREET SOUTH,1,1,0,0,1,3,,0,45,0,0,0,0,0,2,2,13
,2016_69114,39.65305,-104.884342,11/15/2016 22:26,22:26,12,0,0,HAMPDEN AVENUE EAST & YOSEMITE STREET SOUTH,1,3,1,0,1,1,,0,45,0,0,0,0,0,2,2,13