id,drcog_id,latitude,longitude,crashtime,time,crashtype,numbkilled,numbinjurd,drcoglocat,rdconditin,lightngcon,roadcntgrd,weatherco,location,roaddescrp,schoolzone,constrzone,splimit,bikeinv,pedinv,sctrinv,motoinv,svrty,rdsystem,ttlvehcls,hcf
,2016_69115,39.653019,-104.875385,4/2/2016 17:28,17:28,12,0,0,HAMPDEN AVENUE 9600 BLOCK EAST & DAYTON STREET SOUTH,1,1,1,0,1,4,,0,35,0,0,0,0,1,2,3,13
,2016_69136,39.779316,-104.903391,6/22/2016 12:24,12:24,12,0,0,NORTHFIELD QUEBEC STREET NORTH & I70 WB RAMPS,1,1,0,0,1,1,,0,35,0,0,0,0,0,2,2,8
,2016_69137,39.781946,-104.901631,6/26/2016 11:09,11:09,15,0,0,NORTH QUEBEC STREET & I270 OFF RAMP,1,1,2,0,1,1,,0,40,0,0,0,0,0,2,2,8
,2016_69138,39.781946,-104.901631,10/9/2016 19:42,19:42,12,0,0,NORTHFIELD QUEBEC STREET & SANDCREEK DRIVE,1,3,0,0,1,1,,0,40,0,0,0,0,0,2,2,1
,2016_69184,39.740338,-105.038168,8/17/2016 16:18,16:18,12,0,0,COLFAX AVENUE WEST & OSCEOLA STREET NORTH,1,1,0,0,1,4,,0,30,0,0,0,0,0,2,3,3
,2016_69185,39.740344,-105.029902,3/19/2016 10:30,10:30,12,0,0,COLFAX AVENUE WEST & IRVING STREET NORTH,1,1,0,0,1,1,,0,35,0,0,0,0,0,2,2,1
,2016_69186,39.740319,-105.025508,10/20/2016 20:40,20:40,12,0,0,COLFAX AVENUE WEST & FEDERAL BOULEVARD NORTH,1,3,0,0,1,4,,0,35,0,0,0,0,0,2,3,13
,2016_69187,39.740382,-105.017311,1/8/2016 6:19,6:19,15,0,0,COLFAX AVENUE WEST & I25 SOUTHBOUND ON RAMP GORE POINT,5,2,0,2,1,4,,0,35,0,0,0,0,0,2,2,14
,2016_69188,39.740382,-105.017311,8/29/2016 12:15,12:15,12,0,0,HIGHWAY 40C / COLFAX AVENUE WEST & I25 SOUTHBOUND RAMP ON APPROXIMATELY,1,1,0,0,1,3,,0,35,0,0,0,0,0,2,2,13
,2016_69189,39.740345,-105.015536,4/9/2016 19:18,19:18,3,0,0,COLFAX AVENUE WEST & I25 SOUTHBOUND OFF RAMP,1,1,0,0,1,1,,0,20,0,0,0,0,0,2,2,13
,2016_69190,39.740038,-105.001446,2/4/2016 12:30,12:30,12,0,0,LIPAN STREET & COLFAX AVENUE,1,1,0,0,1,1,,0,35,0,0,0,0,0,2,2,13
,2016_69191,39.74003,-104.996398,7/1/2016 21:12,21:12,12,0,0,COLFAX AVENUE WEST & GLENARM PLACE,2,3,0,1,1,3,,0,35,0,0,0,0,0,2,2,14
,2016_69192,39.740007,-104.991824,8/11/2016 8:10,8:10,15,0,0,COLFAX AVENUE 300 BLOCK WEST & CHEROKEE STREET NORTH,1,1,0,0,1,3,,0,30,0,0,0,0,1,2,2,13
,2016_69193,39.74005,-104.984853,12/18/2016 17:57,17:57,12,0,0,COLFAX AVENUE & SHERMAN STREET NORTH,6,2,1,0,1,3,,0,30,0,0,0,0,0,2,2,1
,2016_69194,39.740041,-104.983728,10/16/2016 1:25,1:25,12,0,0,COLFAX AVENUE EAST & GRANT STREET NORTH,1,3,0,0,1,1,,0,35,0,0,0,0,0,2,2,13
,2016_69197,39.740018,-104.981104,8/15/2016 16:33,16:33,12,0,0,COLFAX AVENUE EAST & PENNSYLVANIA STREET NORTH,1,1,1,0,1,4,,0,30,0,0,0,0,0,2,3,13
,2016_69198,39.739998,-104.978667,8/11/2016 21:19,21:19,3,0,0,COLFAX AVENUE EAST & WASHINGTON STREET NORTH,2,3,0,1,1,1,,0,30,0,0,0,0,0,2,2,5
,2016_69199,39.740008,-104.973052,2/3/2016 19:40,19:40,12,0,0,COLFAX AVENUE EAST & DOWNING STREET NORTH,4,3,1,0,1,1,,0,25,0,0,0,0,0,2,2,14
,2016_69200,39.74001,-104.971929,11/2/2016 13:50,13:50,1,0,0,COLFAX AVENUE EAST & MARION STREET NORTH,1,1,0,0,1,2,,0,,0,0,0,0,1,2,2,13
,2016_69201,39.739987,-104.963841,11/13/2016 1:39,1:39,6,0,0,COLFAX AVENUE 1900 BLOCK EAST & RACE STREET,1,3,0,0,3,4,,0,60,0,0,0,0,0,2,3,5
,2016_69202,39.740161,-104.950307,1/9/2016 15:12,15:12,6,0,0,EAST COLFAX AVENUE 3200 BLOCK & STEELE STREET NORTH,1,1,0,0,1,4,,0,30,0,0,0,0,0,2,2,13
,2016_69203,39.74008,-104.919319,2/12/2016 3:59,3:59,15,0,0,EAST COLFAX AVENUE & 5900 BLOCK,1,3,1,0,1,4,,0,30,0,0,0,0,0,2,2,1
,2016_69204,39.740083,-104.911428,9/13/2016 15:25,15:25,12,0,0,COLFAX AVENUE EAST & MAGNOLIA STREET NORTH,1,1,0,0,1,4,,0,35,0,0,0,0,1,2,3,13
,2016_69205,39.740085,-104.900342,5/24/2016 7:50,7:50,12,0,1,COLFAX AVENUE EAST & ROSLYN STREET NORTH,1,1,0,0,1,4,,0,35,0,0,0,0,2,2,2,13
,2016_69206,39.740086,-104.893953,6/30/2016 13:50,13:50,6,0,0,ULSTER STREET NORTH & COLFAX AVENUE EAST,1,1,0,0,1,3,,0,25,0,0,0,0,0,2,2,13
,2016_69215,39.780032,-104.931784,1/7/2016 5:00,5:00,5,0,0,I70 & DAHLIA STREET NORTH,1,3,1,0,2,4,,0,55,0,0,0,0,0,1,1,3
,2016_69264,39.783566,-105.05323,5/18/2016 12:56,12:56,15,0,0,I70 EASTBOUND & SHERIDAN BOULEVARD NORTH,1,1,0,0,1,4,,1,55,0,0,0,0,0,1,2,13
,2016_69266,39.7839,-105.028798,10/1/2016 23:55,23:55,15,0,0,I70 & FEDERAL BOULEVARD NORTH,1,4,0,0,1,4,,0,65,0,0,0,0,0,1,2,13
,2016_69267,39.784195,-105.025519,5/12/2016 19:21,19:21,15,0,0,I70 & FEDERAL BOULEVARD NORTH,1,1,0,0,1,4,,0,55,0,0,0,0,0,1,3,5
,2016_69268,39.783571,-105.015888,4/25/2016 8:36,8:36,5,0,0,I70 HIGHWAY EASTBOUND & ZUNI STREET NORTH,1,1,1,0,3,4,,0,55,0,0,0,0,0,1,1,13
,2016_69269,39.783149,-105.006371,3/24/2016 10:51,10:51,12,0,0,I70 WB & PECOS STREET NORTH,6,1,1,0,1,4,,0,55,0,0,0,0,0,1,2,13
,2016_69270,39.783149,-105.006371,5/11/2016 7:35,7:35,12,0,0,I70 EASTBOUND & PECOS STREET NORTH,1,1,0,0,1,4,,0,55,0,0,0,0,0,1,2,1
,2016_69271,39.783149,-105.006371,5/23/2016 7:59,7:59,12,0,0,I70 EASTBOUND & PECOS STREET NORTH,1,2,0,0,1,4,,0,30,0,0,0,0,0,1,2,13
,2016_69272,39.783149,-105.006371,7/27/2016 22:47,22:47,3,0,1,PECOS STREET & I70 WB OFF RAMP,1,3,0,0,1,6,,0,25,0,0,0,0,2,1,2,8
,2016_69273,39.783157,-105.006163,3/4/2016 8:26,8:26,15,0,0,I70 WB OFF RAMP & PECOS STREET NORTH,1,1,0,0,1,14,,0,55,0,0,0,0,0,1,2,14
,2016_69274,39.783164,-105.005955,11/14/2016 13:37,13:37,15,0,0,I70 WB OFF RAMP & PECOS STREET,1,1,0,0,1,14,,0,55,0,0,0,0,0,1,2,13
,2016_69275,39.78262,-104.999166,6/2/2016 12:45,12:45,12,0,0,I70 EASTBOUND & BSNF RR UP RRX SEP,1,1,0,0,1,4,,0,55,0,0,0,0,0,1,2,3
,2016_69276,39.780091,-104.989581,11/4/2016 11:47,11:47,12,0,0,I70 EASTBOUND OFF RAMP & I25,1,5,1,0,1,14,,0,55,0,0,0,0,0,1,2,3
,2016_69277,39.780058,-104.9894,10/3/2016 17:36,17:36,12,0,0,I70 & I25 INTCH APPROXIMATELY,1,1,1,0,1,14,,0,40,0,0,0,0,0,1,2,3
,2016_69278,39.779772,-104.98675,8/24/2016 12:24,12:24,5,0,0,"I70 EASTBOUND RAMP ON & I70 EASTBOUND RAMP CONNECT END RAMP ""C""",2,1,0,1,3,14,,0,55,0,0,0,0,0,1,1,1
,2016_69279,39.779428,-104.978299,6/14/2016 22:30,22:30,12,0,0,I70 & NORTH WASHINGTON STREET,1,3,0,0,1,4,,0,55,0,0,0,0,0,1,2,13
,2016_69280,39.779942,-104.966087,8/26/2016 17:35,17:35,12,0,0,I70 & BRIGHTON BOULEVARD NORTH,1,1,0,0,1,4,,0,55,0,0,0,0,0,1,2,13
,2016_69281,39.779942,-104.966087,1/30/2016 2:05,2:05,5,0,0,I70 EASTBOUND ON SLIP RAMP & BRIGHTON BOULEVARD,1,3,1,0,3,14,,0,55,0,0,0,0,0,1,1,5
,2016_69282,39.77996,-104.965675,5/16/2016 7:01,7:01,15,0,0,I70 EASTBOUND ON RAMP MERGE & BRIGHTON BOULEVARD,1,1,1,0,1,14,,0,35,0,0,0,0,0,1,2,13
,2016_69283,39.78001,-104.964059,1/14/2016 21:04,21:04,15,0,0,I70 WB OFF RAMP & NORTH BRIGHTON BOULEVARD EXIT GORE POINT,1,3,1,0,1,14,,0,15,0,0,0,0,0,1,2,13
,2016_69284,39.780011,-104.9627,11/4/2016 8:07,8:07,12,0,0,I70 WB ON RAMP FROM YORK & RAMP END APPROXIMATELY,1,1,0,0,1,14,,0,35,0,0,0,0,0,1,2,13
,2016_69285,39.778297,-104.901085,5/28/2016 9:40,9:40,15,0,0,I70 EASTBOUND RAMP ON & ENTRANCE GORE POINT FROM QUEBEC STREET,1,1,0,0,1,14,,0,55,0,0,0,0,0,1,2,13
,2016_69286,39.780012,-104.959789,4/13/2016 8:51,8:51,12,0,0,I70 & YORK STREET,1,1,0,0,1,4,,0,55,0,0,0,0,1,1,3,3
,2016_69287,39.780013,-104.959595,3/8/2016 20:30,20:30,6,0,0,I70 EASTBOUND OFF RAMP & YORK STREET NORTH,1,3,1,0,1,14,,0,25,0,0,0,0,0,1,3,13
,2016_69288,39.780015,-104.956294,1/22/2016 18:14,18:14,12,0,0,I70 & MM 275.5,1,3,0,0,1,4,,0,55,0,0,0,0,0,1,2,13
,2016_69289,39.780016,-104.953188,1/18/2016 16:30,16:30,12,0,0,I70 EASTBOUND & VASQUEZ BOULEVARD NORTH,1,2,0,0,1,4,,0,55,0,0,0,0,0,1,2,3
,2016_69291,39.779999,-104.949951,3/7/2016 15:34,15:34,12,0,0,I70 & STEELE STREET,1,1,0,0,1,4,,0,55,0,0,0,0,0,1,3,1
,2016_69292,39.779948,-104.941207,5/27/2016 13:45,13:45,12,0,0,I70 EASTBOUND & COLORADO BOULEVARD NORTH,1,1,0,0,1,4,,0,55,0,0,0,0,0,1,2,14
,2016_69293,39.777139,-104.882953,12/15/2016 18:00,18:00,12,0,0,I70 & CENTRAL PARK BOULEVARD NORTH,1,2,0,0,1,4,,0,55,0,0,0,0,0,1,2,1
,2016_69294,39.779944,-104.940603,8/1/2016 16:39,16:39,12,0,0,I70 & COLORADO BOULEVARD NORTH,1,1,0,0,1,4,,0,55,0,0,0,0,0,1,2,13
,2016_69295,39.779944,-104.940603,10/7/2016 21:00,21:00,15,0,0,I70 & COLORADO BOULEVARD,1,3,0,0,1,4,,0,55,0,0,0,0,0,1,2,1
,2016_69296,39.779241,-104.927354,6/24/2016 2:30,2:30,5,0,1,I70 & FOREST STREET,1,3,1,0,2,4,,0,55,0,0,0,0,2,1,1,12
,2016_69297,39.778341,-104.92238,7/8/2016 6:55,6:55,12,0,1,I70 & HOLLY STREET,1,1,0,0,1,4,,0,55,0,0,0,0,2,1,3,1
,2016_69298,39.778284,-104.918945,10/11/2016 6:45,6:45,12,0,0,I70 & MM 277.7,1,1,0,0,1,4,,0,65,0,0,0,0,1,1,3,13
,2016_69299,39.778289,-104.912748,10/7/2016 21:26,21:26,12,0,0,I70 & MONACO STREET NORTH,1,3,1,0,1,4,,0,55,0,0,0,0,0,1,2,7
,2016_69300,39.778295,-104.903454,12/27/2016 18:15,18:15,12,0,0,I70 & QUEBEC STREET,1,3,1,0,1,4,,0,65,0,0,0,0,0,1,3,13
,2016_69301,39.778296,-104.902361,10/14/2016 17:43,17:43,12,0,0,I70 & QUEBEC STREET,1,1,0,0,1,4,,0,55,0,0,0,0,0,1,2,13
,2016_69302,39.778275,-104.896817,5/4/2016 16:48,16:48,12,0,0,I70 & I270 EASTBOUND DIR CONNECT,1,1,0,0,1,4,,0,55,0,0,0,0,0,1,2,13
,2016_69303,39.778275,-104.896817,7/20/2016 17:09,17:09,15,0,0,I70 & I270 DIRECT CONNECT,1,1,0,0,1,4,,0,55,0,0,0,0,1,1,2,13
,2016_69304,39.777364,-104.885405,6/17/2016 14:37,14:37,12,0,0,I70 & CENTRAL PARK BOULEVARD NORTH,1,1,0,0,1,4,,0,55,0,0,0,0,0,1,2,13
,2016_69305,39.777157,-104.883141,6/15/2016 12:51,12:51,12,0,0,I70 EASTBOUND OFF RAMP & CENTRAL PARK BOULEVARD NORTH,1,1,1,0,1,14,,0,40,0,0,0,0,0,1,2,13
,2016_69306,39.777157,-104.883141,11/28/2016 10:44,10:44,12,0,0,I70 EASTBOUND RAMP OFF & CENTRAL PARK BOULEVARD NORTH,1,1,0,0,1,1,,0,35,0,0,0,0,0,1,2,3
,2016_69307,39.777105,-104.882575,10/27/2016 4:25,4:25,12,0,0,I70 & CENTRAL PARK BOULEVARD NORTH,1,3,1,0,1,4,,0,65,0,0,0,0,1,1,2,13
,2016_69308,39.776367,-104.874338,4/18/2016 19:00,19:00,5,0,0,I70 WB EXIT GORE POINT & CENTRAL PARK BOULEVARD NORTH APPROXIMATELY,1,1,0,0,3,4,,0,55,0,0,0,0,0,1,1,3
,2016_69309,39.77597,-104.869716,4/28/2016 20:50,20:50,12,0,0,I70 & HAVANA STREET NORTH,2,3,0,0,1,4,,0,55,0,0,0,0,0,1,2,13
,2016_69310,39.77597,-104.869716,6/14/2016 11:45,11:45,15,0,0,I70 WB & HAVANA STREET NORTH,1,1,1,0,1,4,,0,55,0,0,0,0,0,1,2,13
,2016_69311,39.791145,-105.02518,11/12/2016 5:00,5:00,5,0,0,HIGHWAY 287 & 52ND AVENUE,1,3,1,0,2,1,,0,45,0,0,0,0,1,2,1,5
,2016_69312,39.775573,-104.865095,9/21/2016 20:00,20:00,12,0,0,I70 & HAVANA STREET NORTH,1,4,1,0,1,4,,1,55,0,0,0,0,0,1,2,13
,2016_69313,39.775176,-104.860473,2/6/2016 12:12,12:12,12,0,0,I70 WB & HAVANA STREET NORTH WB OFF RAMP GORE POINT,1,1,0,0,1,4,,0,55,0,0,0,0,1,1,2,13
,2016_69314,39.774015,-104.846978,12/14/2016 6:40,6:40,12,0,0,I70 EASTBOUND SLIP OFF RAMP & PEORIA STREET,1,3,0,0,1,14,,0,40,0,0,0,0,0,1,2,13
,2016_69315,39.773999,-104.846793,5/3/2016 15:02,15:02,15,0,0,I70 HIGHWAY EASTBOUND & PEORIA STREET,1,1,0,0,1,4,,0,55,0,0,0,0,0,1,3,13
,2016_69316,39.773999,-104.846793,3/19/2016 14:55,14:55,12,0,0,PEORIA STREET 4400 BLOCK NORTH & I70 WB RAMP ON,1,1,0,0,1,4,,0,35,0,0,0,0,0,1,2,1
,2016_69317,39.773983,-104.846608,12/10/2016 9:50,9:50,15,0,0,I70 EASTBOUND ON RAMP & PEORIA STREET,1,1,0,0,1,14,,0,15,0,0,0,0,0,1,2,13
,2016_69318,39.773856,-104.84513,11/29/2016 11:47,11:47,12,0,0,I70 & PEORIA STREET,1,5,1,0,1,4,,0,55,0,0,0,0,0,1,2,13
,2016_69319,39.773697,-104.843281,7/1/2016 18:23,18:23,12,0,0,I70 WB APPROXIMATELY & WB ON RAMP GORE POINT FROM I225,1,1,0,0,1,4,,0,65,0,0,0,0,1,1,2,14
,2016_69320,39.773219,-104.837735,1/8/2016 18:13,18:13,5,0,0,I225 NORTHBOUND OFF RAMP  & PEORIA STREET I70 WB EXIT GORE POINT,4,3,1,2,3,14,,0,55,0,0,0,0,1,1,1,7
,2016_69321,39.773203,-104.83755,8/26/2016 18:33,18:33,12,0,0,I70 & PEORIA STREET NORTH,1,1,0,0,1,4,,0,55,0,0,0,0,0,1,2,13
,2016_69322,39.77255,-104.829971,2/29/2016 6:55,6:55,12,0,0,I70  & I225 WB FLYOVER RAMP,1,1,0,0,1,14,,0,55,0,0,0,0,0,1,2,8
,2016_69374,39.673742,-104.86947,8/18/2016 17:20,17:20,12,0,0,PARKER ROAD & ILIFF AVENUE EAST,2,1,1,0,1,4,,0,45,0,0,0,0,0,2,2,14
,2016_69390,39.672505,-104.867951,11/3/2016 6:49,6:49,12,0,0,PARKER ROAD SOUTH & HARVARD AVENUE EAST,1,3,0,0,1,2,,0,40,0,0,0,0,0,2,2,14
,2016_69394,39.698614,-104.903606,4/19/2016 7:02,7:02,15,0,0,LEETSDALE DRIVE & QUEBEC STREET SOUTH,2,1,0,2,1,3,,0,40,0,0,0,0,0,2,2,14
,2016_69395,39.699189,-104.905168,10/24/2016 16:51,16:51,1,0,0,PARKER ROAD SOUTH & QUEBEC STREET SOUTH,1,1,1,0,1,2,,0,40,0,0,0,0,0,2,2,13
,2016_69396,39.700074,-104.907673,9/30/2016 13:54,13:54,12,0,0,LEETSDALE DRIVE & ONEIDA STREET SOUTH,1,1,1,0,1,1,,0,35,0,0,0,0,1,2,3,14
,2016_69397,39.702873,-104.912747,4/28/2016 10:59,10:59,12,0,0,LEETSDALE DRIVE & MONACO STREET SOUTH,2,1,0,2,1,3,,0,35,0,0,0,0,1,2,3,1
,2016_69398,39.707534,-104.923367,5/17/2016 16:41,16:41,12,0,0,LEETSDALE DRIVE EAST & HUDSON STREET SOUTH,1,1,1,0,1,1,,0,35,0,0,0,0,0,2,2,3
,2016_69413,39.687439,-104.991942,8/30/2016 11:11,11:11,15,0,2,SANTA FE DRIVE SOUTH & IOWA AVENUE WEST,1,1,0,0,1,1,,0,45,0,0,0,0,2,2,3,3
,2016_69424,39.696679,-104.991877,3/16/2016 13:06,13:06,12,0,0,SANTA FE DRIVE SOUTH & MISSISSIPPI AVENUE WEST,1,1,0,0,1,1,,0,40,0,0,0,0,0,2,2,7
,2016_69425,39.696679,-104.991877,10/15/2016 19:45,19:45,15,0,0,SANTA FE DRIVE 1100 BLOCK SOUTH & MISSISSIPPI AVENUE WEST,1,3,1,0,1,4,,0,35,0,0,0,0,0,2,2,13
,2016_69446,39.737983,-105.025273,10/6/2016 15:53,15:53,10,0,0,FEDERAL BOULEVARD NORTH & 14TH AVENUE WEST,1,1,0,0,1,4,,0,35,0,0,0,0,0,2,2,7
,2016_69447,39.732914,-105.025176,10/2/2016 1:47,1:47,1,0,0,10TH AVENUE WEST & FEDERAL BOULEVARD NORTH,1,3,0,0,1,1,,0,25,0,0,0,0,0,2,2,7
,2016_69448,39.727514,-105.025127,3/10/2016 8:59,8:59,12,0,0,FEDERAL BOULEVARD NORTHBOUND 600 BLOCK NORTH & SEVENTH AVENUE WEST,1,1,0,0,1,3,,0,35,0,0,0,0,1,2,2,14
,2016_69449,39.724756,-105.025125,2/18/2016 21:19,21:19,12,0,0,SIXTH AVENUE WEST EASTBOUND OFF RAMP & FEDERAL BOULEVARD NORTH,1,3,0,0,1,3,,0,35,0,0,0,0,0,2,2,5
,2016_69450,39.718398,-105.025153,10/27/2016 12:24,12:24,1,0,2,FEDERAL BOULEVARD NORTH & FIRST AVENUE WEST,1,1,0,0,1,1,,0,35,0,0,0,0,2,2,2,2
,2016_69451,39.709356,-105.025079,11/19/2016 12:51,12:51,12,0,0,FEDERAL BOULEVARD SOUTH 400 BLOCK & DAKOTA AVENUE WEST,1,1,0,0,1,4,,0,35,0,0,0,0,1,2,2,4
,2016_69452,39.704882,-105.025088,10/30/2016 14:30,14:30,15,0,0,FEDERAL BOULEVARD SOUTH & GILL PLACE WEST,1,3,0,0,1,1,,0,40,0,0,0,0,0,2,2,1
,2016_69454,39.703564,-105.025083,11/29/2016 11:42,11:42,12,0,0,FEDERAL BOULEVARD & FEDERAL BOULEVARD 700 BLOCK NORTH,1,1,1,0,1,4,,0,35,0,0,0,0,0,2,2,13
,2016_69455,39.696718,-105.025071,8/29/2016 12:15,12:15,12,0,0,HIGHWAY 88A / FEDERAL BOULEVARD SOUTH & MISSISSIPPI AVENUE WEST,1,1,0,0,1,1,,0,40,0,0,0,0,0,2,2,12
,2016_69456,39.696718,-105.025071,10/10/2016 9:00,9:00,1,0,0,FEDERAL BOULEVARD SOUTH & MISSISSIPPI AVENUE WEST,1,1,0,0,1,1,,0,35,0,0,0,0,0,2,2,13
,2016_69457,39.696718,-105.025071,10/31/2016 18:57,18:57,1,0,0,FEDERAL BOULEVARD SOUTH & MISSISSIPPI AVENUE WEST,1,3,0,0,1,1,,0,40,0,0,0,0,1,2,2,7
,2016_69458,39.691116,-105.025049,5/10/2016 16:16,16:16,15,0,0,FEDERAL BOULEVARD SOUTH & ARKANSAS AVENUE WEST,1,1,0,0,1,4,,0,35,0,0,0,0,0,2,2,1
,2016_69460,39.681689,-105.025019,8/1/2016 17:15,17:15,12,0,0,FEDERAL BOULEVARD SOUTH & JEWELL AVENUE WEST,1,1,0,0,1,4,,0,35,0,0,0,0,0,2,3,3
,2016_69461,39.679212,-105.025032,8/23/2016 15:00,15:00,15,0,0,FEDERAL BOULEVARD SOUTH & EVANS AVENUE WEST,1,1,0,0,1,2,,0,40,0,0,0,0,0,2,2,13
,2016_69462,39.678484,-105.025036,6/11/2016 17:30,17:30,3,0,0,FEDERAL BOULEVARD SOUTH & EVANS AVENUE WEST,1,1,0,0,1,2,,0,40,0,0,0,0,0,2,2,1
,2016_69463,39.676444,-105.025047,8/2/2016 18:45,18:45,12,0,0,FEDERAL BOULEVARD SOUTH & WARREN AVENUE WEST,1,1,0,0,1,3,,0,40,0,0,0,0,1,2,3,7
,2016_69464,39.660488,-105.025192,7/1/2016 15:55,15:55,12,0,0,FEDERAL BOULEVARD SOUTH & DARTMOUTH AVENUE WEST,1,1,0,0,1,3,,0,35,0,0,0,0,1,2,2,13
,2016_69465,39.657384,-105.025258,10/3/2016 6:15,6:15,12,0,0,FEDERAL BOULEVARD SOUTH & FLOYD AVENUE WEST ROAD WEST,1,2,1,0,1,1,,0,40,0,0,0,0,0,2,2,13
,2016_69493,39.656087,-105.053224,9/10/2016 16:45,16:45,12,0,0,SHERIDAN BOULEVARD SOUTH & DARTMOUTH AVENUE WEST,1,1,0,0,1,1,,0,45,0,0,0,0,0,2,3,14
,2016_69495,39.728484,-105.053228,10/19/2016 18:25,18:25,1,0,2,SHERIDAN BOULEVARD & 700 BLOCK NORTH,1,3,1,0,1,2,,0,35,0,0,0,1,2,2,2,14
,2016_69496,39.731477,-105.053224,4/21/2016 13:48,13:48,12,0,0,SHERIDAN BOULEVARD 900 BLOCK NORTH & NINTH AVENUE WEST,1,1,1,0,1,4,,0,35,0,0,0,0,1,2,2,13
,2016_69527,39.616162,-105.09113,1/18/2016 13:36,13:36,1,0,0,WADSWORTH BOULEVARD SOUTH & CRESTLINE AVENUE,1,1,0,0,1,2,,0,45,0,0,0,0,1,2,2,8
,2016_69634,39.630837,-104.905088,12/11/2016 13:03,13:03,12,0,0,I225 NORTHBOUND DIRECT CONNECT & I25,1,1,0,0,1,4,,0,55,0,0,0,0,0,1,2,13
,2016_69635,39.634639,-104.899434,5/2/2016 6:45,6:45,12,0,0,I225 SOUTHBOUND DIRECT CONNECT & TAMARAC STREET SOUTH,1,1,0,0,1,4,,0,55,0,0,0,0,0,1,2,1
,2016_69636,39.635522,-104.893462,2/26/2016 18:50,18:50,1,0,0,TAMARAC STREET SOUTH & I225 WB RAMP,1,1,0,0,1,1,,0,45,0,0,0,0,0,1,2,13
,2016_69637,39.635522,-104.893462,5/18/2016 21:02,21:02,1,0,0,TAMARAC STREET SOUTH & I225 SOUTHBOUND RAMPS,1,3,1,0,1,1,,0,35,0,0,0,0,0,1,2,13
,2016_69638,39.635522,-104.893462,7/6/2016 9:25,9:25,1,0,0,TAMARAC STREET & I225 NORTHBOUND ON RAMP,1,1,0,0,1,1,,0,35,0,0,0,0,0,1,2,13
,2016_69639,39.635522,-104.893462,9/17/2016 14:30,14:30,1,0,0,TAMARAC STREET SOUTH & I225 SOUTHBOUND ON RAMP,1,1,0,0,1,1,,0,35,0,0,0,0,0,1,2,13
,2016_69640,39.635522,-104.893462,9/19/2016 17:35,17:35,1,0,0,TAMARAC STREET & I225,1,1,0,0,1,1,,0,35,0,0,0,0,0,1,2,13
,2016_69641,39.635635,-104.893038,1/17/2016 14:20,14:20,1,0,0,I225 WB RAMPS & TAMARAC PARKWAY,1,1,0,0,1,1,,0,35,0,0,0,0,0,1,2,13
,2016_69642,39.636627,-104.890549,3/30/2016 16:44,16:44,12,0,0,I225 SOUTHBOUND DIRECT CONNECT & TAMARAC STREET SOUTH,2,1,0,1,1,4,,0,65,0,0,0,0,1,1,2,3
,2016_69668,39.781905,-104.966707,3/20/2016 23:55,23:55,5,0,0,47TH AVENUE EAST & BRIGHTON BOULEVARD NORTH,1,3,1,0,1,4,,0,35,0,0,0,0,0,2,1,13
,2016_69675,39.78267,-104.900664,2/5/2016 10:41,10:41,12,0,0,I270 WB ON RAMP FROM & NORTHFIELD QUEBEC STREET,2,1,0,0,1,14,,0,40,0,0,0,0,0,1,2,12
,2016_69676,39.778903,-104.897699,6/2/2016 14:28,14:28,5,0,0,I270 EASTBOUND DIRECT CONNECT & I70 EASTBOUND,1,1,0,0,1,4,,0,55,0,0,0,0,0,1,2,14
,2016_69679,39.654191,-105.036656,12/20/2016 6:35,6:35,12,0,0,HAMPDEN AVENUE WEST & KNOX COURT SOUTH,1,4,1,0,1,3,,0,55,0,0,0,0,1,2,2,14
,2016_69701,39.65298,-104.929806,8/16/2016 14:51,14:51,12,0,0,HAMPDEN AVENUE EAST & ELM STREET SOUTH,1,1,0,0,1,4,,0,40,0,0,0,1,1,2,2,4
,2016_69702,39.65298,-104.925278,5/10/2016 14:22,14:22,12,0,0,HAMPDEN AVENUE & GRAPE STREET,1,1,1,0,1,4,,0,35,0,0,0,0,0,2,2,3
,2016_69703,39.652979,-104.921505,9/25/2016 7:19,7:19,12,0,1,HAMPDEN AVENUE EAST & IVANHOE STREET SOUTH,1,1,1,0,1,4,,0,40,0,0,0,0,2,2,3,13
,2016_69704,39.653091,-104.916934,9/10/2016 13:25,13:25,12,0,0,HAMPDEN AVENUE EAST & I25 NORTHBOUND RAMPS,1,1,0,0,1,1,,0,35,0,0,0,0,1,2,2,13
,2016_69705,39.745405,-105.025232,6/24/2016 16:34,16:34,1,0,2,FEDERAL BOULEVARD & 1800 BLOCK NORTH,1,1,0,0,1,1,,0,35,0,0,0,0,2,2,2,13
,2016_69706,39.75854,-105.025143,6/20/2016 11:33,11:33,12,0,0,FEDERAL BOULEVARD NORTH & 29TH AVENUE WEST,1,1,0,0,1,3,,0,35,0,0,0,0,0,2,2,14
,2016_69707,39.762673,-105.025157,8/1/2016 8:00,8:00,12,0,0,FEDERAL BOULEVARD NORTH & 32ND AVENUE WEST,1,1,0,0,1,3,,0,35,0,0,0,0,0,2,2,13
,2016_69708,39.766806,-105.025171,8/1/2016 17:03,17:03,12,0,0,FEDERAL BOULEVARD & 3600 BLOCK NORTH,1,1,0,0,1,4,,0,35,0,0,0,0,0,2,3,13
,2016_69709,39.769524,-105.025232,11/21/2016 9:40,9:40,15,0,0,FEDERAL BOULEVARD NORTH & 38TH AVENUE WEST,1,1,0,0,1,4,,0,35,0,0,0,0,0,2,2,13