id,drcog_id,latitude,longitude,crashtime,time,crashtype,numbkilled,numbinjurd,drcoglocat,rdconditin,lightngcon,roadcntgrd,weatherco,location,roaddescrp,schoolzone,constrzone,splimit,bikeinv,pedinv,sctrinv,motoinv,svrty,rdsystem,ttlvehcls,hcf
,2016_69710,39.782129,-105.025225,9/8/2016 15:57,15:57,15,0,0,FEDERAL BOULEVARD NORTH & 47TH AVENUE WEST,1,1,0,0,1,4,,0,,0,0,0,0,0,2,2,13
,2016_69711,39.784707,-105.025224,12/6/2016 15:00,15:00,12,0,0,FEDERAL BOULEVARD & I70 WB OFF SLIP RAMP,1,1,1,0,1,1,,0,35,0,0,0,0,0,2,2,13
,2016_69812,39.768286,-104.994217,5/26/2016 23:25,23:25,5,0,0,I25 NORTHBOUND OFF RAMP LOOP SECTION & PARK AVENUE WEST,1,3,0,0,2,14,,0,55,0,0,0,0,0,1,1,5
,2016_69813,39.678006,-104.940637,5/28/2016 13:26,13:26,15,0,0,COLORADO BOULEVARD SOUTH & EVANS AVENUE EAST,1,1,0,0,1,4,,0,35,0,0,0,0,0,2,2,3
,2016_69814,39.687326,-104.940544,10/4/2016 6:10,6:10,1,0,0,COLORADO BOULEVARD SOUTH & IOWA AVENUE EAST,1,2,1,0,1,1,,0,35,0,0,0,0,0,2,2,13
,2016_69815,39.689119,-104.940546,8/15/2016 18:20,18:20,15,0,0,COLORADO BOULEVARD SOUTH & FLORIDA AVENUE EAST,1,2,0,0,1,3,,0,35,0,0,0,0,0,2,2,3
,2016_69816,39.690015,-104.940547,9/22/2016 14:50,14:50,12,0,0,COLORADO BOULEVARD SOUTH & FLORIDA AVENUE EAST,1,1,1,0,1,3,,0,40,0,0,0,0,0,2,2,13
,2016_69818,39.692854,-104.940549,7/30/2016 13:13,13:13,12,0,0,LOUISIANA AVENUE EAST & COLORADO BOULEVARD SOUTH,1,1,0,0,1,3,,0,25,0,0,0,0,0,2,2,14
,2016_69819,39.71339,-104.940611,8/10/2016 12:13,12:13,12,0,0,COLORADO BOULEVARD 200 BLOCK SOUTH & ALAMEDA AVENUE EAST,1,1,0,0,1,3,,0,35,0,0,0,0,0,2,3,13
,2016_69820,39.716746,-104.94061,1/6/2016 6:00,6:00,15,0,0,LEETSDALE DRIVE 4000 BLOCK & SOUTH COLORADO BOULEVARD,1,3,0,0,1,1,,0,35,0,0,0,0,0,2,2,13
,2016_69821,39.720102,-104.940609,2/8/2016 13:28,13:28,15,0,0,COLORADO BOULEVARD & FIRST AVENUE EAST,1,1,0,0,1,3,,0,35,0,0,0,0,0,2,2,13
,2016_69822,39.722728,-104.940608,2/8/2016 14:46,14:46,1,0,0,THIRD AVENUE EAST & COLORADO BOULEVARD NORTH,1,1,0,0,1,1,,0,35,0,0,0,0,0,2,3,7
,2016_69823,39.725208,-104.940607,6/21/2016 18:13,18:13,12,0,0,COLORADO BOULEVARD NORTH & SIXTH AVENUE EAST,1,1,1,0,1,1,,0,30,0,0,0,0,0,2,3,14
,2016_69824,39.7255,-104.940607,2/3/2016 18:19,18:19,15,0,0,COLORADO BOULEVARD NORTH & SIXTH AVENUE EAST,4,3,0,0,1,1,,0,30,0,0,0,0,0,2,2,8
,2016_69825,39.726959,-104.940606,3/17/2016 15:13,15:13,1,0,0,COLORADO BOULEVARD & SEVENTH AVENUE EAST,4,1,0,2,1,1,,0,35,0,0,0,0,0,2,2,13
,2016_69826,39.726959,-104.940606,12/19/2016 9:23,9:23,12,0,0,COLORADO BOULEVARD NORTH & SEVENTH AVENUE EAST,5,2,0,0,1,1,,0,35,0,0,0,0,1,2,2,14
,2016_69827,39.727105,-104.940606,10/16/2016 0:09,0:09,15,0,0,COLORADO BOULEVARD 700 BLOCK NORTH & SEVENTH AVENUE EAST,1,3,0,0,1,4,,0,40,0,0,0,0,0,2,2,5
,2016_69828,39.731336,-104.940604,8/19/2016 12:30,12:30,12,0,0,COLORADO BOULEVARD NORTH & NINTH AVENUE EAST,1,1,0,0,1,3,,0,35,0,0,0,0,0,2,2,13
,2016_69829,39.738485,-104.940602,8/4/2016 22:05,22:05,3,0,0,COLORADO BOULEVARD NORTH & 14TH AVENUE EAST,1,3,0,0,1,1,,0,35,0,0,0,0,0,2,2,13
,2016_69830,39.761914,-104.940511,2/17/2016 17:26,17:26,1,0,1,COLORADO BOULEVARD NORTH & MLK BOULEVARD EAST,1,2,0,0,1,1,,0,35,0,0,0,0,2,2,2,14
,2016_69831,39.761914,-104.940511,11/4/2016 20:25,20:25,15,0,0,COLORADO BOULEVARD & MLK BOULEVARD,1,3,0,0,1,1,,0,35,0,0,0,0,0,2,2,14
,2016_69832,39.764383,-104.940501,1/19/2016 12:10,12:10,12,0,0,NORTH COLORADO BOULEVARD NORTHBOUND & EAST 34TH AVENUE,1,1,0,0,1,4,,0,40,0,0,0,0,0,2,2,7
,2016_69833,39.773903,-104.940515,5/22/2016 13:04,13:04,12,0,0,COLORADO BOULEVARD NORTHBOUND 4205 NORTH & MM 8.3,1,1,0,0,1,4,,0,35,0,0,0,0,0,2,2,13
,2016_69834,39.776109,-104.940524,4/30/2016 17:50,17:50,12,0,0,COLORADO BOULEVARD 4000 BLOCK NORTH & SMITH ROAD EAST,2,2,0,1,1,1,,0,40,0,0,0,0,0,2,2,1
,2016_69856,39.725602,-105.042884,3/31/2016 13:19,13:19,15,0,0,SIXTH AVENUE WEST & STUART STREET NORTH,2,1,1,2,1,4,,0,45,0,0,0,0,1,2,2,7
,2016_69857,39.725556,-105.039261,9/2/2016 6:45,6:45,12,0,0,SIXTH AVENUE WEST & PERRY STREET SOUTH,1,1,0,0,1,4,,0,55,0,0,0,0,0,2,2,13
,2016_69858,39.725466,-105.032645,5/14/2016 12:02,12:02,12,0,0,SIXTH AVENUE WEST & KNOX COURT NORTH,1,1,0,0,1,4,,0,55,0,0,0,0,0,2,2,13
,2016_69859,39.725415,-105.025068,6/6/2016 17:37,17:37,12,0,0,SIXTH AVENUE WEST & FEDERAL BOULEVARD NORTH,2,1,0,1,1,4,,0,55,0,0,0,0,0,2,2,13
,2016_69860,39.725415,-105.024686,12/19/2016 5:12,5:12,5,0,0,SIXTH AVENUE WEST & FEDERAL BOULEVARD NORTH,5,3,0,0,3,4,,0,55,0,0,0,0,0,2,1,2
,2016_69861,39.725188,-105.018611,12/30/2016 17:45,17:45,12,0,2,SIXTH AVENUE WEST & BRYANT STREET NORTH,1,3,0,0,1,4,,0,45,0,0,0,0,2,2,2,13
,2016_69862,39.725402,-105.014889,10/3/2016 6:45,6:45,12,0,0,SIXTH AVENUE WEST & I25,1,1,0,0,1,4,,0,55,0,0,0,0,0,2,3,3
,2016_69863,39.790208,-104.942044,11/1/2016 12:35,12:35,1,0,0,VASQUEZ BOULEVARD NORTH & 52ND AVENUE EAST,1,1,0,0,1,1,,0,45,0,0,0,0,0,2,2,3
,2016_69921,39.625073,-104.902138,1/29/2016 18:20,18:20,15,0,0,I25 & BELLEVIEW AVENUE EAST,1,3,0,0,1,4,,0,65,0,0,0,0,0,1,3,1
,2016_69922,39.628541,-104.9042,4/7/2016 15:24,15:24,12,0,0,I25 & UNION AVENUE EAST,1,1,0,0,1,4,,0,65,0,0,0,0,0,1,2,13
,2016_69923,39.638605,-104.909845,6/13/2016 19:25,19:25,5,0,1,I25 & QUINCY AVENUE EAST,2,1,0,1,2,4,,0,65,0,0,0,0,2,1,1,1
,2016_69924,39.664683,-104.923563,3/15/2016 6:49,6:49,12,0,0,I25 & YALE AVENUE EAST,1,2,1,0,1,4,,0,55,0,0,0,0,0,1,2,13
,2016_69925,39.666579,-104.924848,10/6/2016 7:28,7:28,12,0,0,I25 SOUTHBOUND & YALE AVENUE EAST,2,1,0,1,1,4,,0,55,0,0,0,0,1,1,2,1
,2016_69926,39.678367,-104.933559,3/13/2016 21:00,21:00,5,0,0,I25 & EVANS AVENUE EAST,1,3,0,0,2,4,,0,65,0,0,0,0,0,1,2,1
,2016_69928,39.678367,-104.933559,10/21/2016 7:29,7:29,3,0,0,I25 NORTHBOUND & EVANS AVENUE EAST,1,1,0,0,1,1,,0,35,0,0,0,0,0,1,2,1
,2016_69929,39.682977,-104.939968,7/22/2016 11:45,11:45,5,0,0,I25 & COLORADO BOULEVARD SOUTH,1,1,0,0,1,4,,0,50,0,0,0,0,0,1,2,14
,2016_69930,39.683623,-104.942533,10/4/2016 16:32,16:32,12,0,0,I25 & COLORADO BOULEVARD SOUTH,1,1,0,0,1,4,,0,60,0,0,0,0,0,1,2,13
,2016_69931,39.749701,-105.017257,12/1/2016 20:07,20:07,12,0,0,I25  & 23RD AVENUE WEST,1,3,0,0,1,4,,0,65,0,0,0,0,0,1,2,13
,2016_69932,39.684158,-104.944536,4/1/2016 19:03,19:03,12,0,0,I25 & COLORADO BOULEVARD SOUTH,1,2,0,0,1,4,,0,50,0,0,0,0,0,1,3,3
,2016_69933,39.68492,-104.950436,9/19/2016 15:33,15:33,12,0,0,I25 & STEELE STREET SOUTH,1,1,0,0,1,4,,0,60,0,0,0,0,1,1,2,13
,2016_69934,39.684921,-104.959322,11/26/2016 8:58,8:58,12,0,0,I25 SLIP RAMP OFF TO & UNIVERSITY BOULEVARD SOUTH NORTHBOUND,1,1,1,0,1,14,,0,30,0,0,0,0,0,1,2,13
,2016_69935,39.68492,-104.959509,2/2/2016 13:10,13:10,15,0,0,I25 & UNIVERSITY BOULEVARD SOUTH,5,1,0,2,1,4,,0,60,0,0,0,0,0,1,2,1
,2016_69936,39.68492,-104.959509,7/29/2016 14:09,14:09,15,0,0,I25 & UNIVERSITY BOULEVARD SOUTH,1,1,0,0,1,4,,0,55,0,0,0,0,0,1,2,1
,2016_69937,39.684915,-104.959701,4/25/2016 15:47,15:47,15,0,0,I25 SOUTHBOUND SLIP RAMP OFF & UNIVERSITY BOULEVARD SOUTH,1,1,1,0,1,14,,0,55,0,0,0,0,0,1,2,13
,2016_69938,39.684909,-104.959893,2/27/2016 2:21,2:21,5,0,1,I25 SOUTHBOUND OFF RAMP & UNIVERSITY BOULEVARD SOUTH,1,3,1,0,2,14,,0,25,0,0,0,0,2,1,1,1
,2016_69939,39.684893,-104.960467,6/28/2016 8:30,8:30,15,0,0,I25 SOUTHBOUND RAMP OFF & UNIVERSITY BOULEVARD SOUTH,1,1,0,0,1,14,,0,35,0,0,0,0,0,1,2,7
,2016_69940,39.684923,-104.961388,8/12/2016 12:29,12:29,12,0,0,I25 & UNIVERSITY BOULEVARD,1,1,0,0,1,4,,0,50,0,0,0,0,0,1,2,3
,2016_69942,39.68682,-104.966883,4/5/2016 17:28,17:28,12,0,0,I25 & UNIVERSITY BOULEVARD SOUTH,1,1,1,0,1,4,,0,60,0,0,0,0,1,1,2,3
,2016_69943,39.690115,-104.973561,1/6/2016 18:42,18:42,12,0,0,I25 & DOWNING STREET SOUTH,1,3,1,0,1,4,,0,60,0,0,0,0,0,1,2,14
,2016_69944,39.690115,-104.973561,9/2/2016 20:38,20:38,15,0,0,I25 & DOWNING STREET SOUTH,1,3,0,0,1,4,,0,,0,0,0,0,0,1,3,13
,2016_69946,39.697504,-104.982761,10/20/2016 17:55,17:55,15,0,0,I25 & LOGAN STREET,1,1,1,0,1,4,,0,55,0,0,0,0,0,1,2,13
,2016_69947,39.697504,-104.982761,12/13/2016 18:30,18:30,15,0,0,I25 & LOGAN STREET,1,3,1,0,1,4,,0,55,0,0,0,0,0,1,2,13
,2016_69948,39.701675,-104.987698,2/3/2016 7:25,7:25,12,0,0,I25 & BROADWAY SOUTH INTERCHANGE,1,1,1,0,1,4,,0,55,0,0,0,0,0,1,2,1
,2016_69949,39.70423,-104.993577,1/6/2016 14:45,14:45,12,0,1,I25 & BROADWAY SOUTH APPROXIMATELY,1,1,0,0,1,4,,0,55,0,0,0,0,2,1,2,13
,2016_69950,39.704415,-104.994067,8/14/2016 19:15,19:15,5,0,0,I25 NORTHBOUND RAMP OFF & GORE POINT TO SANTA FE DRIVE SOUTH,1,1,0,0,2,14,,0,25,0,0,0,0,0,1,1,5
,2016_69951,39.705216,-104.995305,3/14/2016 17:30,17:30,12,0,0,I25 & MM 207.5,1,1,1,0,1,4,,0,55,0,0,0,0,0,1,3,14
,2016_69952,39.711112,-104.998846,3/23/2016 6:40,6:40,15,0,0,I25 & SOUTH SANTA FE DRIVE EXIT,4,3,0,2,1,4,,0,55,0,0,0,0,0,1,2,13
,2016_69953,39.711663,-104.999176,7/13/2016 9:45,9:45,12,0,0,I25 SOUTHBOUND RAMP OFF & ALAMEDA AVENUE WEST,1,1,1,0,1,14,,0,25,0,0,0,0,1,1,2,5
,2016_69954,39.711801,-104.999259,4/25/2016 17:05,17:05,12,0,0,I25 & MM 208,1,1,1,0,1,4,,0,55,0,0,0,0,0,1,2,3
,2016_69955,39.711801,-104.999259,12/5/2016 8:08,8:08,15,0,0,I25 & ALAMEDA AVENUE WEST,1,1,0,0,1,4,,0,55,0,0,0,0,0,1,2,1
,2016_69956,39.713041,-105.000001,4/21/2016 9:13,9:13,12,0,0,I25 & CEDAR AVENUE WEST,1,1,1,0,1,4,,0,55,0,0,0,0,0,1,2,3
,2016_69958,39.714925,-105.00119,8/13/2016 16:25,16:25,5,0,0,I25 SOUTHBOUND & ALAMEDA AVENUE WEST,1,1,0,0,3,4,,0,55,0,0,0,0,1,1,1,10
,2016_69959,39.715058,-105.001276,7/6/2016 17:34,17:34,15,0,0,I25 SOUTHBOUND & MM 208.25,1,1,0,0,1,4,,0,55,0,0,0,0,0,1,2,13
,2016_69960,39.716605,-105.002603,9/28/2016 8:31,8:31,12,0,0,I25 & ELLSWORTH AVENUE WEST OFFSET REF,1,1,0,0,1,4,,0,55,0,0,0,0,0,1,2,3
,2016_69961,39.723881,-105.011684,6/9/2016 14:04,14:04,12,0,0,I25 & SIXTH AVENUE WEST INTERCHANGE,1,1,1,0,1,4,,0,55,0,0,0,0,0,1,3,13
,2016_69962,39.724076,-105.011886,4/7/2016 8:30,8:30,15,0,0,I25 & SIXTH AVENUE WEST,1,1,1,0,1,4,,0,55,0,0,0,0,0,1,2,1
,2016_69963,39.724477,-105.012282,2/29/2016 16:42,16:42,15,0,0,I25 SOUTHBOUND OFF RAMP & SIXTH AVENUE WEST,1,1,0,0,1,14,,0,55,0,0,0,0,0,1,2,1
,2016_69964,39.751295,-105.016566,11/18/2016 13:35,13:35,12,0,0,I25 & 23RD AVENUE WEST,1,1,1,0,1,4,,0,55,0,0,0,0,0,1,2,13
,2016_69965,39.724708,-105.012484,4/13/2016 12:44,12:44,15,0,0,I25 SOUTHBOUND ON RAMP FROM SIXTH AVENUE & RAMP SPLIT,1,1,1,0,1,14,,0,40,0,0,0,0,0,1,2,13
,2016_69966,39.725165,-105.012815,9/25/2016 13:30,13:30,5,0,0,I25 SOUTHBOUND RAMP ON NEW CONFIG & SIXTH AVENUE WEST OFF APPROXIMATELY,1,1,0,0,3,14,,0,45,0,0,0,0,0,1,1,14
,2016_69967,39.729265,-105.014796,2/15/2016 14:48,14:48,12,0,0,I25 & EIGHTH AVENUE WEST INTERCHANGE,1,1,0,0,1,4,,0,55,0,0,0,0,0,1,2,3
,2016_69968,39.729573,-105.014907,3/3/2016 18:18,18:18,12,0,0,I25 NORTHBOUND ON RAMP & SIXTH AVENUE,1,3,0,0,1,14,,0,55,0,0,0,0,0,1,2,13
,2016_69969,39.738382,-105.013839,8/11/2016 16:59,16:59,12,0,0,I25 & COLFAX AVENUE,1,1,1,0,1,4,,0,65,0,0,0,0,0,1,2,2
,2016_69970,39.740059,-105.013916,6/18/2016 21:55,21:55,15,0,0,I25 & COLFAX AVENUE WEST,1,3,1,0,1,4,,0,55,0,0,0,0,0,1,2,13
,2016_69971,39.740257,-105.013939,4/9/2016 12:55,12:55,12,0,0,I25 & COLFAX AVENUE WEST,1,1,0,0,1,4,,0,55,0,0,0,0,0,1,3,13
,2016_69972,39.740257,-105.013939,10/27/2016 7:12,7:12,12,0,0,I25 & COLFAX AVENUE WEST,1,1,0,0,1,4,,0,55,0,0,0,0,0,1,3,14
,2016_69973,39.740257,-105.013939,12/8/2016 17:59,17:59,15,0,0,I25 & COLFAX AVENUE WEST,8,3,1,0,1,4,,0,55,0,0,0,0,0,1,2,13
,2016_69974,39.740257,-105.013939,12/28/2016 13:33,13:33,12,0,0,I25 & COLFAX AVENUE WEST,1,1,0,0,1,4,,0,55,0,0,0,0,0,1,3,13
,2016_69975,39.740455,-105.013961,10/15/2016 9:20,9:20,15,0,0,I25 & COLFAX AVENUE,1,1,0,0,1,4,,0,55,0,0,0,0,0,1,2,7
,2016_69976,39.740455,-105.013961,11/5/2016 21:43,21:43,15,0,0,I25 & COLFAX AVENUE,1,1,1,0,1,4,,0,55,0,0,0,0,0,1,2,13
,2016_69977,39.740455,-105.013961,6/17/2016 21:54,21:54,12,0,0,I25 & COLFAX AVENUE WEST,1,3,1,0,1,14,,0,25,0,0,0,0,1,1,2,5
,2016_69978,39.742025,-105.014657,8/20/2016 13:54,13:54,12,0,0,I25 & AURARIA PARKWAY DIRECT CONNECT,1,1,0,0,1,4,,0,65,0,0,0,0,0,1,2,13
,2016_69979,39.74749,-105.018114,11/6/2016 1:27,1:27,15,0,0,MILE HIGH STADIUM CIRCLE & BRYANT STREET NORTH,1,3,0,0,1,1,,0,30,0,0,0,0,1,1,2,13
,2016_69980,39.751295,-105.016566,2/15/2016 18:35,18:35,1,0,0,WEST 23RD AVENUE & I25 SOUTHBOUND ON RAMP,1,3,0,0,1,1,,0,30,0,0,0,0,0,1,2,13
,2016_69981,39.754552,-105.013541,1/24/2016 5:50,5:50,5,0,0,I25 HIGHWAY SOUTHBOUND & SPEER BOULEVARD NORTH INTERCHANGE,1,3,1,0,3,14,,0,35,0,0,0,0,0,1,1,1
,2016_69982,39.755118,-105.012754,11/3/2016 19:53,19:53,12,0,0,I25 & SPEER BOULEVARD NORTH,1,3,0,0,1,4,,0,55,0,0,0,0,1,1,2,12
,2016_69984,39.776439,-104.98921,5/27/2016 14:49,14:49,12,0,0,I25 & 44TH AVENUE WEST,1,1,0,0,1,4,,0,55,0,0,0,0,0,1,2,13
,2016_69985,39.755118,-105.012754,6/13/2016 23:41,23:41,12,0,0,SPEER BOULEVARD NORTH & I25 HIGHWAY NORTHBOUND,2,3,1,1,1,4,,0,45,0,0,0,0,1,1,2,1
,2016_69987,39.760997,-105.004271,6/1/2016 8:35,8:35,12,0,0,I25 SOUTHBOUND & 20TH STREET,1,1,0,0,1,4,,0,55,0,0,0,0,1,1,2,13
,2016_69988,39.760997,-105.004271,8/28/2016 11:13,11:13,12,0,0,I25 NORTHBOUND & 20TH STREET,1,1,0,0,1,4,,0,55,0,0,0,0,0,1,2,7
,2016_69989,39.760997,-105.004271,12/16/2016 9:13,9:13,15,0,0,I25 & 20TH STREET,1,1,0,0,1,4,,0,55,0,0,0,0,0,1,2,14
,2016_69990,39.761677,-105.003406,2/24/2016 18:19,18:19,12,0,0,I25 & 32ND AVENUE WEST,1,4,0,0,1,4,,0,55,0,0,0,0,0,1,2,3
,2016_69991,39.766995,-104.997456,6/25/2016 17:50,17:50,12,0,0,I25 & MM 212.6,1,1,0,0,1,4,,0,55,0,0,0,1,0,1,2,7
,2016_69992,39.767414,-104.996384,12/23/2016 12:52,12:52,12,0,0,I25 & NORTHBOUND OFF RAMP TO PARK AVENUE,1,1,0,0,1,4,,0,0,0,0,0,0,1,1,2,13
,2016_69993,39.768049,-104.994761,6/28/2016 8:14,8:14,12,0,0,I25 HIGHWAY SOUTHBOUND & PARK AVENUE WEST,1,1,1,0,1,4,,0,55,0,0,0,0,0,1,4,13
,2016_69995,39.768049,-104.994761,8/19/2016 4:02,4:02,12,0,0,PARK AVENUE WEST / 38TH AVENUE WEST & I25 NORTHBOUND LOOP RAMP ON,1,3,0,0,1,1,,0,35,0,0,0,0,1,1,2,2
,2016_69996,39.768205,-104.994404,6/15/2016 8:50,8:50,12,0,0,I25 HIGHWAY NORTHBOUND & EXIT 214A OFF TO 170,1,1,0,0,1,4,,0,55,0,0,0,0,0,1,2,7
,2016_69997,39.769899,-104.991748,4/6/2016 16:47,16:47,12,0,0,I25 NORTHBOUND ON RAMP GORE POINT & FOX STREET / PARK AVENUE WEST,1,1,0,0,1,14,,0,55,0,0,0,0,0,1,2,1
,2016_69998,39.770718,-104.990945,3/11/2016 13:39,13:39,5,0,1,I25  & 39TH AVENUE,1,1,1,0,1,4,,0,55,0,0,0,1,2,1,1,13
,2016_69999,39.777622,-104.98919,3/6/2016 0:40,0:40,12,0,0,I25 & I70,1,3,0,0,1,4,,0,55,0,0,0,0,1,1,3,1
,2016_70000,39.779391,-104.989164,4/7/2016 7:50,7:50,12,0,0,I25 & I70,1,1,0,0,1,4,,0,55,0,0,0,0,1,1,3,14
,2016_70001,39.779391,-104.989164,9/22/2016 16:14,16:14,12,0,0,I25 SOUTHBOUND & I70,1,1,0,0,1,4,,0,55,0,0,0,0,0,1,2,13
,2016_70002,39.782847,-104.989147,7/10/2016 7:30,7:30,15,0,0,I25 SOUTHBOUND OFF RAMP TO I70 & I70 EB/WB RAMP SPLIT,1,1,0,0,1,14,,0,55,0,0,0,0,0,1,2,13
,2016_70003,39.783855,-104.989142,4/15/2016 15:11,15:11,12,0,0,I25 & 48TH AVENUE WEST,1,1,1,0,1,4,,0,55,0,0,0,0,0,1,3,13
,2016_70004,39.786878,-104.989125,8/23/2016 8:00,8:00,15,0,0,I25 SOUTHBOUND OFF RAMP TO & I70,1,1,0,0,1,14,,0,55,0,0,0,0,1,1,3,8
,2016_70034,39.71113,-105.016832,8/8/2016 13:46,13:46,15,0,0,ALAMEDA AVENUE WEST & ZUNI STREET SOUTH,1,1,0,0,1,3,,0,35,0,0,0,0,0,2,2,7
,2016_70039,39.711094,-105.029925,6/5/2016 22:17,22:17,1,0,0,IRVING STREET SOUTH & ALAMEDA AVENUE WEST,1,3,0,0,1,1,,0,30,0,0,0,0,0,2,2,7
,2016_70041,39.711094,-105.029925,10/6/2016 15:40,15:40,12,0,0,ALAMEDA AVENUE WEST & IRVING STREET SOUTH,1,1,0,0,1,3,,0,35,0,0,0,0,1,2,2,13
,2016_70042,39.711077,-105.025075,4/11/2016 7:20,7:20,12,0,0,ALAMEDA AVENUE WEST & FEDERAL BOULEVARD SOUTH,1,1,0,0,1,1,,0,35,0,0,0,0,0,2,2,13
,2016_70043,39.711141,-105.014408,9/1/2016 19:35,19:35,10,0,0,ALAMEDA AVENUE WEST & YUMA STREET SOUTH,1,3,0,0,1,1,,0,35,0,0,0,0,1,2,2,7
,2016_70044,39.711184,-105.000802,7/2/2016 11:02,11:02,3,0,1,ALAMEDA AVENUE WEST & PLATTE RIVER DRIVE SOUTH,1,1,0,0,1,1,,0,35,0,0,0,0,2,2,3,1
,2016_70045,39.711184,-105.00062,9/27/2016 13:51,13:51,12,0,0,ALAMEDA AVENUE WEST & PLATTE RIVER DRIVE SOUTH,1,1,0,0,1,1,,0,35,0,0,0,0,0,2,2,2
,2016_70046,39.711208,-104.998391,6/9/2016 17:56,17:56,15,0,0,ALAMEDA AVENUE WEST & KALAMATH STREET SOUTH,1,1,0,0,1,1,,0,35,0,0,0,0,0,2,2,7
,2016_70047,39.653084,-104.913191,2/9/2016 16:35,16:35,15,0,0,HAMPDEN AVENUE & MONACO STREET,1,1,0,0,1,4,,0,40,0,0,0,0,1,2,3,7
,2016_70048,39.653094,-104.90721,4/6/2016 15:00,15:00,12,0,0,HAMPDEN AVENUE & OLEANDER COURT SOUTH,1,1,0,0,1,1,,0,45,0,0,0,0,1,2,3,13
,2016_70049,39.653113,-104.903896,1/19/2016 11:40,11:40,1,0,0,HAMPDEN AVENUE EAST & 7280 EAST HAMPDEN AVENUE,1,1,0,0,1,2,,0,40,0,0,0,0,0,2,3,13
,2016_70050,39.653077,-104.898619,11/15/2016 18:30,18:30,12,0,0,HAMPDEN AVENUE EAST & TAMARAC DRIVE SOUTH,1,1,0,0,1,3,,0,35,0,0,0,0,0,2,2,13
,2016_70051,39.653082,-104.887715,12/5/2016 8:20,8:20,12,0,0,HAMPDEN AVENUE EAST & WILLOW STREET SOUTH,1,1,0,0,1,1,,0,10,0,0,0,0,0,2,3,13
,2016_70052,39.65302,-104.87557,3/26/2016 0:21,0:21,1,0,0,HAMPDEN AVENUE EAST & DAYTON STREET,4,3,1,2,1,1,,0,25,0,0,0,0,0,2,2,14
,2016_70053,39.653042,-104.87213,12/10/2016 14:10,14:10,12,0,0,HAMPDEN AVENUE & FLORENCE STREET SOUTH,1,1,0,0,1,4,,0,65,0,0,0,0,0,2,2,13
,2016_70054,39.656988,-104.866396,3/1/2016 16:11,16:11,15,0,0,HAVANA STREET SOUTH 3400 BLOCK & GIRARD AVENUE EAST,1,1,0,0,1,4,,0,40,0,0,0,0,0,2,2,3
,2016_70055,39.66645,-104.866162,9/8/2016 7:40,7:40,1,0,0,HAVANA STREET SOUTH & YALE AVENUE EAST,1,1,0,0,1,1,,0,35,0,0,0,0,0,2,2,13
,2016_70075,39.792709,-104.903331,3/12/2016 19:55,19:55,15,0,0,QUEBEC STREET NORTH & 52ND PLACE EAST,1,3,0,0,1,4,,0,40,0,0,0,0,0,2,2,14
,2016_70083,39.757155,-105.0099,11/4/2016 12:23,12:23,5,0,0,I25 NORTHBOUND  & 15TH STREET,1,1,1,0,2,4,,0,55,0,0,0,0,1,1,1,13
,2016_70085,39.781828,-104.90174,10/18/2016 12:50,12:50,12,0,0,QUEBEC STREET NORTH & SANDCREEK DRIVE,1,1,0,0,1,3,,0,35,0,0,0,0,0,2,2,13
,2016_70086,39.783593,-104.900128,1/8/2016 13:21,13:21,10,0,0,QUEBEC STREET NORTH & I270 WB RAMP,2,1,1,2,1,1,,0,40,0,0,0,0,0,2,2,14
,2016_70087,39.783593,-104.900128,9/23/2016 11:35,11:35,1,0,0,QUEBEC STREET & I270 WB ON RAMP,1,1,1,0,1,1,,0,40,0,0,0,0,0,2,2,2
,2016_70088,39.790286,-104.903316,1/7/2016 11:00,11:00,12,0,1,QUEBEC STREET & 5100 BLOCK APPROXIMATELY,2,1,0,2,1,4,,0,40,0,0,0,0,2,2,2,1
,2016_70135,39.740342,-105.032345,3/13/2016 20:50,20:50,12,0,0,KNOX COURT NORTH & COLFAX AVENUE WEST,1,3,0,0,1,1,,0,,0,0,0,0,0,2,2,13
,2016_70136,39.740344,-105.029902,11/17/2016 9:40,9:40,14,0,0,COLFAX AVENUE WEST & IRVING STREET NORTH,1,1,0,0,1,1,,0,35,0,0,0,0,1,2,2,14
,2016_70139,39.740378,-105.017114,2/23/2016 6:28,6:28,12,0,0,COLFAX AVENUE WEST & I25 SOUTHBOUND ON RAMP GORE POINT,5,1,0,2,1,4,,0,35,0,0,0,0,0,2,2,14
,2016_70140,39.74028,-105.01238,11/25/2016 21:45,21:45,12,0,0,COLFAX AVENUE WEST & I25 NORTHBOUND OFF RAMP,1,4,0,0,1,3,,0,35,0,0,0,0,0,2,3,3
,2016_70141,39.740167,-105.007474,8/29/2016 10:25,10:25,12,0,0,HIGHWAY 40C / COLFAX AVENUE EAST & 1500 BLOCK WEST,1,1,0,0,1,4,,0,40,0,0,0,0,1,2,4,3
,2016_70142,39.740028,-105.002766,6/23/2016 15:09,15:09,12,0,0,COLFAX AVENUE & 1200 BLOCK WEST,1,1,1,0,1,4,,0,30,0,0,0,0,1,2,3,13
,2016_70143,39.740038,-105.001446,4/4/2016 20:09,20:09,15,0,0,COLFAX AVENUE WEST & LIPAN STREET NORTH,1,1,0,0,1,1,,0,35,0,0,0,0,0,2,2,13
,2016_70144,39.740048,-104.999933,10/14/2016 11:19,11:19,1,0,0,KALAMATH STREET NORTH & COLFAX AVENUE WEST,1,1,1,0,1,1,,0,30,0,0,0,0,0,2,2,13
,2016_70145,39.740043,-104.998894,5/19/2016 14:41,14:41,12,0,0,COLFAX AVENUE WEST & 900 BLOCK,1,1,1,0,1,4,,0,30,0,0,0,0,1,2,3,13