id,drcog_id,latitude,longitude,crashtime,time,crashtype,numbkilled,numbinjurd,drcoglocat,rdconditin,lightngcon,roadcntgrd,weatherco,location,roaddescrp,schoolzone,constrzone,splimit,bikeinv,pedinv,sctrinv,motoinv,svrty,rdsystem,ttlvehcls,hcf
,2016_70146,39.74003,-104.996398,6/16/2016 22:23,22:23,1,0,0,COLFAX AVENUE WEST & GLENARM PLACE,1,3,0,0,1,1,,0,30,0,0,0,0,1,2,2,13
,2016_70147,39.740007,-104.991824,5/24/2016 7:58,7:58,1,0,0,COLFAX AVENUE WEST & CHEROKEE STREET NORTH,1,1,0,0,1,1,,0,30,0,0,0,0,0,2,2,7
,2016_70148,39.740301,-104.98832,5/14/2016 10:40,10:40,12,0,0,COLFAX AVENUE WEST & 15TH STREET,1,1,0,0,1,1,,0,30,0,0,0,0,0,2,2,13
,2016_70149,39.740005,-104.987167,2/16/2016 15:02,15:02,12,0,0,COLFAX AVENUE WEST & BROADWAY NORTH,1,1,0,0,1,1,,0,35,0,0,0,0,0,2,2,14
,2016_70150,39.740005,-104.987167,10/10/2016 18:15,18:15,12,0,0,COLFAX AVENUE EAST & BROADWAY STREET NORTH,1,3,0,0,1,1,,0,25,0,0,0,0,0,2,2,13
,2016_70151,39.740006,-104.987006,12/17/2016 22:34,22:34,15,0,0,COLFAX AVENUE & BROADWAY NORTH,4,3,0,0,1,3,,0,,0,0,0,0,0,2,2,13
,2016_70152,39.740028,-104.982228,5/12/2016 8:15,8:15,10,0,0,COLFAX AVENUE EAST & LOGAN STREET NORTH,1,1,0,0,1,1,,0,30,0,0,0,0,0,2,2,13
,2016_70154,39.740005,-104.974737,3/20/2016 18:58,18:58,12,0,0,COLFAX AVENUE & OGDEN STREET NORTH,1,2,0,0,1,3,,0,30,0,0,0,0,1,2,3,14
,2016_70155,39.740013,-104.969683,3/5/2016 9:51,9:51,3,0,0,COLFAX AVENUE EAST & HUMBOLDT STREET NORTH,1,1,0,0,1,1,,0,35,0,0,0,0,0,2,2,3
,2016_70156,39.740009,-104.968553,8/20/2016 10:20,10:20,10,0,0,COLFAX AVENUE EAST & FRANKLIN STREET NORTH,1,1,0,0,1,1,,0,30,0,0,0,0,0,2,2,8
,2016_70157,39.739992,-104.964783,7/18/2016 9:27,9:27,12,0,0,COLFAX AVENUE & HIGH STREET NORTH,1,1,0,0,1,4,,0,30,0,0,0,0,0,2,2,13
,2016_70158,39.739983,-104.959859,10/8/2016 8:19,8:19,10,0,0,YORK STREET NORTH & COLFAX AVENUE EAST,1,2,0,0,1,1,,0,35,0,0,0,0,0,2,2,8
,2016_70159,39.740185,-104.957457,9/22/2016 11:18,11:18,12,0,0,COLFAX AVENUE EAST & COLUMBINE STREET NORTH,1,1,0,0,1,1,,0,35,0,0,0,0,0,2,2,3
,2016_70160,39.740176,-104.954823,2/2/2016 9:10,9:10,3,0,0,COLFAX AVENUE EAST & DETROIT STREET NORTH,10,1,0,2,1,1,,0,30,0,0,0,0,0,2,2,7
,2016_70161,39.740062,-104.940759,6/8/2016 14:38,14:38,12,0,0,COLFAX AVENUE EAST & COLORADO BOULEVARD NORTH,1,1,0,0,1,4,,0,35,0,0,0,0,0,2,3,3
,2016_70162,39.74006,-104.938303,4/9/2016 4:20,4:20,6,0,1,ASH STREET NORTH & COLFAX AVENUE EAST,1,3,0,0,1,3,,0,25,0,0,0,0,2,2,3,5
,2016_70163,39.740081,-104.916125,3/24/2016 7:25,7:25,1,0,1,COLFAX AVENUE EAST & KRAMERIA STREET NORTH,5,1,0,0,1,1,,0,35,0,0,0,0,2,2,2,7
,2016_70164,39.740082,-104.912743,11/24/2016 21:34,21:34,3,0,1,COLFAX AVENUE EAST & MONACO PARKWAY NORTH,1,3,0,0,1,1,,0,35,0,0,0,0,2,2,2,5
,2016_70176,39.760997,-105.004271,4/7/2016 1:52,1:52,5,0,0,20TH STREET & I25,1,3,0,0,2,4,,0,25,0,0,0,0,0,1,1,5
,2016_70226,39.784072,-105.027526,12/19/2016 9:46,9:46,5,0,0,I70 NORTHBOUND OFF RAMP & FEDERAL BOULEVARD,2,1,1,0,2,14,,0,45,0,0,0,0,0,1,2,13
,2016_70227,39.784195,-105.025519,3/18/2016 9:15,9:15,15,0,0,I70 & FEDERAL BOULEVARD NORTH,4,1,1,2,1,4,,0,55,0,0,0,0,0,1,2,13
,2016_70228,39.784195,-105.025519,11/29/2016 7:43,7:43,12,0,0,I70 & FEDERAL BOULEVARD,1,1,1,0,1,4,,0,55,0,0,0,0,0,1,2,7
,2016_70229,39.783472,-105.010967,10/17/2016 7:35,7:35,12,0,0,I70 & PECOS STREET,1,1,0,0,1,4,,0,55,0,0,0,0,1,1,3,13
,2016_70230,39.783149,-105.006371,6/17/2016 9:20,9:20,12,0,0,I70 & NORTH PECOS STREET,1,1,1,0,1,4,,0,55,0,0,0,0,0,1,2,7
,2016_70231,39.783149,-105.006371,12/29/2016 16:40,16:40,3,0,0,PECOS STREET & I70 WB OFF RAMP,1,1,0,0,1,6,,0,15,0,0,0,0,0,1,2,13
,2016_70232,39.780058,-104.9894,3/8/2016 6:26,6:26,12,0,0,I70 & I25 SOUTHBOUND,1,1,0,0,1,4,,0,55,0,0,0,0,1,1,2,14
,2016_70233,39.780058,-104.9894,12/2/2016 7:40,7:40,12,0,0,I70 & I25,1,1,0,0,1,4,,0,55,0,0,0,0,0,1,2,13
,2016_70234,39.779441,-104.979019,9/17/2016 10:10,10:10,3,0,0,WASHINGTON STREET & I70 EASTBOUND RAMPS,1,1,0,0,1,1,,0,30,0,0,0,0,1,1,2,13
,2016_70235,39.779942,-104.966087,7/23/2016 14:50,14:50,12,0,0,I70 EASTBOUND ON SLIP RAMP & BRIGHTON BOULEVARD,1,1,0,0,1,14,,0,30,0,0,0,0,0,1,2,1
,2016_70236,39.779942,-104.966087,11/22/2016 8:05,8:05,12,0,0,I70 WB RAMP & BRIGHTON BOULEVARD,2,1,1,1,1,14,,0,30,0,0,0,0,0,1,2,13
,2016_70237,39.780012,-104.959789,5/27/2016 5:00,5:00,15,0,0,I70 EASTBOUND & YORK STREET NORTH,2,3,0,1,1,4,,0,55,0,0,0,0,0,1,2,13
,2016_70238,39.780012,-104.959789,1/9/2016 18:14,18:14,5,0,0,I70 EASTBOUND OFF RAMP & YORK STREET NORTH,1,1,1,0,3,14,,0,50,0,0,0,0,0,1,1,13
,2016_70239,39.780015,-104.956294,4/2/2016 5:23,5:23,12,0,0,I70 & BRIGHTON BOULEVARD NORTH,1,3,1,0,1,4,,0,55,0,0,0,0,0,1,2,1
,2016_70240,39.773999,-104.846793,3/25/2016 4:47,4:47,15,0,0,I70 & PEORIA STREET NORTH,5,3,0,0,1,4,,0,55,0,0,0,0,0,1,2,14
,2016_70241,39.780016,-104.953383,8/2/2016 13:44,13:44,12,0,0,I70 & VASQUEZ BOULEVARD,1,1,0,0,1,4,,0,55,0,0,0,0,0,1,3,7
,2016_70242,39.780016,-104.953188,3/29/2016 0:20,0:20,8,0,2,I70 WB LANES & VASQUEZ BOULEVARD,1,3,0,0,1,4,,0,,0,0,0,0,2,1,2,5
,2016_70243,39.779972,-104.945389,1/24/2016 1:54,1:54,15,0,1,I70 & COLORADO BOULEVARD NORTH,1,3,1,0,1,4,,0,55,0,0,0,0,2,1,2,13
,2016_70244,39.779944,-104.940603,5/31/2016 13:06,13:06,12,0,0,I70 WB & COLORADO BOULEVARD NORTH,1,1,0,0,1,4,,0,55,0,0,0,0,0,1,2,13
,2016_70245,39.780032,-104.931784,8/17/2016 14:21,14:21,12,0,0,I70 & DAHLIA STREET NORTH,1,1,0,0,1,4,,0,55,0,0,0,0,1,1,2,13
,2016_70246,39.778294,-104.905459,10/13/2016 18:16,18:16,12,0,0,I70 EASTBOUND & QUEBEC STREET,1,2,0,0,1,4,,0,65,0,0,0,0,0,1,2,13
,2016_70247,39.778295,-104.903454,11/29/2016 15:55,15:55,12,0,0,I70 & QUEBEC STREET NORTH,1,1,0,0,1,4,,0,65,0,0,0,0,0,1,2,13
,2016_70248,39.777932,-104.892089,10/16/2016 14:47,14:47,12,0,1,I70 & CENTRAL PARK BOULEVARD NORTH,1,1,0,0,1,4,,0,55,0,0,0,0,2,1,2,3
,2016_70249,39.776654,-104.877671,10/26/2016 7:17,7:17,12,0,0,I70 & I270 DIRECT CONNECT OFF GORE POINT,1,1,0,0,1,4,,0,45,0,0,0,0,1,1,2,13
,2016_70250,39.776478,-104.875632,1/6/2016 19:45,19:45,12,0,0,I70 & MM 280,1,3,0,0,1,4,,0,65,0,0,0,0,0,1,2,2
,2016_70251,39.776367,-104.874338,1/10/2016 19:55,19:55,12,0,0,I70 & HAVANA STREET NORTH,1,3,0,0,1,4,,0,55,0,0,0,0,0,1,2,13
,2016_70252,39.775573,-104.865095,9/21/2016 6:15,6:15,12,0,0,I70 & HAVANA STREET NORTH,1,2,1,0,1,4,,1,55,0,0,0,0,0,1,2,13
,2016_70253,39.775478,-104.863985,10/11/2016 11:15,11:15,12,0,0,I70 & HAVANA STREET NORTH,1,1,0,0,1,4,,0,65,0,0,0,0,0,1,3,13
,2016_70255,39.773999,-104.846793,4/2/2016 12:58,12:58,12,0,0,I70 & PEORIA STREET NORTH,1,1,0,0,1,4,,0,55,0,0,0,0,0,1,2,13
,2016_70256,39.773999,-104.846793,5/25/2016 16:10,16:10,12,0,0,PEORIA STREET NORTH & I70 WB,1,1,0,0,1,3,,0,40,0,0,0,0,1,1,35,13
,2016_70257,39.773999,-104.846793,9/14/2016 8:47,8:47,15,0,0,PEORIA STREET NORTH & I70 WB RAMP ON,1,1,0,0,1,1,,0,35,0,0,0,0,0,1,2,13
,2016_70258,39.773999,-104.846793,2/21/2016 5:00,5:00,12,0,0,PEORIA STREET NORTH & I70,1,3,0,0,1,1,,0,40,0,0,0,0,0,1,2,5
,2016_70259,39.773952,-104.846239,5/24/2016 14:14,14:14,5,0,0,I70 WB OFF RAMP SPLIT & PEORIA STREET NORTH,1,1,0,0,3,14,,0,35,0,0,0,0,0,1,1,7
,2016_70260,39.773904,-104.845684,3/7/2016 12:11,12:11,12,0,0,I70 EASTBOUND ON RAMP & PEORIA STREET NORTH,2,1,1,1,1,14,,0,40,0,0,0,0,0,1,2,14
,2016_70261,39.773601,-104.842172,8/3/2016 17:25,17:25,12,0,0,I70 & PEORIA STREET,1,1,0,0,1,4,,0,55,0,0,0,0,0,1,2,13
,2016_70262,39.773299,-104.838659,5/11/2016 9:15,9:15,15,0,0,I70 EASTBOUND  & I225 EASTBOUND OFF DIRECT CONNECT GORE POINT,1,1,0,0,1,4,,0,55,0,0,0,0,0,1,2,1
,2016_70263,39.773219,-104.837735,3/16/2016 7:49,7:49,12,0,0,I70 WB & TROY STREET OFFSET REF NOT IN TCORIS,1,1,1,0,1,4,,0,55,0,0,0,0,1,1,2,3
,2016_70264,39.77255,-104.829971,3/19/2016 5:29,5:29,5,0,0,I70  & I225 WB FLYOVER RAMP,5,3,1,2,3,14,,0,,0,0,0,0,0,1,1,13
,2016_70329,39.698614,-104.903606,3/25/2016 18:52,18:52,15,0,0,LEETSDALE DRIVE & QUEBEC STREET SOUTH,1,1,1,0,1,4,,0,35,0,0,0,0,0,2,2,3
,2016_70330,39.700012,-104.907489,4/6/2016 20:28,20:28,12,0,0,LEETSDALE DRIVE 6900 BLOCK & ONEIDA STREET SOUTH,1,3,0,0,1,4,,0,40,0,0,0,0,1,2,3,3
,2016_70331,39.70278,-104.91261,7/23/2016 9:39,9:39,3,0,0,LEETSDALE DRIVE EAST & MONACO PARKWAY,1,1,0,0,1,3,,0,30,0,0,0,0,1,2,2,1
,2016_70332,39.70377,-104.914437,7/20/2016 18:34,18:34,12,0,0,LEETSDALE DRIVE 6300 BLOCK & EXPOSITION AVENUE EAST,1,1,0,0,1,3,,0,35,0,0,0,0,1,2,2,3
,2016_70333,39.705703,-104.91816,9/9/2016 8:46,8:46,12,0,0,LEETSDALE DRIVE & HOLLY STREET SOUTH,1,1,0,0,1,4,,0,35,0,0,0,0,0,2,4,12
,2016_70334,39.706646,-104.919982,4/21/2016 9:29,9:29,15,0,0,LEETSDALE DRIVE & JERSEY STREET SOUTH,1,1,0,0,1,2,,0,35,0,0,0,0,0,2,2,14
,2016_70335,39.707328,-104.922192,1/12/2016 6:12,6:12,3,0,0,LEETSDALE DRIVE & HOLLY STREET SOUTH,1,3,0,0,1,1,,0,35,0,0,0,0,0,2,2,13
,2016_70337,39.711379,-104.936533,2/16/2016 12:03,12:03,3,0,0,LEETSDALE DRIVE & ALAMEDA AVENUE EAST,1,1,0,0,1,2,,0,35,0,0,0,0,0,2,2,10
,2016_70338,39.714999,-104.940582,10/12/2016 18:10,18:10,15,0,0,LEETSDALE DRIVE & SOUTH COLORADO BOULEVARD,1,3,1,0,1,4,,0,30,0,0,0,0,0,2,2,13
,2016_70357,39.669017,-104.9956,7/11/2016 17:50,17:50,12,0,0,SANTA FE DRIVE SOUTH & 2600 BLOCK,1,1,0,0,1,4,,0,45,0,0,0,0,0,2,2,1
,2016_70358,39.689481,-104.99207,6/10/2016 22:55,22:55,12,0,0,SANTA FE DRIVE SOUTH & FLORIDA AVENUE WEST,1,3,0,0,1,3,,0,45,0,0,0,0,0,2,3,13
,2016_70359,39.689481,-104.99207,9/12/2016 10:14,10:14,12,0,0,FLORIDA AVENUE WEST & SANTA FE DRIVE SOUTH,1,1,1,0,1,3,,0,30,0,0,0,0,0,2,2,3
,2016_70361,39.696596,-104.991902,1/20/2016 18:20,18:20,1,0,0,MISSISSIPPIN AVENUE WEST & SANTA FE DRIVE SOUTH,1,3,0,0,1,1,,0,30,0,0,0,0,0,2,2,13
,2016_70363,39.696679,-104.991877,4/2/2016 14:51,14:51,12,0,1,MISSISSIPPI AVENUE & SANTA FE DRIVE SOUTH,1,1,0,0,1,3,,0,30,0,0,0,0,2,2,2,13
,2016_70364,39.706901,-104.996487,3/31/2016 8:11,8:11,12,0,0,SANTA FE DRIVE SOUTH & I25 NORTHBOUND ON RAMP,1,1,1,0,1,14,,0,55,0,0,0,0,0,2,2,1
,2016_70373,39.706036,-105.025086,4/11/2016 17:15,17:15,12,0,0,FEDERAL BOULEVARD SOUTH & VIRGINIA AVENUE WEST,1,1,0,0,1,1,,0,30,0,0,0,0,0,2,2,13
,2016_70376,39.68492,-104.959509,2/2/2016 12:49,12:49,5,0,0,I25 & UNIVERSITY BOULEVARD SOUTH,5,1,0,2,2,4,,0,55,0,0,0,0,1,1,1,13
,2016_70380,39.737983,-105.025273,7/6/2016 12:54,12:54,12,0,0,FEDERAL BOULEVARD NORTH & HOWARD PLACE WEST,1,1,0,0,1,3,,0,35,0,0,0,0,0,2,3,13
,2016_70381,39.737983,-105.025273,9/18/2016 18:09,18:09,12,0,0,HOWARD PLACE WEST & FEDERAL BOULEVARD NORTH,1,2,0,0,1,1,,0,35,0,0,0,0,0,2,2,14
,2016_70382,39.732914,-105.025176,10/31/2016 15:19,15:19,3,0,0,10TH AVENUE WEST & FEDERAL BOULEVARD NORTH,1,1,0,0,1,1,,0,35,0,0,0,0,0,2,2,5
,2016_70383,39.731188,-105.025182,4/21/2016 7:20,7:20,12,0,0,FEDERAL BOULEVARD & NINTH AVENUE WEST,1,1,0,0,1,3,,0,35,0,0,0,0,0,2,2,13
,2016_70384,39.729284,-105.025154,8/4/2016 22:37,22:37,1,0,0,FEDERAL BOULEVARD NORTH & EIGHTH AVENUE WEST,1,3,0,0,1,3,,0,35,0,0,0,0,0,2,2,13
,2016_70385,39.724756,-105.025125,7/13/2016 15:56,15:56,12,0,0,FEDERAL BOULEVARD NORTH & SIXTH AVENUE WEST INTERCHANGE,1,1,0,0,1,3,,0,35,0,0,0,0,0,2,2,7
,2016_70386,39.72327,-105.02517,10/21/2016 16:59,16:59,12,0,0,SIXTH AVENUE WEST & FEDERAL BOULEVARD NORTH,1,1,0,0,1,4,,0,55,0,0,0,0,0,2,2,1
,2016_70387,39.71498,-105.025139,10/30/2016 1:00,1:00,12,0,0,FEDERAL BOULEVARD SOUTH & BAYAUD AVENUE WEST,1,4,0,0,1,3,,0,25,0,0,0,0,0,2,2,7
,2016_70388,39.714831,-105.02514,9/16/2016 19:25,19:25,3,0,0,FEDERAL BOULEVARD SOUTH & BAYAUD AVENUE WEST,1,2,0,0,1,1,,0,25,0,0,0,0,0,2,2,13
,2016_70389,39.709356,-105.025079,9/19/2016 18:55,18:55,3,0,0,FEDERAL BOULEVARD SOUTH & DAKOTA AVENUE WEST ROAD WEST,1,1,0,0,1,3,,0,25,0,0,0,0,0,2,2,7
,2016_70390,39.709212,-105.025079,10/26/2016 13:56,13:56,12,0,0,FEDERAL BOULEVARD SOUTH & DAKOTA AVENUE WEST,1,1,0,0,1,3,,0,35,0,0,0,0,1,2,2,2
,2016_70391,39.705748,-105.025086,12/14/2016 8:58,8:58,10,0,0,FEDERAL BOULEVARD 500 BLOCK SOUTH & CENTER AVENUE WEST,1,1,0,0,1,1,,0,35,0,0,0,0,0,2,2,13
,2016_70392,39.705603,-105.025086,3/14/2016 12:36,12:36,15,0,0,FEDERAL BOULEVARD SOUTH & CENTER AVENUE WEST,1,1,0,0,1,3,,0,30,0,0,0,0,0,2,2,13
,2016_70393,39.694802,-105.025063,5/9/2016 16:31,16:31,3,0,0,FEDERAL BOULEVARD SOUTH & ARIZONA AVENUE WEST,1,1,0,0,1,1,,0,35,0,0,0,0,0,2,2,7
,2016_70394,39.694802,-105.025063,8/24/2016 7:25,7:25,1,0,0,FEDERAL BOULEVARD SOUTH & ARIZONA AVENUE WEST,1,1,0,0,1,1,,0,35,0,0,0,0,1,2,2,7
,2016_70395,39.69331,-105.025195,8/16/2016 21:20,21:20,1,0,1,FEDERAL BOULEVARD SOUTH & LOUISIANA AVENUE WEST APPROXIMATELY,1,3,0,0,1,2,,0,35,0,0,0,0,2,2,2,8
,2016_70396,39.692885,-105.025056,12/24/2016 19:10,19:10,15,0,0,FEDERAL BOULEVARD SOUTH & LOUISIANA AVENUE WEST,1,4,0,0,1,4,,0,40,0,0,0,0,0,2,2,14
,2016_70397,39.6892,-105.025042,11/24/2016 12:31,12:31,12,0,0,FEDERAL BOULEVARD 1500 BLOCK SOUTH & FLORIDA AVENUE WEST,1,1,1,0,1,3,,0,40,0,0,0,0,0,2,2,13
,2016_70398,39.682275,-105.025016,12/19/2016 9:02,9:02,12,0,0,FEDERAL BOULEVARD SOUTH & JEWELL AVENUE WEST,4,1,0,0,1,1,,0,35,0,0,0,0,0,2,2,1
,2016_70399,39.67863,-105.025035,9/15/2016 6:55,6:55,3,0,0,FEDERAL BOULEVARD SOUTH & EVANS AVENUE WEST,1,1,1,0,1,1,,0,40,0,0,0,0,0,2,2,3
,2016_70400,39.6712,-105.025075,4/16/2016 2:30,2:30,3,0,0,FEDERAL BOULEVARD SOUTH & VASSAR AVENUE WEST,2,3,0,2,1,1,,0,40,0,0,0,0,1,2,2,13
,2016_70401,39.667744,-105.025111,7/8/2016 23:40,23:40,3,0,0,FEDERAL BOULEVARD SOUTH & YALE AVENUE WEST,1,3,0,0,1,1,,0,40,0,0,0,0,0,2,3,5
,2016_70424,39.65363,-105.053095,12/29/2016 17:45,17:45,15,0,0,SHERIDAN BOULEVARD SOUTH & HAMPDEN AVENUE WB ON RAMP,1,3,0,0,1,1,,0,35,0,0,0,0,0,2,2,2
,2016_70425,39.656087,-105.053224,2/20/2016 19:37,19:37,8,0,0,SHERIDAN BOULEVARD SOUTH & DARTMOUTH AVENUE WEST,1,3,0,0,1,1,,0,40,0,0,0,0,0,2,2,13
,2016_70426,39.656087,-105.053224,11/7/2016 5:35,5:35,1,0,0,SHERIDAN BOULEVARD SOUTH & DARTMOUTH AVENUE WEST,1,1,0,0,1,1,,0,10,0,0,0,0,0,2,2,7
,2016_70427,39.657696,-105.053228,10/11/2016 14:52,14:52,15,0,0,SHERIDAN BOULEVARD SOUTH & COLUMBIA PLACE WEST,1,1,0,0,1,3,,0,45,0,0,0,0,0,2,2,7
,2016_70429,39.666034,-105.053251,11/13/2016 14:34,14:34,14,0,0,SHERIDAN BOULEVARD SOUTH & AMHERST AVENUE WEST,1,1,1,0,6,1,,0,45,0,0,0,0,1,2,3,4
,2016_70430,39.675658,-105.053264,4/3/2016 18:00,18:00,12,0,0,SHERIDAN BOULEVARD SOUTH & WARREN AVENUE WEST,1,1,0,0,1,1,,0,40,0,0,0,0,0,2,2,12
,2016_70431,39.676945,-105.053266,5/26/2016 12:50,12:50,5,0,0,SHERIDAN BOULEVARD SOUTH & HARVEY PLACE WEST,1,1,0,0,2,2,,0,10,0,0,0,0,0,2,1,13
,2016_70432,39.772962,-105.02523,11/22/2016 6:50,6:50,5,0,0,FEDERAL BOULEVARD NORTH & 41ST AVENUE WEST,2,3,0,1,2,1,,0,25,0,0,0,0,0,2,1,13
,2016_70434,39.695178,-105.053229,6/21/2016 15:50,15:50,1,0,0,SHERIDAN BOULEVARD SOUTH & ARIZONA AVENUE WEST,1,1,1,0,1,1,,0,35,0,0,0,0,0,2,2,13
,2016_70437,39.729624,-105.053227,5/31/2016 17:46,17:46,12,0,0,SHERIDAN BOULEVARD & 800 BLOCK NORTH,1,1,1,0,1,4,,0,35,0,0,0,0,0,2,3,13
,2016_70438,39.738462,-105.053213,2/13/2016 14:40,14:40,1,0,0,WEST 14TH AVENUE & NORTH SHERIDAN BOULEVARD,1,1,0,0,1,1,,0,35,0,0,0,0,0,2,2,7
,2016_70444,39.784528,-105.053271,1/25/2016 18:52,18:52,15,0,0,SHERIDAN BOULEVARD NORTH & I70 WB OFF SLIP RAMP,2,3,1,2,1,1,,0,35,0,0,0,0,0,2,2,13
,2016_70477,39.617439,-105.091118,1/25/2016 12:20,12:20,12,0,0,WADSWORTH BOULEVARD SOUTH & CRESTLINE AVENUE WEST,1,1,0,0,1,3,,0,45,0,0,0,0,0,2,2,13
,2016_70478,39.618006,-105.091112,12/5/2016 17:15,17:15,1,0,0,WADSWORTH BOULEVARD & CRESTLINE AVENUE,1,1,0,0,1,1,,0,40,0,0,0,0,1,2,2,8
,2016_70558,39.633279,-104.903931,7/2/2016 3:10,3:10,5,0,1,"I225 SOUTHBOUND OFF RAMP IN TUNNEL & I25 ""INTERCHANGE"" APPROXIMATELY",2,3,0,1,1,14,,0,55,0,0,0,0,2,1,1,13
,2016_70559,39.634114,-104.902134,9/13/2016 14:25,14:25,15,0,0,I225 OFF RAMPTO & I25,1,1,1,0,1,14,,0,55,0,0,0,0,0,1,2,13
,2016_70560,39.635522,-104.893462,1/22/2016 17:10,17:10,1,0,0,TAMARAC STREET SOUTH & I225,1,2,0,0,1,1,,0,35,0,0,0,0,0,1,2,3
,2016_70561,39.635522,-104.893462,11/16/2016 17:03,17:03,1,0,0,I225 NORTHBOUND ON RAMP & TAMARAC STREET,1,3,0,0,1,1,,0,35,0,0,0,0,1,1,2,13
,2016_70562,39.635597,-104.893179,11/3/2016 16:40,16:40,12,0,0,I225 & TAMARAC DRIVE,1,1,0,0,1,4,,0,55,0,0,0,0,0,1,2,13
,2016_70563,39.638981,-104.885702,11/27/2016 16:12,16:12,12,0,1,I225 & YOSEMITE STREET,1,2,0,0,1,4,,0,55,0,0,0,0,2,1,2,4
,2016_70564,39.639223,-104.885207,1/4/2016 14:22,14:22,12,0,0,I225 & SOUTH YOSEMITE STREET,1,1,0,0,1,4,,0,55,0,0,0,0,0,1,2,13
,2016_70565,39.639223,-104.885207,6/25/2016 13:51,13:51,12,0,0,I225 & SOUTH YOSEMITE STREET,1,1,0,0,1,4,,0,55,0,0,0,0,0,1,2,13
,2016_70566,39.639223,-104.885207,6/3/2016 16:30,16:30,12,0,0,I225 NORTHBOUND & YOSEMITE STREET SOUTH,1,3,1,0,1,14,,0,45,0,0,0,0,0,1,2,13
,2016_70567,39.640031,-104.883557,1/4/2016 18:10,18:10,12,0,0,I225 & YOSEMITE STREET SOUTH,1,3,0,0,1,4,,0,65,0,0,0,0,0,1,3,7
,2016_70593,39.776969,-104.885425,3/23/2016 8:20,8:20,5,0,0,I270 EASTBOUND DIRECT CONNECT & CENTRAL PARK BOULEVARD,4,1,1,2,3,4,,0,55,0,0,0,0,0,1,3,13
,2016_70598,39.653158,-105.052596,10/26/2016 20:20,20:20,15,0,0,HAMPDEN AVENUE WEST & SHERIDAN BOULEVARD SOUTH,1,3,0,0,1,4,,0,55,0,0,0,0,0,2,2,1
,2016_70599,39.653179,-105.051522,12/17/2016 19:40,19:40,15,0,0,HAMPDEN AVENUE & SHERIDAN BOULEVARD SOUTH,11,3,0,0,1,4,,0,45,0,0,0,0,0,2,2,3
,2016_70600,39.653212,-105.049733,11/7/2016 7:20,7:20,12,0,0,HAMPDEN AVENUE WEST & SHERIDAN BOULEVARD SOUTH,1,2,0,0,1,4,,0,55,0,0,0,0,0,2,2,7
,2016_70620,39.65298,-104.931503,1/23/2016 18:22,18:22,12,0,0,HAMPDEN AVENUE EAST & HAPPY CANYON ROAD EAST ROAD SOUTH,1,3,0,0,1,1,,0,35,0,0,0,0,0,2,2,13
,2016_70621,39.652979,-104.920184,9/17/2016 11:46,11:46,12,0,0,HAMPDEN AVENUE EAST & IVY WAY SOUTH,1,1,1,0,1,3,,0,35,0,0,0,0,1,2,4,13
,2016_70622,39.743865,-105.02522,11/30/2016 17:22,17:22,3,0,0,FEDERAL BOULEVARD & DICK CONNOR AVE/17TH AVENUE,1,2,1,0,1,1,,0,35,0,0,0,0,0,2,2,13
,2016_70624,39.747358,-105.025224,6/27/2016 19:10,19:10,12,0,0,FEDERAL BOULEVARD NORTH & 20TH AVENUE WEST,1,1,0,0,1,4,,0,35,0,0,0,0,0,2,2,13
,2016_70625,39.75512,-105.025132,6/24/2016 14:20,14:20,3,0,0,FEDERAL BOULEVARD NORTH  & 26TH AVENUE WEST,1,1,0,0,1,2,,0,35,0,0,0,0,1,2,2,3
,2016_70626,39.755689,-105.025134,1/24/2016 18:26,18:26,12,0,1,FEDERAL BOULEVARD & 27TH AVENUE WEST,1,3,1,0,1,4,,0,35,0,0,0,0,2,2,3,14
,2016_70627,39.789698,-105.025195,5/8/2016 17:25,17:25,12,0,0,FEDERAL BOULEVARD & 5100 BLOCK NORTH,1,1,0,0,1,4,,0,35,0,0,0,0,0,2,2,12
,2016_70628,39.75683,-105.025137,10/5/2016 16:50,16:50,12,0,0,HIGHWAY 287C / FEDERAL BOULEVARD & 2700 BLOCK NORTH,1,1,1,0,1,4,,0,35,0,0,0,0,1,2,3,13
,2016_70629,39.75968,-105.025147,5/9/2016 8:05,8:05,15,0,0,FEDERAL BOULEVARD & 29TH AVENUE WEST,1,1,0,0,1,4,,0,35,0,0,0,0,0,2,2,14
,2016_70630,39.76196,-105.025155,3/4/2016 19:50,19:50,12,0,0,32ND AVENUE WEST & FEDERAL BOULEVARD NORTH,1,2,0,0,1,3,,0,35,0,0,0,0,0,2,2,3
,2016_70631,39.76196,-105.025155,6/13/2016 16:47,16:47,12,0,2,FEDERAL BOULEVARD NORTH & 32ND AVENUE WEST,1,1,0,0,1,4,,0,35,0,0,0,0,2,2,3,13
,2016_70632,39.769238,-105.025232,2/4/2016 8:39,8:39,12,0,0,38TH AVENUE EASTBOUND & FEDERAL BOULEVARD NORTH,2,1,0,0,1,3,,0,35,0,0,0,0,0,2,2,14
,2016_70633,39.774967,-105.025229,7/20/2016 13:11,13:11,12,0,0,FEDERAL BOULEVARD NORTH & 4200 BLOCK NORTH,1,1,1,0,1,4,,0,35,0,0,0,0,1,2,5,13
,2016_70635,39.776686,-105.025228,3/11/2016 16:06,16:06,1,0,0,FEDERAL BOULEVARD NORTH & 44TH AVENUE WEST,1,1,1,0,1,1,,0,35,0,0,0,0,1,2,2,13
,2016_70636,39.780267,-105.025226,8/27/2016 17:20,17:20,3,0,1,FEDERAL BOULEVARD NORTH & 46TH AVENUE WEST,1,1,0,0,1,1,,0,35,0,0,0,0,2,2,2,7