id,drcog_id,latitude,longitude,crashtime,time,crashtype,numbkilled,numbinjurd,drcoglocat,rdconditin,lightngcon,roadcntgrd,weatherco,location,roaddescrp,schoolzone,constrzone,splimit,bikeinv,pedinv,sctrinv,motoinv,svrty,rdsystem,ttlvehcls,hcf
,2016_70637,39.786283,-105.025223,10/22/2016 14:53,14:53,12,0,0,FEDERAL BOULEVARD & 49TH AVENUE,1,1,0,0,1,4,,0,35,0,0,0,0,0,2,2,13
,2016_70638,39.786569,-105.025223,4/8/2016 17:33,17:33,3,0,0,FEDERAL BOULEVARD 4900 BLOCK NORTH & 49TH STREET WEST,1,1,1,0,1,2,,0,35,0,0,0,0,0,2,2,13
,2016_70640,39.789272,-105.025199,2/1/2016 15:36,15:36,1,0,0,FEDERAL BOULEVARD NORTH & 51 STREET AVENUE WEST,2,1,0,2,1,1,,0,35,0,0,0,0,0,2,2,3
,2016_70747,39.67843,-104.940638,7/2/2016 3:00,3:00,3,0,0,EVANS AVENUE EAST & COLORADO BOULEVARD SOUTH,2,3,0,0,1,1,,0,35,0,0,0,0,0,2,2,2
,2016_70748,39.67843,-104.940638,11/15/2016 12:15,12:15,15,0,0,COLORADO BOULEVARD SOUTH & EVANS AVENUE EAST,1,1,0,0,1,1,,0,35,0,0,0,0,0,2,2,13
,2016_70749,39.690911,-104.940547,5/17/2016 11:51,11:51,1,0,0,COLORADO BOULEVARD SOUTH & ARKANSAS AVENUE EAST,1,1,1,0,1,1,,0,35,0,0,0,0,1,2,2,3
,2016_70750,39.69659,-104.940565,1/31/2016 15:45,15:45,3,0,0,COLORADO BOULEVARD & MISSISSIPPI AVENUE EAST,2,1,0,2,1,1,,0,30,0,0,0,0,1,2,2,3
,2016_70757,39.721269,-104.940608,2/11/2016 17:15,17:15,12,0,0,COLORADO BOULEVARD NORTH & SECOND AVENUE EAST,1,1,0,0,1,1,,0,35,0,0,0,0,0,2,2,13
,2016_70758,39.72871,-104.940605,5/26/2016 10:45,10:45,15,0,0,EIGHTH AVENUE EAST & COLORADO BOULEVARD NORTH,1,1,0,0,1,4,,0,30,0,0,0,0,0,2,2,13
,2016_70759,39.72944,-104.940605,9/23/2016 9:40,9:40,12,0,0,COLORADO BOULEVARD & MM 5.25 APPROXIMATELY,1,1,0,0,1,4,,0,,0,0,0,0,0,2,2,13
,2016_70760,39.738485,-104.940602,7/26/2016 10:50,10:50,12,0,0,COLORADO BOULEVARD NORTH & 14TH AVENUE EAST,1,1,0,0,1,1,,0,30,0,0,0,0,0,2,2,13
,2016_70761,39.741258,-104.940601,1/4/2016 8:18,8:18,12,0,1,COLORADO BOULEVARD NORTH & 16TH AVENUE EAST,1,1,0,0,1,1,,0,35,0,0,0,0,2,2,2,3
,2016_70762,39.741841,-104.940601,7/23/2016 15:40,15:40,12,0,0,16TH AVENUE EAST  & COLORADO BOULEVARD NORTH,1,1,0,0,1,1,,0,35,0,0,0,0,0,2,2,14
,2016_70763,39.761914,-104.940511,3/12/2016 22:25,22:25,1,0,0,MARTIN LUTHER KING JR BOULEVARD EAST & COLORADO BOULEVARD NORTH,1,3,0,0,1,1,,0,30,0,0,0,0,0,2,2,13
,2016_70764,39.761914,-104.940511,4/1/2016 17:40,17:40,1,0,0,COLORADO BOULEVARD NORTH & MARTIN LUTHER KING JR BOULEVARD EAST,1,1,0,0,1,1,,0,35,0,0,0,0,0,2,2,13
,2016_70765,39.761914,-104.940511,10/29/2016 2:17,2:17,12,0,0,COLORADO BOULEVARD NORTH & MLK BOULEVARD EAST,1,3,0,0,1,3,,0,35,0,0,0,0,0,2,2,1
,2016_70766,39.765544,-104.940497,6/2/2016 22:48,22:48,1,0,0,COLORADO BOULEVARD NORTH & 35TH AVENUE EAST,1,3,0,0,1,1,,0,30,0,0,0,0,0,2,3,13
,2016_70767,39.77302,-104.940511,11/21/2016 14:23,14:23,1,0,1,40TH AVENUE EAST & COLORADO BOULEVARD NORTH,1,1,0,0,1,1,,0,30,0,0,0,0,2,2,2,13
,2016_70768,39.780162,-104.940503,8/13/2016 10:03,10:03,15,0,0,COLORADO BOULEVARD & I70,1,1,0,0,1,4,,0,40,0,0,0,0,0,2,2,13
,2016_70784,39.725638,-105.050392,9/14/2016 5:45,5:45,12,0,0,SIXTH AVENUE EASTBOUND RAMP ON & SHERIDAN BOULEVARD,1,1,1,0,1,14,,0,45,0,0,0,0,0,2,2,13
,2016_70785,39.725633,-105.049265,7/16/2016 3:30,3:30,5,0,0,SIXTH AVENUE WB RAMP OFF  & SHERIDAN BOULEVARD NORTH,1,3,0,0,3,14,,0,55,0,0,0,0,0,2,1,13
,2016_70786,39.725455,-105.032456,1/12/2016 14:45,14:45,12,0,0,SIXTH AVENUE WEST & KNOX COURT NORTH,1,1,1,0,1,4,,0,55,0,0,0,0,0,2,2,13
,2016_70787,39.725455,-105.032456,6/28/2016 18:46,18:46,12,0,0,SIXTH AVENUE WEST & KNOX COURT NORTH,2,1,0,1,1,4,,0,55,0,0,0,0,1,2,3,13
,2016_70788,39.725423,-105.029834,7/26/2016 12:30,12:30,12,0,0,SIXTH AVENUE WB & FEDERAL BOULEVARD NORTH,1,1,1,0,1,4,,0,45,0,0,0,0,0,2,3,13
,2016_70789,39.725418,-105.026784,9/2/2016 13:10,13:10,12,0,0,SIXTH AVENUE WEST & FEDERAL BOULEVARD NORTH INTCH,1,1,0,0,1,4,,0,45,0,0,0,0,0,2,2,1
,2016_70790,39.725415,-105.025068,4/21/2016 7:30,7:30,12,0,0,SIXTH AVENUE WEST & FEDERAL BOULEVARD NORTH,1,1,1,0,1,4,,0,55,0,0,0,0,0,2,2,13
,2016_70791,39.725313,-105.02099,10/5/2016 15:10,15:10,15,0,0,SIXTH AVENUE WEST & FEDERAL BOULEVARD NORTH,1,1,0,0,1,4,,0,65,0,0,0,0,0,2,2,13
,2016_70792,39.77965,-104.949724,4/11/2016 8:30,8:30,12,0,0,STEELE STREET & 46TH AVENUE,1,1,0,0,1,4,,0,25,0,0,0,0,0,2,3,13
,2016_70793,39.790208,-104.942044,6/27/2016 15:36,15:36,1,0,0,VASQUEZ BOULEVARD NORTH & 52ND AVENUE EAST,1,1,0,0,1,1,,0,40,0,0,0,0,1,2,2,13
,2016_70872,39.684893,-104.960467,2/13/2016 5:19,5:19,5,0,0,I25 SOUTHBOUND OFF SPLIT RAMP & UNIVERSITY BOULEVARD SOUTH,1,3,0,4,3,14,,0,35,0,0,0,0,0,1,1,13
,2016_70879,39.624403,-104.901751,9/28/2016 17:45,17:45,15,0,0,I25 & BELLEVIEW AVENUE EAST,1,1,0,0,1,4,,0,65,0,0,0,0,1,1,3,13
,2016_70880,39.62714,-104.903386,6/30/2016 7:27,7:27,15,0,0,I25 & BELLEVIEW AVENUE EAST,1,1,0,0,1,4,,0,55,0,0,0,0,0,1,3,1
,2016_70881,39.630184,-104.905073,1/21/2016 17:36,17:36,12,0,0,I25 NORTHBOUND  & I225 NORTHBOUND DIRECT CONNECT,1,3,0,0,1,4,,0,65,0,0,0,0,0,1,2,3
,2016_70882,39.641452,-104.911575,9/22/2016 7:19,7:19,12,0,0,I25 NORTHBOUND & QUINCY AVENUE EAST,1,1,0,0,1,4,,0,65,0,0,0,0,1,1,5,3
,2016_70883,39.653259,-104.918319,3/17/2016 13:06,13:06,15,0,0,I25 & HAMPDEN AVENUE,1,1,0,0,1,4,,0,65,0,0,0,0,0,1,2,13
,2016_70884,39.653259,-104.918319,4/13/2016 22:19,22:19,15,0,0,I25 & HAMPDEN AVENUE EAST,1,3,0,0,1,4,,0,60,0,0,0,0,0,1,2,13
,2016_70885,39.667623,-104.925611,10/7/2016 10:44,10:44,12,0,0,I25 & YALE AVENUE EAST,1,1,1,0,1,4,,0,65,0,0,0,0,0,1,2,13
,2016_70886,39.673791,-104.929799,11/5/2016 18:56,18:56,15,0,0,EVANS AVENUE EAST & I25 INTERCHANGE,1,4,0,0,1,1,,0,30,0,0,0,0,0,1,2,13
,2016_70887,39.674578,-104.930362,4/7/2016 7:45,7:45,12,0,0,I25 SOUTHBOUND ON RAMP GORE POINT & EVANS AVENUE EAST,1,1,0,0,1,4,,0,65,0,0,0,0,1,1,3,1
,2016_70888,39.678367,-104.933559,5/24/2016 18:00,18:00,12,0,0,I25 & EVANS AVENUE EAST,1,1,0,0,1,14,,0,50,0,0,0,0,0,1,2,13
,2016_70889,39.757155,-105.0099,5/23/2016 14:00,14:00,12,0,0,I25 & 15TH STREET,1,1,0,0,1,4,,0,55,0,0,0,0,0,1,2,13
,2016_70890,39.678367,-104.933559,3/21/2016 7:19,7:19,1,0,0,EVANS AVENUE EAST & I25 SOUTHBOUND ON RAMP,1,1,0,0,1,1,,0,35,0,0,0,0,0,1,2,13
,2016_70891,39.678367,-104.933559,5/24/2016 10:05,10:05,15,0,0,EVANS AVENUE EAST & I25 HIGHWAY SOUTHBOUND,1,1,0,0,1,1,,0,35,0,0,0,0,0,1,2,13
,2016_70892,39.678367,-104.933559,11/17/2016 1:43,1:43,5,0,1,EVANS AVENUE WB & I25 SOUTHBOUND ON RAMP,3,5,0,0,3,1,,0,35,0,0,0,0,2,1,1,5
,2016_70893,39.678367,-104.933559,11/25/2016 17:55,17:55,12,0,0,EVANS AVENUE EAST & I25 NORTHBOUND RAMPS,1,3,0,0,1,1,,0,35,0,0,0,0,0,1,2,13
,2016_70894,39.683094,-104.940452,5/6/2016 12:30,12:30,15,0,0,I25 & COLORADO BOULEVARD SOUTH,1,1,0,0,1,4,,0,60,0,0,0,0,0,1,2,13
,2016_70895,39.683094,-104.940452,9/6/2016 9:48,9:48,15,0,0,I25 & COLORADO BOULEVARD SOUTH,1,1,0,0,1,4,,0,60,0,0,0,0,0,1,2,13
,2016_70896,39.683271,-104.941216,5/25/2016 11:34,11:34,15,0,0,I25 SOUTHBOUND LOOP RAMP ENTRANCE GORE POINT & COLORADO BOULEVARD SOUTH,1,1,0,0,1,14,,0,50,0,0,0,0,0,1,2,3
,2016_70897,39.683941,-104.943699,9/7/2016 12:19,12:19,5,0,0,I25 SOUTHBOUND EXIT LANE & HIGHWAY 2A / COLORADO BOULEVARD SOUTH APPROXIMATELY,1,1,0,0,3,4,,0,60,0,0,0,0,0,1,1,14
,2016_70898,39.68419,-104.944708,9/19/2016 0:35,0:35,5,0,0,I25 SOUTHBOUND RAMP OFF & COLORADO BOULEVARD SOUTH EXIT GORE APPROXIMATELY,1,3,1,0,3,14,,0,30,0,0,0,0,1,1,1,7
,2016_70899,39.684386,-104.94574,10/4/2016 7:45,7:45,12,0,0,I25 SOUTHBOUND & COLORADO BOULEVARD EXIT GORE SOUTH APPROXIMATELY,1,1,0,0,1,4,,0,60,0,0,0,0,0,1,2,2
,2016_70900,39.684921,-104.959322,2/15/2016 8:45,8:45,12,0,0,I25 NORTHBOUND SLIP RAMP OFF & UNIVERSITY BOULEVARD SOUTH,1,1,0,0,1,14,,0,45,0,0,0,0,0,1,2,13
,2016_70901,39.684915,-104.959701,8/26/2016 11:33,11:33,12,0,0,I25 SOUTHBOUND RAMP OFF & UNIVERSITY BOULEVARD SOUTH,1,1,1,0,1,14,,0,35,0,0,0,0,0,1,2,3
,2016_70902,39.684916,-104.961205,12/1/2016 17:49,17:49,12,0,0,I25 & UNIVERSITY BOULEVARD,1,2,0,0,1,4,,0,65,0,0,0,0,0,1,2,13
,2016_70903,39.690115,-104.973561,10/11/2016 11:37,11:37,12,0,0,I25 & DOWNING STREET SOUTH APPROXIMATELY,1,1,0,0,1,4,,0,60,0,0,0,0,1,1,3,1
,2016_70904,39.700943,-104.986814,11/20/2016 4:00,4:00,5,0,0,I25 & BROADWAY INTERCHANGE,1,3,0,0,2,4,,0,60,0,0,0,0,0,1,1,5
,2016_70905,39.701466,-104.987451,6/9/2016 16:45,16:45,15,0,0,I25 & BROADWAY SOUTH,1,1,0,0,1,4,,0,55,0,0,0,0,0,1,2,13
,2016_70906,39.701466,-104.987451,7/21/2016 7:45,7:45,15,0,0,I25 NORTHBOUND & BROADWAY SOUTH INTERCHANGE,1,1,0,0,1,4,,0,60,0,0,0,0,0,1,2,13
,2016_70907,39.706598,-104.99651,1/31/2016 20:00,20:00,5,0,0,I25 NORTHBOUND ON FLYOVER  & SANTA FE DRIVE INTERCHANGE,2,3,1,0,3,14,,0,,0,0,0,0,0,1,1,13
,2016_70908,39.707118,-104.996779,8/4/2016 15:23,15:23,15,0,0,I25 SOUTHBOUND ON RAMP FROM & SANTA FE NORTHBOUND RAMP ON,1,1,1,0,1,14,,0,35,0,0,0,0,0,1,2,13
,2016_70909,39.710147,-104.998269,10/17/2016 5:47,5:47,15,0,0,I25  & SANTA FE DRIVE SOUTH RAMP END,1,3,1,0,1,14,,0,55,0,0,0,0,0,1,2,13
,2016_70910,39.710836,-104.998682,8/7/2016 17:00,17:00,12,0,0,I25 SOUTHBOUND OFF RAMP TO & SANTA DRIVE SOUTH EXIT GORE POINT,1,1,0,0,1,14,,0,55,0,0,0,0,0,1,2,1
,2016_70911,39.711525,-104.999094,1/15/2016 8:45,8:45,12,0,0,I25  & WEST ALAMEDA AVENUE,1,1,1,0,1,4,,0,55,0,0,0,0,0,1,2,3
,2016_70912,39.711525,-104.999094,2/24/2016 19:24,19:24,12,0,0,I25 & ALAMEDA AVENUE WEST,1,3,0,0,1,4,,0,55,0,0,0,0,0,1,2,13
,2016_70913,39.711525,-104.999094,7/19/2016 19:14,19:14,15,0,0,I25 SOUTHBOUND  & ALAMEDA AVENUE WEST,2,3,1,1,1,4,,0,55,0,0,0,0,0,1,2,13
,2016_70914,39.711525,-104.999094,12/19/2016 15:02,15:02,12,0,0,I25 & ALAMEDA AVENUE,1,1,0,0,1,4,,0,55,0,0,0,0,0,1,2,1
,2016_70915,39.711801,-104.999259,4/2/2016 11:40,11:40,12,0,0,I25 & ALAMEDA AVENUE WEST,1,1,1,0,1,4,,0,55,0,0,0,0,0,1,3,13
,2016_70916,39.740257,-105.013939,7/12/2016 16:28,16:28,12,0,0,I25 SOUTHBOUND & COLFAX AVENUE WEST,1,1,0,0,1,4,,0,65,0,0,0,0,0,1,2,13
,2016_70917,39.712765,-104.999836,2/16/2016 8:20,8:20,12,0,0,I25 & ALAMEDA AVENUE WEST,1,1,0,0,1,4,,0,55,0,0,0,0,0,1,4,8
,2016_70918,39.716518,-105.002553,9/28/2016 8:38,8:38,12,0,0,I25 & ELLSWORTH AVENUE,1,1,0,0,1,4,,0,55,0,0,0,0,0,1,2,13
,2016_70919,39.720473,-105.00757,3/9/2016 9:30,9:30,12,0,0,I25 & MM 208.75,1,1,1,0,1,4,,0,55,0,0,0,0,0,1,4,7
,2016_70920,39.723662,-105.011457,6/10/2016 20:15,20:15,15,0,0,I25 & SIXTH AVENUE WEST INTERCHANGE,1,2,0,0,1,4,,0,60,0,0,0,0,0,1,2,5
,2016_70921,39.724815,-105.012562,3/31/2016 9:39,9:39,12,0,0,I25 SOUTHBOUND ON RAMP FROM SIXTH AVENUE & RAMP SPLIT,2,1,1,2,1,14,,0,35,0,0,0,0,0,1,2,13
,2016_70922,39.725281,-105.012899,5/2/2016 10:10,10:10,15,0,0,I25 & SIXTH AVENUE INTERCHANGE,1,1,1,0,1,4,,0,65,0,0,0,0,0,1,2,13
,2016_70923,39.725281,-105.012899,7/2/2016 13:37,13:37,12,0,0,I25 & SIXTH AVENUE INTERCHANGE,1,1,0,0,1,4,,0,75,0,0,0,0,0,1,3,3
,2016_70924,39.725398,-105.012983,2/20/2016 8:45,8:45,15,0,0,I25 HIGHWAY SOUTHBOUND  & SIXTH AVENUE WEST,1,1,1,0,1,4,,0,60,0,0,0,0,0,1,2,13
,2016_70925,39.725514,-105.013067,10/28/2016 23:23,23:23,12,0,0,I25 & SIXTH AVENUE,1,3,0,0,1,4,,0,50,0,0,0,0,0,1,2,13
,2016_70926,39.725514,-105.013067,7/8/2016 5:15,5:15,5,0,1,I25 SOUTHBOUND RAMP OFF  & SIXTH AVENUE WB MERGE RAMP J,7,2,1,0,1,8,,0,45,0,0,0,1,2,1,1,13
,2016_70927,39.72632,-105.013601,4/20/2016 7:34,7:34,12,0,0,I25 & SIXTH AVENUE WEST INTERCHANGE,1,1,0,0,1,4,,0,55,0,0,0,0,0,1,3,14
,2016_70928,39.73295,-105.015556,10/10/2016 15:53,15:53,12,0,0,I25 & MM 209.75,1,1,1,0,1,4,,0,55,0,0,0,0,0,1,2,13
,2016_70929,39.736873,-105.014064,6/27/2016 10:10,10:10,12,0,0,I25 HIGHWAY NORTHBOUND & COLFAX AVENUE WEST,1,1,1,0,1,4,,0,55,0,0,0,0,0,1,2,13
,2016_70930,39.737984,-105.013856,5/20/2016 17:00,17:00,12,0,0,I25 & COLFAX AVENUE WEST,1,1,1,0,1,4,,0,55,0,0,0,0,0,1,3,13
,2016_70931,39.740257,-105.013939,11/9/2016 13:49,13:49,15,0,0,I25 & COLFAX AVENUE WEST,1,1,1,0,1,4,,0,55,0,0,0,0,0,1,2,13
,2016_70932,39.740257,-105.013939,9/4/2016 10:00,10:00,12,0,0,I25 LOOP NORTHBOUND ON RAMP & COLFAXS AVENUE WEST,1,1,0,0,1,14,,0,20,0,0,0,0,0,1,2,14
,2016_70933,39.740455,-105.013961,4/4/2016 20:30,20:30,15,0,0,I25 & COLFAX AVENUE WEST,1,3,1,0,1,4,,0,55,0,0,0,0,0,1,2,13
,2016_70934,39.743372,-105.015987,11/9/2016 19:04,19:04,12,0,0,I25 & 17TH AVENUE WEST,1,3,1,0,1,4,,0,55,0,0,0,0,0,1,3,13
,2016_70935,39.751021,-105.016701,7/29/2016 16:15,16:15,12,0,0,I25 NORTHBOUND & 23RD AVENUE WEST,1,1,0,0,1,4,,0,55,0,0,0,0,1,1,2,13
,2016_70936,39.751295,-105.016566,3/4/2016 7:42,7:42,15,0,0,I25 & 23RD AVENUE WEST,1,1,0,0,1,4,,0,55,0,0,0,0,0,1,2,1
,2016_70937,39.751295,-105.016566,10/6/2016 6:43,6:43,12,0,0,I25  & 23RD AVENUE WEST,2,3,0,1,1,4,,0,55,0,0,0,0,0,1,3,13
,2016_70938,39.751295,-105.016566,12/29/2016 16:06,16:06,12,0,0,I25 & 23RD AVENUE WEST,1,1,1,0,1,4,,0,55,0,0,0,0,0,1,3,12
,2016_70939,39.754269,-105.013934,5/15/2016 15:24,15:24,12,0,0,I25 & SPEER BOULEVARD,1,1,0,0,1,4,,0,55,0,0,0,0,1,1,2,13
,2016_70940,39.755118,-105.012754,5/26/2016 20:56,20:56,12,0,0,I25 & SPEER BOULEVARD NORTH,2,3,0,0,1,4,,0,55,0,0,0,0,0,1,2,3
,2016_70941,39.755118,-105.012754,8/7/2016 10:30,10:30,15,0,0,I25 NORTHBOUND & SPEER BOULEVARD NORTH INTERCHANGE,1,1,0,0,1,4,,0,55,0,0,0,0,0,1,2,7
,2016_70942,39.755307,-105.012492,8/6/2016 22:24,22:24,12,0,0,I25 SOUTHBOUND & SPEER BOULEVARD NORTH,1,3,0,0,1,4,,0,55,0,0,0,0,0,1,3,13
,2016_70943,39.755684,-105.011968,5/5/2016 15:00,15:00,12,0,0,I25 & SPEER BOULEVARD NORTH,1,1,0,0,1,4,,0,55,0,0,0,0,0,1,2,13
,2016_70944,39.759599,-105.006493,4/24/2016 9:55,9:55,12,0,0,I25 & 15TH STREET,1,1,1,0,1,4,,0,55,0,0,0,0,0,1,3,13
,2016_70945,39.760997,-105.004271,12/2/2016 17:07,17:07,12,0,0,I25 & 20TH STREET,1,2,1,0,1,4,,0,55,0,0,0,0,0,1,2,13
,2016_70946,39.760997,-105.004271,12/12/2016 14:49,14:49,12,0,0,20TH STREET & I25 SOUTHBOUND RAMP,1,1,0,0,1,1,,0,25,0,0,0,0,0,1,2,13
,2016_70947,39.768049,-104.994761,10/16/2016 6:57,6:57,1,0,0,PARK AVENUE WEST / FOX STREET & I25 NORTHBOUND RAMP ON,1,1,0,0,1,1,,0,30,0,0,0,0,0,1,2,7
,2016_70948,39.776144,-104.989214,11/21/2016 18:11,18:11,12,0,0,I25 NORTHBOUND & 44TH AVENUE WEST,1,2,0,0,1,4,,0,55,0,0,0,0,0,1,2,13
,2016_70949,39.783855,-104.989142,7/27/2016 17:00,17:00,12,0,0,I25 NORTHBOUND & 48TH AVENUE WEST,1,1,0,0,1,4,,0,55,0,0,0,1,0,1,2,7
,2016_70950,39.783855,-104.989142,9/19/2016 19:48,19:48,10,0,0,I25 WB OFF RAMP & 48TH AVENUE WEST,1,3,0,0,1,1,,0,25,0,0,0,0,0,1,2,8
,2016_70996,39.711187,-105.039895,11/5/2016 22:38,22:38,1,0,1,ALAMEDA AVENUE & PERRY STREET,1,3,0,0,1,1,,0,40,0,0,0,0,2,2,2,5
,2016_70997,39.711155,-105.022579,7/6/2016 16:31,16:31,15,0,0,ALAMEDA AVENUE WEST & DECATUR STREET SOUTH,1,1,0,0,1,1,,0,35,0,0,0,0,0,2,3,7
,2016_70999,39.711147,-105.020725,3/31/2016 7:24,7:24,10,0,0,ALAMEDA AVENUE WEST & CLAY STREET SOUTH,2,1,0,2,1,2,,0,35,0,0,0,0,1,2,2,13
,2016_71000,39.71113,-105.016832,4/26/2016 12:59,12:59,3,0,0,ALCOTT STREET SOUTH & ALAMEDA AVENUE WEST,1,1,0,0,1,1,,0,25,0,0,0,0,0,2,2,5
,2016_71001,39.711184,-105.001918,1/29/2016 15:26,15:26,12,0,0,ALAMEDA AVENUE WEST & LIPAN STREET SOUTH,1,1,0,0,1,4,,0,35,0,0,0,0,0,2,2,14
,2016_71002,39.711184,-105.001546,4/20/2016 7:00,7:00,15,0,0,ALAMEDA AVENUE 1100 BLOCK WEST & LIPAN STREET SOUTH,1,1,0,0,1,4,,0,35,0,0,0,0,0,2,2,13
,2016_71003,39.711184,-105.00062,8/3/2016 17:44,17:44,12,0,0,ALAMEDA AVENUE WEST & PLATTE RIVER DRIVE SOUTH,1,1,0,0,1,1,,0,35,0,0,0,0,0,2,2,7
,2016_71004,39.711192,-104.99993,7/21/2016 11:12,11:12,15,0,0,I25 SOUTHBOUND EXIT RAMP & ALAMEDA AVENUE,1,1,0,0,1,3,,0,35,0,0,0,0,0,2,2,13
,2016_71005,39.711204,-104.99873,10/19/2016 11:06,11:06,12,0,0,ALAMEDA AVENUE WEST & SANTA FE DRIVE 300 BLOCK SOUTH,1,1,0,0,1,3,,1,25,0,0,0,0,0,2,2,14
,2016_71006,39.653087,-104.914636,12/27/2016 19:23,19:23,15,0,0,HAMPDEN AVENUE EAST & LOCUST STREET SOUTH,1,3,1,0,1,4,,0,40,0,0,0,0,0,2,2,13
,2016_71007,39.653084,-104.91283,5/13/2016 16:45,16:45,15,0,0,MONACO STREET SOUTH & HAMPDEN AVENUE EAST,1,1,0,0,1,1,,0,30,0,0,0,0,0,2,2,8
,2016_71008,39.653084,-104.91283,7/8/2016 12:19,12:19,3,0,0,HAMPDEN AVENUE EAST & MONACO STREET SOUTH,1,1,0,0,1,1,,0,35,0,0,0,0,1,2,2,3
,2016_71009,39.653077,-104.909036,9/6/2016 13:30,13:30,1,0,0,HAMPDEN AVENUE EAST & ONEIDA WAY SOUTH,1,1,0,0,1,1,,0,40,0,0,0,0,0,2,2,13
,2016_71010,39.653084,-104.908306,12/15/2016 11:53,11:53,3,0,0,HAMPDEN AVENUE & MONACO STREET SOUTH,1,1,0,0,1,2,,0,40,0,0,0,0,0,2,2,13
,2016_71011,39.6531,-104.906662,5/21/2016 11:10,11:10,15,0,0,HAMPDEN AVENUE EAST & OLEANDER COURT SOUTH,1,1,0,0,1,4,,0,45,0,0,0,0,0,2,2,8
,2016_71012,39.653116,-104.904462,6/29/2016 10:32,10:32,10,0,0,HAMPDEN AVENUE 7100 BLOCK EAST & POPLAR STREET,1,1,0,0,1,2,,0,40,0,0,0,0,0,2,2,13
,2016_71014,39.653039,-104.883107,12/8/2016 11:57,11:57,3,0,0,HAMPDEN AVENUE & AKRON STREET SOUTH,2,1,1,0,1,2,,0,,0,0,0,0,0,2,2,13
,2016_71015,39.665946,-104.866175,8/28/2016 13:10,13:10,15,0,0,HIGHWAY 30A / HAVANA STREET SOUTH & YALE AVENUE EAST,1,1,0,0,1,4,,0,40,0,0,0,0,1,2,2,13
,2016_71017,39.66645,-104.866162,4/9/2016 15:00,15:00,12,0,0,SOUTH HAVANA STREET & EAST YALE AVENUE,1,1,0,0,1,1,,0,35,0,0,0,0,0,2,2,13
,2016_71018,39.669351,-104.866091,7/8/2016 20:02,20:02,14,0,0,HAVANA STREET SOUTH & PARKER ROAD SOUTH,1,3,1,0,1,1,,0,35,0,0,0,0,1,2,3,13
,2016_71052,39.777649,-104.903415,8/22/2016 11:41,11:41,12,0,0,QUEBEC STREET NORTH & I70 APPROXIMATELY,1,1,1,0,1,3,,0,45,0,0,0,0,0,2,2,13
,2016_71053,39.779316,-104.903391,2/13/2016 10:32,10:32,12,0,0,NORTHFIELD / QUEBEC STREET NORTH & I70,1,1,1,0,1,1,,0,45,0,0,0,0,0,2,2,13
,2016_71099,39.740341,-105.033284,12/22/2016 7:55,7:55,3,0,0,COLFAX AVENUE WEST & KING STREET NORTH,1,1,0,0,1,1,,0,30,0,0,0,0,1,2,2,14
,2016_71100,39.740028,-105.002766,9/7/2016 10:34,10:34,12,0,0,HIGHWAY 40C / COLFAX AVENUE WEST & NINTH STREET,1,1,0,0,1,3,,0,35,0,0,0,0,1,2,2,14
,2016_71101,39.740038,-105.001446,1/20/2016 6:56,6:56,12,0,0,WEST COLFAX AVENUE & NORTH LIPAN STREET,1,1,0,0,1,3,,0,35,0,0,0,0,1,2,2,13
,2016_71102,39.740042,-104.998686,9/27/2016 14:25,14:25,3,0,0,COLFAX AVENUE WEST & SPEER BOULEVARD SOUTHBOUND ROAD WEST,1,1,0,0,1,1,,0,35,0,0,0,0,1,2,2,13
,2016_71104,39.740031,-104.996607,8/5/2016 8:20,8:20,15,0,0,COLFAX AVENUE 600 BLOCK WEST & FOX STREET NORTH,1,1,0,0,1,4,,0,30,0,0,0,0,0,2,2,8
,2016_71105,39.740005,-104.987167,6/10/2016 15:15,15:15,5,0,0,COLFAX AVENUE WEST & BROADWAY STREET NORTH,1,1,0,0,2,1,,0,30,0,0,0,0,0,2,1,14
,2016_71106,39.740007,-104.973426,2/8/2016 18:00,18:00,15,0,0,COLFAX AVENUE EAST & DOWNING STREET NORTH,1,3,0,0,1,1,,0,30,0,0,0,0,0,2,2,13
,2016_71107,39.740007,-104.973426,12/5/2016 20:15,20:15,10,0,0,COLFAX AVENUE & DOWNING STREET NORTH,1,3,1,0,1,1,,0,30,0,0,0,0,0,2,2,13
,2016_71108,39.740007,-104.973426,12/23/2016 12:20,12:20,10,0,0,COLFAX AVENUE EAST & DOWNING STREET NORTH,1,1,0,0,1,1,,0,35,0,0,0,0,0,2,2,13
,2016_71109,39.740008,-104.973052,12/6/2016 11:55,11:55,15,0,0,COLFAX AVENUE EAST & DOWNING STREET NORTH,1,1,0,0,1,1,,0,30,0,0,0,0,0,2,2,13
,2016_71110,39.740011,-104.971368,3/11/2016 0:27,0:27,3,0,0,COLFAX AVENUE EAST & MARION STREET NORTH,1,3,1,0,1,5,,0,30,0,0,0,0,0,2,2,13
,2016_71112,39.739992,-104.964783,8/24/2016 12:46,12:46,12,0,0,HIGH STREET NORTH & COLFAX AVENUE EAST,2,1,0,1,1,3,,0,30,0,0,0,0,1,2,2,13
,2016_71113,39.740157,-104.948989,1/5/2016 11:41,11:41,15,0,0,COLFAX AVENUE EAST & ADAMS STREET NORTH,1,1,0,0,1,4,,0,30,0,0,0,0,0,2,3,3
,2016_71114,39.740061,-104.939247,2/26/2016 16:26,16:26,15,0,0,COLFAX AVENUE EAST & ALBION STREET,1,1,0,0,1,1,,0,35,0,0,0,0,0,2,2,14