id,drcog_id,latitude,longitude,crashtime,time,crashtype,numbkilled,numbinjurd,drcoglocat,rdconditin,lightngcon,roadcntgrd,weatherco,location,roaddescrp,schoolzone,constrzone,splimit,bikeinv,pedinv,sctrinv,motoinv,svrty,rdsystem,ttlvehcls,hcf
,2016_71115,39.740081,-104.915186,12/22/2016 17:07,17:07,12,0,0,COLFAX AVENUE EAST & LEYDEN STREET,1,3,0,0,1,4,,0,65,0,0,0,0,0,2,2,3
,2016_71116,39.740082,-104.912743,3/3/2016 11:55,11:55,3,0,0,COLFAX AVENUE EAST & MONACO PARKWAY NORTH,1,1,0,0,1,1,,0,30,0,0,0,0,0,2,2,13
,2016_71117,39.740082,-104.912743,9/3/2016 17:00,17:00,3,0,0,COLFAX AVENUE EAST & MONACO PARKWAY NORTH ROAD SOUTH,1,1,1,0,1,1,,0,35,0,0,0,0,0,2,2,8
,2016_71118,39.740084,-104.903536,11/23/2016 21:27,21:27,3,0,0,COLFAX AVENUE EAST & QUEBEC STREET NORTH,1,3,0,0,1,1,,0,30,0,0,0,0,1,2,3,13
,2016_71119,39.740086,-104.892825,1/23/2016 16:10,16:10,1,0,0,EAST COLFAX AVENUE 8100 & NORTH UINTA STREET,1,1,0,0,1,2,,0,35,0,0,0,0,0,2,2,14
,2016_71180,39.783526,-105.043893,6/26/2016 18:33,18:33,12,0,0,I70 & NORTH TENNYSON STREET,1,1,0,0,1,4,,0,55,0,0,0,0,0,1,2,3
,2016_71182,39.784211,-105.025084,11/11/2016 17:37,17:37,12,0,0,I70 WB OFF RAMP SLIP RAMP & FEDERAL BOULEVARD,1,3,0,0,1,14,,0,55,0,0,0,0,0,1,2,14
,2016_71183,39.783149,-105.006371,5/26/2016 16:45,16:45,12,0,0,I70 EASTBOUND & PECOS STREET NORTH,2,1,1,1,1,4,,0,55,0,0,0,0,0,1,2,1
,2016_71184,39.783149,-105.006371,7/5/2016 8:54,8:54,3,0,0,PECOS STREET & I70,1,1,1,0,1,6,,0,25,0,0,0,0,0,1,2,13
,2016_71185,39.783149,-105.006371,12/30/2016 15:00,15:00,12,0,1,PECOS STREET & I70 WB RAMP,1,1,0,0,1,6,,0,15,0,0,0,0,2,1,2,7
,2016_71186,39.783477,-105.002751,1/28/2016 6:50,6:50,12,0,0,I70 EASTBOUND & PECOS STREET NORTH EASTBOUND RAMP ON,1,1,0,0,1,4,,0,55,0,0,0,0,0,1,2,14
,2016_71187,39.783301,-105.001638,11/9/2016 6:20,6:20,15,0,0,I70 & PECOS STREET,1,2,0,0,1,4,,0,55,0,0,0,0,0,1,2,13
,2016_71188,39.781132,-104.99389,12/7/2016 6:12,6:12,5,0,0,I70 EASTBOUND RAMP SPLIT TO & I25 NORTHBOUND,4,3,1,2,2,14,,0,65,0,0,0,0,0,1,1,7
,2016_71189,39.781089,-104.993739,7/1/2016 10:40,10:40,12,0,0,I70 EASTBOUND OFF RAMP TO I25 SOUTHBOUND & RAMP BEGIN,1,1,0,0,1,14,,0,55,0,0,0,0,0,1,2,13
,2016_71190,39.778295,-104.904365,11/4/2016 18:07,18:07,12,0,0,I70 & NORTHFIELD QUEBEC STREET APPROXIMATELY,1,3,0,0,1,4,,0,55,0,0,0,0,0,1,2,12
,2016_71191,39.780058,-104.9894,11/8/2016 8:07,8:07,12,0,0,I70 EASTBOUND  & I25 SOUTHBOUND,1,1,0,0,1,4,,0,55,0,0,0,0,0,1,4,13
,2016_71192,39.780058,-104.9894,12/20/2016 7:25,7:25,12,0,0,I70 & I25,1,2,0,0,1,4,,0,55,0,0,0,0,0,1,2,12
,2016_71193,39.77996,-104.988855,1/4/2016 21:08,21:08,5,0,0,I70 WB OFF RAMP TO NORTHBOUND & I25 NORTHBOUND,1,3,0,0,2,14,,0,35,0,0,0,0,1,1,1,14
,2016_71194,39.779824,-104.98774,7/9/2016 11:57,11:57,15,0,0,I70 WB  & I25 INTERCHANGE,1,1,0,0,1,4,,0,55,0,0,0,0,0,1,2,13
,2016_71195,39.779678,-104.982012,10/25/2016 17:10,17:10,12,0,0,I70 WB COLLECTOR OFF RAMP TO I25 & WB ON RAMP FROM WASHINGTON,1,1,0,0,1,14,,0,55,0,0,0,0,1,1,2,5
,2016_71196,39.779441,-104.979019,2/12/2016 11:20,11:20,3,0,0,WASHINGTON STREET NORTH & I70 WB OFF RAMP,1,1,0,0,1,1,,0,35,0,0,0,0,0,1,2,3
,2016_71197,39.779441,-104.979019,11/6/2016 11:40,11:40,12,0,0,I70 EASTBOUND OFF RAMP & WASHINGTON STREET,1,1,0,0,1,1,,0,30,0,0,0,0,0,1,2,13
,2016_71198,39.78,-104.950141,7/13/2016 9:35,9:35,12,0,0,I70 & STEELE STREET NORTH INTERCHANGE,1,1,0,0,1,4,,0,55,0,0,0,0,0,1,2,7
,2016_71199,39.779957,-104.942728,9/13/2016 11:25,11:25,12,0,0,I70 EASTBOUND EXIT LANE & COLORADO BOULEVARD NORTH SOUTHBOUND EXIT GORE,1,1,0,0,1,4,,0,55,0,0,0,0,0,1,2,13
,2016_71200,39.779944,-104.940603,11/10/2016 8:30,8:30,12,0,0,I70 & COLORADO BOULEVARD,1,3,0,0,1,4,,0,55,0,0,0,0,0,1,2,13
,2016_71201,39.778341,-104.92238,7/12/2016 18:28,18:28,12,0,0,I70 & HOLLY STREET,1,1,0,0,1,4,,0,55,0,0,0,0,0,1,3,13
,2016_71203,39.778287,-104.915482,5/27/2016 12:31,12:31,12,0,0,I70 WB & LEYDEN STREET NORTH,1,1,0,0,1,4,,0,55,0,0,0,0,1,1,3,14
,2016_71204,39.778289,-104.912566,1/15/2016 14:45,14:45,12,0,0,I70 & MONACO STREET NORTH,1,1,1,0,1,4,,0,55,0,0,0,0,1,1,3,13
,2016_71205,39.778289,-104.912566,8/18/2016 10:44,10:44,15,0,0,I70 & MONACO STREET NORTH APPROXIMATELY,1,1,0,0,1,4,,0,55,0,0,0,0,0,1,2,13
,2016_71206,39.778295,-104.903454,1/29/2016 15:11,15:11,12,0,0,I70 WB & QUEBEC STREET NORTH,1,1,0,0,1,4,,0,55,0,0,0,0,0,1,3,13
,2016_71207,39.74724,-104.940599,6/17/2016 21:45,21:45,5,0,0,MONTVIEW BOULEVARD EAST & COLORADO BOULEVARD NORTH,1,3,2,0,1,1,,0,,0,0,0,0,0,2,1,13
,2016_71208,39.778295,-104.903454,3/4/2016 13:52,13:52,12,0,0,I70 & QUEBEC STREET,1,1,0,0,1,4,,0,55,0,0,0,0,0,1,3,13
,2016_71209,39.778295,-104.903454,3/30/2016 8:00,8:00,12,0,1,I70 & NORTHFIELD QUEBEC STREET NORTH,1,1,0,0,1,4,,0,55,0,0,0,0,2,1,2,7
,2016_71210,39.778295,-104.903454,6/20/2016 7:44,7:44,12,0,0,I70 & NORTHFIELD QUEBEC STREET NORTH,1,1,0,0,1,4,,0,55,0,0,0,0,0,1,3,13
,2016_71211,39.77733,-104.885028,2/2/2016 11:30,11:30,12,0,0,I70 WB & MM 279,6,1,0,2,1,4,,0,55,0,0,0,0,0,1,2,13
,2016_71212,39.777139,-104.882953,1/13/2016 7:49,7:49,12,0,0,I70 & CENTRAL PARK BOULEVARD NORTH,1,1,0,0,1,4,,0,55,0,0,0,0,0,1,2,16
,2016_71213,39.777139,-104.882953,1/10/2016 13:15,13:15,1,0,0,CENTRAL PARK BOULEVARD NORTH & I70 EASTBOUND RAMP,1,1,0,0,1,1,,0,40,0,0,0,0,0,1,2,8
,2016_71214,39.777139,-104.882953,5/30/2016 0:42,0:42,5,0,0,CENTRAL PARK BOULEVARD NORTH  & I70 EASTBOUND RAMP,1,3,1,0,2,1,,0,35,0,0,0,0,0,1,1,5
,2016_71215,39.777122,-104.882764,3/18/2016 5:10,5:10,12,0,0,I70 & CENTRAL PARK BOULEVARD NORTH,4,3,0,2,1,4,,0,55,0,0,0,0,0,1,2,14
,2016_71216,39.777087,-104.882387,5/16/2016 6:30,6:30,12,0,0,I70 WB & CENTRAL PARK BOULEVARD NORTH,1,2,0,0,1,4,,0,55,0,0,0,0,1,1,2,1
,2016_71217,39.777018,-104.881632,11/19/2016 16:10,16:10,15,0,0,I70 WB & I270 DIRECT CONNECT OFF GORE POINT,1,1,0,0,1,4,,0,55,0,0,0,0,0,1,2,1
,2016_71218,39.776509,-104.876002,1/31/2016 12:00,12:00,5,0,0,I70 EASTBOUND & ON RAMP FROM CENTRAL PARK BOULEVARD,1,1,0,0,3,4,,0,35,0,0,0,0,1,1,1,12
,2016_71219,39.776256,-104.873044,3/3/2016 8:30,8:30,15,0,0,I70 & CENTRAL PARK BOULEVARD NORTH WB OFF RAMP,1,1,0,0,1,4,,0,55,0,0,0,0,0,1,2,13
,2016_71220,39.775573,-104.865095,5/9/2016 8:13,8:13,12,0,0,I70 WB & HAVANA STREET NORTH,1,1,0,0,1,4,,0,55,0,0,0,0,0,1,2,13
,2016_71221,39.774015,-104.846978,2/10/2016 8:10,8:10,12,0,1,I70 EASTBOUND SLIP RAMP OFF & PEORIA STREET NORTH,1,1,0,0,1,14,,0,35,0,0,0,0,2,1,2,1
,2016_71223,39.773999,-104.846793,4/4/2016 12:45,12:45,15,0,0,I70 & PEORIA STREET NORTH,1,1,0,0,1,4,,0,55,0,0,0,0,0,1,2,13
,2016_71224,39.773999,-104.846793,6/16/2016 21:15,21:15,12,0,0,I70 & NORTH PEORIA STREET,1,3,0,0,1,4,,0,55,0,0,0,0,1,1,2,14
,2016_71225,39.773999,-104.846793,8/28/2016 14:45,14:45,15,0,0,I70 WB & PEORIA STREET NORTH,1,1,2,0,1,4,,0,55,0,0,0,0,0,1,2,13
,2016_71226,39.773792,-104.84439,4/7/2016 17:42,17:42,12,0,0,I70 & PEORIA STREET NORTH,1,1,1,0,1,4,,0,55,0,0,0,0,0,1,2,13
,2016_71227,39.773187,-104.837365,10/22/2016 13:15,13:15,12,0,0,I70 WB OFF RAMP TO PEORIA & CHAMBERS / I225 RAMP SPLIT,1,1,0,0,1,14,,0,55,0,0,0,0,0,1,3,3
,2016_71228,39.772853,-104.833483,1/13/2016 17:29,17:29,12,0,0,I70 EASTBOUND APPROXIMATELY & I225 SOUTHBOUND RAMP GORE POINT,1,3,0,0,1,4,,0,55,0,0,0,0,1,1,3,3
,2016_71229,39.772662,-104.831265,8/1/2016 9:23,9:23,12,0,0,I70  & I225 INTERCHANGE,1,1,1,0,1,4,,0,55,0,0,0,0,0,1,3,13
,2016_71291,39.672505,-104.867951,10/12/2016 17:00,17:00,3,0,0,HARVARD AVENUE EAST & PARKER ROAD,1,1,1,0,1,1,,0,45,0,0,0,0,0,2,2,13
,2016_71292,39.703528,-104.913972,1/10/2016 11:45,11:45,3,0,1,HIGHWAY 83 / LEETSDALE DRIVE & MONACO STREET,1,1,1,0,1,2,,0,35,0,0,0,0,2,2,2,3
,2016_71293,39.707328,-104.922192,12/30/2016 17:38,17:38,1,0,0,LEETSDALE DRIVE & HOLLY STREET SOUTH,1,3,0,0,1,1,,0,35,0,0,0,0,0,2,2,13
,2016_71306,39.724756,-105.025125,5/7/2016 8:25,8:25,3,0,0,SIXTH AVENUE WEST & FEDERAL BOULEVARD NORTH,1,3,0,0,1,1,,0,30,0,0,0,0,0,2,2,13
,2016_71320,39.681425,-104.992349,8/1/2016 16:08,16:08,3,0,0,EVANS AVENUE WEST & SANTA FE DRIVE SOUTH,1,1,1,0,1,1,,0,35,0,0,0,0,0,2,2,3
,2016_71321,39.687439,-104.991942,3/10/2016 5:48,5:48,1,0,0,SANTA FE DRIVE SOUTH & IOWA AVENUE,1,1,0,0,1,1,,0,45,0,0,0,0,0,2,2,13
,2016_71322,39.696,-104.992153,6/12/2016 6:55,6:55,5,0,0,PLATTE RIVER DRIVE SOUTH & MISSISSIPPI AVENUE WEST,1,1,0,0,2,4,,0,45,0,0,0,0,0,2,1,13
,2016_71323,39.702124,-104.994027,9/29/2016 20:29,20:29,15,0,0,SANTA FE DRIVE & I25 SOUTHBOUND RAMP OFF,1,3,1,0,1,4,,0,35,0,0,0,0,0,2,2,13
,2016_71343,39.737983,-105.025273,10/9/2016 13:47,13:47,12,0,0,FEDERAL BOULEVARD NORTH & WEST HOWARD PLACE,1,1,0,0,1,1,,0,35,0,0,0,0,0,2,2,13
,2016_71344,39.735634,-105.025303,6/16/2016 7:13,7:13,12,0,0,FEDERAL BOULEVARD NORTH SOUTHBOUND & HOLDEN PLACE WEST,1,1,0,0,1,1,,0,35,0,0,0,0,0,2,4,14
,2016_71345,39.735347,-105.025283,5/19/2016 9:32,9:32,12,0,0,BELLEVIEW AVENUE & MONACO STREET SOUTH,1,1,1,0,1,3,,0,40,0,0,0,0,0,2,2,1
,2016_71346,39.731188,-105.025182,2/17/2016 10:23,10:23,15,0,0,FEDERAL BOULEVARD NORTH & NINTH AVENUE WEST,1,1,0,0,1,1,,0,35,0,0,0,0,0,2,2,14
,2016_71347,39.793263,-104.957091,5/19/2016 15:40,15:40,5,0,0,COLUMBINE STREET NORTH  & BRIGHTON BOULEVARD,1,1,0,0,3,3,,0,30,0,0,0,0,0,2,1,8
,2016_71348,39.729284,-105.025154,1/17/2016 18:28,18:28,12,0,0,FEDERAL BOULEVARD NORTH & EIGHTH AVENUE WEST,1,3,0,0,1,2,,0,35,0,0,0,0,0,2,3,13
,2016_71349,39.724876,-105.025125,8/11/2016 1:06,1:06,15,0,0,FEDERAL BOULEVARD NORTH & SIXTH AVENUE WEST,1,3,0,0,1,1,,0,30,0,0,0,0,0,2,2,13
,2016_71350,39.724876,-105.025125,11/29/2016 13:22,13:22,12,0,0,FEDERAL BOULEVARD NORTH & SIXTH AVENUE WEST,1,1,1,0,1,3,,0,30,0,0,0,0,0,2,2,13
,2016_71351,39.723848,-105.025151,10/3/2016 6:15,6:15,12,0,0,FEDERAL BOULEVARD NORTH & FIFTH AVENUE WEST,1,1,0,0,1,4,,0,35,0,0,0,0,0,2,2,13
,2016_71352,39.719731,-105.025174,2/5/2016 14:42,14:42,1,0,0,FEDERAL BOULEVARD NORTH & SECOND AVENUE WEST,6,1,0,0,1,1,,0,35,0,0,0,0,0,2,2,13
,2016_71353,39.714831,-105.02514,3/4/2016 17:05,17:05,1,0,0,FEDERAL BOULEVARD SOUTH & BAYAUD AVENUE WEST,1,1,0,0,1,1,,0,35,0,0,0,0,1,2,3,13
,2016_71354,39.70849,-105.025081,8/5/2016 12:44,12:44,3,0,0,FEDERAL BOULEVARD SOUTH & ALASKA PLACE WEST,1,1,0,0,1,1,,0,40,0,0,0,0,1,2,2,7
,2016_71355,39.707624,-105.025082,10/20/2016 17:18,17:18,12,0,0,FEDERAL BOULEVARD SOUTH & VIRGINIA AVENUE WEST,1,1,0,0,1,1,,0,40,0,0,0,0,0,2,2,1
,2016_71356,39.706902,-105.025084,3/4/2016 12:20,12:20,5,0,0,FEDERAL BOULEVARD & CUSTER PLACE,1,1,0,0,1,4,,0,35,0,0,0,0,0,2,2,13
,2016_71357,39.704019,-105.02509,1/23/2016 19:15,19:15,1,0,1,SOUTH FEDERAL BOULEVARD & WEST EXPOSITION AVENUE,1,3,0,0,1,1,,0,35,0,0,0,0,2,2,2,13
,2016_71358,39.698782,-105.025078,10/29/2016 13:24,13:24,12,0,0,FEDERAL BOULEVARD SOUTH & TENNESSEE AVENUE WEST,1,1,0,0,1,3,,0,40,0,0,0,0,1,2,3,13
,2016_71359,39.698634,-105.025078,11/26/2016 8:20,8:20,3,0,0,FEDERAL BOULEVARD SOUTH & TENNESSEE AVENUE WEST,1,1,0,0,1,1,,0,25,0,0,0,0,0,2,2,13
,2016_71360,39.694802,-105.025063,10/29/2016 13:50,13:50,12,0,0,FEDERAL BOULEVARD 1200 BLOCK SOUTH & WEST ARIZONA AVENUE,1,1,0,0,1,4,,0,40,0,0,0,0,1,2,2,4
,2016_71361,39.693622,-105.025059,10/21/2016 12:37,12:37,1,0,2,FEDERAL BOULEVARD SOUTH & LOUISIANA AVENUE WEST,1,1,0,0,1,2,,0,40,0,0,0,0,2,2,2,2
,2016_71362,39.693033,-105.025057,7/24/2016 20:10,20:10,1,0,0,FEDERAL BOULEVARD SOUTH & LOUISIANA AVENUE WEST,1,1,0,0,1,1,,0,35,0,0,0,0,0,2,2,13
,2016_71363,39.691264,-105.02505,5/10/2016 17:35,17:35,1,0,0,FEDERAL BOULEVARD SOUTH & ARKANSAS AVENUE WEST,2,1,0,1,1,1,,0,35,0,0,0,0,0,2,2,7
,2016_71364,39.689495,-105.025043,1/1/2016 6:30,6:30,12,0,0,FEDERAL BOULEVARD SOUTH & FLORIDA AVENUE WEST,1,3,1,7,1,1,,0,40,0,0,0,0,0,2,2,7
,2016_71365,39.678921,-105.025034,1/29/2016 15:43,15:43,12,0,0,EVANS AVENUE WEST & FEDERAL BOULEVARD SOUTH,1,1,0,0,1,3,,0,35,0,0,0,0,0,2,2,13
,2016_71366,39.678338,-105.025037,2/27/2016 17:26,17:26,12,0,0,FEDERAL BOULEVARD 2100 BLOCK SOUTH & EVANS AVENUE WEST,1,1,0,0,1,4,,0,40,0,0,0,0,0,2,2,5
,2016_71367,39.676736,-105.025046,12/3/2016 21:46,21:46,3,0,0,WARREN AVENUE & FEDERAL BOULEVARD,1,3,0,0,1,1,,0,25,0,0,0,0,1,2,2,12
,2016_71368,39.673239,-105.025064,11/11/2016 11:45,11:45,14,0,1,SOUTH FEDERAL BOULEVARD & HARVARD AVENUE WEST,1,1,1,0,1,1,,0,40,0,0,0,0,2,2,2,7
,2016_71369,39.667882,-105.025107,7/18/2016 14:02,14:02,12,0,0,FEDERAL BOULEVARD SOUTH & YALE AVENUE WEST,1,1,0,0,1,3,,0,40,0,0,0,0,0,2,2,7
,2016_71390,39.653379,-105.053086,8/15/2016 17:59,17:59,12,0,0,SHERIDAN BOULEVARD  & HAMPDEN AVENUE WEST INTERCHANGE,1,1,0,0,1,4,,0,40,0,0,0,0,0,2,2,13
,2016_71391,39.657257,-105.053227,5/14/2016 14:50,14:50,15,0,0,SHERIDAN BOULEVARD SOUTH & COLGATE PLACE WEST,1,1,0,0,1,4,,0,40,0,0,0,0,0,2,3,1
,2016_71392,39.662816,-105.053242,11/6/2016 5:59,5:59,10,0,0,SHERIDAN BOULEVARD SOUTH & BATES AVENUE WEST,1,1,0,0,1,3,,0,40,0,0,0,0,0,2,2,14
,2016_71393,39.666034,-105.053251,4/15/2016 15:58,15:58,12,0,0,AMHERST AVENUE WEST & SHERIDAN BOULEVARD SOUTH,1,1,0,0,1,4,,0,40,0,0,0,0,1,2,2,5
,2016_71399,39.724175,-105.053225,12/2/2016 12:27,12:27,12,0,0,SHERIDAN BOULEVARD NORTH & FIFTH AVENUE WEST,1,1,0,0,1,3,,0,35,0,0,0,0,0,2,3,7
,2016_71400,39.725353,-105.053144,7/7/2016 15:07,15:07,12,0,0,SHERIDAN BOULEVARD NORTH & SIXTH AVENUE ON RAMP EASTBOUND,1,1,0,0,1,3,,0,35,0,0,0,0,0,2,2,8
,2016_71401,39.733188,-105.053221,8/27/2016 17:50,17:50,12,0,0,10TH AVENUE WEST & HIGHWAY 95A / SHERIDAN BOULEVARD,1,1,0,0,1,4,,0,30,0,0,0,0,0,2,2,13
,2016_71403,39.734186,-105.053219,1/26/2016 17:18,17:18,12,0,1,SHERIDAN BOULEVARD & 1100 BLOCK NORTH,1,1,0,0,1,4,,0,35,0,0,0,0,2,2,5,3
,2016_71434,39.617155,-105.09112,8/24/2016 16:55,16:55,12,0,0,WADSWORTH BOULEVARD SOUTH & CRESTLINE AVENUE WEST APPROXIMATELY,1,1,0,0,1,4,,0,45,0,0,0,0,0,2,2,3
,2016_71436,39.618006,-105.091112,3/24/2016 13:26,13:26,3,0,0,WADSWORTH BOULEVARD SOUTH & CRESTLINE AVENUE WEST,1,1,0,0,1,1,,0,45,0,0,0,0,0,2,2,2
,2016_71437,39.630085,-105.086834,11/21/2016 18:22,18:22,12,0,0,WADSWORTH BOULEVARD SOUTH & LAYTON AVENUE WEST,1,3,0,0,1,3,,0,35,0,0,0,0,0,2,2,7
,2016_71516,39.635522,-104.893462,6/10/2016 9:35,9:35,1,0,0,TAMARAC STREET SOUTH & I225 NORTH,1,1,0,0,1,1,,0,35,0,0,0,0,0,1,2,13
,2016_71517,39.635672,-104.892896,1/23/2016 20:40,20:40,15,0,0,I225 & TAMARAC STREET SOUTH,1,3,1,0,1,4,,0,50,0,0,0,0,0,1,2,13
,2016_71518,39.639223,-104.885207,7/27/2016 16:18,16:18,12,0,2,I225 NORTHBOUND ON RAMP & YOSEMITE,1,1,1,0,1,1,,0,35,0,0,0,0,2,1,2,14
,2016_71519,39.640959,-104.8817,5/4/2016 12:15,12:15,15,0,0,I225 SOUTHBOUND & YOSEMITE STREET SOUTH,1,1,1,0,1,4,,0,55,0,0,0,0,0,1,2,8
,2016_71550,39.779661,-104.967133,1/14/2016 22:35,22:35,1,0,0,BRIGHTON BOULEVARD 4500 BLOCK NORTH & I70 EASTBOUND ON RAMP,1,3,0,0,1,1,,0,35,0,0,0,0,1,2,2,7
,2016_71551,39.780781,-104.966774,2/1/2016 15:41,15:41,15,0,0,46TH AVENUE & BRIGHTON BOULEVARD,2,1,0,2,1,1,,0,30,0,0,0,0,0,2,2,13
,2016_71552,39.780781,-104.966774,10/27/2016 6:55,6:55,1,0,0,46TH AVENUE EAST & BRIGHTON BOULEVARD,1,1,0,0,1,1,,0,35,0,0,0,0,1,2,2,7
,2016_71571,39.772962,-105.02523,11/3/2016 2:00,2:00,5,0,0,41ST AVENUE WEST & FEDERAL BOULEVARD NORTH,1,3,0,0,2,1,,0,,0,0,0,0,0,2,1,5
,2016_71573,39.653151,-105.055227,12/21/2016 16:50,16:50,9,0,1,HAMPDEN AVENUE WEST & SHERIDAN BOULEVARD SOUTH,1,1,0,0,2,4,,0,40,0,0,0,0,2,2,1,5
,2016_71574,39.65315,-105.054088,3/4/2016 16:30,16:30,15,0,0,SHERIDAN BOULEVARD SOUTH & HAMPDEN AVENUE WEST,1,1,0,0,1,4,,0,55,0,0,0,0,0,2,2,1
,2016_71593,39.65298,-104.931503,10/31/2016 21:56,21:56,12,0,0,HAMPDEN AVENUE 4800 BLOCK EAST & DAHLIA STREET SOUTH,1,2,0,0,1,3,,0,40,0,0,0,0,1,2,2,13
,2016_71594,39.652979,-104.920184,6/3/2016 18:00,18:00,3,0,0,HAMPDEN AVENUE EAST & IVY WAY SOUTH,1,1,1,0,1,1,,0,45,0,0,0,0,0,2,2,13
,2016_71595,39.652979,-104.918863,3/31/2016 22:35,22:35,1,0,1,HAMPDEN AVENUE EAST & I25 SOUTHBOUND ON RAMP,1,3,1,0,1,1,,0,35,0,0,0,0,2,2,2,2
,2016_71597,39.652979,-104.918863,9/30/2016 17:15,17:15,12,0,0,HAMPDEN AVENUE EAST & I25 SOUTHBOUND RAMPS,1,1,1,0,1,4,,0,30,0,0,0,0,0,2,2,14
,2016_71598,39.652979,-104.918863,12/6/2016 15:12,15:12,12,0,0,HAMPDEN AVENUE EASTBOUND & I25 SOUTHBOUND RAMP,1,5,1,0,1,1,,0,10,0,0,0,0,0,2,2,3
,2016_71599,39.75854,-105.025143,2/5/2016 11:19,11:19,3,0,0,29TH AVENUE WEST & FEDERAL BOULEVARD NORTH,1,1,0,0,1,1,,0,35,0,0,0,0,0,2,2,14
,2016_71691,39.834134,-104.746852,9/1/2016 22:52,22:52,15,0,0,PENA BOULEVARD & E470 EXIT 6,1,3,0,6,1,4,,0,55,0,0,0,0,0,2,2,8
,2016_71703,39.6549,-104.940497,1/12/2016 17:59,17:59,12,0,0,SOUTH COLORADO BOULEVARD & EAST GIRARD AVENUE,1,3,0,0,1,1,,0,40,0,0,0,0,0,2,2,3
,2016_71704,39.670512,-104.940614,1/4/2016 18:37,18:37,12,0,0,COLORADO BOULEVARD SOUTH & HARVARD AVENUE EAST,1,3,0,0,1,3,,0,35,0,0,0,0,0,2,3,3
,2016_71705,39.675602,-104.940629,2/28/2016 1:46,1:46,15,0,0,COLORADO BOULEVARD SOUTH & ILIFF AVENUE EAST,1,3,0,0,1,4,,0,35,0,0,0,0,0,2,2,5
,2016_71706,39.677864,-104.940636,12/20/2016 13:45,13:45,15,0,0,COLORADO BOULEVARD SOUTH & EVANS AVENUE EAST,2,1,0,0,1,4,,0,35,0,0,0,0,0,2,2,1
,2016_71707,39.67843,-104.940638,7/22/2016 21:00,21:00,12,0,0,COLORADO BOULEVARD SOUTH & EVANS AVENUE EAST,1,3,0,0,1,3,,0,35,0,0,0,0,0,2,3,5
,2016_71708,39.685533,-104.940543,2/16/2016 18:00,18:00,5,0,0,COLORADO BOULEVARD SOUTH & MEXICO AVENUE EAST,1,3,0,0,2,1,,0,35,0,0,0,0,0,2,1,3
,2016_71709,39.689119,-104.940546,1/23/2016 19:20,19:20,1,0,0,COLORADO BOULEVARD SOUTH & FLORIDA AVENUE EAST,1,3,0,0,1,1,,0,35,0,0,0,0,0,2,3,7
,2016_71711,39.690613,-104.940547,12/30/2016 11:20,11:20,12,0,0,COLORADO BOULEVARD SOUTH & ARKANSAS AVENUE EAST,1,1,1,0,1,4,,0,35,0,0,0,0,0,2,2,12
,2016_71712,39.691061,-104.940547,10/20/2016 11:37,11:37,12,0,0,COLORADO BL 1300 BLOCK SOUTH & ARKANSAS AVENUE EAST,1,1,1,0,1,3,,0,35,0,0,0,0,0,2,2,7
,2016_71713,39.69659,-104.940565,8/28/2016 14:05,14:05,12,0,0,HIGHWAY 2A / COLORADO BOULEVARD & MISSISSIPPI AVENUE EAST,1,1,0,0,1,1,,0,35,0,0,0,0,0,2,2,13
,2016_71714,39.69659,-104.940565,11/10/2016 15:25,15:25,1,0,1,COLORADO BOULEVARD SOUTH & MISSISSIPPI AVENUE EAST,1,1,0,0,1,1,,0,35,0,0,0,0,2,2,2,13
,2016_71719,39.716746,-104.94061,10/20/2016 19:55,19:55,12,0,0,LEETSDALE DRIVE NORTHBOUND SLIP OFF TO & COLORADO BOULEVARD SOUTH,1,3,1,0,1,1,,0,35,0,0,0,0,0,2,2,13
,2016_71720,39.719664,-104.940609,1/28/2016 16:43,16:43,12,0,0,COLORADO BOULEVARD 100 BLOCK NORTH & FIRST AVENUE EAST,1,1,0,0,1,3,,0,35,0,0,0,0,0,2,2,13
,2016_71721,39.72302,-104.940607,7/15/2016 17:00,17:00,12,0,0,COLORADO BOULEVARD NORTH & THIRD AVENUE EAST,2,1,0,1,1,3,,0,35,0,0,0,0,0,2,2,13
,2016_71722,39.734546,-104.940603,11/30/2016 18:41,18:41,15,0,0,COLORADO BOULEVARD 1100 BLOCK NORTH & 12TH AVENUE EAST,1,3,0,0,1,4,,0,35,0,0,0,0,0,2,2,14
,2016_71723,39.736735,-104.940603,11/8/2016 9:50,9:50,15,0,0,COLORADO BOULEVARD NORTH & 13TH AVENUE,1,1,0,0,1,4,,0,35,0,0,0,0,0,2,2,13
,2016_71724,39.738485,-104.940602,8/28/2016 16:10,16:10,3,0,0,14TH AVENUE EAST & HIGHWAY 2A / COLORADO BOULEVARD,1,1,0,0,1,1,,0,35,0,0,0,0,0,2,2,14
,2016_71725,39.74009,-104.940601,7/18/2016 20:46,20:46,12,0,0,COLORADO BOULEVARD NORTH & COLFAX AVENUE EAST,1,3,0,0,1,4,,0,35,0,0,0,1,1,2,2,13
,2016_71726,39.740236,-104.940601,1/6/2016 17:49,17:49,1,0,0,HIGHWAY 40C / COLFAX AVENUE EAST & HIGHWAY 2A / COLORADO BOULEVARD,1,3,1,0,1,1,,0,35,0,0,0,0,0,2,2,13
,2016_71727,39.741258,-104.940601,12/19/2016 14:23,14:23,14,0,0,COLORADO BOULEVARD NORTH & 16TH AVENUE EAST,6,1,0,0,1,4,,0,35,0,0,0,0,0,2,2,14