id,drcog_id,latitude,longitude,crashtime,time,crashtype,numbkilled,numbinjurd,drcoglocat,rdconditin,lightngcon,roadcntgrd,weatherco,location,roaddescrp,schoolzone,constrzone,splimit,bikeinv,pedinv,sctrinv,motoinv,svrty,rdsystem,ttlvehcls,hcf
,2016_71728,39.741404,-104.940601,6/22/2016 16:26,16:26,12,0,0,COLORADO BOULEVARD & 1600 BLOCK NORTH,1,1,0,0,1,4,,0,35,0,0,0,0,0,2,2,13
,2016_71729,39.751179,-104.940597,11/14/2016 5:03,5:03,12,0,0,COLORADO BOULEVARD NORTH & 23RD AVENUE EAST,1,3,0,0,1,1,,0,30,0,0,0,0,0,2,2,14
,2016_71730,39.765544,-104.940497,4/5/2016 23:50,23:50,12,0,0,COLORADO BOULEVARD 3400 BLOCK NORTH & 35TH AVENUE EAST,1,3,0,0,1,1,,0,35,0,0,0,0,0,2,4,13
,2016_71731,39.765544,-104.940497,9/29/2016 20:10,20:10,12,0,0,COLORADO BOULEVARD NORTH & 35TH AVENUE EAST,1,3,0,0,1,1,,0,35,0,0,0,0,0,2,2,13
,2016_71750,39.72565,-105.052832,12/15/2016 8:59,8:59,12,0,0,SIXTH AVENUE EASTBOUND ON RAMP & SHERIDAN BOULEVARD NORTH,1,1,1,0,1,14,,0,65,0,0,0,0,0,2,2,1
,2016_71751,39.725596,-105.041758,9/25/2016 18:01,18:01,15,0,0,SIXTH AVENUE WEST & 4000 BLOCK,1,1,0,0,1,4,,0,55,0,0,0,0,0,2,2,1
,2016_71752,39.725562,-105.039425,7/3/2016 21:46,21:46,5,0,1,SIXTH AVENUE WEST & PERRY STREET NORTH SEP,1,3,0,0,2,4,,0,55,0,0,0,0,2,2,1,1
,2016_71753,39.725534,-105.03713,12/18/2016 8:20,8:20,12,0,0,SIXTH AVENUE WEST & NEWTON STREET NORTH,5,1,0,0,1,4,,0,30,0,0,0,0,0,2,2,13
,2016_71754,39.725455,-105.032456,1/20/2016 15:54,15:54,12,0,0,SIXTH AVENUE WEST & KNOX COURT NORTH,1,1,1,0,1,4,,0,55,0,0,0,0,0,2,2,13
,2016_71755,39.725415,-105.025068,1/13/2016 17:33,17:33,12,0,0,SIXTH AVENUE WEST WB OFF RAMP & FEDERAL BOULEVARD NORTH,1,1,1,0,1,14,,0,55,0,0,0,0,0,2,3,13
,2016_71756,39.725188,-105.018611,9/20/2016 21:33,21:33,12,0,0,SIXTH AVENUE WEST & BRYANT STREET NORTH,1,3,0,0,1,4,,0,55,0,0,0,0,1,2,2,1
,2016_71757,39.725211,-105.017885,5/27/2016 10:34,10:34,15,0,0,SIXTH AVENUE WEST & I25 NORTHBOUND ON RAMP,1,1,1,0,1,4,,0,55,0,0,0,0,0,2,2,13
,2016_71758,39.725375,-105.015291,12/1/2016 3:04,3:04,5,0,0,SIXTH AVENUE WB COLLECTOR RAMP & WB ON RAMP FROM I25,1,3,1,0,3,14,,0,35,0,0,0,0,1,2,1,8
,2016_71759,39.72552,-105.013082,6/30/2016 17:01,17:01,15,0,0,SIXTH AVENUE WEST  & I25,1,1,0,0,1,4,,0,30,0,0,0,0,1,2,2,13
,2016_71760,39.779391,-104.989164,12/15/2016 16:54,16:54,12,0,0,I25 & I70,1,3,1,0,1,4,,0,55,0,0,0,0,0,1,2,13
,2016_71761,39.779244,-104.949727,10/22/2016 20:10,20:10,12,0,0,STEELE STREET NORTH & I70 EASTBOUND RAMPS,1,3,0,0,1,1,,0,35,0,0,0,0,0,2,2,13
,2016_71762,39.781449,-104.94971,2/4/2016 20:40,20:40,12,0,1,VASQUEZ BOULEVARD NORTH & STEELE STREET NORTH,1,3,0,0,1,3,,0,35,0,0,0,0,2,2,2,5
,2016_71839,39.633614,-104.90654,6/14/2016 16:29,16:29,12,0,0,I25  & I225 HIGHWAY SOUTHBOUND,1,1,0,0,1,4,,0,65,0,0,0,0,0,1,2,3
,2016_71840,39.633614,-104.90654,8/1/2016 17:36,17:36,12,0,0,I25  & I225,1,1,0,0,1,4,,0,65,0,0,0,0,0,1,2,13
,2016_71841,39.63425,-104.906839,6/30/2016 21:10,21:10,12,0,0,I25 HIGHWAY SOUTHBOUND & I225 HIGHWAY NORTHBOUND FLYOVER,1,3,0,0,1,4,,0,55,0,0,0,0,0,1,2,13
,2016_71842,39.639103,-104.91017,10/3/2016 7:18,7:18,12,0,1,I25 & QUINCY AVENUE EAST,1,1,0,0,1,4,,0,65,0,0,0,0,2,1,3,3
,2016_71843,39.64994,-104.9165,6/15/2016 8:52,8:52,15,0,0,I25 HIGHWAY SOUTHBOUND & HAMPDEN AVENUE EAST,1,1,0,0,1,4,,0,65,0,0,0,0,0,1,2,13
,2016_71844,39.650748,-104.91697,7/2/2016 6:26,6:26,12,0,0,I25 NORTHBOUND & HAMPDEN AVENUE EAST,2,1,0,1,1,4,,0,50,0,0,0,0,0,1,2,7
,2016_71845,39.695548,-104.980523,11/2/2016 18:20,18:20,12,0,0,I25 & WASHINGTON STREET SOUTH,1,2,0,0,1,4,,0,55,0,0,0,0,0,1,2,13
,2016_71846,39.652254,-104.917844,10/22/2016 10:14,10:14,12,0,0,I25 NORTHBOUND OFF RAMP & HAMPDEN AVENUE EAST,1,1,0,0,1,14,,0,45,0,0,0,0,0,1,2,13
,2016_71847,39.653259,-104.918319,2/17/2016 15:27,15:27,12,0,0,I25 & HAMPDEN AVENUE EAST,1,1,0,0,1,4,,0,55,0,0,0,0,0,1,3,3
,2016_71848,39.667623,-104.925611,8/30/2016 15:13,15:13,12,0,0,I25 NORTHBOUND OFF RAMP & YALE AVENUE EAST,1,1,1,0,1,1,,0,30,0,0,0,0,0,1,2,14
,2016_71849,39.668067,-104.92591,12/9/2016 9:20,9:20,12,0,0,I25 & YALE AVENUE EAST,1,1,0,0,1,4,,0,60,0,0,0,0,0,1,2,13
,2016_71850,39.66862,-104.926282,1/4/2016 22:55,22:55,12,0,0,I25 SOUTHBOUND OFF RAMP & YALE AVENUE EAST,1,3,0,0,1,14,,0,25,0,0,0,0,0,1,2,5
,2016_71851,39.670889,-104.927774,8/19/2016 8:02,8:02,12,0,0,I25 & YALE AVENUE EAST,1,1,0,0,1,4,,0,65,0,0,0,0,1,1,2,13
,2016_71852,39.678367,-104.933559,5/11/2016 6:59,6:59,12,0,0,I25 & EVANS AVENUE EAST,1,1,0,0,1,4,,0,60,0,0,0,0,1,1,2,3
,2016_71853,39.678367,-104.933559,11/15/2016 12:30,12:30,15,0,0,I25 & EVANS AVENUE EAST,1,1,0,0,1,4,,0,50,0,0,0,0,0,1,2,13
,2016_71854,39.68432,-104.945396,11/1/2016 12:13,12:13,15,0,0,I25 SOUTHBOUND EXIT RAMP GORE POINT BEGIN & COLORADO BOULEVARD SOUTH,1,1,0,0,1,14,,0,35,0,0,0,0,0,1,2,13
,2016_71855,39.684758,-104.948043,10/6/2016 0:04,0:04,15,0,0,I25 & STEELE STREET,1,3,0,0,1,4,,0,60,0,0,0,0,0,1,2,7
,2016_71856,39.68492,-104.959509,6/18/2016 18:43,18:43,5,0,0,I25 & UNIVERSITY BOULEVARD SOUTH,1,1,1,0,3,4,,0,55,0,0,0,0,0,1,1,3
,2016_71857,39.685463,-104.963908,4/27/2016 9:05,9:05,12,0,0,I25 & UNIVERSITY BOULEVARD SOUTH,1,1,1,0,1,4,,0,50,0,0,0,0,0,1,3,13
,2016_71858,39.690115,-104.973561,2/2/2016 14:54,14:54,12,0,0,I25 & DOWNING STREET SOUTH,4,1,0,0,1,4,,0,60,0,0,0,0,0,1,2,1
,2016_71860,39.701466,-104.987451,11/3/2016 15:27,15:27,12,0,0,I25 & BROADWAY,1,1,0,0,1,4,,0,55,0,0,0,0,0,1,2,13
,2016_71861,39.707118,-104.996779,6/29/2016 23:16,23:16,12,0,0,KALAMATH STREET SOUTH  & I25 HIGHWAY SOUTHBOUND RAMP ON,1,3,0,0,1,4,,0,30,0,0,0,0,0,1,2,12
,2016_71862,39.707118,-104.996779,10/7/2016 15:10,15:10,12,0,0,I25 & SANTA FE DRIVE SOUTH,1,1,0,0,1,4,,0,55,0,0,0,0,0,1,2,14
,2016_71863,39.707643,-104.997034,11/16/2016 18:05,18:05,12,0,0,I25 & MM 207,1,1,0,0,1,4,,0,55,0,0,0,0,0,1,2,1
,2016_71864,39.709613,-104.997988,9/27/2016 16:22,16:22,15,0,0,I25 NORTHBOUND RAMP ON LANE MERGE & NORTHBOUND ENTRANCE GORE FROM SANTA FE DRIVE NORTHBOUND,1,1,0,0,1,14,,0,55,0,0,0,0,0,1,2,13
,2016_71865,39.710009,-104.998187,1/20/2016 6:20,6:20,15,0,0,I25 HIGHWAY RAMP ON & SANTA FE,1,1,1,0,1,14,,0,55,0,0,0,0,0,1,2,1
,2016_71866,39.710147,-104.998269,6/21/2016 13:20,13:20,15,0,0,I25 NORTHBOUND ON RAMP FROM & WEST ALAMEDA AVENUE,1,1,1,0,1,4,,0,55,0,0,0,0,0,1,2,13
,2016_71867,39.711525,-104.999094,2/12/2016 16:36,16:36,12,0,0,I25 & WEST ALAMEDA AVENUE,1,1,1,0,1,4,,0,55,0,0,0,0,0,1,2,13
,2016_71868,39.711525,-104.999094,2/23/2016 16:43,16:43,15,0,0,I25 & ALAMEDA AVENUE,1,1,1,0,1,4,,0,55,0,0,0,0,0,1,3,13
,2016_71869,39.711525,-104.999094,4/2/2016 15:24,15:24,12,0,0,I25 & WEST ALAMEDA AVENUE,1,1,1,0,1,4,,0,55,0,0,0,0,1,1,2,13
,2016_71871,39.711801,-104.999259,4/25/2016 17:19,17:19,12,0,0,I25 & MM 208,1,1,1,0,1,4,,0,55,0,0,0,0,0,1,2,13
,2016_71872,39.713592,-105.00033,5/29/2016 15:46,15:46,15,0,0,I25 & ALAMEDA AVENUE WEST,1,1,0,0,1,4,,0,60,0,0,0,0,0,1,2,13
,2016_71873,39.713865,-105.000498,1/14/2016 6:10,6:10,15,0,0,I25 & ALAMEDA AVENUE WEST,1,3,0,0,1,4,,0,55,0,0,0,0,0,1,3,1
,2016_71874,39.714395,-105.000844,5/23/2016 21:40,21:40,12,0,1,I25 RAMP ON & NORTHBOUND GORE POINT,1,3,1,0,1,14,,0,55,0,0,0,0,2,1,2,13
,2016_71875,39.720036,-105.007094,8/6/2016 0:38,0:38,15,0,0,I25 NORTHBOUND & SIXTH AVENUE WEST INTERCHANGE,1,3,0,0,1,4,,0,55,0,0,0,0,1,1,2,1
,2016_71876,39.723536,-105.011305,11/4/2016 13:24,13:24,12,0,0,I25 & SIXTH AVENUE INTERCHANGE,1,1,0,0,1,4,,0,55,0,0,0,0,0,1,2,14
,2016_71877,39.723881,-105.011684,11/5/2016 21:22,21:22,15,0,0,I25 & SIXTH AVENUE,1,3,0,0,1,4,,0,55,0,0,0,0,0,1,2,13
,2016_71878,39.725281,-105.012899,1/14/2016 12:48,12:48,12,0,0,I25 & SIXTH AVENUE INTERCHANGE,1,1,0,0,1,4,,0,55,0,0,0,0,0,1,2,13
,2016_71879,39.725281,-105.012899,7/27/2016 7:25,7:25,12,0,0,I25 & SIXTH AVENUE INTERCHANGE,1,1,0,0,1,4,,0,55,0,0,0,0,0,1,3,14
,2016_71880,39.725281,-105.012899,12/2/2016 6:24,6:24,15,0,0,I25 & SIXTH AVENUE INTERCHANGE,1,1,0,0,1,4,,0,55,0,0,0,0,0,1,2,13
,2016_71881,39.727572,-105.014187,12/12/2016 11:05,11:05,12,0,1,I25 & SIXTH AVENUE,1,1,0,0,1,4,,0,55,0,0,0,0,2,1,3,1
,2016_71882,39.729419,-105.014852,12/10/2016 17:44,17:44,12,0,0,I25 & EIGHTH AVENUE WEST INTERCHANGE,1,3,0,0,1,4,,0,55,0,0,0,0,0,1,2,13
,2016_71883,39.729573,-105.014907,8/26/2016 11:20,11:20,15,0,0,I25 & EIGHTH AVENUE WEST,1,1,0,0,1,4,,0,55,0,0,0,0,0,1,2,1
,2016_71884,39.732693,-105.01558,2/27/2016 9:54,9:54,12,0,0,I25 & EIGHTH AVENUE WEST,1,1,1,0,1,4,,0,55,0,0,0,0,0,1,2,13
,2016_71885,39.736873,-105.014064,10/26/2016 10:35,10:35,5,0,0,I25 NORTHBOUND & 13TH AVENUE WEST,1,1,1,0,3,14,,0,55,0,0,0,0,0,1,2,13
,2016_71886,39.74749,-105.018114,5/16/2016 16:59,16:59,12,0,0,I25 & 20TH STREET MILE HIGH,2,1,0,1,1,4,,0,55,0,0,0,0,0,1,2,13
,2016_71887,39.763481,-105.001802,4/29/2016 14:48,14:48,15,0,0,I25 & 33RD AVENUE WEST,2,1,1,2,1,4,,0,55,0,0,0,0,0,1,2,13
,2016_71888,39.750581,-105.016886,6/23/2016 21:13,21:13,15,0,0,I25 HIGHWAY NORTHBOUND  & 23RD AVENUE WEST INTERCHANGE,1,1,0,0,1,4,,0,55,0,0,0,0,0,1,2,13
,2016_71889,39.75115,-105.016647,8/16/2016 22:10,22:10,12,0,0,I25 & 23RD AVENUE,1,3,0,0,1,4,,0,55,0,0,0,0,1,1,2,7
,2016_71890,39.751295,-105.016566,3/6/2016 14:20,14:20,15,0,0,I25 & 23RD AVENUE WEST,1,1,0,0,1,4,,0,55,0,0,0,0,0,1,2,5
,2016_71891,39.754741,-105.013278,11/9/2016 15:37,15:37,12,0,1,I25 NORTHBOUND & SPEER BOULEVARD NORTH,1,1,0,0,1,4,,0,55,0,0,0,1,2,1,2,1
,2016_71892,39.755118,-105.012754,1/26/2016 15:51,15:51,12,0,0,I25 & SPEER BOULEVARD,1,1,0,0,1,4,,0,55,0,0,0,0,1,1,3,12
,2016_71893,39.755118,-105.012754,3/11/2016 13:45,13:45,12,0,0,I25 & SPEER BOULEVARD NORTH,1,1,0,0,1,4,,0,55,0,0,0,0,0,1,2,14
,2016_71894,39.755118,-105.012754,5/21/2016 16:42,16:42,15,0,0,I25 & SPEER BOULEVARD NORTH,14,1,0,0,1,4,,0,55,0,0,0,0,0,1,2,14
,2016_71895,39.756721,-105.010527,10/20/2016 16:57,16:57,12,0,0,I25 NORTHBOUND & SPEER BOULEVARD NORTH,1,1,0,0,1,4,,0,55,0,0,0,0,0,1,2,14
,2016_71896,39.760583,-105.004924,3/8/2016 19:01,19:01,12,0,0,I25 & 20TH STREET,1,3,0,0,1,4,,0,55,0,0,0,0,0,1,2,13
,2016_71897,39.760997,-105.004271,1/5/2016 17:01,17:01,12,0,0,I25 & 20TH STREET,1,2,0,0,1,4,,0,55,0,0,0,0,0,1,3,13
,2016_71898,39.760997,-105.004271,1/12/2016 15:10,15:10,12,0,0,I25 & 20TH STREET,1,1,1,0,1,4,,0,55,0,0,0,0,1,1,2,13
,2016_71899,39.760997,-105.004271,8/2/2016 10:57,10:57,12,0,0,I25 & 20TH STREET,1,1,0,0,1,4,,0,55,0,0,0,0,0,1,2,3
,2016_71900,39.760997,-105.004271,10/6/2016 9:45,9:45,15,0,0,I25 NORTHBOUND & 20TH STREET,1,1,0,0,1,4,,0,55,0,0,0,0,0,1,3,12
,2016_71901,39.76111,-105.004124,11/28/2016 18:23,18:23,12,0,0,I25 & 20TH STREET,1,3,1,0,1,4,,0,55,0,0,0,0,0,1,2,14
,2016_71902,39.767204,-104.99692,4/25/2016 7:43,7:43,12,0,0,I25 & INCA STREET NORTH,1,1,1,0,1,4,,0,55,0,0,0,0,0,1,2,3
,2016_71903,39.767694,-104.995669,4/22/2016 2:57,2:57,5,0,0,I25 & 38TH AVENUE WEST,1,3,1,0,2,4,,0,55,0,0,0,0,0,1,1,13
,2016_71904,39.768049,-104.994761,5/4/2016 22:16,22:16,5,0,0,I25 & PARK AVENUE WEST,1,3,0,0,1,4,,0,55,0,0,0,0,0,1,2,13
,2016_71905,39.768049,-104.994761,4/16/2016 16:14,16:14,12,0,0,PARK AVENUE WEST & 38TH AVENUE,6,1,0,2,1,4,,0,30,0,0,0,0,0,1,2,13
,2016_71906,39.768049,-104.994761,2/7/2016 23:00,23:00,12,0,0,I25 & PARK AVENUE WEST EXIT GORE POINT,1,3,1,0,1,14,,0,55,0,0,0,0,0,1,2,7
,2016_71907,39.768049,-104.994761,5/22/2016 9:30,9:30,12,0,0,38TH AVENUE WEST & FOX STREET NORTH,1,1,0,0,1,3,,0,35,0,0,0,0,0,1,2,13
,2016_71908,39.768124,-104.99459,4/16/2016 0:45,0:45,5,0,0,I25 NORTHBOUND ON RAMP & PARK AVENUE WEST,2,3,0,1,2,14,,0,35,0,0,0,0,0,1,1,5
,2016_71909,39.768124,-104.99459,6/27/2016 0:58,0:58,5,0,0,I25 SOUTHBOUND ON LOOP RAMP & 38TH AVENUE WEST / FOX STREET,1,3,0,0,3,14,,0,35,0,0,0,0,0,1,1,5
,2016_71910,39.768286,-104.994217,9/8/2016 21:26,21:26,15,0,1,I25 SOUTHBOUND & 38TH AVENUE WEST APPROXIMATELY,1,3,0,0,1,4,,0,65,0,0,0,0,2,1,2,5
,2016_71911,39.769797,-104.991867,4/13/2016 7:30,7:30,12,0,0,I25 & 38TH AVENUE,1,1,1,0,1,4,,0,55,0,0,0,0,0,1,3,1
,2016_71913,39.770112,-104.991502,11/20/2016 9:15,9:15,15,0,0,I25  & UNKNOWN LOC IN DENVER COUNTY,1,1,0,0,1,4,,0,55,0,0,0,0,0,1,2,13
,2016_71914,39.776587,-104.989207,9/10/2016 0:55,0:55,12,0,0,I25 & 48TH AVENUE WEST,1,3,0,0,1,4,,0,55,0,0,0,0,0,1,2,14
,2016_71916,39.779391,-104.989164,5/14/2016 14:27,14:27,12,0,0,I25SB & I70 WB,1,1,0,0,1,4,,0,55,0,0,0,0,0,1,3,13
,2016_71917,39.783855,-104.989142,10/25/2016 16:38,16:38,12,0,0,I25 & 48TH AVENUE WEST,1,1,1,0,1,4,,0,55,0,0,0,0,1,1,2,13
,2016_71918,39.786878,-104.989125,9/15/2016 8:00,8:00,15,0,0,I25 & I70 SOUTHBOUND EXIT GORE APPROXIMATELY,1,1,0,0,1,4,,0,55,0,0,0,0,0,1,3,14
,2016_71919,39.787424,-104.989088,8/10/2016 20:25,20:25,15,0,0,I25 & 50TH AVENUE,1,1,0,0,1,4,,0,55,0,0,0,0,0,1,2,13
,2016_71920,39.790644,-104.988531,1/1/2016 21:17,21:17,5,0,0,I25 SOUTHBOUND OFF RAMP & 48TH AVENUE WEST EXIT GORE POINT,1,3,0,0,3,14,,0,55,0,0,0,0,1,1,1,5
,2016_71969,39.711107,-105.031012,1/24/2016 17:10,17:10,12,0,0,WEST ALAMEDA AVENUE & SOUTH JULIAN STREET,1,2,0,0,1,4,,0,30,0,0,0,0,1,2,3,14
,2016_71970,39.711102,-105.030642,11/4/2016 6:30,6:30,15,0,0,ALAMEDA AVENUE WEST & IRVING STREET SOUTH,1,1,0,0,1,4,,0,35,0,0,0,0,1,2,2,13
,2016_71971,39.711125,-105.015705,1/29/2016 15:10,15:10,3,0,0,ALAMEDA AVENUE WEST & ZUNI STREET SOUTH,1,1,0,0,1,1,,0,35,0,0,0,0,0,2,2,5
,2016_71972,39.653097,-104.901634,4/17/2016 2:17,2:17,3,0,0,HAMPDEN AVENUE EAST & TAMARAC DRIVE SOUTH,12,3,0,2,1,2,,0,35,0,0,0,0,0,2,2,1
,2016_71973,39.65302,-104.87557,1/20/2016 18:17,18:17,15,0,0,HAMPDEN AVENUE EAST & DAYTON STREET SOUTH,1,3,0,0,1,4,,0,45,0,0,0,0,0,2,2,3
,2016_71983,39.707393,-104.86598,11/21/2016 16:30,16:30,1,0,0,HAVANA STREET SOUTH & VIRGINIA AVENUE EAST,1,1,0,0,1,1,,0,30,0,0,0,0,0,2,2,13
,2016_71998,39.779316,-104.903391,5/20/2016 11:45,11:45,12,0,0,QUEBEC STREET NORTH & I70 WB ON RAMP,1,1,0,0,1,4,,0,30,0,0,0,1,0,2,2,13
,2016_71999,39.78041,-104.902958,5/22/2016 20:40,20:40,12,0,0,QUEBEC STREET 4700 NORTH & NORTHFIELD BOULEVARD EAST,1,3,0,0,1,3,,0,35,0,0,0,0,1,2,2,13
,2016_72000,39.781424,-104.902112,4/23/2016 20:54,20:54,12,0,0,I270 EB/SB LOOP OFF RAMP 'H' & NORTHFIELD / QUEBEC STREET,1,3,0,0,1,14,,0,30,0,0,0,0,0,2,2,8
,2016_72001,39.783593,-104.900128,4/15/2016 10:50,10:50,10,0,0,QUEBEC STREET NORTH & I270 ON RAMP,1,1,1,0,1,1,,0,40,0,0,0,0,0,2,2,8
,2016_72054,39.740335,-105.041738,9/21/2016 14:57,14:57,15,0,0,COLFAX AVENUE WEST & RALEIGH STREET,1,1,0,0,1,1,,0,30,0,0,0,0,0,2,2,14
,2016_72055,39.740305,-105.025803,6/24/2016 20:39,20:39,15,0,0,COLFAX AVENUE WEST  & FEDERAL BOULEVARD INTERCHANGE,1,3,0,0,1,4,,0,35,0,0,0,0,0,2,2,13
,2016_72056,39.74023,-105.010013,8/28/2016 14:09,14:09,12,0,0,COLFAX AVENUE 1600 BLOCK WEST & OSAGE STREET NORTH APPROXIMATELY,1,1,1,0,1,4,,0,15,0,0,0,0,0,2,3,1
,2016_72057,39.740076,-105.005215,10/31/2016 15:05,15:05,3,0,0,COLFAX AVENUE WEST & SEVENTH STREET,1,1,0,0,1,1,,0,35,0,0,0,0,0,2,2,5
,2016_72058,39.740023,-105.003897,9/19/2016 14:45,14:45,12,0,0,COLFAX AVENUE WEST & I25,1,1,0,0,1,4,,0,35,0,0,0,0,0,2,2,13
,2016_72059,39.74003,-105.002578,4/13/2016 7:15,7:15,12,0,0,COLFAX AVENUE 1100 BLOCK WEST & MARIPOSA STREET,1,2,1,0,1,4,,0,40,0,0,0,0,0,2,2,13
,2016_72060,39.740048,-104.999933,9/19/2016 16:38,16:38,1,0,0,KALAMATH STREET NORTH & COLFAX AVENUE WEST,1,1,0,0,1,3,,0,30,0,0,0,0,0,2,2,8
,2016_72061,39.74003,-104.996398,5/22/2016 10:10,10:10,12,0,0,GLENARM PLACE  & COLFAX AVENUE WEST,1,1,0,0,1,3,,0,35,0,0,0,0,0,2,2,14
,2016_72062,39.740007,-104.991824,9/6/2016 17:21,17:21,3,0,0,COLFAX AVENUE WEST & COURT PLACE,1,1,0,0,1,1,,0,30,0,0,0,0,1,2,2,13
,2016_72063,39.740005,-104.987167,11/9/2016 20:07,20:07,3,0,0,COLFAX AVENUE & BROADWAY STREET NORTH,1,3,0,0,1,1,,0,30,0,0,0,0,1,2,2,2
,2016_72064,39.740041,-104.983728,10/24/2016 1:40,1:40,1,0,0,COLFAX AVENUE EAST & GRANT STREET NORTH,1,3,0,0,1,1,,0,35,0,0,0,0,0,2,2,13
,2016_72065,39.740004,-104.975298,9/30/2016 9:42,9:42,3,0,0,COLFAX AVENUE EAST & OGDEN STREET NORTH ROAD SOUTH,1,1,0,0,1,1,,0,,0,0,0,0,0,2,2,1
,2016_72066,39.740013,-104.96987,4/30/2016 0:02,0:02,12,0,0,COLFAX AVENUE & HUMBOLDT STREET NORTH,2,3,0,1,1,4,,0,30,0,0,0,0,1,2,2,5
,2016_72067,39.739999,-104.966291,2/16/2016 17:00,17:00,12,0,0,COLFAX AVENUE 1700 BLOCK EAST & WILLIAMS STREET NORTH,1,1,0,0,1,4,,0,30,0,0,0,0,0,2,2,4
,2016_72068,39.739986,-104.963464,3/4/2016 19:30,19:30,6,0,0,COLFAX AVENUE 2000 BLOCK EAST & RACE STREET NORTH,1,3,0,0,1,1,,0,30,0,0,0,0,0,2,2,8
,2016_72069,39.740174,-104.95407,5/14/2016 14:07,14:07,12,0,0,COLFAX AVENUE EAST & DETROIT STREET NORTH,1,1,0,0,1,1,,0,30,0,0,0,0,0,2,2,13
,2016_72070,39.740163,-104.950683,3/24/2016 12:10,12:10,12,0,0,COLFAX AVENUE EAST & STREET PAUL STREET NORTH,2,1,0,0,1,3,,0,40,0,0,0,0,0,2,2,13
,2016_72071,39.740163,-104.950683,10/14/2016 18:29,18:29,12,0,0,COLFAX AVENUE EAST & STREET PAUL STREET NORTH,1,3,0,0,1,1,,0,35,0,0,0,0,1,2,2,3
,2016_72072,39.740141,-104.944097,2/28/2016 0:22,0:22,12,0,0,COLFAX AVENUE EAST & GARFIELD STREET NORTH,1,3,0,0,1,3,,0,30,0,0,0,0,0,2,3,5
,2016_72073,39.740058,-104.935092,9/23/2016 15:58,15:58,3,0,0,COLFAX AVENUE EAST & CLERMONT STREET SOUTH,1,1,0,0,1,1,,0,25,0,0,0,0,0,2,2,4
,2016_72074,39.74008,-104.920635,4/4/2016 7:47,7:47,3,0,0,COLFAX AVENUE EAST & IVY STREET NORTH,1,1,0,0,1,1,,0,25,0,0,0,0,1,2,2,13
,2016_72075,39.740084,-104.903536,12/24/2016 5:03,5:03,12,0,0,COLFAX AVENUE EAST & QUEBEC STREET NORTH,1,3,0,0,1,3,,0,35,0,0,0,0,1,2,2,6
,2016_72102,39.698614,-104.903606,6/14/2016 21:04,21:04,5,0,0,LEETSDALE DRIVE & QUEBEC STREET SOUTH,1,3,1,0,3,3,,0,35,0,0,0,0,0,2,1,5
,2016_72147,39.783357,-105.034655,8/12/2016 19:07,19:07,12,0,0,I70 EASTBOUND & LOWELL BOULEVARD NORTH,1,1,0,0,1,4,,0,35,0,0,0,0,1,1,2,13
,2016_72148,39.783573,-105.016268,8/25/2016 8:45,8:45,12,0,0,I70 & FEDERAL BOULEVARD NORTH,1,1,0,0,1,4,,0,65,0,0,0,0,0,1,2,13
,2016_72149,39.781132,-104.99389,7/1/2016 12:35,12:35,12,0,0,I70 EASTBOUND OFF RAMP & I25,1,1,1,0,1,14,,0,55,0,0,0,0,0,1,3,13
,2016_72150,39.779991,-104.989038,7/30/2016 16:50,16:50,12,0,0,I70 WB & I25 SOUTHBOUND,1,1,0,0,1,4,,0,55,0,0,0,0,0,1,2,13
,2016_72151,39.779693,-104.982199,5/12/2016 9:30,9:30,12,0,0,I70 EASTBOUND RAMP OFF & WASHINGTON STREET NORTH,1,1,0,0,1,14,,0,55,0,0,0,0,0,1,2,14
,2016_72152,39.780012,-104.959789,7/28/2016 7:53,7:53,12,0,0,I70 & YORK STREET NORTH,1,1,0,0,1,4,,0,55,0,0,0,0,0,1,2,13
,2016_72153,39.780012,-104.959789,8/17/2016 6:50,6:50,1,0,0,46TH AVENUE EAST UNDER I70 VIADUCT & YORK STREET NORTH,1,1,0,0,1,1,,0,30,0,0,0,0,1,4,2,7
,2016_72154,39.779999,-104.949951,11/21/2016 14:38,14:38,12,0,0,I70 & STEELE STREET APPROXIMATELY,1,1,0,0,1,4,,0,55,0,0,0,0,0,1,2,13
,2016_72155,39.779952,-104.941967,9/12/2016 7:25,7:25,12,0,0,I70 WB & MM 276.5 APPROXIMATELY,1,1,1,0,1,4,,0,55,0,0,0,0,0,1,3,13
,2016_72157,39.779944,-104.940603,3/15/2016 15:17,15:17,12,0,0,I70 & COLORADO BOULEVARD,1,1,0,0,1,4,,0,65,0,0,0,0,1,1,4,13
,2016_72158,39.779949,-104.94024,9/15/2016 8:45,8:45,12,0,0,I70 & COLORADO BOULEVARD,1,1,0,0,1,4,,0,55,0,0,0,0,0,1,2,13
,2016_72159,39.779972,-104.93885,5/4/2016 12:20,12:20,12,0,0,I70 WB & COLORADO BOULEVARD NORTH,1,1,0,1,1,4,,0,55,0,0,0,0,0,1,2,7
,2016_72160,39.780032,-104.931784,10/18/2016 8:45,8:45,12,0,0,I70 & DAHLIA STREET,1,1,0,0,1,4,,0,55,0,0,0,0,0,1,2,3
,2016_72161,39.778289,-104.912566,6/3/2016 14:08,14:08,5,0,0,I70 WB & MONACO STREET NORTH,1,1,1,0,3,4,,0,55,0,0,0,0,0,1,1,5
,2016_72162,39.778289,-104.912566,8/6/2016 6:57,6:57,12,0,0,I70 WB & MONACO STREET NORTH,1,1,1,0,1,4,,0,55,0,0,0,0,0,1,2,13