id,drcog_id,latitude,longitude,crashtime,time,crashtype,numbkilled,numbinjurd,drcoglocat,rdconditin,lightngcon,roadcntgrd,weatherco,location,roaddescrp,schoolzone,constrzone,splimit,bikeinv,pedinv,sctrinv,motoinv,svrty,rdsystem,ttlvehcls,hcf
,2016_72163,39.778293,-104.906188,3/29/2016 23:18,23:18,15,0,0,I70 EASTBOUND OFF RAMP & QUEBEC STREET,2,3,1,1,1,14,,0,35,0,0,0,0,1,1,2,14
,2016_72164,39.778295,-104.903636,10/13/2016 15:45,15:45,12,0,0,I70 & QUEBEC STREET,1,1,0,0,1,4,,0,65,0,0,0,0,0,1,2,1
,2016_72165,39.778295,-104.903454,6/28/2016 8:58,8:58,12,0,1,I70 & NORTHFIELD QUEBEC STREET NORTH,1,1,0,0,1,4,,0,55,0,0,0,0,2,1,5,1
,2016_72166,39.778295,-104.903454,7/6/2016 13:40,13:40,15,0,0,I70 & QUEBEC STREET,1,1,0,0,1,4,,0,55,0,0,0,0,0,1,2,13
,2016_72167,39.778295,-104.903454,7/25/2016 15:55,15:55,12,0,0,I70 & QUEBEC STREET,1,1,0,0,1,4,,0,55,0,0,0,0,0,1,2,13
,2016_72168,39.778296,-104.902543,5/28/2016 0:42,0:42,5,0,0,I70 EASTBOUND & QUEBEC STREET NORTH,1,3,0,0,2,4,,0,55,0,0,0,0,0,1,1,5
,2016_72169,39.777807,-104.890588,10/17/2016 12:35,12:35,15,0,0,I70 & CENTRAL PARK BOULEVARD ON RAMP,1,1,0,0,1,4,,0,55,0,0,0,0,0,1,2,13
,2016_72170,39.77681,-104.879369,6/23/2016 16:38,16:38,15,0,0,I70 EASTBOUND ON RAMP FROM & CENTRAL PARK BOULEVARD,2,1,0,1,1,14,,0,55,0,0,0,0,0,1,2,13
,2016_72171,39.775573,-104.865095,4/28/2016 21:12,21:12,12,0,0,I70 HIGHWAY EASTBOUND & HAVANA STREET NORTH,1,3,0,0,1,4,,0,55,0,0,0,0,0,1,2,13
,2016_72172,39.775573,-104.865095,5/31/2016 8:40,8:40,15,0,0,I70 & HAVANA STREET NORTH,1,1,1,0,1,4,,0,55,0,0,0,0,0,1,3,14
,2016_72173,39.775573,-104.865095,6/14/2016 7:27,7:27,12,0,0,I70 WB & HAVANA STREET NORTH,1,1,0,0,1,4,,0,55,0,0,0,0,0,1,2,1
,2016_72174,39.775557,-104.86491,8/17/2016 14:47,14:47,12,0,0,I70 EASTBOUND OFF LOOP SLIP RAMP & HAVANA STREET NORTH,1,1,1,0,1,14,,0,25,0,0,0,0,0,1,2,13
,2016_72175,39.775557,-104.86491,10/6/2016 8:15,8:15,12,0,0,I70 EASTBOUND RAMP OFF & HAVANA STREET NORTH,2,1,0,1,1,14,,0,25,0,0,0,0,0,1,2,14
,2016_72176,39.775541,-104.864725,7/30/2016 10:57,10:57,12,0,0,I70 & HAVANA STREET,1,1,0,0,1,4,,0,55,0,0,0,0,0,1,2,7
,2016_72177,39.775271,-104.861582,12/12/2016 13:32,13:32,6,0,0,I70 & HAVANA STREET,1,1,0,0,1,4,,0,55,0,0,0,0,0,1,2,13
,2016_72178,39.773999,-104.846793,1/22/2016 11:20,11:20,12,0,0,NORTH PEORIA STREET & I70 EASTBOUND OFF RAMP EXIT,1,1,0,0,1,1,,0,40,0,0,0,0,0,1,2,13
,2016_72179,39.773983,-104.846608,3/21/2016 14:49,14:49,12,0,0,I70 & PEORIA STREET NORTH,1,1,0,0,1,4,,0,55,0,0,0,0,1,1,2,12
,2016_72180,39.773983,-104.846608,3/7/2016 8:29,8:29,12,0,0,I70 WB OFF RAMP & PEORIA STREET,1,1,0,0,1,14,,0,25,0,0,0,0,0,1,2,13
,2016_72181,39.773904,-104.845684,1/18/2016 14:19,14:19,15,0,0,I70 WB OFF RAMP & NORTH PEORIA STREET,1,1,0,0,1,14,,0,55,0,0,0,0,0,1,2,14
,2016_72182,39.772821,-104.833114,6/28/2016 13:49,13:49,5,0,0,I70 EASTBOUND OFF RAMP & I225 RAMP ON SOUTHBOUND,1,1,0,0,3,14,,0,55,0,0,0,0,0,1,1,14
,2016_72261,39.698424,-104.903117,6/14/2016 15:55,15:55,12,0,0,LEETSDALE DRIVE & QUEBEC STREET SOUTH,1,1,0,0,1,4,,0,45,0,0,0,0,1,2,2,3
,2016_72262,39.698488,-104.90328,6/1/2016 10:18,10:18,15,0,0,QUEBEC STREET & LEETSDALE,1,1,1,0,1,3,,0,35,0,0,0,0,0,2,2,13
,2016_72263,39.702582,-104.91232,4/11/2016 7:28,7:28,12,0,0,LEETSDALE DRIVE & MONACO STREET SOUTH,1,1,0,0,1,4,,0,35,0,0,0,0,1,2,2,1
,2016_72264,39.702873,-104.912747,10/28/2016 11:56,11:56,15,0,0,LEETSDALE DRIVE 6500 BLOCK & MONACO STREET SOUTH,1,1,0,0,1,4,,0,35,0,0,0,0,0,2,2,13
,2016_72265,39.704092,-104.915058,8/16/2016 15:46,15:46,12,0,0,LEETSDALE DRIVE & EXPOSITION AVENUE EAST,1,1,1,0,1,3,,0,35,0,0,0,0,1,2,3,14
,2016_72285,39.6704,-104.99524,5/31/2016 17:11,17:11,12,0,0,HIGHWAY 85  & HARVARD AVENUE WEST,1,1,1,0,1,4,,0,55,0,0,0,0,0,2,2,13
,2016_72286,39.678447,-104.993319,1/11/2016 3:36,3:36,12,0,0,WEST EVANS AVENUE & SANTA FE DRIVE SOUTH,1,3,1,0,1,3,,0,30,0,0,0,0,0,2,2,4
,2016_72287,39.687439,-104.991942,5/3/2016 9:15,9:15,1,0,0,SANTA FE DRIVE SOUTH & IOWA AVENUE WEST,1,1,0,0,1,1,,0,45,0,0,0,0,1,2,2,13
,2016_72288,39.689197,-104.992003,4/22/2016 7:15,7:15,15,0,0,SANTA FE DRIVE & FLORIDA AVENUE WEST,1,1,0,0,1,4,,0,40,0,0,0,0,0,2,2,1
,2016_72289,39.695638,-104.992307,12/10/2016 20:10,20:10,15,0,0,PLATTE RIVER DRIVE SOUTH & MISSISSIPPI AVENUE WEST,1,3,0,0,1,4,,0,15,0,0,0,0,0,2,2,5
,2016_72290,39.696679,-104.991877,7/11/2016 17:36,17:36,12,0,0,PLATTE RIVER DRIVE SOUTH & MISSISSIPPI AVENUE WEST,1,1,0,0,1,3,,0,45,0,0,0,0,0,2,2,7
,2016_72291,39.696679,-104.991877,7/14/2016 21:31,21:31,10,0,1,PLATTE RIVER DRIVE SOUTH & MISSISSIPPI AVENUE WEST,1,3,0,0,1,1,,0,40,0,0,0,1,2,2,2,7
,2016_72292,39.708817,-104.996168,10/27/2016 8:43,8:43,15,0,0,SANTA FE DRIVE SOUTH & 400 BLOCK SOUTH NEW CONFIG,1,1,0,0,1,4,,1,25,0,0,0,0,0,2,2,8
,2016_72312,39.737983,-105.025273,7/16/2016 18:07,18:07,1,0,0,FEDERAL BOULEVARD NORTH & 14TH AVENUE WEST,1,1,0,0,1,1,,0,35,0,0,0,1,1,2,2,13
,2016_72314,39.737983,-105.025273,8/3/2016 23:10,23:10,1,0,0,FEDERAL BOULEVARD NORTH & HOWARD PLACE,1,3,1,0,1,1,,0,35,0,0,0,0,0,2,2,13
,2016_72315,39.733202,-105.025175,2/18/2016 19:20,19:20,12,0,0,10TH AVENUE WEST & FEDERAL BOULEVARD NORTH,1,1,0,0,1,4,,0,,0,0,0,0,0,2,2,13
,2016_72316,39.729137,-105.025151,8/17/2016 5:53,5:53,1,0,0,FEDERAL BOULEVARD NORTH & EIGHTH AVENUE WEST,1,1,0,0,1,2,,0,35,0,0,0,0,0,2,2,14
,2016_72317,39.727514,-105.025127,3/1/2016 8:55,8:55,12,0,0,SEVENTH AVENUE WEST & FEDERAL BOULEVARD NORTH,1,1,0,0,1,1,,0,30,0,0,0,0,0,2,2,14
,2016_72318,39.725357,-105.025125,7/24/2016 0:04,0:04,12,0,0,FEDERAL BOULEVARD NORTH & SIXTH AVENUE WB RAMPS,1,3,0,0,1,1,,0,35,0,0,0,0,0,2,2,14
,2016_72319,39.725357,-105.025125,8/5/2016 13:51,13:51,3,0,0,"FEDERAL BOULEVARD NORTH & SIXTH AVENUE WEST RAMP OFF ""D""",1,1,0,0,1,1,,0,35,0,0,0,0,1,2,3,13
,2016_72320,39.724876,-105.025125,1/29/2016 10:20,10:20,15,0,0,FEDERAL BOULEVARD NORTH & SIXTH AVENUE WEST,1,1,0,0,1,1,,0,30,0,0,0,0,0,2,2,8
,2016_72323,39.723656,-105.025158,7/28/2016 14:44,14:44,12,0,0,FEDERAL BOULEVARD NORTH & FIFTH AVENUE WEST,1,1,0,0,1,1,,0,35,0,0,0,0,0,2,2,7
,2016_72324,39.72062,-105.025187,1/31/2016 19:40,19:40,5,0,0,FEDERAL BOULEVARD NORTH & SECOND AVENUE WEST,4,3,0,2,3,4,,0,35,0,0,0,0,0,2,6,5
,2016_72325,39.718991,-105.025162,4/16/2016 2:05,2:05,5,0,0,FEDERAL BOULEVARD NORTH & FIRST AVENUE WEST,2,3,0,0,3,4,,0,35,0,0,0,0,1,2,1,5
,2016_72326,39.718398,-105.025153,7/3/2016 21:14,21:14,1,0,0,FEDERAL BOULEVARD NORTH & FIRST AVENUE WEST,1,3,0,0,1,1,,0,40,0,0,0,0,0,2,2,7
,2016_72328,39.710955,-105.025089,8/2/2016 14:42,14:42,12,0,0,FEDERAL BOULEVARD SOUTH & ALAMEDA AVENUE WEST,1,1,0,0,1,3,,0,35,0,0,0,0,0,2,2,7
,2016_72329,39.709356,-105.025079,6/27/2016 13:07,13:07,3,0,0,FEDERAL BOULEVARD SOUTH & DAKOTA AVENUE WEST,1,1,0,0,1,1,,0,25,0,0,0,0,0,2,2,7
,2016_72330,39.696718,-105.025071,11/12/2016 4:59,4:59,3,0,0,FEDERAL BOULEVARD SOUTH & MISSISSIPPI AVENUE WEST,3,3,1,0,1,1,,0,,0,0,0,0,0,2,2,14
,2016_72331,39.689495,-105.025043,9/28/2016 19:45,19:45,15,0,0,FLORIDA AVENUE WEST & FEDERAL BOULEVARD SOUTH,1,2,1,0,1,4,,0,30,0,0,0,0,0,2,2,13
,2016_72332,39.685957,-105.02503,7/29/2016 18:53,18:53,12,0,0,FEDERAL BOULEVARD SOUTH & MEXICO AVENUE WEST,1,1,0,0,1,3,,0,35,0,0,0,0,0,2,2,7
,2016_72333,39.684925,-105.025026,3/5/2016 17:39,17:39,12,0,0,FEDERAL BOULEVARD SOUTH & COLORADO AVENUE WEST,1,1,1,0,1,1,,0,35,0,0,0,0,0,2,2,3
,2016_72334,39.682566,-105.025017,6/3/2016 18:04,18:04,12,0,0,FEDERAL BOULEVARD SOUTH & JEWELL AVENUE WEST,1,1,0,0,1,4,,0,35,0,0,0,0,0,2,3,2
,2016_72335,39.676736,-105.025046,1/25/2016 16:16,16:16,3,0,0,FEDERAL BOULEVARD SOUTH & WARREN AVENUE WEST,1,1,0,0,1,1,,0,25,0,0,0,0,0,2,2,13
,2016_72336,39.676736,-105.025046,2/16/2016 9:00,9:00,1,0,0,FEDERAL BOULEVARD SOUTH & WARREN AVENUE WEST,1,1,1,0,1,1,,0,35,0,0,0,0,0,2,2,13
,2016_72374,39.656087,-105.053224,10/20/2016 20:25,20:25,12,0,0,DARTMOUTH AVENUE WEST & SHERIDAN BOULEVARD SOUTH,1,3,0,0,1,1,,0,35,0,0,0,0,0,2,2,14
,2016_72375,39.678948,-105.053268,8/11/2016 22:40,22:40,12,0,0,SHERIDAN BOULEVARD & 2100 BLOCK SOUTH,1,3,0,0,1,4,,0,,0,0,0,0,0,2,2,14
,2016_72377,39.733473,-105.053221,2/8/2016 8:45,8:45,12,0,0,SHERIDAN BOULEVARD & 1000 BLOCK,1,1,0,0,1,4,,0,40,0,0,0,0,0,2,2,13
,2016_72422,39.618006,-105.091112,3/11/2016 13:17,13:17,1,0,0,WADSWORTH BOULEVARD SOUTH & CRESTLINE AVENUE WEST,1,1,0,0,1,1,,0,45,0,0,0,0,0,2,2,7
,2016_72423,39.618006,-105.091112,5/31/2016 10:00,10:00,12,0,0,WADSWORTH BOULEVARD SOUTH & CRESTLINE AVENUE WEST,1,1,0,0,1,1,,0,45,0,0,0,0,0,2,2,13
,2016_72424,39.629963,-105.086958,7/20/2016 11:54,11:54,15,0,0,WADSWORTH BOULEVARD SOUTH & LAYTON AVENUE WEST,1,1,0,0,1,1,,0,45,0,0,0,0,0,2,2,2
,2016_72426,39.635297,-105.082331,5/14/2016 12:01,12:01,12,0,0,WADSWORTH BOULEVARD SOUTH & STANFORD AVENUE WEST,1,1,0,0,1,1,,0,45,0,0,0,0,0,2,2,3
,2016_72511,39.633279,-104.903931,4/16/2016 17:55,17:55,15,0,0,ROAD I225 DIRECT CONNECT & QUEBEC STREET SOUTH,4,1,1,2,1,14,,0,55,0,0,0,0,0,4,2,13
,2016_72512,39.635522,-104.893462,2/4/2016 13:38,13:38,12,0,0,TAMARAC STREET SOUTH & I225 RAMP ON TO I25,2,1,0,0,1,1,,0,35,0,0,0,0,0,1,2,14
,2016_72513,39.638012,-104.887682,4/7/2016 11:00,11:00,9,0,0,I225 NORTHBOUND & YOSEMITE STREET SOUTH,1,1,0,0,2,4,,0,65,0,0,0,0,0,1,2,13
,2016_72514,39.639223,-104.885207,1/29/2016 18:38,18:38,12,0,0,I225 SOUTHBOUND & YOSEMITE STREET SOUTH,1,3,1,0,1,4,,0,55,0,0,0,0,1,1,3,13
,2016_72515,39.641112,-104.881393,10/15/2016 10:27,10:27,12,0,0,I225 SOUTHBOUND OFF RAMP & YOSEMITE STREET SOUTH,1,1,0,0,1,14,,0,65,0,0,0,0,1,1,5,10
,2016_72545,39.776877,-104.889364,3/10/2016 15:16,15:16,12,0,0,I270 EASTBOUND DIRECT CONNECT & I70 INTERCHANGE,1,1,1,0,1,4,,0,55,0,0,0,0,0,1,2,13
,2016_72557,39.654018,-105.042081,10/25/2016 7:31,7:31,12,0,0,HAMPDEN AVENUE WEST & 4200 BLOCK,1,1,1,0,1,4,,0,55,0,0,0,0,0,2,2,13
,2016_72574,39.65298,-104.926975,9/20/2016 9:07,9:07,12,0,0,HAMPDEN AVENUE EAST & FOREST STREET SOUTH,1,1,0,0,1,1,,0,40,0,0,0,0,0,2,3,13
,2016_72575,39.652979,-104.923957,5/6/2016 15:47,15:47,12,0,0,HAMPDEN AVENUE EAST & HUDSON STREET SOUTH,1,1,1,0,1,3,,0,40,0,0,0,0,0,2,3,14
,2016_72576,39.652979,-104.918486,11/17/2016 19:46,19:46,5,0,0,HAMPDEN AVENUE & I25 INTERCHANGE,6,3,1,2,3,4,,0,30,0,0,0,0,0,2,1,14
,2016_72577,39.755404,-105.025133,12/8/2016 7:52,7:52,1,0,0,FEDERAL BOULEVARD NORTH & 26TH AVENUE WEST,5,1,0,0,1,2,,0,35,0,0,0,0,1,2,2,14
,2016_72578,39.783848,-105.025224,1/26/2016 1:10,1:10,12,0,0,FEDERAL BOULEVARD NORTH & I70 EASTBOUND RAMPS ON/OFF,1,3,0,0,1,1,,0,35,0,0,0,0,1,2,2,13
,2016_72657,39.834134,-104.746852,2/6/2016 16:54,16:54,15,0,0,PENA BOULEVARD 7600 & E470 RAMP B GORE POINT,1,2,0,0,1,4,,0,65,0,0,0,0,0,2,2,4
,2016_72664,39.639103,-104.91017,1/31/2016 17:40,17:40,5,0,0,I25 & QUINCY AVENUE EAST,4,3,0,2,2,4,,0,55,0,0,0,0,0,1,1,7
,2016_72666,39.67843,-104.940638,5/13/2016 9:00,9:00,12,0,0,EVANS AVENUE & COLORADO BOULEVARD SOUTH,1,1,0,0,1,3,,0,35,0,0,0,0,0,2,2,3
,2016_72667,39.72871,-104.940605,1/25/2016 12:47,12:47,1,0,0,COLORADO BOULEVARD NORTH & EIGHTH AVENUE EAST,1,1,0,0,1,1,,0,35,0,0,0,0,0,2,2,14
,2016_72668,39.687475,-104.940545,12/5/2016 12:33,12:33,12,0,0,COLORADO BOULEVARD SOUTH & IOWA AVENUE EAST,1,1,1,0,1,4,,0,40,0,0,0,0,0,2,3,14
,2016_72669,39.688969,-104.940546,11/9/2016 7:47,7:47,12,0,0,COLORADO BOULEVARD SOUTH & FLORIDA AVENUE EAST,1,1,0,0,1,4,,0,35,0,0,0,0,0,2,2,1
,2016_72670,39.690911,-104.940547,12/15/2016 13:44,13:44,15,0,0,COLORADO BOULEVARD & ARKANSAS AVENUE EAST,1,1,1,0,1,3,,0,30,0,0,0,0,0,2,2,14
,2016_72675,39.713244,-104.940611,2/5/2016 16:58,16:58,15,0,0,COLORADO BOULEVARD SOUTH & ALAMEDA AVENUE EAST,1,1,0,0,1,3,,0,30,0,0,0,0,0,2,2,14
,2016_72676,39.713244,-104.940611,6/4/2016 15:16,15:16,12,0,0,COLORADO BOULEVARD SOUTH & ALAMEDA AVENUE EAST,1,1,0,0,1,1,,0,35,0,0,0,0,0,2,2,3
,2016_72677,39.713244,-104.940611,12/3/2016 17:15,17:15,12,0,0,ALAMEDA AVENUE 4000 BLOCK EAST & COLORADO AVENUE SOUTH,1,1,0,0,1,3,,0,35,0,0,0,0,0,2,2,13
,2016_72679,39.724479,-104.940607,5/20/2016 12:38,12:38,12,0,0,COLORADO BOULEVARD NORTH & FOURTH AVENUE EAST,1,1,1,0,1,4,,0,35,0,0,0,0,0,2,5,3
,2016_72681,39.728272,-104.940606,1/11/2016 10:25,10:25,3,0,0,HIGHWAY 2A / COLORADO BOULEVARD & EIGHTH AVENUE EAST APPROXIMATELY,1,1,1,0,1,2,,0,35,0,0,0,0,0,2,2,13
,2016_72682,39.738194,-104.940602,5/3/2016 12:00,12:00,12,0,0,COLORADO BOULEVARD & 1300 BLOCK,1,1,0,0,1,4,,0,40,0,0,0,0,0,2,2,13
,2016_72683,39.741841,-104.940601,4/1/2016 14:20,14:20,12,0,0,16TH AVENUE EAST  & COLORADO BOULEVARD NORTH,1,1,0,0,1,1,,0,35,0,0,0,0,1,2,3,13
,2016_72684,39.743592,-104.9406,4/24/2016 12:35,12:35,12,0,0,17TH AVENUE EAST  & COLORADO BOULEVARD NORTH,1,1,0,0,1,4,,0,35,0,0,0,0,0,2,2,3
,2016_72685,39.750887,-104.940597,3/22/2016 15:33,15:33,1,0,0,COLORADO BOULEVARD NORTH & 23RD AVENUE EAST,1,1,0,0,1,1,,0,35,0,0,0,0,0,2,2,13
,2016_72686,39.750887,-104.940597,7/10/2016 11:14,11:14,1,0,0,COLORADO BOULEVARD NORTH & 23RD AVENUE EAST,1,1,0,0,1,1,,0,35,0,0,0,0,0,2,2,13
,2016_72687,39.757849,-104.940527,7/26/2016 16:40,16:40,12,0,0,COLORADO BOULEVARD & COLORADO BOULEVARD 2800 BLOCK,1,1,0,0,1,1,,0,35,0,0,0,0,1,2,3,12
,2016_72688,39.765544,-104.940497,9/2/2016 5:31,5:31,15,0,0,COLORADO BOULEVARD NORTH & 35TH AVENUE EAST,1,2,0,0,1,4,,0,,0,0,0,0,0,2,2,13
,2016_72689,39.771255,-104.940504,6/16/2016 14:10,14:10,15,0,0,COLORADO BOULEVARD & 3900 BLOCK NORTH,1,1,0,0,1,4,,0,40,0,0,0,0,1,2,2,13
,2016_72690,39.779244,-104.940515,8/11/2016 14:57,14:57,12,0,0,I70 EASTBOUND OFF RAMP & COLORADO BOULEVARD NORTH,1,1,1,0,1,1,,0,,0,0,0,0,0,2,2,13
,2016_72691,39.780162,-104.940503,11/18/2016 6:28,6:28,15,0,0,COLORADO BOULEVARD & I70,5,1,1,2,1,4,,0,45,0,0,0,0,0,2,3,13
,2016_72707,39.72565,-105.052832,1/29/2016 1:15,1:15,12,0,0,SIXTH AVENUE WEST & SHERIDAN BOULEVARD NORTH,1,3,0,0,1,4,,0,55,0,0,0,0,0,2,2,13
,2016_72708,39.725635,-105.049641,3/12/2016 20:57,20:57,5,0,0,SIXTH AVENUE WEST & WOLFF STREET NORTH,1,3,0,0,3,4,,0,25,0,0,0,0,0,2,1,13
,2016_72710,39.725597,-105.041945,10/29/2016 2:34,2:34,12,0,0,SIXTH AVENUE WEST & RALEIGH STREET NORTH,1,3,0,0,1,4,,0,55,0,0,0,0,0,2,2,14
,2016_72711,39.725541,-105.035083,11/11/2016 10:14,10:14,12,0,0,SIXTH AVENUE WEST & LOWELL BOULEVARD NORTH,1,1,0,0,1,4,,0,55,0,0,0,0,0,2,2,13
,2016_72712,39.725455,-105.032456,3/17/2016 14:07,14:07,12,0,0,SIXTH AVENUE WEST & KNOX COURT NORTH,1,1,0,0,1,4,,0,55,0,0,0,0,0,2,3,3
,2016_72713,39.725415,-105.025068,3/28/2016 14:14,14:14,15,0,0,SIXTH AVENUE WEST & FEDERAL BOULEVARD NORTH,1,1,0,0,1,4,,0,55,0,0,0,0,0,2,2,1
,2016_72714,39.725231,-105.017501,9/17/2016 1:49,1:49,5,0,0,SIXTH AVENUE WEST  & I25 NORTHBOUND / SOUTHBOUND RAMPS ON GORE APPROXIMATELY,1,3,1,0,3,4,,0,45,0,0,0,0,1,2,1,1
,2016_72715,39.725283,-105.016697,10/21/2016 8:37,8:37,15,0,0,SIXTH AVENUE WEST RAMP ON & I25 NORTHBOUND INTERCHANGE,1,1,0,0,1,14,,0,55,0,0,0,0,0,2,2,14
,2016_72716,39.725415,-105.014688,4/23/2016 2:30,2:30,5,0,1,SIXTH AVENUE WEST & I25 SOUTHBOUND RAMP,1,3,0,0,2,4,,0,40,0,0,0,0,2,2,1,14
,2016_72717,39.779447,-104.949726,3/18/2016 13:30,13:30,14,0,0,STEELE STREET NORTH & 46TH AVENUE EAST,2,1,0,0,1,1,,0,35,0,0,0,0,1,2,2,13
,2016_72718,39.783752,-104.947831,9/2/2016 16:24,16:24,1,0,0,VASQUEZ BOULEVARD & 48TH AVENUE EAST,1,1,0,0,1,1,,0,40,0,0,0,0,1,2,2,13
,2016_72720,39.790208,-104.942044,2/25/2016 8:10,8:10,1,0,0,VASQUEZ BOULEVARD NORTH & 52ND AVENUE EAST,1,1,0,0,1,1,,0,45,0,0,0,0,0,2,2,13
,2016_72721,39.790315,-104.941947,1/23/2016 6:20,6:20,15,0,0,VASQUEZ BOULEVARD 5200 BLOCK NORTH & EAST 52ND AVENUE,1,2,0,0,1,4,,0,40,0,0,0,0,0,2,2,13
,2016_72800,39.631388,-104.905617,11/21/2016 18:08,18:08,12,0,0,I25 & UNION AVENUE EAST,1,3,0,0,1,4,,0,60,0,0,0,0,0,1,2,7
,2016_72801,39.639352,-104.910333,4/16/2016 17:20,17:20,15,0,0,I25 & I225,4,1,0,2,1,4,,0,65,0,0,0,0,0,1,2,1
,2016_72802,39.64994,-104.9165,12/8/2016 9:39,9:39,12,0,0,I25 & HAMPDEN AVENUE EAST,1,1,0,0,1,4,,0,55,0,0,0,0,0,1,3,13
,2016_72803,39.652488,-104.917955,7/28/2016 12:03,12:03,12,0,0,I25 NORTHBOUND & HAMPDEN AVENUE EAST,1,1,0,0,1,4,,0,55,0,0,0,0,0,1,3,3
,2016_72804,39.654542,-104.918927,1/7/2016 0:00,0:00,5,0,0,I25 & HAMPDEN AVENUE EAST,1,4,0,0,2,4,,0,65,0,0,0,0,1,1,1,5
,2016_72805,39.66862,-104.926282,10/1/2016 9:46,9:46,15,0,0,I25 & YALE AVENUE EAST,1,1,0,0,1,4,,0,65,0,0,0,0,0,1,4,13
,2016_72806,39.678367,-104.933559,6/14/2016 11:48,11:48,12,0,0,I25 & EVANS AVENUE EAST,1,1,0,0,1,4,,0,65,0,0,0,0,0,1,2,12
,2016_72807,39.678367,-104.933559,7/9/2016 7:09,7:09,10,0,0,EVANS AVENUE EAST & I25 NORTHBOUND,1,4,0,0,1,1,,0,35,0,0,0,0,0,1,2,13
,2016_72808,39.679132,-104.934225,9/15/2016 15:10,15:10,12,0,0,I25 NORTHBOUND ON RAMP & EVANS AVENUE EAST,1,1,1,0,1,14,,0,45,0,0,0,0,0,1,2,13
,2016_72809,39.720978,-104.95827,8/27/2016 3:11,3:11,5,0,0,JOSEPHINE STREET NORTH & THIRD AVENUE EAST,1,3,0,0,3,4,,1,30,0,0,0,0,0,4,1,13
,2016_72810,39.682457,-104.938472,5/24/2016 14:44,14:44,12,0,0,I25 & COLORADO BOULEVARD SOUTH,2,1,0,1,1,4,,0,60,0,0,0,0,0,1,2,3
,2016_72812,39.682905,-104.939724,12/27/2016 12:49,12:49,12,0,0,I25 NORTHBOUND ON RAMP & NORTHBOUND COLLECTOR RAMP END,1,1,0,0,1,14,,0,15,0,0,0,0,0,1,3,13
,2016_72813,39.683094,-104.940452,1/18/2016 13:42,13:42,15,0,0,I25 & COLORADO BOULEVARD SOUTH,1,1,0,0,1,4,,0,60,0,0,0,0,0,1,3,3
,2016_72814,39.683094,-104.940452,4/27/2016 14:10,14:10,12,0,0,I25 & COLORADO BOULEVARD SOUTH,1,1,0,0,1,4,,0,60,0,0,0,0,0,1,2,12
,2016_72815,39.683094,-104.940452,5/9/2016 8:50,8:50,12,0,1,I25 & COLORADO BOULEVARD SOUTH,1,1,0,0,1,4,,0,60,0,0,0,0,2,1,2,1
,2016_72816,39.683094,-104.940452,6/10/2016 23:20,23:20,15,0,0,I25 & COLORADO BOULEVARD SOUTH,1,3,0,0,1,4,,0,60,0,0,0,0,0,1,2,13
,2016_72817,39.6832,-104.94091,10/28/2016 16:50,16:50,15,0,0,I25 SOUTHBOUND MERGE LANE & COLORADO BOULEVARD SOUTHBOUND ON RAMP ENTRANCE,1,1,0,0,1,4,,0,50,0,0,0,0,0,1,2,13
,2016_72818,39.68492,-104.959509,2/2/2016 5:30,5:30,15,0,0,I25 & UNIVERSITY BOULEVARD SOUTH,4,1,0,2,1,4,,0,55,0,0,0,0,0,1,2,14
,2016_72819,39.68492,-104.959509,11/21/2016 18:04,18:04,12,0,0,I25 SOUTHBOUND & UNIVERSITY BOULEVARD SOUTH INTERCHANGE,1,3,0,0,1,4,,0,60,0,0,0,0,1,1,2,12
,2016_72820,39.68557,-104.964233,9/28/2016 23:20,23:20,12,0,0,I25 SOUTHBOUND & UNIVERSITY BOULEVARD SOUTHBOUND RAMP SP APPROXIMATELY,1,3,0,0,1,4,,0,60,0,0,0,0,0,1,2,13
,2016_72821,39.687715,-104.968753,3/9/2016 16:55,16:55,12,0,0,I25 & FRANKLIN STREET SOUTH,1,1,0,0,1,4,,0,55,0,0,0,0,1,1,2,13
,2016_72822,39.688104,-104.969545,4/13/2016 8:22,8:22,15,0,0,I25 & DOWNING STREET SOUTH,1,1,0,0,1,4,,0,55,0,0,0,0,0,1,2,13
,2016_72823,39.690115,-104.973561,9/7/2016 13:01,13:01,15,0,0,I25 SOUTHBOUND & UNIVERSITY BOULEVARD SOUTH,1,1,0,0,1,4,,0,60,0,0,0,0,0,1,2,1
,2016_72824,39.691153,-104.975443,6/10/2016 12:18,12:18,12,0,0,I25 & EMERSON STREET SOUTH,1,1,0,0,1,4,,0,60,0,0,0,0,0,1,2,1
,2016_72825,39.697504,-104.982761,7/22/2016 16:35,16:35,12,0,0,I25 NORTHBOUND & LOGAN STREET SOUTH,1,1,0,0,1,4,,0,55,0,0,0,0,0,1,2,13
,2016_72826,39.700525,-104.986285,12/12/2016 17:25,17:25,12,0,0,I25 & BROADWAY STREET,1,3,0,0,1,4,,0,55,0,0,0,0,0,1,2,13
,2016_72828,39.701466,-104.987451,12/29/2016 16:15,16:15,12,0,0,BROADWAY STREET & I25 SOUTHBOUND EXIT RAMP,1,2,1,0,1,1,,0,20,0,0,0,0,0,1,2,13
,2016_72829,39.707118,-104.996779,8/9/2016 17:37,17:37,12,0,0,I25 & SANTA FE DRIVE SOUTH INTERCHANGE,1,1,0,0,1,4,,0,55,0,0,0,0,1,1,3,13
,2016_72830,39.708168,-104.997288,9/22/2016 16:20,16:20,12,0,0,I25 & ALAMEDA AVENUE WEST,1,1,1,0,1,4,,0,55,0,0,0,0,1,1,3,13