id,drcog_id,latitude,longitude,crashtime,time,crashtype,numbkilled,numbinjurd,drcoglocat,rdconditin,lightngcon,roadcntgrd,weatherco,location,roaddescrp,schoolzone,constrzone,splimit,bikeinv,pedinv,sctrinv,motoinv,svrty,rdsystem,ttlvehcls,hcf
,2016_72831,39.710974,-104.998764,9/27/2016 7:09,7:09,15,0,0,I25 & ALAMEDA AVENUE WEST,1,1,0,0,1,4,,0,55,0,0,0,0,0,1,2,7
,2016_72832,39.711387,-104.999011,11/16/2016 15:55,15:55,12,0,0,I25 & ALAMEDA AVENUE WEST,1,1,1,0,1,4,,0,55,0,0,0,0,1,1,2,14
,2016_72833,39.711525,-104.999094,10/11/2016 11:10,11:10,15,0,0,I25 & ALAMEDA AVENUE WEST,1,1,0,0,1,4,,0,55,0,0,0,0,0,1,2,13
,2016_72834,39.711801,-104.999259,11/3/2016 13:00,13:00,15,0,0,I25 OFF RAMP & ALAMEDA AVENUE WEST,1,1,0,0,1,14,,0,45,0,0,0,0,0,1,2,13
,2016_72835,39.712214,-104.999506,2/18/2016 16:02,16:02,12,0,0,I25 & BYERS PLACE,1,1,1,0,1,4,,0,55,0,0,0,0,0,1,2,13
,2016_72836,39.712352,-104.999588,4/22/2016 15:58,15:58,15,0,0,I25 SOUTHBOUND OFF RAMP & ALAMEDA AVENUE WEST,1,1,1,0,1,14,,0,55,0,0,0,0,0,1,2,13
,2016_72838,39.712765,-104.999836,5/26/2016 18:00,18:00,12,0,0,I25 & WEST ALAMEDA AVENUE,2,1,0,1,1,4,,0,55,0,0,0,0,0,1,2,13
,2016_72839,39.712903,-104.999918,10/4/2016 10:25,10:25,12,0,0,I25 & ALAMEDA AVENUE WEST,1,1,1,0,1,4,,0,55,0,0,0,0,0,1,2,13
,2016_72841,39.713041,-105.000001,9/20/2016 14:50,14:50,3,0,0,KALAMATH STREET SOUTH & I25 NORTHBOUND RAMP ENTRANCE / CEDAR AVENUE WEST,1,1,0,0,1,1,,0,30,0,0,0,0,0,1,2,13
,2016_72842,39.715058,-105.001276,3/8/2016 22:58,22:58,12,0,1,I25 & ALAMEDA AVENUE WEST,1,3,0,0,1,4,,0,55,0,0,0,1,2,1,2,13
,2016_72843,39.716826,-105.002968,5/3/2016 14:01,14:01,15,0,0,I25 & MM 208.4,1,1,0,0,1,4,,0,55,0,0,0,0,0,1,2,14
,2016_72844,39.724815,-105.012562,3/29/2016 18:13,18:13,12,0,0,I25 SOUTHBOUND ON RAMP FROM SIXTH AVENUE & RAMP SPLIT,1,1,1,0,1,14,,0,55,0,0,0,0,0,1,2,13
,2016_72845,39.725048,-105.01273,8/26/2016 19:10,19:10,12,0,0,I25 & SIXTH AVENUE WEST,1,1,0,0,1,14,,0,30,0,0,0,0,1,1,3,13
,2016_72846,39.725048,-105.01273,6/15/2016 15:35,15:35,15,0,0,SIXTH AVENUE EASTBOUND RAMP OFF & GORE POINT TO I25 NB/SB,1,1,1,0,1,14,,1,35,0,0,0,0,0,1,2,13
,2016_72847,39.725281,-105.012899,2/8/2016 16:45,16:45,15,0,0,I25 & SIXTH AVENUE INTERCHANGE,1,1,0,0,1,4,,0,55,0,0,0,0,0,1,2,1
,2016_72848,39.729265,-105.014796,10/14/2016 12:30,12:30,12,0,0,I25 & EIGHTH AVENUE WEST,1,1,1,0,1,4,,0,55,0,0,0,0,0,1,2,13
,2016_72849,39.730034,-105.015073,6/10/2016 10:14,10:14,12,0,0,I25 HIGHWAY NORTHBOUND & EIGHTH AVENUE WEST INTERCHANGE,1,1,0,0,1,4,,0,55,0,0,0,0,0,1,3,3
,2016_72850,39.738278,-105.013843,11/13/2016 10:45,10:45,15,0,0,I25 & AURARIA PARKWAY NORTHBOUND EXIT GORE POINT,1,1,0,0,1,4,,0,55,0,0,0,0,0,1,2,7
,2016_72852,39.740059,-105.013916,2/23/2016 9:28,9:28,12,0,0,I25 NORTHBOUND RAMP OFF & COLFAX AVENUE WEST,1,1,1,0,1,14,,0,55,0,0,0,0,0,1,2,7
,2016_72853,39.740257,-105.013939,6/21/2016 18:00,18:00,12,0,0,I25 HIGHWAY SOUTHBOUND  & COLFAX AVENUE WEST,1,1,0,0,1,4,,0,55,0,0,0,0,0,1,3,13
,2016_72854,39.741223,-105.014188,5/19/2016 9:37,9:37,15,0,0,I25 & WEST COLFAX AVENUE,1,1,0,0,1,4,,0,55,0,0,0,0,1,1,2,14
,2016_72855,39.741759,-105.014471,2/10/2016 12:10,12:10,9,0,0,I25 SOUTHBOUND RAMP ON & COLFAX AVENUE WEST WB,1,1,1,0,1,14,,0,55,0,0,0,0,1,1,1,7
,2016_72856,39.743372,-105.015987,6/22/2016 17:10,17:10,12,0,0,I25 & 17TH AVENUE WEST,1,1,0,0,1,4,,0,55,0,0,0,0,0,1,2,3
,2016_72857,39.74698,-105.01816,8/3/2016 13:20,13:20,12,0,0,I25 NORTHBOUND & 23RD AVENUE WEST,1,1,1,0,1,4,,0,55,0,0,0,0,0,1,3,13
,2016_72858,39.74749,-105.018114,12/8/2016 8:55,8:55,15,0,0,I25 & 23RD AVENUE,1,1,0,0,1,4,,0,55,0,0,0,0,0,1,3,13
,2016_72859,39.751021,-105.016701,1/17/2016 20:42,20:42,15,0,0,I25 & WEST 23RD AVENUE,1,3,0,0,1,4,,0,55,0,0,0,0,0,1,3,13
,2016_72860,39.751021,-105.016701,11/18/2016 19:36,19:36,12,0,0,I25 & 23RD AVENUE,1,3,0,0,1,4,,0,55,0,0,0,0,1,1,4,13
,2016_72862,39.751295,-105.016566,11/20/2016 12:10,12:10,12,0,0,I25 & 23RD AVENUE WEST,1,5,0,0,1,4,,0,55,0,0,0,0,0,1,2,8
,2016_72863,39.755118,-105.012754,9/28/2016 14:17,14:17,12,0,0,I25 & SPEER BOULEVARD,1,1,0,0,1,4,,0,55,0,0,0,0,0,1,2,1
,2016_72864,39.755118,-105.012754,12/1/2016 12:24,12:24,12,0,0,I25 & SPEER BOULEVARD NORTH,1,1,0,0,1,4,,0,55,0,0,0,0,0,1,2,13
,2016_72866,39.757586,-105.009377,10/17/2016 12:38,12:38,12,0,0,I25 & SPEER BOULEVARD NORTHBOUND ON RAMP,1,1,1,0,1,4,,0,55,0,0,0,0,1,1,2,13
,2016_72867,39.760997,-105.004271,2/13/2016 13:12,13:12,12,0,0,I25 & 20TH STREET,1,1,0,0,1,4,,0,55,0,0,0,0,0,1,3,7
,2016_72868,39.760997,-105.004271,3/12/2016 13:30,13:30,12,0,0,I25 & 20TH STREET,1,1,1,0,1,4,,0,55,0,0,0,0,1,1,3,13
,2016_72869,39.76111,-105.004124,9/10/2016 2:15,2:15,5,0,1,I25 NORTHBOUND RAMP ON & 20TH STREET,1,3,0,0,2,14,,0,25,0,0,0,0,2,1,1,5
,2016_72870,39.761222,-105.003978,9/19/2016 8:00,8:00,15,0,0,I25 SOUTHBOUND OFF RAMP & 20TH STREET,1,1,0,0,1,14,,0,55,0,0,0,0,0,1,2,1
,2016_72871,39.761913,-105.003149,12/10/2016 16:44,16:44,12,0,0,I25 & 20TH STREET,1,2,0,0,1,4,,0,55,0,0,0,0,0,1,2,1
,2016_72872,39.762149,-105.002891,11/30/2016 9:30,9:30,12,0,0,I25 & 20TH STREET,1,1,0,0,1,4,,0,55,0,0,0,0,0,1,3,13
,2016_72873,39.767344,-104.996562,8/8/2016 12:12,12:12,15,0,0,I25 & PARK AVENUE EXIT ON RAMP,1,1,0,0,1,4,,0,55,0,0,0,0,0,1,2,1
,2016_72874,39.768049,-104.994761,12/20/2016 17:12,17:12,12,0,0,I25 & PARK AVENUE WEST,2,3,1,0,1,4,,0,55,0,0,0,0,1,1,2,2
,2016_72875,39.770112,-104.991502,1/6/2016 18:15,18:15,12,0,0,I25 & MM 213,1,3,1,0,1,4,,0,55,0,0,0,0,0,1,2,12
,2016_72876,39.771909,-104.990156,12/26/2016 15:00,15:00,15,0,0,I25  & I70 INTERCHANGE,1,1,0,0,1,4,,0,55,0,0,0,0,0,1,2,13
,2016_72877,39.782127,-104.989151,11/28/2016 10:55,10:55,5,0,0,I25 & I70 WB,1,1,1,0,1,4,,0,55,0,0,0,0,0,1,2,14
,2016_72878,39.783855,-104.989142,3/10/2016 16:01,16:01,12,0,0,I25 & 48TH AVENUE WEST,1,1,0,0,1,4,,0,55,0,0,0,0,0,1,2,13
,2016_72879,39.783855,-104.989142,6/17/2016 7:30,7:30,15,0,0,I25 & 48TH AVENUE WEST,1,1,0,0,1,4,,0,55,0,0,0,0,1,1,2,1
,2016_72923,39.711332,-105.053258,1/8/2016 6:15,6:15,3,0,0,WEST ALAMEDA AVENUE & SOUTH SHERIDAN BL,5,2,0,0,1,1,,0,35,0,0,0,0,0,2,2,13
,2016_72924,39.711267,-105.052139,4/20/2016 13:54,13:54,12,0,0,ALAMEDA AVENUE WEST & ZENOBIA STREET SOUTH,1,1,1,0,1,1,,0,35,0,0,0,0,0,2,2,13
,2016_72925,39.711258,-105.049712,7/2/2016 20:50,20:50,12,0,0,ALAMEDA AVENUE & 4800 BLOCK WEST,1,2,1,0,1,4,,0,35,0,0,0,0,1,2,2,1
,2016_72926,39.711094,-105.029925,6/10/2016 17:20,17:20,1,0,0,ALAMEDA AVENUE WEST & IRVING STREET SOUTH,1,1,0,0,1,3,,0,35,0,0,0,0,0,2,2,13
,2016_72927,39.711155,-105.022579,1/14/2016 12:00,12:00,3,0,0,DECATUR STREET & ALAMEDA AVENUE,1,1,0,0,1,1,,0,25,0,0,0,0,0,2,2,13
,2016_72928,39.711153,-105.022208,3/12/2016 9:05,9:05,15,0,0,ALAMEDA AVENUE & 2750 BLOCK WEST,1,1,1,0,1,4,,0,35,0,0,0,0,1,2,3,1
,2016_72929,39.711145,-105.020354,8/12/2016 15:21,15:21,1,0,0,CLAY STREET SOUTH & ALAMEDA AVENUE WEST,1,1,0,0,1,1,,0,35,0,0,0,0,0,2,2,7
,2016_72930,39.711184,-105.003965,10/21/2016 18:15,18:15,12,0,0,ALAMEDA AVENUE WEST & NAVAJO STREET SOUTH,1,3,0,0,1,4,,0,35,0,0,0,0,1,2,2,13
,2016_72931,39.711184,-105.000802,4/30/2016 12:30,12:30,12,0,0,ALAMEDA AVENUE WEST & PLATTE RIVER DRIVE SOUTH,2,1,0,2,1,1,,0,35,0,0,0,0,0,2,2,1
,2016_72932,39.653088,-104.915178,4/5/2016 9:32,9:32,3,0,0,HAMPDEN AVENUE EAST & LOCUST STREET SOUTH,1,5,0,0,1,1,,0,40,0,0,0,0,0,2,2,13
,2016_72933,39.653084,-104.91283,5/18/2016 8:43,8:43,15,0,0,HAMPDEN AVENUE EAST & MONACO PARKWAY SOUTH,1,1,0,0,1,3,,0,40,0,0,0,0,0,2,2,3
,2016_72934,39.653091,-104.900691,12/1/2016 18:47,18:47,15,0,0,HAMPDEN AVENUE 7600 BLOCK EAST & TAMARAC STREET SOUTH,1,3,0,0,1,4,,0,15,0,0,0,0,0,2,2,1
,2016_72935,39.653077,-104.898619,8/29/2016 16:12,16:12,3,0,0,HIGHWAY 30A / HAMPDEN AVENUE & TAMARAC DRIVE SOUTH,2,1,1,1,1,2,,0,35,0,0,0,0,0,2,2,13
,2016_72936,39.653091,-104.887609,9/6/2016 9:23,9:23,10,0,0,HAMPDEN AVENUE EAST & WILLOW STREET SOUTH ROAD NORTH,1,1,0,0,1,4,,0,40,0,0,0,0,0,2,2,13
,2016_72937,39.65305,-104.884342,2/19/2016 14:44,14:44,15,0,0,YOSEMITE STREET 3500 BLOCK SOUTH & HAMPDEN AVENUE EAST,1,1,1,0,1,1,,0,35,0,0,0,0,0,2,2,3
,2016_72938,39.666324,-104.866166,2/18/2016 18:21,18:21,12,0,0,HAVANA STREET SOUTH & YALE AVENUE EAST,1,3,0,0,1,4,,0,40,0,0,0,0,0,2,2,8
,2016_72972,39.777196,-104.903419,12/2/2016 21:09,21:09,12,0,0,NORTHFIELD QUEBEC STREET & I70,1,3,0,0,1,1,,0,35,0,0,0,0,0,2,2,13
,2016_72973,39.779316,-104.903391,7/30/2016 13:00,13:00,15,0,0,NORTHFIELD QUEBEC STREET NORTH & I70 WB ON RAMP,1,1,0,0,1,4,,0,35,0,0,0,0,0,2,2,1
,2016_72974,39.783593,-104.900128,10/17/2016 13:40,13:40,12,0,0,QUEBEC STREET & I270 WB RAMPS,1,1,1,0,1,1,,0,40,0,0,0,0,1,2,3,1
,2016_73004,39.740345,-105.015536,10/9/2016 3:31,3:31,5,0,0,COLFAX AVENUE & I25 SOUTHBOUND OFF RAMP,1,3,0,0,2,1,,0,40,0,0,0,0,0,2,1,13
,2016_73005,39.740086,-104.89057,2/12/2016 12:05,12:05,15,0,0,VERBENA STREET NORTH & COLFAX AVENUE EAST,1,1,0,0,1,4,,0,35,0,0,0,0,0,2,2,13
,2016_73013,39.780157,-104.989943,4/24/2016 4:01,4:01,5,0,0,I70 & I25,1,3,1,0,2,4,,0,55,0,0,0,0,1,1,1,5
,2016_73032,39.740361,-105.051191,8/30/2016 17:26,17:26,3,0,0,YATES STREET NORTH & COLFAX AVENUE WEST,1,1,0,0,1,1,,0,30,0,0,0,0,0,2,3,13
,2016_73033,39.7403,-105.013366,1/31/2016 19:00,19:00,12,0,0,COLFAX AVENUE WEST & I25,5,3,0,2,1,4,,0,45,0,0,0,0,0,2,2,14
,2016_73034,39.740076,-105.005215,3/28/2016 13:03,13:03,12,0,0,NORTH OSAGE STREET & WEST COLFAX AVENUE,1,1,1,0,1,1,,0,30,0,0,0,0,1,2,2,13
,2016_73035,39.74003,-105.002578,12/6/2016 12:26,12:26,12,0,0,COLFAX AVENUE WEST & 1200 BLOCK,1,1,1,0,1,4,,0,30,0,0,0,0,0,2,2,12
,2016_73036,39.740036,-105.001635,5/20/2016 9:41,9:41,12,0,0,COLFAX AVENUE WEST EASTBOUND & LIPAN STREET,1,1,0,0,1,3,,0,35,0,0,0,0,0,2,2,14
,2016_73037,39.740048,-104.999933,11/4/2016 12:10,12:10,15,0,0,COLFAX AVENUE WEST & KALAMATH STREET NORTH,1,1,0,0,1,3,,0,30,0,0,0,0,0,2,3,12
,2016_73038,39.74003,-104.996398,2/5/2016 12:02,12:02,3,0,0,FOX STREET NORTH  & COLFAX AVENUE EAST,1,1,0,0,1,1,,0,35,0,0,0,0,0,2,2,14
,2016_73039,39.74003,-104.996398,8/20/2016 5:00,5:00,12,0,0,COLFAX AVENUE WEST & FOX STREET NORTH,1,3,0,0,1,1,,0,35,0,0,0,0,0,2,2,5
,2016_73040,39.740022,-104.994735,9/8/2016 16:35,16:35,12,0,0,COLFAX AVENUE & TREMONT PLACE,1,1,1,0,1,3,,0,35,0,0,0,0,0,2,2,13
,2016_73041,39.74012,-104.988061,10/18/2016 16:00,16:00,15,0,0,COLFAX AVENUE 100 BLOCK WEST & 15TH STREET,1,1,0,0,1,4,,0,30,0,0,0,0,0,2,3,1
,2016_73042,39.740005,-104.987167,2/17/2016 14:30,14:30,15,0,1,COLFAX AVENUE WEST & BROADWAY STREET NORTH,1,1,0,0,1,3,,0,35,0,0,0,1,2,2,3,3
,2016_73043,39.740005,-104.987167,3/17/2016 9:07,9:07,15,0,0,COLFAX AVENUE EAST & BROADWAY STREET NORTH,1,1,0,0,1,1,,0,,0,0,0,0,0,2,2,7
,2016_73044,39.740005,-104.987167,5/24/2016 13:09,13:09,3,0,0,COLFAX AVENUE EAST & BROADWAY STREET NORTH,1,1,0,0,1,1,,0,30,0,0,0,0,0,2,2,8
,2016_73045,39.740049,-104.984665,12/16/2016 12:35,12:35,12,0,0,COLFAX AVENUE & SHERMAN STREET,1,1,1,0,1,4,,0,30,0,0,0,0,1,2,2,3
,2016_73046,39.740038,-104.983353,2/26/2016 11:40,11:40,12,0,0,COLFAX AVENUE 300 BLOCK EAST & GRANT STREET NORTH,1,1,0,0,1,4,,0,30,0,0,0,0,0,2,2,13
,2016_73047,39.739999,-104.978105,5/7/2016 21:49,21:49,15,0,0,COLFAX AVENUE EAST & PEARL STREET NORTH,1,3,0,0,1,4,,0,30,0,0,0,0,0,2,2,1
,2016_73048,39.74,-104.977544,4/19/2016 14:33,14:33,3,0,0,EAST COLFAX AVENUE & NORTH CLARKSON STREET,1,1,0,0,1,1,,0,30,0,0,0,0,0,2,2,13
,2016_73049,39.740007,-104.973426,4/30/2016 18:24,18:24,15,0,0,DOWNING STREET NORTH  & COLFAX AVENUE EAST,2,1,0,2,1,3,,0,35,0,0,0,0,0,2,2,14
,2016_73050,39.740009,-104.968553,5/4/2016 18:55,18:55,12,0,0,FRANKLIN STREET NORTH & COLFAX AVENUE EAST,1,1,0,0,1,1,,0,30,0,0,0,0,0,2,2,13
,2016_73051,39.739992,-104.964783,3/22/2016 14:46,14:46,6,0,0,COLFAX AVENUE EAST & HIGH STREET NORTH,1,1,0,0,1,1,,0,30,0,0,0,0,0,2,2,13
,2016_73052,39.739974,-104.961014,12/14/2016 12:30,12:30,1,0,2,COLFAX AVENUE EAST & GAYLORD STREET,1,1,0,0,1,1,,0,,0,0,0,0,2,2,2,13
,2016_73053,39.739983,-104.959859,9/18/2016 21:27,21:27,3,0,0,COLFAX AVENUE EAST & YORK STREET NORTH,1,3,0,0,1,1,,0,35,0,0,0,0,0,2,2,14
,2016_73054,39.739983,-104.959859,11/15/2016 2:48,2:48,12,0,0,YORK STREET NORTH & COLFAX AVENUE EAST,1,3,0,0,1,1,,0,30,0,0,0,0,0,2,3,3
,2016_73055,39.740185,-104.957457,9/24/2016 11:48,11:48,6,0,0,COLFAX AVENUE EAST & COLUMBINE STREET NORTH,1,1,0,0,1,3,,0,35,0,0,0,0,0,2,2,3
,2016_73056,39.740182,-104.956705,11/13/2016 12:37,12:37,15,0,0,COLFAX AVENUE EAST & ELIZABETH STREET NORTH,1,1,0,0,1,4,,0,35,0,0,0,1,0,2,3,14
,2016_73057,39.740181,-104.956328,4/28/2016 22:26,22:26,15,0,0,COLFAX AVENUE EAST & ELIZABETH STREET NORTH,2,3,0,1,1,1,,0,30,0,0,0,0,1,2,2,1
,2016_73058,39.740079,-104.923453,7/1/2016 16:22,16:22,1,0,0,COLFAX AVENUE EAST & HUDSON STREET NORTH,1,1,0,0,1,1,,0,35,0,0,0,0,0,2,2,14
,2016_73059,39.740081,-104.916689,11/2/2016 9:40,9:40,12,0,0,COLFAX AVENUE 6100 BLOCK EAST & KRAMERIA STREET,1,1,0,0,1,4,,0,35,0,0,0,0,1,2,2,7
,2016_73060,39.740082,-104.912367,12/8/2016 9:35,9:35,3,0,0,COLFAX AVENUE EAST & MONACO PARKWAY NORTH,1,1,0,0,1,1,,0,35,0,0,0,0,0,2,2,13
,2016_73061,39.740084,-104.903912,1/8/2016 17:45,17:45,12,0,0,COLFAX AVENUE & 7200 BLOCK EAST,4,3,0,2,1,4,,0,35,0,0,0,0,0,2,2,7
,2016_73062,39.740085,-104.899966,2/4/2016 10:30,10:30,12,0,0,COLFAX AVENUE EAST & ROSEMARY STREET NORTH,2,1,0,0,1,3,,0,30,0,0,0,0,0,2,2,1
,2016_73129,39.783357,-105.034655,1/6/2016 9:55,9:55,5,0,0,I70 & LOWELL BOULEVARD NORTH,1,1,1,0,1,4,,0,55,0,0,0,0,0,1,2,14
,2016_73130,39.784219,-105.024727,7/12/2016 13:42,13:42,12,0,0,I70 WB OFF RAMP & FEDERAL BOULEVARD,1,1,1,0,1,14,,0,65,0,0,0,0,1,1,2,7
,2016_73131,39.783149,-105.006371,2/2/2016 23:30,23:30,3,0,0,NORTH PECOS STREET & I70 EASTBOUND OFF RAMP,1,3,0,0,1,6,,0,25,0,0,0,0,0,1,2,13
,2016_73132,39.781855,-104.996453,10/28/2016 12:23,12:23,12,0,0,I70 WB RAMP END & I25 SOUTHBOUND,1,1,0,0,1,14,,0,40,0,0,0,0,0,1,2,13
,2016_73133,39.780553,-104.991777,5/2/2016 6:33,6:33,5,0,0,I70 WB RAMP CONNECTION & END RAMP I FROM NORTHBOUND I25,1,1,0,0,2,14,,0,55,0,0,0,0,0,1,1,14
,2016_73134,39.780124,-104.989762,12/9/2016 14:20,14:20,15,0,0,I70 & I25,2,1,1,0,1,4,,0,55,0,0,0,0,0,1,2,7
,2016_73135,39.780124,-104.989762,3/25/2016 12:20,12:20,12,0,0,I70 & I25,1,1,1,0,1,14,,0,45,0,0,0,0,0,1,2,13
,2016_73136,39.779441,-104.979019,4/16/2016 14:30,14:30,3,0,0,WASHINGTON STREET NORTH & I70 WB OFF RAMP,2,1,0,2,1,1,,0,,0,0,0,0,0,1,2,13
,2016_73137,39.779942,-104.966087,6/24/2016 17:28,17:28,12,0,0,I70 & BRIGHTON BOULEVARD,1,1,1,0,1,4,,0,55,0,0,0,0,0,1,2,12
,2016_73138,39.779942,-104.966087,8/10/2016 18:53,18:53,12,0,0,I70 & BRIGHTON BOULEVARD,1,1,0,0,1,4,,0,55,0,0,0,0,0,1,2,13
,2016_73140,39.779942,-104.966087,4/29/2016 13:33,13:33,12,0,0,I70 EASTBOUND SLIP RAMP & BRIGHTON BOULEVARD,2,1,1,2,1,14,,0,30,0,0,0,0,0,1,3,13
,2016_73141,39.78001,-104.964254,7/1/2016 3:15,3:15,12,0,0,I70 & MM 275.25,2,3,0,1,1,4,,0,55,0,0,0,0,0,1,2,5
,2016_73142,39.780012,-104.960177,7/1/2016 22:15,22:15,12,0,0,I70 & YORK STREET NORTH,1,3,0,0,1,4,,0,55,0,0,0,0,0,1,2,3
,2016_73143,39.779999,-104.949951,5/31/2016 17:10,17:10,12,0,0,I70 WB & STEELE STREET NORTH,1,1,0,0,1,4,,0,55,0,0,0,0,0,1,2,14
,2016_73145,39.779995,-104.949191,3/13/2016 5:15,5:15,15,0,0,I70 & STEELE STREET NORTH,1,3,0,0,1,4,,0,55,0,0,0,0,0,1,2,7
,2016_73146,39.77995,-104.941587,8/10/2016 15:33,15:33,12,0,0,I70 & COLORADO BOULEVARD,1,1,0,0,1,4,,0,55,0,0,0,0,0,1,4,14
,2016_73147,39.77995,-104.941587,10/13/2016 17:58,17:58,12,0,0,I70 & COLORADO BOULEVARD NORTH,1,1,0,0,1,4,,0,55,0,0,0,0,1,1,2,3
,2016_73148,39.779944,-104.940603,10/25/2016 16:05,16:05,12,0,0,I70 & COLORADO BOULEVARD,1,1,0,0,1,4,,0,55,0,0,0,0,0,1,4,13
,2016_73150,39.779944,-104.940603,11/17/2016 15:41,15:41,12,0,0,I70 & COLORADO BOULEVARD,2,3,0,2,1,4,,0,55,0,0,0,0,0,1,2,13
,2016_73151,39.780032,-104.931784,3/31/2016 17:05,17:05,12,0,0,I70 & DAHLIA STREET NORTH,2,1,0,2,1,4,,0,55,0,0,0,0,0,1,2,13
,2016_73152,39.779168,-104.926972,11/1/2016 18:06,18:06,12,0,0,I70 & FOREST STREET,1,1,0,0,1,4,,0,55,0,0,0,0,0,1,2,3
,2016_73153,39.778341,-104.92238,1/5/2016 18:00,18:00,12,0,0,I70 & HOLLY STREET NORTH,1,3,1,0,1,4,,0,55,0,0,0,0,1,1,3,3
,2016_73154,39.778341,-104.92238,9/19/2016 9:32,9:32,12,0,0,I70 & HOLLY STREET NORTH,1,1,0,0,1,4,,0,55,0,0,0,0,0,1,4,13
,2016_73155,39.778341,-104.92238,10/21/2016 9:50,9:50,12,0,0,I70 & HOLLY STREET,1,1,0,0,1,4,,0,55,0,0,0,0,0,1,2,3
,2016_73156,39.778292,-104.90801,8/23/2016 8:20,8:20,12,0,0,I70 & QUEBEC STREET NORTH,1,1,0,0,1,4,,0,55,0,0,0,0,0,1,2,13
,2016_73157,39.778297,-104.900538,3/23/2016 21:45,21:45,12,0,0,I70 EASTBOUND & QUEBEC STREET ENTRANCE GORE POINT,5,3,0,0,1,4,,0,55,0,0,0,0,0,1,2,14
,2016_73158,39.778297,-104.900356,5/8/2016 16:20,16:20,15,0,0,I70 WB & EXIT GORE POINT TO QUEBEC STREET NORTH,2,1,0,0,1,4,,0,55,0,0,0,0,0,1,3,1
,2016_73159,39.778298,-104.898898,11/11/2016 3:33,3:33,12,0,0,I70 & QUEBEC STREET,1,3,0,0,1,4,,0,55,0,0,0,0,1,1,2,14
,2016_73160,39.777312,-104.884839,4/22/2016 16:59,16:59,12,0,0,I270 EASTBOUND / I70 RAMP SPLIT & CENTRAL PARK BOULEVARD NORTH OFF RAMP B,1,1,0,0,1,14,,0,45,0,0,0,0,0,1,3,13
,2016_73161,39.777139,-104.882953,12/21/2016 15:38,15:38,12,0,0,I70 & CENTRAL PARK BOULEVARD NORTH,1,1,0,0,1,4,,0,55,0,0,0,0,0,1,2,13
,2016_73162,39.777105,-104.882575,5/31/2016 17:33,17:33,12,0,0,I70 WB RAMP OFF & CENTRAL PARK BOULEVARD NORTH,1,1,0,0,1,14,,0,55,0,0,0,0,0,1,3,3
,2016_73163,39.777035,-104.881821,11/22/2016 10:30,10:30,15,0,0,I70 & CENTRAL PARK BOULEVARD NORTH,2,1,0,0,1,4,,0,65,0,0,0,0,0,1,2,13
,2016_73164,39.775573,-104.865095,1/7/2016 7:23,7:23,12,0,1,I70 & HAVANA STREET NORTH,1,2,0,0,1,4,,1,55,0,0,0,0,2,1,3,1
,2016_73165,39.775573,-104.865095,2/8/2016 20:50,20:50,15,0,0,I70 EASTBOUND & HAVANA STREET NORTH,1,3,0,0,1,4,,1,45,0,0,0,0,0,1,2,1
,2016_73166,39.775573,-104.865095,4/5/2016 19:43,19:43,12,0,0,I70 & HAVANA STREET NORTH,1,2,0,0,1,4,,0,55,0,0,0,0,1,1,2,13
,2016_73167,39.77489,-104.857146,7/9/2016 17:50,17:50,12,0,0,I70 & MM 281,1,1,0,0,1,4,,0,55,0,0,0,0,0,1,4,13
,2016_73168,39.77427,-104.849936,7/16/2016 2:09,2:09,12,0,0,I70 & PEORIA STREET,1,3,0,0,1,4,,0,55,0,0,0,0,0,1,2,7
,2016_73169,39.774063,-104.847533,11/30/2016 15:23,15:23,5,0,0,I70 & PEORIA STREET,1,1,0,0,2,4,,0,55,0,0,0,0,0,1,2,13
,2016_73170,39.774015,-104.846978,11/28/2016 17:35,17:35,12,0,0,I70 EASTBOUND SLIP RAMP OFF & PEORIA STREET SOUTHBOUND,1,3,0,0,1,14,,0,35,0,0,0,0,0,1,2,13
,2016_73171,39.773967,-104.846424,7/13/2016 7:30,7:30,12,0,0,I70 WB OFF RAMP & PEORIA STREET,1,1,0,0,1,14,,0,25,0,0,0,0,0,1,2,1
,2016_73172,39.77349,-104.840878,9/17/2016 2:08,2:08,5,0,0,I70 WB ON RAMP & FROM I225 RAMP END,1,3,0,0,2,14,,0,55,0,0,0,1,0,1,2,1
,2016_73240,39.698361,-104.902954,10/14/2016 16:55,16:55,15,0,0,LEETSDALE DRIVE & 7200 BLOCK,1,1,0,0,1,4,,0,45,0,0,0,0,0,2,3,13
,2016_73241,39.70817,-104.92701,9/2/2016 22:25,22:25,1,0,0,LEETSDALE DRIVE & FOREST STREET SOUTH,1,3,0,0,1,1,,0,35,0,0,0,0,0,2,2,7
,2016_73242,39.7112,-104.936323,1/10/2016 18:45,18:45,3,0,0,ALAMEDA AVENUE EAST & LEETSDALE DRIVE,1,3,0,0,1,1,,0,35,0,0,0,0,0,2,2,8
,2016_73243,39.71464,-104.940241,5/18/2016 15:21,15:21,12,0,0,LEETSDALE DRIVE 100 BLOCK & SHANGRILA DRIVE EAST,1,1,1,0,1,4,,0,35,0,0,0,0,1,2,3,7
,2016_73245,39.714869,-104.940485,9/28/2016 17:15,17:15,10,0,0,LEETSDALE DRIVE & BAYAUD AVENUE EAST,1,1,1,0,1,3,,0,35,0,0,0,0,0,2,2,8