id,drcog_id,latitude,longitude,crashtime,time,crashtype,numbkilled,numbinjurd,drcoglocat,rdconditin,lightngcon,roadcntgrd,weatherco,location,roaddescrp,schoolzone,constrzone,splimit,bikeinv,pedinv,sctrinv,motoinv,svrty,rdsystem,ttlvehcls,hcf
,2016_73254,39.708634,-105.02508,9/7/2016 9:36,9:36,5,0,0,HIGHWAY 88A / FEDERAL BOULEVARD SOUTH & DAKOTA AVENUE WEST,1,1,0,0,3,4,,0,40,0,0,0,0,0,2,1,1
,2016_73262,39.670952,-104.995095,6/22/2016 15:15,15:15,12,0,0,SANTA FE DRIVE & HARVARD AVENUE WEST,1,1,0,0,1,3,,0,55,0,0,0,0,0,2,2,1
,2016_73263,39.687439,-104.991942,6/24/2016 18:25,18:25,12,0,0,SANTA FE DRIVE 1600 BLOCK SOUTH & IOWA AVENUE WEST,1,1,0,0,1,1,,0,45,0,0,0,0,0,2,2,13
,2016_73264,39.696679,-104.991877,6/3/2016 14:07,14:07,12,0,0,SANTA FE DRIVE SOUTH & MISSISSIPPI AVENUE WEST,1,1,0,0,1,4,,0,35,0,0,0,0,1,2,2,3
,2016_73265,39.701432,-104.993475,1/8/2016 16:54,16:54,15,0,0,SANTA FE DRIVE SOUTH & I25 SOUTHBOUND ON RAMP EXIT GORE POINT,4,3,0,2,1,1,,0,35,0,0,0,0,0,2,2,3
,2016_73281,39.725357,-105.025125,4/22/2016 5:05,5:05,12,0,0,SIXTH AVENUE WEST WB OFF RAMP & FEDERAL BOULEVARD NORTH,1,2,1,0,1,3,,0,45,0,0,0,0,0,2,2,3
,2016_73282,39.689495,-105.025043,8/10/2016 19:25,19:25,14,0,0,FEDERAL BOULEVARD & FLORIDA AVENUE WEST,1,2,0,0,1,1,,0,30,0,0,0,0,0,2,2,13
,2016_73283,39.725357,-105.025125,4/28/2016 15:14,15:14,15,0,0,SIXTH AVENUE WEST  WB OFF RAMP D & FEDERAL BOULEVARD NORTH,1,1,0,0,1,1,,0,30,0,0,0,0,0,2,2,7
,2016_73284,39.725357,-105.025125,6/11/2016 12:32,12:32,3,0,0,FEDERAL BOULEVARD NORTH & SIXTH AVENUE WEST OFF RAMP,1,1,0,0,1,1,,0,35,0,0,0,0,1,2,2,8
,2016_73285,39.724876,-105.025125,4/4/2016 15:24,15:24,15,0,0,FEDERAL BOULEVARD NORTH & SIXTH AVENUE WEST,1,1,0,0,1,1,,0,35,0,0,0,1,1,2,2,1
,2016_73286,39.724876,-105.025125,11/29/2016 18:21,18:21,15,0,0,FEDERAL BOULEVARD NORTH & SIXTH AVENUE WEST,1,3,1,0,1,1,,0,25,0,0,0,0,0,2,2,8
,2016_73287,39.722885,-105.025182,7/11/2016 11:31,11:31,12,0,0,FEDERAL BOULEVARD NORTH  & FOURTH AVENUE WEST,1,1,0,0,1,3,,0,40,0,0,0,0,0,2,2,13
,2016_73288,39.719731,-105.025174,1/8/2016 9:15,9:15,3,0,0,SECOND AVENUE & FEDERAL BOULEVARD,5,3,1,2,1,1,,0,35,0,0,0,0,1,2,2,13
,2016_73289,39.711402,-105.025104,11/18/2016 23:16,23:16,5,0,2,FEDERAL BOULEVARD SOUTH & ALAMEDA AVENUE WEST,1,3,0,0,3,4,,0,35,0,0,0,0,2,2,1,5
,2016_73290,39.711253,-105.025099,11/30/2016 16:43,16:43,12,0,0,FEDERAL BOULEVARD SOUTH & ALAMEDA AVENUE,1,1,0,0,1,3,,0,35,0,0,0,0,0,2,2,7
,2016_73291,39.70849,-105.025081,2/25/2016 13:25,13:25,12,0,0,FEDERAL BOULEVARD SOUTH & ALASKA PLACE WEST,1,1,0,0,1,3,,0,35,0,0,0,0,0,2,4,7
,2016_73292,39.703865,-105.025087,12/11/2016 11:10,11:10,10,0,0,FEDERAL BOULEVARD & EXPOSITION AVENUE WEST,2,1,0,0,1,1,,0,35,0,0,0,0,0,2,2,13
,2016_73293,39.702961,-105.025073,11/2/2016 20:05,20:05,3,0,0,FEDERAL BOULEVARD SOUTH & WALSH PLACE WEST,1,3,0,0,1,1,,0,35,0,0,0,0,0,2,2,13
,2016_73294,39.696718,-105.025071,4/4/2016 16:04,16:04,3,0,0,FEDERAL BOULEVARD SOUTH & MISSISSIPPI AVENUE WEST,1,1,0,0,1,2,,0,40,0,0,0,0,0,2,2,7
,2016_73295,39.693033,-105.025057,6/11/2016 17:45,17:45,12,0,0,FEDERAL BOULEVARD SOUTH & LOUISIANA AVENUE WEST,1,1,0,0,1,3,,0,35,0,0,0,0,0,2,3,3
,2016_73296,39.689937,-105.025045,5/27/2016 17:30,17:30,1,0,0,FEDERAL BOULEVARD SOUTH & FLORIDA AVENUE WEST,1,1,0,0,1,2,,0,35,0,0,0,0,0,2,2,14
,2016_73297,39.689347,-105.025043,11/6/2016 13:14,13:14,3,0,0,FEDERAL BOULEVARD & 1500 SOUTH,1,1,0,0,1,1,,0,40,0,0,0,0,0,2,3,13
,2016_73298,39.686694,-105.025033,5/17/2016 21:08,21:08,12,0,0,FEDERAL BOULEVARD SOUTH & MEXICO AVENUE WEST,1,3,1,0,1,2,,0,35,0,0,0,0,1,2,2,1
,2016_73299,39.684925,-105.025026,1/12/2016 7:40,7:40,1,0,0,COLORADO AVENUE WEST & FEDERAL BOULEVARD SOUTH,1,1,1,0,1,1,,0,40,0,0,0,0,0,2,2,13
,2016_73300,39.684925,-105.025026,6/10/2016 17:21,17:21,1,0,0,FEDERAL BOULEVARD SOUTH & COLORADO AVENUE WEST,1,1,0,0,1,1,,0,35,0,0,0,0,0,2,2,2
,2016_73301,39.682419,-105.025016,12/23/2016 15:10,15:10,15,0,0,FEDERAL BOULEVARD & 2000 BLOCK SOUTH,1,1,0,0,1,4,,0,35,0,0,0,0,0,2,2,13
,2016_73302,39.682275,-105.025016,7/24/2016 22:40,22:40,1,0,0,JEWELL AVENUE WEST & FEDERAL BOULEVARD SOUTH,1,3,1,0,1,1,,0,35,0,0,0,0,0,2,2,13
,2016_73303,39.682275,-105.025016,9/1/2016 20:41,20:41,3,0,0,FEDERAL BOULEVARD SOUTH & JEWELL AVENUE WEST,1,3,0,0,1,1,,0,40,0,0,0,0,0,2,3,13
,2016_73305,39.680523,-105.025025,7/29/2016 12:42,12:42,15,0,0,FEDERAL BOULEVARD SOUTH & ASBURY AVENUE WEST,1,1,0,0,1,1,,0,35,0,0,0,0,0,2,2,7
,2016_73306,39.676736,-105.025046,11/4/2016 18:06,18:06,3,0,0,FEDERAL BOULEVARD SOUTH & WARREN AVENUE WEST,1,1,0,0,1,1,,0,40,0,0,0,0,1,2,2,8
,2016_73307,39.660488,-105.025192,10/5/2016 8:37,8:37,1,0,0,FEDERAL BOULEVARD SOUTH & DARTMOUTH AVENUE  WEST,1,1,0,0,1,1,,0,40,0,0,0,0,0,2,2,13
,2016_73343,39.656087,-105.053224,12/25/2016 10:42,10:42,15,0,0,SHERIDAN BOULEVARD & DARTMOUTH AVENUE WEST,1,1,0,6,1,3,,0,40,0,0,0,0,0,2,2,13
,2016_73344,39.686087,-105.053189,5/30/2016 3:21,3:21,5,0,0,SHERIDAN BOULEVARD SOUTH  & OREGON PLACE WEST,1,3,1,0,2,4,,0,,0,0,0,0,0,2,1,5
,2016_73348,39.733188,-105.053221,6/17/2016 0:19,0:19,5,0,0,SHERIDAN BOULEVARD NORTH & 10TH AVENUE WEST,1,3,0,0,3,1,,0,35,0,0,0,0,0,2,1,5
,2016_73352,39.790745,-105.053234,12/22/2016 8:59,8:59,15,0,0,SHERIDAN BOULEVARD NORTH & 52ND AVENUE WEST,1,1,0,0,1,4,,0,35,0,0,0,0,0,2,2,14
,2016_73376,39.618006,-105.091112,8/4/2016 12:29,12:29,12,0,0,WADSWORTH BOULEVARD SOUTH & CRESTLINE AVENUE WEST,1,1,0,0,1,1,,0,45,0,0,0,0,0,2,2,7
,2016_73378,39.631061,-105.085842,11/11/2016 17:54,17:54,12,0,2,WADSWORTH WAY SOUTH & LAYTON AVENUE WEST,1,3,0,0,1,3,,0,45,0,0,0,0,2,2,4,7
,2016_73461,39.635522,-104.893462,4/23/2016 17:00,17:00,1,0,0,TAMARAC STREET SOUTH & I225 WB ON RAMP,1,1,0,0,1,1,,0,35,0,0,0,0,1,1,2,13
,2016_73462,39.635672,-104.892896,12/5/2016 19:49,19:49,12,0,0,I225 & TAMARAC STREET,1,3,0,1,1,4,,0,60,0,0,0,0,1,1,2,13
,2016_73463,39.639223,-104.885207,6/7/2016 11:10,11:10,12,0,0,I225 SOUTHBOUND & YOSEMITE STREET SOUTH,1,1,0,0,1,4,,0,55,0,0,0,0,0,1,2,3
,2016_73464,39.639223,-104.885207,8/3/2016 14:09,14:09,15,0,0,I225 & YOSEMITE STREET,1,1,0,0,1,4,,0,55,0,0,0,0,0,1,2,13
,2016_73465,39.639627,-104.884382,4/23/2016 12:25,12:25,12,0,0,I225 SOUTHBOUND & TAMARAC STREET SOUTH EXIT GORE POINT,1,1,0,0,1,4,,0,55,0,0,0,0,0,1,2,14
,2016_73498,39.779661,-104.967133,1/16/2016 5:51,5:51,1,0,0,BRIGHTON BOULEVARD NORTH & I70 EASTBOUND RAMPS,1,3,1,0,1,1,,0,35,0,0,0,0,0,2,2,13
,2016_73499,39.779661,-104.967133,5/5/2016 10:50,10:50,1,0,0,BRIGHTON BOULEVARD NORTH & I70 EASTBOUND ON RAMP,1,1,0,0,1,1,,0,35,0,0,0,0,0,2,2,13
,2016_73505,39.783303,-104.901099,6/22/2016 13:00,13:00,14,0,0,I270 SOUTHWEST FRONTAGE ROAD  SAND CREEK DRIVE & 47TH AVENUE EAST,1,1,0,0,1,1,,0,35,0,0,0,0,0,4,2,13
,2016_73506,39.782797,-104.900751,8/10/2016 18:30,18:30,12,0,0,I270 & QUEBEC STREET,1,1,0,0,1,4,,0,55,0,0,0,0,0,1,2,3
,2016_73507,39.777015,-104.882641,11/8/2016 17:21,17:21,12,0,0,CENTRAL PARK BOULEVARD & I70,1,3,0,0,1,1,,0,35,0,0,0,0,0,1,2,13
,2016_73512,39.653152,-105.052954,10/14/2016 17:36,17:36,12,0,0,HAMPDEN AVENUE WB OFF RAMP TO & SHERIDAN BOULEVARD SOUTH,1,1,0,0,1,1,,0,35,0,0,0,0,0,2,2,7
,2016_73529,39.76196,-105.025155,10/26/2016 15:20,15:20,12,0,0,FEDERAL BOULEVARD NORTH & 32ND AVENUE WEST,1,1,1,0,1,1,,0,35,0,0,0,0,0,2,2,14
,2016_73533,39.652979,-104.923957,2/18/2016 17:55,17:55,12,0,0,HAMPDEN AVENUE EAST & HUDSON STREET SOUTH,1,3,0,0,1,4,,0,35,0,0,0,0,1,2,2,10
,2016_73535,39.652979,-104.918863,2/4/2016 20:17,20:17,12,0,0,HAMPDEN AVENUE & I25 RAMPS,1,3,0,0,1,1,,0,40,0,0,0,0,0,2,2,3
,2016_73536,39.652979,-104.918863,3/17/2016 21:12,21:12,12,0,0,HAMPDEN AVENUE EAST & I25 SOUTHBOUND RAMPS,2,3,0,2,1,4,,0,35,0,0,0,0,0,2,2,3
,2016_73537,39.652979,-104.918486,10/10/2016 12:45,12:45,15,0,0,HAMPDEN AVENUE EAST & I25,1,1,1,0,1,4,,0,45,0,0,0,0,0,2,2,13
,2016_73538,39.743725,-105.025219,8/11/2016 10:49,10:49,15,0,0,FEDERAL BOULEVARD 1600 BLOCK NORTH & 17TH AVENUE WEST,1,1,0,0,1,4,,0,35,0,0,0,0,0,2,2,13
,2016_73539,39.7468,-105.025226,9/2/2016 12:15,12:15,15,0,0,FEDERAL BOULEVARD NORTH & FEDERAL BOULEVARD 1900 BLOCK NORTH,1,1,0,0,1,2,,0,35,0,0,0,0,0,2,2,13
,2016_73541,39.747776,-105.025222,5/16/2016 14:16,14:16,12,0,0,FEDERAL BOULEVARD NORTH & 20TH AVENUE WEST,1,1,0,0,1,4,,0,35,0,0,0,0,0,2,2,13
,2016_73542,39.754834,-105.025131,7/20/2016 17:36,17:36,1,0,0,FEDERAL BOULEVARD NORTH & 26TH AVENUE WEST,1,1,0,0,1,1,,0,35,0,0,0,0,0,2,2,13
,2016_73543,39.76196,-105.025155,9/1/2016 12:50,12:50,1,0,0,32ND AVENUE WEST & FEDERAL BOULEVARD NORTH,1,1,0,0,1,1,,0,35,0,0,0,0,0,2,2,13
,2016_73545,39.76196,-105.025155,12/1/2016 9:11,9:11,12,0,0,FEDERAL BOULEVARD SOUTH & 32ND AVENUE,1,1,0,0,1,3,,0,35,0,0,0,0,0,2,2,14
,2016_73546,39.769238,-105.025232,7/21/2016 9:00,9:00,15,0,0,38TH AVENUE WEST & FEDERAL BOULEVARD NORTH,1,1,0,0,1,3,,0,35,0,0,0,0,0,2,2,13
,2016_73547,39.769667,-105.025232,9/23/2016 17:08,17:08,3,0,0,FEDERAL BOULEVARD 3800 BLOCK NORTH & 38TH AVENUE WEST,1,1,0,0,1,2,,0,35,0,0,0,0,0,2,2,7
,2016_73548,39.769954,-105.025232,11/22/2016 8:38,8:38,12,0,0,FEDERAL BOULEVARD NORTH & DENVER PLACE WEST,2,1,0,2,1,3,,0,35,0,0,0,0,0,2,2,14
,2016_73549,39.776686,-105.025228,8/16/2016 22:00,22:00,12,0,0,FEDERAL BOULEVARD & 44TH AVENUE EAST,1,3,0,1,1,3,,0,35,0,0,0,0,0,2,2,13
,2016_73550,39.780697,-105.025226,7/11/2016 8:20,8:20,15,0,0,FEDERAL BOULEVARD NORTH & 46TH AVENUE,1,1,0,0,1,4,,0,35,0,0,0,0,0,2,2,13
,2016_73551,39.783991,-105.025224,8/13/2016 19:06,19:06,1,0,0,FEDERAL BOULEVARD NORTH & I70 EASTBOUND RAMP,1,1,0,0,1,1,,0,35,0,0,0,0,0,2,2,3
,2016_73552,39.784707,-105.025224,1/8/2016 11:15,11:15,3,0,0,I70 WB OFF RAMP & FEDERAL BOULEVARD NORTH,4,1,0,2,1,1,,0,,0,0,0,0,0,2,2,13
,2016_73553,39.667623,-104.925611,1/27/2016 21:35,21:35,5,0,0,I25 SOUTHBOUND OFF RAMP & YALE AVENUE EAST,1,3,1,0,2,1,,0,25,0,0,0,0,0,1,1,13
,2016_73554,39.78571,-105.025223,6/22/2016 16:13,16:13,1,0,0,FEDERAL BOULEVARD NORTH & 49TH AVENUE WEST,1,1,0,0,1,1,,0,35,0,0,0,0,0,2,2,13
,2016_73555,39.785853,-105.025223,9/19/2016 18:35,18:35,12,0,0,49TH AVENUE WEST & FEDERAL BOULEVARD NORTH,1,1,0,0,1,4,,0,35,0,0,0,0,0,2,2,3
,2016_73556,39.787424,-105.025217,4/20/2016 8:40,8:40,1,0,0,FEDERAL BOULEVARD NORTH & 50TH AVENUE WEST,1,1,0,0,1,1,,0,35,0,0,0,0,0,2,2,13
,2016_73557,39.789272,-105.025199,12/16/2016 14:14,14:14,12,0,0,FEDERAL BOULEVARD & 5100 NORTH,1,1,1,0,1,4,,0,35,0,0,0,0,0,2,3,13
,2016_73602,39.6372,-104.894536,8/22/2016 16:01,16:01,3,0,0,TAMARAC STREET & 4400 BLOCK SOUTH,1,1,0,0,1,2,,0,35,0,0,0,0,0,4,2,14
,2016_73636,39.834134,-104.746852,10/27/2016 14:42,14:42,12,0,0,PENA BOULEVARD & E470,1,1,0,0,1,4,,0,65,0,0,0,0,0,2,2,8
,2016_73642,39.702792,-104.912605,5/31/2016 13:13,13:13,3,0,0,MONACO PARKWAY SOUTH & LEETSDALE DRIVE,1,1,1,0,1,2,,0,35,0,0,0,0,0,4,2,14
,2016_73643,39.764469,-104.946875,4/18/2016 14:20,14:20,15,0,0,BRUCE RANDOLPH AVENUE & 3400 BLOCK EAST,1,1,0,0,1,4,,0,35,0,0,0,0,0,4,2,13
,2016_73648,39.784431,-104.989139,1/20/2016 12:37,12:37,5,0,0,I25 & MM 214,1,1,0,0,1,4,,0,55,0,0,0,0,0,1,2,14
,2016_73650,39.724815,-105.012562,2/29/2016 0:30,0:30,5,0,0,I25 SOUTHBOUND ON RAMP SPLIT & SIXTH AVENUE INTERCHANGE,1,3,1,0,2,14,,0,45,0,0,0,0,0,1,1,13
,2016_73653,39.668673,-104.940609,2/22/2016 6:20,6:20,1,0,0,COLORADO BOULEVARD SOUTH & YALE AVENUE EAST,1,2,0,0,1,1,,0,35,0,0,0,0,0,2,2,13
,2016_73654,39.668673,-104.940609,12/5/2016 12:25,12:25,12,0,1,COLORADO BOULEVARD & YALE AVENUE EAST ROAD EAST,1,1,1,0,1,3,,0,35,0,0,0,0,2,2,2,3
,2016_73655,39.673481,-104.940623,5/5/2016 21:17,21:17,3,0,0,COLORADO BOULEVARD SOUTH & WESLEY AVENUE EAST,1,1,0,0,1,1,,0,25,0,0,0,0,0,2,2,3
,2016_73657,39.674754,-104.940627,6/8/2016 13:28,13:28,12,0,0,COLORADO BOULEVARD & ILIFF AVENUE EAST,1,1,1,0,1,2,,0,40,0,0,0,0,0,2,2,3
,2016_73658,39.678006,-104.940637,1/28/2016 15:15,15:15,3,0,1,COLORADO BOULEVARD SOUTH & EVANS AVENUE EAST,1,1,0,0,1,2,,0,35,0,0,0,0,2,2,2,13
,2016_73659,39.67843,-104.940638,3/18/2016 16:40,16:40,12,0,0,EVANS AVENUE EAST & COLORADO BOULEVARD SOUTH,1,1,0,0,1,1,,0,35,0,0,0,0,0,2,4,3
,2016_73660,39.67843,-104.940638,9/25/2016 23:17,23:17,12,0,0,EVANS AVENUE 3900 BLOCK EAST & COLORADO BOULEVARD SOUTH,1,3,0,0,1,3,,0,35,0,0,0,0,0,2,2,5
,2016_73661,39.683013,-104.940374,5/2/2016 18:53,18:53,1,0,0,COLORADO BOULEVARD  SOUTH & I25 NORTHBOUND RAMP,1,1,1,0,1,1,,0,30,0,0,0,0,0,2,2,13
,2016_73662,39.683013,-104.940374,9/16/2016 9:45,9:45,15,0,0,COLORADO BOULEVARD SOUTH & I25,1,1,1,0,1,4,,0,35,0,0,0,0,0,2,2,13
,2016_73663,39.683642,-104.940412,4/12/2016 12:11,12:11,3,0,0,COLORADO BOULEVARD SOUTH & I25 NORTHBOUND EXIT RAMP,1,1,0,0,1,1,,0,35,0,0,0,0,0,2,2,13
,2016_73664,39.68406,-104.940449,4/27/2016 7:14,7:14,12,0,0,COLORADO BOULEVARD 1800 SOUTH & I25 HIGHWAY NORTHBOUND EXIT RAMP,1,1,0,0,1,3,,0,35,0,0,0,0,1,2,2,1
,2016_73665,39.689567,-104.940546,6/6/2016 11:40,11:40,12,0,0,COLORADO BOULEVARD 1400 BLOCK SOUTH & FLORIDA AVENUE EAST,1,1,1,0,1,2,,0,40,0,0,0,0,0,2,2,3
,2016_73666,39.690613,-104.940547,6/25/2016 15:23,15:23,12,0,0,COLORADO BOULEVARD SOUTH & ARKANSAS AVENUE EAST,1,1,0,0,1,4,,0,35,0,0,0,0,0,2,3,3
,2016_73667,39.69136,-104.940548,12/1/2016 13:05,13:05,12,0,0,COLORADO BOULEVARD SOUTH & ARKANSAS AVENUE EAST,1,1,1,0,1,4,,0,35,0,0,0,0,1,2,3,13
,2016_73668,39.639269,-104.910279,3/26/2016 14:45,14:45,15,0,0,I25 & QUINCY AVENUE EAST,1,1,0,0,1,4,,0,65,0,0,0,0,0,1,2,13
,2016_73671,39.71339,-104.940611,4/24/2016 10:10,10:10,12,0,0,COLORADO BOULEVARD SOUTH & ALAMEDA AVENUE EAST,1,1,0,0,1,4,,0,35,0,0,0,0,0,2,3,7
,2016_73672,39.713536,-104.940611,5/6/2016 15:42,15:42,15,0,0,COLORADO BOULEVARD SOUTH & ALAMEDA AVENUE EAST,1,1,0,0,1,4,,0,35,0,0,0,0,0,2,2,14
,2016_73673,39.725354,-104.940607,6/10/2016 0:10,0:10,1,0,1,SIXTH AVENUE EAST & COLORADO BOULEVARD NORTH,1,3,0,0,1,1,,0,,0,0,0,0,2,2,3,13
,2016_73674,39.725354,-104.940607,9/16/2016 16:15,16:15,1,0,1,COLORADO BOULEVARD NORTH & SIXTH AVENUE EAST PARKWAY ROAD EAST,1,1,0,0,1,3,,0,30,0,0,0,1,2,2,2,14
,2016_73675,39.727105,-104.940606,5/24/2016 6:50,6:50,6,0,1,COLORADO BOULEVARD NORTH & EAST SIXTH AVENUE,1,1,0,0,1,4,,0,35,0,0,0,0,2,2,3,14
,2016_73676,39.736881,-104.940602,3/29/2016 13:38,13:38,3,0,0,NORTH COLORADO BOULEVARD & EAST 13TH AVENUE,1,1,0,0,1,1,,0,35,0,0,0,0,0,2,2,14
,2016_73677,39.74009,-104.940601,6/16/2016 12:50,12:50,12,0,0,COLORADO BOULEVARD & COLFAX AVENUE EAST,1,1,0,0,1,3,,0,30,0,0,0,0,0,2,4,13
,2016_73678,39.741841,-104.940601,3/9/2016 11:18,11:18,12,0,0,COLORADO BOULEVARD NORTH & 16TH AVENUE EAST,1,1,0,0,1,4,,0,30,0,0,0,0,0,2,2,13
,2016_73679,39.743592,-104.9406,12/16/2016 15:31,15:31,1,0,0,17TH AVENUE EAST  & COLORADO BOULEVARD NORTH,1,1,0,0,1,1,,0,30,0,0,0,0,0,2,2,13
,2016_73680,39.744759,-104.9406,6/12/2016 8:34,8:34,5,0,0,COLORADO BOULEVARD NORTH & 18TH AVENUE EAST,1,1,0,0,2,3,,0,35,0,0,0,0,0,2,1,5
,2016_73681,39.750887,-104.940597,10/6/2016 17:50,17:50,12,0,0,23RD AVENUE EAST & COLORADO BOULEVARD NORTH,1,1,0,0,1,4,,0,35,0,0,0,0,0,2,2,13
,2016_73682,39.750887,-104.940597,12/27/2016 17:33,17:33,1,0,0,COLORADO BOULEVARD & 23RD AVENUE EAST,1,3,0,0,1,1,,0,60,0,0,0,0,0,2,2,3
,2016_73683,39.758284,-104.940525,10/20/2016 16:40,16:40,1,0,0,COLORADO BOULEVARD NORTH & 29TH AVENUE EAST,1,1,0,0,1,1,,0,35,0,0,0,0,0,2,2,3
,2016_73684,39.758575,-104.940524,1/15/2016 17:14,17:14,12,0,0,COLORADO BOULEVARD 2900 BLOCK NORTH & 29TH AVENUE EAST,1,2,1,0,1,4,,0,35,0,0,0,0,0,2,2,13
,2016_73685,39.766851,-104.940491,5/6/2016 14:17,14:17,1,0,0,COLORADO BOULEVARD NORTH & 36TH AVENUE EAST,1,1,0,0,1,1,,0,35,0,0,0,0,0,2,2,14
,2016_73686,39.77302,-104.940511,10/3/2016 7:35,7:35,1,0,0,COLORADO BOULEVARD NORTH & 40TH AVENUE EAST,1,1,0,0,1,1,,0,40,0,0,0,0,0,2,2,7
,2016_73687,39.77302,-104.940511,11/10/2016 16:08,16:08,15,0,0,COLORADO BOULEVARD NORTH & 40TH AVENUE EAST,1,1,0,0,1,4,,0,40,0,0,0,0,0,2,2,13
,2016_73707,39.725652,-105.053207,2/20/2016 19:35,19:35,12,0,0,SIXTH AVENUE WB OFF RAMP SPLIT POINT & SHERIDAN BOULEVARD,1,4,1,0,1,14,,0,35,0,0,0,0,0,2,2,5
,2016_73708,39.639103,-104.91017,2/27/2016 11:29,11:29,5,0,0,I25 & QUINCY AVENUE EAST,1,1,0,0,2,4,,0,65,0,0,0,0,1,1,2,13
,2016_73709,39.725638,-105.050204,1/12/2016 15:25,15:25,12,0,0,SIXTH AVENUE EASTBOUND ON RAMP GORE POINT & SHERIDAN BOULEVARD,1,1,0,0,1,14,,0,45,0,0,0,0,0,2,2,13
,2016_73710,39.725419,-105.027546,3/30/2016 8:04,8:04,12,0,0,SIXTH AVENUE WEST & LOWELL BOULEVARD,1,1,0,0,1,4,,0,55,0,0,0,0,0,2,2,13
,2016_73711,39.790208,-104.942044,4/4/2016 15:15,15:15,3,0,0,VASQUEZ BOULEVARD NORTH & 52ND AVENUE EAST,1,1,0,0,1,1,,0,45,0,0,0,0,0,2,3,14
,2016_73712,39.790315,-104.941947,5/24/2016 6:50,6:50,15,0,0,VASQUEZ BOULEVARD SOUTHBOUND & 5200 BLOCK,1,1,0,0,1,4,,0,45,0,0,0,0,0,2,2,7
,2016_73776,39.667509,-104.925528,12/6/2016 9:11,9:11,12,0,0,I25 & YALE AVENUE EAST,1,1,0,0,1,4,,0,35,0,0,0,0,0,1,2,3
,2016_73797,39.639103,-104.91017,12/23/2016 13:56,13:56,12,0,0,QUINCY AVENUE EAST & I25 SEP,1,1,1,0,1,4,,0,35,0,0,0,0,0,1,2,14
,2016_73798,39.639435,-104.910388,2/27/2016 11:30,11:30,12,0,0,I25 & QUINCY AVENUE EAST,1,1,0,0,1,4,,0,65,0,0,0,0,0,1,2,1
,2016_73799,39.646572,-104.914546,3/25/2016 14:12,14:12,12,0,0,I25 & HAMPDEN AVENUE EAST,1,1,0,0,1,4,,0,55,0,0,0,0,0,1,2,13
,2016_73800,39.653259,-104.918319,4/28/2016 21:37,21:37,12,0,1,I25 & HAMPDEN AVENUE EAST,2,3,0,1,1,4,,0,60,0,0,0,0,2,1,2,3
,2016_73801,39.662817,-104.92259,5/25/2016 8:05,8:05,12,0,0,I25 & YALE AVENUE EAST,1,1,0,0,1,4,,0,65,0,0,0,0,0,1,2,1
,2016_73802,39.667623,-104.925611,7/1/2016 13:24,13:24,12,0,0,I25 & YALE AVENUE EAST,1,1,0,0,1,4,,0,65,0,0,0,0,0,1,2,3
,2016_73803,39.667846,-104.925762,11/20/2016 20:38,20:38,15,0,0,I25 & YALE AVENUE EAST,1,3,0,0,1,4,,0,60,0,0,0,0,0,1,2,7
,2016_73804,39.668288,-104.926059,6/5/2016 22:25,22:25,15,0,0,I25 HIGHWAY NORTHBOUND & MM 202.75,1,3,0,0,1,4,,0,65,0,0,0,0,0,1,3,13
,2016_73805,39.678367,-104.933559,10/20/2016 5:45,5:45,15,0,0,I25 SOUTHBOUND & EVANS AVENUE EAST,1,2,1,0,1,4,,0,55,0,0,0,0,0,1,2,1
,2016_73806,39.680951,-104.936001,6/1/2016 5:45,5:45,12,0,0,I25 & COLORADO BOULEVARD SOUTH,2,2,0,1,1,4,,0,55,0,0,0,0,0,1,2,13
,2016_73807,39.683309,-104.94138,8/31/2016 18:21,18:21,15,0,0,I25 SOUTHBOUND LOOP RAMP ON & COLORADO BOULEVARD SOUTH,1,2,1,0,1,14,,0,20,0,0,0,0,0,1,2,14
,2016_73808,39.684921,-104.959322,9/22/2016 14:40,14:40,12,0,0,I25 SOUTHBOUND & UNIVERSITY BOULEVARD SOUTH,1,1,0,0,1,4,,0,50,0,0,0,0,0,1,2,14
,2016_73809,39.700838,-104.986681,1/10/2016 0:49,0:49,1,0,0,KENTUCKY  & I25 SOUTHBOUND RAMP,1,3,0,0,1,1,,0,30,0,0,0,0,0,1,2,1
,2016_73810,39.710698,-104.998599,5/31/2016 7:34,7:34,15,0,0,I25 & WEST ALAMEDA AVENUE,1,1,0,0,1,4,,0,55,0,0,0,0,0,1,2,3
,2016_73811,39.711387,-104.999011,11/11/2016 15:20,15:20,12,0,0,I25 & ALAMEDA AVENUE WEST,1,1,0,0,1,4,,0,55,0,0,0,0,1,1,2,2
,2016_73812,39.711663,-104.999176,8/8/2016 14:33,14:33,12,0,0,I25 SOUTHBOUND RAMP OFF & MM 208,1,1,0,0,1,14,,0,55,0,0,0,0,0,1,2,14
,2016_73813,39.712352,-104.999588,3/4/2016 7:59,7:59,12,0,0,I25 & ALAMEDA AVENUE WEST,1,1,0,0,1,4,,0,55,0,0,0,0,0,1,2,1
,2016_73814,39.712352,-104.999588,11/5/2016 14:31,14:31,5,0,0,I25 & ALAMEDA AVENUE WEST,1,1,0,0,2,4,,0,55,0,0,0,0,0,1,2,13
,2016_73815,39.713041,-105.000001,6/27/2016 13:45,13:45,12,0,2,I25 HIGHWAY NORTHBOUND & MM 208.1,1,1,1,0,1,4,,0,55,0,0,0,0,2,1,4,13
,2016_73816,39.713041,-105.000001,10/8/2016 7:40,7:40,12,0,0,CEDAR AVENUE WEST & KALAMATH STREET SOUTH,1,1,1,0,1,1,,0,35,0,0,0,0,0,1,2,13