id,drcog_id,latitude,longitude,crashtime,time,crashtype,numbkilled,numbinjurd,drcoglocat,rdconditin,lightngcon,roadcntgrd,weatherco,location,roaddescrp,schoolzone,constrzone,splimit,bikeinv,pedinv,sctrinv,motoinv,svrty,rdsystem,ttlvehcls,hcf
,2016_73817,39.714395,-105.000844,8/15/2016 14:30,14:30,9,0,0,I25 & ALAMEDA AVENUE WEST SOUTHBOUND EXIT GORE,1,1,0,0,1,4,,0,,0,0,0,0,0,1,2,13
,2016_73818,39.721567,-105.00876,1/29/2016 11:25,11:25,12,0,0,I25 & SIXTH AVENUE INTERCHANGE,1,1,0,0,1,4,,0,55,0,0,0,0,0,1,2,1
,2016_73819,39.722325,-105.009697,10/14/2016 10:49,10:49,12,0,0,I25 & FOURTH AVENUE WEST,1,1,1,0,1,4,,0,55,0,0,0,0,1,1,2,13
,2016_73820,39.722707,-105.009889,8/20/2016 9:40,9:40,12,0,0,I25 NORTHBOUND RAMP OFF NEW CONFIG & SIXTH AVENUE WEST,1,1,1,0,1,14,,0,65,0,0,0,0,0,1,2,4
,2016_73821,39.723249,-105.010958,2/23/2016 19:25,19:25,12,0,0,I25 NORTHBOUND & SIXTH AVENUE WEST,1,3,1,0,1,14,,0,45,0,0,0,0,0,1,2,13
,2016_73823,39.723392,-105.011131,5/24/2016 7:52,7:52,12,0,0,I25 NORTHBOUND RAMP OFF  & SIXTH AVENUE WEST INTERCHANGE,1,1,0,0,1,14,,0,35,0,0,0,0,0,1,2,3
,2016_73824,39.723881,-105.011684,12/16/2016 7:59,7:59,9,0,0,I25 & SIXTH AVENUE,1,5,0,0,3,4,,0,55,0,0,0,0,0,1,1,1
,2016_73825,39.725281,-105.012899,2/22/2016 13:47,13:47,12,0,0,I25 & SIXTH AVENUE INTERCHANGE,1,1,0,0,1,4,,0,55,0,0,0,0,0,1,5,13
,2016_73826,39.725281,-105.012899,11/1/2016 16:41,16:41,12,0,0,I25 & SIXTH AVENUE INTERCHANGE,1,1,0,0,1,4,,0,55,0,0,0,0,0,1,2,13
,2016_73827,39.725281,-105.012899,11/20/2016 13:10,13:10,15,0,0,I25 & SIXTH AVENUE INTERCHANGE,1,1,0,0,1,4,,0,65,0,0,0,0,0,1,2,13
,2016_73828,39.729265,-105.014796,1/26/2016 3:39,3:39,9,0,0,I25 & EIGHTH AVENUE WEST INTERCHANGE,1,3,0,0,2,4,,0,15,0,0,0,0,0,1,1,7
,2016_73829,39.760997,-105.004271,7/6/2016 17:49,17:49,12,0,0,I25 NORTHBOUND & 20TH STREET,1,1,0,0,1,4,,0,55,0,0,0,0,0,1,2,13
,2016_73830,39.729265,-105.014796,4/20/2016 17:54,17:54,12,0,0,I25 & EIGHTH AVENUE WEST INTERCHANGE,1,1,0,0,1,4,,0,55,0,0,0,0,0,1,2,13
,2016_73831,39.740059,-105.013916,8/31/2016 16:58,16:58,15,0,0,I25 SOUTHBOUND RAMP ON MERGE LANE & COLFAX AVENUE WEST,1,1,0,0,1,4,,0,55,0,0,0,0,0,1,2,14
,2016_73832,39.740257,-105.013939,4/26/2016 10:14,10:14,12,0,0,I25 & COLFAX AVENUE WEST,1,1,0,0,1,4,,0,55,0,0,0,0,0,1,2,13
,2016_73833,39.745172,-105.017638,9/28/2016 7:30,7:30,15,0,0,I25 & 18TH AVENUE,1,1,0,0,1,4,,0,55,0,0,0,0,0,1,2,13
,2016_73834,39.751295,-105.016566,1/4/2016 6:32,6:32,15,0,0,I25 & 23RD AVENUE WEST,1,2,0,0,1,4,,0,55,0,0,0,0,0,1,2,1
,2016_73835,39.751295,-105.016566,7/19/2016 16:12,16:12,12,0,0,I25 & 23RD AVENUE WEST,1,1,0,0,1,4,,0,55,0,0,0,0,0,1,3,13
,2016_73836,39.755118,-105.012754,7/26/2016 15:50,15:50,15,0,0,I25 SOUTHBOUND & SPEER BOULEVARD,1,1,0,0,1,4,,0,55,0,0,0,0,0,1,2,13
,2016_73837,39.755118,-105.012754,8/24/2016 7:00,7:00,15,0,0,I25 & SPEER BOULEVARD,1,1,0,0,1,4,,0,55,0,0,0,0,0,1,2,14
,2016_73838,39.757155,-105.0099,8/15/2016 15:02,15:02,12,0,0,I25 & 15TH STREET,1,1,0,0,1,4,,0,55,0,0,0,0,0,1,2,12
,2016_73839,39.758428,-105.00819,11/19/2016 22:00,22:00,15,0,0,I25 & 28TH AVENUE,1,3,0,0,1,4,,0,55,0,0,0,0,0,1,2,5
,2016_73840,39.748212,-104.9659425,1/21/2016 3:50,3:50,5,0,0,21ST AVENUE EAST & WILLIAMS STREET NORTH,1,3,0,0,4,1,,0,30,0,0,0,0,0,4,1,14
,2016_73841,39.759782,-105.006216,7/23/2016 18:01,18:01,12,0,0,I25 NORTHBOUND & 20TH STREET,1,1,0,0,1,4,,0,55,0,0,0,0,0,1,2,13
,2016_73842,39.760183,-105.00557,10/2/2016 0:20,0:20,15,0,0,I25 & MM 212,1,3,0,0,1,4,,0,60,0,0,0,0,0,1,2,13
,2016_73843,39.760997,-105.004271,1/19/2016 2:02,2:02,12,0,0,I25 & 20TH STREET,4,3,0,2,1,4,,0,55,0,0,0,0,0,1,2,16
,2016_73844,39.760997,-105.004271,3/15/2016 20:31,20:31,12,0,1,I25 & 20TH STREET,1,3,0,0,1,4,,0,55,0,0,0,0,2,1,2,13
,2016_73845,39.76111,-105.004124,12/30/2016 15:09,15:09,12,0,0,I25 & 20TH STREET,1,1,1,0,1,4,,0,25,0,0,0,0,0,1,2,13
,2016_73846,39.764568,-105.001005,5/21/2016 3:15,3:15,15,0,0,I25 & 20TH STREET,1,4,0,0,1,4,,0,55,0,0,0,0,0,1,2,14
,2016_73847,39.768049,-104.994761,6/13/2016 19:12,19:12,1,0,0,PARK AVENUE WEST & I25 HIGHWAY NORTHBOUND ON RAMP,2,1,0,1,1,1,,0,35,0,0,0,0,0,1,2,13
,2016_73848,39.768205,-104.994404,12/18/2016 0:14,0:14,12,0,0,I25 & PARK AVENUE WEST,4,3,0,0,1,4,,0,55,0,0,0,0,0,1,2,13
,2016_73849,39.776439,-104.98921,9/22/2016 18:17,18:17,12,0,0,I25 & 44TH AVENUE WEST,1,1,0,0,1,4,,0,55,0,0,0,0,0,1,2,13
,2016_73850,39.777918,-104.989186,3/31/2016 17:10,17:10,12,0,0,I25 NORTHBOUND OFF RAMP & I70 RAMPS C & I,1,1,1,0,1,14,,0,55,0,0,0,0,1,1,3,12
,2016_73851,39.779391,-104.989164,9/17/2016 18:35,18:35,12,0,0,I25 & I70 WB,1,1,0,0,1,4,,0,65,0,0,0,0,0,1,3,13
,2016_73852,39.783855,-104.989142,2/9/2016 17:05,17:05,12,0,0,I25 HIGHWAY NORTHBOUND  & 48TH AVENUE WEST,1,1,1,0,1,4,,0,55,0,0,0,0,1,1,3,13
,2016_73853,39.790925,-104.988466,9/15/2016 7:39,7:39,12,0,0,I25 & WEST 48TH AVENUE SOUTHBOUND OFF RAMP,1,1,0,0,1,4,,0,55,0,0,0,0,1,1,2,14
,2016_73889,39.711187,-105.039895,2/1/2016 17:26,17:26,3,0,0,ALAMEDA AVENUE WEST & PERRY STREET SOUTH,5,3,1,2,1,1,,0,30,0,0,0,0,0,2,2,7
,2016_73890,39.711077,-105.025075,12/23/2016 11:05,11:05,3,0,0,ALAMEDA AVENUE WEST & FEDERAL BOULEVARD SOUTH,1,1,0,0,1,1,,0,35,0,0,0,0,0,2,2,13
,2016_73891,39.711184,-105.003965,9/28/2016 11:57,11:57,12,0,0,ALAMEDA AVENUE WEST & NAVAJO STREET SOUTH,1,1,0,0,1,1,,0,35,0,0,0,0,0,2,2,7
,2016_73892,39.711184,-105.00062,4/8/2016 7:30,7:30,12,0,0,PLATTE RIVER DRIVE SOUTH & ALAMEDA AVENUE WEST,1,1,0,0,1,1,,0,25,0,0,0,0,0,2,2,13
,2016_73893,39.711192,-104.99993,10/7/2016 15:20,15:20,15,0,0,ALAMEDA AVENUE WEST & I25 SOUTHBOUND RAMP OFF,1,1,1,0,1,1,,0,45,0,0,0,0,0,2,2,13
,2016_73894,39.711208,-104.998391,10/29/2016 9:18,9:18,3,0,0,ALAMEDA AVENUE WEST & KALAMATH STREET SOUTH,1,1,0,0,1,1,,1,25,0,0,0,0,1,2,2,1
,2016_73895,39.653088,-104.915178,9/14/2016 12:18,12:18,1,0,1,HAMPDEN AVENUE EAST & LOCUST STREET SOUTH,1,1,0,0,1,1,,0,35,0,0,0,0,2,2,2,13
,2016_73896,39.653083,-104.912288,1/5/2016 8:20,8:20,12,0,0,HAMPDEN AVENUE EAST & MONACO PARKWAY SOUTH,1,1,0,0,1,4,,0,10,0,0,0,0,0,2,2,13
,2016_73897,39.65308,-104.910843,5/6/2016 16:25,16:25,12,0,0,HAMPDEN AVENUE EAST & MONACO STREET SOUTH,1,1,0,0,1,4,,0,45,0,0,0,0,0,2,4,13
,2016_73898,39.653077,-104.909036,7/12/2016 14:05,14:05,12,0,0,HAMPDEN AVENUE EAST & ONEIDA WAY SOUTH,1,1,0,0,1,3,,0,40,0,0,0,0,0,2,2,13
,2016_73899,39.653025,-104.881512,12/10/2016 13:19,13:19,12,0,0,HAMPDEN AVENUE EAST & AKRON STREET,1,1,0,0,1,3,,0,40,0,0,0,0,0,2,2,7
,2016_73900,39.65302,-104.875756,11/9/2016 16:15,16:15,12,0,0,HAMPDEN AVENUE & DAYTON STREET SOUTH,1,1,1,0,1,4,,0,40,0,0,0,0,0,2,3,7
,2016_73901,39.658883,-104.86635,4/29/2016 16:10,16:10,12,0,0,HAVANA STREET SOUTH & MM 3,2,1,0,2,1,4,,0,45,0,0,0,0,1,2,3,13
,2016_73914,39.705872,-104.865974,3/12/2016 12:20,12:20,12,0,0,HAMPDEN AVENUE EAST & GALENA STREET SOUTH,1,1,0,0,1,4,,0,40,0,0,0,0,0,2,2,13
,2016_73932,39.777347,-104.903418,12/28/2016 15:17,15:17,12,0,0,NORTHFIELD STREET NORTH & I70 RAMP ON EASTBOUND,1,1,0,0,1,1,,0,30,0,0,0,0,0,2,2,13
,2016_73934,39.779316,-104.903391,5/17/2016 7:50,7:50,15,0,0,QUEBEC STREET NORTH & I70,2,1,0,1,1,1,,0,40,0,0,0,0,0,2,2,13
,2016_73935,39.783593,-104.900128,3/11/2016 12:10,12:10,1,0,0,NORTHFIELD QUEBEC STREET NORTH & I270 WB ON RAMP,1,1,1,0,1,1,,0,35,0,0,0,0,0,2,2,1
,2016_73972,39.737106,-104.975181,8/19/2016 16:00,16:00,6,0,0,OGDEN STREET 1300 BLOCK NORTH & 14TH AVENUE EAST,1,1,0,0,1,4,,0,,0,0,0,0,0,4,2,13
,2016_74001,39.740041,-104.983728,4/19/2016 15:16,15:16,12,0,0,COLFAX AVENUE 300 BLOCK EAST & NORTH GRANT STREET,1,1,0,0,1,3,,0,30,0,0,0,0,0,2,2,14
,2016_74002,39.740049,-104.986167,3/3/2016 9:18,9:18,15,0,0,COLFAX AVENUE EAST & LINCOLN STREET NORTH,1,1,0,0,1,1,,0,35,0,0,0,0,0,2,2,1
,2016_74003,39.740337,-105.039295,4/18/2016 8:32,8:32,12,0,0,COLFAX AVENUE WEST & PERRY STREET NORTH,1,1,0,0,1,1,,0,35,0,0,0,0,1,2,2,14
,2016_74004,39.740345,-105.015536,7/26/2016 10:53,10:53,15,0,0,COLFAX AVENUE WEST & I25 SOUTHBOUND OFF RAMP,1,1,0,0,1,1,,0,35,0,0,0,0,0,2,2,3
,2016_74006,39.740304,-105.013563,8/4/2016 14:40,14:40,12,0,0,COLFAX AVENUE & I25,1,1,0,0,1,4,,0,35,0,0,0,0,0,2,2,3
,2016_74007,39.740145,-105.00691,9/14/2016 8:17,8:17,12,0,0,COLFAX AVENUE WEST & OSAGE STREET,1,1,0,0,1,4,,0,35,0,0,0,0,0,2,2,14
,2016_74008,39.740076,-105.005215,12/5/2016 10:46,10:46,12,0,0,COLFAX AVENUE EASTBOUND WEST & OSAGE STREET,1,1,0,0,1,1,,0,35,0,0,0,0,0,2,4,14
,2016_74009,39.740028,-105.002766,3/14/2016 12:36,12:36,12,0,0,COLFAX AVENUE WEST & MARIPOSA STREET NORTH,1,1,0,0,1,1,,0,35,0,0,0,0,0,2,2,14
,2016_74010,39.740028,-105.002766,9/15/2016 18:21,18:21,15,0,0,COLFAX AVENUE WEST & MARIPOSA STREET NORTH,1,3,0,0,1,1,,0,35,0,0,0,0,0,2,2,13
,2016_74011,39.740038,-105.001446,5/11/2016 19:20,19:20,5,0,0,COLFAX AVENUE WEST & LIPAN STREET NORTH,1,1,0,0,3,1,,0,35,0,0,0,0,0,2,1,1
,2016_74012,39.740048,-104.999933,3/26/2016 12:59,12:59,12,0,0,COLFAX AVENUE WEST & KALAMATH STREET NORTH,1,1,1,0,1,1,,0,30,0,0,0,0,0,2,2,13
,2016_74013,39.740048,-104.999933,10/22/2016 14:21,14:21,12,0,0,COLFAX AVENUE WEST & KALAMATH STREET NORTH,1,1,0,0,1,3,,0,35,0,0,0,0,0,2,2,13
,2016_74014,39.740042,-104.998686,3/3/2016 8:06,8:06,3,0,0,COLFAX AVENUE WEST & SPEER BOULEVARD NORTH,1,1,0,0,1,1,,0,30,0,0,0,0,1,2,2,13
,2016_74015,39.74008,-104.995687,10/3/2016 11:55,11:55,15,0,0,COLFAX AVENUE WEST & MM 297.7,1,1,1,0,1,2,,0,,0,0,0,0,0,2,2,13
,2016_74016,39.74005,-104.984853,2/12/2016 11:04,11:04,10,0,0,COLFAX AVENUE EAST & SHERMAN STREET NORTH,1,1,0,0,1,1,,0,35,0,0,0,0,0,2,2,14
,2016_74019,39.740085,-104.898838,12/18/2016 12:35,12:35,12,0,0,COLFAX AVENUE 7600 BLOCK EAST & SYRACUSE STREET NORTH,4,1,0,0,1,4,,0,35,0,0,0,0,0,2,2,13
,2016_74020,39.740028,-104.982228,7/14/2016 11:01,11:01,3,0,0,LOGAN STREET NORTH & COLFAX AVENUE EAST,1,1,0,0,6,1,,0,,0,0,0,0,1,2,3,13
,2016_74021,39.74001,-104.980167,8/19/2016 22:52,22:52,15,0,0,COLFAX AVENUE EAST & PEARL STREET NORTH,2,3,0,1,1,4,,0,30,0,0,0,0,0,2,3,13
,2016_74022,39.740011,-104.96893,10/8/2016 15:34,15:34,12,0,0,COLFAX AVENUE EAST & FRANKLIN STREET,1,1,0,0,1,4,,0,,0,0,0,1,0,2,2,13
,2016_74023,39.740009,-104.968553,1/24/2016 23:09,23:09,3,0,0,EAST COLFAX AVENUE & NORTH FRANKLIN STREET,1,3,0,0,1,1,,0,30,0,0,0,0,0,2,2,13
,2016_74024,39.740009,-104.968553,2/24/2016 11:39,11:39,3,0,0,COLFAX AVENUE EAST & FRANKLIN STREET NORTH,1,1,0,0,1,1,,0,30,0,0,0,0,0,2,2,13
,2016_74025,39.740009,-104.968553,12/9/2016 9:50,9:50,15,0,0,COLFAX AVENUE EAST & FRANKLIN STREET NORTH,2,1,0,0,1,4,,0,35,0,0,0,0,0,2,2,13
,2016_74026,39.739986,-104.963464,1/21/2016 16:00,16:00,1,0,0,EAST COLFAX AVENUE & NORTH RACE STREET,1,1,0,0,1,1,,0,30,0,0,0,0,1,2,2,13
,2016_74027,39.739974,-104.961014,1/13/2016 17:37,17:37,12,0,0,COLFAX AVENUE 2100 BLOCK EAST & GAYLORD STREET NORTH,1,3,0,0,1,1,,0,30,0,0,0,0,1,2,2,13
,2016_74029,39.739983,-104.959859,5/10/2016 7:53,7:53,12,0,0,COLFAX AVENUE EAST & YORK STREET NORTH,1,1,1,0,1,3,,0,35,0,0,0,0,0,2,3,4
,2016_74030,39.740172,-104.953506,12/7/2016 23:10,23:10,12,0,0,COLFAX AVENUE EAST & FILLMORE STREET NORTH,4,3,1,0,1,1,,0,30,0,0,0,0,0,2,2,13
,2016_74031,39.740084,-104.903536,4/29/2016 11:15,11:15,1,0,0,QUEBEC STREET NORTH & COLFAX AVENUE EAST,2,1,0,2,1,1,,0,35,0,0,0,0,1,2,2,13
,2016_74032,39.740085,-104.90222,6/28/2016 17:54,17:54,3,0,0,COLFAX AVENUE EAST & QUINCE STREET NORTH,1,1,0,0,1,1,,0,25,0,0,0,0,0,2,2,14
,2016_74033,39.740085,-104.899966,5/22/2016 16:00,16:00,3,0,0,COLFAX AVENUE 7600 EAST & ROSEMARY STREET NORTH,1,1,0,0,1,1,,0,35,0,0,0,0,0,2,2,1
,2016_74035,39.740086,-104.889443,11/8/2016 15:54,15:54,3,0,0,COLFAX AVENUE EAST & WABASH STREET NORTH,1,1,0,0,1,1,,0,25,0,0,0,0,1,2,3,3
,2016_74079,39.771927,-105.034599,8/19/2016 22:00,22:00,6,0,0,LOWELL BOULEVARD NORTH & 40TH AVENUE WEST,1,3,0,0,1,4,,0,,0,0,0,0,0,4,2,13
,2016_74085,39.784195,-105.025519,4/4/2016 10:36,10:36,15,0,0,I70 & FEDERAL BOULEVARD NORTH,1,1,0,0,1,4,,0,55,0,0,0,0,0,1,2,13
,2016_74086,39.783186,-105.007328,12/9/2016 9:04,9:04,12,0,0,I70 & PECOS STREET,1,1,0,0,1,4,,0,55,0,0,0,0,0,1,3,14
,2016_74087,39.779168,-104.926972,11/17/2016 8:10,8:10,12,0,0,I70 & DAHLIA STREET,1,1,1,0,1,4,,0,55,0,0,0,0,0,1,2,3
,2016_74088,39.783141,-105.006578,11/16/2016 6:29,6:29,12,0,0,I70 & PECOS STREET,1,1,0,0,1,4,,0,55,0,0,0,0,0,1,3,14
,2016_74089,39.783142,-105.006425,12/14/2016 8:10,8:10,15,0,0,I70 & PECOS STREET,1,1,1,2,1,4,,0,55,0,0,0,0,0,1,2,14
,2016_74090,39.783149,-105.006371,4/13/2016 18:20,18:20,12,0,0,I70 & PECOS STREET NORTH,1,2,2,0,1,4,,0,55,0,0,0,0,0,1,2,3
,2016_74091,39.783149,-105.006371,6/21/2016 14:41,14:41,12,0,0,I70 & NORTH PECOS STREET,1,1,0,0,1,4,,0,55,0,0,0,0,0,1,3,13
,2016_74092,39.783149,-105.006371,11/21/2016 13:57,13:57,5,0,0,I70 & PECOS STREET,1,1,1,0,1,4,,0,65,0,0,0,0,0,1,2,13
,2016_74093,39.780124,-104.989762,3/16/2016 17:40,17:40,12,0,1,I70 WB OFF RAMP & I25 SOUTHBOUND,1,1,1,0,1,14,,0,45,0,0,0,0,2,1,3,4
,2016_74094,39.77975,-104.985987,5/20/2016 7:24,7:24,12,0,0,I70 MERGE LANE FROM & I25 NORTHBOUND RAMP,1,1,0,0,1,4,,0,55,0,0,0,0,0,1,2,14
,2016_74095,39.779441,-104.979019,9/23/2016 17:04,17:04,12,0,0,I70 WB & WASHINGTON STREET NORTH,1,1,1,0,1,4,,0,55,0,0,0,0,0,1,2,13
,2016_74096,39.780013,-104.959012,5/27/2016 4:57,4:57,12,0,0,I70 VIADUCT & JOSEPHINE STREET OFFSET REF,2,3,0,1,1,4,,0,55,0,0,0,0,0,1,3,13
,2016_74097,39.780015,-104.956294,4/29/2016 17:08,17:08,12,0,0,I70 & BRIGHTON BOULEVARD NORTH,2,1,0,2,1,4,,0,55,0,0,0,0,0,1,2,14
,2016_74098,39.780015,-104.9561,8/8/2016 18:19,18:19,3,0,0,46TH AVENUE EAST & THOMPSON COURT NORTH,1,1,0,0,1,1,,0,35,0,0,0,0,1,4,2,14
,2016_74099,39.780032,-104.931784,1/19/2016 8:45,8:45,12,0,0,I70 & DAHLIA STREET,2,1,0,0,1,4,,0,55,0,0,0,0,0,1,2,13
,2016_74100,39.780032,-104.931784,6/2/2016 18:15,18:15,12,0,0,I70 WB & DAHLIA STREET NORTH,1,1,0,0,1,4,,0,55,0,0,0,0,0,1,2,14
,2016_74101,39.778729,-104.924682,11/17/2016 22:58,22:58,15,0,0,I70 & GRAPE STREET,2,3,1,2,1,4,,0,65,0,0,0,0,1,1,3,1
,2016_74102,39.778288,-104.913478,9/4/2016 18:30,18:30,12,0,0,I70 & MM 278.0,1,1,0,0,1,4,,0,55,0,0,0,0,0,1,3,3
,2016_74103,39.778294,-104.905276,8/29/2016 12:00,12:00,12,0,0,I70 WB & HIGHWAY 035A / QUEBEC STREET NORTH MERGE LANE ON,1,1,0,0,1,4,,0,55,0,0,0,0,0,1,2,3
,2016_74104,39.778295,-104.903454,1/11/2016 15:57,15:57,12,0,0,I70 WB & HIGHWAY 035A / QUEBEC STREET,1,2,1,0,1,4,,0,55,0,0,0,0,0,1,2,13
,2016_74106,39.778295,-104.903454,2/3/2016 15:34,15:34,12,0,0,I70 EASTBOUND & QUEBEC STREET NORTH,1,1,0,0,1,4,,0,55,0,0,0,0,0,1,2,13
,2016_74107,39.778295,-104.903454,3/11/2016 9:03,9:03,12,0,0,I70 & NORTHFIELD QUEBEC STREET NORTH,1,1,0,0,1,4,,0,55,0,0,0,0,0,1,2,7
,2016_74108,39.778275,-104.896817,8/19/2016 14:37,14:37,12,0,0,I70 & I270 EASTBOUND,1,1,0,0,1,4,,0,55,0,0,0,0,1,1,3,13
,2016_74109,39.777139,-104.882953,1/7/2016 18:57,18:57,12,0,0,I70 & CENTRAL PARK BOULEVARD NORTH,9,3,0,2,1,4,,0,55,0,0,0,0,0,1,2,13
,2016_74110,39.777122,-104.882764,3/23/2016 8:40,8:40,15,0,0,I70 WB OFF RAMP & CENTRAL PARK BOULEVARD NORTH,4,1,1,2,1,14,,0,35,0,0,0,0,1,1,2,1
,2016_74111,39.776897,-104.880312,10/28/2016 7:07,7:07,12,0,0,I70 & MM 280,1,1,1,0,1,4,,1,55,0,0,0,0,0,1,2,13
,2016_74112,39.775573,-104.865095,1/22/2016 17:55,17:55,12,0,0,I70 & HAVANA STREET NORTH,1,3,1,0,1,4,,0,55,0,0,0,0,0,1,2,16
,2016_74113,39.775573,-104.865095,3/14/2016 7:20,7:20,12,0,0,I70 & HAVANA STREET NORTH,1,1,0,0,1,4,,0,55,0,0,0,0,0,1,3,13
,2016_74114,39.775573,-104.865095,7/6/2016 16:13,16:13,12,0,0,I70 & HAVANA STREET,1,1,0,0,1,4,,0,55,0,0,0,0,1,1,2,13
,2016_74115,39.775525,-104.86454,10/9/2016 22:25,22:25,12,0,0,I70 EASTBOUND & HAVANA STREET NORTH EXIT GORE,1,3,0,0,1,4,,0,55,0,0,0,0,0,1,3,5
,2016_74116,39.774015,-104.846978,7/5/2016 16:58,16:58,12,0,1,I70 WB ON RAMP  & PEORIA STREET,1,1,0,0,1,14,,0,40,0,0,0,0,2,1,2,13
,2016_74117,39.773999,-104.846793,5/18/2016 17:02,17:02,12,0,0,I70 WB & PEORIA STREET NORTH,1,1,0,0,1,4,,0,55,0,0,0,0,0,1,2,13
,2016_74118,39.773999,-104.846793,9/27/2016 10:19,10:19,5,0,0,I70 & PECOS STREET NORTH,1,1,0,0,3,4,,0,55,0,0,0,0,0,1,2,13
,2016_74119,39.773999,-104.846793,10/17/2016 6:53,6:53,12,0,0,I70 & PEORIA STREET,1,2,1,0,1,4,,0,55,0,0,0,0,0,1,2,13
,2016_74120,39.773999,-104.846793,3/24/2016 8:50,8:50,3,0,0,PEORIA STREET NORTH & I70 WB RAMPS,2,1,0,0,1,1,,0,35,0,0,0,0,1,1,2,13
,2016_74122,39.773936,-104.846054,3/3/2016 6:52,6:52,12,0,0,I70 WB OFF RAMP & PEORIA STREET NORTH,1,1,0,0,1,14,,0,55,0,0,0,0,0,1,3,1
,2016_74146,39.76516549,-104.9909018,5/29/2016 18:48,18:48,5,0,0,DENARGO STREET & ARKINS COURT,1,2,0,7,3,3,,0,30,0,0,0,0,0,4,1,14
,2016_74187,39.654315,-104.875623,8/25/2016 7:19,7:19,5,0,0,GIRARD AVENUE EAST & DAYTON STREET SOUTH TO BOSTON COURT,1,1,0,0,3,4,,0,,0,0,0,0,0,4,2,13
,2016_74200,39.749472,-104.9622345,9/13/2016 0:01,0:01,6,0,0,VINE STREET & 22ND AVENUE EAST,1,4,0,0,1,4,,0,,0,0,0,0,0,4,2,13
,2016_74203,39.70177,-104.911329,2/12/2016 15:56,15:56,15,0,0,LEETSDALE DRIVE & MONACO STREET SOUTH,1,1,1,0,1,4,,0,35,0,0,0,0,0,2,2,3
,2016_74204,39.702954,-104.912867,4/7/2016 17:15,17:15,15,0,0,MONACO STREET SOUTH & LEETSDALE DRIVE,1,1,1,0,1,1,,0,,0,0,0,0,0,2,2,13
,2016_74205,39.703045,-104.913041,3/24/2016 15:42,15:42,12,0,0,LEETSDALE DRIVE & MONACO STREET SOUTH,2,1,0,0,1,1,,0,45,0,0,0,0,1,2,2,3
,2016_74206,39.70817,-104.92701,7/26/2016 16:05,16:05,12,0,1,LEETSDALE DRIVE & FOREST STREET SOUTH,1,1,0,0,1,3,,0,35,0,0,0,0,2,2,2,13
,2016_74207,39.70817,-104.92701,11/2/2016 11:02,11:02,10,0,0,LEETSDALE DRIVE & FOREST STREET SOUTH,1,1,0,0,1,1,,0,25,0,0,0,0,0,2,3,8
,2016_74210,39.7112,-104.936323,4/19/2016 9:36,9:36,12,0,0,ALAMEDA AVENUE & LEETSDALE DRIVE SOUTH,1,1,0,0,1,1,,0,30,0,0,0,0,0,2,2,1
,2016_74236,39.687439,-104.991942,2/25/2016 1:09,1:09,15,0,0,SANTA FE DRIVE SOUTH & IOWA AVENUE WEST,1,3,0,0,1,1,,0,,0,0,0,0,0,2,3,14
,2016_74237,39.689481,-104.99207,1/1/2016 2:51,2:51,8,0,0,SANTA FE DRIVE SOUTH & FLORIDA AVENUE WEST,1,3,0,0,1,1,,0,45,0,0,0,0,0,2,2,13
,2016_74238,39.689481,-104.99207,8/13/2016 23:33,23:33,5,0,1,PLATTE RIVER DRIVE SOUTH & FLORIDA AVENUE WEST,1,3,0,0,2,3,,0,40,0,0,0,1,2,2,1,1
,2016_74239,39.694871,-104.992454,5/3/2016 9:15,9:15,15,0,0,SANTA FE DRIVE SOUTH & ARIZONA AVENUE WEST,1,1,0,0,1,1,,0,45,0,0,0,0,0,2,3,14
,2016_74240,39.695116,-104.992428,9/22/2016 16:00,16:00,12,0,0,SANTA FE DRIVE 1200 BLOCK SOUTH & ARIZONA AVENUE WEST,1,1,0,0,1,4,,0,35,0,0,0,0,1,2,2,13
,2016_74241,39.696679,-104.991877,4/22/2016 22:00,22:00,12,0,0,MISSISSIPPI AVENUE WEST & PLATTE RIVER DRIVE SOUTH,1,3,0,0,1,3,,0,35,0,0,0,0,0,2,2,5
,2016_74243,39.696679,-104.991877,8/14/2016 5:30,5:30,10,0,0,PLATTE RIVER DRIVE SOUTH & MISSISSIPPI AVENUE WEST,1,1,1,0,1,1,,0,40,0,0,0,0,0,2,2,2
,2016_74244,39.69847,-104.991796,12/7/2016 17:35,17:35,15,0,0,SANTA FE STREET DRIVE & TENNESSEE AVENUE WEST,4,3,0,2,1,1,,0,45,0,0,0,0,0,2,2,7
,2016_74245,39.698766,-104.991856,3/17/2016 11:37,11:37,15,0,0,SANTE FE DRIVE 900 BLOCK SOUTH & MISSISSIPPI AVENUE WEST,1,1,0,0,1,4,,0,25,0,0,0,0,0,2,2,13
,2016_74252,39.696865,-105.025071,5/6/2016 21:04,21:04,12,0,0,FEDERAL BOULEVARD & MISSISSIPPI AVENUE WEST,1,3,0,0,1,3,,0,35,0,0,0,0,1,2,2,14
,2016_74262,39.733345,-105.025175,3/29/2016 16:17,16:17,12,0,0,FEDERAL BOULEVARD & 1000 BLOCK NORTH,1,1,1,0,1,4,,0,35,0,0,0,0,0,2,3,13
,2016_74263,39.706758,-105.025084,5/19/2016 17:19,17:19,3,0,0,FEDERAL BOULEVARD SOUTH & CUSTER PLACE WEST,1,1,0,0,1,1,,0,30,0,0,0,0,0,2,2,2
,2016_74264,39.699519,-105.025081,11/15/2016 10:15,10:15,12,0,0,FEDERAL BOULEVARD 1200 BLOCK SOUTH & LOUISIANA AVENUE,1,1,1,0,1,3,,0,35,0,0,0,0,0,2,3,13