id,drcog_id,latitude,longitude,crashtime,time,crashtype,numbkilled,numbinjurd,drcoglocat,rdconditin,lightngcon,roadcntgrd,weatherco,location,roaddescrp,schoolzone,constrzone,splimit,bikeinv,pedinv,sctrinv,motoinv,svrty,rdsystem,ttlvehcls,hcf
,2016_74265,39.688905,-105.025041,6/18/2016 21:16,21:16,12,0,0,FEDERAL BOULEVARD SOUTH & FLORIDA AVENUE,1,3,1,0,1,3,,0,40,0,0,0,0,0,2,4,12
,2016_74266,39.687726,-105.025036,4/30/2016 10:47,10:47,3,0,3,FEDERAL BOULEVARD SOUTH & IOWA AVENUE WEST,2,1,1,2,1,1,,0,25,0,0,0,0,2,2,2,7
,2016_74267,39.685957,-105.02503,9/14/2016 13:27,13:27,3,0,0,FEDERAL BOULEVARD SOUTH & MEXICO AVENUE WEST,1,1,1,0,1,1,,0,35,0,0,0,0,0,2,2,7
,2016_74268,39.680523,-105.025025,3/30/2016 13:41,13:41,3,0,0,FEDERAL BOULEVARD SOUTH & ASBURY AVENUE WEST,1,1,0,0,1,2,,0,40,0,0,0,0,0,2,2,7
,2016_74269,39.672074,-105.025071,4/28/2016 14:54,14:54,15,0,0,FEDERAL BOULEVARD SOUTH & HARVARD AVENUE WEST,1,1,0,0,1,2,,0,40,0,0,0,0,0,2,2,8
,2016_74270,39.667328,-105.025121,7/11/2016 10:42,10:42,1,0,0,FEDERAL BOULEVARD SOUTH & YALE AVENUE WEST,1,1,0,0,1,4,,0,35,0,0,0,0,0,2,2,14
,2016_74302,39.692556,-105.053209,2/12/2016 15:31,15:31,12,0,0,WYOMING PLACE WEST  & SHERIDAN BOULEVARD SOUTH,1,1,0,0,1,1,,0,35,0,0,0,0,0,2,2,13
,2016_74318,39.739974,-104.961014,8/23/2016 2:22,2:22,5,0,0,COLFAX AVENUE EAST & GAYLORD STREET NORTH,1,3,0,0,2,3,,0,,0,0,0,0,0,2,2,13
,2016_74375,39.725619,-105.04645,11/18/2016 23:43,23:43,5,0,0,SIXTH AVENUE WEST & VRAIN STREET NORTH,1,4,0,0,3,3,,0,55,0,0,0,0,0,2,1,5
,2016_74418,39.632389,-104.904707,10/5/2016 6:38,6:38,15,0,0,I225 SOUTHBOUND & I25 INTCH APPROXIMATELY,1,1,0,0,1,4,,0,55,0,0,0,0,0,1,2,13
,2016_74419,39.634127,-104.902067,11/23/2016 12:55,12:55,12,0,1,I225 SOUTHBOUND OFF RAMP SPLIT DIR CONNECT TO & I25 NORTHBOUND,1,1,0,0,1,4,,0,65,0,0,0,0,2,1,3,12
,2016_74420,39.71957953,-105.0015936,8/6/2016 1:44,1:44,6,0,0,LIPAN STREET NORTH & 600 BLOCK,1,3,0,0,1,4,,0,25,0,0,0,0,0,4,2,14
,2016_74421,39.634704,-104.899097,3/9/2016 7:24,7:24,12,0,0,I225 SOUTHBOUND OFF RAMP & TAMARAC STREET,1,1,0,0,1,14,,0,55,0,0,0,0,0,1,2,13
,2016_74422,39.635355,-104.894268,1/2/2016 9:40,9:40,12,0,0,I225 SOUTHBOUND ON RAMP & SOUTH TAMARAC PARKWAY,1,1,0,0,1,14,,0,35,0,0,0,0,0,1,2,1
,2016_74423,39.635522,-104.893462,4/25/2016 14:45,14:45,1,0,0,TAMARAC STREET SOUTH / DTC BOULEVARD SOUTH & I225 NORTHBOUND ON RAMP ENTRANCE,1,1,0,0,1,1,,0,35,0,0,0,0,0,1,2,13
,2016_74424,39.639223,-104.885207,2/8/2016 17:01,17:01,12,0,0,I225 & SOUTH YOSEMITE STREET,1,3,0,0,1,4,,0,55,0,0,0,0,0,1,2,13
,2016_74425,39.639223,-104.885207,11/28/2016 7:31,7:31,3,0,0,I225 SOUTHBOUND OFF RAMP & YOSEMITE STREET,1,1,0,0,1,1,,0,25,0,0,0,0,0,1,2,1
,2016_74456,39.779661,-104.967133,12/31/2016 17:18,17:18,1,0,0,BRIGHTON BOULEVARD & I70 EASTBOUND ON RAMP,1,1,0,0,1,1,,0,35,0,0,0,0,0,2,2,13
,2016_74457,39.780988,-104.966739,3/29/2016 14:34,14:34,15,0,0,BRIGHTON BOULEVARD & 4600 BLOCK,1,1,0,0,1,3,,0,35,0,0,0,0,0,2,2,13
,2016_74466,39.780546,-104.899309,8/20/2016 12:45,12:45,5,0,0,I270 EASTBOUND & EB/SB LOOP EXIT GORE,1,1,1,0,3,4,,0,55,0,0,0,0,1,1,1,5
,2016_74488,39.65298,-104.92773,10/14/2016 8:54,8:54,12,0,0,HAMPDEN AVENUE EAST & FOREST STREET SOUTH,1,1,0,0,1,4,,0,35,0,0,0,0,1,2,4,3
,2016_74489,39.652979,-104.918863,7/5/2016 12:11,12:11,12,0,0,HAMPDEN AVENUE EAST & I25 SOUTHBOUND RAMPS,1,1,0,0,1,1,,0,40,0,0,0,0,0,2,3,13
,2016_74490,39.743865,-105.02522,11/10/2016 2:34,2:34,12,0,1,FEDERAL BOULEVARD & 17TH AVENUE WEST,1,3,1,0,1,1,,0,35,0,0,0,0,2,2,2,3
,2016_74491,39.751253,-105.025137,7/27/2016 17:20,17:20,1,0,0,FEDERAL BOULEVARD NORTH & 23RD AVENUE WEST,1,1,0,0,1,1,,0,35,0,0,0,0,0,2,2,13
,2016_74492,39.76809,-105.025186,7/25/2016 15:25,15:25,12,0,0,FEDERAL BOULEVARD NORTH & 37TH AVENUE WEST,1,1,0,0,1,3,,0,35,0,0,0,0,1,2,3,13
,2016_74494,39.783848,-105.025224,1/17/2016 14:42,14:42,12,0,0,NORTH FEDERAL BOULEVARD & I70 EASTBOUND ON AND OFF RAMP,1,1,1,0,1,1,,0,35,0,0,0,0,0,2,2,13
,2016_74495,39.78571,-105.025223,4/13/2016 10:47,10:47,10,0,0,FEDERAL BOULEVARD NORTH & 49TH AVENUE WEST,1,1,0,0,1,1,,0,35,0,0,0,0,0,2,2,14
,2016_74496,39.787424,-105.025217,12/8/2016 18:22,18:22,15,0,0,FEDERAL BOULEVARD NORTH & 50TH AVENUE WEST,1,3,0,0,1,1,,0,35,0,0,0,0,0,2,2,1
,2016_74535,39.834576,-104.746847,7/2/2016 5:37,5:37,4,0,0,E470 WB & PENA BOULEVARD,2,3,0,1,1,4,,0,75,0,0,0,0,0,2,1,13
,2016_74584,39.780058,-104.9894,11/4/2016 8:44,8:44,15,0,0,I70 & I25,1,3,0,0,1,4,,0,55,0,0,0,0,0,1,2,13
,2016_74589,39.650614,-104.916891,6/18/2016 0:20,0:20,5,0,0,I25 HIGHWAY NORTHBOUND EXIT RAMP GORE POINT & HAMPDEN AVENUE EAST,1,3,0,0,2,14,,0,45,0,0,0,0,0,1,1,13
,2016_74590,39.665987,-104.9406,11/1/2016 6:56,6:56,1,0,0,COLORADO BOULEVARD SOUTH & AMHERST AVENUE EAST,1,3,0,0,1,1,,0,30,0,0,0,0,0,2,2,13
,2016_74591,39.667825,-104.940606,5/5/2016 8:05,8:05,15,0,0,COLORADO BOULEVARD SOUTH & YALE AVENUE EAST,1,1,0,0,1,4,,0,35,0,0,0,0,0,2,2,13
,2016_74592,39.67843,-104.940638,10/24/2016 8:06,8:06,1,0,0,COLORADO BOULEVARD SOUTH & EVANS AVENUE EAST,1,1,0,0,1,1,,0,35,0,0,0,0,0,2,2,13
,2016_74593,39.687313,-104.94062,7/8/2016 14:11,14:11,12,0,0,COLORADO BOULEVARD & MM 2.35 APPROXIMATELY,1,1,1,0,1,4,,0,,0,0,0,0,1,2,3,13
,2016_74595,39.689119,-104.940546,9/24/2016 17:12,17:12,3,0,0,COLORADO BOULEVARD SOUTH & FLORIDA AVENUE EAST,1,1,0,0,1,1,,0,35,0,0,0,0,0,2,2,13
,2016_74596,39.692854,-104.940549,5/17/2016 23:00,23:00,15,0,0,COLORADO BOULEVARD SOUTH & LOUISIANA AVENUE EAST,2,3,0,1,1,1,,0,30,0,0,0,0,0,2,2,13
,2016_74597,39.692854,-104.940549,8/11/2016 14:52,14:52,1,0,0,COLORADO BOULEVARD SOUTH & LOUISIANA AVENUE EAST,1,1,1,0,1,1,,0,35,0,0,0,0,0,2,2,13
,2016_74598,39.69375,-104.940549,7/16/2016 9:00,9:00,12,0,0,COLORADO BOULEVARD SOUTH & LOUISIANA AVENUE EAST,1,1,0,0,1,4,,0,35,0,0,0,0,1,2,3,3
,2016_74599,39.694796,-104.94055,10/24/2016 12:05,12:05,3,0,0,ARIZONA AVENUE EAST & COLORADO BOULEVARD SOUTH,1,1,0,0,1,1,,0,25,0,0,0,0,0,2,2,13
,2016_74602,39.738485,-104.940602,11/17/2016 23:50,23:50,12,0,0,COLORADO BOULEVARD NORTH & 14TH AVENUE EAST,6,3,0,0,1,4,,0,35,0,0,0,0,0,2,2,14
,2016_74603,39.738631,-104.940602,5/12/2016 8:26,8:26,15,0,0,COLORADO BOULEVARD & 14TH AVENUE EAST,1,1,0,0,1,4,,0,35,0,0,0,0,0,2,2,1
,2016_74604,39.738777,-104.940602,2/4/2016 8:00,8:00,12,0,0,COLORADO BOULEVARD NORTH & 14TH AVENUE EAST,6,1,0,6,1,4,,0,35,0,0,0,0,1,2,2,3
,2016_74606,39.74009,-104.940601,12/30/2016 20:00,20:00,12,0,0,COLORADO BOULEVARD & COLFAX AVENUE EAST,1,3,1,0,1,3,,0,35,0,0,0,0,0,2,2,13
,2016_74607,39.741258,-104.940601,12/19/2016 15:13,15:13,12,0,0,COLORADO BOULEVARD SOUTH & 16TH AVENUE NORTH,6,1,0,0,1,4,,0,35,0,0,0,0,0,2,2,13
,2016_74608,39.743592,-104.9406,2/7/2016 9:20,9:20,1,0,0,17TH AVENUE  & COLORADO BOULEVARD,1,1,0,0,1,1,,0,30,0,0,0,0,0,2,2,13
,2016_74609,39.743592,-104.9406,12/17/2016 14:14,14:14,12,0,0,COLORADO BOULEVARD NORTH & 17TH AVENUE EAST,4,1,0,0,1,1,,0,35,0,0,0,0,0,2,2,14
,2016_74610,39.749428,-104.940598,6/23/2016 14:06,14:06,10,0,0,COLORADO BOULEVARD & 2200 BLOCK NORTH,1,1,0,0,1,4,,0,35,0,0,0,0,0,2,2,13
,2016_74611,39.760172,-104.940518,10/21/2016 17:55,17:55,1,0,1,COLORADO BOULEVARD NORTH & 30TH AVENUE EAST,1,1,0,0,1,1,,0,35,0,0,0,0,2,2,2,7
,2016_74612,39.761914,-104.940511,9/13/2016 19:39,19:39,12,0,0,MLK BOULEVARD EAST & COLORADO BOULEVARD NORTH,1,2,0,0,1,3,,0,35,0,0,0,0,1,2,2,1
,2016_74613,39.77302,-104.940511,3/10/2016 12:50,12:50,12,0,0,COLORAD BOULEVARD NORTH & 40TH AVENUE EAST,1,1,0,0,1,1,,0,30,0,0,0,0,0,2,2,3
,2016_74614,39.77302,-104.940511,10/10/2016 14:26,14:26,3,0,0,40TH AVENUE EAST & COLORADO BOULEVARD NORTH,1,1,0,0,1,1,,0,30,0,0,0,0,0,2,2,3
,2016_74615,39.779244,-104.940515,9/14/2016 14:45,14:45,3,0,0,COLORADO BOULEVARD NORTH & I70 HIGHWAY EASTBOUND OFF RAMP,1,1,0,0,1,1,,0,45,0,0,0,0,1,2,2,3
,2016_74630,39.725649,-105.052644,6/6/2016 13:05,13:05,12,0,0,SIXTH AVENUE WEST EASTBOUND ON RAMP & SHERIDAN BOULEVARD NORTH,1,1,1,0,1,14,,0,45,0,0,0,0,0,2,3,7
,2016_74631,39.725608,-105.044198,2/22/2016 6:42,6:42,12,0,0,SIXTH AVENUE WEST & TENNYSON STREET NORTH,1,1,0,0,1,4,,0,55,0,0,0,0,1,2,2,8
,2016_74633,39.725556,-105.039261,2/4/2016 12:38,12:38,12,0,0,SIXTH AVENUE WEST & PERRY STREET NORTH,2,1,0,0,1,4,,0,55,0,0,0,0,0,2,2,14
,2016_74634,39.725556,-105.039261,4/19/2016 14:40,14:40,15,0,0,SIXTH AVENUE WEST & PERRY STREET NORTH,1,1,1,0,1,4,,0,55,0,0,0,0,0,2,2,13
,2016_74635,39.725541,-105.035083,3/19/2016 6:19,6:19,15,0,0,SIXTH AVENUE WEST & LOWELL BOULEVARD NORTH,5,2,0,2,1,4,,0,55,0,0,0,0,0,2,2,7
,2016_74636,39.760997,-105.004271,2/19/2016 17:35,17:35,12,0,0,I25 & 20TH STREET,1,1,1,0,1,4,,0,55,0,0,0,0,0,1,2,13
,2016_74637,39.725421,-105.02869,3/4/2016 12:25,12:25,12,0,0,SIXTH AVENUE WEST & FEDERAL BOULEVARD NORTH,1,1,0,0,1,14,,0,55,0,0,0,0,0,2,3,1
,2016_74639,39.72542,-105.027928,8/7/2016 12:01,12:01,15,0,0,SIXTH AVENUE WEST  & FEDERAL BOULEVARD NORTH RAMP ON GORE POINT,1,1,0,0,1,4,,0,55,0,0,0,0,0,2,2,13
,2016_74640,39.725417,-105.026212,7/3/2016 22:47,22:47,12,0,0,SIXTH AVENUE WEST & FEDERAL BOULEVARD NORTH,1,3,0,0,1,4,,0,55,0,0,0,0,0,2,2,13
,2016_74641,39.725415,-105.025068,9/12/2016 17:04,17:04,12,0,0,SIXTH AVENUE WEST & FEDERAL BOULEVARD,1,1,0,0,1,4,,0,55,0,0,0,0,0,2,3,13
,2016_74642,39.725415,-105.024877,8/14/2016 2:15,2:15,12,0,0,SIXTH AVENUE WB RAMP OFF & FEDERAL BOULEVARD NORTH,1,3,1,0,1,14,,0,45,0,0,0,0,0,2,3,7
,2016_74643,39.725211,-105.017885,1/20/2016 8:10,8:10,12,0,0,SIXTH AVENUE WEST & I25 NORTHBOUND ON RAMP GORE POINT,1,1,0,0,1,4,,0,55,0,0,0,0,0,2,2,1
,2016_74644,39.725533,-105.01288,8/11/2016 15:47,15:47,15,0,0,SIXTH AVENUE EASTBOUND WEST & I25 NORTHBOUND RAMP,1,1,1,0,1,14,,0,55,0,0,0,0,0,2,2,13
,2016_74657,39.782358,-104.8589955,3/30/2016 8:10,8:10,5,0,1,47TH AVENUE EAST & KINGSTON STREET NORTH,1,1,0,7,3,1,,0,35,0,0,0,0,2,4,1,8
,2016_74695,39.681944,-104.937442,7/28/2016 0:53,0:53,5,0,1,I25 & SOUTHBOUND OFF RAMP TO EVANS AVENUE,1,3,0,0,3,4,,0,55,0,0,0,0,2,1,1,5
,2016_74703,39.655992,-104.919576,12/6/2016 17:00,17:00,12,0,0,I25 & HAMPDEN AVENUE,1,3,0,0,1,4,,0,65,0,0,0,0,0,1,2,13
,2016_74710,39.69629,-104.897364,6/18/2016 23:05,23:05,1,0,0,PARKER ROAD SOUTH & MISSISSIPPI AVENUE EAST,1,3,1,0,1,1,,0,35,0,0,0,0,0,2,2,13
,2016_74714,39.624135,-104.901597,12/29/2016 17:00,17:00,12,0,0,I25 NORTHBOUND ON RAMP & BELLEVIEW AVENUE EAST INTERCHANGE,1,2,1,0,1,14,,0,60,0,0,0,0,0,1,2,14
,2016_74715,39.62841,-104.904128,6/29/2016 15:44,15:44,12,0,1,I25 & MM 199.75,1,1,0,0,1,4,,0,65,0,0,0,0,2,1,3,13
,2016_74716,39.632664,-104.906123,9/29/2016 6:00,6:00,15,0,0,I25 & I225,1,2,0,0,1,4,,0,65,0,0,0,0,0,1,2,13
,2016_74717,39.639103,-104.91017,5/20/2016 7:35,7:35,12,0,0,I25 & QUINCY AVENUE EAST,1,1,0,0,1,4,,0,55,0,0,0,0,0,1,2,3
,2016_74718,39.649671,-104.916344,10/15/2016 15:43,15:43,12,0,0,I25 & HAMPDEN AVENUE EAST,1,1,0,0,1,4,,0,65,0,0,0,0,0,1,2,14
,2016_74719,39.653387,-104.91838,7/14/2016 8:03,8:03,12,0,0,I25 & HAMPDEN AVENUE EAST,1,1,0,0,1,14,,0,55,0,0,0,0,0,1,2,3
,2016_74720,39.659816,-104.921268,12/12/2016 6:29,6:29,12,0,0,I25 & HAMPDEN AVENUE,1,2,1,0,1,4,,0,55,0,0,0,0,0,1,2,13
,2016_74721,39.667623,-104.925611,6/14/2016 18:55,18:55,12,0,0,I25 NORTHBOUND RAMP OFF & YALE AVENUE EAST,1,1,1,0,1,14,,0,35,0,0,0,0,1,1,2,13
,2016_74722,39.667735,-104.925687,11/7/2016 4:38,4:38,15,0,0,I25 SOUTHBOUND & YALE AVENUE EAST,1,3,0,0,1,4,,0,65,0,0,0,0,0,1,2,7
,2016_74723,39.678367,-104.933559,10/7/2016 10:23,10:23,12,0,1,I25 NORTHBOUND & EVANS AVENUE EAST,1,1,1,0,1,4,,0,55,0,0,0,0,2,1,4,14
,2016_74724,39.678367,-104.933559,7/6/2016 21:10,21:10,1,0,0,EVANS AVENUE EAST & I25 SOUTHBOUND ON RAMP,1,3,1,0,1,1,,0,35,0,0,0,0,0,1,2,13
,2016_74725,39.684913,-104.950207,9/19/2016 17:15,17:15,12,0,0,I25  & STEELE STREET SOUTH SEP,1,1,0,0,1,4,,0,60,0,0,0,0,1,1,2,13
,2016_74726,39.760997,-105.004271,11/4/2016 17:08,17:08,12,0,0,I25 & 20TH STREET,1,1,0,0,1,4,,0,55,0,0,0,0,1,1,2,1
,2016_74727,39.68492,-104.950436,2/9/2016 14:27,14:27,12,0,0,I25 & STEELE STREET SOUTH,1,1,0,0,1,4,,0,60,0,0,0,0,1,1,3,13
,2016_74728,39.684908,-104.952205,10/18/2016 18:49,18:49,12,0,0,I25 SOUTHBOUND & STEELE STREET SOUTH,1,3,0,0,1,4,,0,55,0,0,0,0,0,1,2,13
,2016_74729,39.684908,-104.961021,4/16/2016 20:44,20:44,5,0,0,I25 & UNIVERSITY BOULEVARD SOUTH,6,3,1,2,2,4,,0,65,0,0,0,0,0,1,1,13
,2016_74730,39.684916,-104.961205,9/23/2016 18:40,18:40,12,0,0,I25 & UNIVERSITY BOULEVARD SOUTH,1,1,1,0,1,4,,0,55,0,0,0,0,0,1,2,12
,2016_74731,39.688506,-104.970348,12/12/2016 9:39,9:39,12,0,1,I25 & FRANKLIN STREET,1,1,0,0,1,4,,0,60,0,0,0,0,2,1,4,13
,2016_74733,39.72244,-105.009858,7/13/2016 10:56,10:56,12,0,0,I25 & SIXTH AVENUE INTERCHANGE,1,1,0,0,1,4,,0,55,0,0,0,0,0,1,2,3
,2016_74734,39.690115,-104.973561,1/8/2016 9:28,9:28,12,0,0,I25 NORTHBOUND & SOUTH DOWNING STREET,6,1,0,2,1,4,,0,60,0,0,0,0,0,1,3,1
,2016_74735,39.690195,-104.973722,9/3/2016 12:52,12:52,15,0,0,I25 & DOWNING STREET SOUTH,1,1,0,0,1,4,,0,60,0,0,0,0,0,1,2,1
,2016_74736,39.709613,-104.997988,10/19/2016 13:13,13:13,12,0,0,I25 NORTHBOUND LOOP ON RAMP FROM SANTA FE & RAMP END,1,1,0,0,1,4,,0,55,0,0,0,0,0,1,2,13
,2016_74737,39.711525,-104.999094,1/7/2016 15:18,15:18,12,0,0,I25 & WEST ALAMEDA AVENUE,1,1,0,0,1,4,,0,55,0,0,0,0,0,1,3,3
,2016_74738,39.711525,-104.999094,3/3/2016 8:24,8:24,12,0,0,I25 & ALAMEDA AVENUE WEST,1,1,1,0,1,4,,0,55,0,0,0,0,0,1,2,8
,2016_74739,39.711525,-104.999094,4/28/2016 11:45,11:45,12,0,0,I25 & WEST ALAMEDA AVENUE,2,1,1,2,1,4,,0,55,0,0,0,0,0,1,2,13
,2016_74740,39.711525,-104.999094,5/29/2016 9:40,9:40,15,0,0,I25 & WEST ALAMEDA AVENUE,1,1,0,0,1,4,,0,55,0,0,0,0,0,1,2,13
,2016_74741,39.711525,-104.999094,11/12/2016 13:39,13:39,12,0,0,I25 NORTHBOUND & ALAMEDA AVENUE WEST,1,1,1,0,1,4,,0,55,0,0,0,0,0,1,3,13
,2016_74742,39.713317,-105.000166,6/12/2016 0:10,0:10,15,0,0,I25 & ALAMEDA AVENUE WEST,1,3,0,0,1,4,,0,55,0,0,0,0,0,1,2,1
,2016_74743,39.715058,-105.001276,9/6/2016 7:35,7:35,15,0,0,I25 SOUTHBOUND & ALAMEDA AVENUE WEST EXIT GORE APPROXIMATELY,1,1,0,0,1,4,,0,65,0,0,0,0,0,1,2,8
,2016_74744,39.717417,-105.003831,6/21/2016 15:25,15:25,12,0,0,I25 HIGHWAY NORTHBOUND & SIXTH AVENUE INTERCHANGE,1,1,0,0,1,4,,0,55,0,0,0,0,0,1,2,13
,2016_74745,39.717712,-105.004262,6/4/2016 17:38,17:38,15,0,0,I25 & ALAMEDA AVENUE WEST,1,1,0,0,1,4,,0,55,0,0,0,0,1,1,2,3
,2016_74746,39.720036,-105.007094,8/10/2016 14:16,14:16,12,0,0,I25 NORTHBOUND & SIXTH AVENUE WEST INTERCHANGE,1,1,0,0,1,4,,0,55,0,0,0,0,0,1,3,1
,2016_74747,39.72284,-105.010422,7/23/2016 12:24,12:24,12,0,0,I25 NORTHBOUND & SIXTH AVENUE WEST INTERCHANGE,1,1,0,0,1,4,,0,55,0,0,0,0,0,1,3,14
,2016_74748,39.722955,-105.010584,3/5/2016 18:36,18:36,15,0,0,I25 & SIXTH AVENUE WEST INTERCHANGE,1,3,1,0,1,4,,0,50,0,0,0,0,0,1,2,13
,2016_74749,39.724815,-105.012562,11/16/2016 5:54,5:54,12,0,0,I25 SOUTHBOUND ON RAMP FROM SIXTH AVENUE & RAMP SPLIT,1,2,1,0,1,14,,0,55,0,0,0,0,0,1,2,13
,2016_74750,39.724932,-105.012646,2/13/2016 16:45,16:45,12,0,0,I25 & SIXTH AVENUE INTERCHANGE,1,1,1,0,1,14,,0,55,0,0,0,0,0,1,2,13
,2016_74751,39.725048,-105.01273,11/12/2016 18:45,18:45,12,0,0,I25 NORTHBOUND & SIXTH AVENUE INTERCHANGE,1,3,0,0,1,4,,0,55,0,0,0,0,0,1,2,13
,2016_74752,39.725165,-105.012815,11/12/2016 17:43,17:43,12,0,0,I25 NORTHBOUND  & SIXTH AVENUE WEST,1,3,0,0,1,4,,0,55,0,0,0,0,0,1,2,13
,2016_74753,39.725281,-105.012899,5/22/2016 14:10,14:10,12,0,0,I25 & SIXTH AVENUE INTERCHANGE,1,1,0,0,1,4,,0,55,0,0,0,0,0,1,3,7
,2016_74755,39.725281,-105.012899,7/30/2016 14:08,14:08,12,0,0,I25 & SIXTH AVENUE INTERCHANGE,1,1,0,0,1,4,,0,55,0,0,0,0,0,1,3,1
,2016_74756,39.729265,-105.014796,4/7/2016 15:35,15:35,12,0,0,I25 & EIGHTH AVENUE WEST INTERCHANGE,1,1,0,0,1,4,,0,55,0,0,0,0,0,1,2,3
,2016_74757,39.731155,-105.015429,6/14/2016 12:25,12:25,15,0,0,I25 HIGHWAY SOUTHBOUND & GORE POINT TO ZUNI STREET RAMP OFF,1,1,0,0,1,4,,0,55,0,0,0,0,0,1,3,14
,2016_74758,39.740257,-105.013939,12/14/2016 18:26,18:26,12,0,0,I25 & COLFAX AVENUE WEST,1,3,0,0,1,4,,0,55,0,0,0,0,0,1,2,13
,2016_74759,39.740257,-105.013939,7/15/2016 6:55,6:55,15,0,0,I25 NORTHBOUND OFF RAMP & COLFAX AVENUE WEST,1,1,1,0,1,14,,0,25,0,0,0,0,0,1,2,13
,2016_74760,39.740257,-105.013939,11/16/2016 18:00,18:00,12,0,0,I25 SOUTHBOUND ON RAMP FLYOVER & COLFAX AVENUE WEST,1,3,1,0,1,14,,0,40,0,0,0,0,0,1,4,13
,2016_74761,39.751295,-105.016566,1/12/2016 15:07,15:07,12,0,0,I25 & 23RD AVENUE WEST,1,1,0,0,1,4,,0,55,0,0,0,0,0,1,2,3
,2016_74762,39.755118,-105.012754,1/9/2016 0:56,0:56,12,0,0,I25 & SPEER BOULEVARD NORTH,8,3,0,0,1,4,,0,55,0,0,0,0,0,1,2,14
,2016_74763,39.755118,-105.012754,5/4/2016 17:33,17:33,12,0,0,I25 & SPEER BOULEVARD NORTH,1,1,0,0,1,4,,0,55,0,0,0,0,0,1,3,13
,2016_74764,39.77061301,-104.904522,3/22/2016 4:00,4:00,5,0,0,POPLAR STREET & 3301,4,1,0,2,3,3,,0,25,0,0,0,0,0,4,1,13
,2016_74765,39.755118,-105.012754,7/26/2016 15:26,15:26,12,0,0,I25 SOUTHBOUND & SPEER BOULEVARD NORTH,1,1,0,0,1,4,,0,55,0,0,0,0,1,1,2,13
,2016_74766,39.755118,-105.012754,8/28/2016 13:44,13:44,12,0,0,I25 NORTHBOUND & SPEER BOULEVARD,1,1,0,0,1,4,,0,55,0,0,0,0,0,1,2,1
,2016_74767,39.75691,-105.010265,11/19/2016 15:01,15:01,12,0,0,I25 & 15TH STREET,1,1,0,0,1,4,,0,55,0,0,0,0,0,1,2,13
,2016_74768,39.75691,-105.010265,12/6/2016 17:28,17:28,12,0,0,I25 & 15TH STREET,1,2,0,0,1,4,,0,55,0,0,0,0,0,1,2,14
,2016_74769,39.760997,-105.004271,11/16/2016 7:25,7:25,12,0,0,I25 & 20TH STREET,1,1,0,0,1,4,,0,55,0,0,0,0,0,1,2,3
,2016_74770,39.760997,-105.004271,12/30/2016 13:08,13:08,15,0,0,I25 & 20TH STREET,1,1,1,0,1,4,,0,55,0,0,0,0,0,1,2,13
,2016_74771,39.760997,-105.004271,10/8/2016 19:20,19:20,12,0,0,I25 NORTHBOUND RAMP OFF & 20TH STREET,1,3,0,0,1,14,,0,65,0,0,0,0,0,1,2,13
,2016_74772,39.761335,-105.003831,11/30/2016 16:10,16:10,12,0,0,I25 & 20TH STREET,1,1,0,0,1,4,,0,55,0,0,0,0,0,1,2,1
,2016_74773,39.763345,-105.001902,8/2/2016 19:05,19:05,12,0,1,I25 SOUTHBOUND & 20TH STREET,2,1,0,1,1,4,,0,55,0,0,0,0,2,1,2,13
,2016_74774,39.767344,-104.996562,3/15/2016 20:44,20:44,15,0,0,I25 & 38TH AVENUE NORTHBOUND OFF RAMP GORE POINT,1,3,1,0,1,4,,0,55,0,0,0,0,0,1,2,8
,2016_74775,39.768049,-104.994761,8/24/2016 7:10,7:10,12,0,0,I25 & FOX STREET NORTH APPROXIMATELY,1,1,0,0,1,4,,0,55,0,0,0,0,0,1,2,13
,2016_74776,39.768049,-104.994761,12/5/2016 18:18,18:18,12,0,0,I25 & FOX STREET PARK AVENUE,1,4,0,0,1,4,,0,55,0,0,0,0,1,1,2,13
,2016_74778,39.777918,-104.989186,12/19/2016 10:30,10:30,12,0,0,I25 NORTHBOUND OFF RAMP TO I70 & I70 RAMPS C & I,4,1,1,0,1,14,,0,55,0,0,0,0,1,1,3,3
,2016_74779,39.779535,-104.989164,6/27/2016 12:41,12:41,5,0,0,I25 HIGHWAY SOUTHBOUND & I70 HIGHWAY WB,1,1,0,0,1,4,,0,55,0,0,0,0,0,1,2,14
,2016_74780,39.783855,-104.989142,3/2/2016 6:00,6:00,15,0,0,I25 & 48TH AVENUE WEST,1,2,1,0,1,4,,0,55,0,0,0,0,0,1,2,1
,2016_74781,39.786591,-104.989129,8/26/2016 8:40,8:40,12,0,0,I25 SOUTHBOUND OFF RAMP & I70 EASTBOUND,1,1,0,0,1,14,,0,65,0,0,0,0,0,1,2,7
,2016_74782,39.787424,-104.989088,10/28/2016 15:30,15:30,12,0,1,I25 NORTHBOUND & 50TH AVENUE WEST,1,1,0,0,1,4,,0,55,0,0,0,1,2,1,3,13
,2016_74832,39.71127,-105.051018,8/25/2016 17:50,17:50,12,0,0,ALAMEDA AVENUE WEST & YATES STREET SOUTH,1,1,0,0,1,3,,0,35,0,0,0,0,0,2,3,3
,2016_74833,39.711141,-105.014408,12/31/2016 14:37,14:37,14,0,0,ALAMEDA AVENUE WEST & YUMA STREET SOUTH,1,1,0,0,1,1,,0,35,0,0,0,0,0,2,2,4
,2016_74834,39.711184,-105.001546,11/28/2016 8:25,8:25,12,0,1,ALAMEDA AVENUE WEST & LIPAN STREET SOUTH,1,1,0,0,1,1,,0,35,0,0,0,0,2,2,2,3