id,drcog_id,latitude,longitude,crashtime,time,crashtype,numbkilled,numbinjurd,drcoglocat,rdconditin,lightngcon,roadcntgrd,weatherco,location,roaddescrp,schoolzone,constrzone,splimit,bikeinv,pedinv,sctrinv,motoinv,svrty,rdsystem,ttlvehcls,hcf
,2016_74835,39.711184,-105.000802,2/22/2016 14:57,14:57,12,0,0,ALAMEDA AVENUE WEST & PLATTE RIVER DRIVE SOUTH,1,1,0,0,1,3,,0,30,0,0,0,0,0,2,2,7
,2016_74836,39.71119,-105.000102,3/14/2016 6:41,6:41,15,0,0,ALAMEDA AVENUE 1000 BLOCK WEST & I25 SOUTHBOUND OFF RAMP,1,3,0,0,1,4,,0,30,0,0,0,0,0,2,2,1
,2016_74837,39.711208,-104.998391,1/11/2016 19:36,19:36,12,0,0,HIGHWAY 26B / ALAMEDA AVENUE & KALAMATH STREET SOUTH,1,3,1,0,1,4,,0,35,0,0,0,0,0,2,2,3
,2016_74838,39.653088,-104.915178,3/3/2016 14:18,14:18,1,0,0,HAMPDEN AVENUE EAST & LOCUST STREET SOUTH,1,1,0,0,1,1,,0,40,0,0,0,0,0,2,2,13
,2016_74839,39.653084,-104.91283,4/20/2016 9:30,9:30,12,0,0,HAMPDEN AVENUE & MONACO STREET SOUTH,1,1,0,0,1,3,,0,40,0,0,0,0,0,2,2,1
,2016_74840,39.653086,-104.908123,7/18/2016 7:01,7:01,12,0,0,HAMPDEN AVENUE 6900 BLOCK EAST & ONEIDA WAY SOUTH,1,1,0,0,1,4,,0,40,0,0,0,0,1,2,2,14
,2016_74841,39.653118,-104.90465,1/1/2016 13:56,13:56,3,0,0,SOUTH POPLAR STREET 3400 BLOCK & EAST HAMPDEN AVENUE,1,1,0,0,1,1,,0,40,0,0,0,0,0,2,2,13
,2016_74842,39.653052,-104.884518,12/17/2016 14:30,14:30,12,0,0,HAMPDEN AVENUE EAST & YOSEMITE STREET SOUTH,4,1,0,2,1,2,,0,35,0,0,0,0,0,2,2,13
,2016_74843,39.653025,-104.881512,4/28/2016 8:31,8:31,12,0,0,HAMPDEN AVENUE EAST & AKRON STREET SOUTH,1,1,0,0,1,1,,0,40,0,0,0,0,1,2,4,13
,2016_74844,39.653025,-104.880955,12/20/2016 15:05,15:05,15,0,0,HAMPDEN AVENUE EAST & AKRON STREET SOUTH,2,1,1,0,1,4,,0,45,0,0,0,0,1,2,2,13
,2016_74846,39.667964,-104.866125,5/11/2016 7:03,7:03,12,0,0,HAVANA STREET & YALE AVENUE EAST,1,1,0,0,1,4,,0,45,0,0,0,0,0,2,2,1
,2016_74878,39.777347,-104.903418,11/25/2016 7:55,7:55,12,0,0,NORTHFIELD QUEBEC STREET & I70 EASTBOUND OFF RAMP,1,1,1,0,1,1,,0,15,0,0,0,0,0,2,2,13
,2016_74879,39.783593,-104.900128,11/25/2016 16:17,16:17,1,0,0,I270 WB ON RAMP & QUEBEC STREET,1,1,0,0,1,1,,0,45,0,0,0,0,0,2,2,13
,2016_74880,39.784462,-104.899591,2/11/2016 14:51,14:51,15,0,0,QUEBEC STREET NORTH & NORTHFIELD BOULEVARD EAST,1,1,1,0,1,3,,0,45,0,0,0,0,0,2,2,8
,2016_74889,39.740009,-104.972303,8/27/2016 20:11,20:11,3,0,0,HIGHWAY 40C / COLFAX AVENUE EAST & MARION STREET NORTH,1,3,0,0,1,1,,0,25,0,0,0,0,0,2,2,13
,2016_74931,39.740337,-105.039295,12/8/2016 22:20,22:20,15,0,0,COLFAX AVENUE WEST & PERRY STREET NORTH,4,3,0,0,1,3,,0,35,0,0,0,0,0,2,2,7
,2016_74933,39.740338,-105.038168,12/19/2016 9:02,9:02,3,0,0,COLFAX AVENUE WEST & OSCEOLA STREET NORTH,6,1,0,0,1,1,,0,30,0,0,0,0,0,2,2,7
,2016_74934,39.740353,-105.01593,2/8/2016 0:18,0:18,6,0,0,COLFAX AVENUE WEST & I25 SOUTHBOUND OFF RAMP,1,3,0,0,1,4,,0,35,0,0,0,0,0,2,2,5
,2016_74935,39.740353,-105.01593,3/17/2016 20:58,20:58,5,0,0,COLFAX AVENUE WEST & I25 SOUTHBOUND OFF RAMP,2,3,0,2,2,4,,0,35,0,0,0,0,1,2,1,13
,2016_74936,39.740345,-105.015536,1/24/2016 17:55,17:55,12,0,0,WEST COLFAX AVENUE & I25 SOUTHBOUND OFF RAMP,1,3,0,0,1,4,,0,40,0,0,0,0,0,2,5,5
,2016_74937,39.74028,-105.01238,3/15/2016 7:31,7:31,12,0,0,COLFAX AVENUE WEST & I25 NORTHBOUND OFF RAMP,1,1,0,0,1,3,,0,35,0,0,0,0,0,2,2,14
,2016_74938,39.739983,-104.959859,3/31/2016 7:10,7:10,14,0,0,EAST COLFAX AVENUE & NORTH YORK STREET,1,1,0,0,1,1,,0,30,0,0,0,0,0,2,2,13
,2016_74939,39.74028,-105.01238,3/30/2016 8:27,8:27,12,0,0,COLFAX AVENUE WEST & I25 NORTHBOUND OFF RAMP,1,1,0,0,1,1,,0,45,0,0,0,0,1,2,3,14
,2016_74940,39.74028,-105.01238,4/28/2016 18:20,18:20,3,0,0,COLFAX AVENUE WEST & I25 NORTHBOUND OFF RAMP,1,1,0,0,1,1,,0,10,0,0,0,0,0,2,2,13
,2016_74941,39.740038,-105.001446,3/4/2016 17:47,17:47,3,0,0,COLFAX AVENUE WEST & LIPAN STREET NORTH,1,1,0,0,1,1,,0,35,0,0,0,0,0,2,2,1
,2016_74942,39.740038,-105.001446,4/6/2016 7:55,7:55,15,0,0,LIPAN STREET NORTH & COLFAX AVENUE WEST,1,1,0,0,1,1,,0,25,0,0,0,0,0,2,2,13
,2016_74943,39.740048,-104.999933,12/17/2016 17:18,17:18,15,0,0,COLFAX AVENUE WEST & KALAMATH STREET NORTH,4,3,0,0,1,1,,0,35,0,0,0,0,0,2,2,13
,2016_74944,39.740049,-104.986167,4/22/2016 11:40,11:40,12,0,0,COLFAX AVENUE 100 BLOCK EAST & LINCOLN STREET,1,1,1,0,1,3,,0,30,0,0,0,0,1,2,4,13
,2016_74945,39.740041,-104.983728,2/26/2016 1:30,1:30,3,0,0,COLFAX AVENUE EAST & GRANT STREET NORTH,1,3,0,0,1,1,,0,30,0,0,0,0,1,2,2,4
,2016_74946,39.740041,-104.983728,5/21/2016 17:30,17:30,15,0,0,COLFAX AVENUE EAST & GRANT STREET NORTH,1,1,0,0,1,1,,0,30,0,0,0,0,0,2,2,8
,2016_74947,39.740028,-104.982228,1/16/2016 9:13,9:13,3,0,0,COLFAX AVENUE EAST & LOGAN STREET NORTH,1,1,0,0,1,1,,0,30,0,0,0,0,1,2,2,13
,2016_74948,39.740028,-104.982228,4/28/2016 13:45,13:45,1,0,0,COLFAX AVENUE EAST & LOGAN STREET NORTH,2,1,0,2,1,1,,0,30,0,0,0,0,0,2,2,13
,2016_74949,39.740009,-104.972303,6/29/2016 6:47,6:47,1,0,0,COLFAX AVENUE EAST & MARION STREET NORTH,1,1,0,0,1,1,,0,35,0,0,0,0,0,2,2,13
,2016_74950,39.740009,-104.968553,8/3/2016 9:10,9:10,12,0,0,COLFAX AVENUE EAST & FRANKLIN STREET NORTH,1,1,0,0,1,1,,0,30,0,0,0,0,0,2,2,13
,2016_74951,39.739984,-104.963087,9/6/2016 16:53,16:53,6,0,0,COLFAX AVENUE EAST & RACE STREET NORTH,1,1,0,0,1,4,,0,,0,0,0,0,0,2,2,13
,2016_74952,39.740176,-104.954635,6/22/2016 7:59,7:59,12,0,0,COLFAX AVENUE 2800 BLOCK EAST & DETROIT STREET NORTH,1,1,0,0,1,4,,0,30,0,0,0,0,0,2,2,13
,2016_74953,39.740168,-104.952377,12/9/2016 23:00,23:00,12,0,0,COLFAX AVENUE EAST & MILWAUKEE STREET NORTH,1,3,0,0,1,1,,0,30,0,0,0,0,0,2,2,5
,2016_74954,39.740165,-104.951248,9/3/2016 7:20,7:20,3,0,0,COLFAX AVENUE EAST & STREET PAUL STREET NORTH,1,1,0,0,1,3,,0,25,0,0,0,0,1,2,2,6
,2016_74955,39.740153,-104.947672,10/6/2016 21:00,21:00,6,0,0,COLFAX AVENUE EAST & COOK STREET NORTH,1,3,0,0,1,4,,0,30,0,0,0,0,0,2,2,13
,2016_74956,39.74014,-104.943908,3/17/2016 10:20,10:20,12,0,0,COLFAX AVENUE EAST & GARFIELD STREET NORTH,1,1,0,0,1,1,,0,30,0,0,0,0,0,2,2,7
,2016_74957,39.740057,-104.93377,3/25/2016 7:35,7:35,3,0,0,COLFAX AVENUE EAST & CHERRY STREET NORTH,2,1,0,0,1,1,,0,30,0,0,0,0,0,2,2,13
,2016_74959,39.740082,-104.913871,11/11/2016 17:13,17:13,12,0,0,COLFAX AVENUE EAST & LOCUST STREET NORTH,1,1,0,0,1,1,,0,35,0,0,0,0,0,2,3,13
,2016_74960,39.740082,-104.912367,4/19/2016 15:41,15:41,3,0,0,MONACO PARKWAY NORTH  & COLFAX AVENUE EAST,1,1,0,0,1,1,,0,35,0,0,0,0,0,2,2,14
,2016_74961,39.740083,-104.908985,11/24/2016 14:23,14:23,6,0,0,COLFAX AVENUE EAST & NEWPORT STREET NORTH,1,1,0,0,1,3,,0,35,0,0,0,0,0,2,4,13
,2016_74962,39.740084,-104.904663,2/18/2016 15:40,15:40,1,0,0,COLFAX AVENUE EAST & POPLAR STREET NORTH,1,1,0,0,1,1,,0,35,0,0,0,0,0,2,2,14
,2016_74963,39.740084,-104.903536,1/2/2016 12:05,12:05,12,0,0,COLFAX AVENUE WEST & QUEBEC STREET NORTH,1,1,0,0,1,1,,0,35,0,0,0,0,0,2,2,13
,2016_74964,39.740084,-104.903536,8/5/2016 16:05,16:05,15,0,0,COLFAX AVENUE EAST & QUEBEC STREET NORTH,1,1,0,0,1,1,,0,35,0,0,0,0,0,2,2,1
,2016_74965,39.740086,-104.891698,5/5/2016 17:15,17:15,3,0,0,COLFAX AVENUE EAST & VALENTIA STREET NORTH,1,1,0,0,1,1,,0,35,0,0,0,0,0,2,2,13
,2016_74978,39.780024,-104.989219,12/26/2016 22:44,22:44,5,0,0,I70 EASTBOUND OFF RAMP TO I25 NORTHBOUND & INTERCHANGE STR,5,3,1,0,2,14,,0,55,0,0,0,0,0,1,1,7
,2016_75004,39.779942,-104.966087,1/15/2016 7:10,7:10,12,0,0,I70 & BRIGHTON BOULEVARD NORTH,1,1,0,0,1,4,,0,55,0,0,0,0,1,1,2,3
,2016_75028,39.782578,-104.999016,4/23/2016 11:42,11:42,15,0,0,I70 & I25 SOUTHBOUND OFF RAMP,1,1,0,0,1,4,,0,55,0,0,0,0,0,1,2,14
,2016_75029,39.780058,-104.9894,5/7/2016 11:20,11:20,12,0,0,I70 EASTBOUND & I25 INTERCHANGE,2,1,0,1,1,4,,0,55,0,0,0,0,1,1,2,13
,2016_75030,39.779441,-104.979019,2/2/2016 14:15,14:15,12,0,0,I70 WB & WASHINGTON STREET NORTH,2,1,0,0,1,4,,0,55,0,0,0,0,0,1,2,3
,2016_75031,39.779441,-104.979019,12/15/2016 6:34,6:34,12,0,0,I70 & WASHINGTON STREET,1,3,0,0,1,4,,0,55,0,0,0,0,0,1,2,1
,2016_75032,39.779565,-104.974523,11/30/2016 17:25,17:25,12,0,0,I70 WB COLLECTOR OFF RAMP TO I25 & RAMP BEGIN,1,3,1,0,1,14,,0,55,0,0,0,0,0,1,2,13
,2016_75033,39.779942,-104.966087,5/14/2016 8:38,8:38,15,0,0,I70 EASTBOUND & BRIGHTON BOULEVARD,1,1,0,0,1,4,,0,65,0,0,0,0,0,1,2,13
,2016_75034,39.779942,-104.966087,9/1/2016 16:16,16:16,12,0,0,I70 & BRIGHTON BOULEVARD INTCH,1,1,0,0,1,4,,0,55,0,0,0,0,0,1,3,1
,2016_75036,39.78001,-104.964059,4/20/2016 15:41,15:41,12,0,0,I70 EASTBOUND RAMP ON & BRIGHTON BOULEVARD NORTH,1,1,0,0,1,14,,0,55,0,0,0,0,0,1,2,3
,2016_75037,39.780011,-104.962118,5/31/2016 19:21,19:21,15,0,0,I70 EASTBOUND & BRIGHTON BOULEVARD NORTH,1,1,0,0,1,4,,0,55,0,0,0,0,1,1,3,3
,2016_75038,39.780012,-104.960177,2/25/2016 20:37,20:37,15,0,0,g & YORK STREET NORTH,1,3,0,0,1,4,,0,55,0,0,0,0,1,1,4,13
,2016_75039,39.780012,-104.959983,2/26/2016 12:46,12:46,15,0,0,I70 & YORK STREET NORTH,1,1,0,0,1,4,,0,55,0,0,0,0,0,1,2,13
,2016_75040,39.780013,-104.959012,12/20/2016 15:25,15:25,1,0,0,46TH AVENUE EAST UNDER I70 VIADUCT & JOSEPHINE STREET NORTH,1,1,0,0,1,1,,0,35,0,0,0,0,0,4,2,3
,2016_75041,39.780016,-104.954353,2/1/2016 15:53,15:53,15,0,0,I70 & STEELE STREET NORTH,12,1,0,2,1,4,,0,55,0,0,0,0,0,1,2,7
,2016_75042,39.780016,-104.954159,5/20/2016 17:20,17:20,3,0,0,46TH AVENUE EAST & CLAYTON STREET NORTH,1,1,0,0,1,1,,0,30,0,0,0,0,1,4,2,13
,2016_75043,39.780016,-104.953383,10/31/2016 8:57,8:57,12,0,0,I70 WB & VASQUEZ BOULEVARD,1,1,0,0,1,4,,0,55,0,0,0,0,0,1,2,13
,2016_75044,39.779999,-104.949951,7/18/2016 8:45,8:45,12,0,0,I70 & STEELE STREET,1,1,0,0,1,4,,0,55,0,0,0,0,0,1,2,13
,2016_75045,39.779999,-104.949951,6/14/2016 18:05,18:05,1,0,0,46TH AVENUE EAST  & STEELE STREET NORTH,1,1,0,0,1,1,,0,35,0,0,0,0,0,4,2,13
,2016_75046,39.779944,-104.940603,3/4/2016 11:34,11:34,12,0,0,I70 & COLORADO BOULEVARD NORTH,1,1,0,0,1,4,,0,55,0,0,0,0,0,1,2,7
,2016_75047,39.779789,-104.930216,10/11/2016 8:05,8:05,12,0,0,I70 & MM 277.1,1,1,0,0,1,4,,0,55,0,0,0,0,0,1,2,13
,2016_75048,39.779168,-104.926972,6/22/2016 16:50,16:50,12,0,0,I70 & FOREST STREET,1,1,0,0,1,4,,0,55,0,0,0,0,0,1,2,3
,2016_75049,39.778285,-104.917851,7/29/2016 10:29,10:29,12,0,0,I70 & KEARNEY STREET,1,1,0,0,1,4,,0,55,0,0,0,0,0,1,2,13
,2016_75050,39.778295,-104.903454,11/4/2016 8:59,8:59,12,0,0,I70 & NORTHFIELD QUEBEC STREET,1,1,0,0,1,4,,0,55,0,0,0,0,0,1,2,13
,2016_75051,39.778298,-104.898898,10/26/2016 18:06,18:06,12,0,0,I70 & QUEBEC STREET,1,3,0,0,1,4,,0,55,0,0,0,0,0,1,2,13
,2016_75052,39.777001,-104.881444,5/8/2016 11:25,11:25,5,0,0,I70 WB  & I270 WB DIRECT CONNECT RAMP OFF,1,1,0,0,3,4,,0,55,0,0,0,0,0,1,1,13
,2016_75053,39.775589,-104.86528,1/18/2016 12:40,12:40,12,0,0,I70 WB & CENTRAL PARK BOULEVARD APPROXIMATELY,1,1,0,0,1,4,,0,55,0,0,0,0,0,1,3,13
,2016_75054,39.775573,-104.865095,9/9/2016 8:32,8:32,12,0,0,I70 & HAVANA STREET NORTH,1,1,0,0,1,4,,0,55,0,0,0,0,0,1,2,13
,2016_75055,39.775509,-104.864356,12/8/2016 17:41,17:41,12,0,0,I70 & HAVANA STREET,3,5,1,0,1,4,,0,55,0,0,0,0,0,1,2,13
,2016_75056,39.774397,-104.851415,6/17/2016 11:00,11:00,12,0,0,I70 EASTBOUND OFF RAMP GORE POINT TO & PEORIA STREET,1,1,0,0,1,14,,0,20,0,0,0,0,0,1,2,1
,2016_75057,39.774095,-104.847902,9/21/2016 20:22,20:22,12,0,0,I70 & HAVANA STREET NORTH,1,3,0,0,1,4,,0,55,0,0,0,0,0,1,2,13
,2016_75060,39.774015,-104.846978,9/10/2016 8:00,8:00,12,0,0,I70 EASTBOUND RAMP OFF & PEORIA STREET NORTH,1,1,0,0,1,14,,0,35,0,0,0,0,0,1,2,13
,2016_75061,39.773999,-104.846793,9/1/2016 7:59,7:59,15,0,0,I70 & PEORIA STREET NORTH APPROXIMATELY,1,1,0,0,1,4,,0,,0,0,0,0,0,1,2,13
,2016_75062,39.773999,-104.846793,1/22/2016 10:30,10:30,3,0,0,PEORIA STREET SOUTH & I70 WB OFF RAMP EXIT,1,1,0,0,1,1,,0,40,0,0,0,0,0,1,3,8
,2016_75063,39.773999,-104.846793,9/9/2016 15:36,15:36,12,0,0,PEORIA STREET NORTH & I70 EASTBOUND RAMPS,1,1,0,0,1,1,,0,35,0,0,0,0,0,1,2,13
,2016_75064,39.772853,-104.833483,11/25/2016 22:30,22:30,15,0,0,I70 & SOUTHBOUND ON RAMP TO I225,1,4,0,0,1,4,,0,65,0,0,0,0,0,1,2,13
,2016_75065,39.77255,-104.829971,7/30/2016 16:38,16:38,12,0,0,I70  & I225 WB FLYOVER RAMP,1,1,1,0,1,14,,0,55,0,0,0,0,0,1,2,13
,2016_75116,39.700261,-104.908227,1/20/2016 14:44,14:44,12,0,0,LEETSDALE DRIVE & ONEIDA STREET SOUTH,1,1,0,0,1,4,,0,35,0,0,0,0,0,2,2,13
,2016_75130,39.674529,-104.870436,6/30/2016 21:15,21:15,12,0,0,PARKER ROAD SOUTH & ILIFF AVENUE EAST,2,3,0,1,1,4,,0,40,0,0,0,0,0,2,3,13
,2016_75131,39.703367,-104.913662,8/27/2016 12:29,12:29,12,0,0,HIGHWAY 83 / LEETSDALE DRIVE & MONACO PARKWAY SOUTH,1,1,0,0,1,3,,0,30,0,0,0,0,0,2,2,13
,2016_75151,39.678309,-104.99336,8/13/2016 12:23,12:23,12,0,0,SANTA FE DRIVE SOUTH  SOUTHBOUND ON RAMP  & EVANS AVENUE SOUTH,1,1,1,0,1,14,,0,55,0,0,0,0,0,2,2,13
,2016_75152,39.687439,-104.991942,10/6/2016 5:44,5:44,12,0,0,HIGHWAY 85A / SANTA FE DRIVE SOUTH & IOWA AVENUE WEST,2,3,0,1,1,3,,0,45,0,0,0,0,1,2,6,1
,2016_75153,39.688195,-104.991931,12/10/2016 0:27,0:27,12,0,0,SANTA FE DRIVE 1500 BLOCK SOUTH & IOWA AVENUE,1,3,0,0,1,4,,0,35,0,0,0,0,0,2,2,13
,2016_75154,39.690106,-104.992182,9/15/2016 10:42,10:42,15,0,0,SANTA FE DRIVE & FLORIDA AVENUE WEST,1,1,0,0,1,4,,0,40,0,0,0,0,0,2,2,13
,2016_75155,39.696679,-104.991877,6/26/2016 14:18,14:18,1,0,0,MISSISSIPPI AVENUE WEST & SANTA FE DRIVE SOUTH,1,1,0,0,1,1,,0,30,0,0,0,0,1,2,2,3
,2016_75156,39.706767,-104.996539,6/7/2016 17:52,17:52,12,0,0,SANTA FE DRIVE SOUTH  & I25 HIGHWAY INTERCHANGE,1,1,0,0,1,4,,1,30,0,0,0,0,1,2,2,3
,2016_75157,39.706901,-104.996487,12/1/2016 13:52,13:52,12,0,0,KALAMATH STREET & I25 NORTHBOUND,1,1,1,0,1,4,,0,30,0,0,0,0,0,2,2,3
,2016_75170,39.737983,-105.025273,3/18/2016 14:40,14:40,12,0,0,FEDERAL BOULEVARD NORTH & 14TH AVENUE WEST,1,1,0,0,1,4,,0,,0,0,0,0,0,2,2,13
,2016_75171,39.730017,-105.025165,12/21/2016 11:39,11:39,15,0,0,FEDERAL BOULEVARD SOUTH & 800 BLOCK,1,1,1,0,1,4,,0,35,0,0,0,0,0,2,2,13
,2016_75173,39.729284,-105.025154,4/14/2016 16:01,16:01,1,0,0,FEDERAL BOULEVARD NORTH & EIGHTH AVENUE WEST,1,1,1,0,1,1,,0,35,0,0,0,0,0,2,2,13
,2016_75174,39.729284,-105.025154,5/12/2016 10:44,10:44,8,0,0,FEDERAL BOULEVARD NORTH & EIGHTH AVENUE WEST,1,1,0,0,1,1,,0,35,0,0,0,0,1,2,2,10
,2016_75175,39.729284,-105.025154,10/3/2016 21:38,21:38,3,0,0,EIGHTH AVENUE WEST & FEDERAL BOULEVARD NORTH,1,3,1,0,1,1,,0,65,0,0,0,0,0,2,2,13
,2016_75176,39.724756,-105.025125,10/5/2016 11:28,11:28,15,0,0,FEDERAL BOULEVARD & SIXTH AVENUE WEST EASTBOUND RAMP ON,1,1,0,0,1,1,,0,35,0,0,0,0,0,2,2,7
,2016_75177,39.722114,-105.025207,6/1/2016 7:40,7:40,12,0,0,FEDERAL BOULEVARD NORTH & 400 BLOCK,1,1,0,0,1,4,,0,30,0,0,0,0,0,2,2,7
,2016_75178,39.707624,-105.025082,2/28/2016 15:50,15:50,1,0,0,FEDERAL BOULEVARD SOUTH & VIRGINIA AVENUE WEST,1,1,0,0,1,1,,0,25,0,0,0,0,0,2,2,8
,2016_75179,39.696718,-105.025071,3/23/2016 13:17,13:17,3,0,0,FEDERAL BOULEVARD SOUTH & MISSISSIPPI AVENUE WEST,6,1,0,2,1,1,,0,30,0,0,0,0,0,2,2,7
,2016_75180,39.696718,-105.025071,9/27/2016 8:05,8:05,12,0,0,FEDERAL BOULEVARD SOUTH & MISSISSIPPI AVENUE WEST,1,1,0,0,1,1,,0,40,0,0,0,0,0,2,2,13
,2016_75187,39.63902,-104.910116,4/16/2016 18:50,18:50,5,0,0,I25 & MM 200,6,2,0,2,3,4,,0,65,0,0,0,0,0,1,1,13
,2016_75195,39.70653203,-104.9875954,12/21/2016 17:10,17:10,6,0,0,BROADWAY STREET SOUTH & 2300 BLOCK,1,2,0,0,1,4,,0,,0,0,0,0,0,4,2,13
,2016_75196,39.743172,-104.9895405,8/14/2016 19:00,19:00,6,0,0,TREMONT PLACE & 16TH STREET,1,2,0,0,1,4,,0,,0,0,0,0,0,4,2,13
,2016_75197,39.765078,-104.8745205,12/31/2016 21:00,21:00,6,0,0,35TH AVENUE & DAYTON STREET NORTH,1,3,0,0,3,4,,0,,0,0,0,0,0,4,2,13
,2016_75198,39.76283001,-104.9733612,10/8/2016 1:25,1:25,6,0,0,DOWNING STREET & 3200 BLOCK NORTH,1,3,0,0,1,4,,0,,0,0,0,0,0,4,2,13
,2016_75200,39.74001,-104.99202,7/31/2016 12:00,12:00,5,0,0,48TH AVENUE & 626 EAST,1,1,0,0,1,5,,0,15,0,0,0,0,0,4,1,13
,2016_75202,39.781143,-104.9246168,8/7/2016 2:30,2:30,5,0,0,47TH AVENUE & 20292 EAST,1,4,0,0,3,4,,0,,0,0,0,0,0,4,1,13
,2016_75210,39.77824411,-104.946422,8/15/2016 20:10,20:10,6,0,0,MADISON STREET NORTH & 1500 BLOCK,1,4,0,0,1,4,,0,30,0,0,0,0,0,4,2,5
,2016_75214,39.716622,-105.0227505,9/5/2016 1:10,1:10,6,0,0,DECATUR STREET SOUTH & 1853 SOUTH DECATUR STREET,1,3,0,0,1,4,,0,,0,0,0,0,0,4,2,1
,2016_75217,39.707361,-105.0133455,1/6/2016 5:45,5:45,5,0,0,VIRGINIA AVENUE WEST & VALLEJO STREET SOUTH,1,3,1,0,3,4,,0,35,0,0,0,0,0,4,1,1
,2016_75224,39.792438,-104.820984,6/22/2016 13:00,13:00,5,0,0,PENSACOLA DRIVE 14455 EAST & MAXWELL DRIVE EAST,1,1,0,7,2,4,,0,25,0,0,0,0,0,4,1,14
,2016_75227,39.793293,-104.7628035,2/27/2016 20:57,20:57,5,0,0,DUNKIRK STREET NORTH & 54TH PLACE EAST,1,4,0,0,2,4,,0,40,0,0,0,0,0,4,1,13
,2016_75230,39.785544,-104.881311,9/6/2016 10:00,10:00,5,0,0,BEELER STREET NORTH & NORTHFIELD BOULEVARD,1,1,0,0,3,4,,0,25,0,0,0,0,0,4,1,14
,2016_75243,39.738465,-105.035814,1/6/2016 6:46,6:46,6,0,0,14TH AVENUE WEST & MEADE STREET NORTH,1,3,1,0,1,4,,0,25,0,0,0,0,0,4,2,13
,2016_75244,39.718134,-105.0396975,9/18/2016 16:54,16:54,3,0,0,FIRST AVENUE WEST & PERRY STREET NORTH,1,1,1,0,1,1,,0,30,0,0,0,0,1,4,2,13
,2016_75245,39.73149238,-105.0405121,9/2/2016 12:00,12:00,6,0,0,QUITMAN STREET 900 BLOCK NORTH & 10TH AVENUE WEST,1,1,0,0,1,4,,0,,0,0,0,0,0,4,2,13
,2016_75247,39.722517,-104.9951835,9/12/2016 18:05,18:05,4,0,0,FOURTH AVENUE 600 BLOCK WEST & FOX STREET NORTH,1,1,0,0,1,4,,0,,0,0,0,0,0,4,1,13
,2016_75250,39.71655,-105.031233,12/12/2016 13:19,13:19,6,0,0,JULIAN STREET NORTH & JULIAN STREET 2100 BLOCK NORTH,1,1,1,0,1,4,,0,,0,0,0,0,0,4,2,13
,2016_75252,39.722049,-105.022791,9/17/2016 17:30,17:30,6,0,0,FOURTH AVENUE 2700 BLOCK WEST & DECATUR STREET NORTH,1,1,0,0,1,4,,0,,0,0,0,0,0,4,2,13
,2016_75254,39.798396,-104.786415,7/14/2016 9:10,9:10,5,0,0,PENA BOULEVARD & 56TH AVENUE EAST,1,1,0,7,3,4,,0,35,0,0,0,0,0,4,1,14
,2016_75257,39.770496,-105.015861,7/23/2016 3:04,3:04,5,0,0,39TH AVENUE WEST & ZUNI STREET NORTH,1,4,0,7,3,1,,0,25,0,0,0,0,1,4,1,5
,2016_75258,39.777975,-104.921197,12/19/2016 8:09,8:09,5,0,0,STAPLETON DRIVE SOUTH & 4200 BLOCK EAST,5,1,0,7,3,4,,0,60,0,0,0,0,0,4,1,14
,2016_75263,39.783744,-104.95701,12/12/2016 1:33,1:33,5,0,0,48TH AVENUE EAST & COLUMBINE STREET NORTH,1,3,1,7,4,1,,0,25,0,0,0,0,0,4,1,16
,2016_75264,39.68934297,-104.9699063,5/12/2016 12:00,12:00,5,0,0,FLORIDA AVENUE & 900 BLOCK WEST,2,1,0,0,3,4,,0,30,0,0,0,0,0,4,1,14
,2016_75269,39.69839645,-104.9611181,9/20/2016 0:30,0:30,6,0,0,TENNESSEE AVENUE & 1900 BLOCK WEST,1,4,0,0,1,4,,0,,0,0,0,0,0,4,2,13
,2016_75270,39.748932,-105.001254,6/29/2016 21:46,21:46,5,0,0,BLAKE STREET & 14TH STREET,1,3,0,0,2,4,,0,30,0,0,0,0,0,4,1,14
,2016_75278,39.7899,-104.885424,7/3/2016 10:00,10:00,6,0,0,XENIA STREET & 50TH PLACE EAST,1,1,0,0,1,4,,0,,0,0,0,0,0,4,2,13
,2016_75279,39.762,-104.912865,4/10/2016 2:50,2:50,5,0,0,MLK BOULEVARD & MONACO STREET NORTH,1,3,0,7,3,1,,0,35,0,0,0,0,0,4,1,14
,2016_75286,39.656664,-104.9044815,1/3/2016 13:08,13:08,6,0,0,GIRARD AVENUE & 800 BLOCK EAST,1,3,1,0,1,4,,0,,0,0,0,0,0,4,2,13
,2016_75287,39.747456,-104.992722,8/28/2016 8:30,8:30,6,0,0,CHAMPA STREET & 17TH STREET,1,3,0,0,1,4,,0,,0,0,0,0,0,4,2,13
,2016_75288,39.778956,-105.015843,12/18/2016 16:32,16:32,5,0,0,ZUNI STREET NORTH & SCOTT PLACE WEST,4,1,0,7,3,1,,0,60,0,0,0,0,0,4,1,16
,2016_75292,39.73383,-104.988843,8/15/2016 11:03,11:03,6,0,0,11TH AVENUE & ACOMA STREET NORTH,1,1,0,0,1,5,,0,,0,0,0,0,0,4,2,13
,2016_75293,39.790566,-104.7467115,9/7/2016 0:05,0:05,6,0,0,LISBON STREET NORTH & 51ST PLACE EAST,1,3,0,0,1,1,,0,,0,0,0,0,0,4,2,13
,2016_75294,39.74001,-104.99202,10/25/2016 15:50,15:50,15,0,0,,1,1,0,0,1,1,,0,30,0,0,0,0,0,4,2,13